metric_family,source_algorithm,target_algorithm,method,group_type,group_level,metric,point_estimate,ci_low,ci_high,bootstrap_success,bootstrap_requested,n_point,target_iqr_point,existing_stage3_point_estimate,abs_diff_vs_stage3,ci_method,note
fullsample_oof_residual,acti,adept,isotonic,overall,all,mae,771.933615618,753.7207819498981,801.3432390089324,300,300,8646,1919.4027944454592,771.933615618,0.0,PSU-in-stratum bootstrap; statistic recomputed with grouped 5-fold OOF isotonic crosswalk for residual metrics.,5-fold grouped OOF isotonic residual on target scale.
fullsample_oof_residual,acti,adept,isotonic,overall,all,rmse,1099.335479049252,1062.989289780464,1154.2760543898055,300,300,8646,1919.4027944454592,1099.335479049252,0.0,PSU-in-stratum bootstrap; statistic recomputed with grouped 5-fold OOF isotonic crosswalk for residual metrics.,5-fold grouped OOF isotonic residual on target scale.
fullsample_oof_residual,acti,adept,isotonic,overall,all,abs_error_p95,2189.7196320314147,2115.1347585798026,2273.6976454882483,300,300,8646,1919.4027944454592,2189.7196320314147,0.0,PSU-in-stratum bootstrap; statistic recomputed with grouped 5-fold OOF isotonic crosswalk for residual metrics.,5-fold grouped OOF isotonic residual on target scale.
fullsample_oof_residual,acti,adept,isotonic,overall,all,mae_per_target_iqr,0.402173852123114,0.3967035421518218,0.4127455326758781,300,300,8646,1919.4027944454592,0.402173852123114,0.0,PSU-in-stratum bootstrap; statistic recomputed with grouped 5-fold OOF isotonic crosswalk for residual metrics.,MAE normalized by target algorithm IQR.
subgroup_curve_divergence,acti,adept,isotonic,age_group,20-39,p95_abs_subgroup_minus_full_predicted_target,239.8099973158828,239.18826919057753,345.59762687243074,300,300,2757,1919.4027944454592,,,PSU-in-stratum bootstrap; statistic recomputed with grouped 5-fold OOF isotonic crosswalk for residual metrics.,Subgroup-specific isotonic curve compared with full-sample curve.
subgroup_curve_divergence,acti,adept,isotonic,age_group,20-39,p95_abs_subgroup_minus_full_predicted_target_over_target_iqr,0.1249399021455353,0.1247129151518018,0.1809004406260035,300,300,2757,1919.4027944454592,,,PSU-in-stratum bootstrap; statistic recomputed with grouped 5-fold OOF isotonic crosswalk for residual metrics.,Subgroup-specific isotonic curve divergence normalized by target IQR.
subgroup_curve_divergence,acti,adept,isotonic,age_group,20-39,max_abs_subgroup_minus_full_predicted_target,405.26900967273014,294.1448079122718,525.3543386275568,300,300,2757,1919.4027944454592,,,PSU-in-stratum bootstrap; statistic recomputed with grouped 5-fold OOF isotonic crosswalk for residual metrics.,Subgroup-specific isotonic curve compared with full-sample curve.
subgroup_curve_divergence,acti,adept,isotonic,age_group,20-39,max_abs_subgroup_minus_full_predicted_target_over_target_iqr,0.2111432841743974,0.1529406181578407,0.2731542063087624,300,300,2757,1919.4027944454592,,,PSU-in-stratum bootstrap; statistic recomputed with grouped 5-fold OOF isotonic crosswalk for residual metrics.,Subgroup-specific isotonic curve divergence normalized by target IQR.
subgroup_curve_divergence,acti,adept,isotonic,age_group,40-59,p95_abs_subgroup_minus_full_predicted_target,237.24767744554924,189.7536201719591,301.8839243689839,300,300,2949,1919.4027944454592,,,PSU-in-stratum bootstrap; statistic recomputed with grouped 5-fold OOF isotonic crosswalk for residual metrics.,Subgroup-specific isotonic curve compared with full-sample curve.
subgroup_curve_divergence,acti,adept,isotonic,age_group,40-59,p95_abs_subgroup_minus_full_predicted_target_over_target_iqr,0.1236049453153438,0.0987569171636357,0.1593191929497904,300,300,2949,1919.4027944454592,,,PSU-in-stratum bootstrap; statistic recomputed with grouped 5-fold OOF isotonic crosswalk for residual metrics.,Subgroup-specific isotonic curve divergence normalized by target IQR.
subgroup_curve_divergence,acti,adept,isotonic,age_group,40-59,max_abs_subgroup_minus_full_predicted_target,355.88521033540655,251.89131339640704,497.77660244475584,300,300,2949,1919.4027944454592,,,PSU-in-stratum bootstrap; statistic recomputed with grouped 5-fold OOF isotonic crosswalk for residual metrics.,Subgroup-specific isotonic curve compared with full-sample curve.
subgroup_curve_divergence,acti,adept,isotonic,age_group,40-59,max_abs_subgroup_minus_full_predicted_target_over_target_iqr,0.1854145525708825,0.1323808325701591,0.2610703748319853,300,300,2949,1919.4027944454592,,,PSU-in-stratum bootstrap; statistic recomputed with grouped 5-fold OOF isotonic crosswalk for residual metrics.,Subgroup-specific isotonic curve divergence normalized by target IQR.
subgroup_curve_divergence,acti,adept,isotonic,age_group,60+,p95_abs_subgroup_minus_full_predicted_target,325.2813972938561,266.2420067470857,503.5203253141612,300,300,2940,1919.4027944454592,,,PSU-in-stratum bootstrap; statistic recomputed with grouped 5-fold OOF isotonic crosswalk for residual metrics.,Subgroup-specific isotonic curve compared with full-sample curve.
subgroup_curve_divergence,acti,adept,isotonic,age_group,60+,p95_abs_subgroup_minus_full_predicted_target_over_target_iqr,0.1694701071787457,0.1395775301157359,0.2603904140998957,300,300,2940,1919.4027944454592,,,PSU-in-stratum bootstrap; statistic recomputed with grouped 5-fold OOF isotonic crosswalk for residual metrics.,Subgroup-specific isotonic curve divergence normalized by target IQR.
subgroup_curve_divergence,acti,adept,isotonic,age_group,60+,max_abs_subgroup_minus_full_predicted_target,384.48212717484193,315.88487452303684,624.3463337046525,300,300,2940,1919.4027944454592,,,PSU-in-stratum bootstrap; statistic recomputed with grouped 5-fold OOF isotonic crosswalk for residual metrics.,Subgroup-specific isotonic curve compared with full-sample curve.
subgroup_curve_divergence,acti,adept,isotonic,age_group,60+,max_abs_subgroup_minus_full_predicted_target_over_target_iqr,0.2003134143013081,0.1646178265040157,0.3267662792561664,300,300,2940,1919.4027944454592,,,PSU-in-stratum bootstrap; statistic recomputed with grouped 5-fold OOF isotonic crosswalk for residual metrics.,Subgroup-specific isotonic curve divergence normalized by target IQR.
subgroup_curve_spread,acti,adept,isotonic,age_group,20-39|40-59|60+,p95_between_subgroup_spread_predicted_target,473.3829961683273,466.5955319709569,733.9570677303744,300,300,8646,1919.4027944454592,,,PSU-in-stratum bootstrap; statistic recomputed with grouped 5-fold OOF isotonic crosswalk for residual metrics.,"At each source-grid point, spread = max subgroup curve - min subgroup curve."
subgroup_curve_spread,acti,adept,isotonic,age_group,20-39|40-59|60+,p95_between_subgroup_spread_predicted_target_over_target_iqr,0.2466303568684205,0.2435569444598176,0.3790249033731298,300,300,8646,1919.4027944454592,,,PSU-in-stratum bootstrap; statistic recomputed with grouped 5-fold OOF isotonic crosswalk for residual metrics.,Between-subgroup curve spread normalized by target IQR.
subgroup_curve_spread,acti,adept,isotonic,age_group,20-39|40-59|60+,max_between_subgroup_spread_predicted_target,543.9520503726603,525.5547534606202,897.4059170147132,300,300,8646,1919.4027944454592,,,PSU-in-stratum bootstrap; statistic recomputed with grouped 5-fold OOF isotonic crosswalk for residual metrics.,"At each source-grid point, spread = max subgroup curve - min subgroup curve."
subgroup_curve_spread,acti,adept,isotonic,age_group,20-39|40-59|60+,max_between_subgroup_spread_predicted_target_over_target_iqr,0.283396508511292,0.2746098538158035,0.4667754981614848,300,300,8646,1919.4027944454592,,,PSU-in-stratum bootstrap; statistic recomputed with grouped 5-fold OOF isotonic crosswalk for residual metrics.,Between-subgroup curve spread normalized by target IQR.
subgroup_curve_divergence,acti,adept,isotonic,sex,male,p95_abs_subgroup_minus_full_predicted_target,340.25757233786726,319.1350782937239,419.4293777608475,300,300,4161,1919.4027944454592,,,PSU-in-stratum bootstrap; statistic recomputed with grouped 5-fold OOF isotonic crosswalk for residual metrics.,Subgroup-specific isotonic curve compared with full-sample curve.
subgroup_curve_divergence,acti,adept,isotonic,sex,male,p95_abs_subgroup_minus_full_predicted_target_over_target_iqr,0.177272625278308,0.1656860276458711,0.2159139239286525,300,300,4161,1919.4027944454592,,,PSU-in-stratum bootstrap; statistic recomputed with grouped 5-fold OOF isotonic crosswalk for residual metrics.,Subgroup-specific isotonic curve divergence normalized by target IQR.
subgroup_curve_divergence,acti,adept,isotonic,sex,male,max_abs_subgroup_minus_full_predicted_target,424.00671355877057,369.83919041049467,637.1598572595918,300,300,4161,1919.4027944454592,,,PSU-in-stratum bootstrap; statistic recomputed with grouped 5-fold OOF isotonic crosswalk for residual metrics.,Subgroup-specific isotonic curve compared with full-sample curve.
subgroup_curve_divergence,acti,adept,isotonic,sex,male,max_abs_subgroup_minus_full_predicted_target_over_target_iqr,0.2209055414453909,0.1932990902182141,0.3300452510198476,300,300,4161,1919.4027944454592,,,PSU-in-stratum bootstrap; statistic recomputed with grouped 5-fold OOF isotonic crosswalk for residual metrics.,Subgroup-specific isotonic curve divergence normalized by target IQR.
subgroup_curve_divergence,acti,adept,isotonic,sex,female,p95_abs_subgroup_minus_full_predicted_target,306.05939915517274,293.3767875903807,469.4424580234356,300,300,4485,1919.4027944454592,,,PSU-in-stratum bootstrap; statistic recomputed with grouped 5-fold OOF isotonic crosswalk for residual metrics.,Subgroup-specific isotonic curve compared with full-sample curve.
subgroup_curve_divergence,acti,adept,isotonic,sex,female,p95_abs_subgroup_minus_full_predicted_target_over_target_iqr,0.1594555348366038,0.1533343691261766,0.248851367135513,300,300,4485,1919.4027944454592,,,PSU-in-stratum bootstrap; statistic recomputed with grouped 5-fold OOF isotonic crosswalk for residual metrics.,Subgroup-specific isotonic curve divergence normalized by target IQR.
subgroup_curve_divergence,acti,adept,isotonic,sex,female,max_abs_subgroup_minus_full_predicted_target,439.5770035480991,364.514147752019,681.4746544992896,300,300,4485,1919.4027944454592,,,PSU-in-stratum bootstrap; statistic recomputed with grouped 5-fold OOF isotonic crosswalk for residual metrics.,Subgroup-specific isotonic curve compared with full-sample curve.
subgroup_curve_divergence,acti,adept,isotonic,sex,female,max_abs_subgroup_minus_full_predicted_target_over_target_iqr,0.2290175906902848,0.1873626091734059,0.3593630756065305,300,300,4485,1919.4027944454592,,,PSU-in-stratum bootstrap; statistic recomputed with grouped 5-fold OOF isotonic crosswalk for residual metrics.,Subgroup-specific isotonic curve divergence normalized by target IQR.
subgroup_curve_spread,acti,adept,isotonic,sex,male|female,p95_between_subgroup_spread_predicted_target,627.3309929838033,587.2767981959882,821.2434245035087,300,300,8646,1919.4027944454592,,,PSU-in-stratum bootstrap; statistic recomputed with grouped 5-fold OOF isotonic crosswalk for residual metrics.,"At each source-grid point, spread = max subgroup curve - min subgroup curve."
subgroup_curve_spread,acti,adept,isotonic,sex,male|female,p95_between_subgroup_spread_predicted_target_over_target_iqr,0.326836552910744,0.3074865699077881,0.4315905509754142,300,300,8646,1919.4027944454592,,,PSU-in-stratum bootstrap; statistic recomputed with grouped 5-fold OOF isotonic crosswalk for residual metrics.,Between-subgroup curve spread normalized by target IQR.
subgroup_curve_spread,acti,adept,isotonic,sex,male|female,max_between_subgroup_spread_predicted_target,714.8470285911394,680.0784971608649,1026.4305485772527,300,300,8646,1919.4027944454592,,,PSU-in-stratum bootstrap; statistic recomputed with grouped 5-fold OOF isotonic crosswalk for residual metrics.,"At each source-grid point, spread = max subgroup curve - min subgroup curve."
subgroup_curve_spread,acti,adept,isotonic,sex,male|female,max_between_subgroup_spread_predicted_target_over_target_iqr,0.3724320036731363,0.3590887591772219,0.536623922163051,300,300,8646,1919.4027944454592,,,PSU-in-stratum bootstrap; statistic recomputed with grouped 5-fold OOF isotonic crosswalk for residual metrics.,Between-subgroup curve spread normalized by target IQR.
subgroup_curve_divergence,acti,adept,isotonic,bmi_group,<25,p95_abs_subgroup_minus_full_predicted_target,298.8678132981072,226.9208903560634,372.6855706433279,300,300,2572,1919.4027944454592,,,PSU-in-stratum bootstrap; statistic recomputed with grouped 5-fold OOF isotonic crosswalk for residual metrics.,Subgroup-specific isotonic curve compared with full-sample curve.
subgroup_curve_divergence,acti,adept,isotonic,bmi_group,<25,p95_abs_subgroup_minus_full_predicted_target_over_target_iqr,0.1557087517862315,0.1184585507652093,0.1951541633256469,300,300,2572,1919.4027944454592,,,PSU-in-stratum bootstrap; statistic recomputed with grouped 5-fold OOF isotonic crosswalk for residual metrics.,Subgroup-specific isotonic curve divergence normalized by target IQR.
subgroup_curve_divergence,acti,adept,isotonic,bmi_group,<25,max_abs_subgroup_minus_full_predicted_target,303.7027297701543,272.6183259324426,494.480343491651,300,300,2572,1919.4027944454592,,,PSU-in-stratum bootstrap; statistic recomputed with grouped 5-fold OOF isotonic crosswalk for residual metrics.,Subgroup-specific isotonic curve compared with full-sample curve.
subgroup_curve_divergence,acti,adept,isotonic,bmi_group,<25,max_abs_subgroup_minus_full_predicted_target_over_target_iqr,0.1582277209604136,0.1423354682854309,0.2615983552147301,300,300,2572,1919.4027944454592,,,PSU-in-stratum bootstrap; statistic recomputed with grouped 5-fold OOF isotonic crosswalk for residual metrics.,Subgroup-specific isotonic curve divergence normalized by target IQR.
subgroup_curve_divergence,acti,adept,isotonic,bmi_group,25-<30,p95_abs_subgroup_minus_full_predicted_target,207.00728644470655,192.57775659512532,386.86871160312256,300,300,2741,1919.4027944454592,,,PSU-in-stratum bootstrap; statistic recomputed with grouped 5-fold OOF isotonic crosswalk for residual metrics.,Subgroup-specific isotonic curve compared with full-sample curve.
subgroup_curve_divergence,acti,adept,isotonic,bmi_group,25-<30,p95_abs_subgroup_minus_full_predicted_target_over_target_iqr,0.1078498411296278,0.0994866435819805,0.2030978379729427,300,300,2741,1919.4027944454592,,,PSU-in-stratum bootstrap; statistic recomputed with grouped 5-fold OOF isotonic crosswalk for residual metrics.,Subgroup-specific isotonic curve divergence normalized by target IQR.
subgroup_curve_divergence,acti,adept,isotonic,bmi_group,25-<30,max_abs_subgroup_minus_full_predicted_target,262.3710050423683,252.2862402160467,571.2936158284537,300,300,2741,1919.4027944454592,,,PSU-in-stratum bootstrap; statistic recomputed with grouped 5-fold OOF isotonic crosswalk for residual metrics.,Subgroup-specific isotonic curve compared with full-sample curve.
subgroup_curve_divergence,acti,adept,isotonic,bmi_group,25-<30,max_abs_subgroup_minus_full_predicted_target_over_target_iqr,0.1366940830771118,0.131544446046118,0.2983170713340022,300,300,2741,1919.4027944454592,,,PSU-in-stratum bootstrap; statistic recomputed with grouped 5-fold OOF isotonic crosswalk for residual metrics.,Subgroup-specific isotonic curve divergence normalized by target IQR.
subgroup_curve_divergence,acti,adept,isotonic,bmi_group,>=30,p95_abs_subgroup_minus_full_predicted_target,354.15543668776763,286.116633015818,467.5777497251318,300,300,3246,1919.4027944454592,,,PSU-in-stratum bootstrap; statistic recomputed with grouped 5-fold OOF isotonic crosswalk for residual metrics.,Subgroup-specific isotonic curve compared with full-sample curve.
subgroup_curve_divergence,acti,adept,isotonic,bmi_group,>=30,p95_abs_subgroup_minus_full_predicted_target_over_target_iqr,0.1845133484814414,0.1494144458540251,0.2404363051793658,300,300,3246,1919.4027944454592,,,PSU-in-stratum bootstrap; statistic recomputed with grouped 5-fold OOF isotonic crosswalk for residual metrics.,Subgroup-specific isotonic curve divergence normalized by target IQR.
subgroup_curve_divergence,acti,adept,isotonic,bmi_group,>=30,max_abs_subgroup_minus_full_predicted_target,442.5844711534246,361.2616542342712,593.2119016102719,300,300,3246,1919.4027944454592,,,PSU-in-stratum bootstrap; statistic recomputed with grouped 5-fold OOF isotonic crosswalk for residual metrics.,Subgroup-specific isotonic curve compared with full-sample curve.
subgroup_curve_divergence,acti,adept,isotonic,bmi_group,>=30,max_abs_subgroup_minus_full_predicted_target_over_target_iqr,0.2305844674365461,0.1875312062043437,0.3080354616131705,300,300,3246,1919.4027944454592,,,PSU-in-stratum bootstrap; statistic recomputed with grouped 5-fold OOF isotonic crosswalk for residual metrics.,Subgroup-specific isotonic curve divergence normalized by target IQR.
subgroup_curve_spread,acti,adept,isotonic,bmi_group,<25|25-<30|>=30,p95_between_subgroup_spread_predicted_target,577.2258099531346,523.4294443491393,765.0702911819877,300,300,8559,1919.4027944454592,,,PSU-in-stratum bootstrap; statistic recomputed with grouped 5-fold OOF isotonic crosswalk for residual metrics.,"At each source-grid point, spread = max subgroup curve - min subgroup curve."
subgroup_curve_spread,acti,adept,isotonic,bmi_group,<25|25-<30|>=30,p95_between_subgroup_spread_predicted_target_over_target_iqr,0.3007319837313786,0.2733642723795232,0.4036011970472776,300,300,8559,1919.4027944454592,,,PSU-in-stratum bootstrap; statistic recomputed with grouped 5-fold OOF isotonic crosswalk for residual metrics.,Between-subgroup curve spread normalized by target IQR.
subgroup_curve_spread,acti,adept,isotonic,bmi_group,<25|25-<30|>=30,max_between_subgroup_spread_predicted_target,691.1359074570855,598.0910858471549,935.996131709375,300,300,8559,1919.4027944454592,,,PSU-in-stratum bootstrap; statistic recomputed with grouped 5-fold OOF isotonic crosswalk for residual metrics.,"At each source-grid point, spread = max subgroup curve - min subgroup curve."
subgroup_curve_spread,acti,adept,isotonic,bmi_group,<25|25-<30|>=30,max_between_subgroup_spread_predicted_target_over_target_iqr,0.360078618962709,0.3099541471696933,0.4938592399075057,300,300,8559,1919.4027944454592,,,PSU-in-stratum bootstrap; statistic recomputed with grouped 5-fold OOF isotonic crosswalk for residual metrics.,Between-subgroup curve spread normalized by target IQR.
fullsample_oof_residual,acti,oak,isotonic,overall,all,mae,1117.0298552942616,1100.1073074702267,1140.1824486563244,300,300,8646,6887.578571428576,1117.0298552942616,0.0,PSU-in-stratum bootstrap; statistic recomputed with grouped 5-fold OOF isotonic crosswalk for residual metrics.,5-fold grouped OOF isotonic residual on target scale.
fullsample_oof_residual,acti,oak,isotonic,overall,all,rmse,1487.6226385384807,1458.0661814565356,1522.6775465174546,300,300,8646,6887.578571428576,1487.6226385384807,0.0,PSU-in-stratum bootstrap; statistic recomputed with grouped 5-fold OOF isotonic crosswalk for residual metrics.,5-fold grouped OOF isotonic residual on target scale.
fullsample_oof_residual,acti,oak,isotonic,overall,all,abs_error_p95,2945.302353323755,2889.6366922044804,3023.7347159300502,300,300,8646,6887.578571428576,2945.302353323755,0.0,PSU-in-stratum bootstrap; statistic recomputed with grouped 5-fold OOF isotonic crosswalk for residual metrics.,5-fold grouped OOF isotonic residual on target scale.
fullsample_oof_residual,acti,oak,isotonic,overall,all,mae_per_target_iqr,0.1621803430204026,0.1585249893326079,0.1660207265406282,300,300,8646,6887.578571428576,0.1621803430204026,0.0,PSU-in-stratum bootstrap; statistic recomputed with grouped 5-fold OOF isotonic crosswalk for residual metrics.,MAE normalized by target algorithm IQR.
subgroup_curve_divergence,acti,oak,isotonic,age_group,20-39,p95_abs_subgroup_minus_full_predicted_target,1031.5696749226,904.2764628178044,1189.4390935653068,300,300,2757,6887.578571428576,,,PSU-in-stratum bootstrap; statistic recomputed with grouped 5-fold OOF isotonic crosswalk for residual metrics.,Subgroup-specific isotonic curve compared with full-sample curve.
subgroup_curve_divergence,acti,oak,isotonic,age_group,20-39,p95_abs_subgroup_minus_full_predicted_target_over_target_iqr,0.1497724728980679,0.1307382145483958,0.171441576105847,300,300,2757,6887.578571428576,,,PSU-in-stratum bootstrap; statistic recomputed with grouped 5-fold OOF isotonic crosswalk for residual metrics.,Subgroup-specific isotonic curve divergence normalized by target IQR.
subgroup_curve_divergence,acti,oak,isotonic,age_group,20-39,max_abs_subgroup_minus_full_predicted_target,1299.742385665017,1156.0122140679548,1526.545620510377,300,300,2757,6887.578571428576,,,PSU-in-stratum bootstrap; statistic recomputed with grouped 5-fold OOF isotonic crosswalk for residual metrics.,Subgroup-specific isotonic curve compared with full-sample curve.
subgroup_curve_divergence,acti,oak,isotonic,age_group,20-39,max_abs_subgroup_minus_full_predicted_target_over_target_iqr,0.1887081754764553,0.1687384271958682,0.2205187556040116,300,300,2757,6887.578571428576,,,PSU-in-stratum bootstrap; statistic recomputed with grouped 5-fold OOF isotonic crosswalk for residual metrics.,Subgroup-specific isotonic curve divergence normalized by target IQR.
subgroup_curve_divergence,acti,oak,isotonic,age_group,40-59,p95_abs_subgroup_minus_full_predicted_target,624.266719525649,500.0842226846251,835.2441138682066,300,300,2949,6887.578571428576,,,PSU-in-stratum bootstrap; statistic recomputed with grouped 5-fold OOF isotonic crosswalk for residual metrics.,Subgroup-specific isotonic curve compared with full-sample curve.
subgroup_curve_divergence,acti,oak,isotonic,age_group,40-59,p95_abs_subgroup_minus_full_predicted_target_over_target_iqr,0.0906366022618262,0.0729005107702132,0.1215948649422608,300,300,2949,6887.578571428576,,,PSU-in-stratum bootstrap; statistic recomputed with grouped 5-fold OOF isotonic crosswalk for residual metrics.,Subgroup-specific isotonic curve divergence normalized by target IQR.
subgroup_curve_divergence,acti,oak,isotonic,age_group,40-59,max_abs_subgroup_minus_full_predicted_target,1104.6979583333332,700.2295224737816,1322.1200217824146,300,300,2949,6887.578571428576,,,PSU-in-stratum bootstrap; statistic recomputed with grouped 5-fold OOF isotonic crosswalk for residual metrics.,Subgroup-specific isotonic curve compared with full-sample curve.
subgroup_curve_divergence,acti,oak,isotonic,age_group,40-59,max_abs_subgroup_minus_full_predicted_target_over_target_iqr,0.1603898883877565,0.1024255124297805,0.1889877367167968,300,300,2949,6887.578571428576,,,PSU-in-stratum bootstrap; statistic recomputed with grouped 5-fold OOF isotonic crosswalk for residual metrics.,Subgroup-specific isotonic curve divergence normalized by target IQR.
subgroup_curve_divergence,acti,oak,isotonic,age_group,60+,p95_abs_subgroup_minus_full_predicted_target,1121.2684042809087,992.8371356075866,1412.0545033422818,300,300,2940,6887.578571428576,,,PSU-in-stratum bootstrap; statistic recomputed with grouped 5-fold OOF isotonic crosswalk for residual metrics.,Subgroup-specific isotonic curve compared with full-sample curve.
subgroup_curve_divergence,acti,oak,isotonic,age_group,60+,p95_abs_subgroup_minus_full_predicted_target_over_target_iqr,0.1627957333121708,0.1434909861895797,0.2050756906879606,300,300,2940,6887.578571428576,,,PSU-in-stratum bootstrap; statistic recomputed with grouped 5-fold OOF isotonic crosswalk for residual metrics.,Subgroup-specific isotonic curve divergence normalized by target IQR.
subgroup_curve_divergence,acti,oak,isotonic,age_group,60+,max_abs_subgroup_minus_full_predicted_target,1537.023121982802,1287.053079861604,2197.719688357112,300,300,2940,6887.578571428576,,,PSU-in-stratum bootstrap; statistic recomputed with grouped 5-fold OOF isotonic crosswalk for residual metrics.,Subgroup-specific isotonic curve compared with full-sample curve.
subgroup_curve_divergence,acti,oak,isotonic,age_group,60+,max_abs_subgroup_minus_full_predicted_target_over_target_iqr,0.2231587060739697,0.1861412966612887,0.3166752025943151,300,300,2940,6887.578571428576,,,PSU-in-stratum bootstrap; statistic recomputed with grouped 5-fold OOF isotonic crosswalk for residual metrics.,Subgroup-specific isotonic curve divergence normalized by target IQR.
subgroup_curve_spread,acti,oak,isotonic,age_group,20-39|40-59|60+,p95_between_subgroup_spread_predicted_target,1668.4306058673392,1635.2469310006456,2025.556681068692,300,300,8646,6887.578571428576,,,PSU-in-stratum bootstrap; statistic recomputed with grouped 5-fold OOF isotonic crosswalk for residual metrics.,"At each source-grid point, spread = max subgroup curve - min subgroup curve."
subgroup_curve_spread,acti,oak,isotonic,age_group,20-39|40-59|60+,p95_between_subgroup_spread_predicted_target_over_target_iqr,0.2422376149418335,0.2373500294300296,0.2951605507707734,300,300,8646,6887.578571428576,,,PSU-in-stratum bootstrap; statistic recomputed with grouped 5-fold OOF isotonic crosswalk for residual metrics.,Between-subgroup curve spread normalized by target IQR.
subgroup_curve_spread,acti,oak,isotonic,age_group,20-39|40-59|60+,max_between_subgroup_spread_predicted_target,2028.7322504915685,1907.6602984552403,2769.415987083966,300,300,8646,6887.578571428576,,,PSU-in-stratum bootstrap; statistic recomputed with grouped 5-fold OOF isotonic crosswalk for residual metrics.,"At each source-grid point, spread = max subgroup curve - min subgroup curve."
subgroup_curve_spread,acti,oak,isotonic,age_group,20-39|40-59|60+,max_between_subgroup_spread_predicted_target_over_target_iqr,0.2945494166712326,0.2807223626281299,0.4032189453357666,300,300,8646,6887.578571428576,,,PSU-in-stratum bootstrap; statistic recomputed with grouped 5-fold OOF isotonic crosswalk for residual metrics.,Between-subgroup curve spread normalized by target IQR.
subgroup_curve_divergence,acti,oak,isotonic,sex,male,p95_abs_subgroup_minus_full_predicted_target,349.17643363729076,280.6414960952442,504.7734959973614,300,300,4161,6887.578571428576,,,PSU-in-stratum bootstrap; statistic recomputed with grouped 5-fold OOF isotonic crosswalk for residual metrics.,Subgroup-specific isotonic curve compared with full-sample curve.
subgroup_curve_divergence,acti,oak,isotonic,sex,male,p95_abs_subgroup_minus_full_predicted_target_over_target_iqr,0.0506965445135919,0.0410116849086273,0.0730198648076259,300,300,4161,6887.578571428576,,,PSU-in-stratum bootstrap; statistic recomputed with grouped 5-fold OOF isotonic crosswalk for residual metrics.,Subgroup-specific isotonic curve divergence normalized by target IQR.
subgroup_curve_divergence,acti,oak,isotonic,sex,male,max_abs_subgroup_minus_full_predicted_target,590.2034823022223,383.5413305733244,831.9884750942265,300,300,4161,6887.578571428576,,,PSU-in-stratum bootstrap; statistic recomputed with grouped 5-fold OOF isotonic crosswalk for residual metrics.,Subgroup-specific isotonic curve compared with full-sample curve.
subgroup_curve_divergence,acti,oak,isotonic,sex,male,max_abs_subgroup_minus_full_predicted_target_over_target_iqr,0.0856909981035332,0.056340556043448,0.1211507973518807,300,300,4161,6887.578571428576,,,PSU-in-stratum bootstrap; statistic recomputed with grouped 5-fold OOF isotonic crosswalk for residual metrics.,Subgroup-specific isotonic curve divergence normalized by target IQR.
subgroup_curve_divergence,acti,oak,isotonic,sex,female,p95_abs_subgroup_minus_full_predicted_target,300.62347023809343,289.4789308800213,572.8679928713788,300,300,4485,6887.578571428576,,,PSU-in-stratum bootstrap; statistic recomputed with grouped 5-fold OOF isotonic crosswalk for residual metrics.,Subgroup-specific isotonic curve compared with full-sample curve.
subgroup_curve_divergence,acti,oak,isotonic,sex,female,p95_abs_subgroup_minus_full_predicted_target_over_target_iqr,0.0436471928589179,0.041989805992417,0.0825199025753949,300,300,4485,6887.578571428576,,,PSU-in-stratum bootstrap; statistic recomputed with grouped 5-fold OOF isotonic crosswalk for residual metrics.,Subgroup-specific isotonic curve divergence normalized by target IQR.
subgroup_curve_divergence,acti,oak,isotonic,sex,female,max_abs_subgroup_minus_full_predicted_target,453.89678505290794,449.63179072369064,977.3341507528374,300,300,4485,6887.578571428576,,,PSU-in-stratum bootstrap; statistic recomputed with grouped 5-fold OOF isotonic crosswalk for residual metrics.,Subgroup-specific isotonic curve compared with full-sample curve.
subgroup_curve_divergence,acti,oak,isotonic,sex,female,max_abs_subgroup_minus_full_predicted_target_over_target_iqr,0.065900777805394,0.065370317769591,0.142396719410897,300,300,4485,6887.578571428576,,,PSU-in-stratum bootstrap; statistic recomputed with grouped 5-fold OOF isotonic crosswalk for residual metrics.,Subgroup-specific isotonic curve divergence normalized by target IQR.
subgroup_curve_spread,acti,oak,isotonic,sex,male|female,p95_between_subgroup_spread_predicted_target,578.676241622572,525.6724697352719,987.928196655298,300,300,8646,6887.578571428576,,,PSU-in-stratum bootstrap; statistic recomputed with grouped 5-fold OOF isotonic crosswalk for residual metrics.,"At each source-grid point, spread = max subgroup curve - min subgroup curve."
subgroup_curve_spread,acti,oak,isotonic,sex,male|female,p95_between_subgroup_spread_predicted_target_over_target_iqr,0.0840173706363319,0.0760303970592528,0.144211125556332,300,300,8646,6887.578571428576,,,PSU-in-stratum bootstrap; statistic recomputed with grouped 5-fold OOF isotonic crosswalk for residual metrics.,Between-subgroup curve spread normalized by target IQR.
subgroup_curve_spread,acti,oak,isotonic,sex,male|female,max_between_subgroup_spread_predicted_target,1044.1002673551302,727.8380993514445,1446.425432615953,300,300,8646,6887.578571428576,,,PSU-in-stratum bootstrap; statistic recomputed with grouped 5-fold OOF isotonic crosswalk for residual metrics.,"At each source-grid point, spread = max subgroup curve - min subgroup curve."
subgroup_curve_spread,acti,oak,isotonic,sex,male|female,max_between_subgroup_spread_predicted_target_over_target_iqr,0.1515917759089272,0.1039389078250658,0.210433324484441,300,300,8646,6887.578571428576,,,PSU-in-stratum bootstrap; statistic recomputed with grouped 5-fold OOF isotonic crosswalk for residual metrics.,Between-subgroup curve spread normalized by target IQR.
subgroup_curve_divergence,acti,oak,isotonic,bmi_group,<25,p95_abs_subgroup_minus_full_predicted_target,479.5944042012434,373.7593086486021,586.1644073839061,300,300,2572,6887.578571428576,,,PSU-in-stratum bootstrap; statistic recomputed with grouped 5-fold OOF isotonic crosswalk for residual metrics.,Subgroup-specific isotonic curve compared with full-sample curve.
subgroup_curve_divergence,acti,oak,isotonic,bmi_group,<25,p95_abs_subgroup_minus_full_predicted_target_over_target_iqr,0.0696317870246479,0.0542876643643078,0.0846179199705477,300,300,2572,6887.578571428576,,,PSU-in-stratum bootstrap; statistic recomputed with grouped 5-fold OOF isotonic crosswalk for residual metrics.,Subgroup-specific isotonic curve divergence normalized by target IQR.
subgroup_curve_divergence,acti,oak,isotonic,bmi_group,<25,max_abs_subgroup_minus_full_predicted_target,610.1426625525382,478.5027482034892,1024.3255105426715,300,300,2572,6887.578571428576,,,PSU-in-stratum bootstrap; statistic recomputed with grouped 5-fold OOF isotonic crosswalk for residual metrics.,Subgroup-specific isotonic curve compared with full-sample curve.
subgroup_curve_divergence,acti,oak,isotonic,bmi_group,<25,max_abs_subgroup_minus_full_predicted_target_over_target_iqr,0.0885859458770553,0.0698241103674249,0.1466142274611111,300,300,2572,6887.578571428576,,,PSU-in-stratum bootstrap; statistic recomputed with grouped 5-fold OOF isotonic crosswalk for residual metrics.,Subgroup-specific isotonic curve divergence normalized by target IQR.
subgroup_curve_divergence,acti,oak,isotonic,bmi_group,25-<30,p95_abs_subgroup_minus_full_predicted_target,345.62477264823247,325.64464556055407,539.8801342011348,300,300,2741,6887.578571428576,,,PSU-in-stratum bootstrap; statistic recomputed with grouped 5-fold OOF isotonic crosswalk for residual metrics.,Subgroup-specific isotonic curve compared with full-sample curve.
subgroup_curve_divergence,acti,oak,isotonic,bmi_group,25-<30,p95_abs_subgroup_minus_full_predicted_target_over_target_iqr,0.0501808827389602,0.0473161314504001,0.0782344404532184,300,300,2741,6887.578571428576,,,PSU-in-stratum bootstrap; statistic recomputed with grouped 5-fold OOF isotonic crosswalk for residual metrics.,Subgroup-specific isotonic curve divergence normalized by target IQR.
subgroup_curve_divergence,acti,oak,isotonic,bmi_group,25-<30,max_abs_subgroup_minus_full_predicted_target,510.2865078496943,435.7011018752109,902.0596174644512,300,300,2741,6887.578571428576,,,PSU-in-stratum bootstrap; statistic recomputed with grouped 5-fold OOF isotonic crosswalk for residual metrics.,Subgroup-specific isotonic curve compared with full-sample curve.
subgroup_curve_divergence,acti,oak,isotonic,bmi_group,25-<30,max_abs_subgroup_minus_full_predicted_target_over_target_iqr,0.0740879399861211,0.0627271372239828,0.1302082945541533,300,300,2741,6887.578571428576,,,PSU-in-stratum bootstrap; statistic recomputed with grouped 5-fold OOF isotonic crosswalk for residual metrics.,Subgroup-specific isotonic curve divergence normalized by target IQR.
subgroup_curve_divergence,acti,oak,isotonic,bmi_group,>=30,p95_abs_subgroup_minus_full_predicted_target,530.7292625661394,393.9664538411456,755.8138532054796,300,300,3246,6887.578571428576,,,PSU-in-stratum bootstrap; statistic recomputed with grouped 5-fold OOF isotonic crosswalk for residual metrics.,Subgroup-specific isotonic curve compared with full-sample curve.
subgroup_curve_divergence,acti,oak,isotonic,bmi_group,>=30,p95_abs_subgroup_minus_full_predicted_target_over_target_iqr,0.0770560011856328,0.0572610260388597,0.1110387612851577,300,300,3246,6887.578571428576,,,PSU-in-stratum bootstrap; statistic recomputed with grouped 5-fold OOF isotonic crosswalk for residual metrics.,Subgroup-specific isotonic curve divergence normalized by target IQR.
subgroup_curve_divergence,acti,oak,isotonic,bmi_group,>=30,max_abs_subgroup_minus_full_predicted_target,989.2808783783804,590.9263805972525,1302.9444004065056,300,300,3246,6887.578571428576,,,PSU-in-stratum bootstrap; statistic recomputed with grouped 5-fold OOF isotonic crosswalk for residual metrics.,Subgroup-specific isotonic curve compared with full-sample curve.
subgroup_curve_divergence,acti,oak,isotonic,bmi_group,>=30,max_abs_subgroup_minus_full_predicted_target_over_target_iqr,0.1436326087780934,0.0856561060552334,0.1887644970003664,300,300,3246,6887.578571428576,,,PSU-in-stratum bootstrap; statistic recomputed with grouped 5-fold OOF isotonic crosswalk for residual metrics.,Subgroup-specific isotonic curve divergence normalized by target IQR.
subgroup_curve_spread,acti,oak,isotonic,bmi_group,<25|25-<30|>=30,p95_between_subgroup_spread_predicted_target,871.3318457003679,743.3527968079082,1172.606422171412,300,300,8559,6887.578571428576,,,PSU-in-stratum bootstrap; statistic recomputed with grouped 5-fold OOF isotonic crosswalk for residual metrics.,"At each source-grid point, spread = max subgroup curve - min subgroup curve."
subgroup_curve_spread,acti,oak,isotonic,bmi_group,<25|25-<30|>=30,p95_between_subgroup_spread_predicted_target_over_target_iqr,0.1265077177217075,0.1083852004532576,0.1712048695316388,300,300,8559,6887.578571428576,,,PSU-in-stratum bootstrap; statistic recomputed with grouped 5-fold OOF isotonic crosswalk for residual metrics.,Between-subgroup curve spread normalized by target IQR.
subgroup_curve_spread,acti,oak,isotonic,bmi_group,<25|25-<30|>=30,max_between_subgroup_spread_predicted_target,1510.8951046176044,1017.191928022353,1916.9245135467904,300,300,8559,6887.578571428576,,,PSU-in-stratum bootstrap; statistic recomputed with grouped 5-fold OOF isotonic crosswalk for residual metrics.,"At each source-grid point, spread = max subgroup curve - min subgroup curve."
subgroup_curve_spread,acti,oak,isotonic,bmi_group,<25|25-<30|>=30,max_between_subgroup_spread_predicted_target_over_target_iqr,0.2193652078083262,0.1475702267755035,0.2783406203656556,300,300,8559,6887.578571428576,,,PSU-in-stratum bootstrap; statistic recomputed with grouped 5-fold OOF isotonic crosswalk for residual metrics.,Between-subgroup curve spread normalized by target IQR.
fullsample_oof_residual,acti,scrf,isotonic,overall,all,mae,1544.1642683880766,1523.4684988264312,1578.112394100117,300,300,8646,7482.482142857143,1544.1642683880766,0.0,PSU-in-stratum bootstrap; statistic recomputed with grouped 5-fold OOF isotonic crosswalk for residual metrics.,5-fold grouped OOF isotonic residual on target scale.
fullsample_oof_residual,acti,scrf,isotonic,overall,all,rmse,2123.4886819198305,2090.410398298509,2183.8725632283304,300,300,8646,7482.482142857143,2123.4886819198305,0.0,PSU-in-stratum bootstrap; statistic recomputed with grouped 5-fold OOF isotonic crosswalk for residual metrics.,5-fold grouped OOF isotonic residual on target scale.
fullsample_oof_residual,acti,scrf,isotonic,overall,all,abs_error_p95,4251.967760373155,4184.3054102079805,4393.187086234593,300,300,8646,7482.482142857143,4251.967760373155,0.0,PSU-in-stratum bootstrap; statistic recomputed with grouped 5-fold OOF isotonic crosswalk for residual metrics.,5-fold grouped OOF isotonic residual on target scale.
fullsample_oof_residual,acti,scrf,isotonic,overall,all,mae_per_target_iqr,0.2063705918579641,0.2021498519078155,0.2118809184177428,300,300,8646,7482.482142857143,0.2063705918579641,0.0,PSU-in-stratum bootstrap; statistic recomputed with grouped 5-fold OOF isotonic crosswalk for residual metrics.,MAE normalized by target algorithm IQR.
subgroup_curve_divergence,acti,scrf,isotonic,age_group,20-39,p95_abs_subgroup_minus_full_predicted_target,1119.1481126596964,962.202170608576,1283.926922016156,300,300,2757,7482.482142857143,,,PSU-in-stratum bootstrap; statistic recomputed with grouped 5-fold OOF isotonic crosswalk for residual metrics.,Subgroup-specific isotonic curve compared with full-sample curve.
subgroup_curve_divergence,acti,scrf,isotonic,age_group,20-39,p95_abs_subgroup_minus_full_predicted_target_over_target_iqr,0.1495690990359458,0.1288528767342577,0.1714005009242399,300,300,2757,7482.482142857143,,,PSU-in-stratum bootstrap; statistic recomputed with grouped 5-fold OOF isotonic crosswalk for residual metrics.,Subgroup-specific isotonic curve divergence normalized by target IQR.
subgroup_curve_divergence,acti,scrf,isotonic,age_group,20-39,max_abs_subgroup_minus_full_predicted_target,1715.686521181001,1195.7155822529603,1827.071799091872,300,300,2757,7482.482142857143,,,PSU-in-stratum bootstrap; statistic recomputed with grouped 5-fold OOF isotonic crosswalk for residual metrics.,Subgroup-specific isotonic curve compared with full-sample curve.
subgroup_curve_divergence,acti,scrf,isotonic,age_group,20-39,max_abs_subgroup_minus_full_predicted_target_over_target_iqr,0.2292937675526313,0.1605249612352433,0.2454291209216512,300,300,2757,7482.482142857143,,,PSU-in-stratum bootstrap; statistic recomputed with grouped 5-fold OOF isotonic crosswalk for residual metrics.,Subgroup-specific isotonic curve divergence normalized by target IQR.
subgroup_curve_divergence,acti,scrf,isotonic,age_group,40-59,p95_abs_subgroup_minus_full_predicted_target,654.3226297217197,558.3402188818397,879.5271784198411,300,300,2949,7482.482142857143,,,PSU-in-stratum bootstrap; statistic recomputed with grouped 5-fold OOF isotonic crosswalk for residual metrics.,Subgroup-specific isotonic curve compared with full-sample curve.
subgroup_curve_divergence,acti,scrf,isotonic,age_group,40-59,p95_abs_subgroup_minus_full_predicted_target_over_target_iqr,0.0874472691319875,0.0736069861417621,0.1169345765104176,300,300,2949,7482.482142857143,,,PSU-in-stratum bootstrap; statistic recomputed with grouped 5-fold OOF isotonic crosswalk for residual metrics.,Subgroup-specific isotonic curve divergence normalized by target IQR.
subgroup_curve_divergence,acti,scrf,isotonic,age_group,40-59,max_abs_subgroup_minus_full_predicted_target,906.3634176587292,735.4066072427083,1352.3306366155557,300,300,2949,7482.482142857143,,,PSU-in-stratum bootstrap; statistic recomputed with grouped 5-fold OOF isotonic crosswalk for residual metrics.,Subgroup-specific isotonic curve compared with full-sample curve.
subgroup_curve_divergence,acti,scrf,isotonic,age_group,40-59,max_abs_subgroup_minus_full_predicted_target_over_target_iqr,0.1211313839918687,0.0983248341556927,0.1800919395905822,300,300,2949,7482.482142857143,,,PSU-in-stratum bootstrap; statistic recomputed with grouped 5-fold OOF isotonic crosswalk for residual metrics.,Subgroup-specific isotonic curve divergence normalized by target IQR.
subgroup_curve_divergence,acti,scrf,isotonic,age_group,60+,p95_abs_subgroup_minus_full_predicted_target,1624.5941381623088,1283.5347975310797,2360.421009375324,300,300,2940,7482.482142857143,,,PSU-in-stratum bootstrap; statistic recomputed with grouped 5-fold OOF isotonic crosswalk for residual metrics.,Subgroup-specific isotonic curve compared with full-sample curve.
subgroup_curve_divergence,acti,scrf,isotonic,age_group,60+,p95_abs_subgroup_minus_full_predicted_target_over_target_iqr,0.2171196812962879,0.1705150902997026,0.31406346943245,300,300,2940,7482.482142857143,,,PSU-in-stratum bootstrap; statistic recomputed with grouped 5-fold OOF isotonic crosswalk for residual metrics.,Subgroup-specific isotonic curve divergence normalized by target IQR.
subgroup_curve_divergence,acti,scrf,isotonic,age_group,60+,max_abs_subgroup_minus_full_predicted_target,2344.7637362637433,1552.1057563130323,3069.116415067518,300,300,2940,7482.482142857143,,,PSU-in-stratum bootstrap; statistic recomputed with grouped 5-fold OOF isotonic crosswalk for residual metrics.,Subgroup-specific isotonic curve compared with full-sample curve.
subgroup_curve_divergence,acti,scrf,isotonic,age_group,60+,max_abs_subgroup_minus_full_predicted_target_over_target_iqr,0.3133671008492923,0.2083178991079594,0.4099056084781453,300,300,2940,7482.482142857143,,,PSU-in-stratum bootstrap; statistic recomputed with grouped 5-fold OOF isotonic crosswalk for residual metrics.,Subgroup-specific isotonic curve divergence normalized by target IQR.
subgroup_curve_spread,acti,scrf,isotonic,age_group,20-39|40-59|60+,p95_between_subgroup_spread_predicted_target,2322.907772657458,1907.3557029172016,3175.7862743642254,300,300,8646,7482.482142857143,,,PSU-in-stratum bootstrap; statistic recomputed with grouped 5-fold OOF isotonic crosswalk for residual metrics.,"At each source-grid point, spread = max subgroup curve - min subgroup curve."
subgroup_curve_spread,acti,scrf,isotonic,age_group,20-39|40-59|60+,p95_between_subgroup_spread_predicted_target_over_target_iqr,0.3104461498615042,0.2534530261220731,0.428733914020518,300,300,8646,7482.482142857143,,,PSU-in-stratum bootstrap; statistic recomputed with grouped 5-fold OOF isotonic crosswalk for residual metrics.,Between-subgroup curve spread normalized by target IQR.
subgroup_curve_spread,acti,scrf,isotonic,age_group,20-39|40-59|60+,max_between_subgroup_spread_predicted_target,2701.3219047619095,2212.9963799700577,3925.0959164040846,300,300,8646,7482.482142857143,,,PSU-in-stratum bootstrap; statistic recomputed with grouped 5-fold OOF isotonic crosswalk for residual metrics.,"At each source-grid point, spread = max subgroup curve - min subgroup curve."
subgroup_curve_spread,acti,scrf,isotonic,age_group,20-39|40-59|60+,max_between_subgroup_spread_predicted_target_over_target_iqr,0.3610194923539671,0.2971839758623538,0.5197343404644176,300,300,8646,7482.482142857143,,,PSU-in-stratum bootstrap; statistic recomputed with grouped 5-fold OOF isotonic crosswalk for residual metrics.,Between-subgroup curve spread normalized by target IQR.
subgroup_curve_divergence,acti,scrf,isotonic,sex,male,p95_abs_subgroup_minus_full_predicted_target,533.6670330018624,518.3403369179841,717.7522518777567,300,300,4161,7482.482142857143,,,PSU-in-stratum bootstrap; statistic recomputed with grouped 5-fold OOF isotonic crosswalk for residual metrics.,Subgroup-specific isotonic curve compared with full-sample curve.
subgroup_curve_divergence,acti,scrf,isotonic,sex,male,p95_abs_subgroup_minus_full_predicted_target_over_target_iqr,0.0713221926645433,0.0696806941529532,0.0958414144662997,300,300,4161,7482.482142857143,,,PSU-in-stratum bootstrap; statistic recomputed with grouped 5-fold OOF isotonic crosswalk for residual metrics.,Subgroup-specific isotonic curve divergence normalized by target IQR.
subgroup_curve_divergence,acti,scrf,isotonic,sex,male,max_abs_subgroup_minus_full_predicted_target,719.3564108751598,635.8336793047165,1068.189192424872,300,300,4161,7482.482142857143,,,PSU-in-stratum bootstrap; statistic recomputed with grouped 5-fold OOF isotonic crosswalk for residual metrics.,Subgroup-specific isotonic curve compared with full-sample curve.
subgroup_curve_divergence,acti,scrf,isotonic,sex,male,max_abs_subgroup_minus_full_predicted_target_over_target_iqr,0.0961387407468609,0.0853011064416629,0.1423297144234118,300,300,4161,7482.482142857143,,,PSU-in-stratum bootstrap; statistic recomputed with grouped 5-fold OOF isotonic crosswalk for residual metrics.,Subgroup-specific isotonic curve divergence normalized by target IQR.
subgroup_curve_divergence,acti,scrf,isotonic,sex,female,p95_abs_subgroup_minus_full_predicted_target,583.5808048418148,486.20196854696945,808.1568978696765,300,300,4485,7482.482142857143,,,PSU-in-stratum bootstrap; statistic recomputed with grouped 5-fold OOF isotonic crosswalk for residual metrics.,Subgroup-specific isotonic curve compared with full-sample curve.
subgroup_curve_divergence,acti,scrf,isotonic,sex,female,p95_abs_subgroup_minus_full_predicted_target_over_target_iqr,0.0779929432105504,0.0647517589878011,0.107867349414412,300,300,4485,7482.482142857143,,,PSU-in-stratum bootstrap; statistic recomputed with grouped 5-fold OOF isotonic crosswalk for residual metrics.,Subgroup-specific isotonic curve divergence normalized by target IQR.
subgroup_curve_divergence,acti,scrf,isotonic,sex,female,max_abs_subgroup_minus_full_predicted_target,1181.7673919413864,648.2002041184628,1497.5634407825555,300,300,4485,7482.482142857143,,,PSU-in-stratum bootstrap; statistic recomputed with grouped 5-fold OOF isotonic crosswalk for residual metrics.,Subgroup-specific isotonic curve compared with full-sample curve.
subgroup_curve_divergence,acti,scrf,isotonic,sex,female,max_abs_subgroup_minus_full_predicted_target_over_target_iqr,0.1579378833626104,0.0859490075106864,0.201575101754738,300,300,4485,7482.482142857143,,,PSU-in-stratum bootstrap; statistic recomputed with grouped 5-fold OOF isotonic crosswalk for residual metrics.,Subgroup-specific isotonic curve divergence normalized by target IQR.
subgroup_curve_spread,acti,scrf,isotonic,sex,male|female,p95_between_subgroup_spread_predicted_target,1133.314476827516,957.9369478890076,1331.858623708741,300,300,8646,7482.482142857143,,,PSU-in-stratum bootstrap; statistic recomputed with grouped 5-fold OOF isotonic crosswalk for residual metrics.,"At each source-grid point, spread = max subgroup curve - min subgroup curve."
subgroup_curve_spread,acti,scrf,isotonic,sex,male|female,p95_between_subgroup_spread_predicted_target_over_target_iqr,0.1514623697310644,0.1280125000672802,0.1773859640427426,300,300,8646,7482.482142857143,,,PSU-in-stratum bootstrap; statistic recomputed with grouped 5-fold OOF isotonic crosswalk for residual metrics.,Between-subgroup curve spread normalized by target IQR.
subgroup_curve_spread,acti,scrf,isotonic,sex,male|female,max_between_subgroup_spread_predicted_target,1214.5514083617454,1112.66653326598,1898.3159539034425,300,300,8646,7482.482142857143,,,PSU-in-stratum bootstrap; statistic recomputed with grouped 5-fold OOF isotonic crosswalk for residual metrics.,"At each source-grid point, spread = max subgroup curve - min subgroup curve."
subgroup_curve_spread,acti,scrf,isotonic,sex,male|female,max_between_subgroup_spread_predicted_target_over_target_iqr,0.1623193193345832,0.1490289383480558,0.2484721381238091,300,300,8646,7482.482142857143,,,PSU-in-stratum bootstrap; statistic recomputed with grouped 5-fold OOF isotonic crosswalk for residual metrics.,Between-subgroup curve spread normalized by target IQR.
subgroup_curve_divergence,acti,scrf,isotonic,bmi_group,<25,p95_abs_subgroup_minus_full_predicted_target,562.7087009404863,425.2168398815012,883.7794982900004,300,300,2572,7482.482142857143,,,PSU-in-stratum bootstrap; statistic recomputed with grouped 5-fold OOF isotonic crosswalk for residual metrics.,Subgroup-specific isotonic curve compared with full-sample curve.
subgroup_curve_divergence,acti,scrf,isotonic,bmi_group,<25,p95_abs_subgroup_minus_full_predicted_target_over_target_iqr,0.075203480636122,0.0576822853473329,0.1168599948171352,300,300,2572,7482.482142857143,,,PSU-in-stratum bootstrap; statistic recomputed with grouped 5-fold OOF isotonic crosswalk for residual metrics.,Subgroup-specific isotonic curve divergence normalized by target IQR.
subgroup_curve_divergence,acti,scrf,isotonic,bmi_group,<25,max_abs_subgroup_minus_full_predicted_target,1121.1437860149815,610.4102383903522,1647.9222194198508,300,300,2572,7482.482142857143,,,PSU-in-stratum bootstrap; statistic recomputed with grouped 5-fold OOF isotonic crosswalk for residual metrics.,Subgroup-specific isotonic curve compared with full-sample curve.
subgroup_curve_divergence,acti,scrf,isotonic,bmi_group,<25,max_abs_subgroup_minus_full_predicted_target_over_target_iqr,0.1498358117814203,0.0812320715493471,0.2198169920501479,300,300,2572,7482.482142857143,,,PSU-in-stratum bootstrap; statistic recomputed with grouped 5-fold OOF isotonic crosswalk for residual metrics.,Subgroup-specific isotonic curve divergence normalized by target IQR.
subgroup_curve_divergence,acti,scrf,isotonic,bmi_group,25-<30,p95_abs_subgroup_minus_full_predicted_target,487.4074935064964,433.1753828587025,683.3123886946822,300,300,2741,7482.482142857143,,,PSU-in-stratum bootstrap; statistic recomputed with grouped 5-fold OOF isotonic crosswalk for residual metrics.,Subgroup-specific isotonic curve compared with full-sample curve.
subgroup_curve_divergence,acti,scrf,isotonic,bmi_group,25-<30,p95_abs_subgroup_minus_full_predicted_target_over_target_iqr,0.0651398137945148,0.0579006761408258,0.0910836030288897,300,300,2741,7482.482142857143,,,PSU-in-stratum bootstrap; statistic recomputed with grouped 5-fold OOF isotonic crosswalk for residual metrics.,Subgroup-specific isotonic curve divergence normalized by target IQR.
subgroup_curve_divergence,acti,scrf,isotonic,bmi_group,25-<30,max_abs_subgroup_minus_full_predicted_target,539.6461932773122,545.6735392183131,1226.67453663793,300,300,2741,7482.482142857143,,,PSU-in-stratum bootstrap; statistic recomputed with grouped 5-fold OOF isotonic crosswalk for residual metrics.,Subgroup-specific isotonic curve compared with full-sample curve.
subgroup_curve_divergence,acti,scrf,isotonic,bmi_group,25-<30,max_abs_subgroup_minus_full_predicted_target_over_target_iqr,0.0721212804754187,0.0732698149002719,0.1642069735621528,300,300,2741,7482.482142857143,,,PSU-in-stratum bootstrap; statistic recomputed with grouped 5-fold OOF isotonic crosswalk for residual metrics.,Subgroup-specific isotonic curve divergence normalized by target IQR.
subgroup_curve_divergence,acti,scrf,isotonic,bmi_group,>=30,p95_abs_subgroup_minus_full_predicted_target,585.8054478458034,452.9182868533623,968.7567589484628,300,300,3246,7482.482142857143,,,PSU-in-stratum bootstrap; statistic recomputed with grouped 5-fold OOF isotonic crosswalk for residual metrics.,Subgroup-specific isotonic curve compared with full-sample curve.
subgroup_curve_divergence,acti,scrf,isotonic,bmi_group,>=30,p95_abs_subgroup_minus_full_predicted_target_over_target_iqr,0.0782902567171536,0.0605800683360372,0.1280443090307822,300,300,3246,7482.482142857143,,,PSU-in-stratum bootstrap; statistic recomputed with grouped 5-fold OOF isotonic crosswalk for residual metrics.,Subgroup-specific isotonic curve divergence normalized by target IQR.
subgroup_curve_divergence,acti,scrf,isotonic,bmi_group,>=30,max_abs_subgroup_minus_full_predicted_target,907.097741825004,677.9149431793439,1995.087599460545,300,300,3246,7482.482142857143,,,PSU-in-stratum bootstrap; statistic recomputed with grouped 5-fold OOF isotonic crosswalk for residual metrics.,Subgroup-specific isotonic curve compared with full-sample curve.
subgroup_curve_divergence,acti,scrf,isotonic,bmi_group,>=30,max_abs_subgroup_minus_full_predicted_target_over_target_iqr,0.1212295231056353,0.0903917559372503,0.2726377925327741,300,300,3246,7482.482142857143,,,PSU-in-stratum bootstrap; statistic recomputed with grouped 5-fold OOF isotonic crosswalk for residual metrics.,Subgroup-specific isotonic curve divergence normalized by target IQR.
subgroup_curve_spread,acti,scrf,isotonic,bmi_group,<25|25-<30|>=30,p95_between_subgroup_spread_predicted_target,937.761021677332,876.5771891416332,1523.6723143349957,300,300,8559,7482.482142857143,,,PSU-in-stratum bootstrap; statistic recomputed with grouped 5-fold OOF isotonic crosswalk for residual metrics.,"At each source-grid point, spread = max subgroup curve - min subgroup curve."
subgroup_curve_spread,acti,scrf,isotonic,bmi_group,<25|25-<30|>=30,p95_between_subgroup_spread_predicted_target_over_target_iqr,0.1253275321976583,0.1169318743250106,0.2050053794082009,300,300,8559,7482.482142857143,,,PSU-in-stratum bootstrap; statistic recomputed with grouped 5-fold OOF isotonic crosswalk for residual metrics.,Between-subgroup curve spread normalized by target IQR.
subgroup_curve_spread,acti,scrf,isotonic,bmi_group,<25|25-<30|>=30,max_between_subgroup_spread_predicted_target,1795.4229068941022,1208.5805065894854,3193.6669358712124,300,300,8559,7482.482142857143,,,PSU-in-stratum bootstrap; statistic recomputed with grouped 5-fold OOF isotonic crosswalk for residual metrics.,"At each source-grid point, spread = max subgroup curve - min subgroup curve."
subgroup_curve_spread,acti,scrf,isotonic,bmi_group,<25|25-<30|>=30,max_between_subgroup_spread_predicted_target_over_target_iqr,0.2399501759730936,0.1611518075068041,0.4287504470644981,300,300,8559,7482.482142857143,,,PSU-in-stratum bootstrap; statistic recomputed with grouped 5-fold OOF isotonic crosswalk for residual metrics.,Between-subgroup curve spread normalized by target IQR.
fullsample_oof_residual,acti,scssl,isotonic,overall,all,mae,1803.5482495965348,1774.4341219849275,1844.177761137518,300,300,8646,5813.0,1803.5482495965348,0.0,PSU-in-stratum bootstrap; statistic recomputed with grouped 5-fold OOF isotonic crosswalk for residual metrics.,5-fold grouped OOF isotonic residual on target scale.
fullsample_oof_residual,acti,scssl,isotonic,overall,all,rmse,2413.2984312984386,2374.4409014358853,2463.6952609494588,300,300,8646,5813.0,2413.2984312984386,0.0,PSU-in-stratum bootstrap; statistic recomputed with grouped 5-fold OOF isotonic crosswalk for residual metrics.,5-fold grouped OOF isotonic residual on target scale.
fullsample_oof_residual,acti,scssl,isotonic,overall,all,abs_error_p95,4890.003351442125,4742.019141431876,5042.697918602011,300,300,8646,5813.0,4890.003351442125,0.0,PSU-in-stratum bootstrap; statistic recomputed with grouped 5-fold OOF isotonic crosswalk for residual metrics.,5-fold grouped OOF isotonic residual on target scale.
fullsample_oof_residual,acti,scssl,isotonic,overall,all,mae_per_target_iqr,0.3102611817644133,0.3062840822050873,0.3178018853232823,300,300,8646,5813.0,0.3102611817644133,0.0,PSU-in-stratum bootstrap; statistic recomputed with grouped 5-fold OOF isotonic crosswalk for residual metrics.,MAE normalized by target algorithm IQR.
subgroup_curve_divergence,acti,scssl,isotonic,age_group,20-39,p95_abs_subgroup_minus_full_predicted_target,475.3235389800448,433.04872574912616,714.3710733535354,300,300,2757,5813.0,,,PSU-in-stratum bootstrap; statistic recomputed with grouped 5-fold OOF isotonic crosswalk for residual metrics.,Subgroup-specific isotonic curve compared with full-sample curve.
subgroup_curve_divergence,acti,scssl,isotonic,age_group,20-39,p95_abs_subgroup_minus_full_predicted_target_over_target_iqr,0.0817690588302158,0.0749529712617533,0.1232488322301149,300,300,2757,5813.0,,,PSU-in-stratum bootstrap; statistic recomputed with grouped 5-fold OOF isotonic crosswalk for residual metrics.,Subgroup-specific isotonic curve divergence normalized by target IQR.
subgroup_curve_divergence,acti,scssl,isotonic,age_group,20-39,max_abs_subgroup_minus_full_predicted_target,808.5155891553709,588.3881529592766,1279.7978020526657,300,300,2757,5813.0,,,PSU-in-stratum bootstrap; statistic recomputed with grouped 5-fold OOF isotonic crosswalk for residual metrics.,Subgroup-specific isotonic curve compared with full-sample curve.
subgroup_curve_divergence,acti,scssl,isotonic,age_group,20-39,max_abs_subgroup_minus_full_predicted_target_over_target_iqr,0.1390874916833598,0.101030115339973,0.2205434845486681,300,300,2757,5813.0,,,PSU-in-stratum bootstrap; statistic recomputed with grouped 5-fold OOF isotonic crosswalk for residual metrics.,Subgroup-specific isotonic curve divergence normalized by target IQR.
subgroup_curve_divergence,acti,scssl,isotonic,age_group,40-59,p95_abs_subgroup_minus_full_predicted_target,429.90604185087614,413.68069546485304,661.1044429167665,300,300,2949,5813.0,,,PSU-in-stratum bootstrap; statistic recomputed with grouped 5-fold OOF isotonic crosswalk for residual metrics.,Subgroup-specific isotonic curve compared with full-sample curve.
subgroup_curve_divergence,acti,scssl,isotonic,age_group,40-59,p95_abs_subgroup_minus_full_predicted_target_over_target_iqr,0.0739559679770989,0.071346648572947,0.114383688156944,300,300,2949,5813.0,,,PSU-in-stratum bootstrap; statistic recomputed with grouped 5-fold OOF isotonic crosswalk for residual metrics.,Subgroup-specific isotonic curve divergence normalized by target IQR.
subgroup_curve_divergence,acti,scssl,isotonic,age_group,40-59,max_abs_subgroup_minus_full_predicted_target,928.9394841269824,576.6562003971424,1315.3424837736377,300,300,2949,5813.0,,,PSU-in-stratum bootstrap; statistic recomputed with grouped 5-fold OOF isotonic crosswalk for residual metrics.,Subgroup-specific isotonic curve compared with full-sample curve.
subgroup_curve_divergence,acti,scssl,isotonic,age_group,40-59,max_abs_subgroup_minus_full_predicted_target_over_target_iqr,0.1598037990928922,0.1001141976191573,0.2256852256224873,300,300,2949,5813.0,,,PSU-in-stratum bootstrap; statistic recomputed with grouped 5-fold OOF isotonic crosswalk for residual metrics.,Subgroup-specific isotonic curve divergence normalized by target IQR.
subgroup_curve_divergence,acti,scssl,isotonic,age_group,60+,p95_abs_subgroup_minus_full_predicted_target,665.6713867532162,500.0989070430882,1180.3793419032174,300,300,2940,5813.0,,,PSU-in-stratum bootstrap; statistic recomputed with grouped 5-fold OOF isotonic crosswalk for residual metrics.,Subgroup-specific isotonic curve compared with full-sample curve.
subgroup_curve_divergence,acti,scssl,isotonic,age_group,60+,p95_abs_subgroup_minus_full_predicted_target_over_target_iqr,0.1145142588600062,0.0856215038211579,0.2040374426967037,300,300,2940,5813.0,,,PSU-in-stratum bootstrap; statistic recomputed with grouped 5-fold OOF isotonic crosswalk for residual metrics.,Subgroup-specific isotonic curve divergence normalized by target IQR.
subgroup_curve_divergence,acti,scssl,isotonic,age_group,60+,max_abs_subgroup_minus_full_predicted_target,1040.9644582415822,741.8637556649161,1543.4494642529398,300,300,2940,5813.0,,,PSU-in-stratum bootstrap; statistic recomputed with grouped 5-fold OOF isotonic crosswalk for residual metrics.,Subgroup-specific isotonic curve compared with full-sample curve.
subgroup_curve_divergence,acti,scssl,isotonic,age_group,60+,max_abs_subgroup_minus_full_predicted_target_over_target_iqr,0.1790752551593983,0.1282973660913201,0.2660078300011359,300,300,2940,5813.0,,,PSU-in-stratum bootstrap; statistic recomputed with grouped 5-fold OOF isotonic crosswalk for residual metrics.,Subgroup-specific isotonic curve divergence normalized by target IQR.
subgroup_curve_spread,acti,scssl,isotonic,age_group,20-39|40-59|60+,p95_between_subgroup_spread_predicted_target,1008.3035714285688,953.581733619905,1601.2477656948008,300,300,8646,5813.0,,,PSU-in-stratum bootstrap; statistic recomputed with grouped 5-fold OOF isotonic crosswalk for residual metrics.,"At each source-grid point, spread = max subgroup curve - min subgroup curve."
subgroup_curve_spread,acti,scssl,isotonic,age_group,20-39|40-59|60+,p95_between_subgroup_spread_predicted_target_over_target_iqr,0.173456661178147,0.1642833818600195,0.2751364499144609,300,300,8646,5813.0,,,PSU-in-stratum bootstrap; statistic recomputed with grouped 5-fold OOF isotonic crosswalk for residual metrics.,Between-subgroup curve spread normalized by target IQR.
subgroup_curve_spread,acti,scssl,isotonic,age_group,20-39|40-59|60+,max_between_subgroup_spread_predicted_target,1414.572777732239,1181.8458466232978,2094.6277640056023,300,300,8646,5813.0,,,PSU-in-stratum bootstrap; statistic recomputed with grouped 5-fold OOF isotonic crosswalk for residual metrics.,"At each source-grid point, spread = max subgroup curve - min subgroup curve."
subgroup_curve_spread,acti,scssl,isotonic,age_group,20-39|40-59|60+,max_between_subgroup_spread_predicted_target_over_target_iqr,0.2433464265839048,0.2051559722723354,0.3574498309511993,300,300,8646,5813.0,,,PSU-in-stratum bootstrap; statistic recomputed with grouped 5-fold OOF isotonic crosswalk for residual metrics.,Between-subgroup curve spread normalized by target IQR.
subgroup_curve_divergence,acti,scssl,isotonic,sex,male,p95_abs_subgroup_minus_full_predicted_target,770.5308400971044,699.5028533278756,969.2851430667891,300,300,4161,5813.0,,,PSU-in-stratum bootstrap; statistic recomputed with grouped 5-fold OOF isotonic crosswalk for residual metrics.,Subgroup-specific isotonic curve compared with full-sample curve.
subgroup_curve_divergence,acti,scssl,isotonic,sex,male,p95_abs_subgroup_minus_full_predicted_target_over_target_iqr,0.132553043195786,0.1209980661263706,0.1675445891173266,300,300,4161,5813.0,,,PSU-in-stratum bootstrap; statistic recomputed with grouped 5-fold OOF isotonic crosswalk for residual metrics.,Subgroup-specific isotonic curve divergence normalized by target IQR.
subgroup_curve_divergence,acti,scssl,isotonic,sex,male,max_abs_subgroup_minus_full_predicted_target,829.3083756586966,816.8349164693217,1502.7964314742244,300,300,4161,5813.0,,,PSU-in-stratum bootstrap; statistic recomputed with grouped 5-fold OOF isotonic crosswalk for residual metrics.,Subgroup-specific isotonic curve compared with full-sample curve.
subgroup_curve_divergence,acti,scssl,isotonic,sex,male,max_abs_subgroup_minus_full_predicted_target_over_target_iqr,0.1426644375810591,0.1415562832411436,0.2583261915637299,300,300,4161,5813.0,,,PSU-in-stratum bootstrap; statistic recomputed with grouped 5-fold OOF isotonic crosswalk for residual metrics.,Subgroup-specific isotonic curve divergence normalized by target IQR.
subgroup_curve_divergence,acti,scssl,isotonic,sex,female,p95_abs_subgroup_minus_full_predicted_target,765.5858640091556,732.5228947028863,1227.9014494729545,300,300,4485,5813.0,,,PSU-in-stratum bootstrap; statistic recomputed with grouped 5-fold OOF isotonic crosswalk for residual metrics.,Subgroup-specific isotonic curve compared with full-sample curve.
subgroup_curve_divergence,acti,scssl,isotonic,sex,female,p95_abs_subgroup_minus_full_predicted_target_over_target_iqr,0.1317023677978936,0.1266345080439901,0.2133432224421006,300,300,4485,5813.0,,,PSU-in-stratum bootstrap; statistic recomputed with grouped 5-fold OOF isotonic crosswalk for residual metrics.,Subgroup-specific isotonic curve divergence normalized by target IQR.
subgroup_curve_divergence,acti,scssl,isotonic,sex,female,max_abs_subgroup_minus_full_predicted_target,1184.0522156084644,840.7567308482899,1716.1220351506145,300,300,4485,5813.0,,,PSU-in-stratum bootstrap; statistic recomputed with grouped 5-fold OOF isotonic crosswalk for residual metrics.,Subgroup-specific isotonic curve compared with full-sample curve.
subgroup_curve_divergence,acti,scssl,isotonic,sex,female,max_abs_subgroup_minus_full_predicted_target_over_target_iqr,0.2036903863080104,0.144399793998094,0.2960351755370735,300,300,4485,5813.0,,,PSU-in-stratum bootstrap; statistic recomputed with grouped 5-fold OOF isotonic crosswalk for residual metrics.,Subgroup-specific isotonic curve divergence normalized by target IQR.
subgroup_curve_spread,acti,scssl,isotonic,sex,male|female,p95_between_subgroup_spread_predicted_target,1502.41729665998,1360.883604312353,2079.9606103095284,300,300,8646,5813.0,,,PSU-in-stratum bootstrap; statistic recomputed with grouped 5-fold OOF isotonic crosswalk for residual metrics.,"At each source-grid point, spread = max subgroup curve - min subgroup curve."
subgroup_curve_spread,acti,scssl,isotonic,sex,male|female,p95_between_subgroup_spread_predicted_target_over_target_iqr,0.2584581621641114,0.2357033679368075,0.3605647303143485,300,300,8646,5813.0,,,PSU-in-stratum bootstrap; statistic recomputed with grouped 5-fold OOF isotonic crosswalk for residual metrics.,Between-subgroup curve spread normalized by target IQR.
subgroup_curve_spread,acti,scssl,isotonic,sex,male|female,max_between_subgroup_spread_predicted_target,1927.2489417989416,1564.2530916897765,2673.329693657822,300,300,8646,5813.0,,,PSU-in-stratum bootstrap; statistic recomputed with grouped 5-fold OOF isotonic crosswalk for residual metrics.,"At each source-grid point, spread = max subgroup curve - min subgroup curve."
subgroup_curve_spread,acti,scssl,isotonic,sex,male|female,max_between_subgroup_spread_predicted_target_over_target_iqr,0.3315411907447001,0.2674710411164804,0.4623533053664208,300,300,8646,5813.0,,,PSU-in-stratum bootstrap; statistic recomputed with grouped 5-fold OOF isotonic crosswalk for residual metrics.,Between-subgroup curve spread normalized by target IQR.
subgroup_curve_divergence,acti,scssl,isotonic,bmi_group,<25,p95_abs_subgroup_minus_full_predicted_target,553.4120313414514,517.8020092215213,921.342576681641,300,300,2572,5813.0,,,PSU-in-stratum bootstrap; statistic recomputed with grouped 5-fold OOF isotonic crosswalk for residual metrics.,Subgroup-specific isotonic curve compared with full-sample curve.
subgroup_curve_divergence,acti,scssl,isotonic,bmi_group,<25,p95_abs_subgroup_minus_full_predicted_target_over_target_iqr,0.0952024825978757,0.0891253943845585,0.1585840813923012,300,300,2572,5813.0,,,PSU-in-stratum bootstrap; statistic recomputed with grouped 5-fold OOF isotonic crosswalk for residual metrics.,Subgroup-specific isotonic curve divergence normalized by target IQR.
subgroup_curve_divergence,acti,scssl,isotonic,bmi_group,<25,max_abs_subgroup_minus_full_predicted_target,553.4120313414514,635.3212135284018,1333.0267779518235,300,300,2572,5813.0,,,PSU-in-stratum bootstrap; statistic recomputed with grouped 5-fold OOF isotonic crosswalk for residual metrics.,Subgroup-specific isotonic curve compared with full-sample curve.
subgroup_curve_divergence,acti,scssl,isotonic,bmi_group,<25,max_abs_subgroup_minus_full_predicted_target_over_target_iqr,0.0952024825978757,0.1090657883651186,0.2318917263882374,300,300,2572,5813.0,,,PSU-in-stratum bootstrap; statistic recomputed with grouped 5-fold OOF isotonic crosswalk for residual metrics.,Subgroup-specific isotonic curve divergence normalized by target IQR.
subgroup_curve_divergence,acti,scssl,isotonic,bmi_group,25-<30,p95_abs_subgroup_minus_full_predicted_target,734.770500512026,650.3150920490161,941.4713153054942,300,300,2741,5813.0,,,PSU-in-stratum bootstrap; statistic recomputed with grouped 5-fold OOF isotonic crosswalk for residual metrics.,Subgroup-specific isotonic curve compared with full-sample curve.
subgroup_curve_divergence,acti,scssl,isotonic,bmi_group,25-<30,p95_abs_subgroup_minus_full_predicted_target_over_target_iqr,0.1264012558940351,0.1120814566869302,0.1613547959270616,300,300,2741,5813.0,,,PSU-in-stratum bootstrap; statistic recomputed with grouped 5-fold OOF isotonic crosswalk for residual metrics.,Subgroup-specific isotonic curve divergence normalized by target IQR.
subgroup_curve_divergence,acti,scssl,isotonic,bmi_group,25-<30,max_abs_subgroup_minus_full_predicted_target,906.898378589287,807.3207374759407,1451.5888372994702,300,300,2741,5813.0,,,PSU-in-stratum bootstrap; statistic recomputed with grouped 5-fold OOF isotonic crosswalk for residual metrics.,Subgroup-specific isotonic curve compared with full-sample curve.
subgroup_curve_divergence,acti,scssl,isotonic,bmi_group,25-<30,max_abs_subgroup_minus_full_predicted_target_over_target_iqr,0.1560121071029222,0.1400573085549945,0.2498328818893497,300,300,2741,5813.0,,,PSU-in-stratum bootstrap; statistic recomputed with grouped 5-fold OOF isotonic crosswalk for residual metrics.,Subgroup-specific isotonic curve divergence normalized by target IQR.
subgroup_curve_divergence,acti,scssl,isotonic,bmi_group,>=30,p95_abs_subgroup_minus_full_predicted_target,910.3563253598768,765.4415602383882,1178.7770401794212,300,300,3246,5813.0,,,PSU-in-stratum bootstrap; statistic recomputed with grouped 5-fold OOF isotonic crosswalk for residual metrics.,Subgroup-specific isotonic curve compared with full-sample curve.
subgroup_curve_divergence,acti,scssl,isotonic,bmi_group,>=30,p95_abs_subgroup_minus_full_predicted_target_over_target_iqr,0.1566069715052256,0.1306203956822785,0.202338791184831,300,300,3246,5813.0,,,PSU-in-stratum bootstrap; statistic recomputed with grouped 5-fold OOF isotonic crosswalk for residual metrics.,Subgroup-specific isotonic curve divergence normalized by target IQR.
subgroup_curve_divergence,acti,scssl,isotonic,bmi_group,>=30,max_abs_subgroup_minus_full_predicted_target,984.4103699813222,906.2682186200992,1647.9686989006063,300,300,3246,5813.0,,,PSU-in-stratum bootstrap; statistic recomputed with grouped 5-fold OOF isotonic crosswalk for residual metrics.,Subgroup-specific isotonic curve compared with full-sample curve.
subgroup_curve_divergence,acti,scssl,isotonic,bmi_group,>=30,max_abs_subgroup_minus_full_predicted_target_over_target_iqr,0.1693463564392434,0.1556432102573739,0.2845673585010148,300,300,3246,5813.0,,,PSU-in-stratum bootstrap; statistic recomputed with grouped 5-fold OOF isotonic crosswalk for residual metrics.,Subgroup-specific isotonic curve divergence normalized by target IQR.
subgroup_curve_spread,acti,scssl,isotonic,bmi_group,<25|25-<30|>=30,p95_between_subgroup_spread_predicted_target,1330.714616139875,1314.916960652872,1785.8693542701658,300,300,8559,5813.0,,,PSU-in-stratum bootstrap; statistic recomputed with grouped 5-fold OOF isotonic crosswalk for residual metrics.,"At each source-grid point, spread = max subgroup curve - min subgroup curve."
subgroup_curve_spread,acti,scssl,isotonic,bmi_group,<25|25-<30|>=30,p95_between_subgroup_spread_predicted_target_over_target_iqr,0.2289204569309952,0.2249100087340177,0.3092591917355559,300,300,8559,5813.0,,,PSU-in-stratum bootstrap; statistic recomputed with grouped 5-fold OOF isotonic crosswalk for residual metrics.,Between-subgroup curve spread normalized by target IQR.
subgroup_curve_spread,acti,scssl,isotonic,bmi_group,<25|25-<30|>=30,max_between_subgroup_spread_predicted_target,1784.605310457513,1515.2100524904167,2405.5345469028525,300,300,8559,5813.0,,,PSU-in-stratum bootstrap; statistic recomputed with grouped 5-fold OOF isotonic crosswalk for residual metrics.,"At each source-grid point, spread = max subgroup curve - min subgroup curve."
subgroup_curve_spread,acti,scssl,isotonic,bmi_group,<25|25-<30|>=30,max_between_subgroup_spread_predicted_target_over_target_iqr,0.3070024618024278,0.2599640307387644,0.4147878190509309,300,300,8559,5813.0,,,PSU-in-stratum bootstrap; statistic recomputed with grouped 5-fold OOF isotonic crosswalk for residual metrics.,Between-subgroup curve spread normalized by target IQR.
fullsample_oof_residual,acti,vs,isotonic,overall,all,mae,1105.2462258813794,1092.2343012549345,1128.6291377531218,300,300,8646,5559.857142857143,1105.2462258813794,0.0,PSU-in-stratum bootstrap; statistic recomputed with grouped 5-fold OOF isotonic crosswalk for residual metrics.,5-fold grouped OOF isotonic residual on target scale.
fullsample_oof_residual,acti,vs,isotonic,overall,all,rmse,1520.7993057291287,1496.5860203327604,1558.0361437812471,300,300,8646,5559.857142857143,1520.7993057291287,0.0,PSU-in-stratum bootstrap; statistic recomputed with grouped 5-fold OOF isotonic crosswalk for residual metrics.,5-fold grouped OOF isotonic residual on target scale.
fullsample_oof_residual,acti,vs,isotonic,overall,all,abs_error_p95,2996.6473872425677,2929.4532673413178,3084.643204174339,300,300,8646,5559.857142857143,2996.6473872425677,0.0,PSU-in-stratum bootstrap; statistic recomputed with grouped 5-fold OOF isotonic crosswalk for residual metrics.,5-fold grouped OOF isotonic residual on target scale.
fullsample_oof_residual,acti,vs,isotonic,overall,all,mae_per_target_iqr,0.1987904000917201,0.194921809832353,0.2040135091697014,300,300,8646,5559.857142857143,0.1987904000917201,0.0,PSU-in-stratum bootstrap; statistic recomputed with grouped 5-fold OOF isotonic crosswalk for residual metrics.,MAE normalized by target algorithm IQR.
subgroup_curve_divergence,acti,vs,isotonic,age_group,20-39,p95_abs_subgroup_minus_full_predicted_target,776.575923175923,649.6339184557603,933.763116771796,300,300,2757,5559.857142857143,,,PSU-in-stratum bootstrap; statistic recomputed with grouped 5-fold OOF isotonic crosswalk for residual metrics.,Subgroup-specific isotonic curve compared with full-sample curve.
subgroup_curve_divergence,acti,vs,isotonic,age_group,20-39,p95_abs_subgroup_minus_full_predicted_target_over_target_iqr,0.139675517413897,0.1159490382144132,0.1696131477338557,300,300,2757,5559.857142857143,,,PSU-in-stratum bootstrap; statistic recomputed with grouped 5-fold OOF isotonic crosswalk for residual metrics.,Subgroup-specific isotonic curve divergence normalized by target IQR.
subgroup_curve_divergence,acti,vs,isotonic,age_group,20-39,max_abs_subgroup_minus_full_predicted_target,900.7958878471668,826.2052282400141,1178.2649751082247,300,300,2757,5559.857142857143,,,PSU-in-stratum bootstrap; statistic recomputed with grouped 5-fold OOF isotonic crosswalk for residual metrics.,Subgroup-specific isotonic curve compared with full-sample curve.
subgroup_curve_divergence,acti,vs,isotonic,age_group,20-39,max_abs_subgroup_minus_full_predicted_target_over_target_iqr,0.1620178117354034,0.1485564163068401,0.2132526076804478,300,300,2757,5559.857142857143,,,PSU-in-stratum bootstrap; statistic recomputed with grouped 5-fold OOF isotonic crosswalk for residual metrics.,Subgroup-specific isotonic curve divergence normalized by target IQR.
subgroup_curve_divergence,acti,vs,isotonic,age_group,40-59,p95_abs_subgroup_minus_full_predicted_target,411.0495114087316,337.35762633402527,536.9625828679909,300,300,2949,5559.857142857143,,,PSU-in-stratum bootstrap; statistic recomputed with grouped 5-fold OOF isotonic crosswalk for residual metrics.,Subgroup-specific isotonic curve compared with full-sample curve.
subgroup_curve_divergence,acti,vs,isotonic,age_group,40-59,p95_abs_subgroup_minus_full_predicted_target_over_target_iqr,0.0739316678193458,0.06042738169697,0.0962685145396457,300,300,2949,5559.857142857143,,,PSU-in-stratum bootstrap; statistic recomputed with grouped 5-fold OOF isotonic crosswalk for residual metrics.,Subgroup-specific isotonic curve divergence normalized by target IQR.
subgroup_curve_divergence,acti,vs,isotonic,age_group,40-59,max_abs_subgroup_minus_full_predicted_target,461.20890937019885,456.3762556117261,846.760195755572,300,300,2949,5559.857142857143,,,PSU-in-stratum bootstrap; statistic recomputed with grouped 5-fold OOF isotonic crosswalk for residual metrics.,Subgroup-specific isotonic curve compared with full-sample curve.
subgroup_curve_divergence,acti,vs,isotonic,age_group,40-59,max_abs_subgroup_minus_full_predicted_target_over_target_iqr,0.0829533740741383,0.0830344374851643,0.1508883763117745,300,300,2949,5559.857142857143,,,PSU-in-stratum bootstrap; statistic recomputed with grouped 5-fold OOF isotonic crosswalk for residual metrics.,Subgroup-specific isotonic curve divergence normalized by target IQR.
subgroup_curve_divergence,acti,vs,isotonic,age_group,60+,p95_abs_subgroup_minus_full_predicted_target,611.7099090157135,564.2062377552095,921.538451736849,300,300,2940,5559.857142857143,,,PSU-in-stratum bootstrap; statistic recomputed with grouped 5-fold OOF isotonic crosswalk for residual metrics.,Subgroup-specific isotonic curve compared with full-sample curve.
subgroup_curve_divergence,acti,vs,isotonic,age_group,60+,p95_abs_subgroup_minus_full_predicted_target_over_target_iqr,0.1100225946995039,0.1020807444111401,0.1658040768302239,300,300,2940,5559.857142857143,,,PSU-in-stratum bootstrap; statistic recomputed with grouped 5-fold OOF isotonic crosswalk for residual metrics.,Subgroup-specific isotonic curve divergence normalized by target IQR.
subgroup_curve_divergence,acti,vs,isotonic,age_group,60+,max_abs_subgroup_minus_full_predicted_target,1100.314054232802,773.241268546801,1340.387350278233,300,300,2940,5559.857142857143,,,PSU-in-stratum bootstrap; statistic recomputed with grouped 5-fold OOF isotonic crosswalk for residual metrics.,Subgroup-specific isotonic curve compared with full-sample curve.
subgroup_curve_divergence,acti,vs,isotonic,age_group,60+,max_abs_subgroup_minus_full_predicted_target_over_target_iqr,0.1979032960669496,0.1385811107530054,0.2405510708804487,300,300,2940,5559.857142857143,,,PSU-in-stratum bootstrap; statistic recomputed with grouped 5-fold OOF isotonic crosswalk for residual metrics.,Subgroup-specific isotonic curve divergence normalized by target IQR.
subgroup_curve_spread,acti,vs,isotonic,age_group,20-39|40-59|60+,p95_between_subgroup_spread_predicted_target,1080.2567446811672,1059.9335044351071,1367.0550607422924,300,300,8646,5559.857142857143,,,PSU-in-stratum bootstrap; statistic recomputed with grouped 5-fold OOF isotonic crosswalk for residual metrics.,"At each source-grid point, spread = max subgroup curve - min subgroup curve."
subgroup_curve_spread,acti,vs,isotonic,age_group,20-39|40-59|60+,p95_between_subgroup_spread_predicted_target_over_target_iqr,0.1942957736007649,0.1912919848877217,0.2445610339436075,300,300,8646,5559.857142857143,,,PSU-in-stratum bootstrap; statistic recomputed with grouped 5-fold OOF isotonic crosswalk for residual metrics.,Between-subgroup curve spread normalized by target IQR.
subgroup_curve_spread,acti,vs,isotonic,age_group,20-39|40-59|60+,max_between_subgroup_spread_predicted_target,1520.089500000002,1241.724676952724,1720.5963185663138,300,300,8646,5559.857142857143,,,PSU-in-stratum bootstrap; statistic recomputed with grouped 5-fold OOF isotonic crosswalk for residual metrics.,"At each source-grid point, spread = max subgroup curve - min subgroup curve."
subgroup_curve_spread,acti,vs,isotonic,age_group,20-39|40-59|60+,max_between_subgroup_spread_predicted_target_over_target_iqr,0.2734044168657985,0.2230297530220849,0.311431719211855,300,300,8646,5559.857142857143,,,PSU-in-stratum bootstrap; statistic recomputed with grouped 5-fold OOF isotonic crosswalk for residual metrics.,Between-subgroup curve spread normalized by target IQR.
subgroup_curve_divergence,acti,vs,isotonic,sex,male,p95_abs_subgroup_minus_full_predicted_target,267.6542241554798,221.02123460508693,374.34589606657113,300,300,4161,5559.857142857143,,,PSU-in-stratum bootstrap; statistic recomputed with grouped 5-fold OOF isotonic crosswalk for residual metrics.,Subgroup-specific isotonic curve compared with full-sample curve.
subgroup_curve_divergence,acti,vs,isotonic,sex,male,p95_abs_subgroup_minus_full_predicted_target_over_target_iqr,0.0481404858575081,0.0396602798203861,0.0671288438055633,300,300,4161,5559.857142857143,,,PSU-in-stratum bootstrap; statistic recomputed with grouped 5-fold OOF isotonic crosswalk for residual metrics.,Subgroup-specific isotonic curve divergence normalized by target IQR.
subgroup_curve_divergence,acti,vs,isotonic,sex,male,max_abs_subgroup_minus_full_predicted_target,371.9502084122778,296.0044416850202,633.3053348866451,300,300,4161,5559.857142857143,,,PSU-in-stratum bootstrap; statistic recomputed with grouped 5-fold OOF isotonic crosswalk for residual metrics.,Subgroup-specific isotonic curve compared with full-sample curve.
subgroup_curve_divergence,acti,vs,isotonic,sex,male,max_abs_subgroup_minus_full_predicted_target_over_target_iqr,0.0668992383896283,0.0537719295504243,0.1144386152177302,300,300,4161,5559.857142857143,,,PSU-in-stratum bootstrap; statistic recomputed with grouped 5-fold OOF isotonic crosswalk for residual metrics.,Subgroup-specific isotonic curve divergence normalized by target IQR.
subgroup_curve_divergence,acti,vs,isotonic,sex,female,p95_abs_subgroup_minus_full_predicted_target,220.35075448553107,228.51426719261957,429.6375020830164,300,300,4485,5559.857142857143,,,PSU-in-stratum bootstrap; statistic recomputed with grouped 5-fold OOF isotonic crosswalk for residual metrics.,Subgroup-specific isotonic curve compared with full-sample curve.
subgroup_curve_divergence,acti,vs,isotonic,sex,female,p95_abs_subgroup_minus_full_predicted_target_over_target_iqr,0.0396324489683372,0.0404608408002265,0.077819465141786,300,300,4485,5559.857142857143,,,PSU-in-stratum bootstrap; statistic recomputed with grouped 5-fold OOF isotonic crosswalk for residual metrics.,Subgroup-specific isotonic curve divergence normalized by target IQR.
subgroup_curve_divergence,acti,vs,isotonic,sex,female,max_abs_subgroup_minus_full_predicted_target,505.8132433961746,320.3375915481334,822.2827696830624,300,300,4485,5559.857142857143,,,PSU-in-stratum bootstrap; statistic recomputed with grouped 5-fold OOF isotonic crosswalk for residual metrics.,Subgroup-specific isotonic curve compared with full-sample curve.
subgroup_curve_divergence,acti,vs,isotonic,sex,female,max_abs_subgroup_minus_full_predicted_target_over_target_iqr,0.0909759424387374,0.0569401941536942,0.1475757883944047,300,300,4485,5559.857142857143,,,PSU-in-stratum bootstrap; statistic recomputed with grouped 5-fold OOF isotonic crosswalk for residual metrics.,Subgroup-specific isotonic curve divergence normalized by target IQR.
subgroup_curve_spread,acti,vs,isotonic,sex,male|female,p95_between_subgroup_spread_predicted_target,422.7958013937314,406.91320634090863,689.3701407908361,300,300,8646,5559.857142857143,,,PSU-in-stratum bootstrap; statistic recomputed with grouped 5-fold OOF isotonic crosswalk for residual metrics.,"At each source-grid point, spread = max subgroup curve - min subgroup curve."
subgroup_curve_spread,acti,vs,isotonic,sex,male|female,p95_between_subgroup_spread_predicted_target_over_target_iqr,0.0760443641860304,0.072922477017281,0.1248051342342985,300,300,8646,5559.857142857143,,,PSU-in-stratum bootstrap; statistic recomputed with grouped 5-fold OOF isotonic crosswalk for residual metrics.,Between-subgroup curve spread normalized by target IQR.
subgroup_curve_spread,acti,vs,isotonic,sex,male|female,max_between_subgroup_spread_predicted_target,578.3012962133653,526.432808442754,1063.4021706538845,300,300,8646,5559.857142857143,,,PSU-in-stratum bootstrap; statistic recomputed with grouped 5-fold OOF isotonic crosswalk for residual metrics.,"At each source-grid point, spread = max subgroup curve - min subgroup curve."
subgroup_curve_spread,acti,vs,isotonic,sex,male|female,max_between_subgroup_spread_predicted_target_over_target_iqr,0.1040136969987295,0.0945390198774452,0.1938676954053761,300,300,8646,5559.857142857143,,,PSU-in-stratum bootstrap; statistic recomputed with grouped 5-fold OOF isotonic crosswalk for residual metrics.,Between-subgroup curve spread normalized by target IQR.
subgroup_curve_divergence,acti,vs,isotonic,bmi_group,<25,p95_abs_subgroup_minus_full_predicted_target,398.2365310627556,400.0841173003034,580.5359135346632,300,300,2572,5559.857142857143,,,PSU-in-stratum bootstrap; statistic recomputed with grouped 5-fold OOF isotonic crosswalk for residual metrics.,Subgroup-specific isotonic curve compared with full-sample curve.
subgroup_curve_divergence,acti,vs,isotonic,bmi_group,<25,p95_abs_subgroup_minus_full_predicted_target_over_target_iqr,0.0716271157388239,0.0709457843692478,0.1047227840995922,300,300,2572,5559.857142857143,,,PSU-in-stratum bootstrap; statistic recomputed with grouped 5-fold OOF isotonic crosswalk for residual metrics.,Subgroup-specific isotonic curve divergence normalized by target IQR.
subgroup_curve_divergence,acti,vs,isotonic,bmi_group,<25,max_abs_subgroup_minus_full_predicted_target,480.5577142857128,496.1714958900218,842.2011100601237,300,300,2572,5559.857142857143,,,PSU-in-stratum bootstrap; statistic recomputed with grouped 5-fold OOF isotonic crosswalk for residual metrics.,Subgroup-specific isotonic curve compared with full-sample curve.
subgroup_curve_divergence,acti,vs,isotonic,bmi_group,<25,max_abs_subgroup_minus_full_predicted_target_over_target_iqr,0.0864334643747267,0.0889748090133743,0.1511427873608843,300,300,2572,5559.857142857143,,,PSU-in-stratum bootstrap; statistic recomputed with grouped 5-fold OOF isotonic crosswalk for residual metrics.,Subgroup-specific isotonic curve divergence normalized by target IQR.
subgroup_curve_divergence,acti,vs,isotonic,bmi_group,25-<30,p95_abs_subgroup_minus_full_predicted_target,317.76188639036263,308.95766826866463,518.0659651869054,300,300,2741,5559.857142857143,,,PSU-in-stratum bootstrap; statistic recomputed with grouped 5-fold OOF isotonic crosswalk for residual metrics.,Subgroup-specific isotonic curve compared with full-sample curve.
subgroup_curve_divergence,acti,vs,isotonic,bmi_group,25-<30,p95_abs_subgroup_minus_full_predicted_target_over_target_iqr,0.0571528868864189,0.0558903903190017,0.0922578918232693,300,300,2741,5559.857142857143,,,PSU-in-stratum bootstrap; statistic recomputed with grouped 5-fold OOF isotonic crosswalk for residual metrics.,Subgroup-specific isotonic curve divergence normalized by target IQR.
subgroup_curve_divergence,acti,vs,isotonic,bmi_group,25-<30,max_abs_subgroup_minus_full_predicted_target,558.3743923611073,415.1899332096481,941.0992747575096,300,300,2741,5559.857142857143,,,PSU-in-stratum bootstrap; statistic recomputed with grouped 5-fold OOF isotonic crosswalk for residual metrics.,Subgroup-specific isotonic curve compared with full-sample curve.
subgroup_curve_divergence,acti,vs,isotonic,bmi_group,25-<30,max_abs_subgroup_minus_full_predicted_target_over_target_iqr,0.1004296293976656,0.075698300132217,0.1674532022739246,300,300,2741,5559.857142857143,,,PSU-in-stratum bootstrap; statistic recomputed with grouped 5-fold OOF isotonic crosswalk for residual metrics.,Subgroup-specific isotonic curve divergence normalized by target IQR.
subgroup_curve_divergence,acti,vs,isotonic,bmi_group,>=30,p95_abs_subgroup_minus_full_predicted_target,531.5492335473555,423.28983933019265,726.5634134981809,300,300,3246,5559.857142857143,,,PSU-in-stratum bootstrap; statistic recomputed with grouped 5-fold OOF isotonic crosswalk for residual metrics.,Subgroup-specific isotonic curve compared with full-sample curve.
subgroup_curve_divergence,acti,vs,isotonic,bmi_group,>=30,p95_abs_subgroup_minus_full_predicted_target_over_target_iqr,0.0956048365793439,0.0750446957079007,0.1299926382814361,300,300,3246,5559.857142857143,,,PSU-in-stratum bootstrap; statistic recomputed with grouped 5-fold OOF isotonic crosswalk for residual metrics.,Subgroup-specific isotonic curve divergence normalized by target IQR.
subgroup_curve_divergence,acti,vs,isotonic,bmi_group,>=30,max_abs_subgroup_minus_full_predicted_target,548.4099906763713,545.2829482139828,981.156548426743,300,300,3246,5559.857142857143,,,PSU-in-stratum bootstrap; statistic recomputed with grouped 5-fold OOF isotonic crosswalk for residual metrics.,Subgroup-specific isotonic curve compared with full-sample curve.
subgroup_curve_divergence,acti,vs,isotonic,bmi_group,>=30,max_abs_subgroup_minus_full_predicted_target_over_target_iqr,0.0986374247728512,0.0975587592748248,0.1771029441153387,300,300,3246,5559.857142857143,,,PSU-in-stratum bootstrap; statistic recomputed with grouped 5-fold OOF isotonic crosswalk for residual metrics.,Subgroup-specific isotonic curve divergence normalized by target IQR.
subgroup_curve_spread,acti,vs,isotonic,bmi_group,<25|25-<30|>=30,p95_between_subgroup_spread_predicted_target,818.3632971014486,787.2384864546065,1104.4190919497191,300,300,8559,5559.857142857143,,,PSU-in-stratum bootstrap; statistic recomputed with grouped 5-fold OOF isotonic crosswalk for residual metrics.,"At each source-grid point, spread = max subgroup curve - min subgroup curve."
subgroup_curve_spread,acti,vs,isotonic,bmi_group,<25|25-<30|>=30,p95_between_subgroup_spread_predicted_target_over_target_iqr,0.1471914252604162,0.142571693830642,0.199718813023318,300,300,8559,5559.857142857143,,,PSU-in-stratum bootstrap; statistic recomputed with grouped 5-fold OOF isotonic crosswalk for residual metrics.,Between-subgroup curve spread normalized by target IQR.
subgroup_curve_spread,acti,vs,isotonic,bmi_group,<25|25-<30|>=30,max_between_subgroup_spread_predicted_target,946.6465217391268,917.6719112554114,1412.1987572014586,300,300,8559,5559.857142857143,,,PSU-in-stratum bootstrap; statistic recomputed with grouped 5-fold OOF isotonic crosswalk for residual metrics.,"At each source-grid point, spread = max subgroup curve - min subgroup curve."
subgroup_curve_spread,acti,vs,isotonic,bmi_group,<25|25-<30|>=30,max_between_subgroup_spread_predicted_target_over_target_iqr,0.1702645405116752,0.1662263340210381,0.2544893789807182,300,300,8559,5559.857142857143,,,PSU-in-stratum bootstrap; statistic recomputed with grouped 5-fold OOF isotonic crosswalk for residual metrics.,Between-subgroup curve spread normalized by target IQR.
fullsample_oof_residual,acti,vsrev,isotonic,overall,all,mae,1362.6056654110346,1341.639324464017,1386.343306249494,300,300,8646,6301.767857142858,1362.6056654110346,0.0,PSU-in-stratum bootstrap; statistic recomputed with grouped 5-fold OOF isotonic crosswalk for residual metrics.,5-fold grouped OOF isotonic residual on target scale.
fullsample_oof_residual,acti,vsrev,isotonic,overall,all,rmse,1780.6683180725513,1752.983465029775,1810.015826310708,300,300,8646,6301.767857142858,1780.6683180725513,0.0,PSU-in-stratum bootstrap; statistic recomputed with grouped 5-fold OOF isotonic crosswalk for residual metrics.,5-fold grouped OOF isotonic residual on target scale.
fullsample_oof_residual,acti,vsrev,isotonic,overall,all,abs_error_p95,3563.5856928528992,3507.567834553678,3634.0463745678935,300,300,8646,6301.767857142858,3563.5856928528992,0.0,PSU-in-stratum bootstrap; statistic recomputed with grouped 5-fold OOF isotonic crosswalk for residual metrics.,5-fold grouped OOF isotonic residual on target scale.
fullsample_oof_residual,acti,vsrev,isotonic,overall,all,mae_per_target_iqr,0.2162259379114645,0.2109853732611688,0.2215229857523005,300,300,8646,6301.767857142858,0.2162259379114645,0.0,PSU-in-stratum bootstrap; statistic recomputed with grouped 5-fold OOF isotonic crosswalk for residual metrics.,MAE normalized by target algorithm IQR.
subgroup_curve_divergence,acti,vsrev,isotonic,age_group,20-39,p95_abs_subgroup_minus_full_predicted_target,1148.7002168696936,1085.0232795464344,1338.8870565217717,300,300,2757,6301.767857142858,,,PSU-in-stratum bootstrap; statistic recomputed with grouped 5-fold OOF isotonic crosswalk for residual metrics.,Subgroup-specific isotonic curve compared with full-sample curve.
subgroup_curve_divergence,acti,vsrev,isotonic,age_group,20-39,p95_abs_subgroup_minus_full_predicted_target_over_target_iqr,0.182282217134939,0.1717810451504261,0.2128056152642997,300,300,2757,6301.767857142858,,,PSU-in-stratum bootstrap; statistic recomputed with grouped 5-fold OOF isotonic crosswalk for residual metrics.,Subgroup-specific isotonic curve divergence normalized by target IQR.
subgroup_curve_divergence,acti,vsrev,isotonic,age_group,20-39,max_abs_subgroup_minus_full_predicted_target,1362.0357864357866,1231.226907996448,1642.4792984984756,300,300,2757,6301.767857142858,,,PSU-in-stratum bootstrap; statistic recomputed with grouped 5-fold OOF isotonic crosswalk for residual metrics.,Subgroup-specific isotonic curve compared with full-sample curve.
subgroup_curve_divergence,acti,vsrev,isotonic,age_group,20-39,max_abs_subgroup_minus_full_predicted_target_over_target_iqr,0.2161355063074818,0.1942906788851582,0.260142876002824,300,300,2757,6301.767857142858,,,PSU-in-stratum bootstrap; statistic recomputed with grouped 5-fold OOF isotonic crosswalk for residual metrics.,Subgroup-specific isotonic curve divergence normalized by target IQR.
subgroup_curve_divergence,acti,vsrev,isotonic,age_group,40-59,p95_abs_subgroup_minus_full_predicted_target,584.8507087294715,482.2838875216547,730.186710697174,300,300,2949,6301.767857142858,,,PSU-in-stratum bootstrap; statistic recomputed with grouped 5-fold OOF isotonic crosswalk for residual metrics.,Subgroup-specific isotonic curve compared with full-sample curve.
subgroup_curve_divergence,acti,vsrev,isotonic,age_group,40-59,p95_abs_subgroup_minus_full_predicted_target_over_target_iqr,0.0928074029363937,0.0760421696245032,0.1164508948062564,300,300,2949,6301.767857142858,,,PSU-in-stratum bootstrap; statistic recomputed with grouped 5-fold OOF isotonic crosswalk for residual metrics.,Subgroup-specific isotonic curve divergence normalized by target IQR.
subgroup_curve_divergence,acti,vsrev,isotonic,age_group,40-59,max_abs_subgroup_minus_full_predicted_target,1081.974694986684,668.3156776511001,1373.1628121319764,300,300,2949,6301.767857142858,,,PSU-in-stratum bootstrap; statistic recomputed with grouped 5-fold OOF isotonic crosswalk for residual metrics.,Subgroup-specific isotonic curve compared with full-sample curve.
subgroup_curve_divergence,acti,vsrev,isotonic,age_group,40-59,max_abs_subgroup_minus_full_predicted_target_over_target_iqr,0.1716938356845848,0.1051805324907012,0.2185679029913115,300,300,2949,6301.767857142858,,,PSU-in-stratum bootstrap; statistic recomputed with grouped 5-fold OOF isotonic crosswalk for residual metrics.,Subgroup-specific isotonic curve divergence normalized by target IQR.
subgroup_curve_divergence,acti,vsrev,isotonic,age_group,60+,p95_abs_subgroup_minus_full_predicted_target,1494.7671807359293,1173.377886083454,1747.9860120158137,300,300,2940,6301.767857142858,,,PSU-in-stratum bootstrap; statistic recomputed with grouped 5-fold OOF isotonic crosswalk for residual metrics.,Subgroup-specific isotonic curve compared with full-sample curve.
subgroup_curve_divergence,acti,vsrev,isotonic,age_group,60+,p95_abs_subgroup_minus_full_predicted_target_over_target_iqr,0.2371980711796067,0.1856055609969769,0.2785555692384642,300,300,2940,6301.767857142858,,,PSU-in-stratum bootstrap; statistic recomputed with grouped 5-fold OOF isotonic crosswalk for residual metrics.,Subgroup-specific isotonic curve divergence normalized by target IQR.
subgroup_curve_divergence,acti,vsrev,isotonic,age_group,60+,max_abs_subgroup_minus_full_predicted_target,1809.9350476190448,1517.4209806949875,2270.369722905642,300,300,2940,6301.767857142858,,,PSU-in-stratum bootstrap; statistic recomputed with grouped 5-fold OOF isotonic crosswalk for residual metrics.,Subgroup-specific isotonic curve compared with full-sample curve.
subgroup_curve_divergence,acti,vsrev,isotonic,age_group,60+,max_abs_subgroup_minus_full_predicted_target_over_target_iqr,0.2872106825654549,0.2399241745573538,0.360415154442564,300,300,2940,6301.767857142858,,,PSU-in-stratum bootstrap; statistic recomputed with grouped 5-fold OOF isotonic crosswalk for residual metrics.,Subgroup-specific isotonic curve divergence normalized by target IQR.
subgroup_curve_spread,acti,vsrev,isotonic,age_group,20-39|40-59|60+,p95_between_subgroup_spread_predicted_target,2258.9811755697247,2005.8652841080843,2771.6442297149115,300,300,8646,6301.767857142858,,,PSU-in-stratum bootstrap; statistic recomputed with grouped 5-fold OOF isotonic crosswalk for residual metrics.,"At each source-grid point, spread = max subgroup curve - min subgroup curve."
subgroup_curve_spread,acti,vsrev,isotonic,age_group,20-39|40-59|60+,p95_between_subgroup_spread_predicted_target_over_target_iqr,0.358467850098483,0.3170706639946687,0.4395396737892325,300,300,8646,6301.767857142858,,,PSU-in-stratum bootstrap; statistic recomputed with grouped 5-fold OOF isotonic crosswalk for residual metrics.,Between-subgroup curve spread normalized by target IQR.
subgroup_curve_spread,acti,vsrev,isotonic,age_group,20-39|40-59|60+,max_between_subgroup_spread_predicted_target,2719.7079761904733,2355.485056618437,3223.4984359856794,300,300,8646,6301.767857142858,,,PSU-in-stratum bootstrap; statistic recomputed with grouped 5-fold OOF isotonic crosswalk for residual metrics.,"At each source-grid point, spread = max subgroup curve - min subgroup curve."
subgroup_curve_spread,acti,vsrev,isotonic,age_group,20-39|40-59|60+,max_between_subgroup_spread_predicted_target_over_target_iqr,0.4315785725283055,0.3748208652407599,0.5146534382465017,300,300,8646,6301.767857142858,,,PSU-in-stratum bootstrap; statistic recomputed with grouped 5-fold OOF isotonic crosswalk for residual metrics.,Between-subgroup curve spread normalized by target IQR.
subgroup_curve_divergence,acti,vsrev,isotonic,sex,male,p95_abs_subgroup_minus_full_predicted_target,302.07185237731574,279.0394962137934,432.9954801532334,300,300,4161,6301.767857142858,,,PSU-in-stratum bootstrap; statistic recomputed with grouped 5-fold OOF isotonic crosswalk for residual metrics.,Subgroup-specific isotonic curve compared with full-sample curve.
subgroup_curve_divergence,acti,vsrev,isotonic,sex,male,p95_abs_subgroup_minus_full_predicted_target_over_target_iqr,0.0479344620787525,0.0444396517644587,0.0687200293067107,300,300,4161,6301.767857142858,,,PSU-in-stratum bootstrap; statistic recomputed with grouped 5-fold OOF isotonic crosswalk for residual metrics.,Subgroup-specific isotonic curve divergence normalized by target IQR.
subgroup_curve_divergence,acti,vsrev,isotonic,sex,male,max_abs_subgroup_minus_full_predicted_target,457.3655652767429,390.2062962140705,855.8159744733283,300,300,4161,6301.767857142858,,,PSU-in-stratum bootstrap; statistic recomputed with grouped 5-fold OOF isotonic crosswalk for residual metrics.,Subgroup-specific isotonic curve compared with full-sample curve.
subgroup_curve_divergence,acti,vsrev,isotonic,sex,male,max_abs_subgroup_minus_full_predicted_target_over_target_iqr,0.0725773426830271,0.0622457057169229,0.1354927100975676,300,300,4161,6301.767857142858,,,PSU-in-stratum bootstrap; statistic recomputed with grouped 5-fold OOF isotonic crosswalk for residual metrics.,Subgroup-specific isotonic curve divergence normalized by target IQR.
subgroup_curve_divergence,acti,vsrev,isotonic,sex,female,p95_abs_subgroup_minus_full_predicted_target,341.5014163372907,289.45160990014114,526.703567110024,300,300,4485,6301.767857142858,,,PSU-in-stratum bootstrap; statistic recomputed with grouped 5-fold OOF isotonic crosswalk for residual metrics.,Subgroup-specific isotonic curve compared with full-sample curve.
subgroup_curve_divergence,acti,vsrev,isotonic,sex,female,p95_abs_subgroup_minus_full_predicted_target_over_target_iqr,0.0541913672605711,0.0457708398126633,0.0832621869758398,300,300,4485,6301.767857142858,,,PSU-in-stratum bootstrap; statistic recomputed with grouped 5-fold OOF isotonic crosswalk for residual metrics.,Subgroup-specific isotonic curve divergence normalized by target IQR.
subgroup_curve_divergence,acti,vsrev,isotonic,sex,female,max_abs_subgroup_minus_full_predicted_target,612.2375824175815,404.40852583956587,1001.5940222535193,300,300,4485,6301.767857142858,,,PSU-in-stratum bootstrap; statistic recomputed with grouped 5-fold OOF isotonic crosswalk for residual metrics.,Subgroup-specific isotonic curve compared with full-sample curve.
subgroup_curve_divergence,acti,vsrev,isotonic,sex,female,max_abs_subgroup_minus_full_predicted_target_over_target_iqr,0.0971533062303507,0.0644366550223443,0.1581960480554023,300,300,4485,6301.767857142858,,,PSU-in-stratum bootstrap; statistic recomputed with grouped 5-fold OOF isotonic crosswalk for residual metrics.,Subgroup-specific isotonic curve divergence normalized by target IQR.
subgroup_curve_spread,acti,vsrev,isotonic,sex,male|female,p95_between_subgroup_spread_predicted_target,552.6859863945556,511.1406557281695,873.1134328011348,300,300,8646,6301.767857142858,,,PSU-in-stratum bootstrap; statistic recomputed with grouped 5-fold OOF isotonic crosswalk for residual metrics.,"At each source-grid point, spread = max subgroup curve - min subgroup curve."
subgroup_curve_spread,acti,vsrev,isotonic,sex,male|female,p95_between_subgroup_spread_predicted_target_over_target_iqr,0.0877033237217875,0.0811232532350967,0.1386091647973366,300,300,8646,6301.767857142858,,,PSU-in-stratum bootstrap; statistic recomputed with grouped 5-fold OOF isotonic crosswalk for residual metrics.,Between-subgroup curve spread normalized by target IQR.
subgroup_curve_spread,acti,vsrev,isotonic,sex,male|female,max_between_subgroup_spread_predicted_target,967.2227772227724,660.9116161700193,1430.3504156224385,300,300,8646,6301.767857142858,,,PSU-in-stratum bootstrap; statistic recomputed with grouped 5-fold OOF isotonic crosswalk for residual metrics.,"At each source-grid point, spread = max subgroup curve - min subgroup curve."
subgroup_curve_spread,acti,vsrev,isotonic,sex,male|female,max_between_subgroup_spread_predicted_target_over_target_iqr,0.1534843553664795,0.1051066474082086,0.2273161808784022,300,300,8646,6301.767857142858,,,PSU-in-stratum bootstrap; statistic recomputed with grouped 5-fold OOF isotonic crosswalk for residual metrics.,Between-subgroup curve spread normalized by target IQR.
subgroup_curve_divergence,acti,vsrev,isotonic,bmi_group,<25,p95_abs_subgroup_minus_full_predicted_target,517.1188405797111,508.9640855722097,835.4117545412382,300,300,2572,6301.767857142858,,,PSU-in-stratum bootstrap; statistic recomputed with grouped 5-fold OOF isotonic crosswalk for residual metrics.,Subgroup-specific isotonic curve compared with full-sample curve.
subgroup_curve_divergence,acti,vsrev,isotonic,bmi_group,<25,p95_abs_subgroup_minus_full_predicted_target_over_target_iqr,0.0820593287951051,0.0805352824775242,0.1329111676561497,300,300,2572,6301.767857142858,,,PSU-in-stratum bootstrap; statistic recomputed with grouped 5-fold OOF isotonic crosswalk for residual metrics.,Subgroup-specific isotonic curve divergence normalized by target IQR.
subgroup_curve_divergence,acti,vsrev,isotonic,bmi_group,<25,max_abs_subgroup_minus_full_predicted_target,832.9627774846704,644.3128780812644,1268.0194334053836,300,300,2572,6301.767857142858,,,PSU-in-stratum bootstrap; statistic recomputed with grouped 5-fold OOF isotonic crosswalk for residual metrics.,Subgroup-specific isotonic curve compared with full-sample curve.
subgroup_curve_divergence,acti,vsrev,isotonic,bmi_group,<25,max_abs_subgroup_minus_full_predicted_target_over_target_iqr,0.132179222778023,0.1022351422461413,0.2022334153728623,300,300,2572,6301.767857142858,,,PSU-in-stratum bootstrap; statistic recomputed with grouped 5-fold OOF isotonic crosswalk for residual metrics.,Subgroup-specific isotonic curve divergence normalized by target IQR.
subgroup_curve_divergence,acti,vsrev,isotonic,bmi_group,25-<30,p95_abs_subgroup_minus_full_predicted_target,399.25412999174296,352.6547845799664,603.7674998063694,300,300,2741,6301.767857142858,,,PSU-in-stratum bootstrap; statistic recomputed with grouped 5-fold OOF isotonic crosswalk for residual metrics.,Subgroup-specific isotonic curve compared with full-sample curve.
subgroup_curve_divergence,acti,vsrev,isotonic,bmi_group,25-<30,p95_abs_subgroup_minus_full_predicted_target_over_target_iqr,0.0633558929879019,0.0557304069409531,0.095111428311048,300,300,2741,6301.767857142858,,,PSU-in-stratum bootstrap; statistic recomputed with grouped 5-fold OOF isotonic crosswalk for residual metrics.,Subgroup-specific isotonic curve divergence normalized by target IQR.
subgroup_curve_divergence,acti,vsrev,isotonic,bmi_group,25-<30,max_abs_subgroup_minus_full_predicted_target,651.8317697228194,510.77495420473855,1169.6772476422448,300,300,2741,6301.767857142858,,,PSU-in-stratum bootstrap; statistic recomputed with grouped 5-fold OOF isotonic crosswalk for residual metrics.,Subgroup-specific isotonic curve compared with full-sample curve.
subgroup_curve_divergence,acti,vsrev,isotonic,bmi_group,25-<30,max_abs_subgroup_minus_full_predicted_target_over_target_iqr,0.1034363347713591,0.0809452750884733,0.1869119464717749,300,300,2741,6301.767857142858,,,PSU-in-stratum bootstrap; statistic recomputed with grouped 5-fold OOF isotonic crosswalk for residual metrics.,Subgroup-specific isotonic curve divergence normalized by target IQR.
subgroup_curve_divergence,acti,vsrev,isotonic,bmi_group,>=30,p95_abs_subgroup_minus_full_predicted_target,681.2975429389335,496.0702525055474,910.8280203339052,300,300,3246,6301.767857142858,,,PSU-in-stratum bootstrap; statistic recomputed with grouped 5-fold OOF isotonic crosswalk for residual metrics.,Subgroup-specific isotonic curve compared with full-sample curve.
subgroup_curve_divergence,acti,vsrev,isotonic,bmi_group,>=30,p95_abs_subgroup_minus_full_predicted_target_over_target_iqr,0.1081121295457914,0.0790716534388561,0.1440868539630485,300,300,3246,6301.767857142858,,,PSU-in-stratum bootstrap; statistic recomputed with grouped 5-fold OOF isotonic crosswalk for residual metrics.,Subgroup-specific isotonic curve divergence normalized by target IQR.
subgroup_curve_divergence,acti,vsrev,isotonic,bmi_group,>=30,max_abs_subgroup_minus_full_predicted_target,1062.8758022774273,676.8849665007094,1550.2296191808168,300,300,3246,6301.767857142858,,,PSU-in-stratum bootstrap; statistic recomputed with grouped 5-fold OOF isotonic crosswalk for residual metrics.,Subgroup-specific isotonic curve compared with full-sample curve.
subgroup_curve_divergence,acti,vsrev,isotonic,bmi_group,>=30,max_abs_subgroup_minus_full_predicted_target_over_target_iqr,0.1686631158703649,0.1071139082805344,0.2439685099096362,300,300,3246,6301.767857142858,,,PSU-in-stratum bootstrap; statistic recomputed with grouped 5-fold OOF isotonic crosswalk for residual metrics.,Subgroup-specific isotonic curve divergence normalized by target IQR.
subgroup_curve_spread,acti,vsrev,isotonic,bmi_group,<25|25-<30|>=30,p95_between_subgroup_spread_predicted_target,1090.2594543650812,945.31962159864,1512.3151924969595,300,300,8559,6301.767857142858,,,PSU-in-stratum bootstrap; statistic recomputed with grouped 5-fold OOF isotonic crosswalk for residual metrics.,"At each source-grid point, spread = max subgroup curve - min subgroup curve."
subgroup_curve_spread,acti,vsrev,isotonic,bmi_group,<25|25-<30|>=30,p95_between_subgroup_spread_predicted_target_over_target_iqr,0.1730085079426253,0.1514650798878111,0.242345299203318,300,300,8559,6301.767857142858,,,PSU-in-stratum bootstrap; statistic recomputed with grouped 5-fold OOF isotonic crosswalk for residual metrics.,Between-subgroup curve spread normalized by target IQR.
subgroup_curve_spread,acti,vsrev,isotonic,bmi_group,<25|25-<30|>=30,max_between_subgroup_spread_predicted_target,1721.279642857142,1201.7040270013813,2370.892489740895,300,300,8559,6301.767857142858,,,PSU-in-stratum bootstrap; statistic recomputed with grouped 5-fold OOF isotonic crosswalk for residual metrics.,"At each source-grid point, spread = max subgroup curve - min subgroup curve."
subgroup_curve_spread,acti,vsrev,isotonic,bmi_group,<25|25-<30|>=30,max_between_subgroup_spread_predicted_target_over_target_iqr,0.2731423438434224,0.1921140188126975,0.3749431119216493,300,300,8559,6301.767857142858,,,PSU-in-stratum bootstrap; statistic recomputed with grouped 5-fold OOF isotonic crosswalk for residual metrics.,Between-subgroup curve spread normalized by target IQR.
fullsample_oof_residual,adept,acti,isotonic,overall,all,mae,2047.1005133488743,2014.976196731295,2080.940440277288,300,300,8646,5482.084523809524,2047.1005133488743,0.0,PSU-in-stratum bootstrap; statistic recomputed with grouped 5-fold OOF isotonic crosswalk for residual metrics.,5-fold grouped OOF isotonic residual on target scale.
fullsample_oof_residual,adept,acti,isotonic,overall,all,rmse,2675.8300534578443,2631.8571500953353,2723.766057529303,300,300,8646,5482.084523809524,2675.8300534578443,0.0,PSU-in-stratum bootstrap; statistic recomputed with grouped 5-fold OOF isotonic crosswalk for residual metrics.,5-fold grouped OOF isotonic residual on target scale.
fullsample_oof_residual,adept,acti,isotonic,overall,all,abs_error_p95,5275.400427102659,5151.539504856494,5379.796601898438,300,300,8646,5482.084523809524,5275.400427102659,0.0,PSU-in-stratum bootstrap; statistic recomputed with grouped 5-fold OOF isotonic crosswalk for residual metrics.,5-fold grouped OOF isotonic residual on target scale.
fullsample_oof_residual,adept,acti,isotonic,overall,all,mae_per_target_iqr,0.3734164448683719,0.3669048457486936,0.381742034878407,300,300,8646,5482.084523809524,0.3734164448683719,0.0,PSU-in-stratum bootstrap; statistic recomputed with grouped 5-fold OOF isotonic crosswalk for residual metrics.,MAE normalized by target algorithm IQR.
subgroup_curve_divergence,adept,acti,isotonic,age_group,20-39,p95_abs_subgroup_minus_full_predicted_target,844.0026902025193,676.8383854133762,1058.144869711611,300,300,2757,5482.084523809524,,,PSU-in-stratum bootstrap; statistic recomputed with grouped 5-fold OOF isotonic crosswalk for residual metrics.,Subgroup-specific isotonic curve compared with full-sample curve.
subgroup_curve_divergence,adept,acti,isotonic,age_group,20-39,p95_abs_subgroup_minus_full_predicted_target_over_target_iqr,0.1539565263061683,0.1219126253947476,0.1940542041010216,300,300,2757,5482.084523809524,,,PSU-in-stratum bootstrap; statistic recomputed with grouped 5-fold OOF isotonic crosswalk for residual metrics.,Subgroup-specific isotonic curve divergence normalized by target IQR.
subgroup_curve_divergence,adept,acti,isotonic,age_group,20-39,max_abs_subgroup_minus_full_predicted_target,1019.7970490742982,882.1777757778921,1628.4455179352467,300,300,2757,5482.084523809524,,,PSU-in-stratum bootstrap; statistic recomputed with grouped 5-fold OOF isotonic crosswalk for residual metrics.,Subgroup-specific isotonic curve compared with full-sample curve.
subgroup_curve_divergence,adept,acti,isotonic,age_group,20-39,max_abs_subgroup_minus_full_predicted_target_over_target_iqr,0.1860235909616433,0.1604820601439161,0.2996644479285887,300,300,2757,5482.084523809524,,,PSU-in-stratum bootstrap; statistic recomputed with grouped 5-fold OOF isotonic crosswalk for residual metrics.,Subgroup-specific isotonic curve divergence normalized by target IQR.
subgroup_curve_divergence,adept,acti,isotonic,age_group,40-59,p95_abs_subgroup_minus_full_predicted_target,393.4080875781965,360.7263499626521,694.4356724612667,300,300,2949,5482.084523809524,,,PSU-in-stratum bootstrap; statistic recomputed with grouped 5-fold OOF isotonic crosswalk for residual metrics.,Subgroup-specific isotonic curve compared with full-sample curve.
subgroup_curve_divergence,adept,acti,isotonic,age_group,40-59,p95_abs_subgroup_minus_full_predicted_target_over_target_iqr,0.0717624994415108,0.0657193913710047,0.1270020175173328,300,300,2949,5482.084523809524,,,PSU-in-stratum bootstrap; statistic recomputed with grouped 5-fold OOF isotonic crosswalk for residual metrics.,Subgroup-specific isotonic curve divergence normalized by target IQR.
subgroup_curve_divergence,adept,acti,isotonic,age_group,40-59,max_abs_subgroup_minus_full_predicted_target,1002.636309989859,518.4734525313397,1471.6068475674074,300,300,2949,5482.084523809524,,,PSU-in-stratum bootstrap; statistic recomputed with grouped 5-fold OOF isotonic crosswalk for residual metrics.,Subgroup-specific isotonic curve compared with full-sample curve.
subgroup_curve_divergence,adept,acti,isotonic,age_group,40-59,max_abs_subgroup_minus_full_predicted_target_over_target_iqr,0.1828932599698632,0.0944967617221235,0.2688059229561342,300,300,2949,5482.084523809524,,,PSU-in-stratum bootstrap; statistic recomputed with grouped 5-fold OOF isotonic crosswalk for residual metrics.,Subgroup-specific isotonic curve divergence normalized by target IQR.
subgroup_curve_divergence,adept,acti,isotonic,age_group,60+,p95_abs_subgroup_minus_full_predicted_target,1269.043760705721,889.889426612343,1653.026421627325,300,300,2940,5482.084523809524,,,PSU-in-stratum bootstrap; statistic recomputed with grouped 5-fold OOF isotonic crosswalk for residual metrics.,Subgroup-specific isotonic curve compared with full-sample curve.
subgroup_curve_divergence,adept,acti,isotonic,age_group,60+,p95_abs_subgroup_minus_full_predicted_target_over_target_iqr,0.2314892729570424,0.163036879873103,0.3038124380795225,300,300,2940,5482.084523809524,,,PSU-in-stratum bootstrap; statistic recomputed with grouped 5-fold OOF isotonic crosswalk for residual metrics.,Subgroup-specific isotonic curve divergence normalized by target IQR.
subgroup_curve_divergence,adept,acti,isotonic,age_group,60+,max_abs_subgroup_minus_full_predicted_target,1498.2171919328102,1089.2977840687238,2047.1867047263104,300,300,2940,5482.084523809524,,,PSU-in-stratum bootstrap; statistic recomputed with grouped 5-fold OOF isotonic crosswalk for residual metrics.,Subgroup-specific isotonic curve compared with full-sample curve.
subgroup_curve_divergence,adept,acti,isotonic,age_group,60+,max_abs_subgroup_minus_full_predicted_target_over_target_iqr,0.2732933404119958,0.2002596384409309,0.3758050352155047,300,300,2940,5482.084523809524,,,PSU-in-stratum bootstrap; statistic recomputed with grouped 5-fold OOF isotonic crosswalk for residual metrics.,Subgroup-specific isotonic curve divergence normalized by target IQR.
subgroup_curve_spread,adept,acti,isotonic,age_group,20-39|40-59|60+,p95_between_subgroup_spread_predicted_target,1541.3530564472949,1317.4245546927043,2318.4499203242026,300,300,8646,5482.084523809524,,,PSU-in-stratum bootstrap; statistic recomputed with grouped 5-fold OOF isotonic crosswalk for residual metrics.,"At each source-grid point, spread = max subgroup curve - min subgroup curve."
subgroup_curve_spread,adept,acti,isotonic,age_group,20-39|40-59|60+,p95_between_subgroup_spread_predicted_target_over_target_iqr,0.2811618554498685,0.2411447148268118,0.4231947898556568,300,300,8646,5482.084523809524,,,PSU-in-stratum bootstrap; statistic recomputed with grouped 5-fold OOF isotonic crosswalk for residual metrics.,Between-subgroup curve spread normalized by target IQR.
subgroup_curve_spread,adept,acti,isotonic,age_group,20-39|40-59|60+,max_between_subgroup_spread_predicted_target,1541.5739245609602,1479.8509678313478,2493.071172983313,300,300,8646,5482.084523809524,,,PSU-in-stratum bootstrap; statistic recomputed with grouped 5-fold OOF isotonic crosswalk for residual metrics.,"At each source-grid point, spread = max subgroup curve - min subgroup curve."
subgroup_curve_spread,adept,acti,isotonic,age_group,20-39|40-59|60+,max_between_subgroup_spread_predicted_target_over_target_iqr,0.2812021445247097,0.2694764488545426,0.4541550979140237,300,300,8646,5482.084523809524,,,PSU-in-stratum bootstrap; statistic recomputed with grouped 5-fold OOF isotonic crosswalk for residual metrics.,Between-subgroup curve spread normalized by target IQR.
subgroup_curve_divergence,adept,acti,isotonic,sex,male,p95_abs_subgroup_minus_full_predicted_target,797.7607614775816,726.9115656669667,927.9938777570104,300,300,4161,5482.084523809524,,,PSU-in-stratum bootstrap; statistic recomputed with grouped 5-fold OOF isotonic crosswalk for residual metrics.,Subgroup-specific isotonic curve compared with full-sample curve.
subgroup_curve_divergence,adept,acti,isotonic,sex,male,p95_abs_subgroup_minus_full_predicted_target_over_target_iqr,0.1455214267515916,0.1323174426909404,0.1696664885011816,300,300,4161,5482.084523809524,,,PSU-in-stratum bootstrap; statistic recomputed with grouped 5-fold OOF isotonic crosswalk for residual metrics.,Subgroup-specific isotonic curve divergence normalized by target IQR.
subgroup_curve_divergence,adept,acti,isotonic,sex,male,max_abs_subgroup_minus_full_predicted_target,1011.9056311413442,883.7891964384756,1332.5152483275633,300,300,4161,5482.084523809524,,,PSU-in-stratum bootstrap; statistic recomputed with grouped 5-fold OOF isotonic crosswalk for residual metrics.,Subgroup-specific isotonic curve compared with full-sample curve.
subgroup_curve_divergence,adept,acti,isotonic,sex,male,max_abs_subgroup_minus_full_predicted_target_over_target_iqr,0.1845840987577781,0.1604850395468472,0.2425366923006137,300,300,4161,5482.084523809524,,,PSU-in-stratum bootstrap; statistic recomputed with grouped 5-fold OOF isotonic crosswalk for residual metrics.,Subgroup-specific isotonic curve divergence normalized by target IQR.
subgroup_curve_divergence,adept,acti,isotonic,sex,female,p95_abs_subgroup_minus_full_predicted_target,617.2816947250267,506.43427433696263,929.5921957146224,300,300,4485,5482.084523809524,,,PSU-in-stratum bootstrap; statistic recomputed with grouped 5-fold OOF isotonic crosswalk for residual metrics.,Subgroup-specific isotonic curve compared with full-sample curve.
subgroup_curve_divergence,adept,acti,isotonic,sex,female,p95_abs_subgroup_minus_full_predicted_target_over_target_iqr,0.1125998134549145,0.0926856441424477,0.1709584985524282,300,300,4485,5482.084523809524,,,PSU-in-stratum bootstrap; statistic recomputed with grouped 5-fold OOF isotonic crosswalk for residual metrics.,Subgroup-specific isotonic curve divergence normalized by target IQR.
subgroup_curve_divergence,adept,acti,isotonic,sex,female,max_abs_subgroup_minus_full_predicted_target,715.7673412698459,627.0666557697652,1503.2469974734186,300,300,4485,5482.084523809524,,,PSU-in-stratum bootstrap; statistic recomputed with grouped 5-fold OOF isotonic crosswalk for residual metrics.,Subgroup-specific isotonic curve compared with full-sample curve.
subgroup_curve_divergence,adept,acti,isotonic,sex,female,max_abs_subgroup_minus_full_predicted_target_over_target_iqr,0.1305648131036944,0.1142859438273855,0.2724269438706821,300,300,4485,5482.084523809524,,,PSU-in-stratum bootstrap; statistic recomputed with grouped 5-fold OOF isotonic crosswalk for residual metrics.,Subgroup-specific isotonic curve divergence normalized by target IQR.
subgroup_curve_spread,adept,acti,isotonic,sex,male|female,p95_between_subgroup_spread_predicted_target,1316.688304831323,1221.838806059097,1591.2586196655268,300,300,8646,5482.084523809524,,,PSU-in-stratum bootstrap; statistic recomputed with grouped 5-fold OOF isotonic crosswalk for residual metrics.,"At each source-grid point, spread = max subgroup curve - min subgroup curve."
subgroup_curve_spread,adept,acti,isotonic,sex,male|female,p95_between_subgroup_spread_predicted_target_over_target_iqr,0.240180226903242,0.2231410742757726,0.289843600897995,300,300,8646,5482.084523809524,,,PSU-in-stratum bootstrap; statistic recomputed with grouped 5-fold OOF isotonic crosswalk for residual metrics.,Between-subgroup curve spread normalized by target IQR.
subgroup_curve_spread,adept,acti,isotonic,sex,male|female,max_between_subgroup_spread_predicted_target,1504.9072631976724,1398.95143124405,2050.3768858987164,300,300,8646,5482.084523809524,,,PSU-in-stratum bootstrap; statistic recomputed with grouped 5-fold OOF isotonic crosswalk for residual metrics.,"At each source-grid point, spread = max subgroup curve - min subgroup curve."
subgroup_curve_spread,adept,acti,isotonic,sex,male|female,max_between_subgroup_spread_predicted_target_over_target_iqr,0.2745136921296328,0.2545178344390726,0.3716019180660578,300,300,8646,5482.084523809524,,,PSU-in-stratum bootstrap; statistic recomputed with grouped 5-fold OOF isotonic crosswalk for residual metrics.,Between-subgroup curve spread normalized by target IQR.
subgroup_curve_divergence,adept,acti,isotonic,bmi_group,<25,p95_abs_subgroup_minus_full_predicted_target,455.3933588633554,398.02328936778,751.4495271889768,300,300,2572,5482.084523809524,,,PSU-in-stratum bootstrap; statistic recomputed with grouped 5-fold OOF isotonic crosswalk for residual metrics.,Subgroup-specific isotonic curve compared with full-sample curve.
subgroup_curve_divergence,adept,acti,isotonic,bmi_group,<25,p95_abs_subgroup_minus_full_predicted_target_over_target_iqr,0.0830693793365485,0.0724003016188421,0.1386668598480676,300,300,2572,5482.084523809524,,,PSU-in-stratum bootstrap; statistic recomputed with grouped 5-fold OOF isotonic crosswalk for residual metrics.,Subgroup-specific isotonic curve divergence normalized by target IQR.
subgroup_curve_divergence,adept,acti,isotonic,bmi_group,<25,max_abs_subgroup_minus_full_predicted_target,521.4642705938513,530.7696473359989,1173.055427865542,300,300,2572,5482.084523809524,,,PSU-in-stratum bootstrap; statistic recomputed with grouped 5-fold OOF isotonic crosswalk for residual metrics.,Subgroup-specific isotonic curve compared with full-sample curve.
subgroup_curve_divergence,adept,acti,isotonic,bmi_group,<25,max_abs_subgroup_minus_full_predicted_target_over_target_iqr,0.095121530565436,0.0973687382894347,0.2139084691863811,300,300,2572,5482.084523809524,,,PSU-in-stratum bootstrap; statistic recomputed with grouped 5-fold OOF isotonic crosswalk for residual metrics.,Subgroup-specific isotonic curve divergence normalized by target IQR.
subgroup_curve_divergence,adept,acti,isotonic,bmi_group,25-<30,p95_abs_subgroup_minus_full_predicted_target,524.2666056166017,436.19541217766385,974.7013772013976,300,300,2741,5482.084523809524,,,PSU-in-stratum bootstrap; statistic recomputed with grouped 5-fold OOF isotonic crosswalk for residual metrics.,Subgroup-specific isotonic curve compared with full-sample curve.
subgroup_curve_divergence,adept,acti,isotonic,bmi_group,25-<30,p95_abs_subgroup_minus_full_predicted_target_over_target_iqr,0.0956327111228643,0.079836811995982,0.1781239593196753,300,300,2741,5482.084523809524,,,PSU-in-stratum bootstrap; statistic recomputed with grouped 5-fold OOF isotonic crosswalk for residual metrics.,Subgroup-specific isotonic curve divergence normalized by target IQR.
subgroup_curve_divergence,adept,acti,isotonic,bmi_group,25-<30,max_abs_subgroup_minus_full_predicted_target,632.7315913014208,611.7137640798621,1193.3327843636168,300,300,2741,5482.084523809524,,,PSU-in-stratum bootstrap; statistic recomputed with grouped 5-fold OOF isotonic crosswalk for residual metrics.,Subgroup-specific isotonic curve compared with full-sample curve.
subgroup_curve_divergence,adept,acti,isotonic,bmi_group,25-<30,max_abs_subgroup_minus_full_predicted_target_over_target_iqr,0.1154180656196327,0.1123412782261499,0.2194911758088146,300,300,2741,5482.084523809524,,,PSU-in-stratum bootstrap; statistic recomputed with grouped 5-fold OOF isotonic crosswalk for residual metrics.,Subgroup-specific isotonic curve divergence normalized by target IQR.
subgroup_curve_divergence,adept,acti,isotonic,bmi_group,>=30,p95_abs_subgroup_minus_full_predicted_target,395.7709401709408,392.9594334744555,710.4051121234327,300,300,3246,5482.084523809524,,,PSU-in-stratum bootstrap; statistic recomputed with grouped 5-fold OOF isotonic crosswalk for residual metrics.,Subgroup-specific isotonic curve compared with full-sample curve.
subgroup_curve_divergence,adept,acti,isotonic,bmi_group,>=30,p95_abs_subgroup_minus_full_predicted_target_over_target_iqr,0.0721935129697558,0.0713799296023445,0.1307711052145965,300,300,3246,5482.084523809524,,,PSU-in-stratum bootstrap; statistic recomputed with grouped 5-fold OOF isotonic crosswalk for residual metrics.,Subgroup-specific isotonic curve divergence normalized by target IQR.
subgroup_curve_divergence,adept,acti,isotonic,bmi_group,>=30,max_abs_subgroup_minus_full_predicted_target,842.6587418551026,540.5410133579138,1227.5406778917063,300,300,3246,5482.084523809524,,,PSU-in-stratum bootstrap; statistic recomputed with grouped 5-fold OOF isotonic crosswalk for residual metrics.,Subgroup-specific isotonic curve compared with full-sample curve.
subgroup_curve_divergence,adept,acti,isotonic,bmi_group,>=30,max_abs_subgroup_minus_full_predicted_target_over_target_iqr,0.1537113735104426,0.099195995536563,0.2236565452153935,300,300,3246,5482.084523809524,,,PSU-in-stratum bootstrap; statistic recomputed with grouped 5-fold OOF isotonic crosswalk for residual metrics.,Subgroup-specific isotonic curve divergence normalized by target IQR.
subgroup_curve_spread,adept,acti,isotonic,bmi_group,<25|25-<30|>=30,p95_between_subgroup_spread_predicted_target,898.7959647495372,829.9072652025994,1450.595553958739,300,300,8559,5482.084523809524,,,PSU-in-stratum bootstrap; statistic recomputed with grouped 5-fold OOF isotonic crosswalk for residual metrics.,"At each source-grid point, spread = max subgroup curve - min subgroup curve."
subgroup_curve_spread,adept,acti,isotonic,bmi_group,<25|25-<30|>=30,p95_between_subgroup_spread_predicted_target_over_target_iqr,0.1639514970712199,0.1506028914199499,0.26401264468832,300,300,8559,5482.084523809524,,,PSU-in-stratum bootstrap; statistic recomputed with grouped 5-fold OOF isotonic crosswalk for residual metrics.,Between-subgroup curve spread normalized by target IQR.
subgroup_curve_spread,adept,acti,isotonic,bmi_group,<25|25-<30|>=30,max_between_subgroup_spread_predicted_target,989.8734836592012,1030.587326148479,1771.8504208863876,300,300,8559,5482.084523809524,,,PSU-in-stratum bootstrap; statistic recomputed with grouped 5-fold OOF isotonic crosswalk for residual metrics.,"At each source-grid point, spread = max subgroup curve - min subgroup curve."
subgroup_curve_spread,adept,acti,isotonic,bmi_group,<25|25-<30|>=30,max_between_subgroup_spread_predicted_target_over_target_iqr,0.1805651626420626,0.1871901380869341,0.3269055227656273,300,300,8559,5482.084523809524,,,PSU-in-stratum bootstrap; statistic recomputed with grouped 5-fold OOF isotonic crosswalk for residual metrics.,Between-subgroup curve spread normalized by target IQR.
fullsample_oof_residual,adept,oak,isotonic,overall,all,mae,2255.7842322608744,2211.495812028435,2308.598149957039,300,300,8646,6887.578571428576,2255.7842322608744,0.0,PSU-in-stratum bootstrap; statistic recomputed with grouped 5-fold OOF isotonic crosswalk for residual metrics.,5-fold grouped OOF isotonic residual on target scale.
fullsample_oof_residual,adept,oak,isotonic,overall,all,rmse,3033.846412617419,2972.2182936215736,3097.073612563993,300,300,8646,6887.578571428576,3033.846412617419,0.0,PSU-in-stratum bootstrap; statistic recomputed with grouped 5-fold OOF isotonic crosswalk for residual metrics.,5-fold grouped OOF isotonic residual on target scale.
fullsample_oof_residual,adept,oak,isotonic,overall,all,abs_error_p95,6046.819177725261,5927.946452613906,6242.557829086064,300,300,8646,6887.578571428576,6046.819177725261,0.0,PSU-in-stratum bootstrap; statistic recomputed with grouped 5-fold OOF isotonic crosswalk for residual metrics.,5-fold grouped OOF isotonic residual on target scale.
fullsample_oof_residual,adept,oak,isotonic,overall,all,mae_per_target_iqr,0.3275148455828061,0.3213452387311468,0.3352491938368833,300,300,8646,6887.578571428576,0.3275148455828061,0.0,PSU-in-stratum bootstrap; statistic recomputed with grouped 5-fold OOF isotonic crosswalk for residual metrics.,MAE normalized by target algorithm IQR.
subgroup_curve_divergence,adept,oak,isotonic,age_group,20-39,p95_abs_subgroup_minus_full_predicted_target,935.3037093254025,800.6671563083532,1370.4694533695238,300,300,2757,6887.578571428576,,,PSU-in-stratum bootstrap; statistic recomputed with grouped 5-fold OOF isotonic crosswalk for residual metrics.,Subgroup-specific isotonic curve compared with full-sample curve.
subgroup_curve_divergence,adept,oak,isotonic,age_group,20-39,p95_abs_subgroup_minus_full_predicted_target_over_target_iqr,0.1357957226368755,0.1174247318681565,0.1997593334580079,300,300,2757,6887.578571428576,,,PSU-in-stratum bootstrap; statistic recomputed with grouped 5-fold OOF isotonic crosswalk for residual metrics.,Subgroup-specific isotonic curve divergence normalized by target IQR.
subgroup_curve_divergence,adept,oak,isotonic,age_group,20-39,max_abs_subgroup_minus_full_predicted_target,1163.2038144118617,1003.9689855639784,1945.4536029310225,300,300,2757,6887.578571428576,,,PSU-in-stratum bootstrap; statistic recomputed with grouped 5-fold OOF isotonic crosswalk for residual metrics.,Subgroup-specific isotonic curve compared with full-sample curve.
subgroup_curve_divergence,adept,oak,isotonic,age_group,20-39,max_abs_subgroup_minus_full_predicted_target_over_target_iqr,0.1688842896452936,0.1463911256725857,0.2852664353193144,300,300,2757,6887.578571428576,,,PSU-in-stratum bootstrap; statistic recomputed with grouped 5-fold OOF isotonic crosswalk for residual metrics.,Subgroup-specific isotonic curve divergence normalized by target IQR.
subgroup_curve_divergence,adept,oak,isotonic,age_group,40-59,p95_abs_subgroup_minus_full_predicted_target,505.21961353874576,441.3630108521712,783.8647616011508,300,300,2949,6887.578571428576,,,PSU-in-stratum bootstrap; statistic recomputed with grouped 5-fold OOF isotonic crosswalk for residual metrics.,Subgroup-specific isotonic curve compared with full-sample curve.
subgroup_curve_divergence,adept,oak,isotonic,age_group,40-59,p95_abs_subgroup_minus_full_predicted_target_over_target_iqr,0.0733522831426598,0.0642726456777597,0.1129699356392839,300,300,2949,6887.578571428576,,,PSU-in-stratum bootstrap; statistic recomputed with grouped 5-fold OOF isotonic crosswalk for residual metrics.,Subgroup-specific isotonic curve divergence normalized by target IQR.
subgroup_curve_divergence,adept,oak,isotonic,age_group,40-59,max_abs_subgroup_minus_full_predicted_target,931.0157473289146,567.1574068130572,1532.0600562772495,300,300,2949,6887.578571428576,,,PSU-in-stratum bootstrap; statistic recomputed with grouped 5-fold OOF isotonic crosswalk for residual metrics.,Subgroup-specific isotonic curve compared with full-sample curve.
subgroup_curve_divergence,adept,oak,isotonic,age_group,40-59,max_abs_subgroup_minus_full_predicted_target_over_target_iqr,0.1351731581242505,0.0824607013988259,0.2215285447667328,300,300,2949,6887.578571428576,,,PSU-in-stratum bootstrap; statistic recomputed with grouped 5-fold OOF isotonic crosswalk for residual metrics.,Subgroup-specific isotonic curve divergence normalized by target IQR.
subgroup_curve_divergence,adept,oak,isotonic,age_group,60+,p95_abs_subgroup_minus_full_predicted_target,2122.8451169396594,1718.699026481306,2732.4270076872326,300,300,2940,6887.578571428576,,,PSU-in-stratum bootstrap; statistic recomputed with grouped 5-fold OOF isotonic crosswalk for residual metrics.,Subgroup-specific isotonic curve compared with full-sample curve.
subgroup_curve_divergence,adept,oak,isotonic,age_group,60+,p95_abs_subgroup_minus_full_predicted_target_over_target_iqr,0.308213560821761,0.2484436845052067,0.4000090759048363,300,300,2940,6887.578571428576,,,PSU-in-stratum bootstrap; statistic recomputed with grouped 5-fold OOF isotonic crosswalk for residual metrics.,Subgroup-specific isotonic curve divergence normalized by target IQR.
subgroup_curve_divergence,adept,oak,isotonic,age_group,60+,max_abs_subgroup_minus_full_predicted_target,2676.8686191374636,1940.571723266965,3397.811566466434,300,300,2940,6887.578571428576,,,PSU-in-stratum bootstrap; statistic recomputed with grouped 5-fold OOF isotonic crosswalk for residual metrics.,Subgroup-specific isotonic curve compared with full-sample curve.
subgroup_curve_divergence,adept,oak,isotonic,age_group,60+,max_abs_subgroup_minus_full_predicted_target_over_target_iqr,0.388651627183143,0.2829795921857869,0.4939609515221142,300,300,2940,6887.578571428576,,,PSU-in-stratum bootstrap; statistic recomputed with grouped 5-fold OOF isotonic crosswalk for residual metrics.,Subgroup-specific isotonic curve divergence normalized by target IQR.
subgroup_curve_spread,adept,oak,isotonic,age_group,20-39|40-59|60+,p95_between_subgroup_spread_predicted_target,2952.7240947327064,2318.6602380807662,3995.883042001102,300,300,8646,6887.578571428576,,,PSU-in-stratum bootstrap; statistic recomputed with grouped 5-fold OOF isotonic crosswalk for residual metrics.,"At each source-grid point, spread = max subgroup curve - min subgroup curve."
subgroup_curve_spread,adept,oak,isotonic,age_group,20-39|40-59|60+,p95_between_subgroup_spread_predicted_target_over_target_iqr,0.4287027819880495,0.3384996845225246,0.578180913097456,300,300,8646,6887.578571428576,,,PSU-in-stratum bootstrap; statistic recomputed with grouped 5-fold OOF isotonic crosswalk for residual metrics.,Between-subgroup curve spread normalized by target IQR.
subgroup_curve_spread,adept,oak,isotonic,age_group,20-39|40-59|60+,max_between_subgroup_spread_predicted_target,2952.7240947327064,2572.2036197974453,4071.774380922648,300,300,8646,6887.578571428576,,,PSU-in-stratum bootstrap; statistic recomputed with grouped 5-fold OOF isotonic crosswalk for residual metrics.,"At each source-grid point, spread = max subgroup curve - min subgroup curve."
subgroup_curve_spread,adept,oak,isotonic,age_group,20-39|40-59|60+,max_between_subgroup_spread_predicted_target_over_target_iqr,0.4287027819880495,0.3752477923386665,0.5949260879454538,300,300,8646,6887.578571428576,,,PSU-in-stratum bootstrap; statistic recomputed with grouped 5-fold OOF isotonic crosswalk for residual metrics.,Between-subgroup curve spread normalized by target IQR.
subgroup_curve_divergence,adept,oak,isotonic,sex,male,p95_abs_subgroup_minus_full_predicted_target,1099.8253369058891,952.6458962264908,1191.5878212668626,300,300,4161,6887.578571428576,,,PSU-in-stratum bootstrap; statistic recomputed with grouped 5-fold OOF isotonic crosswalk for residual metrics.,Subgroup-specific isotonic curve compared with full-sample curve.
subgroup_curve_divergence,adept,oak,isotonic,sex,male,p95_abs_subgroup_minus_full_predicted_target_over_target_iqr,0.1596824378117796,0.1378484169952686,0.1738823670500777,300,300,4161,6887.578571428576,,,PSU-in-stratum bootstrap; statistic recomputed with grouped 5-fold OOF isotonic crosswalk for residual metrics.,Subgroup-specific isotonic curve divergence normalized by target IQR.
subgroup_curve_divergence,adept,oak,isotonic,sex,male,max_abs_subgroup_minus_full_predicted_target,1214.466831285863,1124.4887479486606,1584.7245994531977,300,300,4161,6887.578571428576,,,PSU-in-stratum bootstrap; statistic recomputed with grouped 5-fold OOF isotonic crosswalk for residual metrics.,Subgroup-specific isotonic curve compared with full-sample curve.
subgroup_curve_divergence,adept,oak,isotonic,sex,male,max_abs_subgroup_minus_full_predicted_target_over_target_iqr,0.1763271110000515,0.164652311988072,0.2310287126042279,300,300,4161,6887.578571428576,,,PSU-in-stratum bootstrap; statistic recomputed with grouped 5-fold OOF isotonic crosswalk for residual metrics.,Subgroup-specific isotonic curve divergence normalized by target IQR.
subgroup_curve_divergence,adept,oak,isotonic,sex,female,p95_abs_subgroup_minus_full_predicted_target,766.4351125217036,682.3094738180553,1054.1534040195506,300,300,4485,6887.578571428576,,,PSU-in-stratum bootstrap; statistic recomputed with grouped 5-fold OOF isotonic crosswalk for residual metrics.,Subgroup-specific isotonic curve compared with full-sample curve.
subgroup_curve_divergence,adept,oak,isotonic,sex,female,p95_abs_subgroup_minus_full_predicted_target_over_target_iqr,0.1112778757546332,0.0995515651510966,0.150904753464905,300,300,4485,6887.578571428576,,,PSU-in-stratum bootstrap; statistic recomputed with grouped 5-fold OOF isotonic crosswalk for residual metrics.,Subgroup-specific isotonic curve divergence normalized by target IQR.
subgroup_curve_divergence,adept,oak,isotonic,sex,female,max_abs_subgroup_minus_full_predicted_target,1051.3205442648689,833.8823068801089,1425.475621943749,300,300,4485,6887.578571428576,,,PSU-in-stratum bootstrap; statistic recomputed with grouped 5-fold OOF isotonic crosswalk for residual metrics.,Subgroup-specific isotonic curve compared with full-sample curve.
subgroup_curve_divergence,adept,oak,isotonic,sex,female,max_abs_subgroup_minus_full_predicted_target_over_target_iqr,0.152640080016802,0.121237855874318,0.2078689824699006,300,300,4485,6887.578571428576,,,PSU-in-stratum bootstrap; statistic recomputed with grouped 5-fold OOF isotonic crosswalk for residual metrics.,Subgroup-specific isotonic curve divergence normalized by target IQR.
subgroup_curve_spread,adept,oak,isotonic,sex,male|female,p95_between_subgroup_spread_predicted_target,1807.7913584353792,1573.7977291592483,1963.6389156547073,300,300,8646,6887.578571428576,,,PSU-in-stratum bootstrap; statistic recomputed with grouped 5-fold OOF isotonic crosswalk for residual metrics.,"At each source-grid point, spread = max subgroup curve - min subgroup curve."
subgroup_curve_spread,adept,oak,isotonic,sex,male|female,p95_between_subgroup_spread_predicted_target_over_target_iqr,0.2624712501915486,0.2303864673065417,0.2851913931816099,300,300,8646,6887.578571428576,,,PSU-in-stratum bootstrap; statistic recomputed with grouped 5-fold OOF isotonic crosswalk for residual metrics.,Between-subgroup curve spread normalized by target IQR.
subgroup_curve_spread,adept,oak,isotonic,sex,male|female,max_between_subgroup_spread_predicted_target,1979.06603757658,1841.383741747839,2468.0766339784705,300,300,8646,6887.578571428576,,,PSU-in-stratum bootstrap; statistic recomputed with grouped 5-fold OOF isotonic crosswalk for residual metrics.,"At each source-grid point, spread = max subgroup curve - min subgroup curve."
subgroup_curve_spread,adept,oak,isotonic,sex,male|female,max_between_subgroup_spread_predicted_target_over_target_iqr,0.2873384335368962,0.2653129345817677,0.3550055463170076,300,300,8646,6887.578571428576,,,PSU-in-stratum bootstrap; statistic recomputed with grouped 5-fold OOF isotonic crosswalk for residual metrics.,Between-subgroup curve spread normalized by target IQR.
subgroup_curve_divergence,adept,oak,isotonic,bmi_group,<25,p95_abs_subgroup_minus_full_predicted_target,673.9419172131638,527.9861126347545,1128.4063562059457,300,300,2572,6887.578571428576,,,PSU-in-stratum bootstrap; statistic recomputed with grouped 5-fold OOF isotonic crosswalk for residual metrics.,Subgroup-specific isotonic curve compared with full-sample curve.
subgroup_curve_divergence,adept,oak,isotonic,bmi_group,<25,p95_abs_subgroup_minus_full_predicted_target_over_target_iqr,0.0978488898854593,0.0765612435585037,0.1629537188455173,300,300,2572,6887.578571428576,,,PSU-in-stratum bootstrap; statistic recomputed with grouped 5-fold OOF isotonic crosswalk for residual metrics.,Subgroup-specific isotonic curve divergence normalized by target IQR.
subgroup_curve_divergence,adept,oak,isotonic,bmi_group,<25,max_abs_subgroup_minus_full_predicted_target,779.3666487455193,688.6351497634316,1610.716053124917,300,300,2572,6887.578571428576,,,PSU-in-stratum bootstrap; statistic recomputed with grouped 5-fold OOF isotonic crosswalk for residual metrics.,Subgroup-specific isotonic curve compared with full-sample curve.
subgroup_curve_divergence,adept,oak,isotonic,bmi_group,<25,max_abs_subgroup_minus_full_predicted_target_over_target_iqr,0.1131553913560463,0.0993428967250561,0.2359031907857924,300,300,2572,6887.578571428576,,,PSU-in-stratum bootstrap; statistic recomputed with grouped 5-fold OOF isotonic crosswalk for residual metrics.,Subgroup-specific isotonic curve divergence normalized by target IQR.
subgroup_curve_divergence,adept,oak,isotonic,bmi_group,25-<30,p95_abs_subgroup_minus_full_predicted_target,668.258510959939,568.7424531553809,1080.2942985182465,300,300,2741,6887.578571428576,,,PSU-in-stratum bootstrap; statistic recomputed with grouped 5-fold OOF isotonic crosswalk for residual metrics.,Subgroup-specific isotonic curve compared with full-sample curve.
subgroup_curve_divergence,adept,oak,isotonic,bmi_group,25-<30,p95_abs_subgroup_minus_full_predicted_target_over_target_iqr,0.0970237223473638,0.0828332939747493,0.1571429723051468,300,300,2741,6887.578571428576,,,PSU-in-stratum bootstrap; statistic recomputed with grouped 5-fold OOF isotonic crosswalk for residual metrics.,Subgroup-specific isotonic curve divergence normalized by target IQR.
subgroup_curve_divergence,adept,oak,isotonic,bmi_group,25-<30,max_abs_subgroup_minus_full_predicted_target,876.2915192743776,794.3458028281574,1457.0532548460662,300,300,2741,6887.578571428576,,,PSU-in-stratum bootstrap; statistic recomputed with grouped 5-fold OOF isotonic crosswalk for residual metrics.,Subgroup-specific isotonic curve compared with full-sample curve.
subgroup_curve_divergence,adept,oak,isotonic,bmi_group,25-<30,max_abs_subgroup_minus_full_predicted_target_over_target_iqr,0.1272278073036374,0.1156895539933882,0.2092925137480822,300,300,2741,6887.578571428576,,,PSU-in-stratum bootstrap; statistic recomputed with grouped 5-fold OOF isotonic crosswalk for residual metrics.,Subgroup-specific isotonic curve divergence normalized by target IQR.
subgroup_curve_divergence,adept,oak,isotonic,bmi_group,>=30,p95_abs_subgroup_minus_full_predicted_target,518.5001926739933,515.8681414769724,1040.118641071273,300,300,3246,6887.578571428576,,,PSU-in-stratum bootstrap; statistic recomputed with grouped 5-fold OOF isotonic crosswalk for residual metrics.,Subgroup-specific isotonic curve compared with full-sample curve.
subgroup_curve_divergence,adept,oak,isotonic,bmi_group,>=30,p95_abs_subgroup_minus_full_predicted_target_over_target_iqr,0.0752804759026436,0.0744094547808957,0.1522190338127014,300,300,3246,6887.578571428576,,,PSU-in-stratum bootstrap; statistic recomputed with grouped 5-fold OOF isotonic crosswalk for residual metrics.,Subgroup-specific isotonic curve divergence normalized by target IQR.
subgroup_curve_divergence,adept,oak,isotonic,bmi_group,>=30,max_abs_subgroup_minus_full_predicted_target,934.1766075037503,644.9692444282823,1488.6402708377293,300,300,3246,6887.578571428576,,,PSU-in-stratum bootstrap; statistic recomputed with grouped 5-fold OOF isotonic crosswalk for residual metrics.,Subgroup-specific isotonic curve compared with full-sample curve.
subgroup_curve_divergence,adept,oak,isotonic,bmi_group,>=30,max_abs_subgroup_minus_full_predicted_target_over_target_iqr,0.1356320799560751,0.0932728108969178,0.2175136717529144,300,300,3246,6887.578571428576,,,PSU-in-stratum bootstrap; statistic recomputed with grouped 5-fold OOF isotonic crosswalk for residual metrics.,Subgroup-specific isotonic curve divergence normalized by target IQR.
subgroup_curve_spread,adept,oak,isotonic,bmi_group,<25|25-<30|>=30,p95_between_subgroup_spread_predicted_target,1193.2402504948986,1084.3658987179729,1990.2621885551705,300,300,8559,6887.578571428576,,,PSU-in-stratum bootstrap; statistic recomputed with grouped 5-fold OOF isotonic crosswalk for residual metrics.,"At each source-grid point, spread = max subgroup curve - min subgroup curve."
subgroup_curve_spread,adept,oak,isotonic,bmi_group,<25|25-<30|>=30,p95_between_subgroup_spread_predicted_target_over_target_iqr,0.1732452469500329,0.1564566110546858,0.2914451879042894,300,300,8559,6887.578571428576,,,PSU-in-stratum bootstrap; statistic recomputed with grouped 5-fold OOF isotonic crosswalk for residual metrics.,Between-subgroup curve spread normalized by target IQR.
subgroup_curve_spread,adept,oak,isotonic,bmi_group,<25|25-<30|>=30,max_between_subgroup_spread_predicted_target,1368.004570578231,1304.7335400752645,2443.5664549220833,300,300,8559,6887.578571428576,,,PSU-in-stratum bootstrap; statistic recomputed with grouped 5-fold OOF isotonic crosswalk for residual metrics.,"At each source-grid point, spread = max subgroup curve - min subgroup curve."
subgroup_curve_spread,adept,oak,isotonic,bmi_group,<25|25-<30|>=30,max_between_subgroup_spread_predicted_target_over_target_iqr,0.1986190874472287,0.1900297483078881,0.3567399893171868,300,300,8559,6887.578571428576,,,PSU-in-stratum bootstrap; statistic recomputed with grouped 5-fold OOF isotonic crosswalk for residual metrics.,Between-subgroup curve spread normalized by target IQR.
fullsample_oof_residual,adept,scrf,isotonic,overall,all,mae,2633.778427747852,2577.595887493835,2687.903000248677,300,300,8646,7482.482142857143,2633.7784277478527,4.547473508864641e-13,PSU-in-stratum bootstrap; statistic recomputed with grouped 5-fold OOF isotonic crosswalk for residual metrics.,5-fold grouped OOF isotonic residual on target scale.
fullsample_oof_residual,adept,scrf,isotonic,overall,all,rmse,3684.13593196138,3588.786701270905,3766.864449277135,300,300,8646,7482.482142857143,3684.1359319613794,4.547473508864641e-13,PSU-in-stratum bootstrap; statistic recomputed with grouped 5-fold OOF isotonic crosswalk for residual metrics.,5-fold grouped OOF isotonic residual on target scale.
fullsample_oof_residual,adept,scrf,isotonic,overall,all,abs_error_p95,7198.229158475126,7013.186828521551,7421.2390831211505,300,300,8646,7482.482142857143,7198.229158475126,0.0,PSU-in-stratum bootstrap; statistic recomputed with grouped 5-fold OOF isotonic crosswalk for residual metrics.,5-fold grouped OOF isotonic residual on target scale.
fullsample_oof_residual,adept,scrf,isotonic,overall,all,mae_per_target_iqr,0.3519926112035008,0.3427053075541661,0.36032609514513,300,300,8646,7482.482142857143,0.3519926112035009,5.551115123125783e-17,PSU-in-stratum bootstrap; statistic recomputed with grouped 5-fold OOF isotonic crosswalk for residual metrics.,MAE normalized by target algorithm IQR.
subgroup_curve_divergence,adept,scrf,isotonic,age_group,20-39,p95_abs_subgroup_minus_full_predicted_target,1013.4793872674528,806.5324785344175,1483.535086140599,300,300,2757,7482.482142857143,,,PSU-in-stratum bootstrap; statistic recomputed with grouped 5-fold OOF isotonic crosswalk for residual metrics.,Subgroup-specific isotonic curve compared with full-sample curve.
subgroup_curve_divergence,adept,scrf,isotonic,age_group,20-39,p95_abs_subgroup_minus_full_predicted_target_over_target_iqr,0.1354469503458729,0.1080122406716292,0.1995341059171802,300,300,2757,7482.482142857143,,,PSU-in-stratum bootstrap; statistic recomputed with grouped 5-fold OOF isotonic crosswalk for residual metrics.,Subgroup-specific isotonic curve divergence normalized by target IQR.
subgroup_curve_divergence,adept,scrf,isotonic,age_group,20-39,max_abs_subgroup_minus_full_predicted_target,1319.4643819906778,1017.4789628311522,2437.1190225212085,300,300,2757,7482.482142857143,,,PSU-in-stratum bootstrap; statistic recomputed with grouped 5-fold OOF isotonic crosswalk for residual metrics.,Subgroup-specific isotonic curve compared with full-sample curve.
subgroup_curve_divergence,adept,scrf,isotonic,age_group,20-39,max_abs_subgroup_minus_full_predicted_target_over_target_iqr,0.1763404652091622,0.1368413213026321,0.3232237301241665,300,300,2757,7482.482142857143,,,PSU-in-stratum bootstrap; statistic recomputed with grouped 5-fold OOF isotonic crosswalk for residual metrics.,Subgroup-specific isotonic curve divergence normalized by target IQR.
subgroup_curve_divergence,adept,scrf,isotonic,age_group,40-59,p95_abs_subgroup_minus_full_predicted_target,679.1569047619068,541.6097156840192,960.03450058608,300,300,2949,7482.482142857143,,,PSU-in-stratum bootstrap; statistic recomputed with grouped 5-fold OOF isotonic crosswalk for residual metrics.,Subgroup-specific isotonic curve compared with full-sample curve.
subgroup_curve_divergence,adept,scrf,isotonic,age_group,40-59,p95_abs_subgroup_minus_full_predicted_target_over_target_iqr,0.0907662580137578,0.0720210385223246,0.1283112253436294,300,300,2949,7482.482142857143,,,PSU-in-stratum bootstrap; statistic recomputed with grouped 5-fold OOF isotonic crosswalk for residual metrics.,Subgroup-specific isotonic curve divergence normalized by target IQR.
subgroup_curve_divergence,adept,scrf,isotonic,age_group,40-59,max_abs_subgroup_minus_full_predicted_target,974.6077877255613,784.1002286070185,1652.488361403431,300,300,2949,7482.482142857143,,,PSU-in-stratum bootstrap; statistic recomputed with grouped 5-fold OOF isotonic crosswalk for residual metrics.,Subgroup-specific isotonic curve compared with full-sample curve.
subgroup_curve_divergence,adept,scrf,isotonic,age_group,40-59,max_abs_subgroup_minus_full_predicted_target_over_target_iqr,0.1302519363385226,0.1040461098043415,0.2213169697614813,300,300,2949,7482.482142857143,,,PSU-in-stratum bootstrap; statistic recomputed with grouped 5-fold OOF isotonic crosswalk for residual metrics.,Subgroup-specific isotonic curve divergence normalized by target IQR.
subgroup_curve_divergence,adept,scrf,isotonic,age_group,60+,p95_abs_subgroup_minus_full_predicted_target,2260.171331994952,1952.2872871428956,3320.4750600667517,300,300,2940,7482.482142857143,,,PSU-in-stratum bootstrap; statistic recomputed with grouped 5-fold OOF isotonic crosswalk for residual metrics.,Subgroup-specific isotonic curve compared with full-sample curve.
subgroup_curve_divergence,adept,scrf,isotonic,age_group,60+,p95_abs_subgroup_minus_full_predicted_target_over_target_iqr,0.3020617074445725,0.2606749068057722,0.4379080118969291,300,300,2940,7482.482142857143,,,PSU-in-stratum bootstrap; statistic recomputed with grouped 5-fold OOF isotonic crosswalk for residual metrics.,Subgroup-specific isotonic curve divergence normalized by target IQR.
subgroup_curve_divergence,adept,scrf,isotonic,age_group,60+,max_abs_subgroup_minus_full_predicted_target,3039.3609203205997,2175.197442156909,3870.868112398916,300,300,2940,7482.482142857143,,,PSU-in-stratum bootstrap; statistic recomputed with grouped 5-fold OOF isotonic crosswalk for residual metrics.,Subgroup-specific isotonic curve compared with full-sample curve.
subgroup_curve_divergence,adept,scrf,isotonic,age_group,60+,max_abs_subgroup_minus_full_predicted_target_over_target_iqr,0.4061968825708466,0.2921405523880387,0.5189463187099213,300,300,2940,7482.482142857143,,,PSU-in-stratum bootstrap; statistic recomputed with grouped 5-fold OOF isotonic crosswalk for residual metrics.,Subgroup-specific isotonic curve divergence normalized by target IQR.
subgroup_curve_spread,adept,scrf,isotonic,age_group,20-39|40-59|60+,p95_between_subgroup_spread_predicted_target,3273.650719262405,2485.197242894838,4489.4323303045885,300,300,8646,7482.482142857143,,,PSU-in-stratum bootstrap; statistic recomputed with grouped 5-fold OOF isotonic crosswalk for residual metrics.,"At each source-grid point, spread = max subgroup curve - min subgroup curve."
subgroup_curve_spread,adept,scrf,isotonic,age_group,20-39|40-59|60+,p95_between_subgroup_spread_predicted_target_over_target_iqr,0.4375086577904454,0.3333706840917005,0.5961187838344462,300,300,8646,7482.482142857143,,,PSU-in-stratum bootstrap; statistic recomputed with grouped 5-fold OOF isotonic crosswalk for residual metrics.,Between-subgroup curve spread normalized by target IQR.
subgroup_curve_spread,adept,scrf,isotonic,age_group,20-39|40-59|60+,max_between_subgroup_spread_predicted_target,3273.650719262405,2726.6851462920113,4803.2794972994825,300,300,8646,7482.482142857143,,,PSU-in-stratum bootstrap; statistic recomputed with grouped 5-fold OOF isotonic crosswalk for residual metrics.,"At each source-grid point, spread = max subgroup curve - min subgroup curve."
subgroup_curve_spread,adept,scrf,isotonic,age_group,20-39|40-59|60+,max_between_subgroup_spread_predicted_target_over_target_iqr,0.4375086577904454,0.3669713926228704,0.6357911443445304,300,300,8646,7482.482142857143,,,PSU-in-stratum bootstrap; statistic recomputed with grouped 5-fold OOF isotonic crosswalk for residual metrics.,Between-subgroup curve spread normalized by target IQR.
subgroup_curve_divergence,adept,scrf,isotonic,sex,male,p95_abs_subgroup_minus_full_predicted_target,804.252025093545,636.2009877909817,997.7124358498426,300,300,4161,7482.482142857143,,,PSU-in-stratum bootstrap; statistic recomputed with grouped 5-fold OOF isotonic crosswalk for residual metrics.,Subgroup-specific isotonic curve compared with full-sample curve.
subgroup_curve_divergence,adept,scrf,isotonic,sex,male,p95_abs_subgroup_minus_full_predicted_target_over_target_iqr,0.1074846567941752,0.0851189952596514,0.1316558885455629,300,300,4161,7482.482142857143,,,PSU-in-stratum bootstrap; statistic recomputed with grouped 5-fold OOF isotonic crosswalk for residual metrics.,Subgroup-specific isotonic curve divergence normalized by target IQR.
subgroup_curve_divergence,adept,scrf,isotonic,sex,male,max_abs_subgroup_minus_full_predicted_target,941.6306664096156,757.6829461162656,1498.108157843713,300,300,4161,7482.482142857143,,,PSU-in-stratum bootstrap; statistic recomputed with grouped 5-fold OOF isotonic crosswalk for residual metrics.,Subgroup-specific isotonic curve compared with full-sample curve.
subgroup_curve_divergence,adept,scrf,isotonic,sex,male,max_abs_subgroup_minus_full_predicted_target_over_target_iqr,0.1258446927679615,0.1010903968737055,0.1987347310427086,300,300,4161,7482.482142857143,,,PSU-in-stratum bootstrap; statistic recomputed with grouped 5-fold OOF isotonic crosswalk for residual metrics.,Subgroup-specific isotonic curve divergence normalized by target IQR.
subgroup_curve_divergence,adept,scrf,isotonic,sex,female,p95_abs_subgroup_minus_full_predicted_target,862.9675695013066,583.2120907454017,1489.849721823986,300,300,4485,7482.482142857143,,,PSU-in-stratum bootstrap; statistic recomputed with grouped 5-fold OOF isotonic crosswalk for residual metrics.,Subgroup-specific isotonic curve compared with full-sample curve.
subgroup_curve_divergence,adept,scrf,isotonic,sex,female,p95_abs_subgroup_minus_full_predicted_target_over_target_iqr,0.1153317245568176,0.0783644035608773,0.1975276771678944,300,300,4485,7482.482142857143,,,PSU-in-stratum bootstrap; statistic recomputed with grouped 5-fold OOF isotonic crosswalk for residual metrics.,Subgroup-specific isotonic curve divergence normalized by target IQR.
subgroup_curve_divergence,adept,scrf,isotonic,sex,female,max_abs_subgroup_minus_full_predicted_target,1529.1432440476165,810.4116237074846,1971.487871647859,300,300,4485,7482.482142857143,,,PSU-in-stratum bootstrap; statistic recomputed with grouped 5-fold OOF isotonic crosswalk for residual metrics.,Subgroup-specific isotonic curve compared with full-sample curve.
subgroup_curve_divergence,adept,scrf,isotonic,sex,female,max_abs_subgroup_minus_full_predicted_target_over_target_iqr,0.2043630996844213,0.1080846532244358,0.2630395850862175,300,300,4485,7482.482142857143,,,PSU-in-stratum bootstrap; statistic recomputed with grouped 5-fold OOF isotonic crosswalk for residual metrics.,Subgroup-specific isotonic curve divergence normalized by target IQR.
subgroup_curve_spread,adept,scrf,isotonic,sex,male|female,p95_between_subgroup_spread_predicted_target,1556.3039845376152,1133.757809986087,2262.2458067706093,300,300,8646,7482.482142857143,,,PSU-in-stratum bootstrap; statistic recomputed with grouped 5-fold OOF isotonic crosswalk for residual metrics.,"At each source-grid point, spread = max subgroup curve - min subgroup curve."
subgroup_curve_spread,adept,scrf,isotonic,sex,male|female,p95_between_subgroup_spread_predicted_target_over_target_iqr,0.2079930101835631,0.1507795501942858,0.302048516130426,300,300,8646,7482.482142857143,,,PSU-in-stratum bootstrap; statistic recomputed with grouped 5-fold OOF isotonic crosswalk for residual metrics.,Between-subgroup curve spread normalized by target IQR.
subgroup_curve_spread,adept,scrf,isotonic,sex,male|female,max_between_subgroup_spread_predicted_target,2101.6295710448667,1413.107157838138,2673.665796891173,300,300,8646,7482.482142857143,,,PSU-in-stratum bootstrap; statistic recomputed with grouped 5-fold OOF isotonic crosswalk for residual metrics.,"At each source-grid point, spread = max subgroup curve - min subgroup curve."
subgroup_curve_spread,adept,scrf,isotonic,sex,male|female,max_between_subgroup_spread_predicted_target_over_target_iqr,0.2808733159558696,0.1868438324046879,0.3581509965489661,300,300,8646,7482.482142857143,,,PSU-in-stratum bootstrap; statistic recomputed with grouped 5-fold OOF isotonic crosswalk for residual metrics.,Between-subgroup curve spread normalized by target IQR.
subgroup_curve_divergence,adept,scrf,isotonic,bmi_group,<25,p95_abs_subgroup_minus_full_predicted_target,753.8525451559926,585.3298052604301,1078.5867424320948,300,300,2572,7482.482142857143,,,PSU-in-stratum bootstrap; statistic recomputed with grouped 5-fold OOF isotonic crosswalk for residual metrics.,Subgroup-specific isotonic curve compared with full-sample curve.
subgroup_curve_divergence,adept,scrf,isotonic,bmi_group,<25,p95_abs_subgroup_minus_full_predicted_target_over_target_iqr,0.100748993550974,0.0783679549748155,0.1431924528676832,300,300,2572,7482.482142857143,,,PSU-in-stratum bootstrap; statistic recomputed with grouped 5-fold OOF isotonic crosswalk for residual metrics.,Subgroup-specific isotonic curve divergence normalized by target IQR.
subgroup_curve_divergence,adept,scrf,isotonic,bmi_group,<25,max_abs_subgroup_minus_full_predicted_target,1085.234765963196,823.1308256169146,1811.6950963043396,300,300,2572,7482.482142857143,,,PSU-in-stratum bootstrap; statistic recomputed with grouped 5-fold OOF isotonic crosswalk for residual metrics.,Subgroup-specific isotonic curve compared with full-sample curve.
subgroup_curve_divergence,adept,scrf,isotonic,bmi_group,<25,max_abs_subgroup_minus_full_predicted_target_over_target_iqr,0.1450367331646989,0.110474248975943,0.240498209574979,300,300,2572,7482.482142857143,,,PSU-in-stratum bootstrap; statistic recomputed with grouped 5-fold OOF isotonic crosswalk for residual metrics.,Subgroup-specific isotonic curve divergence normalized by target IQR.
subgroup_curve_divergence,adept,scrf,isotonic,bmi_group,25-<30,p95_abs_subgroup_minus_full_predicted_target,756.2088574611153,602.1278031586901,1368.2159868914198,300,300,2741,7482.482142857143,,,PSU-in-stratum bootstrap; statistic recomputed with grouped 5-fold OOF isotonic crosswalk for residual metrics.,Subgroup-specific isotonic curve compared with full-sample curve.
subgroup_curve_divergence,adept,scrf,isotonic,bmi_group,25-<30,p95_abs_subgroup_minus_full_predicted_target_over_target_iqr,0.101063904065979,0.0811016769924892,0.1824451981136305,300,300,2741,7482.482142857143,,,PSU-in-stratum bootstrap; statistic recomputed with grouped 5-fold OOF isotonic crosswalk for residual metrics.,Subgroup-specific isotonic curve divergence normalized by target IQR.
subgroup_curve_divergence,adept,scrf,isotonic,bmi_group,25-<30,max_abs_subgroup_minus_full_predicted_target,1198.0819886363606,794.0767961754243,2027.408663362108,300,300,2741,7482.482142857143,,,PSU-in-stratum bootstrap; statistic recomputed with grouped 5-fold OOF isotonic crosswalk for residual metrics.,Subgroup-specific isotonic curve compared with full-sample curve.
subgroup_curve_divergence,adept,scrf,isotonic,bmi_group,25-<30,max_abs_subgroup_minus_full_predicted_target_over_target_iqr,0.1601182556486369,0.1060572287674407,0.2754702875755458,300,300,2741,7482.482142857143,,,PSU-in-stratum bootstrap; statistic recomputed with grouped 5-fold OOF isotonic crosswalk for residual metrics.,Subgroup-specific isotonic curve divergence normalized by target IQR.
subgroup_curve_divergence,adept,scrf,isotonic,bmi_group,>=30,p95_abs_subgroup_minus_full_predicted_target,543.0410053739397,541.9002420673525,1119.8268044375116,300,300,3246,7482.482142857143,,,PSU-in-stratum bootstrap; statistic recomputed with grouped 5-fold OOF isotonic crosswalk for residual metrics.,Subgroup-specific isotonic curve compared with full-sample curve.
subgroup_curve_divergence,adept,scrf,isotonic,bmi_group,>=30,p95_abs_subgroup_minus_full_predicted_target_over_target_iqr,0.0725749818049793,0.0726995118856439,0.1482641787221305,300,300,3246,7482.482142857143,,,PSU-in-stratum bootstrap; statistic recomputed with grouped 5-fold OOF isotonic crosswalk for residual metrics.,Subgroup-specific isotonic curve divergence normalized by target IQR.
subgroup_curve_divergence,adept,scrf,isotonic,bmi_group,>=30,max_abs_subgroup_minus_full_predicted_target,1221.0770755878475,734.6114854913499,1947.3367511681404,300,300,3246,7482.482142857143,,,PSU-in-stratum bootstrap; statistic recomputed with grouped 5-fold OOF isotonic crosswalk for residual metrics.,Subgroup-specific isotonic curve compared with full-sample curve.
subgroup_curve_divergence,adept,scrf,isotonic,bmi_group,>=30,max_abs_subgroup_minus_full_predicted_target_over_target_iqr,0.1631914453352221,0.0964109763548127,0.2598707023761523,300,300,3246,7482.482142857143,,,PSU-in-stratum bootstrap; statistic recomputed with grouped 5-fold OOF isotonic crosswalk for residual metrics.,Subgroup-specific isotonic curve divergence normalized by target IQR.
subgroup_curve_spread,adept,scrf,isotonic,bmi_group,<25|25-<30|>=30,p95_between_subgroup_spread_predicted_target,1440.9936404220753,1171.0010316544403,2204.0921678059613,300,300,8559,7482.482142857143,,,PSU-in-stratum bootstrap; statistic recomputed with grouped 5-fold OOF isotonic crosswalk for residual metrics.,"At each source-grid point, spread = max subgroup curve - min subgroup curve."
subgroup_curve_spread,adept,scrf,isotonic,bmi_group,<25|25-<30|>=30,p95_between_subgroup_spread_predicted_target_over_target_iqr,0.192582302625027,0.1576150300010221,0.2974638808295661,300,300,8559,7482.482142857143,,,PSU-in-stratum bootstrap; statistic recomputed with grouped 5-fold OOF isotonic crosswalk for residual metrics.,Between-subgroup curve spread normalized by target IQR.
subgroup_curve_spread,adept,scrf,isotonic,bmi_group,<25|25-<30|>=30,max_between_subgroup_spread_predicted_target,2069.2835352891125,1472.3046324316542,3064.0868562072237,300,300,8559,7482.482142857143,,,PSU-in-stratum bootstrap; statistic recomputed with grouped 5-fold OOF isotonic crosswalk for residual metrics.,"At each source-grid point, spread = max subgroup curve - min subgroup curve."
subgroup_curve_spread,adept,scrf,isotonic,bmi_group,<25|25-<30|>=30,max_between_subgroup_spread_predicted_target_over_target_iqr,0.2765504141248733,0.1966721371828468,0.4077034756299172,300,300,8559,7482.482142857143,,,PSU-in-stratum bootstrap; statistic recomputed with grouped 5-fold OOF isotonic crosswalk for residual metrics.,Between-subgroup curve spread normalized by target IQR.
fullsample_oof_residual,adept,scssl,isotonic,overall,all,mae,1832.865565479829,1802.1000717981233,1868.392638216197,300,300,8646,5813.0,1832.8655654798297,4.547473508864641e-13,PSU-in-stratum bootstrap; statistic recomputed with grouped 5-fold OOF isotonic crosswalk for residual metrics.,5-fold grouped OOF isotonic residual on target scale.
fullsample_oof_residual,adept,scssl,isotonic,overall,all,rmse,2476.980137889517,2431.4848737744883,2533.891055713727,300,300,8646,5813.0,2476.980137889517,0.0,PSU-in-stratum bootstrap; statistic recomputed with grouped 5-fold OOF isotonic crosswalk for residual metrics.,5-fold grouped OOF isotonic residual on target scale.
fullsample_oof_residual,adept,scssl,isotonic,overall,all,abs_error_p95,4941.570104467901,4778.4438641815295,5053.754403316765,300,300,8646,5813.0,4941.570104467901,0.0,PSU-in-stratum bootstrap; statistic recomputed with grouped 5-fold OOF isotonic crosswalk for residual metrics.,5-fold grouped OOF isotonic residual on target scale.
fullsample_oof_residual,adept,scssl,isotonic,overall,all,mae_per_target_iqr,0.3153045872148338,0.3093954636849797,0.3247213613641438,300,300,8646,5813.0,0.3153045872148339,5.551115123125783e-17,PSU-in-stratum bootstrap; statistic recomputed with grouped 5-fold OOF isotonic crosswalk for residual metrics.,MAE normalized by target algorithm IQR.
subgroup_curve_divergence,adept,scssl,isotonic,age_group,20-39,p95_abs_subgroup_minus_full_predicted_target,1113.4181449502878,931.9133277352352,1226.3654509375856,300,300,2757,5813.0,,,PSU-in-stratum bootstrap; statistic recomputed with grouped 5-fold OOF isotonic crosswalk for residual metrics.,Subgroup-specific isotonic curve compared with full-sample curve.
subgroup_curve_divergence,adept,scssl,isotonic,age_group,20-39,p95_abs_subgroup_minus_full_predicted_target_over_target_iqr,0.1915393333821241,0.1612290803255616,0.2122336911425672,300,300,2757,5813.0,,,PSU-in-stratum bootstrap; statistic recomputed with grouped 5-fold OOF isotonic crosswalk for residual metrics.,Subgroup-specific isotonic curve divergence normalized by target IQR.
subgroup_curve_divergence,adept,scssl,isotonic,age_group,20-39,max_abs_subgroup_minus_full_predicted_target,1517.991487720201,1173.2752387147182,1827.9376337073693,300,300,2757,5813.0,,,PSU-in-stratum bootstrap; statistic recomputed with grouped 5-fold OOF isotonic crosswalk for residual metrics.,Subgroup-specific isotonic curve compared with full-sample curve.
subgroup_curve_divergence,adept,scssl,isotonic,age_group,20-39,max_abs_subgroup_minus_full_predicted_target_over_target_iqr,0.2611373624153106,0.2022664988962314,0.311924988468911,300,300,2757,5813.0,,,PSU-in-stratum bootstrap; statistic recomputed with grouped 5-fold OOF isotonic crosswalk for residual metrics.,Subgroup-specific isotonic curve divergence normalized by target IQR.
subgroup_curve_divergence,adept,scssl,isotonic,age_group,40-59,p95_abs_subgroup_minus_full_predicted_target,589.0839287294989,485.3231038309166,803.0308135547184,300,300,2949,5813.0,,,PSU-in-stratum bootstrap; statistic recomputed with grouped 5-fold OOF isotonic crosswalk for residual metrics.,Subgroup-specific isotonic curve compared with full-sample curve.
subgroup_curve_divergence,adept,scssl,isotonic,age_group,40-59,p95_abs_subgroup_minus_full_predicted_target_over_target_iqr,0.1013390553465506,0.0826950694314818,0.1389639127884171,300,300,2949,5813.0,,,PSU-in-stratum bootstrap; statistic recomputed with grouped 5-fold OOF isotonic crosswalk for residual metrics.,Subgroup-specific isotonic curve divergence normalized by target IQR.
subgroup_curve_divergence,adept,scssl,isotonic,age_group,40-59,max_abs_subgroup_minus_full_predicted_target,906.315445665447,737.6016230064279,1475.905921989037,300,300,2949,5813.0,,,PSU-in-stratum bootstrap; statistic recomputed with grouped 5-fold OOF isotonic crosswalk for residual metrics.,Subgroup-specific isotonic curve compared with full-sample curve.
subgroup_curve_divergence,adept,scssl,isotonic,age_group,40-59,max_abs_subgroup_minus_full_predicted_target_over_target_iqr,0.1559118261939527,0.1266978151329102,0.2544017230917454,300,300,2949,5813.0,,,PSU-in-stratum bootstrap; statistic recomputed with grouped 5-fold OOF isotonic crosswalk for residual metrics.,Subgroup-specific isotonic curve divergence normalized by target IQR.
subgroup_curve_divergence,adept,scssl,isotonic,age_group,60+,p95_abs_subgroup_minus_full_predicted_target,1427.142629974698,741.8860725532161,1944.932782260572,300,300,2940,5813.0,,,PSU-in-stratum bootstrap; statistic recomputed with grouped 5-fold OOF isotonic crosswalk for residual metrics.,Subgroup-specific isotonic curve compared with full-sample curve.
subgroup_curve_divergence,adept,scssl,isotonic,age_group,60+,p95_abs_subgroup_minus_full_predicted_target_over_target_iqr,0.2455087957981589,0.1288211890652091,0.3360067920768573,300,300,2940,5813.0,,,PSU-in-stratum bootstrap; statistic recomputed with grouped 5-fold OOF isotonic crosswalk for residual metrics.,Subgroup-specific isotonic curve divergence normalized by target IQR.
subgroup_curve_divergence,adept,scssl,isotonic,age_group,60+,max_abs_subgroup_minus_full_predicted_target,1473.560800798583,968.390966075944,2329.078757684503,300,300,2940,5813.0,,,PSU-in-stratum bootstrap; statistic recomputed with grouped 5-fold OOF isotonic crosswalk for residual metrics.,Subgroup-specific isotonic curve compared with full-sample curve.
subgroup_curve_divergence,adept,scssl,isotonic,age_group,60+,max_abs_subgroup_minus_full_predicted_target_over_target_iqr,0.2534940307584006,0.1698563828851496,0.4045695113642149,300,300,2940,5813.0,,,PSU-in-stratum bootstrap; statistic recomputed with grouped 5-fold OOF isotonic crosswalk for residual metrics.,Subgroup-specific isotonic curve divergence normalized by target IQR.
subgroup_curve_spread,adept,scssl,isotonic,age_group,20-39|40-59|60+,p95_between_subgroup_spread_predicted_target,1628.9188822751348,1457.2344698276834,2432.866906802485,300,300,8646,5813.0,,,PSU-in-stratum bootstrap; statistic recomputed with grouped 5-fold OOF isotonic crosswalk for residual metrics.,"At each source-grid point, spread = max subgroup curve - min subgroup curve."
subgroup_curve_spread,adept,scssl,isotonic,age_group,20-39|40-59|60+,p95_between_subgroup_spread_predicted_target_over_target_iqr,0.2802200038319516,0.2500787548412494,0.4190937718071808,300,300,8646,5813.0,,,PSU-in-stratum bootstrap; statistic recomputed with grouped 5-fold OOF isotonic crosswalk for residual metrics.,Between-subgroup curve spread normalized by target IQR.
subgroup_curve_spread,adept,scssl,isotonic,age_group,20-39|40-59|60+,max_between_subgroup_spread_predicted_target,2237.9429937313143,1713.8558289840023,2799.0726723004277,300,300,8646,5813.0,,,PSU-in-stratum bootstrap; statistic recomputed with grouped 5-fold OOF isotonic crosswalk for residual metrics.,"At each source-grid point, spread = max subgroup curve - min subgroup curve."
subgroup_curve_spread,adept,scssl,isotonic,age_group,20-39|40-59|60+,max_between_subgroup_spread_predicted_target_over_target_iqr,0.3849893331724263,0.2969895071679684,0.479681617249521,300,300,8646,5813.0,,,PSU-in-stratum bootstrap; statistic recomputed with grouped 5-fold OOF isotonic crosswalk for residual metrics.,Between-subgroup curve spread normalized by target IQR.
subgroup_curve_divergence,adept,scssl,isotonic,sex,male,p95_abs_subgroup_minus_full_predicted_target,481.31405314262565,325.5108714202118,630.3357512110488,300,300,4161,5813.0,,,PSU-in-stratum bootstrap; statistic recomputed with grouped 5-fold OOF isotonic crosswalk for residual metrics.,Subgroup-specific isotonic curve compared with full-sample curve.
subgroup_curve_divergence,adept,scssl,isotonic,sex,male,p95_abs_subgroup_minus_full_predicted_target_over_target_iqr,0.0827995962743206,0.056435018745729,0.1084127138862587,300,300,4161,5813.0,,,PSU-in-stratum bootstrap; statistic recomputed with grouped 5-fold OOF isotonic crosswalk for residual metrics.,Subgroup-specific isotonic curve divergence normalized by target IQR.
subgroup_curve_divergence,adept,scssl,isotonic,sex,male,max_abs_subgroup_minus_full_predicted_target,989.4700923547643,454.8925797941591,1240.2367961829132,300,300,4161,5813.0,,,PSU-in-stratum bootstrap; statistic recomputed with grouped 5-fold OOF isotonic crosswalk for residual metrics.,Subgroup-specific isotonic curve compared with full-sample curve.
subgroup_curve_divergence,adept,scssl,isotonic,sex,male,max_abs_subgroup_minus_full_predicted_target_over_target_iqr,0.1702167714355349,0.0775026707893126,0.2149772350497562,300,300,4161,5813.0,,,PSU-in-stratum bootstrap; statistic recomputed with grouped 5-fold OOF isotonic crosswalk for residual metrics.,Subgroup-specific isotonic curve divergence normalized by target IQR.
subgroup_curve_divergence,adept,scssl,isotonic,sex,female,p95_abs_subgroup_minus_full_predicted_target,712.4247831016455,443.27060006670064,1050.9583188952668,300,300,4485,5813.0,,,PSU-in-stratum bootstrap; statistic recomputed with grouped 5-fold OOF isotonic crosswalk for residual metrics.,Subgroup-specific isotonic curve compared with full-sample curve.
subgroup_curve_divergence,adept,scssl,isotonic,sex,female,p95_abs_subgroup_minus_full_predicted_target_over_target_iqr,0.1225571620680621,0.0764753048277128,0.1817019512023436,300,300,4485,5813.0,,,PSU-in-stratum bootstrap; statistic recomputed with grouped 5-fold OOF isotonic crosswalk for residual metrics.,Subgroup-specific isotonic curve divergence normalized by target IQR.
subgroup_curve_divergence,adept,scssl,isotonic,sex,female,max_abs_subgroup_minus_full_predicted_target,1211.244198790626,700.9564127618064,1571.6051383609183,300,300,4485,5813.0,,,PSU-in-stratum bootstrap; statistic recomputed with grouped 5-fold OOF isotonic crosswalk for residual metrics.,Subgroup-specific isotonic curve compared with full-sample curve.
subgroup_curve_divergence,adept,scssl,isotonic,sex,female,max_abs_subgroup_minus_full_predicted_target_over_target_iqr,0.2083681745726175,0.1201561206469294,0.276030124342948,300,300,4485,5813.0,,,PSU-in-stratum bootstrap; statistic recomputed with grouped 5-fold OOF isotonic crosswalk for residual metrics.,Subgroup-specific isotonic curve divergence normalized by target IQR.
subgroup_curve_spread,adept,scssl,isotonic,sex,male|female,p95_between_subgroup_spread_predicted_target,1208.912818740402,737.1163713613224,1571.9168345847222,300,300,8646,5813.0,,,PSU-in-stratum bootstrap; statistic recomputed with grouped 5-fold OOF isotonic crosswalk for residual metrics.,"At each source-grid point, spread = max subgroup curve - min subgroup curve."
subgroup_curve_spread,adept,scssl,isotonic,sex,male|female,p95_between_subgroup_spread_predicted_target_over_target_iqr,0.2079671114296236,0.1281284019112634,0.2713101655830326,300,300,8646,5813.0,,,PSU-in-stratum bootstrap; statistic recomputed with grouped 5-fold OOF isotonic crosswalk for residual metrics.,Between-subgroup curve spread normalized by target IQR.
subgroup_curve_spread,adept,scssl,isotonic,sex,male|female,max_between_subgroup_spread_predicted_target,1547.4823870573837,990.9535297416036,2134.2176518016695,300,300,8646,5813.0,,,PSU-in-stratum bootstrap; statistic recomputed with grouped 5-fold OOF isotonic crosswalk for residual metrics.,"At each source-grid point, spread = max subgroup curve - min subgroup curve."
subgroup_curve_spread,adept,scssl,isotonic,sex,male|female,max_between_subgroup_spread_predicted_target_over_target_iqr,0.2662106291170452,0.1710978660371272,0.3693765413421322,300,300,8646,5813.0,,,PSU-in-stratum bootstrap; statistic recomputed with grouped 5-fold OOF isotonic crosswalk for residual metrics.,Between-subgroup curve spread normalized by target IQR.
subgroup_curve_divergence,adept,scssl,isotonic,bmi_group,<25,p95_abs_subgroup_minus_full_predicted_target,583.3813825530233,419.4399115764988,775.7335582354166,300,300,2572,5813.0,,,PSU-in-stratum bootstrap; statistic recomputed with grouped 5-fold OOF isotonic crosswalk for residual metrics.,Subgroup-specific isotonic curve compared with full-sample curve.
subgroup_curve_divergence,adept,scssl,isotonic,bmi_group,<25,p95_abs_subgroup_minus_full_predicted_target_over_target_iqr,0.1003580565203893,0.0719085414616479,0.1332767917594315,300,300,2572,5813.0,,,PSU-in-stratum bootstrap; statistic recomputed with grouped 5-fold OOF isotonic crosswalk for residual metrics.,Subgroup-specific isotonic curve divergence normalized by target IQR.
subgroup_curve_divergence,adept,scssl,isotonic,bmi_group,<25,max_abs_subgroup_minus_full_predicted_target,742.3231969675762,601.7845281818721,1259.3733133296294,300,300,2572,5813.0,,,PSU-in-stratum bootstrap; statistic recomputed with grouped 5-fold OOF isotonic crosswalk for residual metrics.,Subgroup-specific isotonic curve compared with full-sample curve.
subgroup_curve_divergence,adept,scssl,isotonic,bmi_group,<25,max_abs_subgroup_minus_full_predicted_target_over_target_iqr,0.1277005327657967,0.10226165451606,0.216342531495411,300,300,2572,5813.0,,,PSU-in-stratum bootstrap; statistic recomputed with grouped 5-fold OOF isotonic crosswalk for residual metrics.,Subgroup-specific isotonic curve divergence normalized by target IQR.
subgroup_curve_divergence,adept,scssl,isotonic,bmi_group,25-<30,p95_abs_subgroup_minus_full_predicted_target,593.6874505928863,510.6816489856301,1071.75910077984,300,300,2741,5813.0,,,PSU-in-stratum bootstrap; statistic recomputed with grouped 5-fold OOF isotonic crosswalk for residual metrics.,Subgroup-specific isotonic curve compared with full-sample curve.
subgroup_curve_divergence,adept,scssl,isotonic,bmi_group,25-<30,p95_abs_subgroup_minus_full_predicted_target_over_target_iqr,0.1021309909844979,0.0889394329645891,0.1853341230436214,300,300,2741,5813.0,,,PSU-in-stratum bootstrap; statistic recomputed with grouped 5-fold OOF isotonic crosswalk for residual metrics.,Subgroup-specific isotonic curve divergence normalized by target IQR.
subgroup_curve_divergence,adept,scssl,isotonic,bmi_group,25-<30,max_abs_subgroup_minus_full_predicted_target,956.0278555866772,676.1103407780001,1576.6786179156168,300,300,2741,5813.0,,,PSU-in-stratum bootstrap; statistic recomputed with grouped 5-fold OOF isotonic crosswalk for residual metrics.,Subgroup-specific isotonic curve compared with full-sample curve.
subgroup_curve_divergence,adept,scssl,isotonic,bmi_group,25-<30,max_abs_subgroup_minus_full_predicted_target_over_target_iqr,0.1644637632180762,0.1168400955429864,0.2715703608160312,300,300,2741,5813.0,,,PSU-in-stratum bootstrap; statistic recomputed with grouped 5-fold OOF isotonic crosswalk for residual metrics.,Subgroup-specific isotonic curve divergence normalized by target IQR.
subgroup_curve_divergence,adept,scssl,isotonic,bmi_group,>=30,p95_abs_subgroup_minus_full_predicted_target,558.6081052048721,415.9567658993478,1040.2265191834804,300,300,3246,5813.0,,,PSU-in-stratum bootstrap; statistic recomputed with grouped 5-fold OOF isotonic crosswalk for residual metrics.,Subgroup-specific isotonic curve compared with full-sample curve.
subgroup_curve_divergence,adept,scssl,isotonic,bmi_group,>=30,p95_abs_subgroup_minus_full_predicted_target_over_target_iqr,0.0960963538972771,0.0715686311051245,0.178652564753197,300,300,3246,5813.0,,,PSU-in-stratum bootstrap; statistic recomputed with grouped 5-fold OOF isotonic crosswalk for residual metrics.,Subgroup-specific isotonic curve divergence normalized by target IQR.
subgroup_curve_divergence,adept,scssl,isotonic,bmi_group,>=30,max_abs_subgroup_minus_full_predicted_target,686.0296443750558,622.7899062824349,1472.8445971245103,300,300,3246,5813.0,,,PSU-in-stratum bootstrap; statistic recomputed with grouped 5-fold OOF isotonic crosswalk for residual metrics.,Subgroup-specific isotonic curve compared with full-sample curve.
subgroup_curve_divergence,adept,scssl,isotonic,bmi_group,>=30,max_abs_subgroup_minus_full_predicted_target_over_target_iqr,0.1180164535308886,0.1070695421183508,0.248873545633172,300,300,3246,5813.0,,,PSU-in-stratum bootstrap; statistic recomputed with grouped 5-fold OOF isotonic crosswalk for residual metrics.,Subgroup-specific isotonic curve divergence normalized by target IQR.
subgroup_curve_spread,adept,scssl,isotonic,bmi_group,<25|25-<30|>=30,p95_between_subgroup_spread_predicted_target,1199.531636865273,983.06491561645,1880.2841849479871,300,300,8559,5813.0,,,PSU-in-stratum bootstrap; statistic recomputed with grouped 5-fold OOF isotonic crosswalk for residual metrics.,"At each source-grid point, spread = max subgroup curve - min subgroup curve."
subgroup_curve_spread,adept,scssl,isotonic,bmi_group,<25|25-<30|>=30,p95_between_subgroup_spread_predicted_target_over_target_iqr,0.2063532834793175,0.1704473303051839,0.3181315453248898,300,300,8559,5813.0,,,PSU-in-stratum bootstrap; statistic recomputed with grouped 5-fold OOF isotonic crosswalk for residual metrics.,Between-subgroup curve spread normalized by target IQR.
subgroup_curve_spread,adept,scssl,isotonic,bmi_group,<25|25-<30|>=30,max_between_subgroup_spread_predicted_target,1581.3192839241,1196.2996425477145,2124.268452391271,300,300,8559,5813.0,,,PSU-in-stratum bootstrap; statistic recomputed with grouped 5-fold OOF isotonic crosswalk for residual metrics.,"At each source-grid point, spread = max subgroup curve - min subgroup curve."
subgroup_curve_spread,adept,scssl,isotonic,bmi_group,<25|25-<30|>=30,max_between_subgroup_spread_predicted_target_over_target_iqr,0.2720315300058661,0.2057848042951958,0.3678559628182996,300,300,8559,5813.0,,,PSU-in-stratum bootstrap; statistic recomputed with grouped 5-fold OOF isotonic crosswalk for residual metrics.,Between-subgroup curve spread normalized by target IQR.
fullsample_oof_residual,adept,vs,isotonic,overall,all,mae,1852.5200549193069,1821.0045023649477,1887.723060111234,300,300,8646,5559.857142857143,1852.520054919307,2.273736754432321e-13,PSU-in-stratum bootstrap; statistic recomputed with grouped 5-fold OOF isotonic crosswalk for residual metrics.,5-fold grouped OOF isotonic residual on target scale.
fullsample_oof_residual,adept,vs,isotonic,overall,all,rmse,2485.6496788205704,2442.2155056172205,2531.277979443776,300,300,8646,5559.857142857143,2485.6496788205704,0.0,PSU-in-stratum bootstrap; statistic recomputed with grouped 5-fold OOF isotonic crosswalk for residual metrics.,5-fold grouped OOF isotonic residual on target scale.
fullsample_oof_residual,adept,vs,isotonic,overall,all,abs_error_p95,4890.2517953987135,4791.784831796585,5049.728023386478,300,300,8646,5559.857142857143,4890.2517953987135,0.0,PSU-in-stratum bootstrap; statistic recomputed with grouped 5-fold OOF isotonic crosswalk for residual metrics.,5-fold grouped OOF isotonic residual on target scale.
fullsample_oof_residual,adept,vs,isotonic,overall,all,mae_per_target_iqr,0.3331956212758588,0.3277500944117572,0.3406022783002403,300,300,8646,5559.857142857143,0.3331956212758588,5.551115123125783e-17,PSU-in-stratum bootstrap; statistic recomputed with grouped 5-fold OOF isotonic crosswalk for residual metrics.,MAE normalized by target algorithm IQR.
subgroup_curve_divergence,adept,vs,isotonic,age_group,20-39,p95_abs_subgroup_minus_full_predicted_target,757.762652736461,569.9569240980882,1056.017988973177,300,300,2757,5559.857142857143,,,PSU-in-stratum bootstrap; statistic recomputed with grouped 5-fold OOF isotonic crosswalk for residual metrics.,Subgroup-specific isotonic curve compared with full-sample curve.
subgroup_curve_divergence,adept,vs,isotonic,age_group,20-39,p95_abs_subgroup_minus_full_predicted_target_over_target_iqr,0.1362917487385397,0.1032622229514784,0.1903478602467335,300,300,2757,5559.857142857143,,,PSU-in-stratum bootstrap; statistic recomputed with grouped 5-fold OOF isotonic crosswalk for residual metrics.,Subgroup-specific isotonic curve divergence normalized by target IQR.
subgroup_curve_divergence,adept,vs,isotonic,age_group,20-39,max_abs_subgroup_minus_full_predicted_target,956.3025889724304,752.5420243107014,1535.8335012583468,300,300,2757,5559.857142857143,,,PSU-in-stratum bootstrap; statistic recomputed with grouped 5-fold OOF isotonic crosswalk for residual metrics.,Subgroup-specific isotonic curve compared with full-sample curve.
subgroup_curve_divergence,adept,vs,isotonic,age_group,20-39,max_abs_subgroup_minus_full_predicted_target_over_target_iqr,0.1720012878749971,0.1345799431316542,0.2747957447740937,300,300,2757,5559.857142857143,,,PSU-in-stratum bootstrap; statistic recomputed with grouped 5-fold OOF isotonic crosswalk for residual metrics.,Subgroup-specific isotonic curve divergence normalized by target IQR.
subgroup_curve_divergence,adept,vs,isotonic,age_group,40-59,p95_abs_subgroup_minus_full_predicted_target,405.62222413003656,356.6494838328362,641.0814477982323,300,300,2949,5559.857142857143,,,PSU-in-stratum bootstrap; statistic recomputed with grouped 5-fold OOF isotonic crosswalk for residual metrics.,Subgroup-specific isotonic curve compared with full-sample curve.
subgroup_curve_divergence,adept,vs,isotonic,age_group,40-59,p95_abs_subgroup_minus_full_predicted_target_over_target_iqr,0.0729555119327386,0.0637914838846091,0.1154110313247412,300,300,2949,5559.857142857143,,,PSU-in-stratum bootstrap; statistic recomputed with grouped 5-fold OOF isotonic crosswalk for residual metrics.,Subgroup-specific isotonic curve divergence normalized by target IQR.
subgroup_curve_divergence,adept,vs,isotonic,age_group,40-59,max_abs_subgroup_minus_full_predicted_target,747.2778670709304,498.22415148361273,1058.7671743951537,300,300,2949,5559.857142857143,,,PSU-in-stratum bootstrap; statistic recomputed with grouped 5-fold OOF isotonic crosswalk for residual metrics.,Subgroup-specific isotonic curve compared with full-sample curve.
subgroup_curve_divergence,adept,vs,isotonic,age_group,40-59,max_abs_subgroup_minus_full_predicted_target_over_target_iqr,0.1344059474677281,0.0902552635453763,0.1885897834853997,300,300,2949,5559.857142857143,,,PSU-in-stratum bootstrap; statistic recomputed with grouped 5-fold OOF isotonic crosswalk for residual metrics.,Subgroup-specific isotonic curve divergence normalized by target IQR.
subgroup_curve_divergence,adept,vs,isotonic,age_group,60+,p95_abs_subgroup_minus_full_predicted_target,1308.6620590935163,1013.613004389398,1905.621658122324,300,300,2940,5559.857142857143,,,PSU-in-stratum bootstrap; statistic recomputed with grouped 5-fold OOF isotonic crosswalk for residual metrics.,Subgroup-specific isotonic curve compared with full-sample curve.
subgroup_curve_divergence,adept,vs,isotonic,age_group,60+,p95_abs_subgroup_minus_full_predicted_target_over_target_iqr,0.2353769216489276,0.1828064656262868,0.3443298282547438,300,300,2940,5559.857142857143,,,PSU-in-stratum bootstrap; statistic recomputed with grouped 5-fold OOF isotonic crosswalk for residual metrics.,Subgroup-specific isotonic curve divergence normalized by target IQR.
subgroup_curve_divergence,adept,vs,isotonic,age_group,60+,max_abs_subgroup_minus_full_predicted_target,1655.6008844903429,1181.6346073694626,2331.0380909836804,300,300,2940,5559.857142857143,,,PSU-in-stratum bootstrap; statistic recomputed with grouped 5-fold OOF isotonic crosswalk for residual metrics.,Subgroup-specific isotonic curve compared with full-sample curve.
subgroup_curve_divergence,adept,vs,isotonic,age_group,60+,max_abs_subgroup_minus_full_predicted_target_over_target_iqr,0.2977775942709832,0.2125297553581377,0.4189325913514631,300,300,2940,5559.857142857143,,,PSU-in-stratum bootstrap; statistic recomputed with grouped 5-fold OOF isotonic crosswalk for residual metrics.,Subgroup-specific isotonic curve divergence normalized by target IQR.
subgroup_curve_spread,adept,vs,isotonic,age_group,20-39|40-59|60+,p95_between_subgroup_spread_predicted_target,2264.9646480659467,1531.2913626785405,2954.218953209209,300,300,8646,5559.857142857143,,,PSU-in-stratum bootstrap; statistic recomputed with grouped 5-fold OOF isotonic crosswalk for residual metrics.,"At each source-grid point, spread = max subgroup curve - min subgroup curve."
subgroup_curve_spread,adept,vs,isotonic,age_group,20-39|40-59|60+,p95_between_subgroup_spread_predicted_target_over_target_iqr,0.4073782095239247,0.2772978928804301,0.5284874826746458,300,300,8646,5559.857142857143,,,PSU-in-stratum bootstrap; statistic recomputed with grouped 5-fold OOF isotonic crosswalk for residual metrics.,Between-subgroup curve spread normalized by target IQR.
subgroup_curve_spread,adept,vs,isotonic,age_group,20-39|40-59|60+,max_between_subgroup_spread_predicted_target,2264.9646480659467,1637.4884384117731,3046.2707590928467,300,300,8646,5559.857142857143,,,PSU-in-stratum bootstrap; statistic recomputed with grouped 5-fold OOF isotonic crosswalk for residual metrics.,"At each source-grid point, spread = max subgroup curve - min subgroup curve."
subgroup_curve_spread,adept,vs,isotonic,age_group,20-39|40-59|60+,max_between_subgroup_spread_predicted_target_over_target_iqr,0.4073782095239247,0.2958220256924761,0.5516632784546255,300,300,8646,5559.857142857143,,,PSU-in-stratum bootstrap; statistic recomputed with grouped 5-fold OOF isotonic crosswalk for residual metrics.,Between-subgroup curve spread normalized by target IQR.
subgroup_curve_divergence,adept,vs,isotonic,sex,male,p95_abs_subgroup_minus_full_predicted_target,712.1146622934921,655.068319728395,844.9357074760089,300,300,4161,5559.857142857143,,,PSU-in-stratum bootstrap; statistic recomputed with grouped 5-fold OOF isotonic crosswalk for residual metrics.,Subgroup-specific isotonic curve compared with full-sample curve.
subgroup_curve_divergence,adept,vs,isotonic,sex,male,p95_abs_subgroup_minus_full_predicted_target_over_target_iqr,0.1280814675622303,0.1181144806511732,0.152891531545899,300,300,4161,5559.857142857143,,,PSU-in-stratum bootstrap; statistic recomputed with grouped 5-fold OOF isotonic crosswalk for residual metrics.,Subgroup-specific isotonic curve divergence normalized by target IQR.
subgroup_curve_divergence,adept,vs,isotonic,sex,male,max_abs_subgroup_minus_full_predicted_target,904.3138172051948,779.5461107271775,1213.1073614286952,300,300,4161,5559.857142857143,,,PSU-in-stratum bootstrap; statistic recomputed with grouped 5-fold OOF isotonic crosswalk for residual metrics.,Subgroup-specific isotonic curve compared with full-sample curve.
subgroup_curve_divergence,adept,vs,isotonic,sex,male,max_abs_subgroup_minus_full_predicted_target_over_target_iqr,0.1626505491003459,0.1382659319803243,0.2174694909992996,300,300,4161,5559.857142857143,,,PSU-in-stratum bootstrap; statistic recomputed with grouped 5-fold OOF isotonic crosswalk for residual metrics.,Subgroup-specific isotonic curve divergence normalized by target IQR.
subgroup_curve_divergence,adept,vs,isotonic,sex,female,p95_abs_subgroup_minus_full_predicted_target,541.4274356772385,492.4068619626844,748.075000618029,300,300,4485,5559.857142857143,,,PSU-in-stratum bootstrap; statistic recomputed with grouped 5-fold OOF isotonic crosswalk for residual metrics.,Subgroup-specific isotonic curve compared with full-sample curve.
subgroup_curve_divergence,adept,vs,isotonic,sex,female,p95_abs_subgroup_minus_full_predicted_target_over_target_iqr,0.097381537288745,0.0887375725685106,0.1334106803270163,300,300,4485,5559.857142857143,,,PSU-in-stratum bootstrap; statistic recomputed with grouped 5-fold OOF isotonic crosswalk for residual metrics.,Subgroup-specific isotonic curve divergence normalized by target IQR.
subgroup_curve_divergence,adept,vs,isotonic,sex,female,max_abs_subgroup_minus_full_predicted_target,807.5392229437166,609.3012922739434,1276.7081559911642,300,300,4485,5559.857142857143,,,PSU-in-stratum bootstrap; statistic recomputed with grouped 5-fold OOF isotonic crosswalk for residual metrics.,Subgroup-specific isotonic curve compared with full-sample curve.
subgroup_curve_divergence,adept,vs,isotonic,sex,female,max_abs_subgroup_minus_full_predicted_target_over_target_iqr,0.1452445993115449,0.1088066210338142,0.2319274192938827,300,300,4485,5559.857142857143,,,PSU-in-stratum bootstrap; statistic recomputed with grouped 5-fold OOF isotonic crosswalk for residual metrics.,Subgroup-specific isotonic curve divergence normalized by target IQR.
subgroup_curve_spread,adept,vs,isotonic,sex,male|female,p95_between_subgroup_spread_predicted_target,1234.724655233751,1118.01166060843,1434.7342519488177,300,300,8646,5559.857142857143,,,PSU-in-stratum bootstrap; statistic recomputed with grouped 5-fold OOF isotonic crosswalk for residual metrics.,"At each source-grid point, spread = max subgroup curve - min subgroup curve."
subgroup_curve_spread,adept,vs,isotonic,sex,male|female,p95_between_subgroup_spread_predicted_target_over_target_iqr,0.2220784857431141,0.1990956358713006,0.2582643046118609,300,300,8646,5559.857142857143,,,PSU-in-stratum bootstrap; statistic recomputed with grouped 5-fold OOF isotonic crosswalk for residual metrics.,Between-subgroup curve spread normalized by target IQR.
subgroup_curve_spread,adept,vs,isotonic,sex,male|female,max_between_subgroup_spread_predicted_target,1315.5061246681398,1261.3192086212189,1751.2159507917338,300,300,8646,5559.857142857143,,,PSU-in-stratum bootstrap; statistic recomputed with grouped 5-fold OOF isotonic crosswalk for residual metrics.,"At each source-grid point, spread = max subgroup curve - min subgroup curve."
subgroup_curve_spread,adept,vs,isotonic,sex,male|female,max_between_subgroup_spread_predicted_target_over_target_iqr,0.2366079003231578,0.2255831862696712,0.3170188185213583,300,300,8646,5559.857142857143,,,PSU-in-stratum bootstrap; statistic recomputed with grouped 5-fold OOF isotonic crosswalk for residual metrics.,Between-subgroup curve spread normalized by target IQR.
subgroup_curve_divergence,adept,vs,isotonic,bmi_group,<25,p95_abs_subgroup_minus_full_predicted_target,526.4445921658971,349.97636314368316,864.1160279294758,300,300,2572,5559.857142857143,,,PSU-in-stratum bootstrap; statistic recomputed with grouped 5-fold OOF isotonic crosswalk for residual metrics.,Subgroup-specific isotonic curve compared with full-sample curve.
subgroup_curve_divergence,adept,vs,isotonic,bmi_group,<25,p95_abs_subgroup_minus_full_predicted_target_over_target_iqr,0.0946867120214106,0.0633861088899322,0.1565923377779142,300,300,2572,5559.857142857143,,,PSU-in-stratum bootstrap; statistic recomputed with grouped 5-fold OOF isotonic crosswalk for residual metrics.,Subgroup-specific isotonic curve divergence normalized by target IQR.
subgroup_curve_divergence,adept,vs,isotonic,bmi_group,<25,max_abs_subgroup_minus_full_predicted_target,622.6410170400977,538.587694431313,1599.0310584859974,300,300,2572,5559.857142857143,,,PSU-in-stratum bootstrap; statistic recomputed with grouped 5-fold OOF isotonic crosswalk for residual metrics.,Subgroup-specific isotonic curve compared with full-sample curve.
subgroup_curve_divergence,adept,vs,isotonic,bmi_group,<25,max_abs_subgroup_minus_full_predicted_target_over_target_iqr,0.1119886718384512,0.0971737990866153,0.2884737816299764,300,300,2572,5559.857142857143,,,PSU-in-stratum bootstrap; statistic recomputed with grouped 5-fold OOF isotonic crosswalk for residual metrics.,Subgroup-specific isotonic curve divergence normalized by target IQR.
subgroup_curve_divergence,adept,vs,isotonic,bmi_group,25-<30,p95_abs_subgroup_minus_full_predicted_target,452.2594964422533,408.8879341100689,821.4579595865091,300,300,2741,5559.857142857143,,,PSU-in-stratum bootstrap; statistic recomputed with grouped 5-fold OOF isotonic crosswalk for residual metrics.,Subgroup-specific isotonic curve compared with full-sample curve.
subgroup_curve_divergence,adept,vs,isotonic,bmi_group,25-<30,p95_abs_subgroup_minus_full_predicted_target_over_target_iqr,0.0813437260745593,0.0734602183892887,0.1481753907535251,300,300,2741,5559.857142857143,,,PSU-in-stratum bootstrap; statistic recomputed with grouped 5-fold OOF isotonic crosswalk for residual metrics.,Subgroup-specific isotonic curve divergence normalized by target IQR.
subgroup_curve_divergence,adept,vs,isotonic,bmi_group,25-<30,max_abs_subgroup_minus_full_predicted_target,725.7868349500295,604.2404595070487,1240.6059487895195,300,300,2741,5559.857142857143,,,PSU-in-stratum bootstrap; statistic recomputed with grouped 5-fold OOF isotonic crosswalk for residual metrics.,Subgroup-specific isotonic curve compared with full-sample curve.
subgroup_curve_divergence,adept,vs,isotonic,bmi_group,25-<30,max_abs_subgroup_minus_full_predicted_target_over_target_iqr,0.1305405546044401,0.1088903611893867,0.2230076421162861,300,300,2741,5559.857142857143,,,PSU-in-stratum bootstrap; statistic recomputed with grouped 5-fold OOF isotonic crosswalk for residual metrics.,Subgroup-specific isotonic curve divergence normalized by target IQR.
subgroup_curve_divergence,adept,vs,isotonic,bmi_group,>=30,p95_abs_subgroup_minus_full_predicted_target,610.3551587301572,433.2512297631391,1094.6416093315663,300,300,3246,5559.857142857143,,,PSU-in-stratum bootstrap; statistic recomputed with grouped 5-fold OOF isotonic crosswalk for residual metrics.,Subgroup-specific isotonic curve compared with full-sample curve.
subgroup_curve_divergence,adept,vs,isotonic,bmi_group,>=30,p95_abs_subgroup_minus_full_predicted_target_over_target_iqr,0.109778928315504,0.0781513857679879,0.1981915422593325,300,300,3246,5559.857142857143,,,PSU-in-stratum bootstrap; statistic recomputed with grouped 5-fold OOF isotonic crosswalk for residual metrics.,Subgroup-specific isotonic curve divergence normalized by target IQR.
subgroup_curve_divergence,adept,vs,isotonic,bmi_group,>=30,max_abs_subgroup_minus_full_predicted_target,682.2000566893439,593.4510124869964,1308.4619369511704,300,300,3246,5559.857142857143,,,PSU-in-stratum bootstrap; statistic recomputed with grouped 5-fold OOF isotonic crosswalk for residual metrics.,Subgroup-specific isotonic curve compared with full-sample curve.
subgroup_curve_divergence,adept,vs,isotonic,bmi_group,>=30,max_abs_subgroup_minus_full_predicted_target_over_target_iqr,0.1227010045691155,0.1059268887765854,0.2344107694683075,300,300,3246,5559.857142857143,,,PSU-in-stratum bootstrap; statistic recomputed with grouped 5-fold OOF isotonic crosswalk for residual metrics.,Subgroup-specific isotonic curve divergence normalized by target IQR.
subgroup_curve_spread,adept,vs,isotonic,bmi_group,<25|25-<30|>=30,p95_between_subgroup_spread_predicted_target,1062.6146551724105,895.811546711682,1744.1964388650445,300,300,8559,5559.857142857143,,,PSU-in-stratum bootstrap; statistic recomputed with grouped 5-fold OOF isotonic crosswalk for residual metrics.,"At each source-grid point, spread = max subgroup curve - min subgroup curve."
subgroup_curve_spread,adept,vs,isotonic,bmi_group,<25|25-<30|>=30,p95_between_subgroup_spread_predicted_target_over_target_iqr,0.1911226543900633,0.1595105678355489,0.3167328732863321,300,300,8559,5559.857142857143,,,PSU-in-stratum bootstrap; statistic recomputed with grouped 5-fold OOF isotonic crosswalk for residual metrics.,Between-subgroup curve spread normalized by target IQR.
subgroup_curve_spread,adept,vs,isotonic,bmi_group,<25|25-<30|>=30,max_between_subgroup_spread_predicted_target,1134.4595531315972,1090.037531060798,2224.5293952571988,300,300,8559,5559.857142857143,,,PSU-in-stratum bootstrap; statistic recomputed with grouped 5-fold OOF isotonic crosswalk for residual metrics.,"At each source-grid point, spread = max subgroup curve - min subgroup curve."
subgroup_curve_spread,adept,vs,isotonic,bmi_group,<25|25-<30|>=30,max_between_subgroup_spread_predicted_target_over_target_iqr,0.2040447306436748,0.1961244731985782,0.4016514614026538,300,300,8559,5559.857142857143,,,PSU-in-stratum bootstrap; statistic recomputed with grouped 5-fold OOF isotonic crosswalk for residual metrics.,Between-subgroup curve spread normalized by target IQR.
fullsample_oof_residual,adept,vsrev,isotonic,overall,all,mae,2217.3466782381097,2173.9348258718474,2262.660999177706,300,300,8646,6301.767857142858,2217.3466782381097,0.0,PSU-in-stratum bootstrap; statistic recomputed with grouped 5-fold OOF isotonic crosswalk for residual metrics.,5-fold grouped OOF isotonic residual on target scale.
fullsample_oof_residual,adept,vsrev,isotonic,overall,all,rmse,3078.5963700035977,3003.768802357475,3156.3011740902116,300,300,8646,6301.767857142858,3078.5963700035973,4.547473508864641e-13,PSU-in-stratum bootstrap; statistic recomputed with grouped 5-fold OOF isotonic crosswalk for residual metrics.,5-fold grouped OOF isotonic residual on target scale.
fullsample_oof_residual,adept,vsrev,isotonic,overall,all,abs_error_p95,6008.32859848485,5850.59354190033,6182.439042832627,300,300,8646,6301.767857142858,6008.32859848485,0.0,PSU-in-stratum bootstrap; statistic recomputed with grouped 5-fold OOF isotonic crosswalk for residual metrics.,5-fold grouped OOF isotonic residual on target scale.
fullsample_oof_residual,adept,vsrev,isotonic,overall,all,mae_per_target_iqr,0.351861053676361,0.344476119947177,0.358962076960702,300,300,8646,6301.767857142858,0.351861053676361,0.0,PSU-in-stratum bootstrap; statistic recomputed with grouped 5-fold OOF isotonic crosswalk for residual metrics.,MAE normalized by target algorithm IQR.
subgroup_curve_divergence,adept,vsrev,isotonic,age_group,20-39,p95_abs_subgroup_minus_full_predicted_target,1251.8046089204909,1039.3763559045271,1594.504866916737,300,300,2757,6301.767857142858,,,PSU-in-stratum bootstrap; statistic recomputed with grouped 5-fold OOF isotonic crosswalk for residual metrics.,Subgroup-specific isotonic curve compared with full-sample curve.
subgroup_curve_divergence,adept,vsrev,isotonic,age_group,20-39,p95_abs_subgroup_minus_full_predicted_target_over_target_iqr,0.1986434025019835,0.1652549418485533,0.2546705222892363,300,300,2757,6301.767857142858,,,PSU-in-stratum bootstrap; statistic recomputed with grouped 5-fold OOF isotonic crosswalk for residual metrics.,Subgroup-specific isotonic curve divergence normalized by target IQR.
subgroup_curve_divergence,adept,vsrev,isotonic,age_group,20-39,max_abs_subgroup_minus_full_predicted_target,1364.5266468253994,1207.8631258929115,2151.680311093002,300,300,2757,6301.767857142858,,,PSU-in-stratum bootstrap; statistic recomputed with grouped 5-fold OOF isotonic crosswalk for residual metrics.,Subgroup-specific isotonic curve compared with full-sample curve.
subgroup_curve_divergence,adept,vsrev,isotonic,age_group,20-39,max_abs_subgroup_minus_full_predicted_target_over_target_iqr,0.2165307700566518,0.1923030446034361,0.3453054524418489,300,300,2757,6301.767857142858,,,PSU-in-stratum bootstrap; statistic recomputed with grouped 5-fold OOF isotonic crosswalk for residual metrics.,Subgroup-specific isotonic curve divergence normalized by target IQR.
subgroup_curve_divergence,adept,vsrev,isotonic,age_group,40-59,p95_abs_subgroup_minus_full_predicted_target,428.8541615312788,423.0370781206565,760.5793401340634,300,300,2949,6301.767857142858,,,PSU-in-stratum bootstrap; statistic recomputed with grouped 5-fold OOF isotonic crosswalk for residual metrics.,Subgroup-specific isotonic curve compared with full-sample curve.
subgroup_curve_divergence,adept,vsrev,isotonic,age_group,40-59,p95_abs_subgroup_minus_full_predicted_target_over_target_iqr,0.0680529926289153,0.067367153000304,0.119953208738194,300,300,2949,6301.767857142858,,,PSU-in-stratum bootstrap; statistic recomputed with grouped 5-fold OOF isotonic crosswalk for residual metrics.,Subgroup-specific isotonic curve divergence normalized by target IQR.
subgroup_curve_divergence,adept,vsrev,isotonic,age_group,40-59,max_abs_subgroup_minus_full_predicted_target,538.0334453781506,576.3048087659579,1367.7776243411506,300,300,2949,6301.767857142858,,,PSU-in-stratum bootstrap; statistic recomputed with grouped 5-fold OOF isotonic crosswalk for residual metrics.,Subgroup-specific isotonic curve compared with full-sample curve.
subgroup_curve_divergence,adept,vsrev,isotonic,age_group,40-59,max_abs_subgroup_minus_full_predicted_target_over_target_iqr,0.0853781760253682,0.0909255236942134,0.2176056610752332,300,300,2949,6301.767857142858,,,PSU-in-stratum bootstrap; statistic recomputed with grouped 5-fold OOF isotonic crosswalk for residual metrics.,Subgroup-specific isotonic curve divergence normalized by target IQR.
subgroup_curve_divergence,adept,vsrev,isotonic,age_group,60+,p95_abs_subgroup_minus_full_predicted_target,2112.7372751588955,1783.5980628938178,2672.261249400527,300,300,2940,6301.767857142858,,,PSU-in-stratum bootstrap; statistic recomputed with grouped 5-fold OOF isotonic crosswalk for residual metrics.,Subgroup-specific isotonic curve compared with full-sample curve.
subgroup_curve_divergence,adept,vsrev,isotonic,age_group,60+,p95_abs_subgroup_minus_full_predicted_target_over_target_iqr,0.3352610446867181,0.2822889252722804,0.4215517132762219,300,300,2940,6301.767857142858,,,PSU-in-stratum bootstrap; statistic recomputed with grouped 5-fold OOF isotonic crosswalk for residual metrics.,Subgroup-specific isotonic curve divergence normalized by target IQR.
subgroup_curve_divergence,adept,vsrev,isotonic,age_group,60+,max_abs_subgroup_minus_full_predicted_target,2554.688069638407,2006.651579916862,3247.1470902968326,300,300,2940,6301.767857142858,,,PSU-in-stratum bootstrap; statistic recomputed with grouped 5-fold OOF isotonic crosswalk for residual metrics.,Subgroup-specific isotonic curve compared with full-sample curve.
subgroup_curve_divergence,adept,vsrev,isotonic,age_group,60+,max_abs_subgroup_minus_full_predicted_target_over_target_iqr,0.4053922847606561,0.3192494490129396,0.5157773677337464,300,300,2940,6301.767857142858,,,PSU-in-stratum bootstrap; statistic recomputed with grouped 5-fold OOF isotonic crosswalk for residual metrics.,Subgroup-specific isotonic curve divergence normalized by target IQR.
subgroup_curve_spread,adept,vsrev,isotonic,age_group,20-39|40-59|60+,p95_between_subgroup_spread_predicted_target,3297.9442766022057,2801.842863893461,4300.398788477922,300,300,8646,6301.767857142858,,,PSU-in-stratum bootstrap; statistic recomputed with grouped 5-fold OOF isotonic crosswalk for residual metrics.,"At each source-grid point, spread = max subgroup curve - min subgroup curve."
subgroup_curve_spread,adept,vsrev,isotonic,age_group,20-39|40-59|60+,p95_between_subgroup_spread_predicted_target_over_target_iqr,0.5233363639163713,0.4464306404787355,0.6878740979288611,300,300,8646,6301.767857142858,,,PSU-in-stratum bootstrap; statistic recomputed with grouped 5-fold OOF isotonic crosswalk for residual metrics.,Between-subgroup curve spread normalized by target IQR.
subgroup_curve_spread,adept,vsrev,isotonic,age_group,20-39|40-59|60+,max_between_subgroup_spread_predicted_target,3297.9442766022057,2967.1023190344185,4382.00479885057,300,300,8646,6301.767857142858,,,PSU-in-stratum bootstrap; statistic recomputed with grouped 5-fold OOF isotonic crosswalk for residual metrics.,"At each source-grid point, spread = max subgroup curve - min subgroup curve."
subgroup_curve_spread,adept,vsrev,isotonic,age_group,20-39|40-59|60+,max_between_subgroup_spread_predicted_target_over_target_iqr,0.5233363639163713,0.4704629118497007,0.6965289525773835,300,300,8646,6301.767857142858,,,PSU-in-stratum bootstrap; statistic recomputed with grouped 5-fold OOF isotonic crosswalk for residual metrics.,Between-subgroup curve spread normalized by target IQR.
subgroup_curve_divergence,adept,vsrev,isotonic,sex,male,p95_abs_subgroup_minus_full_predicted_target,797.4369257340222,733.8298428862815,962.322198312648,300,300,4161,6301.767857142858,,,PSU-in-stratum bootstrap; statistic recomputed with grouped 5-fold OOF isotonic crosswalk for residual metrics.,Subgroup-specific isotonic curve compared with full-sample curve.
subgroup_curve_divergence,adept,vsrev,isotonic,sex,male,p95_abs_subgroup_minus_full_predicted_target_over_target_iqr,0.1265417806259163,0.1163756044335315,0.1528259629102476,300,300,4161,6301.767857142858,,,PSU-in-stratum bootstrap; statistic recomputed with grouped 5-fold OOF isotonic crosswalk for residual metrics.,Subgroup-specific isotonic curve divergence normalized by target IQR.
subgroup_curve_divergence,adept,vsrev,isotonic,sex,male,max_abs_subgroup_minus_full_predicted_target,988.503028078978,872.4835502122828,1356.1965569504366,300,300,4161,6301.767857142858,,,PSU-in-stratum bootstrap; statistic recomputed with grouped 5-fold OOF isotonic crosswalk for residual metrics.,Subgroup-specific isotonic curve compared with full-sample curve.
subgroup_curve_divergence,adept,vsrev,isotonic,sex,male,max_abs_subgroup_minus_full_predicted_target_over_target_iqr,0.1568612253716297,0.1387543609911193,0.2149956167090342,300,300,4161,6301.767857142858,,,PSU-in-stratum bootstrap; statistic recomputed with grouped 5-fold OOF isotonic crosswalk for residual metrics.,Subgroup-specific isotonic curve divergence normalized by target IQR.
subgroup_curve_divergence,adept,vsrev,isotonic,sex,female,p95_abs_subgroup_minus_full_predicted_target,697.614548494801,577.5085709043923,1088.3758109137486,300,300,4485,6301.767857142858,,,PSU-in-stratum bootstrap; statistic recomputed with grouped 5-fold OOF isotonic crosswalk for residual metrics.,Subgroup-specific isotonic curve compared with full-sample curve.
subgroup_curve_divergence,adept,vsrev,isotonic,sex,female,p95_abs_subgroup_minus_full_predicted_target_over_target_iqr,0.1107014038456013,0.0925244574536548,0.1720225077565331,300,300,4485,6301.767857142858,,,PSU-in-stratum bootstrap; statistic recomputed with grouped 5-fold OOF isotonic crosswalk for residual metrics.,Subgroup-specific isotonic curve divergence normalized by target IQR.
subgroup_curve_divergence,adept,vsrev,isotonic,sex,female,max_abs_subgroup_minus_full_predicted_target,1069.399306557645,725.085846915454,1562.835554157115,300,300,4485,6301.767857142858,,,PSU-in-stratum bootstrap; statistic recomputed with grouped 5-fold OOF isotonic crosswalk for residual metrics.,Subgroup-specific isotonic curve compared with full-sample curve.
subgroup_curve_divergence,adept,vsrev,isotonic,sex,female,max_abs_subgroup_minus_full_predicted_target_over_target_iqr,0.1696983022542657,0.1155481824429614,0.2481500099605514,300,300,4485,6301.767857142858,,,PSU-in-stratum bootstrap; statistic recomputed with grouped 5-fold OOF isotonic crosswalk for residual metrics.,Subgroup-specific isotonic curve divergence normalized by target IQR.
subgroup_curve_spread,adept,vsrev,isotonic,sex,male|female,p95_between_subgroup_spread_predicted_target,1399.2048870896924,1232.8163648526074,1745.1333830386047,300,300,8646,6301.767857142858,,,PSU-in-stratum bootstrap; statistic recomputed with grouped 5-fold OOF isotonic crosswalk for residual metrics.,"At each source-grid point, spread = max subgroup curve - min subgroup curve."
subgroup_curve_spread,adept,vsrev,isotonic,sex,male|female,p95_between_subgroup_spread_predicted_target_over_target_iqr,0.2220337084463905,0.1966867735564269,0.2787825105641178,300,300,8646,6301.767857142858,,,PSU-in-stratum bootstrap; statistic recomputed with grouped 5-fold OOF isotonic crosswalk for residual metrics.,Between-subgroup curve spread normalized by target IQR.
subgroup_curve_spread,adept,vsrev,isotonic,sex,male|female,max_between_subgroup_spread_predicted_target,1664.3249204403228,1491.963791162193,2182.7830442053432,300,300,8646,6301.767857142858,,,PSU-in-stratum bootstrap; statistic recomputed with grouped 5-fold OOF isotonic crosswalk for residual metrics.,"At each source-grid point, spread = max subgroup curve - min subgroup curve."
subgroup_curve_spread,adept,vsrev,isotonic,sex,male|female,max_between_subgroup_spread_predicted_target_over_target_iqr,0.2641044478580502,0.2371335520758182,0.3422555879723961,300,300,8646,6301.767857142858,,,PSU-in-stratum bootstrap; statistic recomputed with grouped 5-fold OOF isotonic crosswalk for residual metrics.,Between-subgroup curve spread normalized by target IQR.
subgroup_curve_divergence,adept,vsrev,isotonic,bmi_group,<25,p95_abs_subgroup_minus_full_predicted_target,907.173846744654,518.963636580836,1332.7802611887655,300,300,2572,6301.767857142858,,,PSU-in-stratum bootstrap; statistic recomputed with grouped 5-fold OOF isotonic crosswalk for residual metrics.,Subgroup-specific isotonic curve compared with full-sample curve.
subgroup_curve_divergence,adept,vsrev,isotonic,bmi_group,<25,p95_abs_subgroup_minus_full_predicted_target_over_target_iqr,0.1439554530267884,0.0829188727617036,0.2105597204360045,300,300,2572,6301.767857142858,,,PSU-in-stratum bootstrap; statistic recomputed with grouped 5-fold OOF isotonic crosswalk for residual metrics.,Subgroup-specific isotonic curve divergence normalized by target IQR.
subgroup_curve_divergence,adept,vsrev,isotonic,bmi_group,<25,max_abs_subgroup_minus_full_predicted_target,909.8425172099868,698.5050408802758,1949.4181273525276,300,300,2572,6301.767857142858,,,PSU-in-stratum bootstrap; statistic recomputed with grouped 5-fold OOF isotonic crosswalk for residual metrics.,Subgroup-specific isotonic curve compared with full-sample curve.
subgroup_curve_divergence,adept,vsrev,isotonic,bmi_group,<25,max_abs_subgroup_minus_full_predicted_target_over_target_iqr,0.1443789326797731,0.1110156355000738,0.3104614720893665,300,300,2572,6301.767857142858,,,PSU-in-stratum bootstrap; statistic recomputed with grouped 5-fold OOF isotonic crosswalk for residual metrics.,Subgroup-specific isotonic curve divergence normalized by target IQR.
subgroup_curve_divergence,adept,vsrev,isotonic,bmi_group,25-<30,p95_abs_subgroup_minus_full_predicted_target,553.203552221501,478.7062272945529,987.019050294971,300,300,2741,6301.767857142858,,,PSU-in-stratum bootstrap; statistic recomputed with grouped 5-fold OOF isotonic crosswalk for residual metrics.,Subgroup-specific isotonic curve compared with full-sample curve.
subgroup_curve_divergence,adept,vsrev,isotonic,bmi_group,25-<30,p95_abs_subgroup_minus_full_predicted_target_over_target_iqr,0.0877854539808955,0.0766144841748251,0.1572848569484502,300,300,2741,6301.767857142858,,,PSU-in-stratum bootstrap; statistic recomputed with grouped 5-fold OOF isotonic crosswalk for residual metrics.,Subgroup-specific isotonic curve divergence normalized by target IQR.
subgroup_curve_divergence,adept,vsrev,isotonic,bmi_group,25-<30,max_abs_subgroup_minus_full_predicted_target,981.7718871252272,707.7881892251726,1703.143393435687,300,300,2741,6301.767857142858,,,PSU-in-stratum bootstrap; statistic recomputed with grouped 5-fold OOF isotonic crosswalk for residual metrics.,Subgroup-specific isotonic curve compared with full-sample curve.
subgroup_curve_divergence,adept,vsrev,isotonic,bmi_group,25-<30,max_abs_subgroup_minus_full_predicted_target_over_target_iqr,0.1557930900314614,0.1115894953098441,0.2700479241054864,300,300,2741,6301.767857142858,,,PSU-in-stratum bootstrap; statistic recomputed with grouped 5-fold OOF isotonic crosswalk for residual metrics.,Subgroup-specific isotonic curve divergence normalized by target IQR.
subgroup_curve_divergence,adept,vsrev,isotonic,bmi_group,>=30,p95_abs_subgroup_minus_full_predicted_target,664.9308426252628,541.2062909511353,1244.801153774403,300,300,3246,6301.767857142858,,,PSU-in-stratum bootstrap; statistic recomputed with grouped 5-fold OOF isotonic crosswalk for residual metrics.,Subgroup-specific isotonic curve compared with full-sample curve.
subgroup_curve_divergence,adept,vsrev,isotonic,bmi_group,>=30,p95_abs_subgroup_minus_full_predicted_target_over_target_iqr,0.1055149694020519,0.0856462105055449,0.1989078516754244,300,300,3246,6301.767857142858,,,PSU-in-stratum bootstrap; statistic recomputed with grouped 5-fold OOF isotonic crosswalk for residual metrics.,Subgroup-specific isotonic curve divergence normalized by target IQR.
subgroup_curve_divergence,adept,vsrev,isotonic,bmi_group,>=30,max_abs_subgroup_minus_full_predicted_target,812.3359379767207,693.0660283273739,1545.0106613735409,300,300,3246,6301.767857142858,,,PSU-in-stratum bootstrap; statistic recomputed with grouped 5-fold OOF isotonic crosswalk for residual metrics.,Subgroup-specific isotonic curve compared with full-sample curve.
subgroup_curve_divergence,adept,vsrev,isotonic,bmi_group,>=30,max_abs_subgroup_minus_full_predicted_target_over_target_iqr,0.1289060397640581,0.1101789355174723,0.2468881923937972,300,300,3246,6301.767857142858,,,PSU-in-stratum bootstrap; statistic recomputed with grouped 5-fold OOF isotonic crosswalk for residual metrics.,Subgroup-specific isotonic curve divergence normalized by target IQR.
subgroup_curve_spread,adept,vsrev,isotonic,bmi_group,<25|25-<30|>=30,p95_between_subgroup_spread_predicted_target,1496.929019106541,1134.9889672849251,2307.691295838951,300,300,8559,6301.767857142858,,,PSU-in-stratum bootstrap; statistic recomputed with grouped 5-fold OOF isotonic crosswalk for residual metrics.,"At each source-grid point, spread = max subgroup curve - min subgroup curve."
subgroup_curve_spread,adept,vsrev,isotonic,bmi_group,<25|25-<30|>=30,p95_between_subgroup_spread_predicted_target_over_target_iqr,0.2375411238625394,0.1810891289703975,0.3666677640207412,300,300,8559,6301.767857142858,,,PSU-in-stratum bootstrap; statistic recomputed with grouped 5-fold OOF isotonic crosswalk for residual metrics.,Between-subgroup curve spread normalized by target IQR.
subgroup_curve_spread,adept,vsrev,isotonic,bmi_group,<25|25-<30|>=30,max_between_subgroup_spread_predicted_target,1891.6144043352144,1323.123287405124,3020.3703599151354,300,300,8559,6301.767857142858,,,PSU-in-stratum bootstrap; statistic recomputed with grouped 5-fold OOF isotonic crosswalk for residual metrics.,"At each source-grid point, spread = max subgroup curve - min subgroup curve."
subgroup_curve_spread,adept,vsrev,isotonic,bmi_group,<25|25-<30|>=30,max_between_subgroup_spread_predicted_target_over_target_iqr,0.3001720227112346,0.2108342474316727,0.4745741317296587,300,300,8559,6301.767857142858,,,PSU-in-stratum bootstrap; statistic recomputed with grouped 5-fold OOF isotonic crosswalk for residual metrics.,Between-subgroup curve spread normalized by target IQR.
fullsample_oof_residual,oak,acti,isotonic,overall,all,mae,896.2747695282403,883.203613210149,913.5815837842366,300,300,8646,5482.084523809524,896.2747695282402,1.1368683772161605e-13,PSU-in-stratum bootstrap; statistic recomputed with grouped 5-fold OOF isotonic crosswalk for residual metrics.,5-fold grouped OOF isotonic residual on target scale.
fullsample_oof_residual,oak,acti,isotonic,overall,all,rmse,1184.46337356181,1163.912638921492,1211.862911216719,300,300,8646,5482.084523809524,1184.4633735618102,2.273736754432321e-13,PSU-in-stratum bootstrap; statistic recomputed with grouped 5-fold OOF isotonic crosswalk for residual metrics.,5-fold grouped OOF isotonic residual on target scale.
fullsample_oof_residual,oak,acti,isotonic,overall,all,abs_error_p95,2271.317935750971,2239.6554248928337,2339.4841711309514,300,300,8646,5482.084523809524,2271.317935750971,0.0,PSU-in-stratum bootstrap; statistic recomputed with grouped 5-fold OOF isotonic crosswalk for residual metrics.,5-fold grouped OOF isotonic residual on target scale.
fullsample_oof_residual,oak,acti,isotonic,overall,all,mae_per_target_iqr,0.1634915998897104,0.1601930941334561,0.1679362537998202,300,300,8646,5482.084523809524,0.1634915998897103,2.7755575615628914e-17,PSU-in-stratum bootstrap; statistic recomputed with grouped 5-fold OOF isotonic crosswalk for residual metrics.,MAE normalized by target algorithm IQR.
subgroup_curve_divergence,oak,acti,isotonic,age_group,20-39,p95_abs_subgroup_minus_full_predicted_target,823.2352010360382,751.983732169913,1112.2952182681513,300,300,2757,5482.084523809524,,,PSU-in-stratum bootstrap; statistic recomputed with grouped 5-fold OOF isotonic crosswalk for residual metrics.,Subgroup-specific isotonic curve compared with full-sample curve.
subgroup_curve_divergence,oak,acti,isotonic,age_group,20-39,p95_abs_subgroup_minus_full_predicted_target_over_target_iqr,0.1501682795040103,0.1377049261645077,0.2033933475007114,300,300,2757,5482.084523809524,,,PSU-in-stratum bootstrap; statistic recomputed with grouped 5-fold OOF isotonic crosswalk for residual metrics.,Subgroup-specific isotonic curve divergence normalized by target IQR.
subgroup_curve_divergence,oak,acti,isotonic,age_group,20-39,max_abs_subgroup_minus_full_predicted_target,1057.68374085483,957.6019348845588,1564.6966268167075,300,300,2757,5482.084523809524,,,PSU-in-stratum bootstrap; statistic recomputed with grouped 5-fold OOF isotonic crosswalk for residual metrics.,Subgroup-specific isotonic curve compared with full-sample curve.
subgroup_curve_divergence,oak,acti,isotonic,age_group,20-39,max_abs_subgroup_minus_full_predicted_target_over_target_iqr,0.1929345919898077,0.1742696045503189,0.286693310948089,300,300,2757,5482.084523809524,,,PSU-in-stratum bootstrap; statistic recomputed with grouped 5-fold OOF isotonic crosswalk for residual metrics.,Subgroup-specific isotonic curve divergence normalized by target IQR.
subgroup_curve_divergence,oak,acti,isotonic,age_group,40-59,p95_abs_subgroup_minus_full_predicted_target,366.9312658155068,337.69734791707674,584.3238616691702,300,300,2949,5482.084523809524,,,PSU-in-stratum bootstrap; statistic recomputed with grouped 5-fold OOF isotonic crosswalk for residual metrics.,Subgroup-specific isotonic curve compared with full-sample curve.
subgroup_curve_divergence,oak,acti,isotonic,age_group,40-59,p95_abs_subgroup_minus_full_predicted_target_over_target_iqr,0.0669327997811541,0.0610858962656306,0.1067998854535474,300,300,2949,5482.084523809524,,,PSU-in-stratum bootstrap; statistic recomputed with grouped 5-fold OOF isotonic crosswalk for residual metrics.,Subgroup-specific isotonic curve divergence normalized by target IQR.
subgroup_curve_divergence,oak,acti,isotonic,age_group,40-59,max_abs_subgroup_minus_full_predicted_target,568.3166666666675,491.5330565567357,989.2241708862132,300,300,2949,5482.084523809524,,,PSU-in-stratum bootstrap; statistic recomputed with grouped 5-fold OOF isotonic crosswalk for residual metrics.,Subgroup-specific isotonic curve compared with full-sample curve.
subgroup_curve_divergence,oak,acti,isotonic,age_group,40-59,max_abs_subgroup_minus_full_predicted_target_over_target_iqr,0.1036679869123473,0.0897412591676959,0.1814972973703722,300,300,2949,5482.084523809524,,,PSU-in-stratum bootstrap; statistic recomputed with grouped 5-fold OOF isotonic crosswalk for residual metrics.,Subgroup-specific isotonic curve divergence normalized by target IQR.
subgroup_curve_divergence,oak,acti,isotonic,age_group,60+,p95_abs_subgroup_minus_full_predicted_target,649.9097101826137,597.1518426423331,1008.7831937277806,300,300,2940,5482.084523809524,,,PSU-in-stratum bootstrap; statistic recomputed with grouped 5-fold OOF isotonic crosswalk for residual metrics.,Subgroup-specific isotonic curve compared with full-sample curve.
subgroup_curve_divergence,oak,acti,isotonic,age_group,60+,p95_abs_subgroup_minus_full_predicted_target_over_target_iqr,0.118551566901232,0.1091120118672714,0.1817310736512701,300,300,2940,5482.084523809524,,,PSU-in-stratum bootstrap; statistic recomputed with grouped 5-fold OOF isotonic crosswalk for residual metrics.,Subgroup-specific isotonic curve divergence normalized by target IQR.
subgroup_curve_divergence,oak,acti,isotonic,age_group,60+,max_abs_subgroup_minus_full_predicted_target,1020.78757624398,762.1716651669147,1459.773800650427,300,300,2940,5482.084523809524,,,PSU-in-stratum bootstrap; statistic recomputed with grouped 5-fold OOF isotonic crosswalk for residual metrics.,Subgroup-specific isotonic curve compared with full-sample curve.
subgroup_curve_divergence,oak,acti,isotonic,age_group,60+,max_abs_subgroup_minus_full_predicted_target_over_target_iqr,0.1862042753646983,0.1371764253816998,0.2660707861596488,300,300,2940,5482.084523809524,,,PSU-in-stratum bootstrap; statistic recomputed with grouped 5-fold OOF isotonic crosswalk for residual metrics.,Subgroup-specific isotonic curve divergence normalized by target IQR.
subgroup_curve_spread,oak,acti,isotonic,age_group,20-39|40-59|60+,p95_between_subgroup_spread_predicted_target,1196.6318027210882,1176.2492894940758,1466.9607237103176,300,300,8646,5482.084523809524,,,PSU-in-stratum bootstrap; statistic recomputed with grouped 5-fold OOF isotonic crosswalk for residual metrics.,"At each source-grid point, spread = max subgroup curve - min subgroup curve."
subgroup_curve_spread,oak,acti,isotonic,age_group,20-39|40-59|60+,p95_between_subgroup_spread_predicted_target_over_target_iqr,0.21828043648797,0.2149450910562305,0.2716670828929526,300,300,8646,5482.084523809524,,,PSU-in-stratum bootstrap; statistic recomputed with grouped 5-fold OOF isotonic crosswalk for residual metrics.,Between-subgroup curve spread normalized by target IQR.
subgroup_curve_spread,oak,acti,isotonic,age_group,20-39|40-59|60+,max_between_subgroup_spread_predicted_target,1306.2704292051176,1349.1995544761835,1835.8861738549824,300,300,8646,5482.084523809524,,,PSU-in-stratum bootstrap; statistic recomputed with grouped 5-fold OOF isotonic crosswalk for residual metrics.,"At each source-grid point, spread = max subgroup curve - min subgroup curve."
subgroup_curve_spread,oak,acti,isotonic,age_group,20-39|40-59|60+,max_between_subgroup_spread_predicted_target_over_target_iqr,0.2382798775779153,0.2457807510571982,0.3347773763654125,300,300,8646,5482.084523809524,,,PSU-in-stratum bootstrap; statistic recomputed with grouped 5-fold OOF isotonic crosswalk for residual metrics.,Between-subgroup curve spread normalized by target IQR.
subgroup_curve_divergence,oak,acti,isotonic,sex,male,p95_abs_subgroup_minus_full_predicted_target,301.5034483516647,267.8444721553621,401.7116478745664,300,300,4161,5482.084523809524,,,PSU-in-stratum bootstrap; statistic recomputed with grouped 5-fold OOF isotonic crosswalk for residual metrics.,Subgroup-specific isotonic curve compared with full-sample curve.
subgroup_curve_divergence,oak,acti,isotonic,sex,male,p95_abs_subgroup_minus_full_predicted_target_over_target_iqr,0.0549979568979992,0.0485233792470366,0.0736764732388176,300,300,4161,5482.084523809524,,,PSU-in-stratum bootstrap; statistic recomputed with grouped 5-fold OOF isotonic crosswalk for residual metrics.,Subgroup-specific isotonic curve divergence normalized by target IQR.
subgroup_curve_divergence,oak,acti,isotonic,sex,male,max_abs_subgroup_minus_full_predicted_target,461.5759523809502,373.83762712567807,772.3884507371602,300,300,4161,5482.084523809524,,,PSU-in-stratum bootstrap; statistic recomputed with grouped 5-fold OOF isotonic crosswalk for residual metrics.,Subgroup-specific isotonic curve compared with full-sample curve.
subgroup_curve_divergence,oak,acti,isotonic,sex,male,max_abs_subgroup_minus_full_predicted_target_over_target_iqr,0.0841971608384102,0.0683912190900401,0.1407712719442529,300,300,4161,5482.084523809524,,,PSU-in-stratum bootstrap; statistic recomputed with grouped 5-fold OOF isotonic crosswalk for residual metrics.,Subgroup-specific isotonic curve divergence normalized by target IQR.
subgroup_curve_divergence,oak,acti,isotonic,sex,female,p95_abs_subgroup_minus_full_predicted_target,295.07892290249947,276.17952103757955,485.92784614842606,300,300,4485,5482.084523809524,,,PSU-in-stratum bootstrap; statistic recomputed with grouped 5-fold OOF isotonic crosswalk for residual metrics.,Subgroup-specific isotonic curve compared with full-sample curve.
subgroup_curve_divergence,oak,acti,isotonic,sex,female,p95_abs_subgroup_minus_full_predicted_target_over_target_iqr,0.0538260440204683,0.0504129933470828,0.0889685951843484,300,300,4485,5482.084523809524,,,PSU-in-stratum bootstrap; statistic recomputed with grouped 5-fold OOF isotonic crosswalk for residual metrics.,Subgroup-specific isotonic curve divergence normalized by target IQR.
subgroup_curve_divergence,oak,acti,isotonic,sex,female,max_abs_subgroup_minus_full_predicted_target,787.6142162498836,454.8585457124674,945.1215475065184,300,300,4485,5482.084523809524,,,PSU-in-stratum bootstrap; statistic recomputed with grouped 5-fold OOF isotonic crosswalk for residual metrics.,Subgroup-specific isotonic curve compared with full-sample curve.
subgroup_curve_divergence,oak,acti,isotonic,sex,female,max_abs_subgroup_minus_full_predicted_target_over_target_iqr,0.1436705714457987,0.0827492618170262,0.1718678196266726,300,300,4485,5482.084523809524,,,PSU-in-stratum bootstrap; statistic recomputed with grouped 5-fold OOF isotonic crosswalk for residual metrics.,Subgroup-specific isotonic curve divergence normalized by target IQR.
subgroup_curve_spread,oak,acti,isotonic,sex,male|female,p95_between_subgroup_spread_predicted_target,606.3799974329377,508.0493676889241,836.6852789755904,300,300,8646,5482.084523809524,,,PSU-in-stratum bootstrap; statistic recomputed with grouped 5-fold OOF isotonic crosswalk for residual metrics.,"At each source-grid point, spread = max subgroup curve - min subgroup curve."
subgroup_curve_spread,oak,acti,isotonic,sex,male|female,p95_between_subgroup_spread_predicted_target_over_target_iqr,0.1106112090755509,0.0929953295280969,0.1522101120310766,300,300,8646,5482.084523809524,,,PSU-in-stratum bootstrap; statistic recomputed with grouped 5-fold OOF isotonic crosswalk for residual metrics.,Between-subgroup curve spread normalized by target IQR.
subgroup_curve_spread,oak,acti,isotonic,sex,male|female,max_between_subgroup_spread_predicted_target,951.7504296783444,745.1263628137089,1258.0087138152874,300,300,8646,5482.084523809524,,,PSU-in-stratum bootstrap; statistic recomputed with grouped 5-fold OOF isotonic crosswalk for residual metrics.,"At each source-grid point, spread = max subgroup curve - min subgroup curve."
subgroup_curve_spread,oak,acti,isotonic,sex,male|female,max_between_subgroup_spread_predicted_target_over_target_iqr,0.1736110462260748,0.1355272552933741,0.2293064156418947,300,300,8646,5482.084523809524,,,PSU-in-stratum bootstrap; statistic recomputed with grouped 5-fold OOF isotonic crosswalk for residual metrics.,Between-subgroup curve spread normalized by target IQR.
subgroup_curve_divergence,oak,acti,isotonic,bmi_group,<25,p95_abs_subgroup_minus_full_predicted_target,262.6439507446594,292.15362578039185,441.5080027203187,300,300,2572,5482.084523809524,,,PSU-in-stratum bootstrap; statistic recomputed with grouped 5-fold OOF isotonic crosswalk for residual metrics.,Subgroup-specific isotonic curve compared with full-sample curve.
subgroup_curve_divergence,oak,acti,isotonic,bmi_group,<25,p95_abs_subgroup_minus_full_predicted_target_over_target_iqr,0.0479095040588952,0.0531356207857336,0.0815482204768527,300,300,2572,5482.084523809524,,,PSU-in-stratum bootstrap; statistic recomputed with grouped 5-fold OOF isotonic crosswalk for residual metrics.,Subgroup-specific isotonic curve divergence normalized by target IQR.
subgroup_curve_divergence,oak,acti,isotonic,bmi_group,<25,max_abs_subgroup_minus_full_predicted_target,472.4368151561685,401.8459364800209,810.7375170431401,300,300,2572,5482.084523809524,,,PSU-in-stratum bootstrap; statistic recomputed with grouped 5-fold OOF isotonic crosswalk for residual metrics.,Subgroup-specific isotonic curve compared with full-sample curve.
subgroup_curve_divergence,oak,acti,isotonic,bmi_group,<25,max_abs_subgroup_minus_full_predicted_target_over_target_iqr,0.086178316497001,0.073314238262463,0.1489757332700028,300,300,2572,5482.084523809524,,,PSU-in-stratum bootstrap; statistic recomputed with grouped 5-fold OOF isotonic crosswalk for residual metrics.,Subgroup-specific isotonic curve divergence normalized by target IQR.
subgroup_curve_divergence,oak,acti,isotonic,bmi_group,25-<30,p95_abs_subgroup_minus_full_predicted_target,219.04067996567937,241.0941393907515,370.47538978725015,300,300,2741,5482.084523809524,,,PSU-in-stratum bootstrap; statistic recomputed with grouped 5-fold OOF isotonic crosswalk for residual metrics.,Subgroup-specific isotonic curve compared with full-sample curve.
subgroup_curve_divergence,oak,acti,isotonic,bmi_group,25-<30,p95_abs_subgroup_minus_full_predicted_target_over_target_iqr,0.0399557283391659,0.0445704109274356,0.0674659116172245,300,300,2741,5482.084523809524,,,PSU-in-stratum bootstrap; statistic recomputed with grouped 5-fold OOF isotonic crosswalk for residual metrics.,Subgroup-specific isotonic curve divergence normalized by target IQR.
subgroup_curve_divergence,oak,acti,isotonic,bmi_group,25-<30,max_abs_subgroup_minus_full_predicted_target,324.082759462759,321.7226445857967,744.2154578490646,300,300,2741,5482.084523809524,,,PSU-in-stratum bootstrap; statistic recomputed with grouped 5-fold OOF isotonic crosswalk for residual metrics.,Subgroup-specific isotonic curve compared with full-sample curve.
subgroup_curve_divergence,oak,acti,isotonic,bmi_group,25-<30,max_abs_subgroup_minus_full_predicted_target_over_target_iqr,0.0591167024250024,0.058494878316644,0.1371022806067434,300,300,2741,5482.084523809524,,,PSU-in-stratum bootstrap; statistic recomputed with grouped 5-fold OOF isotonic crosswalk for residual metrics.,Subgroup-specific isotonic curve divergence normalized by target IQR.
subgroup_curve_divergence,oak,acti,isotonic,bmi_group,>=30,p95_abs_subgroup_minus_full_predicted_target,354.8357142857094,272.1761108813284,482.5703744239598,300,300,3246,5482.084523809524,,,PSU-in-stratum bootstrap; statistic recomputed with grouped 5-fold OOF isotonic crosswalk for residual metrics.,Subgroup-specific isotonic curve compared with full-sample curve.
subgroup_curve_divergence,oak,acti,isotonic,bmi_group,>=30,p95_abs_subgroup_minus_full_predicted_target_over_target_iqr,0.0647264216275039,0.0496376032155081,0.0883030482565871,300,300,3246,5482.084523809524,,,PSU-in-stratum bootstrap; statistic recomputed with grouped 5-fold OOF isotonic crosswalk for residual metrics.,Subgroup-specific isotonic curve divergence normalized by target IQR.
subgroup_curve_divergence,oak,acti,isotonic,bmi_group,>=30,max_abs_subgroup_minus_full_predicted_target,535.874805129165,433.0842945781524,851.7329381567164,300,300,3246,5482.084523809524,,,PSU-in-stratum bootstrap; statistic recomputed with grouped 5-fold OOF isotonic crosswalk for residual metrics.,Subgroup-specific isotonic curve compared with full-sample curve.
subgroup_curve_divergence,oak,acti,isotonic,bmi_group,>=30,max_abs_subgroup_minus_full_predicted_target_over_target_iqr,0.0977501902427405,0.078659737682167,0.15598174209944,300,300,3246,5482.084523809524,,,PSU-in-stratum bootstrap; statistic recomputed with grouped 5-fold OOF isotonic crosswalk for residual metrics.,Subgroup-specific isotonic curve divergence normalized by target IQR.
subgroup_curve_spread,oak,acti,isotonic,bmi_group,<25|25-<30|>=30,p95_between_subgroup_spread_predicted_target,546.3266633728563,549.6102580334457,822.8017295842283,300,300,8559,5482.084523809524,,,PSU-in-stratum bootstrap; statistic recomputed with grouped 5-fold OOF isotonic crosswalk for residual metrics.,"At each source-grid point, spread = max subgroup curve - min subgroup curve."
subgroup_curve_spread,oak,acti,isotonic,bmi_group,<25|25-<30|>=30,p95_between_subgroup_spread_predicted_target_over_target_iqr,0.0996567384176724,0.1005191730366774,0.1491431461475253,300,300,8559,5482.084523809524,,,PSU-in-stratum bootstrap; statistic recomputed with grouped 5-fold OOF isotonic crosswalk for residual metrics.,Between-subgroup curve spread normalized by target IQR.
subgroup_curve_spread,oak,acti,isotonic,bmi_group,<25|25-<30|>=30,max_between_subgroup_spread_predicted_target,942.3142700121088,732.0463252228077,1381.384619951482,300,300,8559,5482.084523809524,,,PSU-in-stratum bootstrap; statistic recomputed with grouped 5-fold OOF isotonic crosswalk for residual metrics.,"At each source-grid point, spread = max subgroup curve - min subgroup curve."
subgroup_curve_spread,oak,acti,isotonic,bmi_group,<25|25-<30|>=30,max_between_subgroup_spread_predicted_target_over_target_iqr,0.171889774030206,0.1337199703206352,0.2539738395041204,300,300,8559,5482.084523809524,,,PSU-in-stratum bootstrap; statistic recomputed with grouped 5-fold OOF isotonic crosswalk for residual metrics.,Between-subgroup curve spread normalized by target IQR.
fullsample_oof_residual,oak,adept,isotonic,overall,all,mae,687.3433103954138,668.0819287741098,710.7462619970958,300,300,8646,1919.4027944454592,687.3433103954139,1.1368683772161605e-13,PSU-in-stratum bootstrap; statistic recomputed with grouped 5-fold OOF isotonic crosswalk for residual metrics.,5-fold grouped OOF isotonic residual on target scale.
fullsample_oof_residual,oak,adept,isotonic,overall,all,rmse,1006.4762818358582,967.807996359732,1045.3249961353213,300,300,8646,1919.4027944454592,1006.4762818358582,0.0,PSU-in-stratum bootstrap; statistic recomputed with grouped 5-fold OOF isotonic crosswalk for residual metrics.,5-fold grouped OOF isotonic residual on target scale.
fullsample_oof_residual,oak,adept,isotonic,overall,all,abs_error_p95,2013.6982673930731,1932.025115567668,2102.376303777301,300,300,8646,1919.4027944454592,2013.6982673930731,0.0,PSU-in-stratum bootstrap; statistic recomputed with grouped 5-fold OOF isotonic crosswalk for residual metrics.,5-fold grouped OOF isotonic residual on target scale.
fullsample_oof_residual,oak,adept,isotonic,overall,all,mae_per_target_iqr,0.3581026933921893,0.352744838444212,0.3674945320194704,300,300,8646,1919.4027944454592,0.3581026933921894,5.551115123125783e-17,PSU-in-stratum bootstrap; statistic recomputed with grouped 5-fold OOF isotonic crosswalk for residual metrics.,MAE normalized by target algorithm IQR.
subgroup_curve_divergence,oak,adept,isotonic,age_group,20-39,p95_abs_subgroup_minus_full_predicted_target,392.0245307327482,279.21838323832685,491.4640182231017,300,300,2757,1919.4027944454592,,,PSU-in-stratum bootstrap; statistic recomputed with grouped 5-fold OOF isotonic crosswalk for residual metrics.,Subgroup-specific isotonic curve compared with full-sample curve.
subgroup_curve_divergence,oak,adept,isotonic,age_group,20-39,p95_abs_subgroup_minus_full_predicted_target_over_target_iqr,0.2042429717551855,0.1437424458697089,0.2555348076354403,300,300,2757,1919.4027944454592,,,PSU-in-stratum bootstrap; statistic recomputed with grouped 5-fold OOF isotonic crosswalk for residual metrics.,Subgroup-specific isotonic curve divergence normalized by target IQR.
subgroup_curve_divergence,oak,adept,isotonic,age_group,20-39,max_abs_subgroup_minus_full_predicted_target,534.9720136637138,374.2977812065033,690.1834789138118,300,300,2757,1919.4027944454592,,,PSU-in-stratum bootstrap; statistic recomputed with grouped 5-fold OOF isotonic crosswalk for residual metrics.,Subgroup-specific isotonic curve compared with full-sample curve.
subgroup_curve_divergence,oak,adept,isotonic,age_group,20-39,max_abs_subgroup_minus_full_predicted_target_over_target_iqr,0.2787179508187984,0.1951329612340673,0.3587252609322703,300,300,2757,1919.4027944454592,,,PSU-in-stratum bootstrap; statistic recomputed with grouped 5-fold OOF isotonic crosswalk for residual metrics.,Subgroup-specific isotonic curve divergence normalized by target IQR.
subgroup_curve_divergence,oak,adept,isotonic,age_group,40-59,p95_abs_subgroup_minus_full_predicted_target,183.69840907127943,148.51702272275762,315.35608057080634,300,300,2949,1919.4027944454592,,,PSU-in-stratum bootstrap; statistic recomputed with grouped 5-fold OOF isotonic crosswalk for residual metrics.,Subgroup-specific isotonic curve compared with full-sample curve.
subgroup_curve_divergence,oak,adept,isotonic,age_group,40-59,p95_abs_subgroup_minus_full_predicted_target_over_target_iqr,0.0957060235625802,0.0762910883581698,0.1654219764932721,300,300,2949,1919.4027944454592,,,PSU-in-stratum bootstrap; statistic recomputed with grouped 5-fold OOF isotonic crosswalk for residual metrics.,Subgroup-specific isotonic curve divergence normalized by target IQR.
subgroup_curve_divergence,oak,adept,isotonic,age_group,40-59,max_abs_subgroup_minus_full_predicted_target,278.3116692143353,208.3375482601665,430.5201579067032,300,300,2949,1919.4027944454592,,,PSU-in-stratum bootstrap; statistic recomputed with grouped 5-fold OOF isotonic crosswalk for residual metrics.,Subgroup-specific isotonic curve compared with full-sample curve.
subgroup_curve_divergence,oak,adept,isotonic,age_group,40-59,max_abs_subgroup_minus_full_predicted_target_over_target_iqr,0.1449990955622961,0.1089320344742052,0.2223533866433567,300,300,2949,1919.4027944454592,,,PSU-in-stratum bootstrap; statistic recomputed with grouped 5-fold OOF isotonic crosswalk for residual metrics.,Subgroup-specific isotonic curve divergence normalized by target IQR.
subgroup_curve_divergence,oak,adept,isotonic,age_group,60+,p95_abs_subgroup_minus_full_predicted_target,532.4973600450212,344.83493417746587,791.0079493867394,300,300,2940,1919.4027944454592,,,PSU-in-stratum bootstrap; statistic recomputed with grouped 5-fold OOF isotonic crosswalk for residual metrics.,Subgroup-specific isotonic curve compared with full-sample curve.
subgroup_curve_divergence,oak,adept,isotonic,age_group,60+,p95_abs_subgroup_minus_full_predicted_target_over_target_iqr,0.2774286677012297,0.1804066910253291,0.4085066881707589,300,300,2940,1919.4027944454592,,,PSU-in-stratum bootstrap; statistic recomputed with grouped 5-fold OOF isotonic crosswalk for residual metrics.,Subgroup-specific isotonic curve divergence normalized by target IQR.
subgroup_curve_divergence,oak,adept,isotonic,age_group,60+,max_abs_subgroup_minus_full_predicted_target,858.0451195912456,506.3172982843202,1041.9042037950446,300,300,2940,1919.4027944454592,,,PSU-in-stratum bootstrap; statistic recomputed with grouped 5-fold OOF isotonic crosswalk for residual metrics.,Subgroup-specific isotonic curve compared with full-sample curve.
subgroup_curve_divergence,oak,adept,isotonic,age_group,60+,max_abs_subgroup_minus_full_predicted_target_over_target_iqr,0.4470375483844943,0.2673002972871894,0.5403492305595705,300,300,2940,1919.4027944454592,,,PSU-in-stratum bootstrap; statistic recomputed with grouped 5-fold OOF isotonic crosswalk for residual metrics.,Subgroup-specific isotonic curve divergence normalized by target IQR.
subgroup_curve_spread,oak,adept,isotonic,age_group,20-39|40-59|60+,p95_between_subgroup_spread_predicted_target,924.5218907777694,667.146667397625,1212.3490501619656,300,300,8646,1919.4027944454592,,,PSU-in-stratum bootstrap; statistic recomputed with grouped 5-fold OOF isotonic crosswalk for residual metrics.,"At each source-grid point, spread = max subgroup curve - min subgroup curve."
subgroup_curve_spread,oak,adept,isotonic,age_group,20-39|40-59|60+,p95_between_subgroup_spread_predicted_target_over_target_iqr,0.4816716394564153,0.3490944153665151,0.6348805306739802,300,300,8646,1919.4027944454592,,,PSU-in-stratum bootstrap; statistic recomputed with grouped 5-fold OOF isotonic crosswalk for residual metrics.,Between-subgroup curve spread normalized by target IQR.
subgroup_curve_spread,oak,adept,isotonic,age_group,20-39|40-59|60+,max_between_subgroup_spread_predicted_target,1198.4198639709807,833.8220812949122,1380.908963289982,300,300,8646,1919.4027944454592,,,PSU-in-stratum bootstrap; statistic recomputed with grouped 5-fold OOF isotonic crosswalk for residual metrics.,"At each source-grid point, spread = max subgroup curve - min subgroup curve."
subgroup_curve_spread,oak,adept,isotonic,age_group,20-39|40-59|60+,max_between_subgroup_spread_predicted_target_over_target_iqr,0.624371219755997,0.4380978398485797,0.72019709408265,300,300,8646,1919.4027944454592,,,PSU-in-stratum bootstrap; statistic recomputed with grouped 5-fold OOF isotonic crosswalk for residual metrics.,Between-subgroup curve spread normalized by target IQR.
subgroup_curve_divergence,oak,adept,isotonic,sex,male,p95_abs_subgroup_minus_full_predicted_target,380.9939222656485,328.4515659972819,477.0367495703478,300,300,4161,1919.4027944454592,,,PSU-in-stratum bootstrap; statistic recomputed with grouped 5-fold OOF isotonic crosswalk for residual metrics.,Subgroup-specific isotonic curve compared with full-sample curve.
subgroup_curve_divergence,oak,adept,isotonic,sex,male,p95_abs_subgroup_minus_full_predicted_target_over_target_iqr,0.1984960756377989,0.1712837047435861,0.2504407499206343,300,300,4161,1919.4027944454592,,,PSU-in-stratum bootstrap; statistic recomputed with grouped 5-fold OOF isotonic crosswalk for residual metrics.,Subgroup-specific isotonic curve divergence normalized by target IQR.
subgroup_curve_divergence,oak,adept,isotonic,sex,male,max_abs_subgroup_minus_full_predicted_target,455.60127282958456,387.7440449152076,660.7081130906247,300,300,4161,1919.4027944454592,,,PSU-in-stratum bootstrap; statistic recomputed with grouped 5-fold OOF isotonic crosswalk for residual metrics.,Subgroup-specific isotonic curve compared with full-sample curve.
subgroup_curve_divergence,oak,adept,isotonic,sex,male,max_abs_subgroup_minus_full_predicted_target_over_target_iqr,0.2373661610517836,0.2007908088559397,0.3452358457411972,300,300,4161,1919.4027944454592,,,PSU-in-stratum bootstrap; statistic recomputed with grouped 5-fold OOF isotonic crosswalk for residual metrics.,Subgroup-specific isotonic curve divergence normalized by target IQR.
subgroup_curve_divergence,oak,adept,isotonic,sex,female,p95_abs_subgroup_minus_full_predicted_target,437.4109329799981,344.87077257265764,610.2719200515378,300,300,4485,1919.4027944454592,,,PSU-in-stratum bootstrap; statistic recomputed with grouped 5-fold OOF isotonic crosswalk for residual metrics.,Subgroup-specific isotonic curve compared with full-sample curve.
subgroup_curve_divergence,oak,adept,isotonic,sex,female,p95_abs_subgroup_minus_full_predicted_target_over_target_iqr,0.2278890779183073,0.1805151037597232,0.3208036001107555,300,300,4485,1919.4027944454592,,,PSU-in-stratum bootstrap; statistic recomputed with grouped 5-fold OOF isotonic crosswalk for residual metrics.,Subgroup-specific isotonic curve divergence normalized by target IQR.
subgroup_curve_divergence,oak,adept,isotonic,sex,female,max_abs_subgroup_minus_full_predicted_target,573.724582937999,422.8088079367979,796.7492473395505,300,300,4485,1919.4027944454592,,,PSU-in-stratum bootstrap; statistic recomputed with grouped 5-fold OOF isotonic crosswalk for residual metrics.,Subgroup-specific isotonic curve compared with full-sample curve.
subgroup_curve_divergence,oak,adept,isotonic,sex,female,max_abs_subgroup_minus_full_predicted_target_over_target_iqr,0.298907860610756,0.2212986505366268,0.4161860576722,300,300,4485,1919.4027944454592,,,PSU-in-stratum bootstrap; statistic recomputed with grouped 5-fold OOF isotonic crosswalk for residual metrics.,Subgroup-specific isotonic curve divergence normalized by target IQR.
subgroup_curve_spread,oak,adept,isotonic,sex,male|female,p95_between_subgroup_spread_predicted_target,761.026164876062,657.2779436258595,1042.8249695793734,300,300,8646,1919.4027944454592,,,PSU-in-stratum bootstrap; statistic recomputed with grouped 5-fold OOF isotonic crosswalk for residual metrics.,"At each source-grid point, spread = max subgroup curve - min subgroup curve."
subgroup_curve_spread,oak,adept,isotonic,sex,male|female,p95_between_subgroup_spread_predicted_target_over_target_iqr,0.3964911206123008,0.3415094880141767,0.5530549115387478,300,300,8646,1919.4027944454592,,,PSU-in-stratum bootstrap; statistic recomputed with grouped 5-fold OOF isotonic crosswalk for residual metrics.,Between-subgroup curve spread normalized by target IQR.
subgroup_curve_spread,oak,adept,isotonic,sex,male|female,max_between_subgroup_spread_predicted_target,985.7922977340022,799.0681647430349,1284.8496679763784,300,300,8646,1919.4027944454592,,,PSU-in-stratum bootstrap; statistic recomputed with grouped 5-fold OOF isotonic crosswalk for residual metrics.,"At each source-grid point, spread = max subgroup curve - min subgroup curve."
subgroup_curve_spread,oak,adept,isotonic,sex,male|female,max_between_subgroup_spread_predicted_target_over_target_iqr,0.5135932387859269,0.4174397940755458,0.6731865056711498,300,300,8646,1919.4027944454592,,,PSU-in-stratum bootstrap; statistic recomputed with grouped 5-fold OOF isotonic crosswalk for residual metrics.,Between-subgroup curve spread normalized by target IQR.
subgroup_curve_divergence,oak,adept,isotonic,bmi_group,<25,p95_abs_subgroup_minus_full_predicted_target,179.2868484768578,170.06527243805945,300.40031043405116,300,300,2572,1919.4027944454592,,,PSU-in-stratum bootstrap; statistic recomputed with grouped 5-fold OOF isotonic crosswalk for residual metrics.,Subgroup-specific isotonic curve compared with full-sample curve.
subgroup_curve_divergence,oak,adept,isotonic,bmi_group,<25,p95_abs_subgroup_minus_full_predicted_target_over_target_iqr,0.0934076208473251,0.0893048843009198,0.15691520071848,300,300,2572,1919.4027944454592,,,PSU-in-stratum bootstrap; statistic recomputed with grouped 5-fold OOF isotonic crosswalk for residual metrics.,Subgroup-specific isotonic curve divergence normalized by target IQR.
subgroup_curve_divergence,oak,adept,isotonic,bmi_group,<25,max_abs_subgroup_minus_full_predicted_target,390.5916156484932,225.48196992873437,510.7674352828361,300,300,2572,1919.4027944454592,,,PSU-in-stratum bootstrap; statistic recomputed with grouped 5-fold OOF isotonic crosswalk for residual metrics.,Subgroup-specific isotonic curve compared with full-sample curve.
subgroup_curve_divergence,oak,adept,isotonic,bmi_group,<25,max_abs_subgroup_minus_full_predicted_target_over_target_iqr,0.2034964296075958,0.116536501318419,0.2672945970530925,300,300,2572,1919.4027944454592,,,PSU-in-stratum bootstrap; statistic recomputed with grouped 5-fold OOF isotonic crosswalk for residual metrics.,Subgroup-specific isotonic curve divergence normalized by target IQR.
subgroup_curve_divergence,oak,adept,isotonic,bmi_group,25-<30,p95_abs_subgroup_minus_full_predicted_target,192.90695092558508,167.52191792439174,311.6788764073299,300,300,2741,1919.4027944454592,,,PSU-in-stratum bootstrap; statistic recomputed with grouped 5-fold OOF isotonic crosswalk for residual metrics.,Subgroup-specific isotonic curve compared with full-sample curve.
subgroup_curve_divergence,oak,adept,isotonic,bmi_group,25-<30,p95_abs_subgroup_minus_full_predicted_target_over_target_iqr,0.1005036313815091,0.0871745958007579,0.1648559050161295,300,300,2741,1919.4027944454592,,,PSU-in-stratum bootstrap; statistic recomputed with grouped 5-fold OOF isotonic crosswalk for residual metrics.,Subgroup-specific isotonic curve divergence normalized by target IQR.
subgroup_curve_divergence,oak,adept,isotonic,bmi_group,25-<30,max_abs_subgroup_minus_full_predicted_target,247.8422216398449,226.66715936329817,491.6924660796735,300,300,2741,1919.4027944454592,,,PSU-in-stratum bootstrap; statistic recomputed with grouped 5-fold OOF isotonic crosswalk for residual metrics.,Subgroup-specific isotonic curve compared with full-sample curve.
subgroup_curve_divergence,oak,adept,isotonic,bmi_group,25-<30,max_abs_subgroup_minus_full_predicted_target_over_target_iqr,0.1291246539585505,0.1174097484646466,0.2532262744892227,300,300,2741,1919.4027944454592,,,PSU-in-stratum bootstrap; statistic recomputed with grouped 5-fold OOF isotonic crosswalk for residual metrics.,Subgroup-specific isotonic curve divergence normalized by target IQR.
subgroup_curve_divergence,oak,adept,isotonic,bmi_group,>=30,p95_abs_subgroup_minus_full_predicted_target,267.2302239368564,237.461177805199,409.8768075799284,300,300,3246,1919.4027944454592,,,PSU-in-stratum bootstrap; statistic recomputed with grouped 5-fold OOF isotonic crosswalk for residual metrics.,Subgroup-specific isotonic curve compared with full-sample curve.
subgroup_curve_divergence,oak,adept,isotonic,bmi_group,>=30,p95_abs_subgroup_minus_full_predicted_target_over_target_iqr,0.1392257137012571,0.1242731772690144,0.2172333929171738,300,300,3246,1919.4027944454592,,,PSU-in-stratum bootstrap; statistic recomputed with grouped 5-fold OOF isotonic crosswalk for residual metrics.,Subgroup-specific isotonic curve divergence normalized by target IQR.
subgroup_curve_divergence,oak,adept,isotonic,bmi_group,>=30,max_abs_subgroup_minus_full_predicted_target,330.4884621109154,293.6462048586763,594.3580584694789,300,300,3246,1919.4027944454592,,,PSU-in-stratum bootstrap; statistic recomputed with grouped 5-fold OOF isotonic crosswalk for residual metrics.,Subgroup-specific isotonic curve compared with full-sample curve.
subgroup_curve_divergence,oak,adept,isotonic,bmi_group,>=30,max_abs_subgroup_minus_full_predicted_target_over_target_iqr,0.172182963923629,0.1532456660006121,0.3107877050412311,300,300,3246,1919.4027944454592,,,PSU-in-stratum bootstrap; statistic recomputed with grouped 5-fold OOF isotonic crosswalk for residual metrics.,Subgroup-specific isotonic curve divergence normalized by target IQR.
subgroup_curve_spread,oak,adept,isotonic,bmi_group,<25|25-<30|>=30,p95_between_subgroup_spread_predicted_target,439.1007946850595,409.59769318111233,618.6686273592563,300,300,8559,1919.4027944454592,,,PSU-in-stratum bootstrap; statistic recomputed with grouped 5-fold OOF isotonic crosswalk for residual metrics.,"At each source-grid point, spread = max subgroup curve - min subgroup curve."
subgroup_curve_spread,oak,adept,isotonic,bmi_group,<25|25-<30|>=30,p95_between_subgroup_spread_predicted_target_over_target_iqr,0.2287694880698147,0.2120480174827929,0.3213640332334899,300,300,8559,1919.4027944454592,,,PSU-in-stratum bootstrap; statistic recomputed with grouped 5-fold OOF isotonic crosswalk for residual metrics.,Between-subgroup curve spread normalized by target IQR.
subgroup_curve_spread,oak,adept,isotonic,bmi_group,<25|25-<30|>=30,max_between_subgroup_spread_predicted_target,550.8877509866356,481.9091253621396,848.9167487061324,300,300,8559,1919.4027944454592,,,PSU-in-stratum bootstrap; statistic recomputed with grouped 5-fold OOF isotonic crosswalk for residual metrics.,"At each source-grid point, spread = max subgroup curve - min subgroup curve."
subgroup_curve_spread,oak,adept,isotonic,bmi_group,<25|25-<30|>=30,max_between_subgroup_spread_predicted_target_over_target_iqr,0.2870099765306397,0.2510529563762056,0.4401258365856196,300,300,8559,1919.4027944454592,,,PSU-in-stratum bootstrap; statistic recomputed with grouped 5-fold OOF isotonic crosswalk for residual metrics.,Between-subgroup curve spread normalized by target IQR.
fullsample_oof_residual,oak,scrf,isotonic,overall,all,mae,1355.396815447236,1336.0481786552816,1383.4035512125358,300,300,8646,7482.482142857143,1355.396815447236,0.0,PSU-in-stratum bootstrap; statistic recomputed with grouped 5-fold OOF isotonic crosswalk for residual metrics.,5-fold grouped OOF isotonic residual on target scale.
fullsample_oof_residual,oak,scrf,isotonic,overall,all,rmse,1879.631960826959,1846.3595775637573,1926.50172873878,300,300,8646,7482.482142857143,1879.631960826959,0.0,PSU-in-stratum bootstrap; statistic recomputed with grouped 5-fold OOF isotonic crosswalk for residual metrics.,5-fold grouped OOF isotonic residual on target scale.
fullsample_oof_residual,oak,scrf,isotonic,overall,all,abs_error_p95,3710.1418392374662,3629.047045075088,3832.9481759080495,300,300,8646,7482.482142857143,3710.1418392374662,0.0,PSU-in-stratum bootstrap; statistic recomputed with grouped 5-fold OOF isotonic crosswalk for residual metrics.,5-fold grouped OOF isotonic residual on target scale.
fullsample_oof_residual,oak,scrf,isotonic,overall,all,mae_per_target_iqr,0.1811426729218608,0.1770978734615381,0.1855031507876067,300,300,8646,7482.482142857143,0.1811426729218608,0.0,PSU-in-stratum bootstrap; statistic recomputed with grouped 5-fold OOF isotonic crosswalk for residual metrics.,MAE normalized by target algorithm IQR.
subgroup_curve_divergence,oak,scrf,isotonic,age_group,20-39,p95_abs_subgroup_minus_full_predicted_target,349.36275092868345,374.4040954420385,647.8112154967291,300,300,2757,7482.482142857143,,,PSU-in-stratum bootstrap; statistic recomputed with grouped 5-fold OOF isotonic crosswalk for residual metrics.,Subgroup-specific isotonic curve compared with full-sample curve.
subgroup_curve_divergence,oak,scrf,isotonic,age_group,20-39,p95_abs_subgroup_minus_full_predicted_target_over_target_iqr,0.0466907563905366,0.0500913174510145,0.0866994666143514,300,300,2757,7482.482142857143,,,PSU-in-stratum bootstrap; statistic recomputed with grouped 5-fold OOF isotonic crosswalk for residual metrics.,Subgroup-specific isotonic curve divergence normalized by target IQR.
subgroup_curve_divergence,oak,scrf,isotonic,age_group,20-39,max_abs_subgroup_minus_full_predicted_target,1019.18291019326,585.7112124081661,1270.998700214904,300,300,2757,7482.482142857143,,,PSU-in-stratum bootstrap; statistic recomputed with grouped 5-fold OOF isotonic crosswalk for residual metrics.,Subgroup-specific isotonic curve compared with full-sample curve.
subgroup_curve_divergence,oak,scrf,isotonic,age_group,20-39,max_abs_subgroup_minus_full_predicted_target_over_target_iqr,0.136209200467813,0.0780052020539075,0.1691327952105286,300,300,2757,7482.482142857143,,,PSU-in-stratum bootstrap; statistic recomputed with grouped 5-fold OOF isotonic crosswalk for residual metrics.,Subgroup-specific isotonic curve divergence normalized by target IQR.
subgroup_curve_divergence,oak,scrf,isotonic,age_group,40-59,p95_abs_subgroup_minus_full_predicted_target,417.6314492225483,391.5474174005177,632.377337138856,300,300,2949,7482.482142857143,,,PSU-in-stratum bootstrap; statistic recomputed with grouped 5-fold OOF isotonic crosswalk for residual metrics.,Subgroup-specific isotonic curve compared with full-sample curve.
subgroup_curve_divergence,oak,scrf,isotonic,age_group,40-59,p95_abs_subgroup_minus_full_predicted_target_over_target_iqr,0.0558145600950379,0.051764847369273,0.0849295722914174,300,300,2949,7482.482142857143,,,PSU-in-stratum bootstrap; statistic recomputed with grouped 5-fold OOF isotonic crosswalk for residual metrics.,Subgroup-specific isotonic curve divergence normalized by target IQR.
subgroup_curve_divergence,oak,scrf,isotonic,age_group,40-59,max_abs_subgroup_minus_full_predicted_target,831.7241265895973,553.0267331085896,1401.8627832544237,300,300,2949,7482.482142857143,,,PSU-in-stratum bootstrap; statistic recomputed with grouped 5-fold OOF isotonic crosswalk for residual metrics.,Subgroup-specific isotonic curve compared with full-sample curve.
subgroup_curve_divergence,oak,scrf,isotonic,age_group,40-59,max_abs_subgroup_minus_full_predicted_target_over_target_iqr,0.1111561792878543,0.0739298935700424,0.1850198874191373,300,300,2949,7482.482142857143,,,PSU-in-stratum bootstrap; statistic recomputed with grouped 5-fold OOF isotonic crosswalk for residual metrics.,Subgroup-specific isotonic curve divergence normalized by target IQR.
subgroup_curve_divergence,oak,scrf,isotonic,age_group,60+,p95_abs_subgroup_minus_full_predicted_target,790.1505494505509,526.3403307240068,1123.4512768042805,300,300,2940,7482.482142857143,,,PSU-in-stratum bootstrap; statistic recomputed with grouped 5-fold OOF isotonic crosswalk for residual metrics.,Subgroup-specific isotonic curve compared with full-sample curve.
subgroup_curve_divergence,oak,scrf,isotonic,age_group,60+,p95_abs_subgroup_minus_full_predicted_target_over_target_iqr,0.1056000581578182,0.0700537433705727,0.1491481094295668,300,300,2940,7482.482142857143,,,PSU-in-stratum bootstrap; statistic recomputed with grouped 5-fold OOF isotonic crosswalk for residual metrics.,Subgroup-specific isotonic curve divergence normalized by target IQR.
subgroup_curve_divergence,oak,scrf,isotonic,age_group,60+,max_abs_subgroup_minus_full_predicted_target,1075.7889219576718,803.3340585084645,1780.7032586271482,300,300,2940,7482.482142857143,,,PSU-in-stratum bootstrap; statistic recomputed with grouped 5-fold OOF isotonic crosswalk for residual metrics.,Subgroup-specific isotonic curve compared with full-sample curve.
subgroup_curve_divergence,oak,scrf,isotonic,age_group,60+,max_abs_subgroup_minus_full_predicted_target_over_target_iqr,0.1437743387045208,0.1064810694222699,0.2401816203649608,300,300,2940,7482.482142857143,,,PSU-in-stratum bootstrap; statistic recomputed with grouped 5-fold OOF isotonic crosswalk for residual metrics.,Subgroup-specific isotonic curve divergence normalized by target IQR.
subgroup_curve_spread,oak,scrf,isotonic,age_group,20-39|40-59|60+,p95_between_subgroup_spread_predicted_target,901.2611992945332,873.8798683749285,1543.3126288756696,300,300,8646,7482.482142857143,,,PSU-in-stratum bootstrap; statistic recomputed with grouped 5-fold OOF isotonic crosswalk for residual metrics.,"At each source-grid point, spread = max subgroup curve - min subgroup curve."
subgroup_curve_spread,oak,scrf,isotonic,age_group,20-39|40-59|60+,p95_between_subgroup_spread_predicted_target_over_target_iqr,0.1204494955133152,0.1163884385738261,0.2050201545292555,300,300,8646,7482.482142857143,,,PSU-in-stratum bootstrap; statistic recomputed with grouped 5-fold OOF isotonic crosswalk for residual metrics.,Between-subgroup curve spread normalized by target IQR.
subgroup_curve_spread,oak,scrf,isotonic,age_group,20-39|40-59|60+,max_between_subgroup_spread_predicted_target,1415.5640882331063,1274.362925698313,2447.2788490215494,300,300,8646,7482.482142857143,,,PSU-in-stratum bootstrap; statistic recomputed with grouped 5-fold OOF isotonic crosswalk for residual metrics.,"At each source-grid point, spread = max subgroup curve - min subgroup curve."
subgroup_curve_spread,oak,scrf,isotonic,age_group,20-39|40-59|60+,max_between_subgroup_spread_predicted_target_over_target_iqr,0.1891837576364173,0.1680448514941634,0.3187266791164137,300,300,8646,7482.482142857143,,,PSU-in-stratum bootstrap; statistic recomputed with grouped 5-fold OOF isotonic crosswalk for residual metrics.,Between-subgroup curve spread normalized by target IQR.
subgroup_curve_divergence,oak,scrf,isotonic,sex,male,p95_abs_subgroup_minus_full_predicted_target,568.2985036855262,550.8434032132097,740.0747023809527,300,300,4161,7482.482142857143,,,PSU-in-stratum bootstrap; statistic recomputed with grouped 5-fold OOF isotonic crosswalk for residual metrics.,Subgroup-specific isotonic curve compared with full-sample curve.
subgroup_curve_divergence,oak,scrf,isotonic,sex,male,p95_abs_subgroup_minus_full_predicted_target_over_target_iqr,0.075950532568665,0.0726353524032049,0.0987992408419227,300,300,4161,7482.482142857143,,,PSU-in-stratum bootstrap; statistic recomputed with grouped 5-fold OOF isotonic crosswalk for residual metrics.,Subgroup-specific isotonic curve divergence normalized by target IQR.
subgroup_curve_divergence,oak,scrf,isotonic,sex,male,max_abs_subgroup_minus_full_predicted_target,779.1424934603892,685.8154699866142,1289.2754250116957,300,300,4161,7482.482142857143,,,PSU-in-stratum bootstrap; statistic recomputed with grouped 5-fold OOF isotonic crosswalk for residual metrics.,Subgroup-specific isotonic curve compared with full-sample curve.
subgroup_curve_divergence,oak,scrf,isotonic,sex,male,max_abs_subgroup_minus_full_predicted_target_over_target_iqr,0.1041288811098823,0.0924827438630559,0.172044863492513,300,300,4161,7482.482142857143,,,PSU-in-stratum bootstrap; statistic recomputed with grouped 5-fold OOF isotonic crosswalk for residual metrics.,Subgroup-specific isotonic curve divergence normalized by target IQR.
subgroup_curve_divergence,oak,scrf,isotonic,sex,female,p95_abs_subgroup_minus_full_predicted_target,485.8034825293753,493.74547496638536,778.0095576795202,300,300,4485,7482.482142857143,,,PSU-in-stratum bootstrap; statistic recomputed with grouped 5-fold OOF isotonic crosswalk for residual metrics.,Subgroup-specific isotonic curve compared with full-sample curve.
subgroup_curve_divergence,oak,scrf,isotonic,sex,female,p95_abs_subgroup_minus_full_predicted_target_over_target_iqr,0.0649254449598825,0.0665422780162019,0.1031541614151059,300,300,4485,7482.482142857143,,,PSU-in-stratum bootstrap; statistic recomputed with grouped 5-fold OOF isotonic crosswalk for residual metrics.,Subgroup-specific isotonic curve divergence normalized by target IQR.
subgroup_curve_divergence,oak,scrf,isotonic,sex,female,max_abs_subgroup_minus_full_predicted_target,640.9550632533737,604.5168964448924,1530.1402634926933,300,300,4485,7482.482142857143,,,PSU-in-stratum bootstrap; statistic recomputed with grouped 5-fold OOF isotonic crosswalk for residual metrics.,Subgroup-specific isotonic curve compared with full-sample curve.
subgroup_curve_divergence,oak,scrf,isotonic,sex,female,max_abs_subgroup_minus_full_predicted_target_over_target_iqr,0.0856607541476375,0.0805820959841368,0.2035386803213676,300,300,4485,7482.482142857143,,,PSU-in-stratum bootstrap; statistic recomputed with grouped 5-fold OOF isotonic crosswalk for residual metrics.,Subgroup-specific isotonic curve divergence normalized by target IQR.
subgroup_curve_spread,oak,scrf,isotonic,sex,male|female,p95_between_subgroup_spread_predicted_target,1031.31449163449,1005.8895693944036,1330.5202566471692,300,300,8646,7482.482142857143,,,PSU-in-stratum bootstrap; statistic recomputed with grouped 5-fold OOF isotonic crosswalk for residual metrics.,"At each source-grid point, spread = max subgroup curve - min subgroup curve."
subgroup_curve_spread,oak,scrf,isotonic,sex,male|female,p95_between_subgroup_spread_predicted_target_over_target_iqr,0.1378305316263258,0.1345396556791442,0.1751609063734551,300,300,8646,7482.482142857143,,,PSU-in-stratum bootstrap; statistic recomputed with grouped 5-fold OOF isotonic crosswalk for residual metrics.,Between-subgroup curve spread normalized by target IQR.
subgroup_curve_spread,oak,scrf,isotonic,sex,male|female,max_between_subgroup_spread_predicted_target,1282.5614979228849,1177.714302090989,2091.1911810451493,300,300,8646,7482.482142857143,,,PSU-in-stratum bootstrap; statistic recomputed with grouped 5-fold OOF isotonic crosswalk for residual metrics.,"At each source-grid point, spread = max subgroup curve - min subgroup curve."
subgroup_curve_spread,oak,scrf,isotonic,sex,male|female,max_between_subgroup_spread_predicted_target_over_target_iqr,0.1714085611480184,0.1577227758804572,0.2802359684175997,300,300,8646,7482.482142857143,,,PSU-in-stratum bootstrap; statistic recomputed with grouped 5-fold OOF isotonic crosswalk for residual metrics.,Between-subgroup curve spread normalized by target IQR.
subgroup_curve_divergence,oak,scrf,isotonic,bmi_group,<25,p95_abs_subgroup_minus_full_predicted_target,564.1610245852717,467.57815737856686,829.2564283478638,300,300,2572,7482.482142857143,,,PSU-in-stratum bootstrap; statistic recomputed with grouped 5-fold OOF isotonic crosswalk for residual metrics.,Subgroup-specific isotonic curve compared with full-sample curve.
subgroup_curve_divergence,oak,scrf,isotonic,bmi_group,<25,p95_abs_subgroup_minus_full_predicted_target_over_target_iqr,0.0753975771427434,0.0630469845738508,0.1108262851579725,300,300,2572,7482.482142857143,,,PSU-in-stratum bootstrap; statistic recomputed with grouped 5-fold OOF isotonic crosswalk for residual metrics.,Subgroup-specific isotonic curve divergence normalized by target IQR.
subgroup_curve_divergence,oak,scrf,isotonic,bmi_group,<25,max_abs_subgroup_minus_full_predicted_target,1148.66415174766,631.3097655071438,1433.5796281767257,300,300,2572,7482.482142857143,,,PSU-in-stratum bootstrap; statistic recomputed with grouped 5-fold OOF isotonic crosswalk for residual metrics.,Subgroup-specific isotonic curve compared with full-sample curve.
subgroup_curve_divergence,oak,scrf,isotonic,bmi_group,<25,max_abs_subgroup_minus_full_predicted_target_over_target_iqr,0.1535137845727018,0.0843420384111668,0.1910380403227861,300,300,2572,7482.482142857143,,,PSU-in-stratum bootstrap; statistic recomputed with grouped 5-fold OOF isotonic crosswalk for residual metrics.,Subgroup-specific isotonic curve divergence normalized by target IQR.
subgroup_curve_divergence,oak,scrf,isotonic,bmi_group,25-<30,p95_abs_subgroup_minus_full_predicted_target,546.2687249603368,483.93183782283313,802.4999261642835,300,300,2741,7482.482142857143,,,PSU-in-stratum bootstrap; statistic recomputed with grouped 5-fold OOF isotonic crosswalk for residual metrics.,Subgroup-specific isotonic curve compared with full-sample curve.
subgroup_curve_divergence,oak,scrf,isotonic,bmi_group,25-<30,p95_abs_subgroup_minus_full_predicted_target_over_target_iqr,0.073006351973965,0.063884548475538,0.107505583755942,300,300,2741,7482.482142857143,,,PSU-in-stratum bootstrap; statistic recomputed with grouped 5-fold OOF isotonic crosswalk for residual metrics.,Subgroup-specific isotonic curve divergence normalized by target IQR.
subgroup_curve_divergence,oak,scrf,isotonic,bmi_group,25-<30,max_abs_subgroup_minus_full_predicted_target,710.8467379809044,661.5225804643134,1248.6165508354636,300,300,2741,7482.482142857143,,,PSU-in-stratum bootstrap; statistic recomputed with grouped 5-fold OOF isotonic crosswalk for residual metrics.,Subgroup-specific isotonic curve compared with full-sample curve.
subgroup_curve_divergence,oak,scrf,isotonic,bmi_group,25-<30,max_abs_subgroup_minus_full_predicted_target_over_target_iqr,0.0950014613345233,0.0890507008504121,0.165894128535865,300,300,2741,7482.482142857143,,,PSU-in-stratum bootstrap; statistic recomputed with grouped 5-fold OOF isotonic crosswalk for residual metrics.,Subgroup-specific isotonic curve divergence normalized by target IQR.
subgroup_curve_divergence,oak,scrf,isotonic,bmi_group,>=30,p95_abs_subgroup_minus_full_predicted_target,389.1544096209918,377.7250125510724,739.0399950687719,300,300,3246,7482.482142857143,,,PSU-in-stratum bootstrap; statistic recomputed with grouped 5-fold OOF isotonic crosswalk for residual metrics.,Subgroup-specific isotonic curve compared with full-sample curve.
subgroup_curve_divergence,oak,scrf,isotonic,bmi_group,>=30,p95_abs_subgroup_minus_full_predicted_target_over_target_iqr,0.0520087321548081,0.0504065901288172,0.0991604087533784,300,300,3246,7482.482142857143,,,PSU-in-stratum bootstrap; statistic recomputed with grouped 5-fold OOF isotonic crosswalk for residual metrics.,Subgroup-specific isotonic curve divergence normalized by target IQR.
subgroup_curve_divergence,oak,scrf,isotonic,bmi_group,>=30,max_abs_subgroup_minus_full_predicted_target,732.3256668456816,518.8853861476379,1352.1854683427634,300,300,3246,7482.482142857143,,,PSU-in-stratum bootstrap; statistic recomputed with grouped 5-fold OOF isotonic crosswalk for residual metrics.,Subgroup-specific isotonic curve compared with full-sample curve.
subgroup_curve_divergence,oak,scrf,isotonic,bmi_group,>=30,max_abs_subgroup_minus_full_predicted_target_over_target_iqr,0.0978720233291525,0.0693856799098406,0.1822258581264915,300,300,3246,7482.482142857143,,,PSU-in-stratum bootstrap; statistic recomputed with grouped 5-fold OOF isotonic crosswalk for residual metrics.,Subgroup-specific isotonic curve divergence normalized by target IQR.
subgroup_curve_spread,oak,scrf,isotonic,bmi_group,<25|25-<30|>=30,p95_between_subgroup_spread_predicted_target,1059.513191363505,914.9223642968824,1405.2462766063725,300,300,8559,7482.482142857143,,,PSU-in-stratum bootstrap; statistic recomputed with grouped 5-fold OOF isotonic crosswalk for residual metrics.,"At each source-grid point, spread = max subgroup curve - min subgroup curve."
subgroup_curve_spread,oak,scrf,isotonic,bmi_group,<25|25-<30|>=30,p95_between_subgroup_spread_predicted_target_over_target_iqr,0.1415991606976205,0.1221096236677287,0.188328417291952,300,300,8559,7482.482142857143,,,PSU-in-stratum bootstrap; statistic recomputed with grouped 5-fold OOF isotonic crosswalk for residual metrics.,Between-subgroup curve spread normalized by target IQR.
subgroup_curve_spread,oak,scrf,isotonic,bmi_group,<25|25-<30|>=30,max_between_subgroup_spread_predicted_target,1403.7279627640492,1108.951271441034,1954.4921065468195,300,300,8559,7482.482142857143,,,PSU-in-stratum bootstrap; statistic recomputed with grouped 5-fold OOF isotonic crosswalk for residual metrics.,"At each source-grid point, spread = max subgroup curve - min subgroup curve."
subgroup_curve_spread,oak,scrf,isotonic,bmi_group,<25|25-<30|>=30,max_between_subgroup_spread_predicted_target_over_target_iqr,0.1876019128363791,0.1512458463515475,0.2586364759170785,300,300,8559,7482.482142857143,,,PSU-in-stratum bootstrap; statistic recomputed with grouped 5-fold OOF isotonic crosswalk for residual metrics.,Between-subgroup curve spread normalized by target IQR.
fullsample_oof_residual,oak,scssl,isotonic,overall,all,mae,1778.544970842,1755.9015291833052,1809.951961017741,300,300,8646,5813.0,1778.544970842,0.0,PSU-in-stratum bootstrap; statistic recomputed with grouped 5-fold OOF isotonic crosswalk for residual metrics.,5-fold grouped OOF isotonic residual on target scale.
fullsample_oof_residual,oak,scssl,isotonic,overall,all,rmse,2345.313464323197,2312.527261431644,2390.5777192261144,300,300,8646,5813.0,2345.313464323197,0.0,PSU-in-stratum bootstrap; statistic recomputed with grouped 5-fold OOF isotonic crosswalk for residual metrics.,5-fold grouped OOF isotonic residual on target scale.
fullsample_oof_residual,oak,scssl,isotonic,overall,all,abs_error_p95,4656.036106125869,4582.057516334067,4782.349945473376,300,300,8646,5813.0,4656.036106125869,0.0,PSU-in-stratum bootstrap; statistic recomputed with grouped 5-fold OOF isotonic crosswalk for residual metrics.,5-fold grouped OOF isotonic residual on target scale.
fullsample_oof_residual,oak,scssl,isotonic,overall,all,mae_per_target_iqr,0.3059599124104593,0.3020523517455879,0.3128451633727251,300,300,8646,5813.0,0.3059599124104593,0.0,PSU-in-stratum bootstrap; statistic recomputed with grouped 5-fold OOF isotonic crosswalk for residual metrics.,MAE normalized by target algorithm IQR.
subgroup_curve_divergence,oak,scssl,isotonic,age_group,20-39,p95_abs_subgroup_minus_full_predicted_target,933.6846692733792,835.0673343184493,1111.3549354425063,300,300,2757,5813.0,,,PSU-in-stratum bootstrap; statistic recomputed with grouped 5-fold OOF isotonic crosswalk for residual metrics.,Subgroup-specific isotonic curve compared with full-sample curve.
subgroup_curve_divergence,oak,scssl,isotonic,age_group,20-39,p95_abs_subgroup_minus_full_predicted_target_over_target_iqr,0.1606201048122104,0.144585946150001,0.1923366430500549,300,300,2757,5813.0,,,PSU-in-stratum bootstrap; statistic recomputed with grouped 5-fold OOF isotonic crosswalk for residual metrics.,Subgroup-specific isotonic curve divergence normalized by target IQR.
subgroup_curve_divergence,oak,scssl,isotonic,age_group,20-39,max_abs_subgroup_minus_full_predicted_target,1067.5120933977446,986.5243657250256,1614.7910874366005,300,300,2757,5813.0,,,PSU-in-stratum bootstrap; statistic recomputed with grouped 5-fold OOF isotonic crosswalk for residual metrics.,Subgroup-specific isotonic curve compared with full-sample curve.
subgroup_curve_divergence,oak,scssl,isotonic,age_group,20-39,max_abs_subgroup_minus_full_predicted_target_over_target_iqr,0.1836421973847831,0.1699916605109324,0.2772882423386605,300,300,2757,5813.0,,,PSU-in-stratum bootstrap; statistic recomputed with grouped 5-fold OOF isotonic crosswalk for residual metrics.,Subgroup-specific isotonic curve divergence normalized by target IQR.
subgroup_curve_divergence,oak,scssl,isotonic,age_group,40-59,p95_abs_subgroup_minus_full_predicted_target,734.6196741854637,526.0299144883912,1001.3593383433232,300,300,2949,5813.0,,,PSU-in-stratum bootstrap; statistic recomputed with grouped 5-fold OOF isotonic crosswalk for residual metrics.,Subgroup-specific isotonic curve compared with full-sample curve.
subgroup_curve_divergence,oak,scssl,isotonic,age_group,40-59,p95_abs_subgroup_minus_full_predicted_target_over_target_iqr,0.1263753095106595,0.0904746960594363,0.1744602350585259,300,300,2949,5813.0,,,PSU-in-stratum bootstrap; statistic recomputed with grouped 5-fold OOF isotonic crosswalk for residual metrics.,Subgroup-specific isotonic curve divergence normalized by target IQR.
subgroup_curve_divergence,oak,scssl,isotonic,age_group,40-59,max_abs_subgroup_minus_full_predicted_target,976.371496629743,792.6373093030945,1427.83318937473,300,300,2949,5813.0,,,PSU-in-stratum bootstrap; statistic recomputed with grouped 5-fold OOF isotonic crosswalk for residual metrics.,Subgroup-specific isotonic curve compared with full-sample curve.
subgroup_curve_divergence,oak,scssl,isotonic,age_group,40-59,max_abs_subgroup_minus_full_predicted_target_over_target_iqr,0.1679634434250375,0.136881554129384,0.2448751747564687,300,300,2949,5813.0,,,PSU-in-stratum bootstrap; statistic recomputed with grouped 5-fold OOF isotonic crosswalk for residual metrics.,Subgroup-specific isotonic curve divergence normalized by target IQR.
subgroup_curve_divergence,oak,scssl,isotonic,age_group,60+,p95_abs_subgroup_minus_full_predicted_target,996.3463338744624,895.4824474839031,1564.52336567683,300,300,2940,5813.0,,,PSU-in-stratum bootstrap; statistic recomputed with grouped 5-fold OOF isotonic crosswalk for residual metrics.,Subgroup-specific isotonic curve compared with full-sample curve.
subgroup_curve_divergence,oak,scssl,isotonic,age_group,60+,p95_abs_subgroup_minus_full_predicted_target_over_target_iqr,0.1713996789737592,0.1542825290699894,0.2712262950513784,300,300,2940,5813.0,,,PSU-in-stratum bootstrap; statistic recomputed with grouped 5-fold OOF isotonic crosswalk for residual metrics.,Subgroup-specific isotonic curve divergence normalized by target IQR.
subgroup_curve_divergence,oak,scssl,isotonic,age_group,60+,max_abs_subgroup_minus_full_predicted_target,1144.4286527131517,1131.572531363904,2510.872292275243,300,300,2940,5813.0,,,PSU-in-stratum bootstrap; statistic recomputed with grouped 5-fold OOF isotonic crosswalk for residual metrics.,Subgroup-specific isotonic curve compared with full-sample curve.
subgroup_curve_divergence,oak,scssl,isotonic,age_group,60+,max_abs_subgroup_minus_full_predicted_target_over_target_iqr,0.1968740156052213,0.1974376741492927,0.433593414076983,300,300,2940,5813.0,,,PSU-in-stratum bootstrap; statistic recomputed with grouped 5-fold OOF isotonic crosswalk for residual metrics.,Subgroup-specific isotonic curve divergence normalized by target IQR.
subgroup_curve_spread,oak,scssl,isotonic,age_group,20-39|40-59|60+,p95_between_subgroup_spread_predicted_target,1585.1420057720045,1524.9006116777944,2067.0763695409933,300,300,8646,5813.0,,,PSU-in-stratum bootstrap; statistic recomputed with grouped 5-fold OOF isotonic crosswalk for residual metrics.,"At each source-grid point, spread = max subgroup curve - min subgroup curve."
subgroup_curve_spread,oak,scssl,isotonic,age_group,20-39|40-59|60+,p95_between_subgroup_spread_predicted_target_over_target_iqr,0.2726891460127308,0.2654347642652242,0.3575400413771673,300,300,8646,5813.0,,,PSU-in-stratum bootstrap; statistic recomputed with grouped 5-fold OOF isotonic crosswalk for residual metrics.,Between-subgroup curve spread normalized by target IQR.
subgroup_curve_spread,oak,scssl,isotonic,age_group,20-39|40-59|60+,max_between_subgroup_spread_predicted_target,2120.8001493428947,1838.144156426378,3041.1397244251325,300,300,8646,5813.0,,,PSU-in-stratum bootstrap; statistic recomputed with grouped 5-fold OOF isotonic crosswalk for residual metrics.,"At each source-grid point, spread = max subgroup curve - min subgroup curve."
subgroup_curve_spread,oak,scssl,isotonic,age_group,20-39|40-59|60+,max_between_subgroup_spread_predicted_target_over_target_iqr,0.3648374590302588,0.3142461503211824,0.5248542250602143,300,300,8646,5813.0,,,PSU-in-stratum bootstrap; statistic recomputed with grouped 5-fold OOF isotonic crosswalk for residual metrics.,Between-subgroup curve spread normalized by target IQR.
subgroup_curve_divergence,oak,scssl,isotonic,sex,male,p95_abs_subgroup_minus_full_predicted_target,862.4443296318095,803.4541284311149,1110.195860557366,300,300,4161,5813.0,,,PSU-in-stratum bootstrap; statistic recomputed with grouped 5-fold OOF isotonic crosswalk for residual metrics.,Subgroup-specific isotonic curve compared with full-sample curve.
subgroup_curve_divergence,oak,scssl,isotonic,sex,male,p95_abs_subgroup_minus_full_predicted_target_over_target_iqr,0.1483647565167399,0.1395921582622998,0.1884164038988705,300,300,4161,5813.0,,,PSU-in-stratum bootstrap; statistic recomputed with grouped 5-fold OOF isotonic crosswalk for residual metrics.,Subgroup-specific isotonic curve divergence normalized by target IQR.
subgroup_curve_divergence,oak,scssl,isotonic,sex,male,max_abs_subgroup_minus_full_predicted_target,1013.0105915237582,963.1020169085392,1578.5382210762175,300,300,4161,5813.0,,,PSU-in-stratum bootstrap; statistic recomputed with grouped 5-fold OOF isotonic crosswalk for residual metrics.,Subgroup-specific isotonic curve compared with full-sample curve.
subgroup_curve_divergence,oak,scssl,isotonic,sex,male,max_abs_subgroup_minus_full_predicted_target_over_target_iqr,0.1742664014319212,0.1671452498193533,0.2715770462188739,300,300,4161,5813.0,,,PSU-in-stratum bootstrap; statistic recomputed with grouped 5-fold OOF isotonic crosswalk for residual metrics.,Subgroup-specific isotonic curve divergence normalized by target IQR.
subgroup_curve_divergence,oak,scssl,isotonic,sex,female,p95_abs_subgroup_minus_full_predicted_target,983.4272186147192,780.0441432379523,1269.376006286565,300,300,4485,5813.0,,,PSU-in-stratum bootstrap; statistic recomputed with grouped 5-fold OOF isotonic crosswalk for residual metrics.,Subgroup-specific isotonic curve compared with full-sample curve.
subgroup_curve_divergence,oak,scssl,isotonic,sex,female,p95_abs_subgroup_minus_full_predicted_target_over_target_iqr,0.169177226666905,0.1347498389127386,0.2192367719998164,300,300,4485,5813.0,,,PSU-in-stratum bootstrap; statistic recomputed with grouped 5-fold OOF isotonic crosswalk for residual metrics.,Subgroup-specific isotonic curve divergence normalized by target IQR.
subgroup_curve_divergence,oak,scssl,isotonic,sex,female,max_abs_subgroup_minus_full_predicted_target,1222.35517064331,969.3316451936364,1726.6787732149614,300,300,4485,5813.0,,,PSU-in-stratum bootstrap; statistic recomputed with grouped 5-fold OOF isotonic crosswalk for residual metrics.,Subgroup-specific isotonic curve compared with full-sample curve.
subgroup_curve_divergence,oak,scssl,isotonic,sex,female,max_abs_subgroup_minus_full_predicted_target_over_target_iqr,0.2102795752009822,0.1657444730733968,0.2987963686507675,300,300,4485,5813.0,,,PSU-in-stratum bootstrap; statistic recomputed with grouped 5-fold OOF isotonic crosswalk for residual metrics.,Subgroup-specific isotonic curve divergence normalized by target IQR.
subgroup_curve_spread,oak,scssl,isotonic,sex,male|female,p95_between_subgroup_spread_predicted_target,1840.3173129251736,1534.2430847259277,2245.7448123237164,300,300,8646,5813.0,,,PSU-in-stratum bootstrap; statistic recomputed with grouped 5-fold OOF isotonic crosswalk for residual metrics.,"At each source-grid point, spread = max subgroup curve - min subgroup curve."
subgroup_curve_spread,oak,scssl,isotonic,sex,male|female,p95_between_subgroup_spread_predicted_target_over_target_iqr,0.3165864980088033,0.2651120470142467,0.3851006747227348,300,300,8646,5813.0,,,PSU-in-stratum bootstrap; statistic recomputed with grouped 5-fold OOF isotonic crosswalk for residual metrics.,Between-subgroup curve spread normalized by target IQR.
subgroup_curve_spread,oak,scssl,isotonic,sex,male|female,max_between_subgroup_spread_predicted_target,2196.7968979956113,1788.871212110037,2872.6815592090875,300,300,8646,5813.0,,,PSU-in-stratum bootstrap; statistic recomputed with grouped 5-fold OOF isotonic crosswalk for residual metrics.,"At each source-grid point, spread = max subgroup curve - min subgroup curve."
subgroup_curve_spread,oak,scssl,isotonic,sex,male|female,max_between_subgroup_spread_predicted_target_over_target_iqr,0.3779110438664392,0.3093758632272403,0.495509785685186,300,300,8646,5813.0,,,PSU-in-stratum bootstrap; statistic recomputed with grouped 5-fold OOF isotonic crosswalk for residual metrics.,Between-subgroup curve spread normalized by target IQR.
subgroup_curve_divergence,oak,scssl,isotonic,bmi_group,<25,p95_abs_subgroup_minus_full_predicted_target,575.6967713239146,493.9446094214458,810.2321847273917,300,300,2572,5813.0,,,PSU-in-stratum bootstrap; statistic recomputed with grouped 5-fold OOF isotonic crosswalk for residual metrics.,Subgroup-specific isotonic curve compared with full-sample curve.
subgroup_curve_divergence,oak,scssl,isotonic,bmi_group,<25,p95_abs_subgroup_minus_full_predicted_target_over_target_iqr,0.0990360865859134,0.0850830416570693,0.1398926018140627,300,300,2572,5813.0,,,PSU-in-stratum bootstrap; statistic recomputed with grouped 5-fold OOF isotonic crosswalk for residual metrics.,Subgroup-specific isotonic curve divergence normalized by target IQR.
subgroup_curve_divergence,oak,scssl,isotonic,bmi_group,<25,max_abs_subgroup_minus_full_predicted_target,739.1682043650794,670.5403525025602,1356.8508441328156,300,300,2572,5813.0,,,PSU-in-stratum bootstrap; statistic recomputed with grouped 5-fold OOF isotonic crosswalk for residual metrics.,Subgroup-specific isotonic curve compared with full-sample curve.
subgroup_curve_divergence,oak,scssl,isotonic,bmi_group,<25,max_abs_subgroup_minus_full_predicted_target_over_target_iqr,0.1271577850275382,0.115230412566446,0.2343771088600279,300,300,2572,5813.0,,,PSU-in-stratum bootstrap; statistic recomputed with grouped 5-fold OOF isotonic crosswalk for residual metrics.,Subgroup-specific isotonic curve divergence normalized by target IQR.
subgroup_curve_divergence,oak,scssl,isotonic,bmi_group,25-<30,p95_abs_subgroup_minus_full_predicted_target,646.7755402910425,630.5624159452509,925.996725841711,300,300,2741,5813.0,,,PSU-in-stratum bootstrap; statistic recomputed with grouped 5-fold OOF isotonic crosswalk for residual metrics.,Subgroup-specific isotonic curve compared with full-sample curve.
subgroup_curve_divergence,oak,scssl,isotonic,bmi_group,25-<30,p95_abs_subgroup_minus_full_predicted_target_over_target_iqr,0.1112636401670467,0.1084138580915169,0.1594699119574457,300,300,2741,5813.0,,,PSU-in-stratum bootstrap; statistic recomputed with grouped 5-fold OOF isotonic crosswalk for residual metrics.,Subgroup-specific isotonic curve divergence normalized by target IQR.
subgroup_curve_divergence,oak,scssl,isotonic,bmi_group,25-<30,max_abs_subgroup_minus_full_predicted_target,892.5158033973821,769.9790993224894,1401.106455594559,300,300,2741,5813.0,,,PSU-in-stratum bootstrap; statistic recomputed with grouped 5-fold OOF isotonic crosswalk for residual metrics.,Subgroup-specific isotonic curve compared with full-sample curve.
subgroup_curve_divergence,oak,scssl,isotonic,bmi_group,25-<30,max_abs_subgroup_minus_full_predicted_target_over_target_iqr,0.1535378983996872,0.1323894181717187,0.2410919833576091,300,300,2741,5813.0,,,PSU-in-stratum bootstrap; statistic recomputed with grouped 5-fold OOF isotonic crosswalk for residual metrics.,Subgroup-specific isotonic curve divergence normalized by target IQR.
subgroup_curve_divergence,oak,scssl,isotonic,bmi_group,>=30,p95_abs_subgroup_minus_full_predicted_target,690.7215379008758,650.1964230362235,1097.07150241015,300,300,3246,5813.0,,,PSU-in-stratum bootstrap; statistic recomputed with grouped 5-fold OOF isotonic crosswalk for residual metrics.,Subgroup-specific isotonic curve compared with full-sample curve.
subgroup_curve_divergence,oak,scssl,isotonic,bmi_group,>=30,p95_abs_subgroup_minus_full_predicted_target_over_target_iqr,0.118823591587971,0.109850346029179,0.1919759511513424,300,300,3246,5813.0,,,PSU-in-stratum bootstrap; statistic recomputed with grouped 5-fold OOF isotonic crosswalk for residual metrics.,Subgroup-specific isotonic curve divergence normalized by target IQR.
subgroup_curve_divergence,oak,scssl,isotonic,bmi_group,>=30,max_abs_subgroup_minus_full_predicted_target,1038.5113095238105,801.9870779134542,1713.9418998599433,300,300,3246,5813.0,,,PSU-in-stratum bootstrap; statistic recomputed with grouped 5-fold OOF isotonic crosswalk for residual metrics.,Subgroup-specific isotonic curve compared with full-sample curve.
subgroup_curve_divergence,oak,scssl,isotonic,bmi_group,>=30,max_abs_subgroup_minus_full_predicted_target_over_target_iqr,0.178653244370172,0.1392385795701762,0.2954513036220231,300,300,3246,5813.0,,,PSU-in-stratum bootstrap; statistic recomputed with grouped 5-fold OOF isotonic crosswalk for residual metrics.,Subgroup-specific isotonic curve divergence normalized by target IQR.
subgroup_curve_spread,oak,scssl,isotonic,bmi_group,<25|25-<30|>=30,p95_between_subgroup_spread_predicted_target,1362.9970754373176,1204.567180355974,1746.0971760469004,300,300,8559,5813.0,,,PSU-in-stratum bootstrap; statistic recomputed with grouped 5-fold OOF isotonic crosswalk for residual metrics.,"At each source-grid point, spread = max subgroup curve - min subgroup curve."
subgroup_curve_spread,oak,scssl,isotonic,bmi_group,<25|25-<30|>=30,p95_between_subgroup_spread_predicted_target_over_target_iqr,0.2344739507031339,0.2065315441267358,0.3023224911707757,300,300,8559,5813.0,,,PSU-in-stratum bootstrap; statistic recomputed with grouped 5-fold OOF isotonic crosswalk for residual metrics.,Between-subgroup curve spread normalized by target IQR.
subgroup_curve_spread,oak,scssl,isotonic,bmi_group,<25|25-<30|>=30,max_between_subgroup_spread_predicted_target,1450.4461872273268,1426.6800387978124,2490.3217277920107,300,300,8559,5813.0,,,PSU-in-stratum bootstrap; statistic recomputed with grouped 5-fold OOF isotonic crosswalk for residual metrics.,"At each source-grid point, spread = max subgroup curve - min subgroup curve."
subgroup_curve_spread,oak,scssl,isotonic,bmi_group,<25|25-<30|>=30,max_between_subgroup_spread_predicted_target_over_target_iqr,0.2495176651001766,0.2442114860491501,0.4270904970514217,300,300,8559,5813.0,,,PSU-in-stratum bootstrap; statistic recomputed with grouped 5-fold OOF isotonic crosswalk for residual metrics.,Between-subgroup curve spread normalized by target IQR.
fullsample_oof_residual,oak,vs,isotonic,overall,all,mae,835.4364631017809,823.6486328055048,854.4559339235007,300,300,8646,5559.857142857143,835.4364631017808,1.1368683772161605e-13,PSU-in-stratum bootstrap; statistic recomputed with grouped 5-fold OOF isotonic crosswalk for residual metrics.,5-fold grouped OOF isotonic residual on target scale.
fullsample_oof_residual,oak,vs,isotonic,overall,all,rmse,1221.564399140591,1189.074338998382,1261.475150558442,300,300,8646,5559.857142857143,1221.564399140591,0.0,PSU-in-stratum bootstrap; statistic recomputed with grouped 5-fold OOF isotonic crosswalk for residual metrics.,5-fold grouped OOF isotonic residual on target scale.
fullsample_oof_residual,oak,vs,isotonic,overall,all,abs_error_p95,2295.403324056896,2252.5286423777,2367.536665021816,300,300,8646,5559.857142857143,2295.403324056896,0.0,PSU-in-stratum bootstrap; statistic recomputed with grouped 5-fold OOF isotonic crosswalk for residual metrics.,5-fold grouped OOF isotonic residual on target scale.
fullsample_oof_residual,oak,vs,isotonic,overall,all,mae_per_target_iqr,0.1502622174699366,0.1473817179228939,0.1545177485080113,300,300,8646,5559.857142857143,0.1502622174699366,0.0,PSU-in-stratum bootstrap; statistic recomputed with grouped 5-fold OOF isotonic crosswalk for residual metrics.,MAE normalized by target algorithm IQR.
subgroup_curve_divergence,oak,vs,isotonic,age_group,20-39,p95_abs_subgroup_minus_full_predicted_target,389.321470362338,347.22183093918846,524.8649436016573,300,300,2757,5559.857142857143,,,PSU-in-stratum bootstrap; statistic recomputed with grouped 5-fold OOF isotonic crosswalk for residual metrics.,Subgroup-specific isotonic curve compared with full-sample curve.
subgroup_curve_divergence,oak,vs,isotonic,age_group,20-39,p95_abs_subgroup_minus_full_predicted_target_over_target_iqr,0.070023646356185,0.0622360054954861,0.0942170834022545,300,300,2757,5559.857142857143,,,PSU-in-stratum bootstrap; statistic recomputed with grouped 5-fold OOF isotonic crosswalk for residual metrics.,Subgroup-specific isotonic curve divergence normalized by target IQR.
subgroup_curve_divergence,oak,vs,isotonic,age_group,20-39,max_abs_subgroup_minus_full_predicted_target,513.4245238909771,475.74572831900207,885.6992671844507,300,300,2757,5559.857142857143,,,PSU-in-stratum bootstrap; statistic recomputed with grouped 5-fold OOF isotonic crosswalk for residual metrics.,Subgroup-specific isotonic curve compared with full-sample curve.
subgroup_curve_divergence,oak,vs,isotonic,age_group,20-39,max_abs_subgroup_minus_full_predicted_target_over_target_iqr,0.092344912953489,0.0858517036447704,0.1578638671278854,300,300,2757,5559.857142857143,,,PSU-in-stratum bootstrap; statistic recomputed with grouped 5-fold OOF isotonic crosswalk for residual metrics.,Subgroup-specific isotonic curve divergence normalized by target IQR.
subgroup_curve_divergence,oak,vs,isotonic,age_group,40-59,p95_abs_subgroup_minus_full_predicted_target,338.03999999999996,293.17992788583655,440.02578135261575,300,300,2949,5559.857142857143,,,PSU-in-stratum bootstrap; statistic recomputed with grouped 5-fold OOF isotonic crosswalk for residual metrics.,Subgroup-specific isotonic curve compared with full-sample curve.
subgroup_curve_divergence,oak,vs,isotonic,age_group,40-59,p95_abs_subgroup_minus_full_predicted_target_over_target_iqr,0.0608001233330763,0.0527896372997421,0.0790736210244831,300,300,2949,5559.857142857143,,,PSU-in-stratum bootstrap; statistic recomputed with grouped 5-fold OOF isotonic crosswalk for residual metrics.,Subgroup-specific isotonic curve divergence normalized by target IQR.
subgroup_curve_divergence,oak,vs,isotonic,age_group,40-59,max_abs_subgroup_minus_full_predicted_target,426.5883219954667,402.3980311985727,940.195537449458,300,300,2949,5559.857142857143,,,PSU-in-stratum bootstrap; statistic recomputed with grouped 5-fold OOF isotonic crosswalk for residual metrics.,Subgroup-specific isotonic curve compared with full-sample curve.
subgroup_curve_divergence,oak,vs,isotonic,age_group,40-59,max_abs_subgroup_minus_full_predicted_target_over_target_iqr,0.0767264897342754,0.0721522196898468,0.1684393643507055,300,300,2949,5559.857142857143,,,PSU-in-stratum bootstrap; statistic recomputed with grouped 5-fold OOF isotonic crosswalk for residual metrics.,Subgroup-specific isotonic curve divergence normalized by target IQR.
subgroup_curve_divergence,oak,vs,isotonic,age_group,60+,p95_abs_subgroup_minus_full_predicted_target,995.3399552029696,737.9479068961267,1410.751387976032,300,300,2940,5559.857142857143,,,PSU-in-stratum bootstrap; statistic recomputed with grouped 5-fold OOF isotonic crosswalk for residual metrics.,Subgroup-specific isotonic curve compared with full-sample curve.
subgroup_curve_divergence,oak,vs,isotonic,age_group,60+,p95_abs_subgroup_minus_full_predicted_target_over_target_iqr,0.1790225773123869,0.1321442363371223,0.2525525719873711,300,300,2940,5559.857142857143,,,PSU-in-stratum bootstrap; statistic recomputed with grouped 5-fold OOF isotonic crosswalk for residual metrics.,Subgroup-specific isotonic curve divergence normalized by target IQR.
subgroup_curve_divergence,oak,vs,isotonic,age_group,60+,max_abs_subgroup_minus_full_predicted_target,1235.868501912959,987.6970209346052,1611.7846880865072,300,300,2940,5559.857142857143,,,PSU-in-stratum bootstrap; statistic recomputed with grouped 5-fold OOF isotonic crosswalk for residual metrics.,Subgroup-specific isotonic curve compared with full-sample curve.
subgroup_curve_divergence,oak,vs,isotonic,age_group,60+,max_abs_subgroup_minus_full_predicted_target_over_target_iqr,0.2222842188491665,0.1771894501666768,0.2889663724289587,300,300,2940,5559.857142857143,,,PSU-in-stratum bootstrap; statistic recomputed with grouped 5-fold OOF isotonic crosswalk for residual metrics.,Subgroup-specific isotonic curve divergence normalized by target IQR.
subgroup_curve_spread,oak,vs,isotonic,age_group,20-39|40-59|60+,p95_between_subgroup_spread_predicted_target,1135.9235927656991,973.743671551952,1703.779273064524,300,300,8646,5559.857142857143,,,PSU-in-stratum bootstrap; statistic recomputed with grouped 5-fold OOF isotonic crosswalk for residual metrics.,"At each source-grid point, spread = max subgroup curve - min subgroup curve."
subgroup_curve_spread,oak,vs,isotonic,age_group,20-39|40-59|60+,p95_between_subgroup_spread_predicted_target_over_target_iqr,0.204308053890385,0.1760290766590607,0.3076279940303081,300,300,8646,5559.857142857143,,,PSU-in-stratum bootstrap; statistic recomputed with grouped 5-fold OOF isotonic crosswalk for residual metrics.,Between-subgroup curve spread normalized by target IQR.
subgroup_curve_spread,oak,vs,isotonic,age_group,20-39|40-59|60+,max_between_subgroup_spread_predicted_target,1625.189972275297,1252.6687299113337,2104.313619577066,300,300,8646,5559.857142857143,,,PSU-in-stratum bootstrap; statistic recomputed with grouped 5-fold OOF isotonic crosswalk for residual metrics.,"At each source-grid point, spread = max subgroup curve - min subgroup curve."
subgroup_curve_spread,oak,vs,isotonic,age_group,20-39|40-59|60+,max_between_subgroup_spread_predicted_target_over_target_iqr,0.2923078652053515,0.2254658151337115,0.3779185172013682,300,300,8646,5559.857142857143,,,PSU-in-stratum bootstrap; statistic recomputed with grouped 5-fold OOF isotonic crosswalk for residual metrics.,Between-subgroup curve spread normalized by target IQR.
subgroup_curve_divergence,oak,vs,isotonic,sex,male,p95_abs_subgroup_minus_full_predicted_target,296.40343046652197,236.0538377505246,379.72559141572947,300,300,4161,5559.857142857143,,,PSU-in-stratum bootstrap; statistic recomputed with grouped 5-fold OOF isotonic crosswalk for residual metrics.,Subgroup-specific isotonic curve compared with full-sample curve.
subgroup_curve_divergence,oak,vs,isotonic,sex,male,p95_abs_subgroup_minus_full_predicted_target_over_target_iqr,0.0533113392755634,0.0426687450575905,0.0680146657383957,300,300,4161,5559.857142857143,,,PSU-in-stratum bootstrap; statistic recomputed with grouped 5-fold OOF isotonic crosswalk for residual metrics.,Subgroup-specific isotonic curve divergence normalized by target IQR.
subgroup_curve_divergence,oak,vs,isotonic,sex,male,max_abs_subgroup_minus_full_predicted_target,567.83318654299,372.6957811691297,784.4137719058474,300,300,4161,5559.857142857143,,,PSU-in-stratum bootstrap; statistic recomputed with grouped 5-fold OOF isotonic crosswalk for residual metrics.,Subgroup-specific isotonic curve compared with full-sample curve.
subgroup_curve_divergence,oak,vs,isotonic,sex,male,max_abs_subgroup_minus_full_predicted_target_over_target_iqr,0.1021308950846869,0.0675278980221298,0.1417677833472779,300,300,4161,5559.857142857143,,,PSU-in-stratum bootstrap; statistic recomputed with grouped 5-fold OOF isotonic crosswalk for residual metrics.,Subgroup-specific isotonic curve divergence normalized by target IQR.
subgroup_curve_divergence,oak,vs,isotonic,sex,female,p95_abs_subgroup_minus_full_predicted_target,294.7340705200986,251.28110945924695,452.9384830957885,300,300,4485,5559.857142857143,,,PSU-in-stratum bootstrap; statistic recomputed with grouped 5-fold OOF isotonic crosswalk for residual metrics.,Subgroup-specific isotonic curve compared with full-sample curve.
subgroup_curve_divergence,oak,vs,isotonic,sex,female,p95_abs_subgroup_minus_full_predicted_target_over_target_iqr,0.053011086966281,0.0455725303201401,0.0816359791069095,300,300,4485,5559.857142857143,,,PSU-in-stratum bootstrap; statistic recomputed with grouped 5-fold OOF isotonic crosswalk for residual metrics.,Subgroup-specific isotonic curve divergence normalized by target IQR.
subgroup_curve_divergence,oak,vs,isotonic,sex,female,max_abs_subgroup_minus_full_predicted_target,531.9307700668942,389.2677584707276,883.6548665769411,300,300,4485,5559.857142857143,,,PSU-in-stratum bootstrap; statistic recomputed with grouped 5-fold OOF isotonic crosswalk for residual metrics.,Subgroup-specific isotonic curve compared with full-sample curve.
subgroup_curve_divergence,oak,vs,isotonic,sex,female,max_abs_subgroup_minus_full_predicted_target_over_target_iqr,0.0956734600187121,0.070176162870929,0.1571878013955592,300,300,4485,5559.857142857143,,,PSU-in-stratum bootstrap; statistic recomputed with grouped 5-fold OOF isotonic crosswalk for residual metrics.,Subgroup-specific isotonic curve divergence normalized by target IQR.
subgroup_curve_spread,oak,vs,isotonic,sex,male|female,p95_between_subgroup_spread_predicted_target,520.4553196371216,432.9537323911048,729.5181132878022,300,300,8646,5559.857142857143,,,PSU-in-stratum bootstrap; statistic recomputed with grouped 5-fold OOF isotonic crosswalk for residual metrics.,"At each source-grid point, spread = max subgroup curve - min subgroup curve."
subgroup_curve_spread,oak,vs,isotonic,sex,male|female,p95_between_subgroup_spread_predicted_target_over_target_iqr,0.0936094770538773,0.0784080597355674,0.130926342053157,300,300,8646,5559.857142857143,,,PSU-in-stratum bootstrap; statistic recomputed with grouped 5-fold OOF isotonic crosswalk for residual metrics.,Between-subgroup curve spread normalized by target IQR.
subgroup_curve_spread,oak,vs,isotonic,sex,male|female,max_between_subgroup_spread_predicted_target,1099.7639566098842,742.4727109444681,1316.8339101687832,300,300,8646,5559.857142857143,,,PSU-in-stratum bootstrap; statistic recomputed with grouped 5-fold OOF isotonic crosswalk for residual metrics.,"At each source-grid point, spread = max subgroup curve - min subgroup curve."
subgroup_curve_spread,oak,vs,isotonic,sex,male|female,max_between_subgroup_spread_predicted_target_over_target_iqr,0.197804355103399,0.133651443824272,0.237875221314274,300,300,8646,5559.857142857143,,,PSU-in-stratum bootstrap; statistic recomputed with grouped 5-fold OOF isotonic crosswalk for residual metrics.,Between-subgroup curve spread normalized by target IQR.
subgroup_curve_divergence,oak,vs,isotonic,bmi_group,<25,p95_abs_subgroup_minus_full_predicted_target,465.06796653796664,375.07150207211055,646.3640945974312,300,300,2572,5559.857142857143,,,PSU-in-stratum bootstrap; statistic recomputed with grouped 5-fold OOF isotonic crosswalk for residual metrics.,Subgroup-specific isotonic curve compared with full-sample curve.
subgroup_curve_divergence,oak,vs,isotonic,bmi_group,<25,p95_abs_subgroup_minus_full_predicted_target_over_target_iqr,0.0836474669381475,0.0669774060174567,0.1160987149773575,300,300,2572,5559.857142857143,,,PSU-in-stratum bootstrap; statistic recomputed with grouped 5-fold OOF isotonic crosswalk for residual metrics.,Subgroup-specific isotonic curve divergence normalized by target IQR.
subgroup_curve_divergence,oak,vs,isotonic,bmi_group,<25,max_abs_subgroup_minus_full_predicted_target,614.8469851576992,542.5198015720682,1016.9963951446928,300,300,2572,5559.857142857143,,,PSU-in-stratum bootstrap; statistic recomputed with grouped 5-fold OOF isotonic crosswalk for residual metrics.,Subgroup-specific isotonic curve compared with full-sample curve.
subgroup_curve_divergence,oak,vs,isotonic,bmi_group,<25,max_abs_subgroup_minus_full_predicted_target_over_target_iqr,0.1105868315245482,0.0976679797236961,0.1827517198693104,300,300,2572,5559.857142857143,,,PSU-in-stratum bootstrap; statistic recomputed with grouped 5-fold OOF isotonic crosswalk for residual metrics.,Subgroup-specific isotonic curve divergence normalized by target IQR.
subgroup_curve_divergence,oak,vs,isotonic,bmi_group,25-<30,p95_abs_subgroup_minus_full_predicted_target,315.15207860922055,291.61189938709424,450.0683239601478,300,300,2741,5559.857142857143,,,PSU-in-stratum bootstrap; statistic recomputed with grouped 5-fold OOF isotonic crosswalk for residual metrics.,Subgroup-specific isotonic curve compared with full-sample curve.
subgroup_curve_divergence,oak,vs,isotonic,bmi_group,25-<30,p95_abs_subgroup_minus_full_predicted_target_over_target_iqr,0.056683484937037,0.0524466691741037,0.0809870521555813,300,300,2741,5559.857142857143,,,PSU-in-stratum bootstrap; statistic recomputed with grouped 5-fold OOF isotonic crosswalk for residual metrics.,Subgroup-specific isotonic curve divergence normalized by target IQR.
subgroup_curve_divergence,oak,vs,isotonic,bmi_group,25-<30,max_abs_subgroup_minus_full_predicted_target,388.8889693121673,388.9201595162595,816.7645457862078,300,300,2741,5559.857142857143,,,PSU-in-stratum bootstrap; statistic recomputed with grouped 5-fold OOF isotonic crosswalk for residual metrics.,Subgroup-specific isotonic curve compared with full-sample curve.
subgroup_curve_divergence,oak,vs,isotonic,bmi_group,25-<30,max_abs_subgroup_minus_full_predicted_target_over_target_iqr,0.069945856398807,0.0701788499265293,0.1464897512197235,300,300,2741,5559.857142857143,,,PSU-in-stratum bootstrap; statistic recomputed with grouped 5-fold OOF isotonic crosswalk for residual metrics.,Subgroup-specific isotonic curve divergence normalized by target IQR.
subgroup_curve_divergence,oak,vs,isotonic,bmi_group,>=30,p95_abs_subgroup_minus_full_predicted_target,426.5965031265041,311.97034268190254,556.1389780743133,300,300,3246,5559.857142857143,,,PSU-in-stratum bootstrap; statistic recomputed with grouped 5-fold OOF isotonic crosswalk for residual metrics.,Subgroup-specific isotonic curve compared with full-sample curve.
subgroup_curve_divergence,oak,vs,isotonic,bmi_group,>=30,p95_abs_subgroup_minus_full_predicted_target_over_target_iqr,0.0767279611985284,0.0565575248847843,0.1006395292883199,300,300,3246,5559.857142857143,,,PSU-in-stratum bootstrap; statistic recomputed with grouped 5-fold OOF isotonic crosswalk for residual metrics.,Subgroup-specific isotonic curve divergence normalized by target IQR.
subgroup_curve_divergence,oak,vs,isotonic,bmi_group,>=30,max_abs_subgroup_minus_full_predicted_target,506.2963250517587,428.9849094263158,837.384112869275,300,300,3246,5559.857142857143,,,PSU-in-stratum bootstrap; statistic recomputed with grouped 5-fold OOF isotonic crosswalk for residual metrics.,Subgroup-specific isotonic curve compared with full-sample curve.
subgroup_curve_divergence,oak,vs,isotonic,bmi_group,>=30,max_abs_subgroup_minus_full_predicted_target_over_target_iqr,0.0910628298610527,0.077897240625907,0.1506557141893094,300,300,3246,5559.857142857143,,,PSU-in-stratum bootstrap; statistic recomputed with grouped 5-fold OOF isotonic crosswalk for residual metrics.,Subgroup-specific isotonic curve divergence normalized by target IQR.
subgroup_curve_spread,oak,vs,isotonic,bmi_group,<25|25-<30|>=30,p95_between_subgroup_spread_predicted_target,708.5832001133713,682.5498883185421,1131.5580596963437,300,300,8559,5559.857142857143,,,PSU-in-stratum bootstrap; statistic recomputed with grouped 5-fold OOF isotonic crosswalk for residual metrics.,"At each source-grid point, spread = max subgroup curve - min subgroup curve."
subgroup_curve_spread,oak,vs,isotonic,bmi_group,<25|25-<30|>=30,p95_between_subgroup_spread_predicted_target_over_target_iqr,0.1274462961739407,0.1232794710516326,0.2034869805536515,300,300,8559,5559.857142857143,,,PSU-in-stratum bootstrap; statistic recomputed with grouped 5-fold OOF isotonic crosswalk for residual metrics.,Between-subgroup curve spread normalized by target IQR.
subgroup_curve_spread,oak,vs,isotonic,bmi_group,<25|25-<30|>=30,max_between_subgroup_spread_predicted_target,1041.443488284203,877.4449362004425,1544.3533994327483,300,300,8559,5559.857142857143,,,PSU-in-stratum bootstrap; statistic recomputed with grouped 5-fold OOF isotonic crosswalk for residual metrics.,"At each source-grid point, spread = max subgroup curve - min subgroup curve."
subgroup_curve_spread,oak,vs,isotonic,bmi_group,<25|25-<30|>=30,max_between_subgroup_spread_predicted_target_over_target_iqr,0.1873147927230767,0.1595951371835489,0.2763642517466325,300,300,8559,5559.857142857143,,,PSU-in-stratum bootstrap; statistic recomputed with grouped 5-fold OOF isotonic crosswalk for residual metrics.,Between-subgroup curve spread normalized by target IQR.
fullsample_oof_residual,oak,vsrev,isotonic,overall,all,mae,875.8238897025514,863.7173704011732,899.0941193177514,300,300,8646,6301.767857142858,875.8238897025514,0.0,PSU-in-stratum bootstrap; statistic recomputed with grouped 5-fold OOF isotonic crosswalk for residual metrics.,5-fold grouped OOF isotonic residual on target scale.
fullsample_oof_residual,oak,vsrev,isotonic,overall,all,rmse,1231.3810172659582,1211.5225943828193,1265.3255589617968,300,300,8646,6301.767857142858,1231.3810172659582,0.0,PSU-in-stratum bootstrap; statistic recomputed with grouped 5-fold OOF isotonic crosswalk for residual metrics.,5-fold grouped OOF isotonic residual on target scale.
fullsample_oof_residual,oak,vsrev,isotonic,overall,all,abs_error_p95,2490.126753040894,2429.49195162061,2569.3654598114867,300,300,8646,6301.767857142858,2490.126753040894,0.0,PSU-in-stratum bootstrap; statistic recomputed with grouped 5-fold OOF isotonic crosswalk for residual metrics.,5-fold grouped OOF isotonic residual on target scale.
fullsample_oof_residual,oak,vsrev,isotonic,overall,all,mae_per_target_iqr,0.1389806653556481,0.1358378771770723,0.1433001298063167,300,300,8646,6301.767857142858,0.1389806653556481,0.0,PSU-in-stratum bootstrap; statistic recomputed with grouped 5-fold OOF isotonic crosswalk for residual metrics.,MAE normalized by target algorithm IQR.
subgroup_curve_divergence,oak,vsrev,isotonic,age_group,20-39,p95_abs_subgroup_minus_full_predicted_target,601.7502886002903,526.7578144975938,731.3830901856786,300,300,2757,6301.767857142858,,,PSU-in-stratum bootstrap; statistic recomputed with grouped 5-fold OOF isotonic crosswalk for residual metrics.,Subgroup-specific isotonic curve compared with full-sample curve.
subgroup_curve_divergence,oak,vsrev,isotonic,age_group,20-39,p95_abs_subgroup_minus_full_predicted_target_over_target_iqr,0.09548912340816,0.0827023886252589,0.1162101300085615,300,300,2757,6301.767857142858,,,PSU-in-stratum bootstrap; statistic recomputed with grouped 5-fold OOF isotonic crosswalk for residual metrics.,Subgroup-specific isotonic curve divergence normalized by target IQR.
subgroup_curve_divergence,oak,vsrev,isotonic,age_group,20-39,max_abs_subgroup_minus_full_predicted_target,1012.5064102564102,664.5455008162456,1385.5251284863002,300,300,2757,6301.767857142858,,,PSU-in-stratum bootstrap; statistic recomputed with grouped 5-fold OOF isotonic crosswalk for residual metrics.,Subgroup-specific isotonic curve compared with full-sample curve.
subgroup_curve_divergence,oak,vsrev,isotonic,age_group,20-39,max_abs_subgroup_minus_full_predicted_target_over_target_iqr,0.1606702171849706,0.1060386197953112,0.2194141276932873,300,300,2757,6301.767857142858,,,PSU-in-stratum bootstrap; statistic recomputed with grouped 5-fold OOF isotonic crosswalk for residual metrics.,Subgroup-specific isotonic curve divergence normalized by target IQR.
subgroup_curve_divergence,oak,vsrev,isotonic,age_group,40-59,p95_abs_subgroup_minus_full_predicted_target,475.5290041084354,387.64940650671105,673.8470092845711,300,300,2949,6301.767857142858,,,PSU-in-stratum bootstrap; statistic recomputed with grouped 5-fold OOF isotonic crosswalk for residual metrics.,Subgroup-specific isotonic curve compared with full-sample curve.
subgroup_curve_divergence,oak,vsrev,isotonic,age_group,40-59,p95_abs_subgroup_minus_full_predicted_target_over_target_iqr,0.0754596194097245,0.0615569589419843,0.107169945737929,300,300,2949,6301.767857142858,,,PSU-in-stratum bootstrap; statistic recomputed with grouped 5-fold OOF isotonic crosswalk for residual metrics.,Subgroup-specific isotonic curve divergence normalized by target IQR.
subgroup_curve_divergence,oak,vsrev,isotonic,age_group,40-59,max_abs_subgroup_minus_full_predicted_target,565.5388360607394,508.4001333576901,1109.5233693099494,300,300,2949,6301.767857142858,,,PSU-in-stratum bootstrap; statistic recomputed with grouped 5-fold OOF isotonic crosswalk for residual metrics.,Subgroup-specific isotonic curve compared with full-sample curve.
subgroup_curve_divergence,oak,vsrev,isotonic,age_group,40-59,max_abs_subgroup_minus_full_predicted_target_over_target_iqr,0.0897428862632124,0.0807211578086697,0.1757496758156063,300,300,2949,6301.767857142858,,,PSU-in-stratum bootstrap; statistic recomputed with grouped 5-fold OOF isotonic crosswalk for residual metrics.,Subgroup-specific isotonic curve divergence normalized by target IQR.
subgroup_curve_divergence,oak,vsrev,isotonic,age_group,60+,p95_abs_subgroup_minus_full_predicted_target,578.8029369440101,472.4601073132334,819.8313943041801,300,300,2940,6301.767857142858,,,PSU-in-stratum bootstrap; statistic recomputed with grouped 5-fold OOF isotonic crosswalk for residual metrics.,Subgroup-specific isotonic curve compared with full-sample curve.
subgroup_curve_divergence,oak,vsrev,isotonic,age_group,60+,p95_abs_subgroup_minus_full_predicted_target_over_target_iqr,0.0918477084629442,0.0758202584320804,0.1293457933876564,300,300,2940,6301.767857142858,,,PSU-in-stratum bootstrap; statistic recomputed with grouped 5-fold OOF isotonic crosswalk for residual metrics.,Subgroup-specific isotonic curve divergence normalized by target IQR.
subgroup_curve_divergence,oak,vsrev,isotonic,age_group,60+,max_abs_subgroup_minus_full_predicted_target,962.0739389810004,650.0710792942168,1237.7499038937424,300,300,2940,6301.767857142858,,,PSU-in-stratum bootstrap; statistic recomputed with grouped 5-fold OOF isotonic crosswalk for residual metrics.,Subgroup-specific isotonic curve compared with full-sample curve.
subgroup_curve_divergence,oak,vsrev,isotonic,age_group,60+,max_abs_subgroup_minus_full_predicted_target_over_target_iqr,0.1526673087283784,0.1025993829629614,0.1966115680908421,300,300,2940,6301.767857142858,,,PSU-in-stratum bootstrap; statistic recomputed with grouped 5-fold OOF isotonic crosswalk for residual metrics.,Subgroup-specific isotonic curve divergence normalized by target IQR.
subgroup_curve_spread,oak,vsrev,isotonic,age_group,20-39|40-59|60+,p95_between_subgroup_spread_predicted_target,1011.1829831932793,970.6445345138064,1373.981480931629,300,300,8646,6301.767857142858,,,PSU-in-stratum bootstrap; statistic recomputed with grouped 5-fold OOF isotonic crosswalk for residual metrics.,"At each source-grid point, spread = max subgroup curve - min subgroup curve."
subgroup_curve_spread,oak,vsrev,isotonic,age_group,20-39|40-59|60+,p95_between_subgroup_spread_predicted_target_over_target_iqr,0.1604602083282288,0.1537021220391797,0.2193381155742673,300,300,8646,6301.767857142858,,,PSU-in-stratum bootstrap; statistic recomputed with grouped 5-fold OOF isotonic crosswalk for residual metrics.,Between-subgroup curve spread normalized by target IQR.
subgroup_curve_spread,oak,vsrev,isotonic,age_group,20-39|40-59|60+,max_between_subgroup_spread_predicted_target,1476.2431972789163,1176.4510633663026,2027.03773151029,300,300,8646,6301.767857142858,,,PSU-in-stratum bootstrap; statistic recomputed with grouped 5-fold OOF isotonic crosswalk for residual metrics.,"At each source-grid point, spread = max subgroup curve - min subgroup curve."
subgroup_curve_spread,oak,vsrev,isotonic,age_group,20-39|40-59|60+,max_between_subgroup_spread_predicted_target_over_target_iqr,0.2342585812020416,0.1861426963753289,0.3199635985244129,300,300,8646,6301.767857142858,,,PSU-in-stratum bootstrap; statistic recomputed with grouped 5-fold OOF isotonic crosswalk for residual metrics.,Between-subgroup curve spread normalized by target IQR.
subgroup_curve_divergence,oak,vsrev,isotonic,sex,male,p95_abs_subgroup_minus_full_predicted_target,332.1680555555595,264.45638857538853,395.2248825757585,300,300,4161,6301.767857142858,,,PSU-in-stratum bootstrap; statistic recomputed with grouped 5-fold OOF isotonic crosswalk for residual metrics.,Subgroup-specific isotonic curve compared with full-sample curve.
subgroup_curve_divergence,oak,vsrev,isotonic,sex,male,p95_abs_subgroup_minus_full_predicted_target_over_target_iqr,0.0527102970286436,0.0420773021316224,0.0626414080285327,300,300,4161,6301.767857142858,,,PSU-in-stratum bootstrap; statistic recomputed with grouped 5-fold OOF isotonic crosswalk for residual metrics.,Subgroup-specific isotonic curve divergence normalized by target IQR.
subgroup_curve_divergence,oak,vsrev,isotonic,sex,male,max_abs_subgroup_minus_full_predicted_target,615.991704374057,364.4164066080964,852.9752087820636,300,300,4161,6301.767857142858,,,PSU-in-stratum bootstrap; statistic recomputed with grouped 5-fold OOF isotonic crosswalk for residual metrics.,Subgroup-specific isotonic curve compared with full-sample curve.
subgroup_curve_divergence,oak,vsrev,isotonic,sex,male,max_abs_subgroup_minus_full_predicted_target_over_target_iqr,0.097749031436607,0.0579038307402998,0.1339772765685704,300,300,4161,6301.767857142858,,,PSU-in-stratum bootstrap; statistic recomputed with grouped 5-fold OOF isotonic crosswalk for residual metrics.,Subgroup-specific isotonic curve divergence normalized by target IQR.
subgroup_curve_divergence,oak,vsrev,isotonic,sex,female,p95_abs_subgroup_minus_full_predicted_target,300.93656558275507,259.556015840478,474.2400608974325,300,300,4485,6301.767857142858,,,PSU-in-stratum bootstrap; statistic recomputed with grouped 5-fold OOF isotonic crosswalk for residual metrics.,Subgroup-specific isotonic curve compared with full-sample curve.
subgroup_curve_divergence,oak,vsrev,isotonic,sex,female,p95_abs_subgroup_minus_full_predicted_target_over_target_iqr,0.0477543083789817,0.0409262861753495,0.0757697713350591,300,300,4485,6301.767857142858,,,PSU-in-stratum bootstrap; statistic recomputed with grouped 5-fold OOF isotonic crosswalk for residual metrics.,Subgroup-specific isotonic curve divergence normalized by target IQR.
subgroup_curve_divergence,oak,vsrev,isotonic,sex,female,max_abs_subgroup_minus_full_predicted_target,551.361309523807,392.38893848291383,845.5326628161563,300,300,4485,6301.767857142858,,,PSU-in-stratum bootstrap; statistic recomputed with grouped 5-fold OOF isotonic crosswalk for residual metrics.,Subgroup-specific isotonic curve compared with full-sample curve.
subgroup_curve_divergence,oak,vsrev,isotonic,sex,female,max_abs_subgroup_minus_full_predicted_target_over_target_iqr,0.087493116538537,0.0623814212290462,0.1346803365537166,300,300,4485,6301.767857142858,,,PSU-in-stratum bootstrap; statistic recomputed with grouped 5-fold OOF isotonic crosswalk for residual metrics.,Subgroup-specific isotonic curve divergence normalized by target IQR.
subgroup_curve_spread,oak,vsrev,isotonic,sex,male|female,p95_between_subgroup_spread_predicted_target,585.4400105708228,505.1006192715016,718.9735187121349,300,300,8646,6301.767857142858,,,PSU-in-stratum bootstrap; statistic recomputed with grouped 5-fold OOF isotonic crosswalk for residual metrics.,"At each source-grid point, spread = max subgroup curve - min subgroup curve."
subgroup_curve_spread,oak,vsrev,isotonic,sex,male|female,p95_between_subgroup_spread_predicted_target_over_target_iqr,0.0929009166701126,0.0811324229500195,0.1125083026912701,300,300,8646,6301.767857142858,,,PSU-in-stratum bootstrap; statistic recomputed with grouped 5-fold OOF isotonic crosswalk for residual metrics.,Between-subgroup curve spread normalized by target IQR.
subgroup_curve_spread,oak,vsrev,isotonic,sex,male|female,max_between_subgroup_spread_predicted_target,753.7021189336992,639.0609812064,1220.974764433307,300,300,8646,6301.767857142858,,,PSU-in-stratum bootstrap; statistic recomputed with grouped 5-fold OOF isotonic crosswalk for residual metrics.,"At each source-grid point, spread = max subgroup curve - min subgroup curve."
subgroup_curve_spread,oak,vsrev,isotonic,sex,male|female,max_between_subgroup_spread_predicted_target_over_target_iqr,0.1196016952733987,0.1023699101295998,0.1929101403445315,300,300,8646,6301.767857142858,,,PSU-in-stratum bootstrap; statistic recomputed with grouped 5-fold OOF isotonic crosswalk for residual metrics.,Between-subgroup curve spread normalized by target IQR.
subgroup_curve_divergence,oak,vsrev,isotonic,bmi_group,<25,p95_abs_subgroup_minus_full_predicted_target,538.9106161021118,419.60043341703374,661.7311715737009,300,300,2572,6301.767857142858,,,PSU-in-stratum bootstrap; statistic recomputed with grouped 5-fold OOF isotonic crosswalk for residual metrics.,Subgroup-specific isotonic curve compared with full-sample curve.
subgroup_curve_divergence,oak,vsrev,isotonic,bmi_group,<25,p95_abs_subgroup_minus_full_predicted_target_over_target_iqr,0.0855173704139662,0.0667886521455681,0.1049427340788488,300,300,2572,6301.767857142858,,,PSU-in-stratum bootstrap; statistic recomputed with grouped 5-fold OOF isotonic crosswalk for residual metrics.,Subgroup-specific isotonic curve divergence normalized by target IQR.
subgroup_curve_divergence,oak,vsrev,isotonic,bmi_group,<25,max_abs_subgroup_minus_full_predicted_target,609.71071054208,567.5600257617741,1060.694314508532,300,300,2572,6301.767857142858,,,PSU-in-stratum bootstrap; statistic recomputed with grouped 5-fold OOF isotonic crosswalk for residual metrics.,Subgroup-specific isotonic curve compared with full-sample curve.
subgroup_curve_divergence,oak,vsrev,isotonic,bmi_group,<25,max_abs_subgroup_minus_full_predicted_target_over_target_iqr,0.0967523279758698,0.0901221885573581,0.1694887579997245,300,300,2572,6301.767857142858,,,PSU-in-stratum bootstrap; statistic recomputed with grouped 5-fold OOF isotonic crosswalk for residual metrics.,Subgroup-specific isotonic curve divergence normalized by target IQR.
subgroup_curve_divergence,oak,vsrev,isotonic,bmi_group,25-<30,p95_abs_subgroup_minus_full_predicted_target,308.9938408194794,294.12748001475404,514.4106461380718,300,300,2741,6301.767857142858,,,PSU-in-stratum bootstrap; statistic recomputed with grouped 5-fold OOF isotonic crosswalk for residual metrics.,Subgroup-specific isotonic curve compared with full-sample curve.
subgroup_curve_divergence,oak,vsrev,isotonic,bmi_group,25-<30,p95_abs_subgroup_minus_full_predicted_target_over_target_iqr,0.049032882172777,0.0468634336382054,0.0817484829152646,300,300,2741,6301.767857142858,,,PSU-in-stratum bootstrap; statistic recomputed with grouped 5-fold OOF isotonic crosswalk for residual metrics.,Subgroup-specific isotonic curve divergence normalized by target IQR.
subgroup_curve_divergence,oak,vsrev,isotonic,bmi_group,25-<30,max_abs_subgroup_minus_full_predicted_target,413.7103749357984,402.6619422655153,888.8321124768094,300,300,2741,6301.767857142858,,,PSU-in-stratum bootstrap; statistic recomputed with grouped 5-fold OOF isotonic crosswalk for residual metrics.,Subgroup-specific isotonic curve compared with full-sample curve.
subgroup_curve_divergence,oak,vsrev,isotonic,bmi_group,25-<30,max_abs_subgroup_minus_full_predicted_target_over_target_iqr,0.0656498913184925,0.0644117540649481,0.1402801269842701,300,300,2741,6301.767857142858,,,PSU-in-stratum bootstrap; statistic recomputed with grouped 5-fold OOF isotonic crosswalk for residual metrics.,Subgroup-specific isotonic curve divergence normalized by target IQR.
subgroup_curve_divergence,oak,vsrev,isotonic,bmi_group,>=30,p95_abs_subgroup_minus_full_predicted_target,444.9513943465609,359.22287782846956,615.6372306267323,300,300,3246,6301.767857142858,,,PSU-in-stratum bootstrap; statistic recomputed with grouped 5-fold OOF isotonic crosswalk for residual metrics.,Subgroup-specific isotonic curve compared with full-sample curve.
subgroup_curve_divergence,oak,vsrev,isotonic,bmi_group,>=30,p95_abs_subgroup_minus_full_predicted_target_over_target_iqr,0.0706073921530166,0.0574176953296627,0.0977689449947751,300,300,3246,6301.767857142858,,,PSU-in-stratum bootstrap; statistic recomputed with grouped 5-fold OOF isotonic crosswalk for residual metrics.,Subgroup-specific isotonic curve divergence normalized by target IQR.
subgroup_curve_divergence,oak,vsrev,isotonic,bmi_group,>=30,max_abs_subgroup_minus_full_predicted_target,607.4176870748306,522.820688973408,1102.1923990369603,300,300,3246,6301.767857142858,,,PSU-in-stratum bootstrap; statistic recomputed with grouped 5-fold OOF isotonic crosswalk for residual metrics.,Subgroup-specific isotonic curve compared with full-sample curve.
subgroup_curve_divergence,oak,vsrev,isotonic,bmi_group,>=30,max_abs_subgroup_minus_full_predicted_target_over_target_iqr,0.0963884581032831,0.0830775956048631,0.175197874948522,300,300,3246,6301.767857142858,,,PSU-in-stratum bootstrap; statistic recomputed with grouped 5-fold OOF isotonic crosswalk for residual metrics.,Subgroup-specific isotonic curve divergence normalized by target IQR.
subgroup_curve_spread,oak,vsrev,isotonic,bmi_group,<25|25-<30|>=30,p95_between_subgroup_spread_predicted_target,944.9185689865736,794.701029608544,1160.418956265222,300,300,8559,6301.767857142858,,,PSU-in-stratum bootstrap; statistic recomputed with grouped 5-fold OOF isotonic crosswalk for residual metrics.,"At each source-grid point, spread = max subgroup curve - min subgroup curve."
subgroup_curve_spread,oak,vsrev,isotonic,bmi_group,<25|25-<30|>=30,p95_between_subgroup_spread_predicted_target_over_target_iqr,0.149944998039802,0.1258840178093633,0.1834360902638199,300,300,8559,6301.767857142858,,,PSU-in-stratum bootstrap; statistic recomputed with grouped 5-fold OOF isotonic crosswalk for residual metrics.,Between-subgroup curve spread normalized by target IQR.
subgroup_curve_spread,oak,vsrev,isotonic,bmi_group,<25|25-<30|>=30,max_between_subgroup_spread_predicted_target,1072.276959011453,996.0305134380312,1586.0429113310813,300,300,8559,6301.767857142858,,,PSU-in-stratum bootstrap; statistic recomputed with grouped 5-fold OOF isotonic crosswalk for residual metrics.,"At each source-grid point, spread = max subgroup curve - min subgroup curve."
subgroup_curve_spread,oak,vsrev,isotonic,bmi_group,<25|25-<30|>=30,max_between_subgroup_spread_predicted_target_over_target_iqr,0.1701549443456665,0.1583648580008862,0.2512107827027451,300,300,8559,6301.767857142858,,,PSU-in-stratum bootstrap; statistic recomputed with grouped 5-fold OOF isotonic crosswalk for residual metrics.,Between-subgroup curve spread normalized by target IQR.
fullsample_oof_residual,scrf,acti,isotonic,overall,all,mae,1108.3081299158473,1092.7802129648064,1129.859697860676,300,300,8646,5482.084523809524,1108.308129915847,2.273736754432321e-13,PSU-in-stratum bootstrap; statistic recomputed with grouped 5-fold OOF isotonic crosswalk for residual metrics.,5-fold grouped OOF isotonic residual on target scale.
fullsample_oof_residual,scrf,acti,isotonic,overall,all,rmse,1478.7962986277382,1454.447922249577,1510.5605802793086,300,300,8646,5482.084523809524,1478.7962986277382,0.0,PSU-in-stratum bootstrap; statistic recomputed with grouped 5-fold OOF isotonic crosswalk for residual metrics.,5-fold grouped OOF isotonic residual on target scale.
fullsample_oof_residual,scrf,acti,isotonic,overall,all,abs_error_p95,2861.5814527237517,2801.451057903844,2932.3800116426237,300,300,8646,5482.084523809524,2861.5814527237517,0.0,PSU-in-stratum bootstrap; statistic recomputed with grouped 5-fold OOF isotonic crosswalk for residual metrics.,5-fold grouped OOF isotonic residual on target scale.
fullsample_oof_residual,scrf,acti,isotonic,overall,all,mae_per_target_iqr,0.2021691064963148,0.1984871981734352,0.2069935452190417,300,300,8646,5482.084523809524,0.2021691064963148,5.551115123125783e-17,PSU-in-stratum bootstrap; statistic recomputed with grouped 5-fold OOF isotonic crosswalk for residual metrics.,MAE normalized by target algorithm IQR.
subgroup_curve_divergence,scrf,acti,isotonic,age_group,20-39,p95_abs_subgroup_minus_full_predicted_target,749.1042740328458,640.6760503305355,940.265696691278,300,300,2757,5482.084523809524,,,PSU-in-stratum bootstrap; statistic recomputed with grouped 5-fold OOF isotonic crosswalk for residual metrics.,Subgroup-specific isotonic curve compared with full-sample curve.
subgroup_curve_divergence,scrf,acti,isotonic,age_group,20-39,p95_abs_subgroup_minus_full_predicted_target_over_target_iqr,0.1366458818318784,0.1156113765017653,0.1726960009467274,300,300,2757,5482.084523809524,,,PSU-in-stratum bootstrap; statistic recomputed with grouped 5-fold OOF isotonic crosswalk for residual metrics.,Subgroup-specific isotonic curve divergence normalized by target IQR.
subgroup_curve_divergence,scrf,acti,isotonic,age_group,20-39,max_abs_subgroup_minus_full_predicted_target,874.9412117249658,834.5600063144386,1297.14058241639,300,300,2757,5482.084523809524,,,PSU-in-stratum bootstrap; statistic recomputed with grouped 5-fold OOF isotonic crosswalk for residual metrics.,Subgroup-specific isotonic curve compared with full-sample curve.
subgroup_curve_divergence,scrf,acti,isotonic,age_group,20-39,max_abs_subgroup_minus_full_predicted_target_over_target_iqr,0.1596000951690845,0.1517779317319904,0.235290984150427,300,300,2757,5482.084523809524,,,PSU-in-stratum bootstrap; statistic recomputed with grouped 5-fold OOF isotonic crosswalk for residual metrics.,Subgroup-specific isotonic curve divergence normalized by target IQR.
subgroup_curve_divergence,scrf,acti,isotonic,age_group,40-59,p95_abs_subgroup_minus_full_predicted_target,323.11978537894083,310.65863544374025,555.9939173386528,300,300,2949,5482.084523809524,,,PSU-in-stratum bootstrap; statistic recomputed with grouped 5-fold OOF isotonic crosswalk for residual metrics.,Subgroup-specific isotonic curve compared with full-sample curve.
subgroup_curve_divergence,scrf,acti,isotonic,age_group,40-59,p95_abs_subgroup_minus_full_predicted_target_over_target_iqr,0.0589410440454871,0.0569903212584445,0.1020548708525076,300,300,2949,5482.084523809524,,,PSU-in-stratum bootstrap; statistic recomputed with grouped 5-fold OOF isotonic crosswalk for residual metrics.,Subgroup-specific isotonic curve divergence normalized by target IQR.
subgroup_curve_divergence,scrf,acti,isotonic,age_group,40-59,max_abs_subgroup_minus_full_predicted_target,646.2142277365492,478.44210513103985,1058.8982542132303,300,300,2949,5482.084523809524,,,PSU-in-stratum bootstrap; statistic recomputed with grouped 5-fold OOF isotonic crosswalk for residual metrics.,Subgroup-specific isotonic curve compared with full-sample curve.
subgroup_curve_divergence,scrf,acti,isotonic,age_group,40-59,max_abs_subgroup_minus_full_predicted_target_over_target_iqr,0.1178774652105312,0.0869222290011009,0.1949067365904705,300,300,2949,5482.084523809524,,,PSU-in-stratum bootstrap; statistic recomputed with grouped 5-fold OOF isotonic crosswalk for residual metrics.,Subgroup-specific isotonic curve divergence normalized by target IQR.
subgroup_curve_divergence,scrf,acti,isotonic,age_group,60+,p95_abs_subgroup_minus_full_predicted_target,440.2543313763872,426.26465177233774,771.1829753706318,300,300,2940,5482.084523809524,,,PSU-in-stratum bootstrap; statistic recomputed with grouped 5-fold OOF isotonic crosswalk for residual metrics.,Subgroup-specific isotonic curve compared with full-sample curve.
subgroup_curve_divergence,scrf,acti,isotonic,age_group,60+,p95_abs_subgroup_minus_full_predicted_target_over_target_iqr,0.0803078335374611,0.0773170342909394,0.141867457722836,300,300,2940,5482.084523809524,,,PSU-in-stratum bootstrap; statistic recomputed with grouped 5-fold OOF isotonic crosswalk for residual metrics.,Subgroup-specific isotonic curve divergence normalized by target IQR.
subgroup_curve_divergence,scrf,acti,isotonic,age_group,60+,max_abs_subgroup_minus_full_predicted_target,512.8576155462179,533.111914611203,1231.9812145500991,300,300,2940,5482.084523809524,,,PSU-in-stratum bootstrap; statistic recomputed with grouped 5-fold OOF isotonic crosswalk for residual metrics.,Subgroup-specific isotonic curve compared with full-sample curve.
subgroup_curve_divergence,scrf,acti,isotonic,age_group,60+,max_abs_subgroup_minus_full_predicted_target_over_target_iqr,0.0935515702683531,0.0968118771759132,0.2230377681804479,300,300,2940,5482.084523809524,,,PSU-in-stratum bootstrap; statistic recomputed with grouped 5-fold OOF isotonic crosswalk for residual metrics.,Subgroup-specific isotonic curve divergence normalized by target IQR.
subgroup_curve_spread,scrf,acti,isotonic,age_group,20-39|40-59|60+,p95_between_subgroup_spread_predicted_target,922.4075396825356,918.1456069430142,1217.590032936508,300,300,8646,5482.084523809524,,,PSU-in-stratum bootstrap; statistic recomputed with grouped 5-fold OOF isotonic crosswalk for residual metrics.,"At each source-grid point, spread = max subgroup curve - min subgroup curve."
subgroup_curve_spread,scrf,acti,isotonic,age_group,20-39|40-59|60+,p95_between_subgroup_spread_predicted_target_over_target_iqr,0.1682585402826935,0.1649797158840964,0.2223101687881921,300,300,8646,5482.084523809524,,,PSU-in-stratum bootstrap; statistic recomputed with grouped 5-fold OOF isotonic crosswalk for residual metrics.,Between-subgroup curve spread normalized by target IQR.
subgroup_curve_spread,scrf,acti,isotonic,age_group,20-39|40-59|60+,max_between_subgroup_spread_predicted_target,1086.7015988037729,1064.5214251332602,1682.6546576563355,300,300,8646,5482.084523809524,,,PSU-in-stratum bootstrap; statistic recomputed with grouped 5-fold OOF isotonic crosswalk for residual metrics.,"At each source-grid point, spread = max subgroup curve - min subgroup curve."
subgroup_curve_spread,scrf,acti,isotonic,age_group,20-39|40-59|60+,max_between_subgroup_spread_predicted_target_over_target_iqr,0.1982278080690042,0.1937193727620916,0.3052561824650603,300,300,8646,5482.084523809524,,,PSU-in-stratum bootstrap; statistic recomputed with grouped 5-fold OOF isotonic crosswalk for residual metrics.,Between-subgroup curve spread normalized by target IQR.
subgroup_curve_divergence,scrf,acti,isotonic,sex,male,p95_abs_subgroup_minus_full_predicted_target,476.647378165314,436.0291298119328,648.1163884928131,300,300,4161,5482.084523809524,,,PSU-in-stratum bootstrap; statistic recomputed with grouped 5-fold OOF isotonic crosswalk for residual metrics.,Subgroup-specific isotonic curve compared with full-sample curve.
subgroup_curve_divergence,scrf,acti,isotonic,sex,male,p95_abs_subgroup_minus_full_predicted_target_over_target_iqr,0.0869463752510859,0.0791142269385147,0.1191687283348352,300,300,4161,5482.084523809524,,,PSU-in-stratum bootstrap; statistic recomputed with grouped 5-fold OOF isotonic crosswalk for residual metrics.,Subgroup-specific isotonic curve divergence normalized by target IQR.
subgroup_curve_divergence,scrf,acti,isotonic,sex,male,max_abs_subgroup_minus_full_predicted_target,793.3825092622856,605.1270541002009,1182.469060782967,300,300,4161,5482.084523809524,,,PSU-in-stratum bootstrap; statistic recomputed with grouped 5-fold OOF isotonic crosswalk for residual metrics.,Subgroup-specific isotonic curve compared with full-sample curve.
subgroup_curve_divergence,scrf,acti,isotonic,sex,male,max_abs_subgroup_minus_full_predicted_target_over_target_iqr,0.1447227794129231,0.1084931364564176,0.2162414648256862,300,300,4161,5482.084523809524,,,PSU-in-stratum bootstrap; statistic recomputed with grouped 5-fold OOF isotonic crosswalk for residual metrics.,Subgroup-specific isotonic curve divergence normalized by target IQR.
subgroup_curve_divergence,scrf,acti,isotonic,sex,female,p95_abs_subgroup_minus_full_predicted_target,443.9291456842475,362.17006548844984,524.7298637380625,300,300,4485,5482.084523809524,,,PSU-in-stratum bootstrap; statistic recomputed with grouped 5-fold OOF isotonic crosswalk for residual metrics.,Subgroup-specific isotonic curve compared with full-sample curve.
subgroup_curve_divergence,scrf,acti,isotonic,sex,female,p95_abs_subgroup_minus_full_predicted_target_over_target_iqr,0.0809781651042036,0.0659495192039,0.0959660999031832,300,300,4485,5482.084523809524,,,PSU-in-stratum bootstrap; statistic recomputed with grouped 5-fold OOF isotonic crosswalk for residual metrics.,Subgroup-specific isotonic curve divergence normalized by target IQR.
subgroup_curve_divergence,scrf,acti,isotonic,sex,female,max_abs_subgroup_minus_full_predicted_target,632.8313682322259,461.0462658730183,815.9939161450587,300,300,4485,5482.084523809524,,,PSU-in-stratum bootstrap; statistic recomputed with grouped 5-fold OOF isotonic crosswalk for residual metrics.,Subgroup-specific isotonic curve compared with full-sample curve.
subgroup_curve_divergence,scrf,acti,isotonic,sex,female,max_abs_subgroup_minus_full_predicted_target_over_target_iqr,0.1154362661654966,0.0836573364456517,0.1485142795839581,300,300,4485,5482.084523809524,,,PSU-in-stratum bootstrap; statistic recomputed with grouped 5-fold OOF isotonic crosswalk for residual metrics.,Subgroup-specific isotonic curve divergence normalized by target IQR.
subgroup_curve_spread,scrf,acti,isotonic,sex,male|female,p95_between_subgroup_spread_predicted_target,813.7083680874648,759.3635283235636,1086.1804870990202,300,300,8646,5482.084523809524,,,PSU-in-stratum bootstrap; statistic recomputed with grouped 5-fold OOF isotonic crosswalk for residual metrics.,"At each source-grid point, spread = max subgroup curve - min subgroup curve."
subgroup_curve_spread,scrf,acti,isotonic,sex,male|female,p95_between_subgroup_spread_predicted_target_over_target_iqr,0.1484304673803196,0.1373380969199943,0.2005639211797589,300,300,8646,5482.084523809524,,,PSU-in-stratum bootstrap; statistic recomputed with grouped 5-fold OOF isotonic crosswalk for residual metrics.,Between-subgroup curve spread normalized by target IQR.
subgroup_curve_spread,scrf,acti,isotonic,sex,male|female,max_between_subgroup_spread_predicted_target,1254.971052654665,947.6394418279136,1491.728033684954,300,300,8646,5482.084523809524,,,PSU-in-stratum bootstrap; statistic recomputed with grouped 5-fold OOF isotonic crosswalk for residual metrics.,"At each source-grid point, spread = max subgroup curve - min subgroup curve."
subgroup_curve_spread,scrf,acti,isotonic,sex,male|female,max_between_subgroup_spread_predicted_target_over_target_iqr,0.2289222370074987,0.1719711304743393,0.274285654309381,300,300,8646,5482.084523809524,,,PSU-in-stratum bootstrap; statistic recomputed with grouped 5-fold OOF isotonic crosswalk for residual metrics.,Between-subgroup curve spread normalized by target IQR.
subgroup_curve_divergence,scrf,acti,isotonic,bmi_group,<25,p95_abs_subgroup_minus_full_predicted_target,419.40736531401126,332.04773472826685,544.7868746871727,300,300,2572,5482.084523809524,,,PSU-in-stratum bootstrap; statistic recomputed with grouped 5-fold OOF isotonic crosswalk for residual metrics.,Subgroup-specific isotonic curve compared with full-sample curve.
subgroup_curve_divergence,scrf,acti,isotonic,bmi_group,<25,p95_abs_subgroup_minus_full_predicted_target_over_target_iqr,0.0765050891668053,0.0608143774836625,0.0997345731687365,300,300,2572,5482.084523809524,,,PSU-in-stratum bootstrap; statistic recomputed with grouped 5-fold OOF isotonic crosswalk for residual metrics.,Subgroup-specific isotonic curve divergence normalized by target IQR.
subgroup_curve_divergence,scrf,acti,isotonic,bmi_group,<25,max_abs_subgroup_minus_full_predicted_target,833.8495431736328,453.9602894504606,1190.289268793555,300,300,2572,5482.084523809524,,,PSU-in-stratum bootstrap; statistic recomputed with grouped 5-fold OOF isotonic crosswalk for residual metrics.,Subgroup-specific isotonic curve compared with full-sample curve.
subgroup_curve_divergence,scrf,acti,isotonic,bmi_group,<25,max_abs_subgroup_minus_full_predicted_target_over_target_iqr,0.1521044667502111,0.0826656293182835,0.2167060943854186,300,300,2572,5482.084523809524,,,PSU-in-stratum bootstrap; statistic recomputed with grouped 5-fold OOF isotonic crosswalk for residual metrics.,Subgroup-specific isotonic curve divergence normalized by target IQR.
subgroup_curve_divergence,scrf,acti,isotonic,bmi_group,25-<30,p95_abs_subgroup_minus_full_predicted_target,327.1812806241369,325.786753328106,490.34755310862823,300,300,2741,5482.084523809524,,,PSU-in-stratum bootstrap; statistic recomputed with grouped 5-fold OOF isotonic crosswalk for residual metrics.,Subgroup-specific isotonic curve compared with full-sample curve.
subgroup_curve_divergence,scrf,acti,isotonic,bmi_group,25-<30,p95_abs_subgroup_minus_full_predicted_target_over_target_iqr,0.0596819109962896,0.0594803960718248,0.0893255562003562,300,300,2741,5482.084523809524,,,PSU-in-stratum bootstrap; statistic recomputed with grouped 5-fold OOF isotonic crosswalk for residual metrics.,Subgroup-specific isotonic curve divergence normalized by target IQR.
subgroup_curve_divergence,scrf,acti,isotonic,bmi_group,25-<30,max_abs_subgroup_minus_full_predicted_target,482.9680606668917,421.85404523434295,790.1705402337767,300,300,2741,5482.084523809524,,,PSU-in-stratum bootstrap; statistic recomputed with grouped 5-fold OOF isotonic crosswalk for residual metrics.,Subgroup-specific isotonic curve compared with full-sample curve.
subgroup_curve_divergence,scrf,acti,isotonic,bmi_group,25-<30,max_abs_subgroup_minus_full_predicted_target_over_target_iqr,0.0880993458910179,0.0770505649091501,0.1455045044377733,300,300,2741,5482.084523809524,,,PSU-in-stratum bootstrap; statistic recomputed with grouped 5-fold OOF isotonic crosswalk for residual metrics.,Subgroup-specific isotonic curve divergence normalized by target IQR.
subgroup_curve_divergence,scrf,acti,isotonic,bmi_group,>=30,p95_abs_subgroup_minus_full_predicted_target,317.8020296643226,293.69779513113093,562.8849734036561,300,300,3246,5482.084523809524,,,PSU-in-stratum bootstrap; statistic recomputed with grouped 5-fold OOF isotonic crosswalk for residual metrics.,Subgroup-specific isotonic curve compared with full-sample curve.
subgroup_curve_divergence,scrf,acti,isotonic,bmi_group,>=30,p95_abs_subgroup_minus_full_predicted_target_over_target_iqr,0.0579710196521159,0.0533406330027128,0.1018107673751266,300,300,3246,5482.084523809524,,,PSU-in-stratum bootstrap; statistic recomputed with grouped 5-fold OOF isotonic crosswalk for residual metrics.,Subgroup-specific isotonic curve divergence normalized by target IQR.
subgroup_curve_divergence,scrf,acti,isotonic,bmi_group,>=30,max_abs_subgroup_minus_full_predicted_target,593.4322128851527,421.5822779088519,962.5772453454532,300,300,3246,5482.084523809524,,,PSU-in-stratum bootstrap; statistic recomputed with grouped 5-fold OOF isotonic crosswalk for residual metrics.,Subgroup-specific isotonic curve compared with full-sample curve.
subgroup_curve_divergence,scrf,acti,isotonic,bmi_group,>=30,max_abs_subgroup_minus_full_predicted_target_over_target_iqr,0.1082493730820432,0.0764664976034551,0.1742276164305446,300,300,3246,5482.084523809524,,,PSU-in-stratum bootstrap; statistic recomputed with grouped 5-fold OOF isotonic crosswalk for residual metrics.,Subgroup-specific isotonic curve divergence normalized by target IQR.
subgroup_curve_spread,scrf,acti,isotonic,bmi_group,<25|25-<30|>=30,p95_between_subgroup_spread_predicted_target,735.1533226253459,654.4683800983877,1030.345364280948,300,300,8559,5482.084523809524,,,PSU-in-stratum bootstrap; statistic recomputed with grouped 5-fold OOF isotonic crosswalk for residual metrics.,"At each source-grid point, spread = max subgroup curve - min subgroup curve."
subgroup_curve_spread,scrf,acti,isotonic,bmi_group,<25|25-<30|>=30,p95_between_subgroup_spread_predicted_target_over_target_iqr,0.134101055799571,0.1180969593236586,0.1877412522865641,300,300,8559,5482.084523809524,,,PSU-in-stratum bootstrap; statistic recomputed with grouped 5-fold OOF isotonic crosswalk for residual metrics.,Between-subgroup curve spread normalized by target IQR.
subgroup_curve_spread,scrf,acti,isotonic,bmi_group,<25|25-<30|>=30,max_between_subgroup_spread_predicted_target,1079.2193285525736,838.577636205947,1473.1205408994697,300,300,8559,5482.084523809524,,,PSU-in-stratum bootstrap; statistic recomputed with grouped 5-fold OOF isotonic crosswalk for residual metrics.,"At each source-grid point, spread = max subgroup curve - min subgroup curve."
subgroup_curve_spread,scrf,acti,isotonic,bmi_group,<25|25-<30|>=30,max_between_subgroup_spread_predicted_target_over_target_iqr,0.1968629494611694,0.1526598227013761,0.2681081650734102,300,300,8559,5482.084523809524,,,PSU-in-stratum bootstrap; statistic recomputed with grouped 5-fold OOF isotonic crosswalk for residual metrics.,Between-subgroup curve spread normalized by target IQR.
fullsample_oof_residual,scrf,adept,isotonic,overall,all,mae,705.5958645862879,686.4035244203521,730.3131272286714,300,300,8646,1919.4027944454592,705.595864586288,1.1368683772161605e-13,PSU-in-stratum bootstrap; statistic recomputed with grouped 5-fold OOF isotonic crosswalk for residual metrics.,5-fold grouped OOF isotonic residual on target scale.
fullsample_oof_residual,scrf,adept,isotonic,overall,all,rmse,1032.928596173562,998.7583791801708,1072.231595021554,300,300,8646,1919.4027944454592,1032.928596173562,0.0,PSU-in-stratum bootstrap; statistic recomputed with grouped 5-fold OOF isotonic crosswalk for residual metrics.,5-fold grouped OOF isotonic residual on target scale.
fullsample_oof_residual,scrf,adept,isotonic,overall,all,abs_error_p95,2064.566811062672,1991.852316061609,2168.27455116237,300,300,8646,1919.4027944454592,2064.566811062672,0.0,PSU-in-stratum bootstrap; statistic recomputed with grouped 5-fold OOF isotonic crosswalk for residual metrics.,5-fold grouped OOF isotonic residual on target scale.
fullsample_oof_residual,scrf,adept,isotonic,overall,all,mae_per_target_iqr,0.3676121899104267,0.361908043380618,0.3775176947709206,300,300,8646,1919.4027944454592,0.3676121899104267,5.551115123125783e-17,PSU-in-stratum bootstrap; statistic recomputed with grouped 5-fold OOF isotonic crosswalk for residual metrics.,MAE normalized by target algorithm IQR.
subgroup_curve_divergence,scrf,adept,isotonic,age_group,20-39,p95_abs_subgroup_minus_full_predicted_target,379.0177694468621,235.52127930510733,483.2582245821449,300,300,2757,1919.4027944454592,,,PSU-in-stratum bootstrap; statistic recomputed with grouped 5-fold OOF isotonic crosswalk for residual metrics.,Subgroup-specific isotonic curve compared with full-sample curve.
subgroup_curve_divergence,scrf,adept,isotonic,age_group,20-39,p95_abs_subgroup_minus_full_predicted_target_over_target_iqr,0.1974665091369554,0.1207170385011457,0.2554618665511206,300,300,2757,1919.4027944454592,,,PSU-in-stratum bootstrap; statistic recomputed with grouped 5-fold OOF isotonic crosswalk for residual metrics.,Subgroup-specific isotonic curve divergence normalized by target IQR.
subgroup_curve_divergence,scrf,adept,isotonic,age_group,20-39,max_abs_subgroup_minus_full_predicted_target,379.0177694468621,283.9711938843861,583.567220992863,300,300,2757,1919.4027944454592,,,PSU-in-stratum bootstrap; statistic recomputed with grouped 5-fold OOF isotonic crosswalk for residual metrics.,Subgroup-specific isotonic curve compared with full-sample curve.
subgroup_curve_divergence,scrf,adept,isotonic,age_group,20-39,max_abs_subgroup_minus_full_predicted_target_over_target_iqr,0.1974665091369554,0.1470908623963981,0.3049297643936895,300,300,2757,1919.4027944454592,,,PSU-in-stratum bootstrap; statistic recomputed with grouped 5-fold OOF isotonic crosswalk for residual metrics.,Subgroup-specific isotonic curve divergence normalized by target IQR.
subgroup_curve_divergence,scrf,adept,isotonic,age_group,40-59,p95_abs_subgroup_minus_full_predicted_target,187.54697581051823,148.42147745077656,342.4640681270159,300,300,2949,1919.4027944454592,,,PSU-in-stratum bootstrap; statistic recomputed with grouped 5-fold OOF isotonic crosswalk for residual metrics.,Subgroup-specific isotonic curve compared with full-sample curve.
subgroup_curve_divergence,scrf,adept,isotonic,age_group,40-59,p95_abs_subgroup_minus_full_predicted_target_over_target_iqr,0.0977111090768746,0.0758283687536518,0.1782659977249605,300,300,2949,1919.4027944454592,,,PSU-in-stratum bootstrap; statistic recomputed with grouped 5-fold OOF isotonic crosswalk for residual metrics.,Subgroup-specific isotonic curve divergence normalized by target IQR.
subgroup_curve_divergence,scrf,adept,isotonic,age_group,40-59,max_abs_subgroup_minus_full_predicted_target,194.65314504486105,200.64209385249055,520.0718609687095,300,300,2949,1919.4027944454592,,,PSU-in-stratum bootstrap; statistic recomputed with grouped 5-fold OOF isotonic crosswalk for residual metrics.,Subgroup-specific isotonic curve compared with full-sample curve.
subgroup_curve_divergence,scrf,adept,isotonic,age_group,40-59,max_abs_subgroup_minus_full_predicted_target_over_target_iqr,0.1014133904609109,0.1032848186664762,0.2753257821473461,300,300,2949,1919.4027944454592,,,PSU-in-stratum bootstrap; statistic recomputed with grouped 5-fold OOF isotonic crosswalk for residual metrics.,Subgroup-specific isotonic curve divergence normalized by target IQR.
subgroup_curve_divergence,scrf,adept,isotonic,age_group,60+,p95_abs_subgroup_minus_full_predicted_target,385.39226857408903,285.96439629323805,731.4918374675702,300,300,2940,1919.4027944454592,,,PSU-in-stratum bootstrap; statistic recomputed with grouped 5-fold OOF isotonic crosswalk for residual metrics.,Subgroup-specific isotonic curve compared with full-sample curve.
subgroup_curve_divergence,scrf,adept,isotonic,age_group,60+,p95_abs_subgroup_minus_full_predicted_target_over_target_iqr,0.200787593771027,0.1505419094571576,0.3882995739828957,300,300,2940,1919.4027944454592,,,PSU-in-stratum bootstrap; statistic recomputed with grouped 5-fold OOF isotonic crosswalk for residual metrics.,Subgroup-specific isotonic curve divergence normalized by target IQR.
subgroup_curve_divergence,scrf,adept,isotonic,age_group,60+,max_abs_subgroup_minus_full_predicted_target,397.5299650818925,350.7529749162047,784.1752982056884,300,300,2940,1919.4027944454592,,,PSU-in-stratum bootstrap; statistic recomputed with grouped 5-fold OOF isotonic crosswalk for residual metrics.,Subgroup-specific isotonic curve compared with full-sample curve.
subgroup_curve_divergence,scrf,adept,isotonic,age_group,60+,max_abs_subgroup_minus_full_predicted_target_over_target_iqr,0.207111277649642,0.1852755873316466,0.4132259862803727,300,300,2940,1919.4027944454592,,,PSU-in-stratum bootstrap; statistic recomputed with grouped 5-fold OOF isotonic crosswalk for residual metrics.,Subgroup-specific isotonic curve divergence normalized by target IQR.
subgroup_curve_spread,scrf,adept,isotonic,age_group,20-39|40-59|60+,p95_between_subgroup_spread_predicted_target,717.714833856714,517.1242069916353,999.1577042867953,300,300,8646,1919.4027944454592,,,PSU-in-stratum bootstrap; statistic recomputed with grouped 5-fold OOF isotonic crosswalk for residual metrics.,"At each source-grid point, spread = max subgroup curve - min subgroup curve."
subgroup_curve_spread,scrf,adept,isotonic,age_group,20-39|40-59|60+,p95_between_subgroup_spread_predicted_target_over_target_iqr,0.3739261169847734,0.2721837228217351,0.5216985329999562,300,300,8646,1919.4027944454592,,,PSU-in-stratum bootstrap; statistic recomputed with grouped 5-fold OOF isotonic crosswalk for residual metrics.,Between-subgroup curve spread normalized by target IQR.
subgroup_curve_spread,scrf,adept,isotonic,age_group,20-39|40-59|60+,max_between_subgroup_spread_predicted_target,776.5477345287545,588.3161661543888,1178.66008414495,300,300,8646,1919.4027944454592,,,PSU-in-stratum bootstrap; statistic recomputed with grouped 5-fold OOF isotonic crosswalk for residual metrics.,"At each source-grid point, spread = max subgroup curve - min subgroup curve."
subgroup_curve_spread,scrf,adept,isotonic,age_group,20-39|40-59|60+,max_between_subgroup_spread_predicted_target_over_target_iqr,0.4045777867865975,0.3067264874387559,0.621761530884252,300,300,8646,1919.4027944454592,,,PSU-in-stratum bootstrap; statistic recomputed with grouped 5-fold OOF isotonic crosswalk for residual metrics.,Between-subgroup curve spread normalized by target IQR.
subgroup_curve_divergence,scrf,adept,isotonic,sex,male,p95_abs_subgroup_minus_full_predicted_target,246.07227715069985,232.40721286164737,422.04887521447336,300,300,4161,1919.4027944454592,,,PSU-in-stratum bootstrap; statistic recomputed with grouped 5-fold OOF isotonic crosswalk for residual metrics.,Subgroup-specific isotonic curve compared with full-sample curve.
subgroup_curve_divergence,scrf,adept,isotonic,sex,male,p95_abs_subgroup_minus_full_predicted_target_over_target_iqr,0.1282025210460284,0.122396536710703,0.2217371874317336,300,300,4161,1919.4027944454592,,,PSU-in-stratum bootstrap; statistic recomputed with grouped 5-fold OOF isotonic crosswalk for residual metrics.,Subgroup-specific isotonic curve divergence normalized by target IQR.
subgroup_curve_divergence,scrf,adept,isotonic,sex,male,max_abs_subgroup_minus_full_predicted_target,383.3120616689466,266.45056287261775,541.768014905466,300,300,4161,1919.4027944454592,,,PSU-in-stratum bootstrap; statistic recomputed with grouped 5-fold OOF isotonic crosswalk for residual metrics.,Subgroup-specific isotonic curve compared with full-sample curve.
subgroup_curve_divergence,scrf,adept,isotonic,sex,male,max_abs_subgroup_minus_full_predicted_target_over_target_iqr,0.1997038155712858,0.13816925672745,0.2848705196866374,300,300,4161,1919.4027944454592,,,PSU-in-stratum bootstrap; statistic recomputed with grouped 5-fold OOF isotonic crosswalk for residual metrics.,Subgroup-specific isotonic curve divergence normalized by target IQR.
subgroup_curve_divergence,scrf,adept,isotonic,sex,female,p95_abs_subgroup_minus_full_predicted_target,356.816132242574,267.40930770152517,533.9972382651674,300,300,4485,1919.4027944454592,,,PSU-in-stratum bootstrap; statistic recomputed with grouped 5-fold OOF isotonic crosswalk for residual metrics.,Subgroup-specific isotonic curve compared with full-sample curve.
subgroup_curve_divergence,scrf,adept,isotonic,sex,female,p95_abs_subgroup_minus_full_predicted_target_over_target_iqr,0.185899558589349,0.1403453051582932,0.2795832111287368,300,300,4485,1919.4027944454592,,,PSU-in-stratum bootstrap; statistic recomputed with grouped 5-fold OOF isotonic crosswalk for residual metrics.,Subgroup-specific isotonic curve divergence normalized by target IQR.
subgroup_curve_divergence,scrf,adept,isotonic,sex,female,max_abs_subgroup_minus_full_predicted_target,386.1009296271227,317.45567537241897,672.5016679640856,300,300,4485,1919.4027944454592,,,PSU-in-stratum bootstrap; statistic recomputed with grouped 5-fold OOF isotonic crosswalk for residual metrics.,Subgroup-specific isotonic curve compared with full-sample curve.
subgroup_curve_divergence,scrf,adept,isotonic,sex,female,max_abs_subgroup_minus_full_predicted_target_over_target_iqr,0.2011568029099761,0.1679806596419718,0.3487592496233226,300,300,4485,1919.4027944454592,,,PSU-in-stratum bootstrap; statistic recomputed with grouped 5-fold OOF isotonic crosswalk for residual metrics.,Subgroup-specific isotonic curve divergence normalized by target IQR.
subgroup_curve_spread,scrf,adept,isotonic,sex,male|female,p95_between_subgroup_spread_predicted_target,573.1730732040141,481.4200203297355,875.5365297239772,300,300,8646,1919.4027944454592,,,PSU-in-stratum bootstrap; statistic recomputed with grouped 5-fold OOF isotonic crosswalk for residual metrics.,"At each source-grid point, spread = max subgroup curve - min subgroup curve."
subgroup_curve_spread,scrf,adept,isotonic,sex,male|female,p95_between_subgroup_spread_predicted_target_over_target_iqr,0.298620526583953,0.2514461200659588,0.4585203225116459,300,300,8646,1919.4027944454592,,,PSU-in-stratum bootstrap; statistic recomputed with grouped 5-fold OOF isotonic crosswalk for residual metrics.,Between-subgroup curve spread normalized by target IQR.
subgroup_curve_spread,scrf,adept,isotonic,sex,male|female,max_between_subgroup_spread_predicted_target,760.8639447147284,557.7680747617118,1033.5745067687565,300,300,8646,1919.4027944454592,,,PSU-in-stratum bootstrap; statistic recomputed with grouped 5-fold OOF isotonic crosswalk for residual metrics.,"At each source-grid point, spread = max subgroup curve - min subgroup curve."
subgroup_curve_spread,scrf,adept,isotonic,sex,male|female,max_between_subgroup_spread_predicted_target_over_target_iqr,0.3964066046567114,0.2897345497692156,0.5299859423611601,300,300,8646,1919.4027944454592,,,PSU-in-stratum bootstrap; statistic recomputed with grouped 5-fold OOF isotonic crosswalk for residual metrics.,Between-subgroup curve spread normalized by target IQR.
subgroup_curve_divergence,scrf,adept,isotonic,bmi_group,<25,p95_abs_subgroup_minus_full_predicted_target,235.17605695945713,206.478399351862,386.07071753758584,300,300,2572,1919.4027944454592,,,PSU-in-stratum bootstrap; statistic recomputed with grouped 5-fold OOF isotonic crosswalk for residual metrics.,Subgroup-specific isotonic curve compared with full-sample curve.
subgroup_curve_divergence,scrf,adept,isotonic,bmi_group,<25,p95_abs_subgroup_minus_full_predicted_target_over_target_iqr,0.122525640600311,0.1078662516339831,0.1980560436369907,300,300,2572,1919.4027944454592,,,PSU-in-stratum bootstrap; statistic recomputed with grouped 5-fold OOF isotonic crosswalk for residual metrics.,Subgroup-specific isotonic curve divergence normalized by target IQR.
subgroup_curve_divergence,scrf,adept,isotonic,bmi_group,<25,max_abs_subgroup_minus_full_predicted_target,408.33390761653754,266.3816143324857,552.3096884957749,300,300,2572,1919.4027944454592,,,PSU-in-stratum bootstrap; statistic recomputed with grouped 5-fold OOF isotonic crosswalk for residual metrics.,Subgroup-specific isotonic curve compared with full-sample curve.
subgroup_curve_divergence,scrf,adept,isotonic,bmi_group,<25,max_abs_subgroup_minus_full_predicted_target_over_target_iqr,0.2127400818620307,0.140826077624216,0.2844252940352033,300,300,2572,1919.4027944454592,,,PSU-in-stratum bootstrap; statistic recomputed with grouped 5-fold OOF isotonic crosswalk for residual metrics.,Subgroup-specific isotonic curve divergence normalized by target IQR.
subgroup_curve_divergence,scrf,adept,isotonic,bmi_group,25-<30,p95_abs_subgroup_minus_full_predicted_target,176.68653274992403,155.60462127540464,322.7377360220485,300,300,2741,1919.4027944454592,,,PSU-in-stratum bootstrap; statistic recomputed with grouped 5-fold OOF isotonic crosswalk for residual metrics.,Subgroup-specific isotonic curve compared with full-sample curve.
subgroup_curve_divergence,scrf,adept,isotonic,bmi_group,25-<30,p95_abs_subgroup_minus_full_predicted_target_over_target_iqr,0.0920528683511535,0.0805721561057922,0.1670200245121744,300,300,2741,1919.4027944454592,,,PSU-in-stratum bootstrap; statistic recomputed with grouped 5-fold OOF isotonic crosswalk for residual metrics.,Subgroup-specific isotonic curve divergence normalized by target IQR.
subgroup_curve_divergence,scrf,adept,isotonic,bmi_group,25-<30,max_abs_subgroup_minus_full_predicted_target,310.74966407947204,217.14941166604916,586.7088384523706,300,300,2741,1919.4027944454592,,,PSU-in-stratum bootstrap; statistic recomputed with grouped 5-fold OOF isotonic crosswalk for residual metrics.,Subgroup-specific isotonic curve compared with full-sample curve.
subgroup_curve_divergence,scrf,adept,isotonic,bmi_group,25-<30,max_abs_subgroup_minus_full_predicted_target_over_target_iqr,0.1618991412218151,0.1131673590001921,0.3037740537732759,300,300,2741,1919.4027944454592,,,PSU-in-stratum bootstrap; statistic recomputed with grouped 5-fold OOF isotonic crosswalk for residual metrics.,Subgroup-specific isotonic curve divergence normalized by target IQR.
subgroup_curve_divergence,scrf,adept,isotonic,bmi_group,>=30,p95_abs_subgroup_minus_full_predicted_target,460.3958198664336,301.5175318203454,669.9639593477069,300,300,3246,1919.4027944454592,,,PSU-in-stratum bootstrap; statistic recomputed with grouped 5-fold OOF isotonic crosswalk for residual metrics.,Subgroup-specific isotonic curve compared with full-sample curve.
subgroup_curve_divergence,scrf,adept,isotonic,bmi_group,>=30,p95_abs_subgroup_minus_full_predicted_target_over_target_iqr,0.2398640979364875,0.1576104377228199,0.3479694309341684,300,300,3246,1919.4027944454592,,,PSU-in-stratum bootstrap; statistic recomputed with grouped 5-fold OOF isotonic crosswalk for residual metrics.,Subgroup-specific isotonic curve divergence normalized by target IQR.
subgroup_curve_divergence,scrf,adept,isotonic,bmi_group,>=30,max_abs_subgroup_minus_full_predicted_target,638.6925931534738,429.0711049959061,794.6075895966566,300,300,3246,1919.4027944454592,,,PSU-in-stratum bootstrap; statistic recomputed with grouped 5-fold OOF isotonic crosswalk for residual metrics.,Subgroup-specific isotonic curve compared with full-sample curve.
subgroup_curve_divergence,scrf,adept,isotonic,bmi_group,>=30,max_abs_subgroup_minus_full_predicted_target_over_target_iqr,0.332755894178012,0.2229717592826109,0.4127974138987904,300,300,3246,1919.4027944454592,,,PSU-in-stratum bootstrap; statistic recomputed with grouped 5-fold OOF isotonic crosswalk for residual metrics.,Subgroup-specific isotonic curve divergence normalized by target IQR.
subgroup_curve_spread,scrf,adept,isotonic,bmi_group,<25|25-<30|>=30,p95_between_subgroup_spread_predicted_target,639.3399947463768,521.2517636412259,899.314119175875,300,300,8559,1919.4027944454592,,,PSU-in-stratum bootstrap; statistic recomputed with grouped 5-fold OOF isotonic crosswalk for residual metrics.,"At each source-grid point, spread = max subgroup curve - min subgroup curve."
subgroup_curve_spread,scrf,adept,isotonic,bmi_group,<25|25-<30|>=30,p95_between_subgroup_spread_predicted_target_over_target_iqr,0.3330931874208771,0.2726983612962514,0.4681372263858475,300,300,8559,1919.4027944454592,,,PSU-in-stratum bootstrap; statistic recomputed with grouped 5-fold OOF isotonic crosswalk for residual metrics.,Between-subgroup curve spread normalized by target IQR.
subgroup_curve_spread,scrf,adept,isotonic,bmi_group,<25|25-<30|>=30,max_between_subgroup_spread_predicted_target,812.8360646393899,624.6950518227278,1008.7912562381674,300,300,8559,1919.4027944454592,,,PSU-in-stratum bootstrap; statistic recomputed with grouped 5-fold OOF isotonic crosswalk for residual metrics.,"At each source-grid point, spread = max subgroup curve - min subgroup curve."
subgroup_curve_spread,scrf,adept,isotonic,bmi_group,<25|25-<30|>=30,max_between_subgroup_spread_predicted_target_over_target_iqr,0.4234838393440126,0.3251890428440448,0.524283197382715,300,300,8559,1919.4027944454592,,,PSU-in-stratum bootstrap; statistic recomputed with grouped 5-fold OOF isotonic crosswalk for residual metrics.,Between-subgroup curve spread normalized by target IQR.
fullsample_oof_residual,scrf,oak,isotonic,overall,all,mae,1209.161795914978,1193.2693316111547,1234.8327371461194,300,300,8646,6887.578571428576,1209.161795914978,0.0,PSU-in-stratum bootstrap; statistic recomputed with grouped 5-fold OOF isotonic crosswalk for residual metrics.,5-fold grouped OOF isotonic residual on target scale.
fullsample_oof_residual,scrf,oak,isotonic,overall,all,rmse,1629.054806391536,1598.2668639750357,1671.3496742568077,300,300,8646,6887.578571428576,1629.054806391536,0.0,PSU-in-stratum bootstrap; statistic recomputed with grouped 5-fold OOF isotonic crosswalk for residual metrics.,5-fold grouped OOF isotonic residual on target scale.
fullsample_oof_residual,scrf,oak,isotonic,overall,all,abs_error_p95,3195.4338901301985,3143.564584751157,3292.8902296947963,300,300,8646,6887.578571428576,3195.4338901301985,0.0,PSU-in-stratum bootstrap; statistic recomputed with grouped 5-fold OOF isotonic crosswalk for residual metrics.,5-fold grouped OOF isotonic residual on target scale.
fullsample_oof_residual,scrf,oak,isotonic,overall,all,mae_per_target_iqr,0.1755568787165475,0.172435779847065,0.1795199644649685,300,300,8646,6887.578571428576,0.1755568787165475,0.0,PSU-in-stratum bootstrap; statistic recomputed with grouped 5-fold OOF isotonic crosswalk for residual metrics.,MAE normalized by target algorithm IQR.
subgroup_curve_divergence,scrf,oak,isotonic,age_group,20-39,p95_abs_subgroup_minus_full_predicted_target,404.0924721582196,395.28644846595614,579.0891575099407,300,300,2757,6887.578571428576,,,PSU-in-stratum bootstrap; statistic recomputed with grouped 5-fold OOF isotonic crosswalk for residual metrics.,Subgroup-specific isotonic curve compared with full-sample curve.
subgroup_curve_divergence,scrf,oak,isotonic,age_group,20-39,p95_abs_subgroup_minus_full_predicted_target_over_target_iqr,0.0586697440860417,0.057261612904766,0.0833693925120495,300,300,2757,6887.578571428576,,,PSU-in-stratum bootstrap; statistic recomputed with grouped 5-fold OOF isotonic crosswalk for residual metrics.,Subgroup-specific isotonic curve divergence normalized by target IQR.
subgroup_curve_divergence,scrf,oak,isotonic,age_group,20-39,max_abs_subgroup_minus_full_predicted_target,469.81198462301654,508.7715700424961,1054.5577825351,300,300,2757,6887.578571428576,,,PSU-in-stratum bootstrap; statistic recomputed with grouped 5-fold OOF isotonic crosswalk for residual metrics.,Subgroup-specific isotonic curve compared with full-sample curve.
subgroup_curve_divergence,scrf,oak,isotonic,age_group,20-39,max_abs_subgroup_minus_full_predicted_target_over_target_iqr,0.0682114882248916,0.0742120400823562,0.1512663120597351,300,300,2757,6887.578571428576,,,PSU-in-stratum bootstrap; statistic recomputed with grouped 5-fold OOF isotonic crosswalk for residual metrics.,Subgroup-specific isotonic curve divergence normalized by target IQR.
subgroup_curve_divergence,scrf,oak,isotonic,age_group,40-59,p95_abs_subgroup_minus_full_predicted_target,469.41061164641906,382.7400389203042,579.4838915972438,300,300,2949,6887.578571428576,,,PSU-in-stratum bootstrap; statistic recomputed with grouped 5-fold OOF isotonic crosswalk for residual metrics.,Subgroup-specific isotonic curve compared with full-sample curve.
subgroup_curve_divergence,scrf,oak,isotonic,age_group,40-59,p95_abs_subgroup_minus_full_predicted_target_over_target_iqr,0.0681532133213918,0.0553541773606755,0.0843349659736269,300,300,2949,6887.578571428576,,,PSU-in-stratum bootstrap; statistic recomputed with grouped 5-fold OOF isotonic crosswalk for residual metrics.,Subgroup-specific isotonic curve divergence normalized by target IQR.
subgroup_curve_divergence,scrf,oak,isotonic,age_group,40-59,max_abs_subgroup_minus_full_predicted_target,655.5891755952362,539.0453973557567,999.1504327796752,300,300,2949,6887.578571428576,,,PSU-in-stratum bootstrap; statistic recomputed with grouped 5-fold OOF isotonic crosswalk for residual metrics.,Subgroup-specific isotonic curve compared with full-sample curve.
subgroup_curve_divergence,scrf,oak,isotonic,age_group,40-59,max_abs_subgroup_minus_full_predicted_target_over_target_iqr,0.0951842754019223,0.0785593959321405,0.1442989295880536,300,300,2949,6887.578571428576,,,PSU-in-stratum bootstrap; statistic recomputed with grouped 5-fold OOF isotonic crosswalk for residual metrics.,Subgroup-specific isotonic curve divergence normalized by target IQR.
subgroup_curve_divergence,scrf,oak,isotonic,age_group,60+,p95_abs_subgroup_minus_full_predicted_target,755.6348171015688,602.9060565289918,935.6932883818488,300,300,2940,6887.578571428576,,,PSU-in-stratum bootstrap; statistic recomputed with grouped 5-fold OOF isotonic crosswalk for residual metrics.,Subgroup-specific isotonic curve compared with full-sample curve.
subgroup_curve_divergence,scrf,oak,isotonic,age_group,60+,p95_abs_subgroup_minus_full_predicted_target_over_target_iqr,0.1097097926746177,0.0873717240507798,0.1362067362430614,300,300,2940,6887.578571428576,,,PSU-in-stratum bootstrap; statistic recomputed with grouped 5-fold OOF isotonic crosswalk for residual metrics.,Subgroup-specific isotonic curve divergence normalized by target IQR.
subgroup_curve_divergence,scrf,oak,isotonic,age_group,60+,max_abs_subgroup_minus_full_predicted_target,1032.772382363397,880.5150860611814,1290.605646285222,300,300,2940,6887.578571428576,,,PSU-in-stratum bootstrap; statistic recomputed with grouped 5-fold OOF isotonic crosswalk for residual metrics.,Subgroup-specific isotonic curve compared with full-sample curve.
subgroup_curve_divergence,scrf,oak,isotonic,age_group,60+,max_abs_subgroup_minus_full_predicted_target_over_target_iqr,0.1499470926760238,0.1260552395021511,0.1878081998352378,300,300,2940,6887.578571428576,,,PSU-in-stratum bootstrap; statistic recomputed with grouped 5-fold OOF isotonic crosswalk for residual metrics.,Subgroup-specific isotonic curve divergence normalized by target IQR.
subgroup_curve_spread,scrf,oak,isotonic,age_group,20-39|40-59|60+,p95_between_subgroup_spread_predicted_target,990.8858076187462,917.300585567553,1263.5342275550602,300,300,8646,6887.578571428576,,,PSU-in-stratum bootstrap; statistic recomputed with grouped 5-fold OOF isotonic crosswalk for residual metrics.,"At each source-grid point, spread = max subgroup curve - min subgroup curve."
subgroup_curve_spread,scrf,oak,isotonic,age_group,20-39|40-59|60+,p95_between_subgroup_spread_predicted_target_over_target_iqr,0.1438656266992281,0.1338109458289766,0.1844882715381204,300,300,8646,6887.578571428576,,,PSU-in-stratum bootstrap; statistic recomputed with grouped 5-fold OOF isotonic crosswalk for residual metrics.,Between-subgroup curve spread normalized by target IQR.
subgroup_curve_spread,scrf,oak,isotonic,age_group,20-39|40-59|60+,max_between_subgroup_spread_predicted_target,1312.9790257867226,1184.5232071333432,1702.1604179456735,300,300,8646,6887.578571428576,,,PSU-in-stratum bootstrap; statistic recomputed with grouped 5-fold OOF isotonic crosswalk for residual metrics.,"At each source-grid point, spread = max subgroup curve - min subgroup curve."
subgroup_curve_spread,scrf,oak,isotonic,age_group,20-39|40-59|60+,max_between_subgroup_spread_predicted_target_over_target_iqr,0.1906299887791179,0.1708628170895897,0.2484265591541,300,300,8646,6887.578571428576,,,PSU-in-stratum bootstrap; statistic recomputed with grouped 5-fold OOF isotonic crosswalk for residual metrics.,Between-subgroup curve spread normalized by target IQR.
subgroup_curve_divergence,scrf,oak,isotonic,sex,male,p95_abs_subgroup_minus_full_predicted_target,487.6912351648352,480.8977624177295,660.8762559476852,300,300,4161,6887.578571428576,,,PSU-in-stratum bootstrap; statistic recomputed with grouped 5-fold OOF isotonic crosswalk for residual metrics.,Subgroup-specific isotonic curve compared with full-sample curve.
subgroup_curve_divergence,scrf,oak,isotonic,sex,male,p95_abs_subgroup_minus_full_predicted_target_over_target_iqr,0.0708073570569346,0.0696939544913082,0.0965997197182894,300,300,4161,6887.578571428576,,,PSU-in-stratum bootstrap; statistic recomputed with grouped 5-fold OOF isotonic crosswalk for residual metrics.,Subgroup-specific isotonic curve divergence normalized by target IQR.
subgroup_curve_divergence,scrf,oak,isotonic,sex,male,max_abs_subgroup_minus_full_predicted_target,840.4272557204722,623.6870864778798,1029.5535932835198,300,300,4161,6887.578571428576,,,PSU-in-stratum bootstrap; statistic recomputed with grouped 5-fold OOF isotonic crosswalk for residual metrics.,Subgroup-specific isotonic curve compared with full-sample curve.
subgroup_curve_divergence,scrf,oak,isotonic,sex,male,max_abs_subgroup_minus_full_predicted_target_over_target_iqr,0.1220207141021632,0.0911116108148836,0.1495213857932036,300,300,4161,6887.578571428576,,,PSU-in-stratum bootstrap; statistic recomputed with grouped 5-fold OOF isotonic crosswalk for residual metrics.,Subgroup-specific isotonic curve divergence normalized by target IQR.
subgroup_curve_divergence,scrf,oak,isotonic,sex,female,p95_abs_subgroup_minus_full_predicted_target,455.91629629630006,447.3019925817464,666.7568556746693,300,300,4485,6887.578571428576,,,PSU-in-stratum bootstrap; statistic recomputed with grouped 5-fold OOF isotonic crosswalk for residual metrics.,Subgroup-specific isotonic curve compared with full-sample curve.
subgroup_curve_divergence,scrf,oak,isotonic,sex,female,p95_abs_subgroup_minus_full_predicted_target_over_target_iqr,0.0661939884341293,0.0651209097681323,0.096120135273272,300,300,4485,6887.578571428576,,,PSU-in-stratum bootstrap; statistic recomputed with grouped 5-fold OOF isotonic crosswalk for residual metrics.,Subgroup-specific isotonic curve divergence normalized by target IQR.
subgroup_curve_divergence,scrf,oak,isotonic,sex,female,max_abs_subgroup_minus_full_predicted_target,737.0339304915469,560.4274262731163,1162.8377283834366,300,300,4485,6887.578571428576,,,PSU-in-stratum bootstrap; statistic recomputed with grouped 5-fold OOF isotonic crosswalk for residual metrics.,Subgroup-specific isotonic curve compared with full-sample curve.
subgroup_curve_divergence,scrf,oak,isotonic,sex,female,max_abs_subgroup_minus_full_predicted_target_over_target_iqr,0.107009150291069,0.0814771055854768,0.1696033650641382,300,300,4485,6887.578571428576,,,PSU-in-stratum bootstrap; statistic recomputed with grouped 5-fold OOF isotonic crosswalk for residual metrics.,Subgroup-specific isotonic curve divergence normalized by target IQR.
subgroup_curve_spread,scrf,oak,isotonic,sex,male|female,p95_between_subgroup_spread_predicted_target,913.1349623236764,883.7738352299555,1139.6851380091432,300,300,8646,6887.578571428576,,,PSU-in-stratum bootstrap; statistic recomputed with grouped 5-fold OOF isotonic crosswalk for residual metrics.,"At each source-grid point, spread = max subgroup curve - min subgroup curve."
subgroup_curve_spread,scrf,oak,isotonic,sex,male|female,p95_between_subgroup_spread_predicted_target_over_target_iqr,0.1325770665051419,0.1282152221503344,0.163978962129916,300,300,8646,6887.578571428576,,,PSU-in-stratum bootstrap; statistic recomputed with grouped 5-fold OOF isotonic crosswalk for residual metrics.,Between-subgroup curve spread normalized by target IQR.
subgroup_curve_spread,scrf,oak,isotonic,sex,male|female,max_between_subgroup_spread_predicted_target,1269.327656033288,1069.6241532427705,1633.4334758303494,300,300,8646,6887.578571428576,,,PSU-in-stratum bootstrap; statistic recomputed with grouped 5-fold OOF isotonic crosswalk for residual metrics.,"At each source-grid point, spread = max subgroup curve - min subgroup curve."
subgroup_curve_spread,scrf,oak,isotonic,sex,male|female,max_between_subgroup_spread_predicted_target_over_target_iqr,0.1842922941451123,0.1557928151023019,0.2378478233143969,300,300,8646,6887.578571428576,,,PSU-in-stratum bootstrap; statistic recomputed with grouped 5-fold OOF isotonic crosswalk for residual metrics.,Between-subgroup curve spread normalized by target IQR.
subgroup_curve_divergence,scrf,oak,isotonic,bmi_group,<25,p95_abs_subgroup_minus_full_predicted_target,543.7998202158597,445.28141036240254,684.4787351745076,300,300,2572,6887.578571428576,,,PSU-in-stratum bootstrap; statistic recomputed with grouped 5-fold OOF isotonic crosswalk for residual metrics.,Subgroup-specific isotonic curve compared with full-sample curve.
subgroup_curve_divergence,scrf,oak,isotonic,bmi_group,<25,p95_abs_subgroup_minus_full_predicted_target_over_target_iqr,0.0789537011558284,0.0644190872515478,0.099367214698756,300,300,2572,6887.578571428576,,,PSU-in-stratum bootstrap; statistic recomputed with grouped 5-fold OOF isotonic crosswalk for residual metrics.,Subgroup-specific isotonic curve divergence normalized by target IQR.
subgroup_curve_divergence,scrf,oak,isotonic,bmi_group,<25,max_abs_subgroup_minus_full_predicted_target,705.9478545688617,580.8393126017577,1177.0013030782363,300,300,2572,6887.578571428576,,,PSU-in-stratum bootstrap; statistic recomputed with grouped 5-fold OOF isotonic crosswalk for residual metrics.,Subgroup-specific isotonic curve compared with full-sample curve.
subgroup_curve_divergence,scrf,oak,isotonic,bmi_group,<25,max_abs_subgroup_minus_full_predicted_target_over_target_iqr,0.1024957969259781,0.0850237976032692,0.1717253322610898,300,300,2572,6887.578571428576,,,PSU-in-stratum bootstrap; statistic recomputed with grouped 5-fold OOF isotonic crosswalk for residual metrics.,Subgroup-specific isotonic curve divergence normalized by target IQR.
subgroup_curve_divergence,scrf,oak,isotonic,bmi_group,25-<30,p95_abs_subgroup_minus_full_predicted_target,499.03304064929034,416.6324206522279,646.0976610195607,300,300,2741,6887.578571428576,,,PSU-in-stratum bootstrap; statistic recomputed with grouped 5-fold OOF isotonic crosswalk for residual metrics.,Subgroup-specific isotonic curve compared with full-sample curve.
subgroup_curve_divergence,scrf,oak,isotonic,bmi_group,25-<30,p95_abs_subgroup_minus_full_predicted_target_over_target_iqr,0.0724540613909518,0.060779049457975,0.0935565463268561,300,300,2741,6887.578571428576,,,PSU-in-stratum bootstrap; statistic recomputed with grouped 5-fold OOF isotonic crosswalk for residual metrics.,Subgroup-specific isotonic curve divergence normalized by target IQR.
subgroup_curve_divergence,scrf,oak,isotonic,bmi_group,25-<30,max_abs_subgroup_minus_full_predicted_target,815.7435495391692,552.1608269512908,1200.429127164507,300,300,2741,6887.578571428576,,,PSU-in-stratum bootstrap; statistic recomputed with grouped 5-fold OOF isotonic crosswalk for residual metrics.,Subgroup-specific isotonic curve compared with full-sample curve.
subgroup_curve_divergence,scrf,oak,isotonic,bmi_group,25-<30,max_abs_subgroup_minus_full_predicted_target_over_target_iqr,0.1184369137976996,0.0799592463606804,0.1739732717182699,300,300,2741,6887.578571428576,,,PSU-in-stratum bootstrap; statistic recomputed with grouped 5-fold OOF isotonic crosswalk for residual metrics.,Subgroup-specific isotonic curve divergence normalized by target IQR.
subgroup_curve_divergence,scrf,oak,isotonic,bmi_group,>=30,p95_abs_subgroup_minus_full_predicted_target,526.659428075398,396.4142821057365,815.7972119808077,300,300,3246,6887.578571428576,,,PSU-in-stratum bootstrap; statistic recomputed with grouped 5-fold OOF isotonic crosswalk for residual metrics.,Subgroup-specific isotonic curve compared with full-sample curve.
subgroup_curve_divergence,scrf,oak,isotonic,bmi_group,>=30,p95_abs_subgroup_minus_full_predicted_target_over_target_iqr,0.0764651063670061,0.0576934689963233,0.1173203155311973,300,300,3246,6887.578571428576,,,PSU-in-stratum bootstrap; statistic recomputed with grouped 5-fold OOF isotonic crosswalk for residual metrics.,Subgroup-specific isotonic curve divergence normalized by target IQR.
subgroup_curve_divergence,scrf,oak,isotonic,bmi_group,>=30,max_abs_subgroup_minus_full_predicted_target,916.6814248511946,590.4447551719975,1471.0403359095098,300,300,3246,6887.578571428576,,,PSU-in-stratum bootstrap; statistic recomputed with grouped 5-fold OOF isotonic crosswalk for residual metrics.,Subgroup-specific isotonic curve compared with full-sample curve.
subgroup_curve_divergence,scrf,oak,isotonic,bmi_group,>=30,max_abs_subgroup_minus_full_predicted_target_over_target_iqr,0.133091973520828,0.0852238833583376,0.2109657436487176,300,300,3246,6887.578571428576,,,PSU-in-stratum bootstrap; statistic recomputed with grouped 5-fold OOF isotonic crosswalk for residual metrics.,Subgroup-specific isotonic curve divergence normalized by target IQR.
subgroup_curve_spread,scrf,oak,isotonic,bmi_group,<25|25-<30|>=30,p95_between_subgroup_spread_predicted_target,1009.825333333334,889.8702877428374,1341.5901828095843,300,300,8559,6887.578571428576,,,PSU-in-stratum bootstrap; statistic recomputed with grouped 5-fold OOF isotonic crosswalk for residual metrics.,"At each source-grid point, spread = max subgroup curve - min subgroup curve."
subgroup_curve_spread,scrf,oak,isotonic,bmi_group,<25|25-<30|>=30,p95_between_subgroup_spread_predicted_target_over_target_iqr,0.1466154357240069,0.1295812968417538,0.1932782171204607,300,300,8559,6887.578571428576,,,PSU-in-stratum bootstrap; statistic recomputed with grouped 5-fold OOF isotonic crosswalk for residual metrics.,Between-subgroup curve spread normalized by target IQR.
subgroup_curve_spread,scrf,oak,isotonic,bmi_group,<25|25-<30|>=30,max_between_subgroup_spread_predicted_target,1415.714465500485,1121.4639609159317,1918.873033493951,300,300,8559,6887.578571428576,,,PSU-in-stratum bootstrap; statistic recomputed with grouped 5-fold OOF isotonic crosswalk for residual metrics.,"At each source-grid point, spread = max subgroup curve - min subgroup curve."
subgroup_curve_spread,scrf,oak,isotonic,bmi_group,<25|25-<30|>=30,max_between_subgroup_spread_predicted_target_over_target_iqr,0.2055460349117798,0.1636910124925658,0.279194118353897,300,300,8559,6887.578571428576,,,PSU-in-stratum bootstrap; statistic recomputed with grouped 5-fold OOF isotonic crosswalk for residual metrics.,Between-subgroup curve spread normalized by target IQR.
fullsample_oof_residual,scrf,scssl,isotonic,overall,all,mae,1403.618921416057,1378.6188204506925,1435.3417486715134,300,300,8646,5813.0,1403.6189214160572,2.273736754432321e-13,PSU-in-stratum bootstrap; statistic recomputed with grouped 5-fold OOF isotonic crosswalk for residual metrics.,5-fold grouped OOF isotonic residual on target scale.
fullsample_oof_residual,scrf,scssl,isotonic,overall,all,rmse,1956.9788049865329,1916.5052908302775,2001.4755685573311,300,300,8646,5813.0,1956.9788049865329,2.273736754432321e-13,PSU-in-stratum bootstrap; statistic recomputed with grouped 5-fold OOF isotonic crosswalk for residual metrics.,5-fold grouped OOF isotonic residual on target scale.
fullsample_oof_residual,scrf,scssl,isotonic,overall,all,abs_error_p95,3898.243244280834,3800.597085799668,3998.626579465351,300,300,8646,5813.0,3898.243244280834,0.0,PSU-in-stratum bootstrap; statistic recomputed with grouped 5-fold OOF isotonic crosswalk for residual metrics.,5-fold grouped OOF isotonic residual on target scale.
fullsample_oof_residual,scrf,scssl,isotonic,overall,all,mae_per_target_iqr,0.2414620542604605,0.2379395172045644,0.2477804575915456,300,300,8646,5813.0,0.2414620542604605,2.7755575615628914e-17,PSU-in-stratum bootstrap; statistic recomputed with grouped 5-fold OOF isotonic crosswalk for residual metrics.,MAE normalized by target algorithm IQR.
subgroup_curve_divergence,scrf,scssl,isotonic,age_group,20-39,p95_abs_subgroup_minus_full_predicted_target,862.5861863710998,846.2857042085116,1108.1970488519476,300,300,2757,5813.0,,,PSU-in-stratum bootstrap; statistic recomputed with grouped 5-fold OOF isotonic crosswalk for residual metrics.,Subgroup-specific isotonic curve compared with full-sample curve.
subgroup_curve_divergence,scrf,scssl,isotonic,age_group,20-39,p95_abs_subgroup_minus_full_predicted_target_over_target_iqr,0.1483891598780491,0.1455350294547371,0.1913161505285877,300,300,2757,5813.0,,,PSU-in-stratum bootstrap; statistic recomputed with grouped 5-fold OOF isotonic crosswalk for residual metrics.,Subgroup-specific isotonic curve divergence normalized by target IQR.
subgroup_curve_divergence,scrf,scssl,isotonic,age_group,20-39,max_abs_subgroup_minus_full_predicted_target,1017.7388946608944,1005.11885824966,1413.9833176093412,300,300,2757,5813.0,,,PSU-in-stratum bootstrap; statistic recomputed with grouped 5-fold OOF isotonic crosswalk for residual metrics.,Subgroup-specific isotonic curve compared with full-sample curve.
subgroup_curve_divergence,scrf,scssl,isotonic,age_group,20-39,max_abs_subgroup_minus_full_predicted_target_over_target_iqr,0.1750798029693608,0.1727847007339126,0.245560163333428,300,300,2757,5813.0,,,PSU-in-stratum bootstrap; statistic recomputed with grouped 5-fold OOF isotonic crosswalk for residual metrics.,Subgroup-specific isotonic curve divergence normalized by target IQR.
subgroup_curve_divergence,scrf,scssl,isotonic,age_group,40-59,p95_abs_subgroup_minus_full_predicted_target,625.0938139603663,485.3561773345699,771.7946199879364,300,300,2949,5813.0,,,PSU-in-stratum bootstrap; statistic recomputed with grouped 5-fold OOF isotonic crosswalk for residual metrics.,Subgroup-specific isotonic curve compared with full-sample curve.
subgroup_curve_divergence,scrf,scssl,isotonic,age_group,40-59,p95_abs_subgroup_minus_full_predicted_target_over_target_iqr,0.1075337715397155,0.0839881599042814,0.133896859110062,300,300,2949,5813.0,,,PSU-in-stratum bootstrap; statistic recomputed with grouped 5-fold OOF isotonic crosswalk for residual metrics.,Subgroup-specific isotonic curve divergence normalized by target IQR.
subgroup_curve_divergence,scrf,scssl,isotonic,age_group,40-59,max_abs_subgroup_minus_full_predicted_target,748.0154761904687,660.0147415989475,1281.65557381854,300,300,2949,5813.0,,,PSU-in-stratum bootstrap; statistic recomputed with grouped 5-fold OOF isotonic crosswalk for residual metrics.,Subgroup-specific isotonic curve compared with full-sample curve.
subgroup_curve_divergence,scrf,scssl,isotonic,age_group,40-59,max_abs_subgroup_minus_full_predicted_target_over_target_iqr,0.1286797653862839,0.1137070619484258,0.2198197421145694,300,300,2949,5813.0,,,PSU-in-stratum bootstrap; statistic recomputed with grouped 5-fold OOF isotonic crosswalk for residual metrics.,Subgroup-specific isotonic curve divergence normalized by target IQR.
subgroup_curve_divergence,scrf,scssl,isotonic,age_group,60+,p95_abs_subgroup_minus_full_predicted_target,1679.9788095238164,1096.586334358528,2214.0097826601827,300,300,2940,5813.0,,,PSU-in-stratum bootstrap; statistic recomputed with grouped 5-fold OOF isotonic crosswalk for residual metrics.,Subgroup-specific isotonic curve compared with full-sample curve.
subgroup_curve_divergence,scrf,scssl,isotonic,age_group,60+,p95_abs_subgroup_minus_full_predicted_target_over_target_iqr,0.2890037518534004,0.1892899003780171,0.3793859896206666,300,300,2940,5813.0,,,PSU-in-stratum bootstrap; statistic recomputed with grouped 5-fold OOF isotonic crosswalk for residual metrics.,Subgroup-specific isotonic curve divergence normalized by target IQR.
subgroup_curve_divergence,scrf,scssl,isotonic,age_group,60+,max_abs_subgroup_minus_full_predicted_target,1840.501135964907,1368.3095072452088,2957.891769984958,300,300,2940,5813.0,,,PSU-in-stratum bootstrap; statistic recomputed with grouped 5-fold OOF isotonic crosswalk for residual metrics.,Subgroup-specific isotonic curve compared with full-sample curve.
subgroup_curve_divergence,scrf,scssl,isotonic,age_group,60+,max_abs_subgroup_minus_full_predicted_target_over_target_iqr,0.3166181207577683,0.2333599092957535,0.5113037813086587,300,300,2940,5813.0,,,PSU-in-stratum bootstrap; statistic recomputed with grouped 5-fold OOF isotonic crosswalk for residual metrics.,Subgroup-specific isotonic curve divergence normalized by target IQR.
subgroup_curve_spread,scrf,scssl,isotonic,age_group,20-39|40-59|60+,p95_between_subgroup_spread_predicted_target,2110.6091666666653,1677.2102171424892,2901.3288018630437,300,300,8646,5813.0,,,PSU-in-stratum bootstrap; statistic recomputed with grouped 5-fold OOF isotonic crosswalk for residual metrics.,"At each source-grid point, spread = max subgroup curve - min subgroup curve."
subgroup_curve_spread,scrf,scssl,isotonic,age_group,20-39|40-59|60+,p95_between_subgroup_spread_predicted_target_over_target_iqr,0.3630843224955557,0.290900252632037,0.5029059657965743,300,300,8646,5813.0,,,PSU-in-stratum bootstrap; statistic recomputed with grouped 5-fold OOF isotonic crosswalk for residual metrics.,Between-subgroup curve spread normalized by target IQR.
subgroup_curve_spread,scrf,scssl,isotonic,age_group,20-39|40-59|60+,max_between_subgroup_spread_predicted_target,2379.5603061224465,1937.777901512157,3483.7623891936887,300,300,8646,5813.0,,,PSU-in-stratum bootstrap; statistic recomputed with grouped 5-fold OOF isotonic crosswalk for residual metrics.,"At each source-grid point, spread = max subgroup curve - min subgroup curve."
subgroup_curve_spread,scrf,scssl,isotonic,age_group,20-39|40-59|60+,max_between_subgroup_spread_predicted_target_over_target_iqr,0.409351506300094,0.3358489422190496,0.6025878190774469,300,300,8646,5813.0,,,PSU-in-stratum bootstrap; statistic recomputed with grouped 5-fold OOF isotonic crosswalk for residual metrics.,Between-subgroup curve spread normalized by target IQR.
subgroup_curve_divergence,scrf,scssl,isotonic,sex,male,p95_abs_subgroup_minus_full_predicted_target,795.4039862323516,621.2498141968014,976.7217189387044,300,300,4161,5813.0,,,PSU-in-stratum bootstrap; statistic recomputed with grouped 5-fold OOF isotonic crosswalk for residual metrics.,Subgroup-specific isotonic curve compared with full-sample curve.
subgroup_curve_divergence,scrf,scssl,isotonic,sex,male,p95_abs_subgroup_minus_full_predicted_target_over_target_iqr,0.1368319260678396,0.1082005739241399,0.1690733553261069,300,300,4161,5813.0,,,PSU-in-stratum bootstrap; statistic recomputed with grouped 5-fold OOF isotonic crosswalk for residual metrics.,Subgroup-specific isotonic curve divergence normalized by target IQR.
subgroup_curve_divergence,scrf,scssl,isotonic,sex,male,max_abs_subgroup_minus_full_predicted_target,834.1202228976763,789.5049299832159,1496.8600258168133,300,300,4161,5813.0,,,PSU-in-stratum bootstrap; statistic recomputed with grouped 5-fold OOF isotonic crosswalk for residual metrics.,Subgroup-specific isotonic curve compared with full-sample curve.
subgroup_curve_divergence,scrf,scssl,isotonic,sex,male,max_abs_subgroup_minus_full_predicted_target_over_target_iqr,0.1434922110610143,0.1366117562142802,0.2595715266744024,300,300,4161,5813.0,,,PSU-in-stratum bootstrap; statistic recomputed with grouped 5-fold OOF isotonic crosswalk for residual metrics.,Subgroup-specific isotonic curve divergence normalized by target IQR.
subgroup_curve_divergence,scrf,scssl,isotonic,sex,female,p95_abs_subgroup_minus_full_predicted_target,946.880256410248,708.3275682430897,1281.690395889117,300,300,4485,5813.0,,,PSU-in-stratum bootstrap; statistic recomputed with grouped 5-fold OOF isotonic crosswalk for residual metrics.,Subgroup-specific isotonic curve compared with full-sample curve.
subgroup_curve_divergence,scrf,scssl,isotonic,sex,female,p95_abs_subgroup_minus_full_predicted_target_over_target_iqr,0.162890118081928,0.1207742206277742,0.2224788300278128,300,300,4485,5813.0,,,PSU-in-stratum bootstrap; statistic recomputed with grouped 5-fold OOF isotonic crosswalk for residual metrics.,Subgroup-specific isotonic curve divergence normalized by target IQR.
subgroup_curve_divergence,scrf,scssl,isotonic,sex,female,max_abs_subgroup_minus_full_predicted_target,1190.9116412958538,939.6263708547392,1817.1885766325536,300,300,4485,5813.0,,,PSU-in-stratum bootstrap; statistic recomputed with grouped 5-fold OOF isotonic crosswalk for residual metrics.,Subgroup-specific isotonic curve compared with full-sample curve.
subgroup_curve_divergence,scrf,scssl,isotonic,sex,female,max_abs_subgroup_minus_full_predicted_target_over_target_iqr,0.2048704010486588,0.162036247824681,0.3143362058782984,300,300,4485,5813.0,,,PSU-in-stratum bootstrap; statistic recomputed with grouped 5-fold OOF isotonic crosswalk for residual metrics.,Subgroup-specific isotonic curve divergence normalized by target IQR.
subgroup_curve_spread,scrf,scssl,isotonic,sex,male|female,p95_between_subgroup_spread_predicted_target,1781.0004793079245,1277.9809222493482,2076.3386697861765,300,300,8646,5813.0,,,PSU-in-stratum bootstrap; statistic recomputed with grouped 5-fold OOF isotonic crosswalk for residual metrics.,"At each source-grid point, spread = max subgroup curve - min subgroup curve."
subgroup_curve_spread,scrf,scssl,isotonic,sex,male|female,p95_between_subgroup_spread_predicted_target_over_target_iqr,0.3063823291429424,0.2193794735805091,0.3604919482028589,300,300,8646,5813.0,,,PSU-in-stratum bootstrap; statistic recomputed with grouped 5-fold OOF isotonic crosswalk for residual metrics.,Between-subgroup curve spread normalized by target IQR.
subgroup_curve_spread,scrf,scssl,isotonic,sex,male|female,max_between_subgroup_spread_predicted_target,1883.0410998877687,1665.4540838397463,2673.267930028303,300,300,8646,5813.0,,,PSU-in-stratum bootstrap; statistic recomputed with grouped 5-fold OOF isotonic crosswalk for residual metrics.,"At each source-grid point, spread = max subgroup curve - min subgroup curve."
subgroup_curve_spread,scrf,scssl,isotonic,sex,male|female,max_between_subgroup_spread_predicted_target_over_target_iqr,0.3239361947166297,0.2862664676325177,0.454874135577119,300,300,8646,5813.0,,,PSU-in-stratum bootstrap; statistic recomputed with grouped 5-fold OOF isotonic crosswalk for residual metrics.,Between-subgroup curve spread normalized by target IQR.
subgroup_curve_divergence,scrf,scssl,isotonic,bmi_group,<25,p95_abs_subgroup_minus_full_predicted_target,497.3318504594845,469.60248547089174,756.0287061580411,300,300,2572,5813.0,,,PSU-in-stratum bootstrap; statistic recomputed with grouped 5-fold OOF isotonic crosswalk for residual metrics.,Subgroup-specific isotonic curve compared with full-sample curve.
subgroup_curve_divergence,scrf,scssl,isotonic,bmi_group,<25,p95_abs_subgroup_minus_full_predicted_target_over_target_iqr,0.0855551093169593,0.0816449931724003,0.129382989740997,300,300,2572,5813.0,,,PSU-in-stratum bootstrap; statistic recomputed with grouped 5-fold OOF isotonic crosswalk for residual metrics.,Subgroup-specific isotonic curve divergence normalized by target IQR.
subgroup_curve_divergence,scrf,scssl,isotonic,bmi_group,<25,max_abs_subgroup_minus_full_predicted_target,695.41433531746,626.1165764559094,1182.9686371660075,300,300,2572,5813.0,,,PSU-in-stratum bootstrap; statistic recomputed with grouped 5-fold OOF isotonic crosswalk for residual metrics.,Subgroup-specific isotonic curve compared with full-sample curve.
subgroup_curve_divergence,scrf,scssl,isotonic,bmi_group,<25,max_abs_subgroup_minus_full_predicted_target_over_target_iqr,0.119630885139766,0.1077972113444191,0.2025885636000462,300,300,2572,5813.0,,,PSU-in-stratum bootstrap; statistic recomputed with grouped 5-fold OOF isotonic crosswalk for residual metrics.,Subgroup-specific isotonic curve divergence normalized by target IQR.
subgroup_curve_divergence,scrf,scssl,isotonic,bmi_group,25-<30,p95_abs_subgroup_minus_full_predicted_target,653.8767619047621,489.5327718200716,901.996535056726,300,300,2741,5813.0,,,PSU-in-stratum bootstrap; statistic recomputed with grouped 5-fold OOF isotonic crosswalk for residual metrics.,Subgroup-specific isotonic curve compared with full-sample curve.
subgroup_curve_divergence,scrf,scssl,isotonic,bmi_group,25-<30,p95_abs_subgroup_minus_full_predicted_target_over_target_iqr,0.1124852506287222,0.0829007384576574,0.1568046867788565,300,300,2741,5813.0,,,PSU-in-stratum bootstrap; statistic recomputed with grouped 5-fold OOF isotonic crosswalk for residual metrics.,Subgroup-specific isotonic curve divergence normalized by target IQR.
subgroup_curve_divergence,scrf,scssl,isotonic,bmi_group,25-<30,max_abs_subgroup_minus_full_predicted_target,760.0670182400409,630.5159414880941,1233.9009433565857,300,300,2741,5813.0,,,PSU-in-stratum bootstrap; statistic recomputed with grouped 5-fold OOF isotonic crosswalk for residual metrics.,Subgroup-specific isotonic curve compared with full-sample curve.
subgroup_curve_divergence,scrf,scssl,isotonic,bmi_group,25-<30,max_abs_subgroup_minus_full_predicted_target_over_target_iqr,0.1307529706244694,0.1085600049252756,0.2146540938450293,300,300,2741,5813.0,,,PSU-in-stratum bootstrap; statistic recomputed with grouped 5-fold OOF isotonic crosswalk for residual metrics.,Subgroup-specific isotonic curve divergence normalized by target IQR.
subgroup_curve_divergence,scrf,scssl,isotonic,bmi_group,>=30,p95_abs_subgroup_minus_full_predicted_target,661.0232284580525,625.1888994386766,902.30199306725,300,300,3246,5813.0,,,PSU-in-stratum bootstrap; statistic recomputed with grouped 5-fold OOF isotonic crosswalk for residual metrics.,Subgroup-specific isotonic curve compared with full-sample curve.
subgroup_curve_divergence,scrf,scssl,isotonic,bmi_group,>=30,p95_abs_subgroup_minus_full_predicted_target_over_target_iqr,0.1137146444964824,0.1080341740845623,0.155432928917526,300,300,3246,5813.0,,,PSU-in-stratum bootstrap; statistic recomputed with grouped 5-fold OOF isotonic crosswalk for residual metrics.,Subgroup-specific isotonic curve divergence normalized by target IQR.
subgroup_curve_divergence,scrf,scssl,isotonic,bmi_group,>=30,max_abs_subgroup_minus_full_predicted_target,843.448367346944,737.1539399631189,1404.97472080221,300,300,3246,5813.0,,,PSU-in-stratum bootstrap; statistic recomputed with grouped 5-fold OOF isotonic crosswalk for residual metrics.,Subgroup-specific isotonic curve compared with full-sample curve.
subgroup_curve_divergence,scrf,scssl,isotonic,bmi_group,>=30,max_abs_subgroup_minus_full_predicted_target_over_target_iqr,0.1450969150777471,0.1273512973056776,0.2393728096437456,300,300,3246,5813.0,,,PSU-in-stratum bootstrap; statistic recomputed with grouped 5-fold OOF isotonic crosswalk for residual metrics.,Subgroup-specific isotonic curve divergence normalized by target IQR.
subgroup_curve_spread,scrf,scssl,isotonic,bmi_group,<25|25-<30|>=30,p95_between_subgroup_spread_predicted_target,1199.2026694288852,1113.1312828453467,1554.474309399479,300,300,8559,5813.0,,,PSU-in-stratum bootstrap; statistic recomputed with grouped 5-fold OOF isotonic crosswalk for residual metrics.,"At each source-grid point, spread = max subgroup curve - min subgroup curve."
subgroup_curve_spread,scrf,scssl,isotonic,bmi_group,<25|25-<30|>=30,p95_between_subgroup_spread_predicted_target_over_target_iqr,0.2062966917992233,0.1919622334521408,0.2703845549004415,300,300,8559,5813.0,,,PSU-in-stratum bootstrap; statistic recomputed with grouped 5-fold OOF isotonic crosswalk for residual metrics.,Between-subgroup curve spread normalized by target IQR.
subgroup_curve_spread,scrf,scssl,isotonic,bmi_group,<25|25-<30|>=30,max_between_subgroup_spread_predicted_target,1487.5837495524538,1273.454438915349,2070.8939916602335,300,300,8559,5813.0,,,PSU-in-stratum bootstrap; statistic recomputed with grouped 5-fold OOF isotonic crosswalk for residual metrics.,"At each source-grid point, spread = max subgroup curve - min subgroup curve."
subgroup_curve_spread,scrf,scssl,isotonic,bmi_group,<25|25-<30|>=30,max_between_subgroup_spread_predicted_target_over_target_iqr,0.2559063735682872,0.2192431318142818,0.3585719602657453,300,300,8559,5813.0,,,PSU-in-stratum bootstrap; statistic recomputed with grouped 5-fold OOF isotonic crosswalk for residual metrics.,Between-subgroup curve spread normalized by target IQR.
fullsample_oof_residual,scrf,vs,isotonic,overall,all,mae,1192.4101717562855,1174.9753689016147,1218.9680538899795,300,300,8646,5559.857142857143,1192.4101717562855,0.0,PSU-in-stratum bootstrap; statistic recomputed with grouped 5-fold OOF isotonic crosswalk for residual metrics.,5-fold grouped OOF isotonic residual on target scale.
fullsample_oof_residual,scrf,vs,isotonic,overall,all,rmse,1643.565372853587,1608.41396755889,1691.4882873148115,300,300,8646,5559.857142857143,1643.565372853587,0.0,PSU-in-stratum bootstrap; statistic recomputed with grouped 5-fold OOF isotonic crosswalk for residual metrics.,5-fold grouped OOF isotonic residual on target scale.
fullsample_oof_residual,scrf,vs,isotonic,overall,all,abs_error_p95,3230.2645943663515,3153.120645964881,3306.137145277147,300,300,8646,5559.857142857143,3230.2645943663515,0.0,PSU-in-stratum bootstrap; statistic recomputed with grouped 5-fold OOF isotonic crosswalk for residual metrics.,5-fold grouped OOF isotonic residual on target scale.
fullsample_oof_residual,scrf,vs,isotonic,overall,all,mae_per_target_iqr,0.2144677715844188,0.2113986934736045,0.2196738435291636,300,300,8646,5559.857142857143,0.2144677715844188,0.0,PSU-in-stratum bootstrap; statistic recomputed with grouped 5-fold OOF isotonic crosswalk for residual metrics.,MAE normalized by target algorithm IQR.
subgroup_curve_divergence,scrf,vs,isotonic,age_group,20-39,p95_abs_subgroup_minus_full_predicted_target,489.39562017789285,349.3495002814498,618.9033976134363,300,300,2757,5559.857142857143,,,PSU-in-stratum bootstrap; statistic recomputed with grouped 5-fold OOF isotonic crosswalk for residual metrics.,Subgroup-specific isotonic curve compared with full-sample curve.
subgroup_curve_divergence,scrf,vs,isotonic,age_group,20-39,p95_abs_subgroup_minus_full_predicted_target_over_target_iqr,0.0880230566367391,0.0630627124024242,0.1117394323403412,300,300,2757,5559.857142857143,,,PSU-in-stratum bootstrap; statistic recomputed with grouped 5-fold OOF isotonic crosswalk for residual metrics.,Subgroup-specific isotonic curve divergence normalized by target IQR.
subgroup_curve_divergence,scrf,vs,isotonic,age_group,20-39,max_abs_subgroup_minus_full_predicted_target,662.7564182194601,454.2502161099477,966.0517156144572,300,300,2757,5559.857142857143,,,PSU-in-stratum bootstrap; statistic recomputed with grouped 5-fold OOF isotonic crosswalk for residual metrics.,Subgroup-specific isotonic curve compared with full-sample curve.
subgroup_curve_divergence,scrf,vs,isotonic,age_group,20-39,max_abs_subgroup_minus_full_predicted_target_over_target_iqr,0.1192038574356026,0.0810234123505897,0.1763413253615013,300,300,2757,5559.857142857143,,,PSU-in-stratum bootstrap; statistic recomputed with grouped 5-fold OOF isotonic crosswalk for residual metrics.,Subgroup-specific isotonic curve divergence normalized by target IQR.
subgroup_curve_divergence,scrf,vs,isotonic,age_group,40-59,p95_abs_subgroup_minus_full_predicted_target,424.1260375709912,320.1449134566855,534.0055773331419,300,300,2949,5559.857142857143,,,PSU-in-stratum bootstrap; statistic recomputed with grouped 5-fold OOF isotonic crosswalk for residual metrics.,Subgroup-specific isotonic curve compared with full-sample curve.
subgroup_curve_divergence,scrf,vs,isotonic,age_group,40-59,p95_abs_subgroup_minus_full_predicted_target_over_target_iqr,0.0762836214444599,0.0580503257865752,0.0964539487181112,300,300,2949,5559.857142857143,,,PSU-in-stratum bootstrap; statistic recomputed with grouped 5-fold OOF isotonic crosswalk for residual metrics.,Subgroup-specific isotonic curve divergence normalized by target IQR.
subgroup_curve_divergence,scrf,vs,isotonic,age_group,40-59,max_abs_subgroup_minus_full_predicted_target,561.6031176006345,421.9597488591284,1018.0584808235578,300,300,2949,5559.857142857143,,,PSU-in-stratum bootstrap; statistic recomputed with grouped 5-fold OOF isotonic crosswalk for residual metrics.,Subgroup-specific isotonic curve compared with full-sample curve.
subgroup_curve_divergence,scrf,vs,isotonic,age_group,40-59,max_abs_subgroup_minus_full_predicted_target_over_target_iqr,0.1010103502968843,0.0767691447555045,0.1837806514543608,300,300,2949,5559.857142857143,,,PSU-in-stratum bootstrap; statistic recomputed with grouped 5-fold OOF isotonic crosswalk for residual metrics.,Subgroup-specific isotonic curve divergence normalized by target IQR.
subgroup_curve_divergence,scrf,vs,isotonic,age_group,60+,p95_abs_subgroup_minus_full_predicted_target,597.2621356421369,422.65119317570714,1154.6620957309303,300,300,2940,5559.857142857143,,,PSU-in-stratum bootstrap; statistic recomputed with grouped 5-fold OOF isotonic crosswalk for residual metrics.,Subgroup-specific isotonic curve compared with full-sample curve.
subgroup_curve_divergence,scrf,vs,isotonic,age_group,60+,p95_abs_subgroup_minus_full_predicted_target_over_target_iqr,0.1074240075411741,0.0759109111948405,0.2073172545688861,300,300,2940,5559.857142857143,,,PSU-in-stratum bootstrap; statistic recomputed with grouped 5-fold OOF isotonic crosswalk for residual metrics.,Subgroup-specific isotonic curve divergence normalized by target IQR.
subgroup_curve_divergence,scrf,vs,isotonic,age_group,60+,max_abs_subgroup_minus_full_predicted_target,662.4059466298604,563.0240405507362,1478.4805530289543,300,300,2940,5559.857142857143,,,PSU-in-stratum bootstrap; statistic recomputed with grouped 5-fold OOF isotonic crosswalk for residual metrics.,Subgroup-specific isotonic curve compared with full-sample curve.
subgroup_curve_divergence,scrf,vs,isotonic,age_group,60+,max_abs_subgroup_minus_full_predicted_target_over_target_iqr,0.1191408213574095,0.1011566009748633,0.2657101353649549,300,300,2940,5559.857142857143,,,PSU-in-stratum bootstrap; statistic recomputed with grouped 5-fold OOF isotonic crosswalk for residual metrics.,Subgroup-specific isotonic curve divergence normalized by target IQR.
subgroup_curve_spread,scrf,vs,isotonic,age_group,20-39|40-59|60+,p95_between_subgroup_spread_predicted_target,852.9111152343812,762.7077201221404,1481.277084742838,300,300,8646,5559.857142857143,,,PSU-in-stratum bootstrap; statistic recomputed with grouped 5-fold OOF isotonic crosswalk for residual metrics.,"At each source-grid point, spread = max subgroup curve - min subgroup curve."
subgroup_curve_spread,scrf,vs,isotonic,age_group,20-39|40-59|60+,p95_between_subgroup_spread_predicted_target_over_target_iqr,0.1534052212708617,0.1359714801055185,0.2676421741452606,300,300,8646,5559.857142857143,,,PSU-in-stratum bootstrap; statistic recomputed with grouped 5-fold OOF isotonic crosswalk for residual metrics.,Between-subgroup curve spread normalized by target IQR.
subgroup_curve_spread,scrf,vs,isotonic,age_group,20-39|40-59|60+,max_between_subgroup_spread_predicted_target,1308.5791166321596,934.2412709705508,2074.005387227668,300,300,8646,5559.857142857143,,,PSU-in-stratum bootstrap; statistic recomputed with grouped 5-fold OOF isotonic crosswalk for residual metrics.,"At each source-grid point, spread = max subgroup curve - min subgroup curve."
subgroup_curve_spread,scrf,vs,isotonic,age_group,20-39|40-59|60+,max_between_subgroup_spread_predicted_target_over_target_iqr,0.235362003556749,0.1690689117464827,0.3739098472252047,300,300,8646,5559.857142857143,,,PSU-in-stratum bootstrap; statistic recomputed with grouped 5-fold OOF isotonic crosswalk for residual metrics.,Between-subgroup curve spread normalized by target IQR.
subgroup_curve_divergence,scrf,vs,isotonic,sex,male,p95_abs_subgroup_minus_full_predicted_target,445.8109334043247,365.06509233583074,558.0364451638391,300,300,4161,5559.857142857143,,,PSU-in-stratum bootstrap; statistic recomputed with grouped 5-fold OOF isotonic crosswalk for residual metrics.,Subgroup-specific isotonic curve compared with full-sample curve.
subgroup_curve_divergence,scrf,vs,isotonic,sex,male,p95_abs_subgroup_minus_full_predicted_target_over_target_iqr,0.0801838827778276,0.0653282915697534,0.1013294313769898,300,300,4161,5559.857142857143,,,PSU-in-stratum bootstrap; statistic recomputed with grouped 5-fold OOF isotonic crosswalk for residual metrics.,Subgroup-specific isotonic curve divergence normalized by target IQR.
subgroup_curve_divergence,scrf,vs,isotonic,sex,male,max_abs_subgroup_minus_full_predicted_target,612.1342597926264,507.0148185678523,938.9195773218644,300,300,4161,5559.857142857143,,,PSU-in-stratum bootstrap; statistic recomputed with grouped 5-fold OOF isotonic crosswalk for residual metrics.,Subgroup-specific isotonic curve compared with full-sample curve.
subgroup_curve_divergence,scrf,vs,isotonic,sex,male,max_abs_subgroup_minus_full_predicted_target_over_target_iqr,0.1100989187427319,0.0897591947196655,0.1703379056858824,300,300,4161,5559.857142857143,,,PSU-in-stratum bootstrap; statistic recomputed with grouped 5-fold OOF isotonic crosswalk for residual metrics.,Subgroup-specific isotonic curve divergence normalized by target IQR.
subgroup_curve_divergence,scrf,vs,isotonic,sex,female,p95_abs_subgroup_minus_full_predicted_target,345.2581735724589,323.4558022017802,516.1494013682053,300,300,4485,5559.857142857143,,,PSU-in-stratum bootstrap; statistic recomputed with grouped 5-fold OOF isotonic crosswalk for residual metrics.,Subgroup-specific isotonic curve compared with full-sample curve.
subgroup_curve_divergence,scrf,vs,isotonic,sex,female,p95_abs_subgroup_minus_full_predicted_target_over_target_iqr,0.0620983893472908,0.0581279925472709,0.0919128911067593,300,300,4485,5559.857142857143,,,PSU-in-stratum bootstrap; statistic recomputed with grouped 5-fold OOF isotonic crosswalk for residual metrics.,Subgroup-specific isotonic curve divergence normalized by target IQR.
subgroup_curve_divergence,scrf,vs,isotonic,sex,female,max_abs_subgroup_minus_full_predicted_target,651.0668642193723,420.5055895159997,909.2088382935348,300,300,4485,5559.857142857143,,,PSU-in-stratum bootstrap; statistic recomputed with grouped 5-fold OOF isotonic crosswalk for residual metrics.,Subgroup-specific isotonic curve compared with full-sample curve.
subgroup_curve_divergence,scrf,vs,isotonic,sex,female,max_abs_subgroup_minus_full_predicted_target_over_target_iqr,0.1171013656449447,0.0750280976574304,0.1634776917551091,300,300,4485,5559.857142857143,,,PSU-in-stratum bootstrap; statistic recomputed with grouped 5-fold OOF isotonic crosswalk for residual metrics.,Subgroup-specific isotonic curve divergence normalized by target IQR.
subgroup_curve_spread,scrf,vs,isotonic,sex,male|female,p95_between_subgroup_spread_predicted_target,817.2450386904766,669.1213565409395,974.3640763186652,300,300,8646,5559.857142857143,,,PSU-in-stratum bootstrap; statistic recomputed with grouped 5-fold OOF isotonic crosswalk for residual metrics.,"At each source-grid point, spread = max subgroup curve - min subgroup curve."
subgroup_curve_spread,scrf,vs,isotonic,sex,male|female,p95_between_subgroup_spread_predicted_target_over_target_iqr,0.1469902944791319,0.1201868612117354,0.1745569188125756,300,300,8646,5559.857142857143,,,PSU-in-stratum bootstrap; statistic recomputed with grouped 5-fold OOF isotonic crosswalk for residual metrics.,Between-subgroup curve spread normalized by target IQR.
subgroup_curve_spread,scrf,vs,isotonic,sex,male|female,max_between_subgroup_spread_predicted_target,967.0102917401532,785.3099773999467,1336.221656950962,300,300,8646,5559.857142857143,,,PSU-in-stratum bootstrap; statistic recomputed with grouped 5-fold OOF isotonic crosswalk for residual metrics.,"At each source-grid point, spread = max subgroup curve - min subgroup curve."
subgroup_curve_spread,scrf,vs,isotonic,sex,male|female,max_between_subgroup_spread_predicted_target_over_target_iqr,0.1739271831799653,0.1411643483539915,0.2420434528894644,300,300,8646,5559.857142857143,,,PSU-in-stratum bootstrap; statistic recomputed with grouped 5-fold OOF isotonic crosswalk for residual metrics.,Between-subgroup curve spread normalized by target IQR.
subgroup_curve_divergence,scrf,vs,isotonic,bmi_group,<25,p95_abs_subgroup_minus_full_predicted_target,449.4107274319522,429.1005961226413,702.9495194057636,300,300,2572,5559.857142857143,,,PSU-in-stratum bootstrap; statistic recomputed with grouped 5-fold OOF isotonic crosswalk for residual metrics.,Subgroup-specific isotonic curve compared with full-sample curve.
subgroup_curve_divergence,scrf,vs,isotonic,bmi_group,<25,p95_abs_subgroup_minus_full_predicted_target_over_target_iqr,0.0808313443825295,0.0770321878216321,0.1268530259685155,300,300,2572,5559.857142857143,,,PSU-in-stratum bootstrap; statistic recomputed with grouped 5-fold OOF isotonic crosswalk for residual metrics.,Subgroup-specific isotonic curve divergence normalized by target IQR.
subgroup_curve_divergence,scrf,vs,isotonic,bmi_group,<25,max_abs_subgroup_minus_full_predicted_target,536.630079990693,543.3097832080659,949.9047519953376,300,300,2572,5559.857142857143,,,PSU-in-stratum bootstrap; statistic recomputed with grouped 5-fold OOF isotonic crosswalk for residual metrics.,Subgroup-specific isotonic curve compared with full-sample curve.
subgroup_curve_divergence,scrf,vs,isotonic,bmi_group,<25,max_abs_subgroup_minus_full_predicted_target_over_target_iqr,0.0965186813621843,0.0968028252511867,0.1731786477014042,300,300,2572,5559.857142857143,,,PSU-in-stratum bootstrap; statistic recomputed with grouped 5-fold OOF isotonic crosswalk for residual metrics.,Subgroup-specific isotonic curve divergence normalized by target IQR.
subgroup_curve_divergence,scrf,vs,isotonic,bmi_group,25-<30,p95_abs_subgroup_minus_full_predicted_target,330.08559045738093,328.92734033434243,553.0700910711706,300,300,2741,5559.857142857143,,,PSU-in-stratum bootstrap; statistic recomputed with grouped 5-fold OOF isotonic crosswalk for residual metrics.,Subgroup-specific isotonic curve compared with full-sample curve.
subgroup_curve_divergence,scrf,vs,isotonic,bmi_group,25-<30,p95_abs_subgroup_minus_full_predicted_target_over_target_iqr,0.0593694373751038,0.059598136502589,0.0992052340720678,300,300,2741,5559.857142857143,,,PSU-in-stratum bootstrap; statistic recomputed with grouped 5-fold OOF isotonic crosswalk for residual metrics.,Subgroup-specific isotonic curve divergence normalized by target IQR.
subgroup_curve_divergence,scrf,vs,isotonic,bmi_group,25-<30,max_abs_subgroup_minus_full_predicted_target,366.17242509151674,454.1063167986154,910.9351048275332,300,300,2741,5559.857142857143,,,PSU-in-stratum bootstrap; statistic recomputed with grouped 5-fold OOF isotonic crosswalk for residual metrics.,Subgroup-specific isotonic curve compared with full-sample curve.
subgroup_curve_divergence,scrf,vs,isotonic,bmi_group,25-<30,max_abs_subgroup_minus_full_predicted_target_over_target_iqr,0.0658600420267894,0.0817171752179774,0.1647277525231229,300,300,2741,5559.857142857143,,,PSU-in-stratum bootstrap; statistic recomputed with grouped 5-fold OOF isotonic crosswalk for residual metrics.,Subgroup-specific isotonic curve divergence normalized by target IQR.
subgroup_curve_divergence,scrf,vs,isotonic,bmi_group,>=30,p95_abs_subgroup_minus_full_predicted_target,635.843133195307,486.63094633925664,853.3363316525528,300,300,3246,5559.857142857143,,,PSU-in-stratum bootstrap; statistic recomputed with grouped 5-fold OOF isotonic crosswalk for residual metrics.,Subgroup-specific isotonic curve compared with full-sample curve.
subgroup_curve_divergence,scrf,vs,isotonic,bmi_group,>=30,p95_abs_subgroup_minus_full_predicted_target_over_target_iqr,0.1143632141721819,0.0883052546760575,0.1554513198062426,300,300,3246,5559.857142857143,,,PSU-in-stratum bootstrap; statistic recomputed with grouped 5-fold OOF isotonic crosswalk for residual metrics.,Subgroup-specific isotonic curve divergence normalized by target IQR.
subgroup_curve_divergence,scrf,vs,isotonic,bmi_group,>=30,max_abs_subgroup_minus_full_predicted_target,741.240974743494,615.8705537737776,1197.660521507976,300,300,3246,5559.857142857143,,,PSU-in-stratum bootstrap; statistic recomputed with grouped 5-fold OOF isotonic crosswalk for residual metrics.,Subgroup-specific isotonic curve compared with full-sample curve.
subgroup_curve_divergence,scrf,vs,isotonic,bmi_group,>=30,max_abs_subgroup_minus_full_predicted_target_over_target_iqr,0.1333201475681404,0.1105691796814403,0.2154559945645978,300,300,3246,5559.857142857143,,,PSU-in-stratum bootstrap; statistic recomputed with grouped 5-fold OOF isotonic crosswalk for residual metrics.,Subgroup-specific isotonic curve divergence normalized by target IQR.
subgroup_curve_spread,scrf,vs,isotonic,bmi_group,<25|25-<30|>=30,p95_between_subgroup_spread_predicted_target,989.5059442083456,838.4163851763506,1355.9227910751565,300,300,8559,5559.857142857143,,,PSU-in-stratum bootstrap; statistic recomputed with grouped 5-fold OOF isotonic crosswalk for residual metrics.,"At each source-grid point, spread = max subgroup curve - min subgroup curve."
subgroup_curve_spread,scrf,vs,isotonic,bmi_group,<25|25-<30|>=30,p95_between_subgroup_spread_predicted_target_over_target_iqr,0.1779732677987209,0.1503601708818453,0.244511799653089,300,300,8559,5559.857142857143,,,PSU-in-stratum bootstrap; statistic recomputed with grouped 5-fold OOF isotonic crosswalk for residual metrics.,Between-subgroup curve spread normalized by target IQR.
subgroup_curve_spread,scrf,vs,isotonic,bmi_group,<25|25-<30|>=30,max_between_subgroup_spread_predicted_target,1059.0883699633705,1022.5318820479248,1687.0618466985316,300,300,8559,5559.857142857143,,,PSU-in-stratum bootstrap; statistic recomputed with grouped 5-fold OOF isotonic crosswalk for residual metrics.,"At each source-grid point, spread = max subgroup curve - min subgroup curve."
subgroup_curve_spread,scrf,vs,isotonic,bmi_group,<25|25-<30|>=30,max_between_subgroup_spread_predicted_target_over_target_iqr,0.1904884141356045,0.1833868484798764,0.3066318111827357,300,300,8559,5559.857142857143,,,PSU-in-stratum bootstrap; statistic recomputed with grouped 5-fold OOF isotonic crosswalk for residual metrics.,Between-subgroup curve spread normalized by target IQR.
fullsample_oof_residual,scrf,vsrev,isotonic,overall,all,mae,1328.8315171812812,1307.1918035736114,1361.503258657888,300,300,8646,6301.767857142858,1328.8315171812817,2.273736754432321e-13,PSU-in-stratum bootstrap; statistic recomputed with grouped 5-fold OOF isotonic crosswalk for residual metrics.,5-fold grouped OOF isotonic residual on target scale.
fullsample_oof_residual,scrf,vsrev,isotonic,overall,all,rmse,1832.3495860709272,1789.832802454147,1892.690866809506,300,300,8646,6301.767857142858,1832.3495860709272,0.0,PSU-in-stratum bootstrap; statistic recomputed with grouped 5-fold OOF isotonic crosswalk for residual metrics.,5-fold grouped OOF isotonic residual on target scale.
fullsample_oof_residual,scrf,vsrev,isotonic,overall,all,abs_error_p95,3619.2432067374048,3589.240594606815,3755.349692198541,300,300,8646,6301.767857142858,3619.2432067374048,0.0,PSU-in-stratum bootstrap; statistic recomputed with grouped 5-fold OOF isotonic crosswalk for residual metrics.,5-fold grouped OOF isotonic residual on target scale.
fullsample_oof_residual,scrf,vsrev,isotonic,overall,all,mae_per_target_iqr,0.2108664659354425,0.2075128029233993,0.2160100763299546,300,300,8646,6301.767857142858,0.2108664659354426,2.7755575615628914e-17,PSU-in-stratum bootstrap; statistic recomputed with grouped 5-fold OOF isotonic crosswalk for residual metrics.,MAE normalized by target algorithm IQR.
subgroup_curve_divergence,scrf,vsrev,isotonic,age_group,20-39,p95_abs_subgroup_minus_full_predicted_target,662.8782540595821,629.7465701757862,894.8954266950027,300,300,2757,6301.767857142858,,,PSU-in-stratum bootstrap; statistic recomputed with grouped 5-fold OOF isotonic crosswalk for residual metrics.,Subgroup-specific isotonic curve compared with full-sample curve.
subgroup_curve_divergence,scrf,vsrev,isotonic,age_group,20-39,p95_abs_subgroup_minus_full_predicted_target_over_target_iqr,0.1051892530931983,0.0999245238398751,0.1416824017625038,300,300,2757,6301.767857142858,,,PSU-in-stratum bootstrap; statistic recomputed with grouped 5-fold OOF isotonic crosswalk for residual metrics.,Subgroup-specific isotonic curve divergence normalized by target IQR.
subgroup_curve_divergence,scrf,vsrev,isotonic,age_group,20-39,max_abs_subgroup_minus_full_predicted_target,873.3850829725823,759.4877795135122,1233.3674505365288,300,300,2757,6301.767857142858,,,PSU-in-stratum bootstrap; statistic recomputed with grouped 5-fold OOF isotonic crosswalk for residual metrics.,Subgroup-specific isotonic curve compared with full-sample curve.
subgroup_curve_divergence,scrf,vsrev,isotonic,age_group,20-39,max_abs_subgroup_minus_full_predicted_target_over_target_iqr,0.1385936617742317,0.1201796040907753,0.1973163716380047,300,300,2757,6301.767857142858,,,PSU-in-stratum bootstrap; statistic recomputed with grouped 5-fold OOF isotonic crosswalk for residual metrics.,Subgroup-specific isotonic curve divergence normalized by target IQR.
subgroup_curve_divergence,scrf,vsrev,isotonic,age_group,40-59,p95_abs_subgroup_minus_full_predicted_target,465.2227897509565,382.9288985123692,841.8554328444764,300,300,2949,6301.767857142858,,,PSU-in-stratum bootstrap; statistic recomputed with grouped 5-fold OOF isotonic crosswalk for residual metrics.,Subgroup-specific isotonic curve compared with full-sample curve.
subgroup_curve_divergence,scrf,vsrev,isotonic,age_group,40-59,p95_abs_subgroup_minus_full_predicted_target_over_target_iqr,0.0738241712956215,0.0610801826062504,0.1326123768533708,300,300,2949,6301.767857142858,,,PSU-in-stratum bootstrap; statistic recomputed with grouped 5-fold OOF isotonic crosswalk for residual metrics.,Subgroup-specific isotonic curve divergence normalized by target IQR.
subgroup_curve_divergence,scrf,vsrev,isotonic,age_group,40-59,max_abs_subgroup_minus_full_predicted_target,946.38206959707,505.20807630611336,1458.7682421168174,300,300,2949,6301.767857142858,,,PSU-in-stratum bootstrap; statistic recomputed with grouped 5-fold OOF isotonic crosswalk for residual metrics.,Subgroup-specific isotonic curve compared with full-sample curve.
subgroup_curve_divergence,scrf,vsrev,isotonic,age_group,40-59,max_abs_subgroup_minus_full_predicted_target_over_target_iqr,0.1501772345555977,0.0795412763295489,0.230453958609901,300,300,2949,6301.767857142858,,,PSU-in-stratum bootstrap; statistic recomputed with grouped 5-fold OOF isotonic crosswalk for residual metrics.,Subgroup-specific isotonic curve divergence normalized by target IQR.
subgroup_curve_divergence,scrf,vsrev,isotonic,age_group,60+,p95_abs_subgroup_minus_full_predicted_target,819.3457662310157,773.1003749493682,1136.7396362105276,300,300,2940,6301.767857142858,,,PSU-in-stratum bootstrap; statistic recomputed with grouped 5-fold OOF isotonic crosswalk for residual metrics.,Subgroup-specific isotonic curve compared with full-sample curve.
subgroup_curve_divergence,scrf,vsrev,isotonic,age_group,60+,p95_abs_subgroup_minus_full_predicted_target_over_target_iqr,0.1300183987739746,0.1220584342363243,0.1820313816265514,300,300,2940,6301.767857142858,,,PSU-in-stratum bootstrap; statistic recomputed with grouped 5-fold OOF isotonic crosswalk for residual metrics.,Subgroup-specific isotonic curve divergence normalized by target IQR.
subgroup_curve_divergence,scrf,vsrev,isotonic,age_group,60+,max_abs_subgroup_minus_full_predicted_target,1121.8252465405058,949.0741115701272,1476.8531687485042,300,300,2940,6301.767857142858,,,PSU-in-stratum bootstrap; statistic recomputed with grouped 5-fold OOF isotonic crosswalk for residual metrics.,Subgroup-specific isotonic curve compared with full-sample curve.
subgroup_curve_divergence,scrf,vsrev,isotonic,age_group,60+,max_abs_subgroup_minus_full_predicted_target_over_target_iqr,0.1780175455477865,0.1501161261735108,0.2347158078372524,300,300,2940,6301.767857142858,,,PSU-in-stratum bootstrap; statistic recomputed with grouped 5-fold OOF isotonic crosswalk for residual metrics.,Subgroup-specific isotonic curve divergence normalized by target IQR.
subgroup_curve_spread,scrf,vsrev,isotonic,age_group,20-39|40-59|60+,p95_between_subgroup_spread_predicted_target,1210.8733428172072,1224.381779040035,1783.379825363323,300,300,8646,6301.767857142858,,,PSU-in-stratum bootstrap; statistic recomputed with grouped 5-fold OOF isotonic crosswalk for residual metrics.,"At each source-grid point, spread = max subgroup curve - min subgroup curve."
subgroup_curve_spread,scrf,vsrev,isotonic,age_group,20-39|40-59|60+,p95_between_subgroup_spread_predicted_target_over_target_iqr,0.1921481987700832,0.1943231210396671,0.2798922133084216,300,300,8646,6301.767857142858,,,PSU-in-stratum bootstrap; statistic recomputed with grouped 5-fold OOF isotonic crosswalk for residual metrics.,Between-subgroup curve spread normalized by target IQR.
subgroup_curve_spread,scrf,vsrev,isotonic,age_group,20-39|40-59|60+,max_between_subgroup_spread_predicted_target,1490.74693758359,1378.487690856649,2234.894885648743,300,300,8646,6301.767857142858,,,PSU-in-stratum bootstrap; statistic recomputed with grouped 5-fold OOF isotonic crosswalk for residual metrics.,"At each source-grid point, spread = max subgroup curve - min subgroup curve."
subgroup_curve_spread,scrf,vsrev,isotonic,age_group,20-39|40-59|60+,max_between_subgroup_spread_predicted_target_over_target_iqr,0.236560116363835,0.2187154286759241,0.3524439916403965,300,300,8646,6301.767857142858,,,PSU-in-stratum bootstrap; statistic recomputed with grouped 5-fold OOF isotonic crosswalk for residual metrics.,Between-subgroup curve spread normalized by target IQR.
subgroup_curve_divergence,scrf,vsrev,isotonic,sex,male,p95_abs_subgroup_minus_full_predicted_target,413.9960412394621,367.0493703460861,603.3739643896733,300,300,4161,6301.767857142858,,,PSU-in-stratum bootstrap; statistic recomputed with grouped 5-fold OOF isotonic crosswalk for residual metrics.,Subgroup-specific isotonic curve compared with full-sample curve.
subgroup_curve_divergence,scrf,vsrev,isotonic,sex,male,p95_abs_subgroup_minus_full_predicted_target_over_target_iqr,0.0656952224557447,0.0587375356482673,0.0949924836629778,300,300,4161,6301.767857142858,,,PSU-in-stratum bootstrap; statistic recomputed with grouped 5-fold OOF isotonic crosswalk for residual metrics.,Subgroup-specific isotonic curve divergence normalized by target IQR.
subgroup_curve_divergence,scrf,vsrev,isotonic,sex,male,max_abs_subgroup_minus_full_predicted_target,601.4924508824497,490.9843132098906,1104.5350733463642,300,300,4161,6301.767857142858,,,PSU-in-stratum bootstrap; statistic recomputed with grouped 5-fold OOF isotonic crosswalk for residual metrics.,Subgroup-specific isotonic curve compared with full-sample curve.
subgroup_curve_divergence,scrf,vsrev,isotonic,sex,male,max_abs_subgroup_minus_full_predicted_target_over_target_iqr,0.0954482082675699,0.0774994332539937,0.1747464829965657,300,300,4161,6301.767857142858,,,PSU-in-stratum bootstrap; statistic recomputed with grouped 5-fold OOF isotonic crosswalk for residual metrics.,Subgroup-specific isotonic curve divergence normalized by target IQR.
subgroup_curve_divergence,scrf,vsrev,isotonic,sex,female,p95_abs_subgroup_minus_full_predicted_target,459.742161631676,335.70960271325123,694.6677474338403,300,300,4485,6301.767857142858,,,PSU-in-stratum bootstrap; statistic recomputed with grouped 5-fold OOF isotonic crosswalk for residual metrics.,Subgroup-specific isotonic curve compared with full-sample curve.
subgroup_curve_divergence,scrf,vsrev,isotonic,sex,female,p95_abs_subgroup_minus_full_predicted_target_over_target_iqr,0.0729544743719133,0.0533593833436918,0.1096248683537138,300,300,4485,6301.767857142858,,,PSU-in-stratum bootstrap; statistic recomputed with grouped 5-fold OOF isotonic crosswalk for residual metrics.,Subgroup-specific isotonic curve divergence normalized by target IQR.
subgroup_curve_divergence,scrf,vsrev,isotonic,sex,female,max_abs_subgroup_minus_full_predicted_target,628.4529826413418,459.727130087335,1411.8361978788175,300,300,4485,6301.767857142858,,,PSU-in-stratum bootstrap; statistic recomputed with grouped 5-fold OOF isotonic crosswalk for residual metrics.,Subgroup-specific isotonic curve compared with full-sample curve.
subgroup_curve_divergence,scrf,vsrev,isotonic,sex,female,max_abs_subgroup_minus_full_predicted_target_over_target_iqr,0.0997264572240645,0.0733427301788736,0.2230057677167645,300,300,4485,6301.767857142858,,,PSU-in-stratum bootstrap; statistic recomputed with grouped 5-fold OOF isotonic crosswalk for residual metrics.,Subgroup-specific isotonic curve divergence normalized by target IQR.
subgroup_curve_spread,scrf,vsrev,isotonic,sex,male|female,p95_between_subgroup_spread_predicted_target,697.0591917674647,646.8446830446029,1188.0486930553477,300,300,8646,6301.767857142858,,,PSU-in-stratum bootstrap; statistic recomputed with grouped 5-fold OOF isotonic crosswalk for residual metrics.,"At each source-grid point, spread = max subgroup curve - min subgroup curve."
subgroup_curve_spread,scrf,vsrev,isotonic,sex,male|female,p95_between_subgroup_spread_predicted_target_over_target_iqr,0.1106132767136716,0.1028472642911883,0.1869080335924756,300,300,8646,6301.767857142858,,,PSU-in-stratum bootstrap; statistic recomputed with grouped 5-fold OOF isotonic crosswalk for residual metrics.,Between-subgroup curve spread normalized by target IQR.
subgroup_curve_spread,scrf,vsrev,isotonic,sex,male|female,max_between_subgroup_spread_predicted_target,1043.2678571428587,825.4119997396981,1785.598253165558,300,300,8646,6301.767857142858,,,PSU-in-stratum bootstrap; statistic recomputed with grouped 5-fold OOF isotonic crosswalk for residual metrics.,"At each source-grid point, spread = max subgroup curve - min subgroup curve."
subgroup_curve_spread,scrf,vsrev,isotonic,sex,male|female,max_between_subgroup_spread_predicted_target_over_target_iqr,0.1655516167515353,0.1324500723295572,0.282431231724884,300,300,8646,6301.767857142858,,,PSU-in-stratum bootstrap; statistic recomputed with grouped 5-fold OOF isotonic crosswalk for residual metrics.,Between-subgroup curve spread normalized by target IQR.
subgroup_curve_divergence,scrf,vsrev,isotonic,bmi_group,<25,p95_abs_subgroup_minus_full_predicted_target,640.0814576245193,550.5788645944019,921.8731244297068,300,300,2572,6301.767857142858,,,PSU-in-stratum bootstrap; statistic recomputed with grouped 5-fold OOF isotonic crosswalk for residual metrics.,Subgroup-specific isotonic curve compared with full-sample curve.
subgroup_curve_divergence,scrf,vsrev,isotonic,bmi_group,<25,p95_abs_subgroup_minus_full_predicted_target_over_target_iqr,0.1015717290980509,0.0874987451057877,0.1460090702569748,300,300,2572,6301.767857142858,,,PSU-in-stratum bootstrap; statistic recomputed with grouped 5-fold OOF isotonic crosswalk for residual metrics.,Subgroup-specific isotonic curve divergence normalized by target IQR.
subgroup_curve_divergence,scrf,vsrev,isotonic,bmi_group,<25,max_abs_subgroup_minus_full_predicted_target,903.1333507156178,673.3384223247234,1403.9930538827673,300,300,2572,6301.767857142858,,,PSU-in-stratum bootstrap; statistic recomputed with grouped 5-fold OOF isotonic crosswalk for residual metrics.,Subgroup-specific isotonic curve compared with full-sample curve.
subgroup_curve_divergence,scrf,vsrev,isotonic,bmi_group,<25,max_abs_subgroup_minus_full_predicted_target_over_target_iqr,0.1433142843705269,0.1078939343598875,0.2207986672823833,300,300,2572,6301.767857142858,,,PSU-in-stratum bootstrap; statistic recomputed with grouped 5-fold OOF isotonic crosswalk for residual metrics.,Subgroup-specific isotonic curve divergence normalized by target IQR.
subgroup_curve_divergence,scrf,vsrev,isotonic,bmi_group,25-<30,p95_abs_subgroup_minus_full_predicted_target,419.16424162257545,375.6104689630413,598.8855483509856,300,300,2741,6301.767857142858,,,PSU-in-stratum bootstrap; statistic recomputed with grouped 5-fold OOF isotonic crosswalk for residual metrics.,Subgroup-specific isotonic curve compared with full-sample curve.
subgroup_curve_divergence,scrf,vsrev,isotonic,bmi_group,25-<30,p95_abs_subgroup_minus_full_predicted_target_over_target_iqr,0.066515341587435,0.0595832998626243,0.0942405407513258,300,300,2741,6301.767857142858,,,PSU-in-stratum bootstrap; statistic recomputed with grouped 5-fold OOF isotonic crosswalk for residual metrics.,Subgroup-specific isotonic curve divergence normalized by target IQR.
subgroup_curve_divergence,scrf,vsrev,isotonic,bmi_group,25-<30,max_abs_subgroup_minus_full_predicted_target,668.3309523809512,498.00834003655393,1137.8313476158953,300,300,2741,6301.767857142858,,,PSU-in-stratum bootstrap; statistic recomputed with grouped 5-fold OOF isotonic crosswalk for residual metrics.,Subgroup-specific isotonic curve compared with full-sample curve.
subgroup_curve_divergence,scrf,vsrev,isotonic,bmi_group,25-<30,max_abs_subgroup_minus_full_predicted_target_over_target_iqr,0.1060545179593403,0.0783654158980292,0.1803849518065941,300,300,2741,6301.767857142858,,,PSU-in-stratum bootstrap; statistic recomputed with grouped 5-fold OOF isotonic crosswalk for residual metrics.,Subgroup-specific isotonic curve divergence normalized by target IQR.
subgroup_curve_divergence,scrf,vsrev,isotonic,bmi_group,>=30,p95_abs_subgroup_minus_full_predicted_target,653.895343531236,512.5254848901608,1022.8650600163538,300,300,3246,6301.767857142858,,,PSU-in-stratum bootstrap; statistic recomputed with grouped 5-fold OOF isotonic crosswalk for residual metrics.,Subgroup-specific isotonic curve compared with full-sample curve.
subgroup_curve_divergence,scrf,vsrev,isotonic,bmi_group,>=30,p95_abs_subgroup_minus_full_predicted_target_over_target_iqr,0.1037637942803726,0.0815807528641076,0.1622916483642416,300,300,3246,6301.767857142858,,,PSU-in-stratum bootstrap; statistic recomputed with grouped 5-fold OOF isotonic crosswalk for residual metrics.,Subgroup-specific isotonic curve divergence normalized by target IQR.
subgroup_curve_divergence,scrf,vsrev,isotonic,bmi_group,>=30,max_abs_subgroup_minus_full_predicted_target,709.4690033222578,674.1827117386903,1612.78196297171,300,300,3246,6301.767857142858,,,PSU-in-stratum bootstrap; statistic recomputed with grouped 5-fold OOF isotonic crosswalk for residual metrics.,Subgroup-specific isotonic curve compared with full-sample curve.
subgroup_curve_divergence,scrf,vsrev,isotonic,bmi_group,>=30,max_abs_subgroup_minus_full_predicted_target_over_target_iqr,0.1125825354734539,0.1062946064803539,0.2554977488499136,300,300,3246,6301.767857142858,,,PSU-in-stratum bootstrap; statistic recomputed with grouped 5-fold OOF isotonic crosswalk for residual metrics.,Subgroup-specific isotonic curve divergence normalized by target IQR.
subgroup_curve_spread,scrf,vsrev,isotonic,bmi_group,<25|25-<30|>=30,p95_between_subgroup_spread_predicted_target,1117.357689742561,1008.6311194338816,1664.4054124986596,300,300,8559,6301.767857142858,,,PSU-in-stratum bootstrap; statistic recomputed with grouped 5-fold OOF isotonic crosswalk for residual metrics.,"At each source-grid point, spread = max subgroup curve - min subgroup curve."
subgroup_curve_spread,scrf,vsrev,isotonic,bmi_group,<25|25-<30|>=30,p95_between_subgroup_spread_predicted_target_over_target_iqr,0.1773086084845335,0.1606710220251617,0.2613152353669536,300,300,8559,6301.767857142858,,,PSU-in-stratum bootstrap; statistic recomputed with grouped 5-fold OOF isotonic crosswalk for residual metrics.,Between-subgroup curve spread normalized by target IQR.
subgroup_curve_spread,scrf,vsrev,isotonic,bmi_group,<25|25-<30|>=30,max_between_subgroup_spread_predicted_target,1473.4801132011034,1165.202569038957,2107.8800917728745,300,300,8559,6301.767857142858,,,PSU-in-stratum bootstrap; statistic recomputed with grouped 5-fold OOF isotonic crosswalk for residual metrics.,"At each source-grid point, spread = max subgroup curve - min subgroup curve."
subgroup_curve_spread,scrf,vsrev,isotonic,bmi_group,<25|25-<30|>=30,max_between_subgroup_spread_predicted_target_over_target_iqr,0.2338201194655178,0.184651825662497,0.3369122813709742,300,300,8559,6301.767857142858,,,PSU-in-stratum bootstrap; statistic recomputed with grouped 5-fold OOF isotonic crosswalk for residual metrics.,Between-subgroup curve spread normalized by target IQR.
fullsample_oof_residual,scssl,acti,isotonic,overall,all,mae,1676.3209414177095,1646.3980025749036,1714.206903520301,300,300,8646,5482.084523809524,1676.3209414177095,2.273736754432321e-13,PSU-in-stratum bootstrap; statistic recomputed with grouped 5-fold OOF isotonic crosswalk for residual metrics.,5-fold grouped OOF isotonic residual on target scale.
fullsample_oof_residual,scssl,acti,isotonic,overall,all,rmse,2208.0486059102195,2164.737240696131,2255.15094830056,300,300,8646,5482.084523809524,2208.04860591022,4.547473508864641e-13,PSU-in-stratum bootstrap; statistic recomputed with grouped 5-fold OOF isotonic crosswalk for residual metrics.,5-fold grouped OOF isotonic residual on target scale.
fullsample_oof_residual,scssl,acti,isotonic,overall,all,abs_error_p95,4221.565243170912,4097.335545180706,4373.142823525874,300,300,8646,5482.084523809524,4221.565243170912,0.0,PSU-in-stratum bootstrap; statistic recomputed with grouped 5-fold OOF isotonic crosswalk for residual metrics.,5-fold grouped OOF isotonic residual on target scale.
fullsample_oof_residual,scssl,acti,isotonic,overall,all,mae_per_target_iqr,0.3057816664696054,0.3001830669842275,0.3124786110426031,300,300,8646,5482.084523809524,0.3057816664696054,0.0,PSU-in-stratum bootstrap; statistic recomputed with grouped 5-fold OOF isotonic crosswalk for residual metrics.,MAE normalized by target algorithm IQR.
subgroup_curve_divergence,scssl,acti,isotonic,age_group,20-39,p95_abs_subgroup_minus_full_predicted_target,836.4521470342552,652.1832651692375,1107.041195128367,300,300,2757,5482.084523809524,,,PSU-in-stratum bootstrap; statistic recomputed with grouped 5-fold OOF isotonic crosswalk for residual metrics.,Subgroup-specific isotonic curve compared with full-sample curve.
subgroup_curve_divergence,scssl,acti,isotonic,age_group,20-39,p95_abs_subgroup_minus_full_predicted_target_over_target_iqr,0.1525792138741051,0.1195467687487059,0.201276376289034,300,300,2757,5482.084523809524,,,PSU-in-stratum bootstrap; statistic recomputed with grouped 5-fold OOF isotonic crosswalk for residual metrics.,Subgroup-specific isotonic curve divergence normalized by target IQR.
subgroup_curve_divergence,scssl,acti,isotonic,age_group,20-39,max_abs_subgroup_minus_full_predicted_target,1020.2171550671592,827.2481636932403,1404.302008208261,300,300,2757,5482.084523809524,,,PSU-in-stratum bootstrap; statistic recomputed with grouped 5-fold OOF isotonic crosswalk for residual metrics.,Subgroup-specific isotonic curve compared with full-sample curve.
subgroup_curve_divergence,scssl,acti,isotonic,age_group,20-39,max_abs_subgroup_minus_full_predicted_target_over_target_iqr,0.1861002234891128,0.1511285516627584,0.2544450502769349,300,300,2757,5482.084523809524,,,PSU-in-stratum bootstrap; statistic recomputed with grouped 5-fold OOF isotonic crosswalk for residual metrics.,Subgroup-specific isotonic curve divergence normalized by target IQR.
subgroup_curve_divergence,scssl,acti,isotonic,age_group,40-59,p95_abs_subgroup_minus_full_predicted_target,600.5063944703106,497.2961738528909,887.6318605026174,300,300,2949,5482.084523809524,,,PSU-in-stratum bootstrap; statistic recomputed with grouped 5-fold OOF isotonic crosswalk for residual metrics.,Subgroup-specific isotonic curve compared with full-sample curve.
subgroup_curve_divergence,scssl,acti,isotonic,age_group,40-59,p95_abs_subgroup_minus_full_predicted_target_over_target_iqr,0.1095397912714078,0.0894132590811813,0.1628591985445116,300,300,2949,5482.084523809524,,,PSU-in-stratum bootstrap; statistic recomputed with grouped 5-fold OOF isotonic crosswalk for residual metrics.,Subgroup-specific isotonic curve divergence normalized by target IQR.
subgroup_curve_divergence,scssl,acti,isotonic,age_group,40-59,max_abs_subgroup_minus_full_predicted_target,837.6961805555566,716.900051201331,1515.711988242678,300,300,2949,5482.084523809524,,,PSU-in-stratum bootstrap; statistic recomputed with grouped 5-fold OOF isotonic crosswalk for residual metrics.,Subgroup-specific isotonic curve compared with full-sample curve.
subgroup_curve_divergence,scssl,acti,isotonic,age_group,40-59,max_abs_subgroup_minus_full_predicted_target_over_target_iqr,0.1528061409701574,0.1302783302010542,0.2757893007666634,300,300,2949,5482.084523809524,,,PSU-in-stratum bootstrap; statistic recomputed with grouped 5-fold OOF isotonic crosswalk for residual metrics.,Subgroup-specific isotonic curve divergence normalized by target IQR.
subgroup_curve_divergence,scssl,acti,isotonic,age_group,60+,p95_abs_subgroup_minus_full_predicted_target,1126.655047619046,893.5695819252435,1437.072846142247,300,300,2940,5482.084523809524,,,PSU-in-stratum bootstrap; statistic recomputed with grouped 5-fold OOF isotonic crosswalk for residual metrics.,Subgroup-specific isotonic curve compared with full-sample curve.
subgroup_curve_divergence,scssl,acti,isotonic,age_group,60+,p95_abs_subgroup_minus_full_predicted_target_over_target_iqr,0.2055158111345807,0.1640715224517428,0.2599727462426222,300,300,2940,5482.084523809524,,,PSU-in-stratum bootstrap; statistic recomputed with grouped 5-fold OOF isotonic crosswalk for residual metrics.,Subgroup-specific isotonic curve divergence normalized by target IQR.
subgroup_curve_divergence,scssl,acti,isotonic,age_group,60+,max_abs_subgroup_minus_full_predicted_target,1126.655047619046,1057.1729128498755,1732.1001331007244,300,300,2940,5482.084523809524,,,PSU-in-stratum bootstrap; statistic recomputed with grouped 5-fold OOF isotonic crosswalk for residual metrics.,Subgroup-specific isotonic curve compared with full-sample curve.
subgroup_curve_divergence,scssl,acti,isotonic,age_group,60+,max_abs_subgroup_minus_full_predicted_target_over_target_iqr,0.2055158111345807,0.1936136749356273,0.3143588675851519,300,300,2940,5482.084523809524,,,PSU-in-stratum bootstrap; statistic recomputed with grouped 5-fold OOF isotonic crosswalk for residual metrics.,Subgroup-specific isotonic curve divergence normalized by target IQR.
subgroup_curve_spread,scssl,acti,isotonic,age_group,20-39|40-59|60+,p95_between_subgroup_spread_predicted_target,1963.1071946533011,1446.009550504568,2408.8643253895493,300,300,8646,5482.084523809524,,,PSU-in-stratum bootstrap; statistic recomputed with grouped 5-fold OOF isotonic crosswalk for residual metrics.,"At each source-grid point, spread = max subgroup curve - min subgroup curve."
subgroup_curve_spread,scssl,acti,isotonic,age_group,20-39|40-59|60+,p95_between_subgroup_spread_predicted_target_over_target_iqr,0.3580950250086858,0.2654008759746733,0.4370922952464038,300,300,8646,5482.084523809524,,,PSU-in-stratum bootstrap; statistic recomputed with grouped 5-fold OOF isotonic crosswalk for residual metrics.,Between-subgroup curve spread normalized by target IQR.
subgroup_curve_spread,scssl,acti,isotonic,age_group,20-39|40-59|60+,max_between_subgroup_spread_predicted_target,1963.1071946533011,1615.0194041083091,2554.4981332573607,300,300,8646,5482.084523809524,,,PSU-in-stratum bootstrap; statistic recomputed with grouped 5-fold OOF isotonic crosswalk for residual metrics.,"At each source-grid point, spread = max subgroup curve - min subgroup curve."
subgroup_curve_spread,scssl,acti,isotonic,age_group,20-39|40-59|60+,max_between_subgroup_spread_predicted_target_over_target_iqr,0.3580950250086858,0.295428316032698,0.4673729759210414,300,300,8646,5482.084523809524,,,PSU-in-stratum bootstrap; statistic recomputed with grouped 5-fold OOF isotonic crosswalk for residual metrics.,Between-subgroup curve spread normalized by target IQR.
subgroup_curve_divergence,scssl,acti,isotonic,sex,male,p95_abs_subgroup_minus_full_predicted_target,732.274973835687,660.1588885679868,858.8652376898913,300,300,4161,5482.084523809524,,,PSU-in-stratum bootstrap; statistic recomputed with grouped 5-fold OOF isotonic crosswalk for residual metrics.,Subgroup-specific isotonic curve compared with full-sample curve.
subgroup_curve_divergence,scssl,acti,isotonic,sex,male,p95_abs_subgroup_minus_full_predicted_target_over_target_iqr,0.1335760093911915,0.1198666351919387,0.1583213654125854,300,300,4161,5482.084523809524,,,PSU-in-stratum bootstrap; statistic recomputed with grouped 5-fold OOF isotonic crosswalk for residual metrics.,Subgroup-specific isotonic curve divergence normalized by target IQR.
subgroup_curve_divergence,scssl,acti,isotonic,sex,male,max_abs_subgroup_minus_full_predicted_target,883.490012864122,811.1433882059493,1174.923076117236,300,300,4161,5482.084523809524,,,PSU-in-stratum bootstrap; statistic recomputed with grouped 5-fold OOF isotonic crosswalk for residual metrics.,Subgroup-specific isotonic curve compared with full-sample curve.
subgroup_curve_divergence,scssl,acti,isotonic,sex,male,max_abs_subgroup_minus_full_predicted_target_over_target_iqr,0.1611595021979305,0.1458919488076818,0.2155000285057505,300,300,4161,5482.084523809524,,,PSU-in-stratum bootstrap; statistic recomputed with grouped 5-fold OOF isotonic crosswalk for residual metrics.,Subgroup-specific isotonic curve divergence normalized by target IQR.
subgroup_curve_divergence,scssl,acti,isotonic,sex,female,p95_abs_subgroup_minus_full_predicted_target,495.1264390955839,459.3958774078545,645.914988685228,300,300,4485,5482.084523809524,,,PSU-in-stratum bootstrap; statistic recomputed with grouped 5-fold OOF isotonic crosswalk for residual metrics.,Subgroup-specific isotonic curve compared with full-sample curve.
subgroup_curve_divergence,scssl,acti,isotonic,sex,female,p95_abs_subgroup_minus_full_predicted_target_over_target_iqr,0.0903171844478454,0.0835580922296483,0.1165153256576788,300,300,4485,5482.084523809524,,,PSU-in-stratum bootstrap; statistic recomputed with grouped 5-fold OOF isotonic crosswalk for residual metrics.,Subgroup-specific isotonic curve divergence normalized by target IQR.
subgroup_curve_divergence,scssl,acti,isotonic,sex,female,max_abs_subgroup_minus_full_predicted_target,544.5586433328135,546.815142796816,1022.44366384134,300,300,4485,5482.084523809524,,,PSU-in-stratum bootstrap; statistic recomputed with grouped 5-fold OOF isotonic crosswalk for residual metrics.,Subgroup-specific isotonic curve compared with full-sample curve.
subgroup_curve_divergence,scssl,acti,isotonic,sex,female,max_abs_subgroup_minus_full_predicted_target_over_target_iqr,0.0993342297018064,0.1000749061866569,0.1882629436405751,300,300,4485,5482.084523809524,,,PSU-in-stratum bootstrap; statistic recomputed with grouped 5-fold OOF isotonic crosswalk for residual metrics.,Subgroup-specific isotonic curve divergence normalized by target IQR.
subgroup_curve_spread,scssl,acti,isotonic,sex,male|female,p95_between_subgroup_spread_predicted_target,1230.6170701824813,1103.785852532915,1379.7484229577472,300,300,8646,5482.084523809524,,,PSU-in-stratum bootstrap; statistic recomputed with grouped 5-fold OOF isotonic crosswalk for residual metrics.,"At each source-grid point, spread = max subgroup curve - min subgroup curve."
subgroup_curve_spread,scssl,acti,isotonic,sex,male|female,p95_between_subgroup_spread_predicted_target_over_target_iqr,0.2244797694814307,0.2004173292803122,0.2540555595839091,300,300,8646,5482.084523809524,,,PSU-in-stratum bootstrap; statistic recomputed with grouped 5-fold OOF isotonic crosswalk for residual metrics.,Between-subgroup curve spread normalized by target IQR.
subgroup_curve_spread,scssl,acti,isotonic,sex,male|female,max_between_subgroup_spread_predicted_target,1428.0486561969356,1292.5097706236752,1866.4545139880831,300,300,8646,5482.084523809524,,,PSU-in-stratum bootstrap; statistic recomputed with grouped 5-fold OOF isotonic crosswalk for residual metrics.,"At each source-grid point, spread = max subgroup curve - min subgroup curve."
subgroup_curve_spread,scssl,acti,isotonic,sex,male|female,max_between_subgroup_spread_predicted_target_over_target_iqr,0.260493731899737,0.2361490230823856,0.3422651681566357,300,300,8646,5482.084523809524,,,PSU-in-stratum bootstrap; statistic recomputed with grouped 5-fold OOF isotonic crosswalk for residual metrics.,Between-subgroup curve spread normalized by target IQR.
subgroup_curve_divergence,scssl,acti,isotonic,bmi_group,<25,p95_abs_subgroup_minus_full_predicted_target,417.4977352607711,387.3679196675486,636.4146091145936,300,300,2572,5482.084523809524,,,PSU-in-stratum bootstrap; statistic recomputed with grouped 5-fold OOF isotonic crosswalk for residual metrics.,Subgroup-specific isotonic curve compared with full-sample curve.
subgroup_curve_divergence,scssl,acti,isotonic,bmi_group,<25,p95_abs_subgroup_minus_full_predicted_target_over_target_iqr,0.0761567490336048,0.0707724778977858,0.1158722233717553,300,300,2572,5482.084523809524,,,PSU-in-stratum bootstrap; statistic recomputed with grouped 5-fold OOF isotonic crosswalk for residual metrics.,Subgroup-specific isotonic curve divergence normalized by target IQR.
subgroup_curve_divergence,scssl,acti,isotonic,bmi_group,<25,max_abs_subgroup_minus_full_predicted_target,838.0856611987056,589.9971080623233,1308.4919265798703,300,300,2572,5482.084523809524,,,PSU-in-stratum bootstrap; statistic recomputed with grouped 5-fold OOF isotonic crosswalk for residual metrics.,Subgroup-specific isotonic curve compared with full-sample curve.
subgroup_curve_divergence,scssl,acti,isotonic,bmi_group,<25,max_abs_subgroup_minus_full_predicted_target_over_target_iqr,0.1528771870551744,0.1075899170230053,0.2380964712266731,300,300,2572,5482.084523809524,,,PSU-in-stratum bootstrap; statistic recomputed with grouped 5-fold OOF isotonic crosswalk for residual metrics.,Subgroup-specific isotonic curve divergence normalized by target IQR.
subgroup_curve_divergence,scssl,acti,isotonic,bmi_group,25-<30,p95_abs_subgroup_minus_full_predicted_target,516.015795839382,464.76020117749977,745.6162604265237,300,300,2741,5482.084523809524,,,PSU-in-stratum bootstrap; statistic recomputed with grouped 5-fold OOF isotonic crosswalk for residual metrics.,Subgroup-specific isotonic curve compared with full-sample curve.
subgroup_curve_divergence,scssl,acti,isotonic,bmi_group,25-<30,p95_abs_subgroup_minus_full_predicted_target_over_target_iqr,0.0941276614029293,0.0846437459228278,0.1361603536803465,300,300,2741,5482.084523809524,,,PSU-in-stratum bootstrap; statistic recomputed with grouped 5-fold OOF isotonic crosswalk for residual metrics.,Subgroup-specific isotonic curve divergence normalized by target IQR.
subgroup_curve_divergence,scssl,acti,isotonic,bmi_group,25-<30,max_abs_subgroup_minus_full_predicted_target,763.172174430556,658.4042265360573,1132.1417976812752,300,300,2741,5482.084523809524,,,PSU-in-stratum bootstrap; statistic recomputed with grouped 5-fold OOF isotonic crosswalk for residual metrics.,Subgroup-specific isotonic curve compared with full-sample curve.
subgroup_curve_divergence,scssl,acti,isotonic,bmi_group,25-<30,max_abs_subgroup_minus_full_predicted_target_over_target_iqr,0.1392120408060079,0.1195902142149544,0.2097442909029033,300,300,2741,5482.084523809524,,,PSU-in-stratum bootstrap; statistic recomputed with grouped 5-fold OOF isotonic crosswalk for residual metrics.,Subgroup-specific isotonic curve divergence normalized by target IQR.
subgroup_curve_divergence,scssl,acti,isotonic,bmi_group,>=30,p95_abs_subgroup_minus_full_predicted_target,442.3619140989722,403.7801110281936,684.3226288256369,300,300,3246,5482.084523809524,,,PSU-in-stratum bootstrap; statistic recomputed with grouped 5-fold OOF isotonic crosswalk for residual metrics.,Subgroup-specific isotonic curve compared with full-sample curve.
subgroup_curve_divergence,scssl,acti,isotonic,bmi_group,>=30,p95_abs_subgroup_minus_full_predicted_target_over_target_iqr,0.0806922826851223,0.0735312745931784,0.1260490015804005,300,300,3246,5482.084523809524,,,PSU-in-stratum bootstrap; statistic recomputed with grouped 5-fold OOF isotonic crosswalk for residual metrics.,Subgroup-specific isotonic curve divergence normalized by target IQR.
subgroup_curve_divergence,scssl,acti,isotonic,bmi_group,>=30,max_abs_subgroup_minus_full_predicted_target,553.8946526026139,511.3913592133967,1020.8803777656371,300,300,3246,5482.084523809524,,,PSU-in-stratum bootstrap; statistic recomputed with grouped 5-fold OOF isotonic crosswalk for residual metrics.,Subgroup-specific isotonic curve compared with full-sample curve.
subgroup_curve_divergence,scssl,acti,isotonic,bmi_group,>=30,max_abs_subgroup_minus_full_predicted_target_over_target_iqr,0.1010372332270626,0.0927111824934357,0.186630276453401,300,300,3246,5482.084523809524,,,PSU-in-stratum bootstrap; statistic recomputed with grouped 5-fold OOF isotonic crosswalk for residual metrics.,Subgroup-specific isotonic curve divergence normalized by target IQR.
subgroup_curve_spread,scssl,acti,isotonic,bmi_group,<25|25-<30|>=30,p95_between_subgroup_spread_predicted_target,836.6160714285716,850.5195473943427,1219.4372759369496,300,300,8559,5482.084523809524,,,PSU-in-stratum bootstrap; statistic recomputed with grouped 5-fold OOF isotonic crosswalk for residual metrics.,"At each source-grid point, spread = max subgroup curve - min subgroup curve."
subgroup_curve_spread,scssl,acti,isotonic,bmi_group,<25|25-<30|>=30,p95_between_subgroup_spread_predicted_target_over_target_iqr,0.1526091157104603,0.153658548733709,0.2231048163450922,300,300,8559,5482.084523809524,,,PSU-in-stratum bootstrap; statistic recomputed with grouped 5-fold OOF isotonic crosswalk for residual metrics.,Between-subgroup curve spread normalized by target IQR.
subgroup_curve_spread,scssl,acti,isotonic,bmi_group,<25|25-<30|>=30,max_between_subgroup_spread_predicted_target,1110.2942474484844,1071.751862664972,1619.2646887605033,300,300,8559,5482.084523809524,,,PSU-in-stratum bootstrap; statistic recomputed with grouped 5-fold OOF isotonic crosswalk for residual metrics.,"At each source-grid point, spread = max subgroup curve - min subgroup curve."
subgroup_curve_spread,scssl,acti,isotonic,bmi_group,<25|25-<30|>=30,max_between_subgroup_spread_predicted_target_over_target_iqr,0.2025313988914815,0.1939443299187799,0.2974114098261864,300,300,8559,5482.084523809524,,,PSU-in-stratum bootstrap; statistic recomputed with grouped 5-fold OOF isotonic crosswalk for residual metrics.,Between-subgroup curve spread normalized by target IQR.
fullsample_oof_residual,scssl,adept,isotonic,overall,all,mae,625.9699904424904,611.7544185282684,644.1227614909116,300,300,8646,1919.4027944454592,625.9699904424904,0.0,PSU-in-stratum bootstrap; statistic recomputed with grouped 5-fold OOF isotonic crosswalk for residual metrics.,5-fold grouped OOF isotonic residual on target scale.
fullsample_oof_residual,scssl,adept,isotonic,overall,all,rmse,909.7975386734746,879.4266206332619,942.8487698908656,300,300,8646,1919.4027944454592,909.7975386734744,1.1368683772161605e-13,PSU-in-stratum bootstrap; statistic recomputed with grouped 5-fold OOF isotonic crosswalk for residual metrics.,5-fold grouped OOF isotonic residual on target scale.
fullsample_oof_residual,scssl,adept,isotonic,overall,all,abs_error_p95,1823.2409305932547,1759.9482195688431,1888.9730287307364,300,300,8646,1919.4027944454592,1823.2409305932547,0.0,PSU-in-stratum bootstrap; statistic recomputed with grouped 5-fold OOF isotonic crosswalk for residual metrics.,5-fold grouped OOF isotonic residual on target scale.
fullsample_oof_residual,scssl,adept,isotonic,overall,all,mae_per_target_iqr,0.3261274768662308,0.32067707214021,0.3344651423734748,300,300,8646,1919.4027944454592,0.3261274768662308,0.0,PSU-in-stratum bootstrap; statistic recomputed with grouped 5-fold OOF isotonic crosswalk for residual metrics.,MAE normalized by target algorithm IQR.
subgroup_curve_divergence,scssl,adept,isotonic,age_group,20-39,p95_abs_subgroup_minus_full_predicted_target,240.07069295463043,223.031177100862,331.86195616500424,300,300,2757,1919.4027944454592,,,PSU-in-stratum bootstrap; statistic recomputed with grouped 5-fold OOF isotonic crosswalk for residual metrics.,Subgroup-specific isotonic curve compared with full-sample curve.
subgroup_curve_divergence,scssl,adept,isotonic,age_group,20-39,p95_abs_subgroup_minus_full_predicted_target_over_target_iqr,0.1250757233705028,0.1161202016876557,0.1712218954730719,300,300,2757,1919.4027944454592,,,PSU-in-stratum bootstrap; statistic recomputed with grouped 5-fold OOF isotonic crosswalk for residual metrics.,Subgroup-specific isotonic curve divergence normalized by target IQR.
subgroup_curve_divergence,scssl,adept,isotonic,age_group,20-39,max_abs_subgroup_minus_full_predicted_target,317.00310491890014,268.96919053405134,511.32064905094927,300,300,2757,1919.4027944454592,,,PSU-in-stratum bootstrap; statistic recomputed with grouped 5-fold OOF isotonic crosswalk for residual metrics.,Subgroup-specific isotonic curve compared with full-sample curve.
subgroup_curve_divergence,scssl,adept,isotonic,age_group,20-39,max_abs_subgroup_minus_full_predicted_target_over_target_iqr,0.1651571550464927,0.1414345438701586,0.2643707761753237,300,300,2757,1919.4027944454592,,,PSU-in-stratum bootstrap; statistic recomputed with grouped 5-fold OOF isotonic crosswalk for residual metrics.,Subgroup-specific isotonic curve divergence normalized by target IQR.
subgroup_curve_divergence,scssl,adept,isotonic,age_group,40-59,p95_abs_subgroup_minus_full_predicted_target,209.949205931116,194.3111591943803,305.5615154518904,300,300,2949,1919.4027944454592,,,PSU-in-stratum bootstrap; statistic recomputed with grouped 5-fold OOF isotonic crosswalk for residual metrics.,Subgroup-specific isotonic curve compared with full-sample curve.
subgroup_curve_divergence,scssl,adept,isotonic,age_group,40-59,p95_abs_subgroup_minus_full_predicted_target_over_target_iqr,0.1093825676083654,0.1022061359099527,0.1567192559687715,300,300,2949,1919.4027944454592,,,PSU-in-stratum bootstrap; statistic recomputed with grouped 5-fold OOF isotonic crosswalk for residual metrics.,Subgroup-specific isotonic curve divergence normalized by target IQR.
subgroup_curve_divergence,scssl,adept,isotonic,age_group,40-59,max_abs_subgroup_minus_full_predicted_target,285.52714115887557,236.6703599249581,417.7406882553965,300,300,2949,1919.4027944454592,,,PSU-in-stratum bootstrap; statistic recomputed with grouped 5-fold OOF isotonic crosswalk for residual metrics.,Subgroup-specific isotonic curve compared with full-sample curve.
subgroup_curve_divergence,scssl,adept,isotonic,age_group,40-59,max_abs_subgroup_minus_full_predicted_target_over_target_iqr,0.148758323154035,0.1241730077181773,0.2190217827082373,300,300,2949,1919.4027944454592,,,PSU-in-stratum bootstrap; statistic recomputed with grouped 5-fold OOF isotonic crosswalk for residual metrics.,Subgroup-specific isotonic curve divergence normalized by target IQR.
subgroup_curve_divergence,scssl,adept,isotonic,age_group,60+,p95_abs_subgroup_minus_full_predicted_target,349.22398231894294,319.5324842733354,524.5967144327523,300,300,2940,1919.4027944454592,,,PSU-in-stratum bootstrap; statistic recomputed with grouped 5-fold OOF isotonic crosswalk for residual metrics.,Subgroup-specific isotonic curve compared with full-sample curve.
subgroup_curve_divergence,scssl,adept,isotonic,age_group,60+,p95_abs_subgroup_minus_full_predicted_target_over_target_iqr,0.1819440835084531,0.1683289880947367,0.2757021648207636,300,300,2940,1919.4027944454592,,,PSU-in-stratum bootstrap; statistic recomputed with grouped 5-fold OOF isotonic crosswalk for residual metrics.,Subgroup-specific isotonic curve divergence normalized by target IQR.
subgroup_curve_divergence,scssl,adept,isotonic,age_group,60+,max_abs_subgroup_minus_full_predicted_target,480.8506441159189,389.9919891077949,710.1621816021325,300,300,2940,1919.4027944454592,,,PSU-in-stratum bootstrap; statistic recomputed with grouped 5-fold OOF isotonic crosswalk for residual metrics.,Subgroup-specific isotonic curve compared with full-sample curve.
subgroup_curve_divergence,scssl,adept,isotonic,age_group,60+,max_abs_subgroup_minus_full_predicted_target_over_target_iqr,0.2505209669942378,0.2028138215614793,0.3727443394359411,300,300,2940,1919.4027944454592,,,PSU-in-stratum bootstrap; statistic recomputed with grouped 5-fold OOF isotonic crosswalk for residual metrics.,Subgroup-specific isotonic curve divergence normalized by target IQR.
subgroup_curve_spread,scssl,adept,isotonic,age_group,20-39|40-59|60+,p95_between_subgroup_spread_predicted_target,548.5171896013499,512.3574411790721,756.569365909972,300,300,8646,1919.4027944454592,,,PSU-in-stratum bootstrap; statistic recomputed with grouped 5-fold OOF isotonic crosswalk for residual metrics.,"At each source-grid point, spread = max subgroup curve - min subgroup curve."
subgroup_curve_spread,scssl,adept,isotonic,age_group,20-39|40-59|60+,p95_between_subgroup_spread_predicted_target_over_target_iqr,0.2857749249864063,0.2693424869908876,0.3959931292945541,300,300,8646,1919.4027944454592,,,PSU-in-stratum bootstrap; statistic recomputed with grouped 5-fold OOF isotonic crosswalk for residual metrics.,Between-subgroup curve spread normalized by target IQR.
subgroup_curve_spread,scssl,adept,isotonic,age_group,20-39|40-59|60+,max_between_subgroup_spread_predicted_target,604.7544696040209,575.2529394419764,923.6490194054772,300,300,8646,1919.4027944454592,,,PSU-in-stratum bootstrap; statistic recomputed with grouped 5-fold OOF isotonic crosswalk for residual metrics.,"At each source-grid point, spread = max subgroup curve - min subgroup curve."
subgroup_curve_spread,scssl,adept,isotonic,age_group,20-39|40-59|60+,max_between_subgroup_spread_predicted_target_over_target_iqr,0.3150742883953872,0.2984796303496819,0.4797728397699703,300,300,8646,1919.4027944454592,,,PSU-in-stratum bootstrap; statistic recomputed with grouped 5-fold OOF isotonic crosswalk for residual metrics.,Between-subgroup curve spread normalized by target IQR.
subgroup_curve_divergence,scssl,adept,isotonic,sex,male,p95_abs_subgroup_minus_full_predicted_target,216.32785045271748,156.8656246916467,248.29536026337047,300,300,4161,1919.4027944454592,,,PSU-in-stratum bootstrap; statistic recomputed with grouped 5-fold OOF isotonic crosswalk for residual metrics.,Subgroup-specific isotonic curve compared with full-sample curve.
subgroup_curve_divergence,scssl,adept,isotonic,sex,male,p95_abs_subgroup_minus_full_predicted_target_over_target_iqr,0.1127058119737798,0.081273862281936,0.128769474486394,300,300,4161,1919.4027944454592,,,PSU-in-stratum bootstrap; statistic recomputed with grouped 5-fold OOF isotonic crosswalk for residual metrics.,Subgroup-specific isotonic curve divergence normalized by target IQR.
subgroup_curve_divergence,scssl,adept,isotonic,sex,male,max_abs_subgroup_minus_full_predicted_target,252.17187753742928,205.44757244738463,429.3331311859404,300,300,4161,1919.4027944454592,,,PSU-in-stratum bootstrap; statistic recomputed with grouped 5-fold OOF isotonic crosswalk for residual metrics.,Subgroup-specific isotonic curve compared with full-sample curve.
subgroup_curve_divergence,scssl,adept,isotonic,sex,male,max_abs_subgroup_minus_full_predicted_target_over_target_iqr,0.1313803847046523,0.1080586011617841,0.2201247569630767,300,300,4161,1919.4027944454592,,,PSU-in-stratum bootstrap; statistic recomputed with grouped 5-fold OOF isotonic crosswalk for residual metrics.,Subgroup-specific isotonic curve divergence normalized by target IQR.
subgroup_curve_divergence,scssl,adept,isotonic,sex,female,p95_abs_subgroup_minus_full_predicted_target,186.53547434857364,168.9124536867097,325.3288455356311,300,300,4485,1919.4027944454592,,,PSU-in-stratum bootstrap; statistic recomputed with grouped 5-fold OOF isotonic crosswalk for residual metrics.,Subgroup-specific isotonic curve compared with full-sample curve.
subgroup_curve_divergence,scssl,adept,isotonic,sex,female,p95_abs_subgroup_minus_full_predicted_target_over_target_iqr,0.0971841214821541,0.0890446465137934,0.1699489702540212,300,300,4485,1919.4027944454592,,,PSU-in-stratum bootstrap; statistic recomputed with grouped 5-fold OOF isotonic crosswalk for residual metrics.,Subgroup-specific isotonic curve divergence normalized by target IQR.
subgroup_curve_divergence,scssl,adept,isotonic,sex,female,max_abs_subgroup_minus_full_predicted_target,308.77306903446197,217.1950120732304,557.1041663201065,300,300,4485,1919.4027944454592,,,PSU-in-stratum bootstrap; statistic recomputed with grouped 5-fold OOF isotonic crosswalk for residual metrics.,Subgroup-specific isotonic curve compared with full-sample curve.
subgroup_curve_divergence,scssl,adept,isotonic,sex,female,max_abs_subgroup_minus_full_predicted_target_over_target_iqr,0.1608693443231495,0.1148800370278479,0.2927796723307054,300,300,4485,1919.4027944454592,,,PSU-in-stratum bootstrap; statistic recomputed with grouped 5-fold OOF isotonic crosswalk for residual metrics.,Subgroup-specific isotonic curve divergence normalized by target IQR.
subgroup_curve_spread,scssl,adept,isotonic,sex,male|female,p95_between_subgroup_spread_predicted_target,365.3621593318444,306.87277572163316,549.8809408485309,300,300,8646,1919.4027944454592,,,PSU-in-stratum bootstrap; statistic recomputed with grouped 5-fold OOF isotonic crosswalk for residual metrics.,"At each source-grid point, spread = max subgroup curve - min subgroup curve."
subgroup_curve_spread,scssl,adept,isotonic,sex,male|female,p95_between_subgroup_spread_predicted_target_over_target_iqr,0.1903519992724624,0.1602322611942231,0.2842286833606446,300,300,8646,1919.4027944454592,,,PSU-in-stratum bootstrap; statistic recomputed with grouped 5-fold OOF isotonic crosswalk for residual metrics.,Between-subgroup curve spread normalized by target IQR.
subgroup_curve_spread,scssl,adept,isotonic,sex,male|female,max_between_subgroup_spread_predicted_target,449.7781796084205,384.6577474042768,691.8609571180148,300,300,8646,1919.4027944454592,,,PSU-in-stratum bootstrap; statistic recomputed with grouped 5-fold OOF isotonic crosswalk for residual metrics.,"At each source-grid point, spread = max subgroup curve - min subgroup curve."
subgroup_curve_spread,scssl,adept,isotonic,sex,male|female,max_between_subgroup_spread_predicted_target_over_target_iqr,0.2343323563506467,0.2025685047671633,0.3606302388617914,300,300,8646,1919.4027944454592,,,PSU-in-stratum bootstrap; statistic recomputed with grouped 5-fold OOF isotonic crosswalk for residual metrics.,Between-subgroup curve spread normalized by target IQR.
subgroup_curve_divergence,scssl,adept,isotonic,bmi_group,<25,p95_abs_subgroup_minus_full_predicted_target,195.1813238257264,153.27555427021306,339.70837425747555,300,300,2572,1919.4027944454592,,,PSU-in-stratum bootstrap; statistic recomputed with grouped 5-fold OOF isotonic crosswalk for residual metrics.,Subgroup-specific isotonic curve compared with full-sample curve.
subgroup_curve_divergence,scssl,adept,isotonic,bmi_group,<25,p95_abs_subgroup_minus_full_predicted_target_over_target_iqr,0.101688569168785,0.0799397503150555,0.1750340977315476,300,300,2572,1919.4027944454592,,,PSU-in-stratum bootstrap; statistic recomputed with grouped 5-fold OOF isotonic crosswalk for residual metrics.,Subgroup-specific isotonic curve divergence normalized by target IQR.
subgroup_curve_divergence,scssl,adept,isotonic,bmi_group,<25,max_abs_subgroup_minus_full_predicted_target,290.0073612112674,206.7286670101689,520.3763902593373,300,300,2572,1919.4027944454592,,,PSU-in-stratum bootstrap; statistic recomputed with grouped 5-fold OOF isotonic crosswalk for residual metrics.,Subgroup-specific isotonic curve compared with full-sample curve.
subgroup_curve_divergence,scssl,adept,isotonic,bmi_group,<25,max_abs_subgroup_minus_full_predicted_target_over_target_iqr,0.1510924971301056,0.1076290080497837,0.2694913203908842,300,300,2572,1919.4027944454592,,,PSU-in-stratum bootstrap; statistic recomputed with grouped 5-fold OOF isotonic crosswalk for residual metrics.,Subgroup-specific isotonic curve divergence normalized by target IQR.
subgroup_curve_divergence,scssl,adept,isotonic,bmi_group,25-<30,p95_abs_subgroup_minus_full_predicted_target,149.83730040784485,134.84890803412685,244.13432198906864,300,300,2741,1919.4027944454592,,,PSU-in-stratum bootstrap; statistic recomputed with grouped 5-fold OOF isotonic crosswalk for residual metrics.,Subgroup-specific isotonic curve compared with full-sample curve.
subgroup_curve_divergence,scssl,adept,isotonic,bmi_group,25-<30,p95_abs_subgroup_minus_full_predicted_target_over_target_iqr,0.078064542180233,0.0700665928312695,0.1259884575033808,300,300,2741,1919.4027944454592,,,PSU-in-stratum bootstrap; statistic recomputed with grouped 5-fold OOF isotonic crosswalk for residual metrics.,Subgroup-specific isotonic curve divergence normalized by target IQR.
subgroup_curve_divergence,scssl,adept,isotonic,bmi_group,25-<30,max_abs_subgroup_minus_full_predicted_target,171.05506269951684,186.56403909460929,411.5663634132627,300,300,2741,1919.4027944454592,,,PSU-in-stratum bootstrap; statistic recomputed with grouped 5-fold OOF isotonic crosswalk for residual metrics.,Subgroup-specific isotonic curve compared with full-sample curve.
subgroup_curve_divergence,scssl,adept,isotonic,bmi_group,25-<30,max_abs_subgroup_minus_full_predicted_target_over_target_iqr,0.0891188984378533,0.0962930027291644,0.2135937902977389,300,300,2741,1919.4027944454592,,,PSU-in-stratum bootstrap; statistic recomputed with grouped 5-fold OOF isotonic crosswalk for residual metrics.,Subgroup-specific isotonic curve divergence normalized by target IQR.
subgroup_curve_divergence,scssl,adept,isotonic,bmi_group,>=30,p95_abs_subgroup_minus_full_predicted_target,378.5867396857939,192.20363554076204,514.4753973000079,300,300,3246,1919.4027944454592,,,PSU-in-stratum bootstrap; statistic recomputed with grouped 5-fold OOF isotonic crosswalk for residual metrics.,Subgroup-specific isotonic curve compared with full-sample curve.
subgroup_curve_divergence,scssl,adept,isotonic,bmi_group,>=30,p95_abs_subgroup_minus_full_predicted_target_over_target_iqr,0.1972419446201611,0.1007578041545399,0.2627414413284937,300,300,3246,1919.4027944454592,,,PSU-in-stratum bootstrap; statistic recomputed with grouped 5-fold OOF isotonic crosswalk for residual metrics.,Subgroup-specific isotonic curve divergence normalized by target IQR.
subgroup_curve_divergence,scssl,adept,isotonic,bmi_group,>=30,max_abs_subgroup_minus_full_predicted_target,378.5867396857939,260.22866382482914,635.0803776775529,300,300,3246,1919.4027944454592,,,PSU-in-stratum bootstrap; statistic recomputed with grouped 5-fold OOF isotonic crosswalk for residual metrics.,Subgroup-specific isotonic curve compared with full-sample curve.
subgroup_curve_divergence,scssl,adept,isotonic,bmi_group,>=30,max_abs_subgroup_minus_full_predicted_target_over_target_iqr,0.1972419446201611,0.1362505975494349,0.3250656480688672,300,300,3246,1919.4027944454592,,,PSU-in-stratum bootstrap; statistic recomputed with grouped 5-fold OOF isotonic crosswalk for residual metrics.,Subgroup-specific isotonic curve divergence normalized by target IQR.
subgroup_curve_spread,scssl,adept,isotonic,bmi_group,<25|25-<30|>=30,p95_between_subgroup_spread_predicted_target,502.7428667589588,332.51437685989987,740.9835729260521,300,300,8559,1919.4027944454592,,,PSU-in-stratum bootstrap; statistic recomputed with grouped 5-fold OOF isotonic crosswalk for residual metrics.,"At each source-grid point, spread = max subgroup curve - min subgroup curve."
subgroup_curve_spread,scssl,adept,isotonic,bmi_group,<25|25-<30|>=30,p95_between_subgroup_spread_predicted_target_over_target_iqr,0.2619267139830375,0.1761869321892228,0.3852602871929132,300,300,8559,1919.4027944454592,,,PSU-in-stratum bootstrap; statistic recomputed with grouped 5-fold OOF isotonic crosswalk for residual metrics.,Between-subgroup curve spread normalized by target IQR.
subgroup_curve_spread,scssl,adept,isotonic,bmi_group,<25|25-<30|>=30,max_between_subgroup_spread_predicted_target,573.7680635115203,395.75200794150805,865.4581039614482,300,300,8559,1919.4027944454592,,,PSU-in-stratum bootstrap; statistic recomputed with grouped 5-fold OOF isotonic crosswalk for residual metrics.,"At each source-grid point, spread = max subgroup curve - min subgroup curve."
subgroup_curve_spread,scssl,adept,isotonic,bmi_group,<25|25-<30|>=30,max_between_subgroup_spread_predicted_target_over_target_iqr,0.2989305137889462,0.2082313729432735,0.4398267277449058,300,300,8559,1919.4027944454592,,,PSU-in-stratum bootstrap; statistic recomputed with grouped 5-fold OOF isotonic crosswalk for residual metrics.,Between-subgroup curve spread normalized by target IQR.
fullsample_oof_residual,scssl,oak,isotonic,overall,all,mae,2055.6308601870487,2021.3909389813489,2101.8708410841823,300,300,8646,6887.578571428576,2055.630860187049,4.547473508864641e-13,PSU-in-stratum bootstrap; statistic recomputed with grouped 5-fold OOF isotonic crosswalk for residual metrics.,5-fold grouped OOF isotonic residual on target scale.
fullsample_oof_residual,scssl,oak,isotonic,overall,all,rmse,2691.217187727617,2644.930667520254,2755.5353536797516,300,300,8646,6887.578571428576,2691.217187727617,0.0,PSU-in-stratum bootstrap; statistic recomputed with grouped 5-fold OOF isotonic crosswalk for residual metrics.,5-fold grouped OOF isotonic residual on target scale.
fullsample_oof_residual,scssl,oak,isotonic,overall,all,abs_error_p95,5276.881515269149,5166.3749208400295,5448.958058501887,300,300,8646,6887.578571428576,5276.881515269149,0.0,PSU-in-stratum bootstrap; statistic recomputed with grouped 5-fold OOF isotonic crosswalk for residual metrics.,5-fold grouped OOF isotonic residual on target scale.
fullsample_oof_residual,scssl,oak,isotonic,overall,all,mae_per_target_iqr,0.2984547963945307,0.294431871476419,0.3040740363156223,300,300,8646,6887.578571428576,0.2984547963945308,5.551115123125783e-17,PSU-in-stratum bootstrap; statistic recomputed with grouped 5-fold OOF isotonic crosswalk for residual metrics.,MAE normalized by target algorithm IQR.
subgroup_curve_divergence,scssl,oak,isotonic,age_group,20-39,p95_abs_subgroup_minus_full_predicted_target,1397.1206019661804,1307.046388659243,1752.1037748275623,300,300,2757,6887.578571428576,,,PSU-in-stratum bootstrap; statistic recomputed with grouped 5-fold OOF isotonic crosswalk for residual metrics.,Subgroup-specific isotonic curve compared with full-sample curve.
subgroup_curve_divergence,scssl,oak,isotonic,age_group,20-39,p95_abs_subgroup_minus_full_predicted_target_over_target_iqr,0.2028464122009136,0.1913092755953879,0.251576978059183,300,300,2757,6887.578571428576,,,PSU-in-stratum bootstrap; statistic recomputed with grouped 5-fold OOF isotonic crosswalk for residual metrics.,Subgroup-specific isotonic curve divergence normalized by target IQR.
subgroup_curve_divergence,scssl,oak,isotonic,age_group,20-39,max_abs_subgroup_minus_full_predicted_target,1549.0301805860804,1535.2820193156665,2213.100052629543,300,300,2757,6887.578571428576,,,PSU-in-stratum bootstrap; statistic recomputed with grouped 5-fold OOF isotonic crosswalk for residual metrics.,Subgroup-specific isotonic curve compared with full-sample curve.
subgroup_curve_divergence,scssl,oak,isotonic,age_group,20-39,max_abs_subgroup_minus_full_predicted_target_over_target_iqr,0.2249019977807368,0.2232644039497816,0.3208119780657387,300,300,2757,6887.578571428576,,,PSU-in-stratum bootstrap; statistic recomputed with grouped 5-fold OOF isotonic crosswalk for residual metrics.,Subgroup-specific isotonic curve divergence normalized by target IQR.
subgroup_curve_divergence,scssl,oak,isotonic,age_group,40-59,p95_abs_subgroup_minus_full_predicted_target,857.1415782084596,752.5751496689508,1199.1427192778272,300,300,2949,6887.578571428576,,,PSU-in-stratum bootstrap; statistic recomputed with grouped 5-fold OOF isotonic crosswalk for residual metrics.,Subgroup-specific isotonic curve compared with full-sample curve.
subgroup_curve_divergence,scssl,oak,isotonic,age_group,40-59,p95_abs_subgroup_minus_full_predicted_target_over_target_iqr,0.1244474483041254,0.1086547353631194,0.175517032588022,300,300,2949,6887.578571428576,,,PSU-in-stratum bootstrap; statistic recomputed with grouped 5-fold OOF isotonic crosswalk for residual metrics.,Subgroup-specific isotonic curve divergence normalized by target IQR.
subgroup_curve_divergence,scssl,oak,isotonic,age_group,40-59,max_abs_subgroup_minus_full_predicted_target,1391.525602474324,990.6546605113932,1731.7819076214118,300,300,2949,6887.578571428576,,,PSU-in-stratum bootstrap; statistic recomputed with grouped 5-fold OOF isotonic crosswalk for residual metrics.,Subgroup-specific isotonic curve compared with full-sample curve.
subgroup_curve_divergence,scssl,oak,isotonic,age_group,40-59,max_abs_subgroup_minus_full_predicted_target_over_target_iqr,0.2020340803438127,0.1447589340630892,0.2522339343382435,300,300,2949,6887.578571428576,,,PSU-in-stratum bootstrap; statistic recomputed with grouped 5-fold OOF isotonic crosswalk for residual metrics.,Subgroup-specific isotonic curve divergence normalized by target IQR.
subgroup_curve_divergence,scssl,oak,isotonic,age_group,60+,p95_abs_subgroup_minus_full_predicted_target,2070.3388949441287,1746.6402369433629,2561.3588803102393,300,300,2940,6887.578571428576,,,PSU-in-stratum bootstrap; statistic recomputed with grouped 5-fold OOF isotonic crosswalk for residual metrics.,Subgroup-specific isotonic curve compared with full-sample curve.
subgroup_curve_divergence,scssl,oak,isotonic,age_group,60+,p95_abs_subgroup_minus_full_predicted_target_over_target_iqr,0.300590239875073,0.2539218391836597,0.3726387907580626,300,300,2940,6887.578571428576,,,PSU-in-stratum bootstrap; statistic recomputed with grouped 5-fold OOF isotonic crosswalk for residual metrics.,Subgroup-specific isotonic curve divergence normalized by target IQR.
subgroup_curve_divergence,scssl,oak,isotonic,age_group,60+,max_abs_subgroup_minus_full_predicted_target,2353.8429588527615,1977.4919923990271,3273.1814151614212,300,300,2940,6887.578571428576,,,PSU-in-stratum bootstrap; statistic recomputed with grouped 5-fold OOF isotonic crosswalk for residual metrics.,Subgroup-specific isotonic curve compared with full-sample curve.
subgroup_curve_divergence,scssl,oak,isotonic,age_group,60+,max_abs_subgroup_minus_full_predicted_target_over_target_iqr,0.3417518848521161,0.2899082449753134,0.4760163441411489,300,300,2940,6887.578571428576,,,PSU-in-stratum bootstrap; statistic recomputed with grouped 5-fold OOF isotonic crosswalk for residual metrics.,Subgroup-specific isotonic curve divergence normalized by target IQR.
subgroup_curve_spread,scssl,oak,isotonic,age_group,20-39|40-59|60+,p95_between_subgroup_spread_predicted_target,3293.413220363618,2752.3507110834184,3907.361271486885,300,300,8646,6887.578571428576,,,PSU-in-stratum bootstrap; statistic recomputed with grouped 5-fold OOF isotonic crosswalk for residual metrics.,"At each source-grid point, spread = max subgroup curve - min subgroup curve."
subgroup_curve_spread,scssl,oak,isotonic,age_group,20-39|40-59|60+,p95_between_subgroup_spread_predicted_target_over_target_iqr,0.4781670635345681,0.4026661396633812,0.5677728537127457,300,300,8646,6887.578571428576,,,PSU-in-stratum bootstrap; statistic recomputed with grouped 5-fold OOF isotonic crosswalk for residual metrics.,Between-subgroup curve spread normalized by target IQR.
subgroup_curve_spread,scssl,oak,isotonic,age_group,20-39|40-59|60+,max_between_subgroup_spread_predicted_target,3750.963560818942,3097.143332541597,4495.091124418308,300,300,8646,6887.578571428576,,,PSU-in-stratum bootstrap; statistic recomputed with grouped 5-fold OOF isotonic crosswalk for residual metrics.,"At each source-grid point, spread = max subgroup curve - min subgroup curve."
subgroup_curve_spread,scssl,oak,isotonic,age_group,20-39|40-59|60+,max_between_subgroup_spread_predicted_target_over_target_iqr,0.5445982970530298,0.4477558096205735,0.6534497890371169,300,300,8646,6887.578571428576,,,PSU-in-stratum bootstrap; statistic recomputed with grouped 5-fold OOF isotonic crosswalk for residual metrics.,Between-subgroup curve spread normalized by target IQR.
subgroup_curve_divergence,scssl,oak,isotonic,sex,male,p95_abs_subgroup_minus_full_predicted_target,945.6357063492068,828.1953374832082,1060.952054357733,300,300,4161,6887.578571428576,,,PSU-in-stratum bootstrap; statistic recomputed with grouped 5-fold OOF isotonic crosswalk for residual metrics.,Subgroup-specific isotonic curve compared with full-sample curve.
subgroup_curve_divergence,scssl,oak,isotonic,sex,male,p95_abs_subgroup_minus_full_predicted_target_over_target_iqr,0.137295813984895,0.12062496774215,0.1541267767990418,300,300,4161,6887.578571428576,,,PSU-in-stratum bootstrap; statistic recomputed with grouped 5-fold OOF isotonic crosswalk for residual metrics.,Subgroup-specific isotonic curve divergence normalized by target IQR.
subgroup_curve_divergence,scssl,oak,isotonic,sex,male,max_abs_subgroup_minus_full_predicted_target,1089.0408023771297,1008.0694246138304,1503.4066304438184,300,300,4161,6887.578571428576,,,PSU-in-stratum bootstrap; statistic recomputed with grouped 5-fold OOF isotonic crosswalk for residual metrics.,Subgroup-specific isotonic curve compared with full-sample curve.
subgroup_curve_divergence,scssl,oak,isotonic,sex,male,max_abs_subgroup_minus_full_predicted_target_over_target_iqr,0.1581166430383455,0.1470217743647663,0.2167309296573168,300,300,4161,6887.578571428576,,,PSU-in-stratum bootstrap; statistic recomputed with grouped 5-fold OOF isotonic crosswalk for residual metrics.,Subgroup-specific isotonic curve divergence normalized by target IQR.
subgroup_curve_divergence,scssl,oak,isotonic,sex,female,p95_abs_subgroup_minus_full_predicted_target,650.0351535698428,634.5078656819444,923.6247984068488,300,300,4485,6887.578571428576,,,PSU-in-stratum bootstrap; statistic recomputed with grouped 5-fold OOF isotonic crosswalk for residual metrics.,Subgroup-specific isotonic curve compared with full-sample curve.
subgroup_curve_divergence,scssl,oak,isotonic,sex,female,p95_abs_subgroup_minus_full_predicted_target_over_target_iqr,0.0943778930183611,0.0911944125978263,0.1339874760760016,300,300,4485,6887.578571428576,,,PSU-in-stratum bootstrap; statistic recomputed with grouped 5-fold OOF isotonic crosswalk for residual metrics.,Subgroup-specific isotonic curve divergence normalized by target IQR.
subgroup_curve_divergence,scssl,oak,isotonic,sex,female,max_abs_subgroup_minus_full_predicted_target,756.520122908456,755.5991011501452,1392.4107585697675,300,300,4485,6887.578571428576,,,PSU-in-stratum bootstrap; statistic recomputed with grouped 5-fold OOF isotonic crosswalk for residual metrics.,Subgroup-specific isotonic curve compared with full-sample curve.
subgroup_curve_divergence,scssl,oak,isotonic,sex,female,max_abs_subgroup_minus_full_predicted_target_over_target_iqr,0.1098383292564811,0.1093028922727359,0.2018844379709474,300,300,4485,6887.578571428576,,,PSU-in-stratum bootstrap; statistic recomputed with grouped 5-fold OOF isotonic crosswalk for residual metrics.,Subgroup-specific isotonic curve divergence normalized by target IQR.
subgroup_curve_spread,scssl,oak,isotonic,sex,male|female,p95_between_subgroup_spread_predicted_target,1439.4526261266828,1376.3898216168393,1735.0057501314914,300,300,8646,6887.578571428576,,,PSU-in-stratum bootstrap; statistic recomputed with grouped 5-fold OOF isotonic crosswalk for residual metrics.,"At each source-grid point, spread = max subgroup curve - min subgroup curve."
subgroup_curve_spread,scssl,oak,isotonic,sex,male|female,p95_between_subgroup_spread_predicted_target_over_target_iqr,0.2089925524912191,0.2002166293220868,0.2530073267998783,300,300,8646,6887.578571428576,,,PSU-in-stratum bootstrap; statistic recomputed with grouped 5-fold OOF isotonic crosswalk for residual metrics.,Between-subgroup curve spread normalized by target IQR.
subgroup_curve_spread,scssl,oak,isotonic,sex,male|female,max_between_subgroup_spread_predicted_target,1826.9352582174251,1608.979791798531,2233.773901936762,300,300,8646,6887.578571428576,,,PSU-in-stratum bootstrap; statistic recomputed with grouped 5-fold OOF isotonic crosswalk for residual metrics.,"At each source-grid point, spread = max subgroup curve - min subgroup curve."
subgroup_curve_spread,scssl,oak,isotonic,sex,male|female,max_between_subgroup_spread_predicted_target_over_target_iqr,0.2652507320636626,0.2331116226463669,0.323983430598466,300,300,8646,6887.578571428576,,,PSU-in-stratum bootstrap; statistic recomputed with grouped 5-fold OOF isotonic crosswalk for residual metrics.,Between-subgroup curve spread normalized by target IQR.
subgroup_curve_divergence,scssl,oak,isotonic,bmi_group,<25,p95_abs_subgroup_minus_full_predicted_target,495.51015955405455,430.68940257352745,813.5268772603663,300,300,2572,6887.578571428576,,,PSU-in-stratum bootstrap; statistic recomputed with grouped 5-fold OOF isotonic crosswalk for residual metrics.,Subgroup-specific isotonic curve compared with full-sample curve.
subgroup_curve_divergence,scssl,oak,isotonic,bmi_group,<25,p95_abs_subgroup_minus_full_predicted_target_over_target_iqr,0.0719425781376282,0.0622161750848722,0.1189359615367883,300,300,2572,6887.578571428576,,,PSU-in-stratum bootstrap; statistic recomputed with grouped 5-fold OOF isotonic crosswalk for residual metrics.,Subgroup-specific isotonic curve divergence normalized by target IQR.
subgroup_curve_divergence,scssl,oak,isotonic,bmi_group,<25,max_abs_subgroup_minus_full_predicted_target,750.3052584325401,622.9142789469747,1326.8617541966646,300,300,2572,6887.578571428576,,,PSU-in-stratum bootstrap; statistic recomputed with grouped 5-fold OOF isotonic crosswalk for residual metrics.,Subgroup-specific isotonic curve compared with full-sample curve.
subgroup_curve_divergence,scssl,oak,isotonic,bmi_group,<25,max_abs_subgroup_minus_full_predicted_target_over_target_iqr,0.1089359998802767,0.0903381675121777,0.1927139034735157,300,300,2572,6887.578571428576,,,PSU-in-stratum bootstrap; statistic recomputed with grouped 5-fold OOF isotonic crosswalk for residual metrics.,Subgroup-specific isotonic curve divergence normalized by target IQR.
subgroup_curve_divergence,scssl,oak,isotonic,bmi_group,25-<30,p95_abs_subgroup_minus_full_predicted_target,663.5634181272326,617.8732004167761,924.2277244067466,300,300,2741,6887.578571428576,,,PSU-in-stratum bootstrap; statistic recomputed with grouped 5-fold OOF isotonic crosswalk for residual metrics.,Subgroup-specific isotonic curve compared with full-sample curve.
subgroup_curve_divergence,scssl,oak,isotonic,bmi_group,25-<30,p95_abs_subgroup_minus_full_predicted_target_over_target_iqr,0.0963420469538978,0.0903946661421664,0.1330625411869512,300,300,2741,6887.578571428576,,,PSU-in-stratum bootstrap; statistic recomputed with grouped 5-fold OOF isotonic crosswalk for residual metrics.,Subgroup-specific isotonic curve divergence normalized by target IQR.
subgroup_curve_divergence,scssl,oak,isotonic,bmi_group,25-<30,max_abs_subgroup_minus_full_predicted_target,1024.4786106536053,869.5985469433416,1533.8778178265925,300,300,2741,6887.578571428576,,,PSU-in-stratum bootstrap; statistic recomputed with grouped 5-fold OOF isotonic crosswalk for residual metrics.,Subgroup-specific isotonic curve compared with full-sample curve.
subgroup_curve_divergence,scssl,oak,isotonic,bmi_group,25-<30,max_abs_subgroup_minus_full_predicted_target_over_target_iqr,0.1487429290321859,0.1257650254250287,0.2206394093703006,300,300,2741,6887.578571428576,,,PSU-in-stratum bootstrap; statistic recomputed with grouped 5-fold OOF isotonic crosswalk for residual metrics.,Subgroup-specific isotonic curve divergence normalized by target IQR.
subgroup_curve_divergence,scssl,oak,isotonic,bmi_group,>=30,p95_abs_subgroup_minus_full_predicted_target,559.0491637497544,479.10727232811024,781.8697749631821,300,300,3246,6887.578571428576,,,PSU-in-stratum bootstrap; statistic recomputed with grouped 5-fold OOF isotonic crosswalk for residual metrics.,Subgroup-specific isotonic curve compared with full-sample curve.
subgroup_curve_divergence,scssl,oak,isotonic,bmi_group,>=30,p95_abs_subgroup_minus_full_predicted_target_over_target_iqr,0.0811677366656595,0.0692149013993274,0.1132739091614344,300,300,3246,6887.578571428576,,,PSU-in-stratum bootstrap; statistic recomputed with grouped 5-fold OOF isotonic crosswalk for residual metrics.,Subgroup-specific isotonic curve divergence normalized by target IQR.
subgroup_curve_divergence,scssl,oak,isotonic,bmi_group,>=30,max_abs_subgroup_minus_full_predicted_target,707.8421669745549,629.6884543477779,1296.2310026279629,300,300,3246,6887.578571428576,,,PSU-in-stratum bootstrap; statistic recomputed with grouped 5-fold OOF isotonic crosswalk for residual metrics.,Subgroup-specific isotonic curve compared with full-sample curve.
subgroup_curve_divergence,scssl,oak,isotonic,bmi_group,>=30,max_abs_subgroup_minus_full_predicted_target_over_target_iqr,0.1027708300723949,0.0908074907940567,0.1862131282540319,300,300,3246,6887.578571428576,,,PSU-in-stratum bootstrap; statistic recomputed with grouped 5-fold OOF isotonic crosswalk for residual metrics.,Subgroup-specific isotonic curve divergence normalized by target IQR.
subgroup_curve_spread,scssl,oak,isotonic,bmi_group,<25|25-<30|>=30,p95_between_subgroup_spread_predicted_target,1115.7623403275934,1049.4127036587256,1473.8265044033906,300,300,8559,6887.578571428576,,,PSU-in-stratum bootstrap; statistic recomputed with grouped 5-fold OOF isotonic crosswalk for residual metrics.,"At each source-grid point, spread = max subgroup curve - min subgroup curve."
subgroup_curve_spread,scssl,oak,isotonic,bmi_group,<25|25-<30|>=30,p95_between_subgroup_spread_predicted_target_over_target_iqr,0.161996313908644,0.1521483185170966,0.2126984422259944,300,300,8559,6887.578571428576,,,PSU-in-stratum bootstrap; statistic recomputed with grouped 5-fold OOF isotonic crosswalk for residual metrics.,Between-subgroup curve spread normalized by target IQR.
subgroup_curve_spread,scssl,oak,isotonic,bmi_group,<25|25-<30|>=30,max_between_subgroup_spread_predicted_target,1352.7874241689142,1289.2491717914315,1948.693795515272,300,300,8559,6887.578571428576,,,PSU-in-stratum bootstrap; statistic recomputed with grouped 5-fold OOF isotonic crosswalk for residual metrics.,"At each source-grid point, spread = max subgroup curve - min subgroup curve."
subgroup_curve_spread,scssl,oak,isotonic,bmi_group,<25|25-<30|>=30,max_between_subgroup_spread_predicted_target_over_target_iqr,0.1964097266027018,0.1870984562639187,0.2840601823089393,300,300,8559,6887.578571428576,,,PSU-in-stratum bootstrap; statistic recomputed with grouped 5-fold OOF isotonic crosswalk for residual metrics.,Between-subgroup curve spread normalized by target IQR.
fullsample_oof_residual,scssl,scrf,isotonic,overall,all,mae,1828.0733497423196,1793.2238439418147,1874.274569709137,300,300,8646,7482.482142857143,1828.0733497423196,0.0,PSU-in-stratum bootstrap; statistic recomputed with grouped 5-fold OOF isotonic crosswalk for residual metrics.,5-fold grouped OOF isotonic residual on target scale.
fullsample_oof_residual,scssl,scrf,isotonic,overall,all,rmse,2594.5082260037702,2529.1651853124454,2666.381992186179,300,300,8646,7482.482142857143,2594.5082260037702,0.0,PSU-in-stratum bootstrap; statistic recomputed with grouped 5-fold OOF isotonic crosswalk for residual metrics.,5-fold grouped OOF isotonic residual on target scale.
fullsample_oof_residual,scssl,scrf,isotonic,overall,all,abs_error_p95,4855.196574074074,4744.584828231293,5019.881675041762,300,300,8646,7482.482142857143,4855.196574074074,0.0,PSU-in-stratum bootstrap; statistic recomputed with grouped 5-fold OOF isotonic crosswalk for residual metrics.,5-fold grouped OOF isotonic residual on target scale.
fullsample_oof_residual,scssl,scrf,isotonic,overall,all,mae_per_target_iqr,0.2443137604394309,0.2390519365955004,0.2493143335505472,300,300,8646,7482.482142857143,0.2443137604394309,0.0,PSU-in-stratum bootstrap; statistic recomputed with grouped 5-fold OOF isotonic crosswalk for residual metrics.,MAE normalized by target algorithm IQR.
subgroup_curve_divergence,scssl,scrf,isotonic,age_group,20-39,p95_abs_subgroup_minus_full_predicted_target,1283.9109032501883,1212.9170760154277,1592.8815882460146,300,300,2757,7482.482142857143,,,PSU-in-stratum bootstrap; statistic recomputed with grouped 5-fold OOF isotonic crosswalk for residual metrics.,Subgroup-specific isotonic curve compared with full-sample curve.
subgroup_curve_divergence,scssl,scrf,isotonic,age_group,20-39,p95_abs_subgroup_minus_full_predicted_target_over_target_iqr,0.1715889030855654,0.163127203501388,0.2140927378240606,300,300,2757,7482.482142857143,,,PSU-in-stratum bootstrap; statistic recomputed with grouped 5-fold OOF isotonic crosswalk for residual metrics.,Subgroup-specific isotonic curve divergence normalized by target IQR.
subgroup_curve_divergence,scssl,scrf,isotonic,age_group,20-39,max_abs_subgroup_minus_full_predicted_target,1423.4584106369875,1387.2903691444064,2168.75663392293,300,300,2757,7482.482142857143,,,PSU-in-stratum bootstrap; statistic recomputed with grouped 5-fold OOF isotonic crosswalk for residual metrics.,Subgroup-specific isotonic curve compared with full-sample curve.
subgroup_curve_divergence,scssl,scrf,isotonic,age_group,20-39,max_abs_subgroup_minus_full_predicted_target_over_target_iqr,0.190238798230322,0.1858228030475033,0.290528545556511,300,300,2757,7482.482142857143,,,PSU-in-stratum bootstrap; statistic recomputed with grouped 5-fold OOF isotonic crosswalk for residual metrics.,Subgroup-specific isotonic curve divergence normalized by target IQR.
subgroup_curve_divergence,scssl,scrf,isotonic,age_group,40-59,p95_abs_subgroup_minus_full_predicted_target,780.3505416218977,661.1468039060599,986.107494794966,300,300,2949,7482.482142857143,,,PSU-in-stratum bootstrap; statistic recomputed with grouped 5-fold OOF isotonic crosswalk for residual metrics.,Subgroup-specific isotonic curve compared with full-sample curve.
subgroup_curve_divergence,scssl,scrf,isotonic,age_group,40-59,p95_abs_subgroup_minus_full_predicted_target_over_target_iqr,0.104290331299598,0.0885313249897351,0.1324283219150285,300,300,2949,7482.482142857143,,,PSU-in-stratum bootstrap; statistic recomputed with grouped 5-fold OOF isotonic crosswalk for residual metrics.,Subgroup-specific isotonic curve divergence normalized by target IQR.
subgroup_curve_divergence,scssl,scrf,isotonic,age_group,40-59,max_abs_subgroup_minus_full_predicted_target,1168.596199325022,810.7325580837156,1497.0948971238745,300,300,2949,7482.482142857143,,,PSU-in-stratum bootstrap; statistic recomputed with grouped 5-fold OOF isotonic crosswalk for residual metrics.,Subgroup-specific isotonic curve compared with full-sample curve.
subgroup_curve_divergence,scssl,scrf,isotonic,age_group,40-59,max_abs_subgroup_minus_full_predicted_target_over_target_iqr,0.1561776128581311,0.1073199861823159,0.2006842249944618,300,300,2949,7482.482142857143,,,PSU-in-stratum bootstrap; statistic recomputed with grouped 5-fold OOF isotonic crosswalk for residual metrics.,Subgroup-specific isotonic curve divergence normalized by target IQR.
subgroup_curve_divergence,scssl,scrf,isotonic,age_group,60+,p95_abs_subgroup_minus_full_predicted_target,2130.74857474698,1794.4049657493183,2616.285179368245,300,300,2940,7482.482142857143,,,PSU-in-stratum bootstrap; statistic recomputed with grouped 5-fold OOF isotonic crosswalk for residual metrics.,Subgroup-specific isotonic curve compared with full-sample curve.
subgroup_curve_divergence,scssl,scrf,isotonic,age_group,60+,p95_abs_subgroup_minus_full_predicted_target_over_target_iqr,0.2847649395035329,0.2394506721488552,0.3447347802219416,300,300,2940,7482.482142857143,,,PSU-in-stratum bootstrap; statistic recomputed with grouped 5-fold OOF isotonic crosswalk for residual metrics.,Subgroup-specific isotonic curve divergence normalized by target IQR.
subgroup_curve_divergence,scssl,scrf,isotonic,age_group,60+,max_abs_subgroup_minus_full_predicted_target,2870.4286394557857,2007.728950979396,3976.819669090243,300,300,2940,7482.482142857143,,,PSU-in-stratum bootstrap; statistic recomputed with grouped 5-fold OOF isotonic crosswalk for residual metrics.,Subgroup-specific isotonic curve compared with full-sample curve.
subgroup_curve_divergence,scssl,scrf,isotonic,age_group,60+,max_abs_subgroup_minus_full_predicted_target_over_target_iqr,0.3836198449462291,0.2676159083165859,0.532599085300915,300,300,2940,7482.482142857143,,,PSU-in-stratum bootstrap; statistic recomputed with grouped 5-fold OOF isotonic crosswalk for residual metrics.,Subgroup-specific isotonic curve divergence normalized by target IQR.
subgroup_curve_spread,scssl,scrf,isotonic,age_group,20-39|40-59|60+,p95_between_subgroup_spread_predicted_target,2896.0240901360594,2666.501272855765,3727.2626778131503,300,300,8646,7482.482142857143,,,PSU-in-stratum bootstrap; statistic recomputed with grouped 5-fold OOF isotonic crosswalk for residual metrics.,"At each source-grid point, spread = max subgroup curve - min subgroup curve."
subgroup_curve_spread,scssl,scrf,isotonic,age_group,20-39|40-59|60+,p95_between_subgroup_spread_predicted_target_over_target_iqr,0.3870405615201681,0.3577565228666635,0.5035996332834232,300,300,8646,7482.482142857143,,,PSU-in-stratum bootstrap; statistic recomputed with grouped 5-fold OOF isotonic crosswalk for residual metrics.,Between-subgroup curve spread normalized by target IQR.
subgroup_curve_spread,scssl,scrf,isotonic,age_group,20-39|40-59|60+,max_between_subgroup_spread_predicted_target,4293.887050092773,3004.9517550505047,4859.5059632245175,300,300,8646,7482.482142857143,,,PSU-in-stratum bootstrap; statistic recomputed with grouped 5-fold OOF isotonic crosswalk for residual metrics.,"At each source-grid point, spread = max subgroup curve - min subgroup curve."
subgroup_curve_spread,scssl,scrf,isotonic,age_group,20-39|40-59|60+,max_between_subgroup_spread_predicted_target_over_target_iqr,0.5738586431765512,0.4025208265892078,0.6484957951118373,300,300,8646,7482.482142857143,,,PSU-in-stratum bootstrap; statistic recomputed with grouped 5-fold OOF isotonic crosswalk for residual metrics.,Between-subgroup curve spread normalized by target IQR.
subgroup_curve_divergence,scssl,scrf,isotonic,sex,male,p95_abs_subgroup_minus_full_predicted_target,707.7765269568936,571.9162830216811,828.828386910914,300,300,4161,7482.482142857143,,,PSU-in-stratum bootstrap; statistic recomputed with grouped 5-fold OOF isotonic crosswalk for residual metrics.,Subgroup-specific isotonic curve compared with full-sample curve.
subgroup_curve_divergence,scssl,scrf,isotonic,sex,male,p95_abs_subgroup_minus_full_predicted_target_over_target_iqr,0.0945911414746969,0.0769196466010183,0.1108693582264426,300,300,4161,7482.482142857143,,,PSU-in-stratum bootstrap; statistic recomputed with grouped 5-fold OOF isotonic crosswalk for residual metrics.,Subgroup-specific isotonic curve divergence normalized by target IQR.
subgroup_curve_divergence,scssl,scrf,isotonic,sex,male,max_abs_subgroup_minus_full_predicted_target,1190.4910799616246,732.5041746774125,1304.5565062358571,300,300,4161,7482.482142857143,,,PSU-in-stratum bootstrap; statistic recomputed with grouped 5-fold OOF isotonic crosswalk for residual metrics.,Subgroup-specific isotonic curve compared with full-sample curve.
subgroup_curve_divergence,scssl,scrf,isotonic,sex,male,max_abs_subgroup_minus_full_predicted_target_over_target_iqr,0.1591037649315448,0.0984025701367559,0.1745624931127878,300,300,4161,7482.482142857143,,,PSU-in-stratum bootstrap; statistic recomputed with grouped 5-fold OOF isotonic crosswalk for residual metrics.,Subgroup-specific isotonic curve divergence normalized by target IQR.
subgroup_curve_divergence,scssl,scrf,isotonic,sex,female,p95_abs_subgroup_minus_full_predicted_target,419.43330651232736,430.79799689278417,806.008147309023,300,300,4485,7482.482142857143,,,PSU-in-stratum bootstrap; statistic recomputed with grouped 5-fold OOF isotonic crosswalk for residual metrics.,Subgroup-specific isotonic curve compared with full-sample curve.
subgroup_curve_divergence,scssl,scrf,isotonic,sex,female,p95_abs_subgroup_minus_full_predicted_target_over_target_iqr,0.056055370197271,0.057101240017626,0.107181262918291,300,300,4485,7482.482142857143,,,PSU-in-stratum bootstrap; statistic recomputed with grouped 5-fold OOF isotonic crosswalk for residual metrics.,Subgroup-specific isotonic curve divergence normalized by target IQR.
subgroup_curve_divergence,scssl,scrf,isotonic,sex,female,max_abs_subgroup_minus_full_predicted_target,775.9597959183702,559.6033964990614,1308.1437311171726,300,300,4485,7482.482142857143,,,PSU-in-stratum bootstrap; statistic recomputed with grouped 5-fold OOF isotonic crosswalk for residual metrics.,Subgroup-specific isotonic curve compared with full-sample curve.
subgroup_curve_divergence,scssl,scrf,isotonic,sex,female,max_abs_subgroup_minus_full_predicted_target_over_target_iqr,0.103703527934124,0.0745329699113136,0.1749744021483303,300,300,4485,7482.482142857143,,,PSU-in-stratum bootstrap; statistic recomputed with grouped 5-fold OOF isotonic crosswalk for residual metrics.,Subgroup-specific isotonic curve divergence normalized by target IQR.
subgroup_curve_spread,scssl,scrf,isotonic,sex,male|female,p95_between_subgroup_spread_predicted_target,1067.6664710884395,929.5842624951956,1315.8267346458351,300,300,8646,7482.482142857143,,,PSU-in-stratum bootstrap; statistic recomputed with grouped 5-fold OOF isotonic crosswalk for residual metrics.,"At each source-grid point, spread = max subgroup curve - min subgroup curve."
subgroup_curve_spread,scssl,scrf,isotonic,sex,male|female,p95_between_subgroup_spread_predicted_target_over_target_iqr,0.1426888097698496,0.124793780604902,0.1746784294098387,300,300,8646,7482.482142857143,,,PSU-in-stratum bootstrap; statistic recomputed with grouped 5-fold OOF isotonic crosswalk for residual metrics.,Between-subgroup curve spread normalized by target IQR.
subgroup_curve_spread,scssl,scrf,isotonic,sex,male|female,max_between_subgroup_spread_predicted_target,1480.7905582922813,1114.342205400575,1853.7033592215369,300,300,8646,7482.482142857143,,,PSU-in-stratum bootstrap; statistic recomputed with grouped 5-fold OOF isotonic crosswalk for residual metrics.,"At each source-grid point, spread = max subgroup curve - min subgroup curve."
subgroup_curve_spread,scssl,scrf,isotonic,sex,male|female,max_between_subgroup_spread_predicted_target_over_target_iqr,0.197900981254711,0.1466746977058288,0.247961220209978,300,300,8646,7482.482142857143,,,PSU-in-stratum bootstrap; statistic recomputed with grouped 5-fold OOF isotonic crosswalk for residual metrics.,Between-subgroup curve spread normalized by target IQR.
subgroup_curve_divergence,scssl,scrf,isotonic,bmi_group,<25,p95_abs_subgroup_minus_full_predicted_target,715.3287221217606,565.0487668715575,895.9652357789274,300,300,2572,7482.482142857143,,,PSU-in-stratum bootstrap; statistic recomputed with grouped 5-fold OOF isotonic crosswalk for residual metrics.,Subgroup-specific isotonic curve compared with full-sample curve.
subgroup_curve_divergence,scssl,scrf,isotonic,bmi_group,<25,p95_abs_subgroup_minus_full_predicted_target_over_target_iqr,0.0956004583057536,0.0752374342098099,0.1201600674718733,300,300,2572,7482.482142857143,,,PSU-in-stratum bootstrap; statistic recomputed with grouped 5-fold OOF isotonic crosswalk for residual metrics.,Subgroup-specific isotonic curve divergence normalized by target IQR.
subgroup_curve_divergence,scssl,scrf,isotonic,bmi_group,<25,max_abs_subgroup_minus_full_predicted_target,975.6503385191628,780.7401976436311,2085.428524750342,300,300,2572,7482.482142857143,,,PSU-in-stratum bootstrap; statistic recomputed with grouped 5-fold OOF isotonic crosswalk for residual metrics.,Subgroup-specific isotonic curve compared with full-sample curve.
subgroup_curve_divergence,scssl,scrf,isotonic,bmi_group,<25,max_abs_subgroup_minus_full_predicted_target_over_target_iqr,0.1303912685512425,0.1048475595277189,0.2736519477298222,300,300,2572,7482.482142857143,,,PSU-in-stratum bootstrap; statistic recomputed with grouped 5-fold OOF isotonic crosswalk for residual metrics.,Subgroup-specific isotonic curve divergence normalized by target IQR.
subgroup_curve_divergence,scssl,scrf,isotonic,bmi_group,25-<30,p95_abs_subgroup_minus_full_predicted_target,609.1726388229745,533.1731187668609,828.0581703158819,300,300,2741,7482.482142857143,,,PSU-in-stratum bootstrap; statistic recomputed with grouped 5-fold OOF isotonic crosswalk for residual metrics.,Subgroup-specific isotonic curve compared with full-sample curve.
subgroup_curve_divergence,scssl,scrf,isotonic,bmi_group,25-<30,p95_abs_subgroup_minus_full_predicted_target_over_target_iqr,0.0814131764289604,0.0718029326900792,0.1097397847562189,300,300,2741,7482.482142857143,,,PSU-in-stratum bootstrap; statistic recomputed with grouped 5-fold OOF isotonic crosswalk for residual metrics.,Subgroup-specific isotonic curve divergence normalized by target IQR.
subgroup_curve_divergence,scssl,scrf,isotonic,bmi_group,25-<30,max_abs_subgroup_minus_full_predicted_target,1038.593378812202,688.0522723411801,1453.98212211398,300,300,2741,7482.482142857143,,,PSU-in-stratum bootstrap; statistic recomputed with grouped 5-fold OOF isotonic crosswalk for residual metrics.,Subgroup-specific isotonic curve compared with full-sample curve.
subgroup_curve_divergence,scssl,scrf,isotonic,bmi_group,25-<30,max_abs_subgroup_minus_full_predicted_target_over_target_iqr,0.1388033220772406,0.0918818877537587,0.1914713323471692,300,300,2741,7482.482142857143,,,PSU-in-stratum bootstrap; statistic recomputed with grouped 5-fold OOF isotonic crosswalk for residual metrics.,Subgroup-specific isotonic curve divergence normalized by target IQR.
subgroup_curve_divergence,scssl,scrf,isotonic,bmi_group,>=30,p95_abs_subgroup_minus_full_predicted_target,956.5938102968504,729.0951527954905,1322.0410489223532,300,300,3246,7482.482142857143,,,PSU-in-stratum bootstrap; statistic recomputed with grouped 5-fold OOF isotonic crosswalk for residual metrics.,Subgroup-specific isotonic curve compared with full-sample curve.
subgroup_curve_divergence,scssl,scrf,isotonic,bmi_group,>=30,p95_abs_subgroup_minus_full_predicted_target_over_target_iqr,0.1278444494799128,0.096437557164343,0.1759074638192767,300,300,3246,7482.482142857143,,,PSU-in-stratum bootstrap; statistic recomputed with grouped 5-fold OOF isotonic crosswalk for residual metrics.,Subgroup-specific isotonic curve divergence normalized by target IQR.
subgroup_curve_divergence,scssl,scrf,isotonic,bmi_group,>=30,max_abs_subgroup_minus_full_predicted_target,1350.7074423265185,969.7002886025352,1907.2048901289672,300,300,3246,7482.482142857143,,,PSU-in-stratum bootstrap; statistic recomputed with grouped 5-fold OOF isotonic crosswalk for residual metrics.,Subgroup-specific isotonic curve compared with full-sample curve.
subgroup_curve_divergence,scssl,scrf,isotonic,bmi_group,>=30,max_abs_subgroup_minus_full_predicted_target_over_target_iqr,0.1805159593485857,0.1282089907591157,0.256010261247336,300,300,3246,7482.482142857143,,,PSU-in-stratum bootstrap; statistic recomputed with grouped 5-fold OOF isotonic crosswalk for residual metrics.,Subgroup-specific isotonic curve divergence normalized by target IQR.
subgroup_curve_spread,scssl,scrf,isotonic,bmi_group,<25|25-<30|>=30,p95_between_subgroup_spread_predicted_target,1578.0241105214009,1287.3275089030574,1967.5597686571143,300,300,8559,7482.482142857143,,,PSU-in-stratum bootstrap; statistic recomputed with grouped 5-fold OOF isotonic crosswalk for residual metrics.,"At each source-grid point, spread = max subgroup curve - min subgroup curve."
subgroup_curve_spread,scssl,scrf,isotonic,bmi_group,<25|25-<30|>=30,p95_between_subgroup_spread_predicted_target_over_target_iqr,0.2108958070855938,0.1725062726528336,0.2611162366373016,300,300,8559,7482.482142857143,,,PSU-in-stratum bootstrap; statistic recomputed with grouped 5-fold OOF isotonic crosswalk for residual metrics.,Between-subgroup curve spread normalized by target IQR.
subgroup_curve_spread,scssl,scrf,isotonic,bmi_group,<25|25-<30|>=30,max_between_subgroup_spread_predicted_target,1789.6726875522108,1501.6118041109833,2464.8618333819254,300,300,8559,7482.482142857143,,,PSU-in-stratum bootstrap; statistic recomputed with grouped 5-fold OOF isotonic crosswalk for residual metrics.,"At each source-grid point, spread = max subgroup curve - min subgroup curve."
subgroup_curve_spread,scssl,scrf,isotonic,bmi_group,<25|25-<30|>=30,max_between_subgroup_spread_predicted_target_over_target_iqr,0.2391816850856973,0.1978816458467453,0.3300424805397654,300,300,8559,7482.482142857143,,,PSU-in-stratum bootstrap; statistic recomputed with grouped 5-fold OOF isotonic crosswalk for residual metrics.,Between-subgroup curve spread normalized by target IQR.
fullsample_oof_residual,scssl,vs,isotonic,overall,all,mae,1652.1665089535638,1625.2816522224002,1684.8931643335332,300,300,8646,5559.857142857143,1652.1665089535634,4.547473508864641e-13,PSU-in-stratum bootstrap; statistic recomputed with grouped 5-fold OOF isotonic crosswalk for residual metrics.,5-fold grouped OOF isotonic residual on target scale.
fullsample_oof_residual,scssl,vs,isotonic,overall,all,rmse,2247.1056262749166,2196.990737327471,2301.9365574651956,300,300,8646,5559.857142857143,2247.1056262749166,0.0,PSU-in-stratum bootstrap; statistic recomputed with grouped 5-fold OOF isotonic crosswalk for residual metrics.,5-fold grouped OOF isotonic residual on target scale.
fullsample_oof_residual,scssl,vs,isotonic,overall,all,abs_error_p95,4295.808633139684,4212.743200011294,4408.955808580999,300,300,8646,5559.857142857143,4295.808633139684,0.0,PSU-in-stratum bootstrap; statistic recomputed with grouped 5-fold OOF isotonic crosswalk for residual metrics.,5-fold grouped OOF isotonic residual on target scale.
fullsample_oof_residual,scssl,vs,isotonic,overall,all,mae_per_target_iqr,0.2971598849578598,0.2912876091431111,0.3041569073377719,300,300,8646,5559.857142857143,0.2971598849578597,1.1102230246251563e-16,PSU-in-stratum bootstrap; statistic recomputed with grouped 5-fold OOF isotonic crosswalk for residual metrics.,MAE normalized by target algorithm IQR.
subgroup_curve_divergence,scssl,vs,isotonic,age_group,20-39,p95_abs_subgroup_minus_full_predicted_target,974.6883131891956,884.1015664684985,1221.9076389130007,300,300,2757,5559.857142857143,,,PSU-in-stratum bootstrap; statistic recomputed with grouped 5-fold OOF isotonic crosswalk for residual metrics.,Subgroup-specific isotonic curve compared with full-sample curve.
subgroup_curve_divergence,scssl,vs,isotonic,age_group,20-39,p95_abs_subgroup_minus_full_predicted_target_over_target_iqr,0.1753081577718946,0.1589345400405998,0.2200064396590157,300,300,2757,5559.857142857143,,,PSU-in-stratum bootstrap; statistic recomputed with grouped 5-fold OOF isotonic crosswalk for residual metrics.,Subgroup-specific isotonic curve divergence normalized by target IQR.
subgroup_curve_divergence,scssl,vs,isotonic,age_group,20-39,max_abs_subgroup_minus_full_predicted_target,1223.2616300366303,1090.1903751531638,1641.435027710323,300,300,2757,5559.857142857143,,,PSU-in-stratum bootstrap; statistic recomputed with grouped 5-fold OOF isotonic crosswalk for residual metrics.,Subgroup-specific isotonic curve compared with full-sample curve.
subgroup_curve_divergence,scssl,vs,isotonic,age_group,20-39,max_abs_subgroup_minus_full_predicted_target_over_target_iqr,0.2200167375897739,0.1976240805818687,0.2973841113294686,300,300,2757,5559.857142857143,,,PSU-in-stratum bootstrap; statistic recomputed with grouped 5-fold OOF isotonic crosswalk for residual metrics.,Subgroup-specific isotonic curve divergence normalized by target IQR.
subgroup_curve_divergence,scssl,vs,isotonic,age_group,40-59,p95_abs_subgroup_minus_full_predicted_target,656.471854113186,528.2165795023833,906.561487179317,300,300,2949,5559.857142857143,,,PSU-in-stratum bootstrap; statistic recomputed with grouped 5-fold OOF isotonic crosswalk for residual metrics.,Subgroup-specific isotonic curve compared with full-sample curve.
subgroup_curve_divergence,scssl,vs,isotonic,age_group,40-59,p95_abs_subgroup_minus_full_predicted_target_over_target_iqr,0.1180735111074874,0.0940095760275876,0.1634020721270045,300,300,2949,5559.857142857143,,,PSU-in-stratum bootstrap; statistic recomputed with grouped 5-fold OOF isotonic crosswalk for residual metrics.,Subgroup-specific isotonic curve divergence normalized by target IQR.
subgroup_curve_divergence,scssl,vs,isotonic,age_group,40-59,max_abs_subgroup_minus_full_predicted_target,781.5283164547864,667.6927576396026,1263.7274891356335,300,300,2949,5559.857142857143,,,PSU-in-stratum bootstrap; statistic recomputed with grouped 5-fold OOF isotonic crosswalk for residual metrics.,Subgroup-specific isotonic curve compared with full-sample curve.
subgroup_curve_divergence,scssl,vs,isotonic,age_group,40-59,max_abs_subgroup_minus_full_predicted_target_over_target_iqr,0.140566258515982,0.1200951339739358,0.2277510609776214,300,300,2949,5559.857142857143,,,PSU-in-stratum bootstrap; statistic recomputed with grouped 5-fold OOF isotonic crosswalk for residual metrics.,Subgroup-specific isotonic curve divergence normalized by target IQR.
subgroup_curve_divergence,scssl,vs,isotonic,age_group,60+,p95_abs_subgroup_minus_full_predicted_target,1212.9409863547762,1091.9303873303536,1447.9210505597337,300,300,2940,5559.857142857143,,,PSU-in-stratum bootstrap; statistic recomputed with grouped 5-fold OOF isotonic crosswalk for residual metrics.,Subgroup-specific isotonic curve compared with full-sample curve.
subgroup_curve_divergence,scssl,vs,isotonic,age_group,60+,p95_abs_subgroup_minus_full_predicted_target_over_target_iqr,0.2181604590170208,0.1953444013923601,0.2593381583302146,300,300,2940,5559.857142857143,,,PSU-in-stratum bootstrap; statistic recomputed with grouped 5-fold OOF isotonic crosswalk for residual metrics.,Subgroup-specific isotonic curve divergence normalized by target IQR.
subgroup_curve_divergence,scssl,vs,isotonic,age_group,60+,max_abs_subgroup_minus_full_predicted_target,1592.084608843541,1310.0852092101245,1752.4262026888343,300,300,2940,5559.857142857143,,,PSU-in-stratum bootstrap; statistic recomputed with grouped 5-fold OOF isotonic crosswalk for residual metrics.,Subgroup-specific isotonic curve compared with full-sample curve.
subgroup_curve_divergence,scssl,vs,isotonic,age_group,60+,max_abs_subgroup_minus_full_predicted_target_over_target_iqr,0.2863535101596851,0.2362414569473145,0.3182573701385267,300,300,2940,5559.857142857143,,,PSU-in-stratum bootstrap; statistic recomputed with grouped 5-fold OOF isotonic crosswalk for residual metrics.,Subgroup-specific isotonic curve divergence normalized by target IQR.
subgroup_curve_spread,scssl,vs,isotonic,age_group,20-39|40-59|60+,p95_between_subgroup_spread_predicted_target,2003.0072755292897,1784.9753830997688,2274.0392540791,300,300,8646,5559.857142857143,,,PSU-in-stratum bootstrap; statistic recomputed with grouped 5-fold OOF isotonic crosswalk for residual metrics.,"At each source-grid point, spread = max subgroup curve - min subgroup curve."
subgroup_curve_spread,scssl,vs,isotonic,age_group,20-39|40-59|60+,p95_between_subgroup_spread_predicted_target_over_target_iqr,0.3602623635937466,0.3228541158445927,0.4076653930699843,300,300,8646,5559.857142857143,,,PSU-in-stratum bootstrap; statistic recomputed with grouped 5-fold OOF isotonic crosswalk for residual metrics.,Between-subgroup curve spread normalized by target IQR.
subgroup_curve_spread,scssl,vs,isotonic,age_group,20-39|40-59|60+,max_between_subgroup_spread_predicted_target,2045.4232705445047,1972.5115780034769,2439.6193926026385,300,300,8646,5559.857142857143,,,PSU-in-stratum bootstrap; statistic recomputed with grouped 5-fold OOF isotonic crosswalk for residual metrics.,"At each source-grid point, spread = max subgroup curve - min subgroup curve."
subgroup_curve_spread,scssl,vs,isotonic,age_group,20-39|40-59|60+,max_between_subgroup_spread_predicted_target_over_target_iqr,0.3678913356923747,0.3579796201967511,0.44062518041478,300,300,8646,5559.857142857143,,,PSU-in-stratum bootstrap; statistic recomputed with grouped 5-fold OOF isotonic crosswalk for residual metrics.,Between-subgroup curve spread normalized by target IQR.
subgroup_curve_divergence,scssl,vs,isotonic,sex,male,p95_abs_subgroup_minus_full_predicted_target,715.973818266596,591.8040512519196,794.2824796681004,300,300,4161,5559.857142857143,,,PSU-in-stratum bootstrap; statistic recomputed with grouped 5-fold OOF isotonic crosswalk for residual metrics.,Subgroup-specific isotonic curve compared with full-sample curve.
subgroup_curve_divergence,scssl,vs,isotonic,sex,male,p95_abs_subgroup_minus_full_predicted_target_over_target_iqr,0.1287755781974401,0.1067942343386497,0.1438121401154822,300,300,4161,5559.857142857143,,,PSU-in-stratum bootstrap; statistic recomputed with grouped 5-fold OOF isotonic crosswalk for residual metrics.,Subgroup-specific isotonic curve divergence normalized by target IQR.
subgroup_curve_divergence,scssl,vs,isotonic,sex,male,max_abs_subgroup_minus_full_predicted_target,887.7653404267721,747.9238869308176,1115.174993218691,300,300,4161,5559.857142857143,,,PSU-in-stratum bootstrap; statistic recomputed with grouped 5-fold OOF isotonic crosswalk for residual metrics.,Subgroup-specific isotonic curve compared with full-sample curve.
subgroup_curve_divergence,scssl,vs,isotonic,sex,male,max_abs_subgroup_minus_full_predicted_target_over_target_iqr,0.1596741278806599,0.1339574664001623,0.2001856368804952,300,300,4161,5559.857142857143,,,PSU-in-stratum bootstrap; statistic recomputed with grouped 5-fold OOF isotonic crosswalk for residual metrics.,Subgroup-specific isotonic curve divergence normalized by target IQR.
subgroup_curve_divergence,scssl,vs,isotonic,sex,female,p95_abs_subgroup_minus_full_predicted_target,446.3775280217096,444.9750330618739,621.3662554042339,300,300,4485,5559.857142857143,,,PSU-in-stratum bootstrap; statistic recomputed with grouped 5-fold OOF isotonic crosswalk for residual metrics.,Subgroup-specific isotonic curve compared with full-sample curve.
subgroup_curve_divergence,scssl,vs,isotonic,sex,female,p95_abs_subgroup_minus_full_predicted_target_over_target_iqr,0.0802857909029514,0.0795450286785986,0.1111375027376263,300,300,4485,5559.857142857143,,,PSU-in-stratum bootstrap; statistic recomputed with grouped 5-fold OOF isotonic crosswalk for residual metrics.,Subgroup-specific isotonic curve divergence normalized by target IQR.
subgroup_curve_divergence,scssl,vs,isotonic,sex,female,max_abs_subgroup_minus_full_predicted_target,543.5188963999199,548.1688099952742,1021.1243126908988,300,300,4485,5559.857142857143,,,PSU-in-stratum bootstrap; statistic recomputed with grouped 5-fold OOF isotonic crosswalk for residual metrics.,Subgroup-specific isotonic curve compared with full-sample curve.
subgroup_curve_divergence,scssl,vs,isotonic,sex,female,max_abs_subgroup_minus_full_predicted_target_over_target_iqr,0.0977577089544808,0.0984127338862364,0.1828384296279689,300,300,4485,5559.857142857143,,,PSU-in-stratum bootstrap; statistic recomputed with grouped 5-fold OOF isotonic crosswalk for residual metrics.,Subgroup-specific isotonic curve divergence normalized by target IQR.
subgroup_curve_spread,scssl,vs,isotonic,sex,male|female,p95_between_subgroup_spread_predicted_target,1053.89982773471,992.3620386306357,1277.741324534949,300,300,8646,5559.857142857143,,,PSU-in-stratum bootstrap; statistic recomputed with grouped 5-fold OOF isotonic crosswalk for residual metrics.,"At each source-grid point, spread = max subgroup curve - min subgroup curve."
subgroup_curve_spread,scssl,vs,isotonic,sex,male|female,p95_between_subgroup_spread_predicted_target_over_target_iqr,0.1895551991095087,0.1784203316332825,0.230318792800156,300,300,8646,5559.857142857143,,,PSU-in-stratum bootstrap; statistic recomputed with grouped 5-fold OOF isotonic crosswalk for residual metrics.,Between-subgroup curve spread normalized by target IQR.
subgroup_curve_spread,scssl,vs,isotonic,sex,male|female,max_between_subgroup_spread_predicted_target,1341.9457134425247,1172.8320760163026,1570.0877359824913,300,300,8646,5559.857142857143,,,PSU-in-stratum bootstrap; statistic recomputed with grouped 5-fold OOF isotonic crosswalk for residual metrics.,"At each source-grid point, spread = max subgroup curve - min subgroup curve."
subgroup_curve_spread,scssl,vs,isotonic,sex,male|female,max_between_subgroup_spread_predicted_target_over_target_iqr,0.2413633442302647,0.2107783875412917,0.2842024387694556,300,300,8646,5559.857142857143,,,PSU-in-stratum bootstrap; statistic recomputed with grouped 5-fold OOF isotonic crosswalk for residual metrics.,Between-subgroup curve spread normalized by target IQR.
subgroup_curve_divergence,scssl,vs,isotonic,bmi_group,<25,p95_abs_subgroup_minus_full_predicted_target,451.4487032799407,384.9320818409626,699.7343473496071,300,300,2572,5559.857142857143,,,PSU-in-stratum bootstrap; statistic recomputed with grouped 5-fold OOF isotonic crosswalk for residual metrics.,Subgroup-specific isotonic curve compared with full-sample curve.
subgroup_curve_divergence,scssl,vs,isotonic,bmi_group,<25,p95_abs_subgroup_minus_full_predicted_target_over_target_iqr,0.0811978962193166,0.0690432628306168,0.1256095097427337,300,300,2572,5559.857142857143,,,PSU-in-stratum bootstrap; statistic recomputed with grouped 5-fold OOF isotonic crosswalk for residual metrics.,Subgroup-specific isotonic curve divergence normalized by target IQR.
subgroup_curve_divergence,scssl,vs,isotonic,bmi_group,<25,max_abs_subgroup_minus_full_predicted_target,707.7817592413362,520.0325395189478,1025.5356891412853,300,300,2572,5559.857142857143,,,PSU-in-stratum bootstrap; statistic recomputed with grouped 5-fold OOF isotonic crosswalk for residual metrics.,Subgroup-specific isotonic curve compared with full-sample curve.
subgroup_curve_divergence,scssl,vs,isotonic,bmi_group,<25,max_abs_subgroup_minus_full_predicted_target_over_target_iqr,0.1273021484285144,0.0939470145901012,0.1853820034652826,300,300,2572,5559.857142857143,,,PSU-in-stratum bootstrap; statistic recomputed with grouped 5-fold OOF isotonic crosswalk for residual metrics.,Subgroup-specific isotonic curve divergence normalized by target IQR.
subgroup_curve_divergence,scssl,vs,isotonic,bmi_group,25-<30,p95_abs_subgroup_minus_full_predicted_target,488.4625000000001,459.4841202334532,721.6274683720583,300,300,2741,5559.857142857143,,,PSU-in-stratum bootstrap; statistic recomputed with grouped 5-fold OOF isotonic crosswalk for residual metrics.,Subgroup-specific isotonic curve compared with full-sample curve.
subgroup_curve_divergence,scssl,vs,isotonic,bmi_group,25-<30,p95_abs_subgroup_minus_full_predicted_target_over_target_iqr,0.0878552249543924,0.0831770184183374,0.1293839599312153,300,300,2741,5559.857142857143,,,PSU-in-stratum bootstrap; statistic recomputed with grouped 5-fold OOF isotonic crosswalk for residual metrics.,Subgroup-specific isotonic curve divergence normalized by target IQR.
subgroup_curve_divergence,scssl,vs,isotonic,bmi_group,25-<30,max_abs_subgroup_minus_full_predicted_target,899.9082031089779,613.6813232371901,1206.8951565538162,300,300,2741,5559.857142857143,,,PSU-in-stratum bootstrap; statistic recomputed with grouped 5-fold OOF isotonic crosswalk for residual metrics.,Subgroup-specific isotonic curve compared with full-sample curve.
subgroup_curve_divergence,scssl,vs,isotonic,bmi_group,25-<30,max_abs_subgroup_minus_full_predicted_target_over_target_iqr,0.1618581521047006,0.1113089138528162,0.217700130887612,300,300,2741,5559.857142857143,,,PSU-in-stratum bootstrap; statistic recomputed with grouped 5-fold OOF isotonic crosswalk for residual metrics.,Subgroup-specific isotonic curve divergence normalized by target IQR.
subgroup_curve_divergence,scssl,vs,isotonic,bmi_group,>=30,p95_abs_subgroup_minus_full_predicted_target,358.305245261492,351.2863818320686,604.1173830819322,300,300,3246,5559.857142857143,,,PSU-in-stratum bootstrap; statistic recomputed with grouped 5-fold OOF isotonic crosswalk for residual metrics.,Subgroup-specific isotonic curve compared with full-sample curve.
subgroup_curve_divergence,scssl,vs,isotonic,bmi_group,>=30,p95_abs_subgroup_minus_full_predicted_target_over_target_iqr,0.0644450452691601,0.0632793002671242,0.1086445757066651,300,300,3246,5559.857142857143,,,PSU-in-stratum bootstrap; statistic recomputed with grouped 5-fold OOF isotonic crosswalk for residual metrics.,Subgroup-specific isotonic curve divergence normalized by target IQR.
subgroup_curve_divergence,scssl,vs,isotonic,bmi_group,>=30,max_abs_subgroup_minus_full_predicted_target,569.545628415297,494.0088480969413,1200.2421392920096,300,300,3246,5559.857142857143,,,PSU-in-stratum bootstrap; statistic recomputed with grouped 5-fold OOF isotonic crosswalk for residual metrics.,Subgroup-specific isotonic curve compared with full-sample curve.
subgroup_curve_divergence,scssl,vs,isotonic,bmi_group,>=30,max_abs_subgroup_minus_full_predicted_target_over_target_iqr,0.1024388961408843,0.0882263343042221,0.2161181855480548,300,300,3246,5559.857142857143,,,PSU-in-stratum bootstrap; statistic recomputed with grouped 5-fold OOF isotonic crosswalk for residual metrics.,Subgroup-specific isotonic curve divergence normalized by target IQR.
subgroup_curve_spread,scssl,vs,isotonic,bmi_group,<25|25-<30|>=30,p95_between_subgroup_spread_predicted_target,851.8764869111328,816.399838747581,1261.998017582889,300,300,8559,5559.857142857143,,,PSU-in-stratum bootstrap; statistic recomputed with grouped 5-fold OOF isotonic crosswalk for residual metrics.,"At each source-grid point, spread = max subgroup curve - min subgroup curve."
subgroup_curve_spread,scssl,vs,isotonic,bmi_group,<25|25-<30|>=30,p95_between_subgroup_spread_predicted_target_over_target_iqr,0.1532191322587407,0.1468190983834353,0.2257915643622614,300,300,8559,5559.857142857143,,,PSU-in-stratum bootstrap; statistic recomputed with grouped 5-fold OOF isotonic crosswalk for residual metrics.,Between-subgroup curve spread normalized by target IQR.
subgroup_curve_spread,scssl,vs,isotonic,bmi_group,<25|25-<30|>=30,max_between_subgroup_spread_predicted_target,1005.8012032770098,1003.311490173538,1675.075858257694,300,300,8559,5559.857142857143,,,PSU-in-stratum bootstrap; statistic recomputed with grouped 5-fold OOF isotonic crosswalk for residual metrics.,"At each source-grid point, spread = max subgroup curve - min subgroup curve."
subgroup_curve_spread,scssl,vs,isotonic,bmi_group,<25|25-<30|>=30,max_between_subgroup_spread_predicted_target_over_target_iqr,0.1809041450946598,0.1801850320245344,0.3022198237222795,300,300,8559,5559.857142857143,,,PSU-in-stratum bootstrap; statistic recomputed with grouped 5-fold OOF isotonic crosswalk for residual metrics.,Between-subgroup curve spread normalized by target IQR.
fullsample_oof_residual,scssl,vsrev,isotonic,overall,all,mae,2087.5212808409747,2050.300817901344,2134.7859836388343,300,300,8646,6301.767857142858,2087.521280840974,4.547473508864641e-13,PSU-in-stratum bootstrap; statistic recomputed with grouped 5-fold OOF isotonic crosswalk for residual metrics.,5-fold grouped OOF isotonic residual on target scale.
fullsample_oof_residual,scssl,vsrev,isotonic,overall,all,rmse,2821.0755917319666,2762.056084106032,2892.471657439046,300,300,8646,6301.767857142858,2821.0755917319666,0.0,PSU-in-stratum bootstrap; statistic recomputed with grouped 5-fold OOF isotonic crosswalk for residual metrics.,5-fold grouped OOF isotonic residual on target scale.
fullsample_oof_residual,scssl,vsrev,isotonic,overall,all,abs_error_p95,5541.632423972441,5401.765301620251,5697.4923113232735,300,300,8646,6301.767857142858,5541.632423972441,0.0,PSU-in-stratum bootstrap; statistic recomputed with grouped 5-fold OOF isotonic crosswalk for residual metrics.,5-fold grouped OOF isotonic residual on target scale.
fullsample_oof_residual,scssl,vsrev,isotonic,overall,all,mae_per_target_iqr,0.3312596287524038,0.3255943403140769,0.3380417925094299,300,300,8646,6301.767857142858,0.3312596287524038,5.551115123125783e-17,PSU-in-stratum bootstrap; statistic recomputed with grouped 5-fold OOF isotonic crosswalk for residual metrics.,MAE normalized by target algorithm IQR.
subgroup_curve_divergence,scssl,vsrev,isotonic,age_group,20-39,p95_abs_subgroup_minus_full_predicted_target,1594.181063411901,1431.8099910274575,1953.9990147398096,300,300,2757,6301.767857142858,,,PSU-in-stratum bootstrap; statistic recomputed with grouped 5-fold OOF isotonic crosswalk for residual metrics.,Subgroup-specific isotonic curve compared with full-sample curve.
subgroup_curve_divergence,scssl,vsrev,isotonic,age_group,20-39,p95_abs_subgroup_minus_full_predicted_target_over_target_iqr,0.2529736257429645,0.2281178191407139,0.3114322767791307,300,300,2757,6301.767857142858,,,PSU-in-stratum bootstrap; statistic recomputed with grouped 5-fold OOF isotonic crosswalk for residual metrics.,Subgroup-specific isotonic curve divergence normalized by target IQR.
subgroup_curve_divergence,scssl,vsrev,isotonic,age_group,20-39,max_abs_subgroup_minus_full_predicted_target,1613.5546384479694,1595.730585421609,2254.6957781459496,300,300,2757,6301.767857142858,,,PSU-in-stratum bootstrap; statistic recomputed with grouped 5-fold OOF isotonic crosswalk for residual metrics.,Subgroup-specific isotonic curve compared with full-sample curve.
subgroup_curve_divergence,scssl,vsrev,isotonic,age_group,20-39,max_abs_subgroup_minus_full_predicted_target_over_target_iqr,0.2560479336951544,0.2532112978034316,0.3568351152214285,300,300,2757,6301.767857142858,,,PSU-in-stratum bootstrap; statistic recomputed with grouped 5-fold OOF isotonic crosswalk for residual metrics.,Subgroup-specific isotonic curve divergence normalized by target IQR.
subgroup_curve_divergence,scssl,vsrev,isotonic,age_group,40-59,p95_abs_subgroup_minus_full_predicted_target,920.1989563232728,648.6115745691325,1061.326671795594,300,300,2949,6301.767857142858,,,PSU-in-stratum bootstrap; statistic recomputed with grouped 5-fold OOF isotonic crosswalk for residual metrics.,Subgroup-specific isotonic curve compared with full-sample curve.
subgroup_curve_divergence,scssl,vsrev,isotonic,age_group,40-59,p95_abs_subgroup_minus_full_predicted_target_over_target_iqr,0.1460223507408728,0.1026504523259083,0.1683394720119265,300,300,2949,6301.767857142858,,,PSU-in-stratum bootstrap; statistic recomputed with grouped 5-fold OOF isotonic crosswalk for residual metrics.,Subgroup-specific isotonic curve divergence normalized by target IQR.
subgroup_curve_divergence,scssl,vsrev,isotonic,age_group,40-59,max_abs_subgroup_minus_full_predicted_target,960.0966514564392,826.9206950387469,1457.5917060924417,300,300,2949,6301.767857142858,,,PSU-in-stratum bootstrap; statistic recomputed with grouped 5-fold OOF isotonic crosswalk for residual metrics.,Subgroup-specific isotonic curve compared with full-sample curve.
subgroup_curve_divergence,scssl,vsrev,isotonic,age_group,40-59,max_abs_subgroup_minus_full_predicted_target_over_target_iqr,0.1523535416126444,0.1300855112231033,0.2331914227013583,300,300,2949,6301.767857142858,,,PSU-in-stratum bootstrap; statistic recomputed with grouped 5-fold OOF isotonic crosswalk for residual metrics.,Subgroup-specific isotonic curve divergence normalized by target IQR.
subgroup_curve_divergence,scssl,vsrev,isotonic,age_group,60+,p95_abs_subgroup_minus_full_predicted_target,1922.2219036478184,1882.7014465914424,2376.0855718466305,300,300,2940,6301.767857142858,,,PSU-in-stratum bootstrap; statistic recomputed with grouped 5-fold OOF isotonic crosswalk for residual metrics.,Subgroup-specific isotonic curve compared with full-sample curve.
subgroup_curve_divergence,scssl,vsrev,isotonic,age_group,60+,p95_abs_subgroup_minus_full_predicted_target_over_target_iqr,0.3050289930101185,0.3001613659806149,0.3752005930248412,300,300,2940,6301.767857142858,,,PSU-in-stratum bootstrap; statistic recomputed with grouped 5-fold OOF isotonic crosswalk for residual metrics.,Subgroup-specific isotonic curve divergence normalized by target IQR.
subgroup_curve_divergence,scssl,vsrev,isotonic,age_group,60+,max_abs_subgroup_minus_full_predicted_target,2367.563950363844,2149.6284747768623,2824.6248784729805,300,300,2940,6301.767857142858,,,PSU-in-stratum bootstrap; statistic recomputed with grouped 5-fold OOF isotonic crosswalk for residual metrics.,Subgroup-specific isotonic curve compared with full-sample curve.
subgroup_curve_divergence,scssl,vsrev,isotonic,age_group,60+,max_abs_subgroup_minus_full_predicted_target_over_target_iqr,0.3756983760803381,0.3397423723645346,0.4456723375538369,300,300,2940,6301.767857142858,,,PSU-in-stratum bootstrap; statistic recomputed with grouped 5-fold OOF isotonic crosswalk for residual metrics.,Subgroup-specific isotonic curve divergence normalized by target IQR.
subgroup_curve_spread,scssl,vsrev,isotonic,age_group,20-39|40-59|60+,p95_between_subgroup_spread_predicted_target,3438.472090409601,3069.7033735341524,4019.656042798916,300,300,8646,6301.767857142858,,,PSU-in-stratum bootstrap; statistic recomputed with grouped 5-fold OOF isotonic crosswalk for residual metrics.,"At each source-grid point, spread = max subgroup curve - min subgroup curve."
subgroup_curve_spread,scssl,vsrev,isotonic,age_group,20-39|40-59|60+,p95_between_subgroup_spread_predicted_target_over_target_iqr,0.5456361085266256,0.488815830672065,0.6352919527075898,300,300,8646,6301.767857142858,,,PSU-in-stratum bootstrap; statistic recomputed with grouped 5-fold OOF isotonic crosswalk for residual metrics.,Between-subgroup curve spread normalized by target IQR.
subgroup_curve_spread,scssl,vsrev,isotonic,age_group,20-39|40-59|60+,max_between_subgroup_spread_predicted_target,3457.8456654456695,3301.4582278516596,4230.030738978286,300,300,8646,6301.767857142858,,,PSU-in-stratum bootstrap; statistic recomputed with grouped 5-fold OOF isotonic crosswalk for residual metrics.,"At each source-grid point, spread = max subgroup curve - min subgroup curve."
subgroup_curve_spread,scssl,vsrev,isotonic,age_group,20-39|40-59|60+,max_between_subgroup_spread_predicted_target_over_target_iqr,0.5487104164788154,0.5270890626789791,0.668898499108661,300,300,8646,6301.767857142858,,,PSU-in-stratum bootstrap; statistic recomputed with grouped 5-fold OOF isotonic crosswalk for residual metrics.,Between-subgroup curve spread normalized by target IQR.
subgroup_curve_divergence,scssl,vsrev,isotonic,sex,male,p95_abs_subgroup_minus_full_predicted_target,713.3415750915756,625.1459153415906,901.4640745695316,300,300,4161,6301.767857142858,,,PSU-in-stratum bootstrap; statistic recomputed with grouped 5-fold OOF isotonic crosswalk for residual metrics.,Subgroup-specific isotonic curve compared with full-sample curve.
subgroup_curve_divergence,scssl,vsrev,isotonic,sex,male,p95_abs_subgroup_minus_full_predicted_target_over_target_iqr,0.113197056962837,0.0995902418319093,0.1417063412367859,300,300,4161,6301.767857142858,,,PSU-in-stratum bootstrap; statistic recomputed with grouped 5-fold OOF isotonic crosswalk for residual metrics.,Subgroup-specific isotonic curve divergence normalized by target IQR.
subgroup_curve_divergence,scssl,vsrev,isotonic,sex,male,max_abs_subgroup_minus_full_predicted_target,963.1907465097491,784.1503437497214,1209.5737722144522,300,300,4161,6301.767857142858,,,PSU-in-stratum bootstrap; statistic recomputed with grouped 5-fold OOF isotonic crosswalk for residual metrics.,Subgroup-specific isotonic curve compared with full-sample curve.
subgroup_curve_divergence,scssl,vsrev,isotonic,sex,male,max_abs_subgroup_minus_full_predicted_target_over_target_iqr,0.1528445300342193,0.1248439835968262,0.1903896758868418,300,300,4161,6301.767857142858,,,PSU-in-stratum bootstrap; statistic recomputed with grouped 5-fold OOF isotonic crosswalk for residual metrics.,Subgroup-specific isotonic curve divergence normalized by target IQR.
subgroup_curve_divergence,scssl,vsrev,isotonic,sex,female,p95_abs_subgroup_minus_full_predicted_target,533.6758629251108,498.5655878431811,855.8163881869259,300,300,4485,6301.767857142858,,,PSU-in-stratum bootstrap; statistic recomputed with grouped 5-fold OOF isotonic crosswalk for residual metrics.,Subgroup-specific isotonic curve compared with full-sample curve.
subgroup_curve_divergence,scssl,vsrev,isotonic,sex,female,p95_abs_subgroup_minus_full_predicted_target_over_target_iqr,0.0846866903102763,0.0786569406431593,0.1342908033688265,300,300,4485,6301.767857142858,,,PSU-in-stratum bootstrap; statistic recomputed with grouped 5-fold OOF isotonic crosswalk for residual metrics.,Subgroup-specific isotonic curve divergence normalized by target IQR.
subgroup_curve_divergence,scssl,vsrev,isotonic,sex,female,max_abs_subgroup_minus_full_predicted_target,709.5179293500078,628.9352276513162,1317.8912178610624,300,300,4485,6301.767857142858,,,PSU-in-stratum bootstrap; statistic recomputed with grouped 5-fold OOF isotonic crosswalk for residual metrics.,Subgroup-specific isotonic curve compared with full-sample curve.
subgroup_curve_divergence,scssl,vsrev,isotonic,sex,female,max_abs_subgroup_minus_full_predicted_target_over_target_iqr,0.1125902993309712,0.0992575357572919,0.2080379679637236,300,300,4485,6301.767857142858,,,PSU-in-stratum bootstrap; statistic recomputed with grouped 5-fold OOF isotonic crosswalk for residual metrics.,Subgroup-specific isotonic curve divergence normalized by target IQR.
subgroup_curve_spread,scssl,vsrev,isotonic,sex,male|female,p95_between_subgroup_spread_predicted_target,1109.3608292762085,1063.5257917134247,1456.0902760882163,300,300,8646,6301.767857142858,,,PSU-in-stratum bootstrap; statistic recomputed with grouped 5-fold OOF isotonic crosswalk for residual metrics.,"At each source-grid point, spread = max subgroup curve - min subgroup curve."
subgroup_curve_spread,scssl,vsrev,isotonic,sex,male|female,p95_between_subgroup_spread_predicted_target_over_target_iqr,0.1760396216466118,0.1680118637268176,0.2319747655470856,300,300,8646,6301.767857142858,,,PSU-in-stratum bootstrap; statistic recomputed with grouped 5-fold OOF isotonic crosswalk for residual metrics.,Between-subgroup curve spread normalized by target IQR.
subgroup_curve_spread,scssl,vsrev,isotonic,sex,male|female,max_between_subgroup_spread_predicted_target,1510.0798787214462,1284.8593420205248,1807.48572758912,300,300,8646,6301.767857142858,,,PSU-in-stratum bootstrap; statistic recomputed with grouped 5-fold OOF isotonic crosswalk for residual metrics.,"At each source-grid point, spread = max subgroup curve - min subgroup curve."
subgroup_curve_spread,scssl,vsrev,isotonic,sex,male|female,max_between_subgroup_spread_predicted_target_over_target_iqr,0.239627976300304,0.2035937340671635,0.2855983418766353,300,300,8646,6301.767857142858,,,PSU-in-stratum bootstrap; statistic recomputed with grouped 5-fold OOF isotonic crosswalk for residual metrics.,Between-subgroup curve spread normalized by target IQR.
subgroup_curve_divergence,scssl,vsrev,isotonic,bmi_group,<25,p95_abs_subgroup_minus_full_predicted_target,628.2323023578338,503.57103882006146,965.7001833435428,300,300,2572,6301.767857142858,,,PSU-in-stratum bootstrap; statistic recomputed with grouped 5-fold OOF isotonic crosswalk for residual metrics.,Subgroup-specific isotonic curve compared with full-sample curve.
subgroup_curve_divergence,scssl,vsrev,isotonic,bmi_group,<25,p95_abs_subgroup_minus_full_predicted_target_over_target_iqr,0.0996914384343358,0.0805977728222609,0.1534493119601358,300,300,2572,6301.767857142858,,,PSU-in-stratum bootstrap; statistic recomputed with grouped 5-fold OOF isotonic crosswalk for residual metrics.,Subgroup-specific isotonic curve divergence normalized by target IQR.
subgroup_curve_divergence,scssl,vsrev,isotonic,bmi_group,<25,max_abs_subgroup_minus_full_predicted_target,1020.7002287918184,684.9926337349294,1405.238878226066,300,300,2572,6301.767857142858,,,PSU-in-stratum bootstrap; statistic recomputed with grouped 5-fold OOF isotonic crosswalk for residual metrics.,Subgroup-specific isotonic curve compared with full-sample curve.
subgroup_curve_divergence,scssl,vsrev,isotonic,bmi_group,<25,max_abs_subgroup_minus_full_predicted_target_over_target_iqr,0.1619704584380852,0.1080149734595271,0.2230755983343988,300,300,2572,6301.767857142858,,,PSU-in-stratum bootstrap; statistic recomputed with grouped 5-fold OOF isotonic crosswalk for residual metrics.,Subgroup-specific isotonic curve divergence normalized by target IQR.
subgroup_curve_divergence,scssl,vsrev,isotonic,bmi_group,25-<30,p95_abs_subgroup_minus_full_predicted_target,622.3716490299821,523.3849914554349,811.2554237944819,300,300,2741,6301.767857142858,,,PSU-in-stratum bootstrap; statistic recomputed with grouped 5-fold OOF isotonic crosswalk for residual metrics.,Subgroup-specific isotonic curve compared with full-sample curve.
subgroup_curve_divergence,scssl,vsrev,isotonic,bmi_group,25-<30,p95_abs_subgroup_minus_full_predicted_target_over_target_iqr,0.0987614369711418,0.0831607737239429,0.1292525257615453,300,300,2741,6301.767857142858,,,PSU-in-stratum bootstrap; statistic recomputed with grouped 5-fold OOF isotonic crosswalk for residual metrics.,Subgroup-specific isotonic curve divergence normalized by target IQR.
subgroup_curve_divergence,scssl,vsrev,isotonic,bmi_group,25-<30,max_abs_subgroup_minus_full_predicted_target,1014.2713720511828,712.8678658847326,1297.8964023830458,300,300,2741,6301.767857142858,,,PSU-in-stratum bootstrap; statistic recomputed with grouped 5-fold OOF isotonic crosswalk for residual metrics.,Subgroup-specific isotonic curve compared with full-sample curve.
subgroup_curve_divergence,scssl,vsrev,isotonic,bmi_group,25-<30,max_abs_subgroup_minus_full_predicted_target_over_target_iqr,0.160950291258593,0.1127221916018804,0.2067837965968734,300,300,2741,6301.767857142858,,,PSU-in-stratum bootstrap; statistic recomputed with grouped 5-fold OOF isotonic crosswalk for residual metrics.,Subgroup-specific isotonic curve divergence normalized by target IQR.
subgroup_curve_divergence,scssl,vsrev,isotonic,bmi_group,>=30,p95_abs_subgroup_minus_full_predicted_target,487.8536250335037,440.3139765050534,892.3837858625694,300,300,3246,6301.767857142858,,,PSU-in-stratum bootstrap; statistic recomputed with grouped 5-fold OOF isotonic crosswalk for residual metrics.,Subgroup-specific isotonic curve compared with full-sample curve.
subgroup_curve_divergence,scssl,vsrev,isotonic,bmi_group,>=30,p95_abs_subgroup_minus_full_predicted_target_over_target_iqr,0.0774153596407929,0.0697768344718614,0.1430928108598797,300,300,3246,6301.767857142858,,,PSU-in-stratum bootstrap; statistic recomputed with grouped 5-fold OOF isotonic crosswalk for residual metrics.,Subgroup-specific isotonic curve divergence normalized by target IQR.
subgroup_curve_divergence,scssl,vsrev,isotonic,bmi_group,>=30,max_abs_subgroup_minus_full_predicted_target,1141.116165334539,629.1779005609351,1769.2960796193463,300,300,3246,6301.767857142858,,,PSU-in-stratum bootstrap; statistic recomputed with grouped 5-fold OOF isotonic crosswalk for residual metrics.,Subgroup-specific isotonic curve compared with full-sample curve.
subgroup_curve_divergence,scssl,vsrev,isotonic,bmi_group,>=30,max_abs_subgroup_minus_full_predicted_target_over_target_iqr,0.1810787371421686,0.1010601638813329,0.2822311900414487,300,300,3246,6301.767857142858,,,PSU-in-stratum bootstrap; statistic recomputed with grouped 5-fold OOF isotonic crosswalk for residual metrics.,Subgroup-specific isotonic curve divergence normalized by target IQR.
subgroup_curve_spread,scssl,vsrev,isotonic,bmi_group,<25|25-<30|>=30,p95_between_subgroup_spread_predicted_target,1150.589155134987,1032.9723447877968,1694.952262923472,300,300,8559,6301.767857142858,,,PSU-in-stratum bootstrap; statistic recomputed with grouped 5-fold OOF isotonic crosswalk for residual metrics.,"At each source-grid point, spread = max subgroup curve - min subgroup curve."
subgroup_curve_spread,scssl,vsrev,isotonic,bmi_group,<25|25-<30|>=30,p95_between_subgroup_spread_predicted_target_over_target_iqr,0.1825819644928415,0.1632556505665132,0.2689328504949931,300,300,8559,6301.767857142858,,,PSU-in-stratum bootstrap; statistic recomputed with grouped 5-fold OOF isotonic crosswalk for residual metrics.,Between-subgroup curve spread normalized by target IQR.
subgroup_curve_spread,scssl,vsrev,isotonic,bmi_group,<25|25-<30|>=30,max_between_subgroup_spread_predicted_target,1474.8395223268362,1231.521456302814,2252.842123791531,300,300,8559,6301.767857142858,,,PSU-in-stratum bootstrap; statistic recomputed with grouped 5-fold OOF isotonic crosswalk for residual metrics.,"At each source-grid point, spread = max subgroup curve - min subgroup curve."
subgroup_curve_spread,scssl,vsrev,isotonic,bmi_group,<25|25-<30|>=30,max_between_subgroup_spread_predicted_target_over_target_iqr,0.2340358381585179,0.1949517536061366,0.3551880596086518,300,300,8559,6301.767857142858,,,PSU-in-stratum bootstrap; statistic recomputed with grouped 5-fold OOF isotonic crosswalk for residual metrics.,Between-subgroup curve spread normalized by target IQR.
fullsample_oof_residual,vs,acti,isotonic,overall,all,mae,1109.3857043001174,1096.4792600699363,1128.629654219164,300,300,8646,5482.084523809524,1109.3857043001174,0.0,PSU-in-stratum bootstrap; statistic recomputed with grouped 5-fold OOF isotonic crosswalk for residual metrics.,5-fold grouped OOF isotonic residual on target scale.
fullsample_oof_residual,vs,acti,isotonic,overall,all,rmse,1483.400999660471,1461.8718669821596,1511.33481751966,300,300,8646,5482.084523809524,1483.400999660471,0.0,PSU-in-stratum bootstrap; statistic recomputed with grouped 5-fold OOF isotonic crosswalk for residual metrics.,5-fold grouped OOF isotonic residual on target scale.
fullsample_oof_residual,vs,acti,isotonic,overall,all,abs_error_p95,2924.1508017077836,2855.011164904233,2970.7803285281766,300,300,8646,5482.084523809524,2924.1508017077836,0.0,PSU-in-stratum bootstrap; statistic recomputed with grouped 5-fold OOF isotonic crosswalk for residual metrics.,5-fold grouped OOF isotonic residual on target scale.
fullsample_oof_residual,vs,acti,isotonic,overall,all,mae_per_target_iqr,0.2023656693876001,0.1987344524208525,0.2080840635791716,300,300,8646,5482.084523809524,0.2023656693876001,0.0,PSU-in-stratum bootstrap; statistic recomputed with grouped 5-fold OOF isotonic crosswalk for residual metrics.,MAE normalized by target algorithm IQR.
subgroup_curve_divergence,vs,acti,isotonic,age_group,20-39,p95_abs_subgroup_minus_full_predicted_target,742.5947405029419,585.6573025403388,980.1879152236636,300,300,2757,5482.084523809524,,,PSU-in-stratum bootstrap; statistic recomputed with grouped 5-fold OOF isotonic crosswalk for residual metrics.,Subgroup-specific isotonic curve compared with full-sample curve.
subgroup_curve_divergence,vs,acti,isotonic,age_group,20-39,p95_abs_subgroup_minus_full_predicted_target_over_target_iqr,0.1354584624293442,0.1063676697639094,0.1778580389427904,300,300,2757,5482.084523809524,,,PSU-in-stratum bootstrap; statistic recomputed with grouped 5-fold OOF isotonic crosswalk for residual metrics.,Subgroup-specific isotonic curve divergence normalized by target IQR.
subgroup_curve_divergence,vs,acti,isotonic,age_group,20-39,max_abs_subgroup_minus_full_predicted_target,1061.5539759593155,840.9167995045476,1322.0587863362553,300,300,2757,5482.084523809524,,,PSU-in-stratum bootstrap; statistic recomputed with grouped 5-fold OOF isotonic crosswalk for residual metrics.,Subgroup-specific isotonic curve compared with full-sample curve.
subgroup_curve_divergence,vs,acti,isotonic,age_group,20-39,max_abs_subgroup_minus_full_predicted_target_over_target_iqr,0.1936405707261217,0.1534179019914177,0.2392152275259524,300,300,2757,5482.084523809524,,,PSU-in-stratum bootstrap; statistic recomputed with grouped 5-fold OOF isotonic crosswalk for residual metrics.,Subgroup-specific isotonic curve divergence normalized by target IQR.
subgroup_curve_divergence,vs,acti,isotonic,age_group,40-59,p95_abs_subgroup_minus_full_predicted_target,316.4555632609017,303.63600752950686,469.3647481939285,300,300,2949,5482.084523809524,,,PSU-in-stratum bootstrap; statistic recomputed with grouped 5-fold OOF isotonic crosswalk for residual metrics.,Subgroup-specific isotonic curve compared with full-sample curve.
subgroup_curve_divergence,vs,acti,isotonic,age_group,40-59,p95_abs_subgroup_minus_full_predicted_target_over_target_iqr,0.0577254075318407,0.0555105498581127,0.0862661064475468,300,300,2949,5482.084523809524,,,PSU-in-stratum bootstrap; statistic recomputed with grouped 5-fold OOF isotonic crosswalk for residual metrics.,Subgroup-specific isotonic curve divergence normalized by target IQR.
subgroup_curve_divergence,vs,acti,isotonic,age_group,40-59,max_abs_subgroup_minus_full_predicted_target,593.0949290060889,407.1377352233287,903.3369258257072,300,300,2949,5482.084523809524,,,PSU-in-stratum bootstrap; statistic recomputed with grouped 5-fold OOF isotonic crosswalk for residual metrics.,Subgroup-specific isotonic curve compared with full-sample curve.
subgroup_curve_divergence,vs,acti,isotonic,age_group,40-59,max_abs_subgroup_minus_full_predicted_target_over_target_iqr,0.1081878483321787,0.0746599906769315,0.1644559826928864,300,300,2949,5482.084523809524,,,PSU-in-stratum bootstrap; statistic recomputed with grouped 5-fold OOF isotonic crosswalk for residual metrics.,Subgroup-specific isotonic curve divergence normalized by target IQR.
subgroup_curve_divergence,vs,acti,isotonic,age_group,60+,p95_abs_subgroup_minus_full_predicted_target,472.12790868925,383.2330825559033,667.8414419021899,300,300,2940,5482.084523809524,,,PSU-in-stratum bootstrap; statistic recomputed with grouped 5-fold OOF isotonic crosswalk for residual metrics.,Subgroup-specific isotonic curve compared with full-sample curve.
subgroup_curve_divergence,vs,acti,isotonic,age_group,60+,p95_abs_subgroup_minus_full_predicted_target_over_target_iqr,0.0861219681379823,0.0696418444685335,0.123335783756018,300,300,2940,5482.084523809524,,,PSU-in-stratum bootstrap; statistic recomputed with grouped 5-fold OOF isotonic crosswalk for residual metrics.,Subgroup-specific isotonic curve divergence normalized by target IQR.
subgroup_curve_divergence,vs,acti,isotonic,age_group,60+,max_abs_subgroup_minus_full_predicted_target,653.7399487981638,538.8796532560875,1044.4264677252716,300,300,2940,5482.084523809524,,,PSU-in-stratum bootstrap; statistic recomputed with grouped 5-fold OOF isotonic crosswalk for residual metrics.,Subgroup-specific isotonic curve compared with full-sample curve.
subgroup_curve_divergence,vs,acti,isotonic,age_group,60+,max_abs_subgroup_minus_full_predicted_target_over_target_iqr,0.1192502497834303,0.0978560735613031,0.1920723343310206,300,300,2940,5482.084523809524,,,PSU-in-stratum bootstrap; statistic recomputed with grouped 5-fold OOF isotonic crosswalk for residual metrics.,Subgroup-specific isotonic curve divergence normalized by target IQR.
subgroup_curve_spread,vs,acti,isotonic,age_group,20-39|40-59|60+,p95_between_subgroup_spread_predicted_target,876.5497580332922,876.8596499040201,1178.2853024449646,300,300,8646,5482.084523809524,,,PSU-in-stratum bootstrap; statistic recomputed with grouped 5-fold OOF isotonic crosswalk for residual metrics.,"At each source-grid point, spread = max subgroup curve - min subgroup curve."
subgroup_curve_spread,vs,acti,isotonic,age_group,20-39|40-59|60+,p95_between_subgroup_spread_predicted_target_over_target_iqr,0.1598935139044835,0.159457062981674,0.2150469573722857,300,300,8646,5482.084523809524,,,PSU-in-stratum bootstrap; statistic recomputed with grouped 5-fold OOF isotonic crosswalk for residual metrics.,Between-subgroup curve spread normalized by target IQR.
subgroup_curve_spread,vs,acti,isotonic,age_group,20-39|40-59|60+,max_between_subgroup_spread_predicted_target,1153.530292116846,1047.3463356298073,1522.4149584050472,300,300,8646,5482.084523809524,,,PSU-in-stratum bootstrap; statistic recomputed with grouped 5-fold OOF isotonic crosswalk for residual metrics.,"At each source-grid point, spread = max subgroup curve - min subgroup curve."
subgroup_curve_spread,vs,acti,isotonic,age_group,20-39|40-59|60+,max_between_subgroup_spread_predicted_target_over_target_iqr,0.210418188028092,0.1924329821273606,0.2767898075053272,300,300,8646,5482.084523809524,,,PSU-in-stratum bootstrap; statistic recomputed with grouped 5-fold OOF isotonic crosswalk for residual metrics.,Between-subgroup curve spread normalized by target IQR.
subgroup_curve_divergence,vs,acti,isotonic,sex,male,p95_abs_subgroup_minus_full_predicted_target,305.8305844246861,262.0001959550487,427.2926718258505,300,300,4161,5482.084523809524,,,PSU-in-stratum bootstrap; statistic recomputed with grouped 5-fold OOF isotonic crosswalk for residual metrics.,Subgroup-specific isotonic curve compared with full-sample curve.
subgroup_curve_divergence,vs,acti,isotonic,sex,male,p95_abs_subgroup_minus_full_predicted_target_over_target_iqr,0.0557872800202947,0.047641325234869,0.0790738099030103,300,300,4161,5482.084523809524,,,PSU-in-stratum bootstrap; statistic recomputed with grouped 5-fold OOF isotonic crosswalk for residual metrics.,Subgroup-specific isotonic curve divergence normalized by target IQR.
subgroup_curve_divergence,vs,acti,isotonic,sex,male,max_abs_subgroup_minus_full_predicted_target,645.7416482368008,379.0963281796299,790.5531282811102,300,300,4161,5482.084523809524,,,PSU-in-stratum bootstrap; statistic recomputed with grouped 5-fold OOF isotonic crosswalk for residual metrics.,Subgroup-specific isotonic curve compared with full-sample curve.
subgroup_curve_divergence,vs,acti,isotonic,sex,male,max_abs_subgroup_minus_full_predicted_target_over_target_iqr,0.1177912608666004,0.0695195804758531,0.1451341016875518,300,300,4161,5482.084523809524,,,PSU-in-stratum bootstrap; statistic recomputed with grouped 5-fold OOF isotonic crosswalk for residual metrics.,Subgroup-specific isotonic curve divergence normalized by target IQR.
subgroup_curve_divergence,vs,acti,isotonic,sex,female,p95_abs_subgroup_minus_full_predicted_target,366.8041911347718,296.71411146663496,595.8491469532331,300,300,4485,5482.084523809524,,,PSU-in-stratum bootstrap; statistic recomputed with grouped 5-fold OOF isotonic crosswalk for residual metrics.,Subgroup-specific isotonic curve compared with full-sample curve.
subgroup_curve_divergence,vs,acti,isotonic,sex,female,p95_abs_subgroup_minus_full_predicted_target_over_target_iqr,0.0669096197881819,0.0542138937346024,0.109273839946884,300,300,4485,5482.084523809524,,,PSU-in-stratum bootstrap; statistic recomputed with grouped 5-fold OOF isotonic crosswalk for residual metrics.,Subgroup-specific isotonic curve divergence normalized by target IQR.
subgroup_curve_divergence,vs,acti,isotonic,sex,female,max_abs_subgroup_minus_full_predicted_target,631.4852891156479,460.58682444956065,1041.394647635638,300,300,4485,5482.084523809524,,,PSU-in-stratum bootstrap; statistic recomputed with grouped 5-fold OOF isotonic crosswalk for residual metrics.,Subgroup-specific isotonic curve compared with full-sample curve.
subgroup_curve_divergence,vs,acti,isotonic,sex,female,max_abs_subgroup_minus_full_predicted_target_over_target_iqr,0.11519072469113,0.0832964078352234,0.1907420715873535,300,300,4485,5482.084523809524,,,PSU-in-stratum bootstrap; statistic recomputed with grouped 5-fold OOF isotonic crosswalk for residual metrics.,Subgroup-specific isotonic curve divergence normalized by target IQR.
subgroup_curve_spread,vs,acti,isotonic,sex,male|female,p95_between_subgroup_spread_predicted_target,635.7248627726913,510.3136219524407,892.7322646391005,300,300,8646,5482.084523809524,,,PSU-in-stratum bootstrap; statistic recomputed with grouped 5-fold OOF isotonic crosswalk for residual metrics.,"At each source-grid point, spread = max subgroup curve - min subgroup curve."
subgroup_curve_spread,vs,acti,isotonic,sex,male|female,p95_between_subgroup_spread_predicted_target_over_target_iqr,0.1159640753460917,0.093051963604907,0.1631578098982762,300,300,8646,5482.084523809524,,,PSU-in-stratum bootstrap; statistic recomputed with grouped 5-fold OOF isotonic crosswalk for residual metrics.,Between-subgroup curve spread normalized by target IQR.
subgroup_curve_spread,vs,acti,isotonic,sex,male|female,max_between_subgroup_spread_predicted_target,1007.3564783320762,756.3350655134027,1428.2935309021336,300,300,8646,5482.084523809524,,,PSU-in-stratum bootstrap; statistic recomputed with grouped 5-fold OOF isotonic crosswalk for residual metrics.,"At each source-grid point, spread = max subgroup curve - min subgroup curve."
subgroup_curve_spread,vs,acti,isotonic,sex,male|female,max_between_subgroup_spread_predicted_target_over_target_iqr,0.1837542770376805,0.1364132353427863,0.2620710513791709,300,300,8646,5482.084523809524,,,PSU-in-stratum bootstrap; statistic recomputed with grouped 5-fold OOF isotonic crosswalk for residual metrics.,Between-subgroup curve spread normalized by target IQR.
subgroup_curve_divergence,vs,acti,isotonic,bmi_group,<25,p95_abs_subgroup_minus_full_predicted_target,414.1185185185186,333.9857216604251,541.387409055555,300,300,2572,5482.084523809524,,,PSU-in-stratum bootstrap; statistic recomputed with grouped 5-fold OOF isotonic crosswalk for residual metrics.,Subgroup-specific isotonic curve compared with full-sample curve.
subgroup_curve_divergence,vs,acti,isotonic,bmi_group,<25,p95_abs_subgroup_minus_full_predicted_target_over_target_iqr,0.0755403381177249,0.0605605031961608,0.0985124677282866,300,300,2572,5482.084523809524,,,PSU-in-stratum bootstrap; statistic recomputed with grouped 5-fold OOF isotonic crosswalk for residual metrics.,Subgroup-specific isotonic curve divergence normalized by target IQR.
subgroup_curve_divergence,vs,acti,isotonic,bmi_group,<25,max_abs_subgroup_minus_full_predicted_target,728.2155518194995,468.6163971677469,1088.1031535922295,300,300,2572,5482.084523809524,,,PSU-in-stratum bootstrap; statistic recomputed with grouped 5-fold OOF isotonic crosswalk for residual metrics.,Subgroup-specific isotonic curve compared with full-sample curve.
subgroup_curve_divergence,vs,acti,isotonic,bmi_group,<25,max_abs_subgroup_minus_full_predicted_target_over_target_iqr,0.1328355206229945,0.0840809884468802,0.1983710370184929,300,300,2572,5482.084523809524,,,PSU-in-stratum bootstrap; statistic recomputed with grouped 5-fold OOF isotonic crosswalk for residual metrics.,Subgroup-specific isotonic curve divergence normalized by target IQR.
subgroup_curve_divergence,vs,acti,isotonic,bmi_group,25-<30,p95_abs_subgroup_minus_full_predicted_target,298.019125215269,280.1655048224916,463.1169803846959,300,300,2741,5482.084523809524,,,PSU-in-stratum bootstrap; statistic recomputed with grouped 5-fold OOF isotonic crosswalk for residual metrics.,Subgroup-specific isotonic curve compared with full-sample curve.
subgroup_curve_divergence,vs,acti,isotonic,bmi_group,25-<30,p95_abs_subgroup_minus_full_predicted_target_over_target_iqr,0.0543623732762467,0.050420259818278,0.0853184055257103,300,300,2741,5482.084523809524,,,PSU-in-stratum bootstrap; statistic recomputed with grouped 5-fold OOF isotonic crosswalk for residual metrics.,Subgroup-specific isotonic curve divergence normalized by target IQR.
subgroup_curve_divergence,vs,acti,isotonic,bmi_group,25-<30,max_abs_subgroup_minus_full_predicted_target,414.8798029556674,379.4676748974917,778.0532928504742,300,300,2741,5482.084523809524,,,PSU-in-stratum bootstrap; statistic recomputed with grouped 5-fold OOF isotonic crosswalk for residual metrics.,Subgroup-specific isotonic curve compared with full-sample curve.
subgroup_curve_divergence,vs,acti,isotonic,bmi_group,25-<30,max_abs_subgroup_minus_full_predicted_target_over_target_iqr,0.0756792058119099,0.0683985889015435,0.1421899230869127,300,300,2741,5482.084523809524,,,PSU-in-stratum bootstrap; statistic recomputed with grouped 5-fold OOF isotonic crosswalk for residual metrics.,Subgroup-specific isotonic curve divergence normalized by target IQR.
subgroup_curve_divergence,vs,acti,isotonic,bmi_group,>=30,p95_abs_subgroup_minus_full_predicted_target,407.88682165360296,347.81503051160666,618.5988154150477,300,300,3246,5482.084523809524,,,PSU-in-stratum bootstrap; statistic recomputed with grouped 5-fold OOF isotonic crosswalk for residual metrics.,Subgroup-specific isotonic curve compared with full-sample curve.
subgroup_curve_divergence,vs,acti,isotonic,bmi_group,>=30,p95_abs_subgroup_minus_full_predicted_target_over_target_iqr,0.0744035995581769,0.0635407611268583,0.113419559663201,300,300,3246,5482.084523809524,,,PSU-in-stratum bootstrap; statistic recomputed with grouped 5-fold OOF isotonic crosswalk for residual metrics.,Subgroup-specific isotonic curve divergence normalized by target IQR.
subgroup_curve_divergence,vs,acti,isotonic,bmi_group,>=30,max_abs_subgroup_minus_full_predicted_target,978.712856032851,523.0519401161973,1166.216601991921,300,300,3246,5482.084523809524,,,PSU-in-stratum bootstrap; statistic recomputed with grouped 5-fold OOF isotonic crosswalk for residual metrics.,Subgroup-specific isotonic curve compared with full-sample curve.
subgroup_curve_divergence,vs,acti,isotonic,bmi_group,>=30,max_abs_subgroup_minus_full_predicted_target_over_target_iqr,0.1785293261682035,0.0948296160772016,0.213124375818003,300,300,3246,5482.084523809524,,,PSU-in-stratum bootstrap; statistic recomputed with grouped 5-fold OOF isotonic crosswalk for residual metrics.,Subgroup-specific isotonic curve divergence normalized by target IQR.
subgroup_curve_spread,vs,acti,isotonic,bmi_group,<25|25-<30|>=30,p95_between_subgroup_spread_predicted_target,641.2629787947371,673.4085088343713,995.8859569225413,300,300,8559,5482.084523809524,,,PSU-in-stratum bootstrap; statistic recomputed with grouped 5-fold OOF isotonic crosswalk for residual metrics.,"At each source-grid point, spread = max subgroup curve - min subgroup curve."
subgroup_curve_spread,vs,acti,isotonic,bmi_group,<25|25-<30|>=30,p95_between_subgroup_spread_predicted_target_over_target_iqr,0.1169742961841676,0.121602207735781,0.1839267551211753,300,300,8559,5482.084523809524,,,PSU-in-stratum bootstrap; statistic recomputed with grouped 5-fold OOF isotonic crosswalk for residual metrics.,Between-subgroup curve spread normalized by target IQR.
subgroup_curve_spread,vs,acti,isotonic,bmi_group,<25|25-<30|>=30,max_between_subgroup_spread_predicted_target,1094.7444552179822,875.2017525030935,1491.8587715877786,300,300,8559,5482.084523809524,,,PSU-in-stratum bootstrap; statistic recomputed with grouped 5-fold OOF isotonic crosswalk for residual metrics.,"At each source-grid point, spread = max subgroup curve - min subgroup curve."
subgroup_curve_spread,vs,acti,isotonic,bmi_group,<25|25-<30|>=30,max_between_subgroup_spread_predicted_target_over_target_iqr,0.1996949245243011,0.1581528291883358,0.2714029800826556,300,300,8559,5482.084523809524,,,PSU-in-stratum bootstrap; statistic recomputed with grouped 5-fold OOF isotonic crosswalk for residual metrics.,Between-subgroup curve spread normalized by target IQR.
fullsample_oof_residual,vs,adept,isotonic,overall,all,mae,696.5124139522036,680.2010320412012,718.6122756014656,300,300,8646,1919.4027944454592,696.5124139522036,0.0,PSU-in-stratum bootstrap; statistic recomputed with grouped 5-fold OOF isotonic crosswalk for residual metrics.,5-fold grouped OOF isotonic residual on target scale.
fullsample_oof_residual,vs,adept,isotonic,overall,all,rmse,1004.3877216914244,971.6754716285836,1039.2881979629826,300,300,8646,1919.4027944454592,1004.3877216914244,0.0,PSU-in-stratum bootstrap; statistic recomputed with grouped 5-fold OOF isotonic crosswalk for residual metrics.,5-fold grouped OOF isotonic residual on target scale.
fullsample_oof_residual,vs,adept,isotonic,overall,all,abs_error_p95,2016.413982805419,1952.6610780789897,2088.833474283165,300,300,8646,1919.4027944454592,2016.413982805419,0.0,PSU-in-stratum bootstrap; statistic recomputed with grouped 5-fold OOF isotonic crosswalk for residual metrics.,5-fold grouped OOF isotonic residual on target scale.
fullsample_oof_residual,vs,adept,isotonic,overall,all,mae_per_target_iqr,0.3628797540400764,0.3576676805996782,0.3718835854296329,300,300,8646,1919.4027944454592,0.3628797540400764,0.0,PSU-in-stratum bootstrap; statistic recomputed with grouped 5-fold OOF isotonic crosswalk for residual metrics.,MAE normalized by target algorithm IQR.
subgroup_curve_divergence,vs,adept,isotonic,age_group,20-39,p95_abs_subgroup_minus_full_predicted_target,227.96645635368805,161.2897019768056,333.58143621439234,300,300,2757,1919.4027944454592,,,PSU-in-stratum bootstrap; statistic recomputed with grouped 5-fold OOF isotonic crosswalk for residual metrics.,Subgroup-specific isotonic curve compared with full-sample curve.
subgroup_curve_divergence,vs,adept,isotonic,age_group,20-39,p95_abs_subgroup_minus_full_predicted_target_over_target_iqr,0.1187694719489822,0.0839672747933187,0.1769211803571239,300,300,2757,1919.4027944454592,,,PSU-in-stratum bootstrap; statistic recomputed with grouped 5-fold OOF isotonic crosswalk for residual metrics.,Subgroup-specific isotonic curve divergence normalized by target IQR.
subgroup_curve_divergence,vs,adept,isotonic,age_group,20-39,max_abs_subgroup_minus_full_predicted_target,281.6558794472767,223.33198214895663,519.3336952549467,300,300,2757,1919.4027944454592,,,PSU-in-stratum bootstrap; statistic recomputed with grouped 5-fold OOF isotonic crosswalk for residual metrics.,Subgroup-specific isotonic curve compared with full-sample curve.
subgroup_curve_divergence,vs,adept,isotonic,age_group,20-39,max_abs_subgroup_minus_full_predicted_target_over_target_iqr,0.146741413663853,0.1165408005513146,0.2743456352742038,300,300,2757,1919.4027944454592,,,PSU-in-stratum bootstrap; statistic recomputed with grouped 5-fold OOF isotonic crosswalk for residual metrics.,Subgroup-specific isotonic curve divergence normalized by target IQR.
subgroup_curve_divergence,vs,adept,isotonic,age_group,40-59,p95_abs_subgroup_minus_full_predicted_target,180.74450086274143,156.0895090467757,270.8271636211583,300,300,2949,1919.4027944454592,,,PSU-in-stratum bootstrap; statistic recomputed with grouped 5-fold OOF isotonic crosswalk for residual metrics.,Subgroup-specific isotonic curve compared with full-sample curve.
subgroup_curve_divergence,vs,adept,isotonic,age_group,40-59,p95_abs_subgroup_minus_full_predicted_target_over_target_iqr,0.0941670510149282,0.0814158782036129,0.142660825452719,300,300,2949,1919.4027944454592,,,PSU-in-stratum bootstrap; statistic recomputed with grouped 5-fold OOF isotonic crosswalk for residual metrics.,Subgroup-specific isotonic curve divergence normalized by target IQR.
subgroup_curve_divergence,vs,adept,isotonic,age_group,40-59,max_abs_subgroup_minus_full_predicted_target,256.46794549620904,211.172379313972,507.1439027520088,300,300,2949,1919.4027944454592,,,PSU-in-stratum bootstrap; statistic recomputed with grouped 5-fold OOF isotonic crosswalk for residual metrics.,Subgroup-specific isotonic curve compared with full-sample curve.
subgroup_curve_divergence,vs,adept,isotonic,age_group,40-59,max_abs_subgroup_minus_full_predicted_target_over_target_iqr,0.1336186162896079,0.1094165072922205,0.2665546361534354,300,300,2949,1919.4027944454592,,,PSU-in-stratum bootstrap; statistic recomputed with grouped 5-fold OOF isotonic crosswalk for residual metrics.,Subgroup-specific isotonic curve divergence normalized by target IQR.
subgroup_curve_divergence,vs,adept,isotonic,age_group,60+,p95_abs_subgroup_minus_full_predicted_target,211.16050003097735,193.0771871118888,466.5345407544794,300,300,2940,1919.4027944454592,,,PSU-in-stratum bootstrap; statistic recomputed with grouped 5-fold OOF isotonic crosswalk for residual metrics.,Subgroup-specific isotonic curve compared with full-sample curve.
subgroup_curve_divergence,vs,adept,isotonic,age_group,60+,p95_abs_subgroup_minus_full_predicted_target_over_target_iqr,0.11001364624562,0.1007667009882651,0.2451111523201694,300,300,2940,1919.4027944454592,,,PSU-in-stratum bootstrap; statistic recomputed with grouped 5-fold OOF isotonic crosswalk for residual metrics.,Subgroup-specific isotonic curve divergence normalized by target IQR.
subgroup_curve_divergence,vs,adept,isotonic,age_group,60+,max_abs_subgroup_minus_full_predicted_target,290.72577025956525,264.7314563709904,588.8322649765544,300,300,2940,1919.4027944454592,,,PSU-in-stratum bootstrap; statistic recomputed with grouped 5-fold OOF isotonic crosswalk for residual metrics.,Subgroup-specific isotonic curve compared with full-sample curve.
subgroup_curve_divergence,vs,adept,isotonic,age_group,60+,max_abs_subgroup_minus_full_predicted_target_over_target_iqr,0.1514667849296112,0.1398437657762404,0.3102343966892988,300,300,2940,1919.4027944454592,,,PSU-in-stratum bootstrap; statistic recomputed with grouped 5-fold OOF isotonic crosswalk for residual metrics.,Subgroup-specific isotonic curve divergence normalized by target IQR.
subgroup_curve_spread,vs,adept,isotonic,age_group,20-39|40-59|60+,p95_between_subgroup_spread_predicted_target,427.4734361214537,370.4880184126836,699.4223292518733,300,300,8646,1919.4027944454592,,,PSU-in-stratum bootstrap; statistic recomputed with grouped 5-fold OOF isotonic crosswalk for residual metrics.,"At each source-grid point, spread = max subgroup curve - min subgroup curve."
subgroup_curve_spread,vs,adept,isotonic,age_group,20-39|40-59|60+,p95_between_subgroup_spread_predicted_target_over_target_iqr,0.2227116879054854,0.1920051675042883,0.3624935801224045,300,300,8646,1919.4027944454592,,,PSU-in-stratum bootstrap; statistic recomputed with grouped 5-fold OOF isotonic crosswalk for residual metrics.,Between-subgroup curve spread normalized by target IQR.
subgroup_curve_spread,vs,adept,isotonic,age_group,20-39|40-59|60+,max_between_subgroup_spread_predicted_target,572.3816497068419,449.9428914388632,865.5780156684373,300,300,8646,1919.4027944454592,,,PSU-in-stratum bootstrap; statistic recomputed with grouped 5-fold OOF isotonic crosswalk for residual metrics.,"At each source-grid point, spread = max subgroup curve - min subgroup curve."
subgroup_curve_spread,vs,adept,isotonic,age_group,20-39|40-59|60+,max_between_subgroup_spread_predicted_target_over_target_iqr,0.2982081985934643,0.236425467278785,0.4504453826538218,300,300,8646,1919.4027944454592,,,PSU-in-stratum bootstrap; statistic recomputed with grouped 5-fold OOF isotonic crosswalk for residual metrics.,Between-subgroup curve spread normalized by target IQR.
subgroup_curve_divergence,vs,adept,isotonic,sex,male,p95_abs_subgroup_minus_full_predicted_target,332.2956642824911,312.4486138189986,448.52148017005226,300,300,4161,1919.4027944454592,,,PSU-in-stratum bootstrap; statistic recomputed with grouped 5-fold OOF isotonic crosswalk for residual metrics.,Subgroup-specific isotonic curve compared with full-sample curve.
subgroup_curve_divergence,vs,adept,isotonic,sex,male,p95_abs_subgroup_minus_full_predicted_target_over_target_iqr,0.1731245079167948,0.1628901063627568,0.2345625965287049,300,300,4161,1919.4027944454592,,,PSU-in-stratum bootstrap; statistic recomputed with grouped 5-fold OOF isotonic crosswalk for residual metrics.,Subgroup-specific isotonic curve divergence normalized by target IQR.
subgroup_curve_divergence,vs,adept,isotonic,sex,male,max_abs_subgroup_minus_full_predicted_target,447.0718385317714,363.6198892191723,681.5195240463779,300,300,4161,1919.4027944454592,,,PSU-in-stratum bootstrap; statistic recomputed with grouped 5-fold OOF isotonic crosswalk for residual metrics.,Subgroup-specific isotonic curve compared with full-sample curve.
subgroup_curve_divergence,vs,adept,isotonic,sex,male,max_abs_subgroup_minus_full_predicted_target_over_target_iqr,0.2329223651364623,0.1893520538799834,0.3523455836383133,300,300,4161,1919.4027944454592,,,PSU-in-stratum bootstrap; statistic recomputed with grouped 5-fold OOF isotonic crosswalk for residual metrics.,Subgroup-specific isotonic curve divergence normalized by target IQR.
subgroup_curve_divergence,vs,adept,isotonic,sex,female,p95_abs_subgroup_minus_full_predicted_target,427.3333950701317,350.1948724629671,567.1906790676019,300,300,4485,1919.4027944454592,,,PSU-in-stratum bootstrap; statistic recomputed with grouped 5-fold OOF isotonic crosswalk for residual metrics.,Subgroup-specific isotonic curve compared with full-sample curve.
subgroup_curve_divergence,vs,adept,isotonic,sex,female,p95_abs_subgroup_minus_full_predicted_target_over_target_iqr,0.2226387271638801,0.1805630373242273,0.30059940892386,300,300,4485,1919.4027944454592,,,PSU-in-stratum bootstrap; statistic recomputed with grouped 5-fold OOF isotonic crosswalk for residual metrics.,Subgroup-specific isotonic curve divergence normalized by target IQR.
subgroup_curve_divergence,vs,adept,isotonic,sex,female,max_abs_subgroup_minus_full_predicted_target,575.8884092533881,419.95102631857793,801.1934975710391,300,300,4485,1919.4027944454592,,,PSU-in-stratum bootstrap; statistic recomputed with grouped 5-fold OOF isotonic crosswalk for residual metrics.,Subgroup-specific isotonic curve compared with full-sample curve.
subgroup_curve_divergence,vs,adept,isotonic,sex,female,max_abs_subgroup_minus_full_predicted_target_over_target_iqr,0.3000352041374253,0.2195405513260965,0.418020889281287,300,300,4485,1919.4027944454592,,,PSU-in-stratum bootstrap; statistic recomputed with grouped 5-fold OOF isotonic crosswalk for residual metrics.,Subgroup-specific isotonic curve divergence normalized by target IQR.
subgroup_curve_spread,vs,adept,isotonic,sex,male|female,p95_between_subgroup_spread_predicted_target,747.7377497304951,630.3995253401602,978.7452817554024,300,300,8646,1919.4027944454592,,,PSU-in-stratum bootstrap; statistic recomputed with grouped 5-fold OOF isotonic crosswalk for residual metrics.,"At each source-grid point, spread = max subgroup curve - min subgroup curve."
subgroup_curve_spread,vs,adept,isotonic,sex,male|female,p95_between_subgroup_spread_predicted_target_over_target_iqr,0.3895679176326959,0.3306617877402224,0.5188963519604926,300,300,8646,1919.4027944454592,,,PSU-in-stratum bootstrap; statistic recomputed with grouped 5-fold OOF isotonic crosswalk for residual metrics.,Between-subgroup curve spread normalized by target IQR.
subgroup_curve_spread,vs,adept,isotonic,sex,male|female,max_between_subgroup_spread_predicted_target,983.4203795081594,754.1019473690505,1294.979688720941,300,300,8646,1919.4027944454592,,,PSU-in-stratum bootstrap; statistic recomputed with grouped 5-fold OOF isotonic crosswalk for residual metrics.,"At each source-grid point, spread = max subgroup curve - min subgroup curve."
subgroup_curve_spread,vs,adept,isotonic,sex,male|female,max_between_subgroup_spread_predicted_target_over_target_iqr,0.5123574803340236,0.3921264592458354,0.6763332331377082,300,300,8646,1919.4027944454592,,,PSU-in-stratum bootstrap; statistic recomputed with grouped 5-fold OOF isotonic crosswalk for residual metrics.,Between-subgroup curve spread normalized by target IQR.
subgroup_curve_divergence,vs,adept,isotonic,bmi_group,<25,p95_abs_subgroup_minus_full_predicted_target,185.68578546882964,150.88757982459742,310.45659315993726,300,300,2572,1919.4027944454592,,,PSU-in-stratum bootstrap; statistic recomputed with grouped 5-fold OOF isotonic crosswalk for residual metrics.,Subgroup-specific isotonic curve compared with full-sample curve.
subgroup_curve_divergence,vs,adept,isotonic,bmi_group,<25,p95_abs_subgroup_minus_full_predicted_target_over_target_iqr,0.0967414374961753,0.0784696114332789,0.1585767375193719,300,300,2572,1919.4027944454592,,,PSU-in-stratum bootstrap; statistic recomputed with grouped 5-fold OOF isotonic crosswalk for residual metrics.,Subgroup-specific isotonic curve divergence normalized by target IQR.
subgroup_curve_divergence,vs,adept,isotonic,bmi_group,<25,max_abs_subgroup_minus_full_predicted_target,220.04639752828007,195.4649021897405,482.9992121028824,300,300,2572,1919.4027944454592,,,PSU-in-stratum bootstrap; statistic recomputed with grouped 5-fold OOF isotonic crosswalk for residual metrics.,Subgroup-specific isotonic curve compared with full-sample curve.
subgroup_curve_divergence,vs,adept,isotonic,bmi_group,<25,max_abs_subgroup_minus_full_predicted_target_over_target_iqr,0.1146431578431948,0.1038781884802172,0.2477240967377639,300,300,2572,1919.4027944454592,,,PSU-in-stratum bootstrap; statistic recomputed with grouped 5-fold OOF isotonic crosswalk for residual metrics.,Subgroup-specific isotonic curve divergence normalized by target IQR.
subgroup_curve_divergence,vs,adept,isotonic,bmi_group,25-<30,p95_abs_subgroup_minus_full_predicted_target,197.06255445544775,179.22225741587695,297.95459075283935,300,300,2741,1919.4027944454592,,,PSU-in-stratum bootstrap; statistic recomputed with grouped 5-fold OOF isotonic crosswalk for residual metrics.,Subgroup-specific isotonic curve compared with full-sample curve.
subgroup_curve_divergence,vs,adept,isotonic,bmi_group,25-<30,p95_abs_subgroup_minus_full_predicted_target_over_target_iqr,0.1026686816470858,0.0923744159037213,0.155686298694437,300,300,2741,1919.4027944454592,,,PSU-in-stratum bootstrap; statistic recomputed with grouped 5-fold OOF isotonic crosswalk for residual metrics.,Subgroup-specific isotonic curve divergence normalized by target IQR.
subgroup_curve_divergence,vs,adept,isotonic,bmi_group,25-<30,max_abs_subgroup_minus_full_predicted_target,310.9423934846436,235.4301111233908,443.8792852308798,300,300,2741,1919.4027944454592,,,PSU-in-stratum bootstrap; statistic recomputed with grouped 5-fold OOF isotonic crosswalk for residual metrics.,Subgroup-specific isotonic curve compared with full-sample curve.
subgroup_curve_divergence,vs,adept,isotonic,bmi_group,25-<30,max_abs_subgroup_minus_full_predicted_target_over_target_iqr,0.161999552352678,0.1218482193306548,0.2331360865043075,300,300,2741,1919.4027944454592,,,PSU-in-stratum bootstrap; statistic recomputed with grouped 5-fold OOF isotonic crosswalk for residual metrics.,Subgroup-specific isotonic curve divergence normalized by target IQR.
subgroup_curve_divergence,vs,adept,isotonic,bmi_group,>=30,p95_abs_subgroup_minus_full_predicted_target,298.6163236377233,251.6377602060202,421.04907936666103,300,300,3246,1919.4027944454592,,,PSU-in-stratum bootstrap; statistic recomputed with grouped 5-fold OOF isotonic crosswalk for residual metrics.,Subgroup-specific isotonic curve compared with full-sample curve.
subgroup_curve_divergence,vs,adept,isotonic,bmi_group,>=30,p95_abs_subgroup_minus_full_predicted_target_over_target_iqr,0.1555777268335162,0.1320805233207018,0.2204783826583238,300,300,3246,1919.4027944454592,,,PSU-in-stratum bootstrap; statistic recomputed with grouped 5-fold OOF isotonic crosswalk for residual metrics.,Subgroup-specific isotonic curve divergence normalized by target IQR.
subgroup_curve_divergence,vs,adept,isotonic,bmi_group,>=30,max_abs_subgroup_minus_full_predicted_target,425.46569715304395,330.40306736400305,603.8130182174872,300,300,3246,1919.4027944454592,,,PSU-in-stratum bootstrap; statistic recomputed with grouped 5-fold OOF isotonic crosswalk for residual metrics.,Subgroup-specific isotonic curve compared with full-sample curve.
subgroup_curve_divergence,vs,adept,isotonic,bmi_group,>=30,max_abs_subgroup_minus_full_predicted_target_over_target_iqr,0.221665665166423,0.1729187279099986,0.3119916936763213,300,300,3246,1919.4027944454592,,,PSU-in-stratum bootstrap; statistic recomputed with grouped 5-fold OOF isotonic crosswalk for residual metrics.,Subgroup-specific isotonic curve divergence normalized by target IQR.
subgroup_curve_spread,vs,adept,isotonic,bmi_group,<25|25-<30|>=30,p95_between_subgroup_spread_predicted_target,454.6634900607901,416.7570471977213,630.2465523295901,300,300,8559,1919.4027944454592,,,PSU-in-stratum bootstrap; statistic recomputed with grouped 5-fold OOF isotonic crosswalk for residual metrics.,"At each source-grid point, spread = max subgroup curve - min subgroup curve."
subgroup_curve_spread,vs,adept,isotonic,bmi_group,<25|25-<30|>=30,p95_between_subgroup_spread_predicted_target_over_target_iqr,0.2368775805560647,0.2192763710239776,0.3278211038780218,300,300,8559,1919.4027944454592,,,PSU-in-stratum bootstrap; statistic recomputed with grouped 5-fold OOF isotonic crosswalk for residual metrics.,Between-subgroup curve spread normalized by target IQR.
subgroup_curve_spread,vs,adept,isotonic,bmi_group,<25|25-<30|>=30,max_between_subgroup_spread_predicted_target,611.1514826218736,485.9458672393741,820.2037328139664,300,300,8559,1919.4027944454592,,,PSU-in-stratum bootstrap; statistic recomputed with grouped 5-fold OOF isotonic crosswalk for residual metrics.,"At each source-grid point, spread = max subgroup curve - min subgroup curve."
subgroup_curve_spread,vs,adept,isotonic,bmi_group,<25|25-<30|>=30,max_between_subgroup_spread_predicted_target_over_target_iqr,0.3184071026625983,0.2575740131124747,0.4189136555004012,300,300,8559,1919.4027944454592,,,PSU-in-stratum bootstrap; statistic recomputed with grouped 5-fold OOF isotonic crosswalk for residual metrics.,Between-subgroup curve spread normalized by target IQR.
fullsample_oof_residual,vs,oak,isotonic,overall,all,mae,1035.8706375606585,1018.9937918398956,1055.6873647229636,300,300,8646,6887.578571428576,1035.870637560659,2.273736754432321e-13,PSU-in-stratum bootstrap; statistic recomputed with grouped 5-fold OOF isotonic crosswalk for residual metrics.,5-fold grouped OOF isotonic residual on target scale.
fullsample_oof_residual,vs,oak,isotonic,overall,all,rmse,1503.0439102617615,1459.7176928554231,1545.6617601321163,300,300,8646,6887.578571428576,1503.0439102617615,0.0,PSU-in-stratum bootstrap; statistic recomputed with grouped 5-fold OOF isotonic crosswalk for residual metrics.,5-fold grouped OOF isotonic residual on target scale.
fullsample_oof_residual,vs,oak,isotonic,overall,all,abs_error_p95,2939.455885635505,2873.1136033660373,3012.4657655972246,300,300,8646,6887.578571428576,2939.455885635505,0.0,PSU-in-stratum bootstrap; statistic recomputed with grouped 5-fold OOF isotonic crosswalk for residual metrics.,5-fold grouped OOF isotonic residual on target scale.
fullsample_oof_residual,vs,oak,isotonic,overall,all,mae_per_target_iqr,0.1503969249596241,0.1472986723581075,0.1548837342796991,300,300,8646,6887.578571428576,0.1503969249596241,2.7755575615628914e-17,PSU-in-stratum bootstrap; statistic recomputed with grouped 5-fold OOF isotonic crosswalk for residual metrics.,MAE normalized by target algorithm IQR.
subgroup_curve_divergence,vs,oak,isotonic,age_group,20-39,p95_abs_subgroup_minus_full_predicted_target,520.3461835868638,422.93125485519647,616.1645550288707,300,300,2757,6887.578571428576,,,PSU-in-stratum bootstrap; statistic recomputed with grouped 5-fold OOF isotonic crosswalk for residual metrics.,Subgroup-specific isotonic curve compared with full-sample curve.
subgroup_curve_divergence,vs,oak,isotonic,age_group,20-39,p95_abs_subgroup_minus_full_predicted_target_over_target_iqr,0.0755484933043656,0.0615444895177109,0.0894380788574491,300,300,2757,6887.578571428576,,,PSU-in-stratum bootstrap; statistic recomputed with grouped 5-fold OOF isotonic crosswalk for residual metrics.,Subgroup-specific isotonic curve divergence normalized by target IQR.
subgroup_curve_divergence,vs,oak,isotonic,age_group,20-39,max_abs_subgroup_minus_full_predicted_target,1003.737527905996,562.1606967912847,1077.025110492687,300,300,2757,6887.578571428576,,,PSU-in-stratum bootstrap; statistic recomputed with grouped 5-fold OOF isotonic crosswalk for residual metrics.,Subgroup-specific isotonic curve compared with full-sample curve.
subgroup_curve_divergence,vs,oak,isotonic,age_group,20-39,max_abs_subgroup_minus_full_predicted_target_over_target_iqr,0.145731553912104,0.0806701987412795,0.1575823783177163,300,300,2757,6887.578571428576,,,PSU-in-stratum bootstrap; statistic recomputed with grouped 5-fold OOF isotonic crosswalk for residual metrics.,Subgroup-specific isotonic curve divergence normalized by target IQR.
subgroup_curve_divergence,vs,oak,isotonic,age_group,40-59,p95_abs_subgroup_minus_full_predicted_target,394.0030952935422,402.2072512114274,566.6625953436356,300,300,2949,6887.578571428576,,,PSU-in-stratum bootstrap; statistic recomputed with grouped 5-fold OOF isotonic crosswalk for residual metrics.,Subgroup-specific isotonic curve compared with full-sample curve.
subgroup_curve_divergence,vs,oak,isotonic,age_group,40-59,p95_abs_subgroup_minus_full_predicted_target_over_target_iqr,0.0572048784935778,0.0583213718984602,0.0824623520390886,300,300,2949,6887.578571428576,,,PSU-in-stratum bootstrap; statistic recomputed with grouped 5-fold OOF isotonic crosswalk for residual metrics.,Subgroup-specific isotonic curve divergence normalized by target IQR.
subgroup_curve_divergence,vs,oak,isotonic,age_group,40-59,max_abs_subgroup_minus_full_predicted_target,1093.1540839954978,539.3803364232078,1373.5466961837328,300,300,2949,6887.578571428576,,,PSU-in-stratum bootstrap; statistic recomputed with grouped 5-fold OOF isotonic crosswalk for residual metrics.,Subgroup-specific isotonic curve compared with full-sample curve.
subgroup_curve_divergence,vs,oak,isotonic,age_group,40-59,max_abs_subgroup_minus_full_predicted_target_over_target_iqr,0.1587138458979151,0.0777786078261202,0.1998117980424382,300,300,2949,6887.578571428576,,,PSU-in-stratum bootstrap; statistic recomputed with grouped 5-fold OOF isotonic crosswalk for residual metrics.,Subgroup-specific isotonic curve divergence normalized by target IQR.
subgroup_curve_divergence,vs,oak,isotonic,age_group,60+,p95_abs_subgroup_minus_full_predicted_target,1101.4011454173014,898.5793657543029,1454.635272191454,300,300,2940,6887.578571428576,,,PSU-in-stratum bootstrap; statistic recomputed with grouped 5-fold OOF isotonic crosswalk for residual metrics.,Subgroup-specific isotonic curve compared with full-sample curve.
subgroup_curve_divergence,vs,oak,isotonic,age_group,60+,p95_abs_subgroup_minus_full_predicted_target_over_target_iqr,0.1599112277261261,0.1297503969793954,0.2106574461668184,300,300,2940,6887.578571428576,,,PSU-in-stratum bootstrap; statistic recomputed with grouped 5-fold OOF isotonic crosswalk for residual metrics.,Subgroup-specific isotonic curve divergence normalized by target IQR.
subgroup_curve_divergence,vs,oak,isotonic,age_group,60+,max_abs_subgroup_minus_full_predicted_target,1618.9734140531257,1146.855332726823,1984.170762512025,300,300,2940,6887.578571428576,,,PSU-in-stratum bootstrap; statistic recomputed with grouped 5-fold OOF isotonic crosswalk for residual metrics.,Subgroup-specific isotonic curve compared with full-sample curve.
subgroup_curve_divergence,vs,oak,isotonic,age_group,60+,max_abs_subgroup_minus_full_predicted_target_over_target_iqr,0.235056979352517,0.1674019628829669,0.2880427496682093,300,300,2940,6887.578571428576,,,PSU-in-stratum bootstrap; statistic recomputed with grouped 5-fold OOF isotonic crosswalk for residual metrics.,Subgroup-specific isotonic curve divergence normalized by target IQR.
subgroup_curve_spread,vs,oak,isotonic,age_group,20-39|40-59|60+,p95_between_subgroup_spread_predicted_target,1589.5529007018013,1289.9581910945997,1937.6433060518657,300,300,8646,6887.578571428576,,,PSU-in-stratum bootstrap; statistic recomputed with grouped 5-fold OOF isotonic crosswalk for residual metrics.,"At each source-grid point, spread = max subgroup curve - min subgroup curve."
subgroup_curve_spread,vs,oak,isotonic,age_group,20-39|40-59|60+,p95_between_subgroup_spread_predicted_target_over_target_iqr,0.2307854471955746,0.1859242217943057,0.2806030233122221,300,300,8646,6887.578571428576,,,PSU-in-stratum bootstrap; statistic recomputed with grouped 5-fold OOF isotonic crosswalk for residual metrics.,Between-subgroup curve spread normalized by target IQR.
subgroup_curve_spread,vs,oak,isotonic,age_group,20-39|40-59|60+,max_between_subgroup_spread_predicted_target,1790.720153223363,1508.9795030698997,2416.862158341298,300,300,8646,6887.578571428576,,,PSU-in-stratum bootstrap; statistic recomputed with grouped 5-fold OOF isotonic crosswalk for residual metrics.,"At each source-grid point, spread = max subgroup curve - min subgroup curve."
subgroup_curve_spread,vs,oak,isotonic,age_group,20-39|40-59|60+,max_between_subgroup_spread_predicted_target_over_target_iqr,0.2599927005771992,0.218078893368554,0.3529604994769071,300,300,8646,6887.578571428576,,,PSU-in-stratum bootstrap; statistic recomputed with grouped 5-fold OOF isotonic crosswalk for residual metrics.,Between-subgroup curve spread normalized by target IQR.
subgroup_curve_divergence,vs,oak,isotonic,sex,male,p95_abs_subgroup_minus_full_predicted_target,364.95883092612166,279.46133631215844,424.0152700430088,300,300,4161,6887.578571428576,,,PSU-in-stratum bootstrap; statistic recomputed with grouped 5-fold OOF isotonic crosswalk for residual metrics.,Subgroup-specific isotonic curve compared with full-sample curve.
subgroup_curve_divergence,vs,oak,isotonic,sex,male,p95_abs_subgroup_minus_full_predicted_target_over_target_iqr,0.0529879735151136,0.0402826351805819,0.062156187605908,300,300,4161,6887.578571428576,,,PSU-in-stratum bootstrap; statistic recomputed with grouped 5-fold OOF isotonic crosswalk for residual metrics.,Subgroup-specific isotonic curve divergence normalized by target IQR.
subgroup_curve_divergence,vs,oak,isotonic,sex,male,max_abs_subgroup_minus_full_predicted_target,467.2910800130739,376.3281512118271,829.501354543208,300,300,4161,6887.578571428576,,,PSU-in-stratum bootstrap; statistic recomputed with grouped 5-fold OOF isotonic crosswalk for residual metrics.,Subgroup-specific isotonic curve compared with full-sample curve.
subgroup_curve_divergence,vs,oak,isotonic,sex,male,max_abs_subgroup_minus_full_predicted_target_over_target_iqr,0.0678454808416293,0.0555267050874048,0.1198759906410968,300,300,4161,6887.578571428576,,,PSU-in-stratum bootstrap; statistic recomputed with grouped 5-fold OOF isotonic crosswalk for residual metrics.,Subgroup-specific isotonic curve divergence normalized by target IQR.
subgroup_curve_divergence,vs,oak,isotonic,sex,female,p95_abs_subgroup_minus_full_predicted_target,268.5350455166845,261.42808593113296,481.5401829791956,300,300,4485,6887.578571428576,,,PSU-in-stratum bootstrap; statistic recomputed with grouped 5-fold OOF isotonic crosswalk for residual metrics.,Subgroup-specific isotonic curve compared with full-sample curve.
subgroup_curve_divergence,vs,oak,isotonic,sex,female,p95_abs_subgroup_minus_full_predicted_target_over_target_iqr,0.038988309567986,0.0379190945125577,0.0702969490886184,300,300,4485,6887.578571428576,,,PSU-in-stratum bootstrap; statistic recomputed with grouped 5-fold OOF isotonic crosswalk for residual metrics.,Subgroup-specific isotonic curve divergence normalized by target IQR.
subgroup_curve_divergence,vs,oak,isotonic,sex,female,max_abs_subgroup_minus_full_predicted_target,410.9481410108056,370.0644605570694,971.7807632525764,300,300,4485,6887.578571428576,,,PSU-in-stratum bootstrap; statistic recomputed with grouped 5-fold OOF isotonic crosswalk for residual metrics.,Subgroup-specific isotonic curve compared with full-sample curve.
subgroup_curve_divergence,vs,oak,isotonic,sex,female,max_abs_subgroup_minus_full_predicted_target_over_target_iqr,0.0596651111488619,0.0533525986963528,0.1431344291360783,300,300,4485,6887.578571428576,,,PSU-in-stratum bootstrap; statistic recomputed with grouped 5-fold OOF isotonic crosswalk for residual metrics.,Subgroup-specific isotonic curve divergence normalized by target IQR.
subgroup_curve_spread,vs,oak,isotonic,sex,male|female,p95_between_subgroup_spread_predicted_target,572.1519660572558,505.2942539821439,749.0157165848884,300,300,8646,6887.578571428576,,,PSU-in-stratum bootstrap; statistic recomputed with grouped 5-fold OOF isotonic crosswalk for residual metrics.,"At each source-grid point, spread = max subgroup curve - min subgroup curve."
subgroup_curve_spread,vs,oak,isotonic,sex,male|female,p95_between_subgroup_spread_predicted_target_over_target_iqr,0.0830701182024532,0.0732011143238947,0.1098824921320957,300,300,8646,6887.578571428576,,,PSU-in-stratum bootstrap; statistic recomputed with grouped 5-fold OOF isotonic crosswalk for residual metrics.,Between-subgroup curve spread normalized by target IQR.
subgroup_curve_spread,vs,oak,isotonic,sex,male|female,max_between_subgroup_spread_predicted_target,775.9069719369272,669.0329476349611,1236.3571299949954,300,300,8646,6887.578571428576,,,PSU-in-stratum bootstrap; statistic recomputed with grouped 5-fold OOF isotonic crosswalk for residual metrics.,"At each source-grid point, spread = max subgroup curve - min subgroup curve."
subgroup_curve_spread,vs,oak,isotonic,sex,male|female,max_between_subgroup_spread_predicted_target_over_target_iqr,0.1126530846639755,0.0956081044514722,0.1813906130272283,300,300,8646,6887.578571428576,,,PSU-in-stratum bootstrap; statistic recomputed with grouped 5-fold OOF isotonic crosswalk for residual metrics.,Between-subgroup curve spread normalized by target IQR.
subgroup_curve_divergence,vs,oak,isotonic,bmi_group,<25,p95_abs_subgroup_minus_full_predicted_target,305.78124933973595,327.2201566062379,571.2978660113947,300,300,2572,6887.578571428576,,,PSU-in-stratum bootstrap; statistic recomputed with grouped 5-fold OOF isotonic crosswalk for residual metrics.,Subgroup-specific isotonic curve compared with full-sample curve.
subgroup_curve_divergence,vs,oak,isotonic,bmi_group,<25,p95_abs_subgroup_minus_full_predicted_target_over_target_iqr,0.0443960451657414,0.0480122108845848,0.0816130799219185,300,300,2572,6887.578571428576,,,PSU-in-stratum bootstrap; statistic recomputed with grouped 5-fold OOF isotonic crosswalk for residual metrics.,Subgroup-specific isotonic curve divergence normalized by target IQR.
subgroup_curve_divergence,vs,oak,isotonic,bmi_group,<25,max_abs_subgroup_minus_full_predicted_target,543.4714340792034,476.4429559578084,1307.9762961703505,300,300,2572,6887.578571428576,,,PSU-in-stratum bootstrap; statistic recomputed with grouped 5-fold OOF isotonic crosswalk for residual metrics.,Subgroup-specific isotonic curve compared with full-sample curve.
subgroup_curve_divergence,vs,oak,isotonic,bmi_group,<25,max_abs_subgroup_minus_full_predicted_target_over_target_iqr,0.0789060231317956,0.0697515483869911,0.1907154081188391,300,300,2572,6887.578571428576,,,PSU-in-stratum bootstrap; statistic recomputed with grouped 5-fold OOF isotonic crosswalk for residual metrics.,Subgroup-specific isotonic curve divergence normalized by target IQR.
subgroup_curve_divergence,vs,oak,isotonic,bmi_group,25-<30,p95_abs_subgroup_minus_full_predicted_target,285.3962662337667,284.15640328941447,485.6750193553117,300,300,2741,6887.578571428576,,,PSU-in-stratum bootstrap; statistic recomputed with grouped 5-fold OOF isotonic crosswalk for residual metrics.,Subgroup-specific isotonic curve compared with full-sample curve.
subgroup_curve_divergence,vs,oak,isotonic,bmi_group,25-<30,p95_abs_subgroup_minus_full_predicted_target_over_target_iqr,0.0414363717631713,0.0413532962490061,0.0706219314060441,300,300,2741,6887.578571428576,,,PSU-in-stratum bootstrap; statistic recomputed with grouped 5-fold OOF isotonic crosswalk for residual metrics.,Subgroup-specific isotonic curve divergence normalized by target IQR.
subgroup_curve_divergence,vs,oak,isotonic,bmi_group,25-<30,max_abs_subgroup_minus_full_predicted_target,629.3013530412172,421.8053353514207,1124.392459837773,300,300,2741,6887.578571428576,,,PSU-in-stratum bootstrap; statistic recomputed with grouped 5-fold OOF isotonic crosswalk for residual metrics.,Subgroup-specific isotonic curve compared with full-sample curve.
subgroup_curve_divergence,vs,oak,isotonic,bmi_group,25-<30,max_abs_subgroup_minus_full_predicted_target_over_target_iqr,0.091367575195689,0.0608194232227023,0.1642070195026912,300,300,2741,6887.578571428576,,,PSU-in-stratum bootstrap; statistic recomputed with grouped 5-fold OOF isotonic crosswalk for residual metrics.,Subgroup-specific isotonic curve divergence normalized by target IQR.
subgroup_curve_divergence,vs,oak,isotonic,bmi_group,>=30,p95_abs_subgroup_minus_full_predicted_target,388.0648447578733,309.3797422029505,620.4066532100499,300,300,3246,6887.578571428576,,,PSU-in-stratum bootstrap; statistic recomputed with grouped 5-fold OOF isotonic crosswalk for residual metrics.,Subgroup-specific isotonic curve compared with full-sample curve.
subgroup_curve_divergence,vs,oak,isotonic,bmi_group,>=30,p95_abs_subgroup_minus_full_predicted_target_over_target_iqr,0.0563427103928316,0.0449481888200334,0.090478392778606,300,300,3246,6887.578571428576,,,PSU-in-stratum bootstrap; statistic recomputed with grouped 5-fold OOF isotonic crosswalk for residual metrics.,Subgroup-specific isotonic curve divergence normalized by target IQR.
subgroup_curve_divergence,vs,oak,isotonic,bmi_group,>=30,max_abs_subgroup_minus_full_predicted_target,781.467198747232,490.3003400667495,1205.6075811261685,300,300,3246,6887.578571428576,,,PSU-in-stratum bootstrap; statistic recomputed with grouped 5-fold OOF isotonic crosswalk for residual metrics.,Subgroup-specific isotonic curve compared with full-sample curve.
subgroup_curve_divergence,vs,oak,isotonic,bmi_group,>=30,max_abs_subgroup_minus_full_predicted_target_over_target_iqr,0.1134603679134719,0.0712658256155557,0.176320285721388,300,300,3246,6887.578571428576,,,PSU-in-stratum bootstrap; statistic recomputed with grouped 5-fold OOF isotonic crosswalk for residual metrics.,Subgroup-specific isotonic curve divergence normalized by target IQR.
subgroup_curve_spread,vs,oak,isotonic,bmi_group,<25|25-<30|>=30,p95_between_subgroup_spread_predicted_target,651.3851391727658,670.5024874785968,1041.8135238533732,300,300,8559,6887.578571428576,,,PSU-in-stratum bootstrap; statistic recomputed with grouped 5-fold OOF isotonic crosswalk for residual metrics.,"At each source-grid point, spread = max subgroup curve - min subgroup curve."
subgroup_curve_spread,vs,oak,isotonic,bmi_group,<25|25-<30|>=30,p95_between_subgroup_spread_predicted_target_over_target_iqr,0.0945738959516014,0.0976905440552721,0.1508962166095288,300,300,8559,6887.578571428576,,,PSU-in-stratum bootstrap; statistic recomputed with grouped 5-fold OOF isotonic crosswalk for residual metrics.,Between-subgroup curve spread normalized by target IQR.
subgroup_curve_spread,vs,oak,isotonic,bmi_group,<25|25-<30|>=30,max_between_subgroup_spread_predicted_target,1038.921538825758,874.3398686319308,1687.9034071123574,300,300,8559,6887.578571428576,,,PSU-in-stratum bootstrap; statistic recomputed with grouped 5-fold OOF isotonic crosswalk for residual metrics.,"At each source-grid point, spread = max subgroup curve - min subgroup curve."
subgroup_curve_spread,vs,oak,isotonic,bmi_group,<25|25-<30|>=30,max_between_subgroup_spread_predicted_target_over_target_iqr,0.1508398819776036,0.1260389570520201,0.2462449768309385,300,300,8559,6887.578571428576,,,PSU-in-stratum bootstrap; statistic recomputed with grouped 5-fold OOF isotonic crosswalk for residual metrics.,Between-subgroup curve spread normalized by target IQR.
fullsample_oof_residual,vs,scrf,isotonic,overall,all,mae,1665.6407459542916,1638.2916581735303,1708.1251868585243,300,300,8646,7482.482142857143,1665.6407459542916,0.0,PSU-in-stratum bootstrap; statistic recomputed with grouped 5-fold OOF isotonic crosswalk for residual metrics.,5-fold grouped OOF isotonic residual on target scale.
fullsample_oof_residual,vs,scrf,isotonic,overall,all,rmse,2369.748798836445,2309.4184668061716,2447.9111953318934,300,300,8646,7482.482142857143,2369.748798836445,0.0,PSU-in-stratum bootstrap; statistic recomputed with grouped 5-fold OOF isotonic crosswalk for residual metrics.,5-fold grouped OOF isotonic residual on target scale.
fullsample_oof_residual,vs,scrf,isotonic,overall,all,abs_error_p95,4733.163202956966,4615.616584076405,4890.676787119786,300,300,8646,7482.482142857143,4733.163202956966,0.0,PSU-in-stratum bootstrap; statistic recomputed with grouped 5-fold OOF isotonic crosswalk for residual metrics.,5-fold grouped OOF isotonic residual on target scale.
fullsample_oof_residual,vs,scrf,isotonic,overall,all,mae_per_target_iqr,0.2226053753491854,0.2181023559785662,0.2277833993132898,300,300,8646,7482.482142857143,0.2226053753491854,0.0,PSU-in-stratum bootstrap; statistic recomputed with grouped 5-fold OOF isotonic crosswalk for residual metrics.,MAE normalized by target algorithm IQR.
subgroup_curve_divergence,vs,scrf,isotonic,age_group,20-39,p95_abs_subgroup_minus_full_predicted_target,700.6346807729951,513.1277904940472,860.9062928637939,300,300,2757,7482.482142857143,,,PSU-in-stratum bootstrap; statistic recomputed with grouped 5-fold OOF isotonic crosswalk for residual metrics.,Subgroup-specific isotonic curve compared with full-sample curve.
subgroup_curve_divergence,vs,scrf,isotonic,age_group,20-39,p95_abs_subgroup_minus_full_predicted_target_over_target_iqr,0.0936366659346896,0.0684023115713529,0.1150184916739146,300,300,2757,7482.482142857143,,,PSU-in-stratum bootstrap; statistic recomputed with grouped 5-fold OOF isotonic crosswalk for residual metrics.,Subgroup-specific isotonic curve divergence normalized by target IQR.
subgroup_curve_divergence,vs,scrf,isotonic,age_group,20-39,max_abs_subgroup_minus_full_predicted_target,1332.7657721725773,745.2605412511624,1945.8269357480265,300,300,2757,7482.482142857143,,,PSU-in-stratum bootstrap; statistic recomputed with grouped 5-fold OOF isotonic crosswalk for residual metrics.,Subgroup-specific isotonic curve compared with full-sample curve.
subgroup_curve_divergence,vs,scrf,isotonic,age_group,20-39,max_abs_subgroup_minus_full_predicted_target_over_target_iqr,0.1781181360312165,0.0988712043508065,0.2622949543481429,300,300,2757,7482.482142857143,,,PSU-in-stratum bootstrap; statistic recomputed with grouped 5-fold OOF isotonic crosswalk for residual metrics.,Subgroup-specific isotonic curve divergence normalized by target IQR.
subgroup_curve_divergence,vs,scrf,isotonic,age_group,40-59,p95_abs_subgroup_minus_full_predicted_target,634.445998677249,536.7163790545358,879.6456802721069,300,300,2949,7482.482142857143,,,PSU-in-stratum bootstrap; statistic recomputed with grouped 5-fold OOF isotonic crosswalk for residual metrics.,Subgroup-specific isotonic curve compared with full-sample curve.
subgroup_curve_divergence,vs,scrf,isotonic,age_group,40-59,p95_abs_subgroup_minus_full_predicted_target_over_target_iqr,0.084790847016307,0.072076808800189,0.1189005803726774,300,300,2949,7482.482142857143,,,PSU-in-stratum bootstrap; statistic recomputed with grouped 5-fold OOF isotonic crosswalk for residual metrics.,Subgroup-specific isotonic curve divergence normalized by target IQR.
subgroup_curve_divergence,vs,scrf,isotonic,age_group,40-59,max_abs_subgroup_minus_full_predicted_target,797.5340133421741,732.0603619756209,1662.6209558531775,300,300,2949,7482.482142857143,,,PSU-in-stratum bootstrap; statistic recomputed with grouped 5-fold OOF isotonic crosswalk for residual metrics.,Subgroup-specific isotonic curve compared with full-sample curve.
subgroup_curve_divergence,vs,scrf,isotonic,age_group,40-59,max_abs_subgroup_minus_full_predicted_target_over_target_iqr,0.1065868248150125,0.0978114436395312,0.220773048121402,300,300,2949,7482.482142857143,,,PSU-in-stratum bootstrap; statistic recomputed with grouped 5-fold OOF isotonic crosswalk for residual metrics.,Subgroup-specific isotonic curve divergence normalized by target IQR.
subgroup_curve_divergence,vs,scrf,isotonic,age_group,60+,p95_abs_subgroup_minus_full_predicted_target,1447.293245468325,1174.9012847866125,1990.2252395933224,300,300,2940,7482.482142857143,,,PSU-in-stratum bootstrap; statistic recomputed with grouped 5-fold OOF isotonic crosswalk for residual metrics.,Subgroup-specific isotonic curve compared with full-sample curve.
subgroup_curve_divergence,vs,scrf,isotonic,age_group,60+,p95_abs_subgroup_minus_full_predicted_target_over_target_iqr,0.1934242164346394,0.1553277516801853,0.2597915605604596,300,300,2940,7482.482142857143,,,PSU-in-stratum bootstrap; statistic recomputed with grouped 5-fold OOF isotonic crosswalk for residual metrics.,Subgroup-specific isotonic curve divergence normalized by target IQR.
subgroup_curve_divergence,vs,scrf,isotonic,age_group,60+,max_abs_subgroup_minus_full_predicted_target,2561.0037494067365,1485.0724390710448,3261.866604298792,300,300,2940,7482.482142857143,,,PSU-in-stratum bootstrap; statistic recomputed with grouped 5-fold OOF isotonic crosswalk for residual metrics.,Subgroup-specific isotonic curve compared with full-sample curve.
subgroup_curve_divergence,vs,scrf,isotonic,age_group,60+,max_abs_subgroup_minus_full_predicted_target_over_target_iqr,0.3422666035830767,0.1982838813294904,0.4342552277661232,300,300,2940,7482.482142857143,,,PSU-in-stratum bootstrap; statistic recomputed with grouped 5-fold OOF isotonic crosswalk for residual metrics.,Subgroup-specific isotonic curve divergence normalized by target IQR.
subgroup_curve_spread,vs,scrf,isotonic,age_group,20-39|40-59|60+,p95_between_subgroup_spread_predicted_target,1965.426122448982,1653.0043992601145,2794.0839860316087,300,300,8646,7482.482142857143,,,PSU-in-stratum bootstrap; statistic recomputed with grouped 5-fold OOF isotonic crosswalk for residual metrics.,"At each source-grid point, spread = max subgroup curve - min subgroup curve."
subgroup_curve_spread,vs,scrf,isotonic,age_group,20-39|40-59|60+,p95_between_subgroup_spread_predicted_target_over_target_iqr,0.2626703391902109,0.221205039214746,0.3735427596074029,300,300,8646,7482.482142857143,,,PSU-in-stratum bootstrap; statistic recomputed with grouped 5-fold OOF isotonic crosswalk for residual metrics.,Between-subgroup curve spread normalized by target IQR.
subgroup_curve_spread,vs,scrf,isotonic,age_group,20-39|40-59|60+,max_between_subgroup_spread_predicted_target,2902.6421361900248,2080.808343319028,3763.779504863799,300,300,8646,7482.482142857143,,,PSU-in-stratum bootstrap; statistic recomputed with grouped 5-fold OOF isotonic crosswalk for residual metrics.,"At each source-grid point, spread = max subgroup curve - min subgroup curve."
subgroup_curve_spread,vs,scrf,isotonic,age_group,20-39|40-59|60+,max_between_subgroup_spread_predicted_target_over_target_iqr,0.3879250335346162,0.2780862327752137,0.5044044015845591,300,300,8646,7482.482142857143,,,PSU-in-stratum bootstrap; statistic recomputed with grouped 5-fold OOF isotonic crosswalk for residual metrics.,Between-subgroup curve spread normalized by target IQR.
subgroup_curve_divergence,vs,scrf,isotonic,sex,male,p95_abs_subgroup_minus_full_predicted_target,574.7559745809758,508.90479701426335,816.3266872116925,300,300,4161,7482.482142857143,,,PSU-in-stratum bootstrap; statistic recomputed with grouped 5-fold OOF isotonic crosswalk for residual metrics.,Subgroup-specific isotonic curve compared with full-sample curve.
subgroup_curve_divergence,vs,scrf,isotonic,sex,male,p95_abs_subgroup_minus_full_predicted_target_over_target_iqr,0.0768135444372084,0.0674426391266897,0.1072914524072392,300,300,4161,7482.482142857143,,,PSU-in-stratum bootstrap; statistic recomputed with grouped 5-fold OOF isotonic crosswalk for residual metrics.,Subgroup-specific isotonic curve divergence normalized by target IQR.
subgroup_curve_divergence,vs,scrf,isotonic,sex,male,max_abs_subgroup_minus_full_predicted_target,1578.6642768678248,736.0678492917509,2031.6668600975424,300,300,4161,7482.482142857143,,,PSU-in-stratum bootstrap; statistic recomputed with grouped 5-fold OOF isotonic crosswalk for residual metrics.,Subgroup-specific isotonic curve compared with full-sample curve.
subgroup_curve_divergence,vs,scrf,isotonic,sex,male,max_abs_subgroup_minus_full_predicted_target_over_target_iqr,0.2109813624312935,0.098878364541028,0.2707522749638355,300,300,4161,7482.482142857143,,,PSU-in-stratum bootstrap; statistic recomputed with grouped 5-fold OOF isotonic crosswalk for residual metrics.,Subgroup-specific isotonic curve divergence normalized by target IQR.
subgroup_curve_divergence,vs,scrf,isotonic,sex,female,p95_abs_subgroup_minus_full_predicted_target,596.7828804325763,543.2226875409183,1082.0187009755325,300,300,4485,7482.482142857143,,,PSU-in-stratum bootstrap; statistic recomputed with grouped 5-fold OOF isotonic crosswalk for residual metrics.,Subgroup-specific isotonic curve compared with full-sample curve.
subgroup_curve_divergence,vs,scrf,isotonic,sex,female,p95_abs_subgroup_minus_full_predicted_target_over_target_iqr,0.079757341085307,0.0731236731565521,0.1412892193595931,300,300,4485,7482.482142857143,,,PSU-in-stratum bootstrap; statistic recomputed with grouped 5-fold OOF isotonic crosswalk for residual metrics.,Subgroup-specific isotonic curve divergence normalized by target IQR.
subgroup_curve_divergence,vs,scrf,isotonic,sex,female,max_abs_subgroup_minus_full_predicted_target,1496.689612490427,766.7641044350619,2060.783487891858,300,300,4485,7482.482142857143,,,PSU-in-stratum bootstrap; statistic recomputed with grouped 5-fold OOF isotonic crosswalk for residual metrics.,Subgroup-specific isotonic curve compared with full-sample curve.
subgroup_curve_divergence,vs,scrf,isotonic,sex,female,max_abs_subgroup_minus_full_predicted_target_over_target_iqr,0.2000258181597109,0.1018968224937656,0.2741157262035116,300,300,4485,7482.482142857143,,,PSU-in-stratum bootstrap; statistic recomputed with grouped 5-fold OOF isotonic crosswalk for residual metrics.,Subgroup-specific isotonic curve divergence normalized by target IQR.
subgroup_curve_spread,vs,scrf,isotonic,sex,male|female,p95_between_subgroup_spread_predicted_target,1518.7987832006002,1051.6296530557856,1710.6326409928529,300,300,8646,7482.482142857143,,,PSU-in-stratum bootstrap; statistic recomputed with grouped 5-fold OOF isotonic crosswalk for residual metrics.,"At each source-grid point, spread = max subgroup curve - min subgroup curve."
subgroup_curve_spread,vs,scrf,isotonic,sex,male|female,p95_between_subgroup_spread_predicted_target_over_target_iqr,0.2029806091352268,0.1409954245921025,0.2273583087823263,300,300,8646,7482.482142857143,,,PSU-in-stratum bootstrap; statistic recomputed with grouped 5-fold OOF isotonic crosswalk for residual metrics.,Between-subgroup curve spread normalized by target IQR.
subgroup_curve_spread,vs,scrf,isotonic,sex,male|female,max_between_subgroup_spread_predicted_target,2440.181483868615,1565.7944303841325,2852.487068197091,300,300,8646,7482.482142857143,,,PSU-in-stratum bootstrap; statistic recomputed with grouped 5-fold OOF isotonic crosswalk for residual metrics.,"At each source-grid point, spread = max subgroup curve - min subgroup curve."
subgroup_curve_spread,vs,scrf,isotonic,sex,male|female,max_between_subgroup_spread_predicted_target_over_target_iqr,0.3261192525795786,0.2090061313199303,0.3812871139324815,300,300,8646,7482.482142857143,,,PSU-in-stratum bootstrap; statistic recomputed with grouped 5-fold OOF isotonic crosswalk for residual metrics.,Between-subgroup curve spread normalized by target IQR.
subgroup_curve_divergence,vs,scrf,isotonic,bmi_group,<25,p95_abs_subgroup_minus_full_predicted_target,648.5454462897724,559.1810320904608,942.0562994076485,300,300,2572,7482.482142857143,,,PSU-in-stratum bootstrap; statistic recomputed with grouped 5-fold OOF isotonic crosswalk for residual metrics.,Subgroup-specific isotonic curve compared with full-sample curve.
subgroup_curve_divergence,vs,scrf,isotonic,bmi_group,<25,p95_abs_subgroup_minus_full_predicted_target_over_target_iqr,0.0866751746155359,0.0754159556066655,0.1243818773425814,300,300,2572,7482.482142857143,,,PSU-in-stratum bootstrap; statistic recomputed with grouped 5-fold OOF isotonic crosswalk for residual metrics.,Subgroup-specific isotonic curve divergence normalized by target IQR.
subgroup_curve_divergence,vs,scrf,isotonic,bmi_group,<25,max_abs_subgroup_minus_full_predicted_target,1629.8302721088369,810.3214184827152,2075.2619145024596,300,300,2572,7482.482142857143,,,PSU-in-stratum bootstrap; statistic recomputed with grouped 5-fold OOF isotonic crosswalk for residual metrics.,Subgroup-specific isotonic curve compared with full-sample curve.
subgroup_curve_divergence,vs,scrf,isotonic,bmi_group,<25,max_abs_subgroup_minus_full_predicted_target_over_target_iqr,0.2178194669885968,0.1095126744440604,0.2782410788028994,300,300,2572,7482.482142857143,,,PSU-in-stratum bootstrap; statistic recomputed with grouped 5-fold OOF isotonic crosswalk for residual metrics.,Subgroup-specific isotonic curve divergence normalized by target IQR.
subgroup_curve_divergence,vs,scrf,isotonic,bmi_group,25-<30,p95_abs_subgroup_minus_full_predicted_target,446.2334064327478,442.65823647186033,805.3685857342927,300,300,2741,7482.482142857143,,,PSU-in-stratum bootstrap; statistic recomputed with grouped 5-fold OOF isotonic crosswalk for residual metrics.,Subgroup-specific isotonic curve compared with full-sample curve.
subgroup_curve_divergence,vs,scrf,isotonic,bmi_group,25-<30,p95_abs_subgroup_minus_full_predicted_target_over_target_iqr,0.0596370827104114,0.0590482623753762,0.1063390792628006,300,300,2741,7482.482142857143,,,PSU-in-stratum bootstrap; statistic recomputed with grouped 5-fold OOF isotonic crosswalk for residual metrics.,Subgroup-specific isotonic curve divergence normalized by target IQR.
subgroup_curve_divergence,vs,scrf,isotonic,bmi_group,25-<30,max_abs_subgroup_minus_full_predicted_target,1083.8843840370137,720.5688439189718,1669.6403590846576,300,300,2741,7482.482142857143,,,PSU-in-stratum bootstrap; statistic recomputed with grouped 5-fold OOF isotonic crosswalk for residual metrics.,Subgroup-specific isotonic curve compared with full-sample curve.
subgroup_curve_divergence,vs,scrf,isotonic,bmi_group,25-<30,max_abs_subgroup_minus_full_predicted_target_over_target_iqr,0.1448562607091152,0.0965738836805426,0.2212147163697437,300,300,2741,7482.482142857143,,,PSU-in-stratum bootstrap; statistic recomputed with grouped 5-fold OOF isotonic crosswalk for residual metrics.,Subgroup-specific isotonic curve divergence normalized by target IQR.
subgroup_curve_divergence,vs,scrf,isotonic,bmi_group,>=30,p95_abs_subgroup_minus_full_predicted_target,736.3850649602791,510.19473546242847,922.9719693681468,300,300,3246,7482.482142857143,,,PSU-in-stratum bootstrap; statistic recomputed with grouped 5-fold OOF isotonic crosswalk for residual metrics.,Subgroup-specific isotonic curve compared with full-sample curve.
subgroup_curve_divergence,vs,scrf,isotonic,bmi_group,>=30,p95_abs_subgroup_minus_full_predicted_target_over_target_iqr,0.098414543583407,0.0685979589831727,0.1253533478241004,300,300,3246,7482.482142857143,,,PSU-in-stratum bootstrap; statistic recomputed with grouped 5-fold OOF isotonic crosswalk for residual metrics.,Subgroup-specific isotonic curve divergence normalized by target IQR.
subgroup_curve_divergence,vs,scrf,isotonic,bmi_group,>=30,max_abs_subgroup_minus_full_predicted_target,996.3347772841188,765.3639426688198,1736.2757753381154,300,300,3246,7482.482142857143,,,PSU-in-stratum bootstrap; statistic recomputed with grouped 5-fold OOF isotonic crosswalk for residual metrics.,Subgroup-specific isotonic curve compared with full-sample curve.
subgroup_curve_divergence,vs,scrf,isotonic,bmi_group,>=30,max_abs_subgroup_minus_full_predicted_target_over_target_iqr,0.1331556505263738,0.1019170300089049,0.2299725558821723,300,300,3246,7482.482142857143,,,PSU-in-stratum bootstrap; statistic recomputed with grouped 5-fold OOF isotonic crosswalk for residual metrics.,Subgroup-specific isotonic curve divergence normalized by target IQR.
subgroup_curve_spread,vs,scrf,isotonic,bmi_group,<25|25-<30|>=30,p95_between_subgroup_spread_predicted_target,1138.123555540371,1082.5021568961383,1756.7301250032292,300,300,8559,7482.482142857143,,,PSU-in-stratum bootstrap; statistic recomputed with grouped 5-fold OOF isotonic crosswalk for residual metrics.,"At each source-grid point, spread = max subgroup curve - min subgroup curve."
subgroup_curve_spread,vs,scrf,isotonic,bmi_group,<25|25-<30|>=30,p95_between_subgroup_spread_predicted_target_over_target_iqr,0.1521050814169781,0.1438673602633957,0.2355476153038005,300,300,8559,7482.482142857143,,,PSU-in-stratum bootstrap; statistic recomputed with grouped 5-fold OOF isotonic crosswalk for residual metrics.,Between-subgroup curve spread normalized by target IQR.
subgroup_curve_spread,vs,scrf,isotonic,bmi_group,<25|25-<30|>=30,max_between_subgroup_spread_predicted_target,1771.5882647494327,1479.1691743296778,2719.9377876344092,300,300,8559,7482.482142857143,,,PSU-in-stratum bootstrap; statistic recomputed with grouped 5-fold OOF isotonic crosswalk for residual metrics.,"At each source-grid point, spread = max subgroup curve - min subgroup curve."
subgroup_curve_spread,vs,scrf,isotonic,bmi_group,<25|25-<30|>=30,max_between_subgroup_spread_predicted_target_over_target_iqr,0.2367647835204805,0.1977940767843283,0.3640113795640369,300,300,8559,7482.482142857143,,,PSU-in-stratum bootstrap; statistic recomputed with grouped 5-fold OOF isotonic crosswalk for residual metrics.,Between-subgroup curve spread normalized by target IQR.
fullsample_oof_residual,vs,scssl,isotonic,overall,all,mae,1778.0280086050452,1755.42785272474,1810.9360097942929,300,300,8646,5813.0,1778.0280086050452,0.0,PSU-in-stratum bootstrap; statistic recomputed with grouped 5-fold OOF isotonic crosswalk for residual metrics.,5-fold grouped OOF isotonic residual on target scale.
fullsample_oof_residual,vs,scssl,isotonic,overall,all,rmse,2409.175833379356,2372.844573812714,2470.21120343016,300,300,8646,5813.0,2409.175833379356,0.0,PSU-in-stratum bootstrap; statistic recomputed with grouped 5-fold OOF isotonic crosswalk for residual metrics.,5-fold grouped OOF isotonic residual on target scale.
fullsample_oof_residual,vs,scssl,isotonic,overall,all,abs_error_p95,4745.724665805646,4636.042056923449,4892.024028609316,300,300,8646,5813.0,4745.724665805646,0.0,PSU-in-stratum bootstrap; statistic recomputed with grouped 5-fold OOF isotonic crosswalk for residual metrics.,5-fold grouped OOF isotonic residual on target scale.
fullsample_oof_residual,vs,scssl,isotonic,overall,all,mae_per_target_iqr,0.3058709803208403,0.3010193425893652,0.3140259010796993,300,300,8646,5813.0,0.3058709803208403,0.0,PSU-in-stratum bootstrap; statistic recomputed with grouped 5-fold OOF isotonic crosswalk for residual metrics.,MAE normalized by target algorithm IQR.
subgroup_curve_divergence,vs,scssl,isotonic,age_group,20-39,p95_abs_subgroup_minus_full_predicted_target,760.4733329224691,679.7029158059888,929.4810666248044,300,300,2757,5813.0,,,PSU-in-stratum bootstrap; statistic recomputed with grouped 5-fold OOF isotonic crosswalk for residual metrics.,Subgroup-specific isotonic curve compared with full-sample curve.
subgroup_curve_divergence,vs,scssl,isotonic,age_group,20-39,p95_abs_subgroup_minus_full_predicted_target_over_target_iqr,0.1308228682130516,0.1175100802829078,0.1587300109977352,300,300,2757,5813.0,,,PSU-in-stratum bootstrap; statistic recomputed with grouped 5-fold OOF isotonic crosswalk for residual metrics.,Subgroup-specific isotonic curve divergence normalized by target IQR.
subgroup_curve_divergence,vs,scssl,isotonic,age_group,20-39,max_abs_subgroup_minus_full_predicted_target,838.4593218095724,814.2238631935393,1345.4370659946355,300,300,2757,5813.0,,,PSU-in-stratum bootstrap; statistic recomputed with grouped 5-fold OOF isotonic crosswalk for residual metrics.,Subgroup-specific isotonic curve compared with full-sample curve.
subgroup_curve_divergence,vs,scssl,isotonic,age_group,20-39,max_abs_subgroup_minus_full_predicted_target_over_target_iqr,0.144238658491239,0.1412203598059956,0.231323255405316,300,300,2757,5813.0,,,PSU-in-stratum bootstrap; statistic recomputed with grouped 5-fold OOF isotonic crosswalk for residual metrics.,Subgroup-specific isotonic curve divergence normalized by target IQR.
subgroup_curve_divergence,vs,scssl,isotonic,age_group,40-59,p95_abs_subgroup_minus_full_predicted_target,577.2846560846592,412.900209903598,879.2513839679851,300,300,2949,5813.0,,,PSU-in-stratum bootstrap; statistic recomputed with grouped 5-fold OOF isotonic crosswalk for residual metrics.,Subgroup-specific isotonic curve compared with full-sample curve.
subgroup_curve_divergence,vs,scssl,isotonic,age_group,40-59,p95_abs_subgroup_minus_full_predicted_target_over_target_iqr,0.0993092475631617,0.0717080787362649,0.1494046055027943,300,300,2949,5813.0,,,PSU-in-stratum bootstrap; statistic recomputed with grouped 5-fold OOF isotonic crosswalk for residual metrics.,Subgroup-specific isotonic curve divergence normalized by target IQR.
subgroup_curve_divergence,vs,scssl,isotonic,age_group,40-59,max_abs_subgroup_minus_full_predicted_target,773.3465692640689,584.6574192359883,1341.1822758800008,300,300,2949,5813.0,,,PSU-in-stratum bootstrap; statistic recomputed with grouped 5-fold OOF isotonic crosswalk for residual metrics.,Subgroup-specific isotonic curve compared with full-sample curve.
subgroup_curve_divergence,vs,scssl,isotonic,age_group,40-59,max_abs_subgroup_minus_full_predicted_target_over_target_iqr,0.1330374280516203,0.099690782888075,0.230279562179149,300,300,2949,5813.0,,,PSU-in-stratum bootstrap; statistic recomputed with grouped 5-fold OOF isotonic crosswalk for residual metrics.,Subgroup-specific isotonic curve divergence normalized by target IQR.
subgroup_curve_divergence,vs,scssl,isotonic,age_group,60+,p95_abs_subgroup_minus_full_predicted_target,876.2492132997813,577.2053212807062,1134.746850399577,300,300,2940,5813.0,,,PSU-in-stratum bootstrap; statistic recomputed with grouped 5-fold OOF isotonic crosswalk for residual metrics.,Subgroup-specific isotonic curve compared with full-sample curve.
subgroup_curve_divergence,vs,scssl,isotonic,age_group,60+,p95_abs_subgroup_minus_full_predicted_target_over_target_iqr,0.150739585979663,0.0992569060713758,0.19678119813097,300,300,2940,5813.0,,,PSU-in-stratum bootstrap; statistic recomputed with grouped 5-fold OOF isotonic crosswalk for residual metrics.,Subgroup-specific isotonic curve divergence normalized by target IQR.
subgroup_curve_divergence,vs,scssl,isotonic,age_group,60+,max_abs_subgroup_minus_full_predicted_target,885.5205297115608,773.0715615837923,1544.2381647466475,300,300,2940,5813.0,,,PSU-in-stratum bootstrap; statistic recomputed with grouped 5-fold OOF isotonic crosswalk for residual metrics.,Subgroup-specific isotonic curve compared with full-sample curve.
subgroup_curve_divergence,vs,scssl,isotonic,age_group,60+,max_abs_subgroup_minus_full_predicted_target_over_target_iqr,0.1523345139706796,0.13315973600619,0.2661638913809492,300,300,2940,5813.0,,,PSU-in-stratum bootstrap; statistic recomputed with grouped 5-fold OOF isotonic crosswalk for residual metrics.,Subgroup-specific isotonic curve divergence normalized by target IQR.
subgroup_curve_spread,vs,scssl,isotonic,age_group,20-39|40-59|60+,p95_between_subgroup_spread_predicted_target,1109.2311474424732,1141.8372835761172,1729.488878937606,300,300,8646,5813.0,,,PSU-in-stratum bootstrap; statistic recomputed with grouped 5-fold OOF isotonic crosswalk for residual metrics.,"At each source-grid point, spread = max subgroup curve - min subgroup curve."
subgroup_curve_spread,vs,scssl,isotonic,age_group,20-39|40-59|60+,p95_between_subgroup_spread_predicted_target_over_target_iqr,0.1908190516845816,0.1963229380933882,0.2971419094361303,300,300,8646,5813.0,,,PSU-in-stratum bootstrap; statistic recomputed with grouped 5-fold OOF isotonic crosswalk for residual metrics.,Between-subgroup curve spread normalized by target IQR.
subgroup_curve_spread,vs,scssl,isotonic,age_group,20-39|40-59|60+,max_between_subgroup_spread_predicted_target,1403.3725780458915,1327.9268182797712,2126.4492514687154,300,300,8646,5813.0,,,PSU-in-stratum bootstrap; statistic recomputed with grouped 5-fold OOF isotonic crosswalk for residual metrics.,"At each source-grid point, spread = max subgroup curve - min subgroup curve."
subgroup_curve_spread,vs,scssl,isotonic,age_group,20-39|40-59|60+,max_between_subgroup_spread_predicted_target_over_target_iqr,0.2414196762507985,0.2280259369787917,0.3647444998110231,300,300,8646,5813.0,,,PSU-in-stratum bootstrap; statistic recomputed with grouped 5-fold OOF isotonic crosswalk for residual metrics.,Between-subgroup curve spread normalized by target IQR.
subgroup_curve_divergence,vs,scssl,isotonic,sex,male,p95_abs_subgroup_minus_full_predicted_target,888.3431436737992,797.6029378823118,1164.069431178018,300,300,4161,5813.0,,,PSU-in-stratum bootstrap; statistic recomputed with grouped 5-fold OOF isotonic crosswalk for residual metrics.,Subgroup-specific isotonic curve compared with full-sample curve.
subgroup_curve_divergence,vs,scssl,isotonic,sex,male,p95_abs_subgroup_minus_full_predicted_target_over_target_iqr,0.1528200832055391,0.13752992741638,0.1981564932949436,300,300,4161,5813.0,,,PSU-in-stratum bootstrap; statistic recomputed with grouped 5-fold OOF isotonic crosswalk for residual metrics.,Subgroup-specific isotonic curve divergence normalized by target IQR.
subgroup_curve_divergence,vs,scssl,isotonic,sex,male,max_abs_subgroup_minus_full_predicted_target,1104.0310887076157,936.6050294915948,1769.410795761188,300,300,4161,5813.0,,,PSU-in-stratum bootstrap; statistic recomputed with grouped 5-fold OOF isotonic crosswalk for residual metrics.,Subgroup-specific isotonic curve compared with full-sample curve.
subgroup_curve_divergence,vs,scssl,isotonic,sex,male,max_abs_subgroup_minus_full_predicted_target_over_target_iqr,0.1899244948748693,0.1608796066449776,0.303354760167933,300,300,4161,5813.0,,,PSU-in-stratum bootstrap; statistic recomputed with grouped 5-fold OOF isotonic crosswalk for residual metrics.,Subgroup-specific isotonic curve divergence normalized by target IQR.
subgroup_curve_divergence,vs,scssl,isotonic,sex,female,p95_abs_subgroup_minus_full_predicted_target,1333.776521978023,912.781893706922,1842.8707865185409,300,300,4485,5813.0,,,PSU-in-stratum bootstrap; statistic recomputed with grouped 5-fold OOF isotonic crosswalk for residual metrics.,Subgroup-specific isotonic curve compared with full-sample curve.
subgroup_curve_divergence,vs,scssl,isotonic,sex,female,p95_abs_subgroup_minus_full_predicted_target_over_target_iqr,0.2294471911195635,0.1578936896483141,0.3180333491615331,300,300,4485,5813.0,,,PSU-in-stratum bootstrap; statistic recomputed with grouped 5-fold OOF isotonic crosswalk for residual metrics.,Subgroup-specific isotonic curve divergence normalized by target IQR.
subgroup_curve_divergence,vs,scssl,isotonic,sex,female,max_abs_subgroup_minus_full_predicted_target,1657.737190476193,1087.7201967631534,2132.1895261982695,300,300,4485,5813.0,,,PSU-in-stratum bootstrap; statistic recomputed with grouped 5-fold OOF isotonic crosswalk for residual metrics.,Subgroup-specific isotonic curve compared with full-sample curve.
subgroup_curve_divergence,vs,scssl,isotonic,sex,female,max_abs_subgroup_minus_full_predicted_target_over_target_iqr,0.28517756588271,0.1866635763352334,0.3686285228850588,300,300,4485,5813.0,,,PSU-in-stratum bootstrap; statistic recomputed with grouped 5-fold OOF isotonic crosswalk for residual metrics.,Subgroup-specific isotonic curve divergence normalized by target IQR.
subgroup_curve_spread,vs,scssl,isotonic,sex,male|female,p95_between_subgroup_spread_predicted_target,2152.153286528286,1644.660713864544,2877.942086124744,300,300,8646,5813.0,,,PSU-in-stratum bootstrap; statistic recomputed with grouped 5-fold OOF isotonic crosswalk for residual metrics.,"At each source-grid point, spread = max subgroup curve - min subgroup curve."
subgroup_curve_spread,vs,scssl,isotonic,sex,male|female,p95_between_subgroup_spread_predicted_target_over_target_iqr,0.3702310831805068,0.2835923212233786,0.4972860228209041,300,300,8646,5813.0,,,PSU-in-stratum bootstrap; statistic recomputed with grouped 5-fold OOF isotonic crosswalk for residual metrics.,Between-subgroup curve spread normalized by target IQR.
subgroup_curve_spread,vs,scssl,isotonic,sex,male|female,max_between_subgroup_spread_predicted_target,2476.113955026456,1895.6054699142212,3183.4968191023136,300,300,8646,5813.0,,,PSU-in-stratum bootstrap; statistic recomputed with grouped 5-fold OOF isotonic crosswalk for residual metrics.,"At each source-grid point, spread = max subgroup curve - min subgroup curve."
subgroup_curve_spread,vs,scssl,isotonic,sex,male|female,max_between_subgroup_spread_predicted_target_over_target_iqr,0.4259614579436532,0.3233877342705749,0.5497033416323782,300,300,8646,5813.0,,,PSU-in-stratum bootstrap; statistic recomputed with grouped 5-fold OOF isotonic crosswalk for residual metrics.,Between-subgroup curve spread normalized by target IQR.
subgroup_curve_divergence,vs,scssl,isotonic,bmi_group,<25,p95_abs_subgroup_minus_full_predicted_target,499.1909523809573,465.23242608196585,747.127992126815,300,300,2572,5813.0,,,PSU-in-stratum bootstrap; statistic recomputed with grouped 5-fold OOF isotonic crosswalk for residual metrics.,Subgroup-specific isotonic curve compared with full-sample curve.
subgroup_curve_divergence,vs,scssl,isotonic,bmi_group,<25,p95_abs_subgroup_minus_full_predicted_target_over_target_iqr,0.0858749272976014,0.0807658288930545,0.1285949562336218,300,300,2572,5813.0,,,PSU-in-stratum bootstrap; statistic recomputed with grouped 5-fold OOF isotonic crosswalk for residual metrics.,Subgroup-specific isotonic curve divergence normalized by target IQR.
subgroup_curve_divergence,vs,scssl,isotonic,bmi_group,<25,max_abs_subgroup_minus_full_predicted_target,819.190476190477,647.6192553289832,1210.7257523101896,300,300,2572,5813.0,,,PSU-in-stratum bootstrap; statistic recomputed with grouped 5-fold OOF isotonic crosswalk for residual metrics.,Subgroup-specific isotonic curve compared with full-sample curve.
subgroup_curve_divergence,vs,scssl,isotonic,bmi_group,<25,max_abs_subgroup_minus_full_predicted_target_over_target_iqr,0.1409238734200029,0.112363583257654,0.2117296864515198,300,300,2572,5813.0,,,PSU-in-stratum bootstrap; statistic recomputed with grouped 5-fold OOF isotonic crosswalk for residual metrics.,Subgroup-specific isotonic curve divergence normalized by target IQR.
subgroup_curve_divergence,vs,scssl,isotonic,bmi_group,25-<30,p95_abs_subgroup_minus_full_predicted_target,598.2731086976692,546.1036836839442,812.78503832716,300,300,2741,5813.0,,,PSU-in-stratum bootstrap; statistic recomputed with grouped 5-fold OOF isotonic crosswalk for residual metrics.,Subgroup-specific isotonic curve compared with full-sample curve.
subgroup_curve_divergence,vs,scssl,isotonic,bmi_group,25-<30,p95_abs_subgroup_minus_full_predicted_target_over_target_iqr,0.1029198535519816,0.094049204707418,0.140174118116002,300,300,2741,5813.0,,,PSU-in-stratum bootstrap; statistic recomputed with grouped 5-fold OOF isotonic crosswalk for residual metrics.,Subgroup-specific isotonic curve divergence normalized by target IQR.
subgroup_curve_divergence,vs,scssl,isotonic,bmi_group,25-<30,max_abs_subgroup_minus_full_predicted_target,955.4577777777772,754.4426423983987,1369.3610227002564,300,300,2741,5813.0,,,PSU-in-stratum bootstrap; statistic recomputed with grouped 5-fold OOF isotonic crosswalk for residual metrics.,Subgroup-specific isotonic curve compared with full-sample curve.
subgroup_curve_divergence,vs,scssl,isotonic,bmi_group,25-<30,max_abs_subgroup_minus_full_predicted_target_over_target_iqr,0.1643656937515529,0.1301209719492513,0.2324908316321767,300,300,2741,5813.0,,,PSU-in-stratum bootstrap; statistic recomputed with grouped 5-fold OOF isotonic crosswalk for residual metrics.,Subgroup-specific isotonic curve divergence normalized by target IQR.
subgroup_curve_divergence,vs,scssl,isotonic,bmi_group,>=30,p95_abs_subgroup_minus_full_predicted_target,541.1955800653595,494.2320090215125,779.8453560780681,300,300,3246,5813.0,,,PSU-in-stratum bootstrap; statistic recomputed with grouped 5-fold OOF isotonic crosswalk for residual metrics.,Subgroup-specific isotonic curve compared with full-sample curve.
subgroup_curve_divergence,vs,scssl,isotonic,bmi_group,>=30,p95_abs_subgroup_minus_full_predicted_target_over_target_iqr,0.0931009083202063,0.0850817041981503,0.1347281342916848,300,300,3246,5813.0,,,PSU-in-stratum bootstrap; statistic recomputed with grouped 5-fold OOF isotonic crosswalk for residual metrics.,Subgroup-specific isotonic curve divergence normalized by target IQR.
subgroup_curve_divergence,vs,scssl,isotonic,bmi_group,>=30,max_abs_subgroup_minus_full_predicted_target,759.1563629166194,617.5416824038649,1148.698794692215,300,300,3246,5813.0,,,PSU-in-stratum bootstrap; statistic recomputed with grouped 5-fold OOF isotonic crosswalk for residual metrics.,Subgroup-specific isotonic curve compared with full-sample curve.
subgroup_curve_divergence,vs,scssl,isotonic,bmi_group,>=30,max_abs_subgroup_minus_full_predicted_target_over_target_iqr,0.1305963122168621,0.1058319181066281,0.1976650928767569,300,300,3246,5813.0,,,PSU-in-stratum bootstrap; statistic recomputed with grouped 5-fold OOF isotonic crosswalk for residual metrics.,Subgroup-specific isotonic curve divergence normalized by target IQR.
subgroup_curve_spread,vs,scssl,isotonic,bmi_group,<25|25-<30|>=30,p95_between_subgroup_spread_predicted_target,1050.889478957777,981.570149167318,1397.7289247384572,300,300,8559,5813.0,,,PSU-in-stratum bootstrap; statistic recomputed with grouped 5-fold OOF isotonic crosswalk for residual metrics.,"At each source-grid point, spread = max subgroup curve - min subgroup curve."
subgroup_curve_spread,vs,scssl,isotonic,bmi_group,<25|25-<30|>=30,p95_between_subgroup_spread_predicted_target_over_target_iqr,0.1807826387334899,0.1687020076436299,0.2398601776413887,300,300,8559,5813.0,,,PSU-in-stratum bootstrap; statistic recomputed with grouped 5-fold OOF isotonic crosswalk for residual metrics.,Between-subgroup curve spread normalized by target IQR.
subgroup_curve_spread,vs,scssl,isotonic,bmi_group,<25|25-<30|>=30,max_between_subgroup_spread_predicted_target,1278.5231601731602,1131.1732778316252,1781.1788866257812,300,300,8559,5813.0,,,PSU-in-stratum bootstrap; statistic recomputed with grouped 5-fold OOF isotonic crosswalk for residual metrics.,"At each source-grid point, spread = max subgroup curve - min subgroup curve."
subgroup_curve_spread,vs,scssl,isotonic,bmi_group,<25|25-<30|>=30,max_between_subgroup_spread_predicted_target_over_target_iqr,0.2199420540466472,0.1938714066488195,0.3120871506377922,300,300,8559,5813.0,,,PSU-in-stratum bootstrap; statistic recomputed with grouped 5-fold OOF isotonic crosswalk for residual metrics.,Between-subgroup curve spread normalized by target IQR.
fullsample_oof_residual,vs,vsrev,isotonic,overall,all,mae,788.7867107816195,780.1986057173153,800.5405829812868,300,300,8646,6301.767857142858,788.7867107816195,0.0,PSU-in-stratum bootstrap; statistic recomputed with grouped 5-fold OOF isotonic crosswalk for residual metrics.,5-fold grouped OOF isotonic residual on target scale.
fullsample_oof_residual,vs,vsrev,isotonic,overall,all,rmse,1157.2866986852832,1133.290313802345,1183.9068610845186,300,300,8646,6301.767857142858,1157.2866986852832,0.0,PSU-in-stratum bootstrap; statistic recomputed with grouped 5-fold OOF isotonic crosswalk for residual metrics.,5-fold grouped OOF isotonic residual on target scale.
fullsample_oof_residual,vs,vsrev,isotonic,overall,all,abs_error_p95,2241.54659090909,2190.612988883356,2284.0254826839823,300,300,8646,6301.767857142858,2241.54659090909,0.0,PSU-in-stratum bootstrap; statistic recomputed with grouped 5-fold OOF isotonic crosswalk for residual metrics.,5-fold grouped OOF isotonic residual on target scale.
fullsample_oof_residual,vs,vsrev,isotonic,overall,all,mae_per_target_iqr,0.1251691158200241,0.1225673987393801,0.1278197231640934,300,300,8646,6301.767857142858,0.1251691158200241,0.0,PSU-in-stratum bootstrap; statistic recomputed with grouped 5-fold OOF isotonic crosswalk for residual metrics.,MAE normalized by target algorithm IQR.
subgroup_curve_divergence,vs,vsrev,isotonic,age_group,20-39,p95_abs_subgroup_minus_full_predicted_target,721.574870938055,621.9132700738785,795.5927162247484,300,300,2757,6301.767857142858,,,PSU-in-stratum bootstrap; statistic recomputed with grouped 5-fold OOF isotonic crosswalk for residual metrics.,Subgroup-specific isotonic curve compared with full-sample curve.
subgroup_curve_divergence,vs,vsrev,isotonic,age_group,20-39,p95_abs_subgroup_minus_full_predicted_target_over_target_iqr,0.1145035626979137,0.0984854423875914,0.1265784473121756,300,300,2757,6301.767857142858,,,PSU-in-stratum bootstrap; statistic recomputed with grouped 5-fold OOF isotonic crosswalk for residual metrics.,Subgroup-specific isotonic curve divergence normalized by target IQR.
subgroup_curve_divergence,vs,vsrev,isotonic,age_group,20-39,max_abs_subgroup_minus_full_predicted_target,798.4017740429499,731.88474186968,1259.9823667190542,300,300,2757,6301.767857142858,,,PSU-in-stratum bootstrap; statistic recomputed with grouped 5-fold OOF isotonic crosswalk for residual metrics.,Subgroup-specific isotonic curve compared with full-sample curve.
subgroup_curve_divergence,vs,vsrev,isotonic,age_group,20-39,max_abs_subgroup_minus_full_predicted_target_over_target_iqr,0.1266948881872864,0.1155543683034761,0.2004523960292739,300,300,2757,6301.767857142858,,,PSU-in-stratum bootstrap; statistic recomputed with grouped 5-fold OOF isotonic crosswalk for residual metrics.,Subgroup-specific isotonic curve divergence normalized by target IQR.
subgroup_curve_divergence,vs,vsrev,isotonic,age_group,40-59,p95_abs_subgroup_minus_full_predicted_target,328.68296703296664,281.5727368604701,474.9801260993266,300,300,2949,6301.767857142858,,,PSU-in-stratum bootstrap; statistic recomputed with grouped 5-fold OOF isotonic crosswalk for residual metrics.,Subgroup-specific isotonic curve compared with full-sample curve.
subgroup_curve_divergence,vs,vsrev,isotonic,age_group,40-59,p95_abs_subgroup_minus_full_predicted_target_over_target_iqr,0.0521572635622263,0.0446070462056256,0.0751059177742333,300,300,2949,6301.767857142858,,,PSU-in-stratum bootstrap; statistic recomputed with grouped 5-fold OOF isotonic crosswalk for residual metrics.,Subgroup-specific isotonic curve divergence normalized by target IQR.
subgroup_curve_divergence,vs,vsrev,isotonic,age_group,40-59,max_abs_subgroup_minus_full_predicted_target,787.7281347232074,439.8868844696608,956.6941510178498,300,300,2949,6301.767857142858,,,PSU-in-stratum bootstrap; statistic recomputed with grouped 5-fold OOF isotonic crosswalk for residual metrics.,Subgroup-specific isotonic curve compared with full-sample curve.
subgroup_curve_divergence,vs,vsrev,isotonic,age_group,40-59,max_abs_subgroup_minus_full_predicted_target_over_target_iqr,0.1250011350117161,0.0700035869746267,0.1499503405309437,300,300,2949,6301.767857142858,,,PSU-in-stratum bootstrap; statistic recomputed with grouped 5-fold OOF isotonic crosswalk for residual metrics.,Subgroup-specific isotonic curve divergence normalized by target IQR.
subgroup_curve_divergence,vs,vsrev,isotonic,age_group,60+,p95_abs_subgroup_minus_full_predicted_target,989.5498376265076,863.290478790878,1258.0262016785443,300,300,2940,6301.767857142858,,,PSU-in-stratum bootstrap; statistic recomputed with grouped 5-fold OOF isotonic crosswalk for residual metrics.,Subgroup-specific isotonic curve compared with full-sample curve.
subgroup_curve_divergence,vs,vsrev,isotonic,age_group,60+,p95_abs_subgroup_minus_full_predicted_target_over_target_iqr,0.1570273390037501,0.1374849516699134,0.2017112832489203,300,300,2940,6301.767857142858,,,PSU-in-stratum bootstrap; statistic recomputed with grouped 5-fold OOF isotonic crosswalk for residual metrics.,Subgroup-specific isotonic curve divergence normalized by target IQR.
subgroup_curve_divergence,vs,vsrev,isotonic,age_group,60+,max_abs_subgroup_minus_full_predicted_target,1398.73521024784,1028.8220697889035,1790.3021755333298,300,300,2940,6301.767857142858,,,PSU-in-stratum bootstrap; statistic recomputed with grouped 5-fold OOF isotonic crosswalk for residual metrics.,Subgroup-specific isotonic curve compared with full-sample curve.
subgroup_curve_divergence,vs,vsrev,isotonic,age_group,60+,max_abs_subgroup_minus_full_predicted_target_over_target_iqr,0.2219591774810329,0.1638397658620039,0.2843220885238757,300,300,2940,6301.767857142858,,,PSU-in-stratum bootstrap; statistic recomputed with grouped 5-fold OOF isotonic crosswalk for residual metrics.,Subgroup-specific isotonic curve divergence normalized by target IQR.
subgroup_curve_spread,vs,vsrev,isotonic,age_group,20-39|40-59|60+,p95_between_subgroup_spread_predicted_target,1587.6637057387015,1357.9789223434786,1875.7810655067135,300,300,8646,6301.767857142858,,,PSU-in-stratum bootstrap; statistic recomputed with grouped 5-fold OOF isotonic crosswalk for residual metrics.,"At each source-grid point, spread = max subgroup curve - min subgroup curve."
subgroup_curve_spread,vs,vsrev,isotonic,age_group,20-39|40-59|60+,p95_between_subgroup_spread_predicted_target_over_target_iqr,0.2519394147372684,0.2161438239135161,0.2973557187244597,300,300,8646,6301.767857142858,,,PSU-in-stratum bootstrap; statistic recomputed with grouped 5-fold OOF isotonic crosswalk for residual metrics.,Between-subgroup curve spread normalized by target IQR.
subgroup_curve_spread,vs,vsrev,isotonic,age_group,20-39|40-59|60+,max_between_subgroup_spread_predicted_target,1692.6084593837531,1616.1109600568204,2349.28866108631,300,300,8646,6301.767857142858,,,PSU-in-stratum bootstrap; statistic recomputed with grouped 5-fold OOF isotonic crosswalk for residual metrics.,"At each source-grid point, spread = max subgroup curve - min subgroup curve."
subgroup_curve_spread,vs,vsrev,isotonic,age_group,20-39|40-59|60+,max_between_subgroup_spread_predicted_target_over_target_iqr,0.2685926390425877,0.2555263399759964,0.3790221686561812,300,300,8646,6301.767857142858,,,PSU-in-stratum bootstrap; statistic recomputed with grouped 5-fold OOF isotonic crosswalk for residual metrics.,Between-subgroup curve spread normalized by target IQR.
subgroup_curve_divergence,vs,vsrev,isotonic,sex,male,p95_abs_subgroup_minus_full_predicted_target,233.42943112443027,202.8155215956947,343.83096132594346,300,300,4161,6301.767857142858,,,PSU-in-stratum bootstrap; statistic recomputed with grouped 5-fold OOF isotonic crosswalk for residual metrics.,Subgroup-specific isotonic curve compared with full-sample curve.
subgroup_curve_divergence,vs,vsrev,isotonic,sex,male,p95_abs_subgroup_minus_full_predicted_target_over_target_iqr,0.0370418962450108,0.0322005495460218,0.0548906523931936,300,300,4161,6301.767857142858,,,PSU-in-stratum bootstrap; statistic recomputed with grouped 5-fold OOF isotonic crosswalk for residual metrics.,Subgroup-specific isotonic curve divergence normalized by target IQR.
subgroup_curve_divergence,vs,vsrev,isotonic,sex,male,max_abs_subgroup_minus_full_predicted_target,579.4371663669062,298.3491694902958,747.308873214088,300,300,4161,6301.767857142858,,,PSU-in-stratum bootstrap; statistic recomputed with grouped 5-fold OOF isotonic crosswalk for residual metrics.,Subgroup-specific isotonic curve compared with full-sample curve.
subgroup_curve_divergence,vs,vsrev,isotonic,sex,male,max_abs_subgroup_minus_full_predicted_target_over_target_iqr,0.0919483515582269,0.0474500756087033,0.1182690367161479,300,300,4161,6301.767857142858,,,PSU-in-stratum bootstrap; statistic recomputed with grouped 5-fold OOF isotonic crosswalk for residual metrics.,Subgroup-specific isotonic curve divergence normalized by target IQR.
subgroup_curve_divergence,vs,vsrev,isotonic,sex,female,p95_abs_subgroup_minus_full_predicted_target,220.8306650246309,194.36761806458875,420.7541388903774,300,300,4485,6301.767857142858,,,PSU-in-stratum bootstrap; statistic recomputed with grouped 5-fold OOF isotonic crosswalk for residual metrics.,Subgroup-specific isotonic curve compared with full-sample curve.
subgroup_curve_divergence,vs,vsrev,isotonic,sex,female,p95_abs_subgroup_minus_full_predicted_target_over_target_iqr,0.0350426531142885,0.0307358085191322,0.0668806988272737,300,300,4485,6301.767857142858,,,PSU-in-stratum bootstrap; statistic recomputed with grouped 5-fold OOF isotonic crosswalk for residual metrics.,Subgroup-specific isotonic curve divergence normalized by target IQR.
subgroup_curve_divergence,vs,vsrev,isotonic,sex,female,max_abs_subgroup_minus_full_predicted_target,363.3615087130711,314.9606417167674,892.3177687548734,300,300,4485,6301.767857142858,,,PSU-in-stratum bootstrap; statistic recomputed with grouped 5-fold OOF isotonic crosswalk for residual metrics.,Subgroup-specific isotonic curve compared with full-sample curve.
subgroup_curve_divergence,vs,vsrev,isotonic,sex,female,max_abs_subgroup_minus_full_predicted_target_over_target_iqr,0.0576602497823229,0.0498817334038136,0.1418381385847232,300,300,4485,6301.767857142858,,,PSU-in-stratum bootstrap; statistic recomputed with grouped 5-fold OOF isotonic crosswalk for residual metrics.,Subgroup-specific isotonic curve divergence normalized by target IQR.
subgroup_curve_spread,vs,vsrev,isotonic,sex,male|female,p95_between_subgroup_spread_predicted_target,375.4653987910988,366.1469595413463,641.6868610327894,300,300,8646,6301.767857142858,,,PSU-in-stratum bootstrap; statistic recomputed with grouped 5-fold OOF isotonic crosswalk for residual metrics.,"At each source-grid point, spread = max subgroup curve - min subgroup curve."
subgroup_curve_spread,vs,vsrev,isotonic,sex,male|female,p95_between_subgroup_spread_predicted_target_over_target_iqr,0.0595809631999567,0.0582838847107251,0.1013028349023164,300,300,8646,6301.767857142858,,,PSU-in-stratum bootstrap; statistic recomputed with grouped 5-fold OOF isotonic crosswalk for residual metrics.,Between-subgroup curve spread normalized by target IQR.
subgroup_curve_spread,vs,vsrev,isotonic,sex,male|female,max_between_subgroup_spread_predicted_target,692.8938997338046,521.4139383739538,1243.6073305073928,300,300,8646,6301.767857142858,,,PSU-in-stratum bootstrap; statistic recomputed with grouped 5-fold OOF isotonic crosswalk for residual metrics.,"At each source-grid point, spread = max subgroup curve - min subgroup curve."
subgroup_curve_spread,vs,vsrev,isotonic,sex,male|female,max_between_subgroup_spread_predicted_target_over_target_iqr,0.1099523047248449,0.0824991239446088,0.1968044541418223,300,300,8646,6301.767857142858,,,PSU-in-stratum bootstrap; statistic recomputed with grouped 5-fold OOF isotonic crosswalk for residual metrics.,Between-subgroup curve spread normalized by target IQR.
subgroup_curve_divergence,vs,vsrev,isotonic,bmi_group,<25,p95_abs_subgroup_minus_full_predicted_target,289.33371351833193,269.46401702003783,546.4393349868816,300,300,2572,6301.767857142858,,,PSU-in-stratum bootstrap; statistic recomputed with grouped 5-fold OOF isotonic crosswalk for residual metrics.,Subgroup-specific isotonic curve compared with full-sample curve.
subgroup_curve_divergence,vs,vsrev,isotonic,bmi_group,<25,p95_abs_subgroup_minus_full_predicted_target_over_target_iqr,0.04591310249399,0.0428688892408677,0.0855458137347309,300,300,2572,6301.767857142858,,,PSU-in-stratum bootstrap; statistic recomputed with grouped 5-fold OOF isotonic crosswalk for residual metrics.,Subgroup-specific isotonic curve divergence normalized by target IQR.
subgroup_curve_divergence,vs,vsrev,isotonic,bmi_group,<25,max_abs_subgroup_minus_full_predicted_target,579.1151606675812,442.65372527171814,1012.768883130752,300,300,2572,6301.767857142858,,,PSU-in-stratum bootstrap; statistic recomputed with grouped 5-fold OOF isotonic crosswalk for residual metrics.,Subgroup-specific isotonic curve compared with full-sample curve.
subgroup_curve_divergence,vs,vsrev,isotonic,bmi_group,<25,max_abs_subgroup_minus_full_predicted_target_over_target_iqr,0.091897253881095,0.0706618459437885,0.1604317588771944,300,300,2572,6301.767857142858,,,PSU-in-stratum bootstrap; statistic recomputed with grouped 5-fold OOF isotonic crosswalk for residual metrics.,Subgroup-specific isotonic curve divergence normalized by target IQR.
subgroup_curve_divergence,vs,vsrev,isotonic,bmi_group,25-<30,p95_abs_subgroup_minus_full_predicted_target,336.3156001304633,272.5988629425466,453.15970068213113,300,300,2741,6301.767857142858,,,PSU-in-stratum bootstrap; statistic recomputed with grouped 5-fold OOF isotonic crosswalk for residual metrics.,Subgroup-specific isotonic curve compared with full-sample curve.
subgroup_curve_divergence,vs,vsrev,isotonic,bmi_group,25-<30,p95_abs_subgroup_minus_full_predicted_target_over_target_iqr,0.0533684527508038,0.04336628901212,0.0714057017165933,300,300,2741,6301.767857142858,,,PSU-in-stratum bootstrap; statistic recomputed with grouped 5-fold OOF isotonic crosswalk for residual metrics.,Subgroup-specific isotonic curve divergence normalized by target IQR.
subgroup_curve_divergence,vs,vsrev,isotonic,bmi_group,25-<30,max_abs_subgroup_minus_full_predicted_target,612.5515859586922,384.3341622023871,963.7427583567936,300,300,2741,6301.767857142858,,,PSU-in-stratum bootstrap; statistic recomputed with grouped 5-fold OOF isotonic crosswalk for residual metrics.,Subgroup-specific isotonic curve compared with full-sample curve.
subgroup_curve_divergence,vs,vsrev,isotonic,bmi_group,25-<30,max_abs_subgroup_minus_full_predicted_target_over_target_iqr,0.0972031340799683,0.0611885939058769,0.1521629890506121,300,300,2741,6301.767857142858,,,PSU-in-stratum bootstrap; statistic recomputed with grouped 5-fold OOF isotonic crosswalk for residual metrics.,Subgroup-specific isotonic curve divergence normalized by target IQR.
subgroup_curve_divergence,vs,vsrev,isotonic,bmi_group,>=30,p95_abs_subgroup_minus_full_predicted_target,391.24867724867727,284.5232173796391,496.9631703634068,300,300,3246,6301.767857142858,,,PSU-in-stratum bootstrap; statistic recomputed with grouped 5-fold OOF isotonic crosswalk for residual metrics.,Subgroup-specific isotonic curve compared with full-sample curve.
subgroup_curve_divergence,vs,vsrev,isotonic,bmi_group,>=30,p95_abs_subgroup_minus_full_predicted_target_over_target_iqr,0.0620855426791402,0.0452109424084417,0.0785114864728484,300,300,3246,6301.767857142858,,,PSU-in-stratum bootstrap; statistic recomputed with grouped 5-fold OOF isotonic crosswalk for residual metrics.,Subgroup-specific isotonic curve divergence normalized by target IQR.
subgroup_curve_divergence,vs,vsrev,isotonic,bmi_group,>=30,max_abs_subgroup_minus_full_predicted_target,532.0190589569174,404.06351513778407,859.846789927798,300,300,3246,6301.767857142858,,,PSU-in-stratum bootstrap; statistic recomputed with grouped 5-fold OOF isotonic crosswalk for residual metrics.,Subgroup-specific isotonic curve compared with full-sample curve.
subgroup_curve_divergence,vs,vsrev,isotonic,bmi_group,>=30,max_abs_subgroup_minus_full_predicted_target_over_target_iqr,0.0844237793294607,0.0635833941631066,0.1367833446810422,300,300,3246,6301.767857142858,,,PSU-in-stratum bootstrap; statistic recomputed with grouped 5-fold OOF isotonic crosswalk for residual metrics.,Subgroup-specific isotonic curve divergence normalized by target IQR.
subgroup_curve_spread,vs,vsrev,isotonic,bmi_group,<25|25-<30|>=30,p95_between_subgroup_spread_predicted_target,669.680329407749,579.5027499917364,959.4263965852116,300,300,8559,6301.767857142858,,,PSU-in-stratum bootstrap; statistic recomputed with grouped 5-fold OOF isotonic crosswalk for residual metrics.,"At each source-grid point, spread = max subgroup curve - min subgroup curve."
subgroup_curve_spread,vs,vsrev,isotonic,bmi_group,<25|25-<30|>=30,p95_between_subgroup_spread_predicted_target_over_target_iqr,0.1062686447024047,0.092239465411617,0.1512618544520854,300,300,8559,6301.767857142858,,,PSU-in-stratum bootstrap; statistic recomputed with grouped 5-fold OOF isotonic crosswalk for residual metrics.,Between-subgroup curve spread normalized by target IQR.
subgroup_curve_spread,vs,vsrev,isotonic,bmi_group,<25|25-<30|>=30,max_between_subgroup_spread_predicted_target,1010.1648343208252,795.919978183736,1651.9253688892732,300,300,8559,6301.767857142858,,,PSU-in-stratum bootstrap; statistic recomputed with grouped 5-fold OOF isotonic crosswalk for residual metrics.,"At each source-grid point, spread = max subgroup curve - min subgroup curve."
subgroup_curve_spread,vs,vsrev,isotonic,bmi_group,<25|25-<30|>=30,max_between_subgroup_spread_predicted_target_over_target_iqr,0.1602986427333775,0.1274811494505418,0.2606732832786853,300,300,8559,6301.767857142858,,,PSU-in-stratum bootstrap; statistic recomputed with grouped 5-fold OOF isotonic crosswalk for residual metrics.,Between-subgroup curve spread normalized by target IQR.
fullsample_oof_residual,vsrev,acti,isotonic,overall,all,mae,1190.5012844312082,1175.274613192592,1210.5060189378032,300,300,8646,5482.084523809524,1190.5012844312084,2.273736754432321e-13,PSU-in-stratum bootstrap; statistic recomputed with grouped 5-fold OOF isotonic crosswalk for residual metrics.,5-fold grouped OOF isotonic residual on target scale.
fullsample_oof_residual,vsrev,acti,isotonic,overall,all,rmse,1514.59921181886,1495.180337373233,1535.3521500675483,300,300,8646,5482.084523809524,1514.59921181886,0.0,PSU-in-stratum bootstrap; statistic recomputed with grouped 5-fold OOF isotonic crosswalk for residual metrics.,5-fold grouped OOF isotonic residual on target scale.
fullsample_oof_residual,vsrev,acti,isotonic,overall,all,abs_error_p95,2905.546023742759,2855.3017322181163,2959.991387153108,300,300,8646,5482.084523809524,2905.546023742759,0.0,PSU-in-stratum bootstrap; statistic recomputed with grouped 5-fold OOF isotonic crosswalk for residual metrics.,5-fold grouped OOF isotonic residual on target scale.
fullsample_oof_residual,vsrev,acti,isotonic,overall,all,mae_per_target_iqr,0.217162154151524,0.2120881382995867,0.2232348402751562,300,300,8646,5482.084523809524,0.2171621541515241,5.551115123125783e-17,PSU-in-stratum bootstrap; statistic recomputed with grouped 5-fold OOF isotonic crosswalk for residual metrics.,MAE normalized by target algorithm IQR.
subgroup_curve_divergence,vsrev,acti,isotonic,age_group,20-39,p95_abs_subgroup_minus_full_predicted_target,1160.9104652435717,920.3746164673572,1330.3173076914843,300,300,2757,5482.084523809524,,,PSU-in-stratum bootstrap; statistic recomputed with grouped 5-fold OOF isotonic crosswalk for residual metrics.,Subgroup-specific isotonic curve compared with full-sample curve.
subgroup_curve_divergence,vsrev,acti,isotonic,age_group,20-39,p95_abs_subgroup_minus_full_predicted_target_over_target_iqr,0.2117644228580499,0.1665640544776148,0.2429354860440513,300,300,2757,5482.084523809524,,,PSU-in-stratum bootstrap; statistic recomputed with grouped 5-fold OOF isotonic crosswalk for residual metrics.,Subgroup-specific isotonic curve divergence normalized by target IQR.
subgroup_curve_divergence,vsrev,acti,isotonic,age_group,20-39,max_abs_subgroup_minus_full_predicted_target,1379.9886880244085,1175.540820761827,2270.1426862026865,300,300,2757,5482.084523809524,,,PSU-in-stratum bootstrap; statistic recomputed with grouped 5-fold OOF isotonic crosswalk for residual metrics.,Subgroup-specific isotonic curve compared with full-sample curve.
subgroup_curve_divergence,vsrev,acti,isotonic,age_group,20-39,max_abs_subgroup_minus_full_predicted_target_over_target_iqr,0.2517269994708962,0.216757176905893,0.41311870478477,300,300,2757,5482.084523809524,,,PSU-in-stratum bootstrap; statistic recomputed with grouped 5-fold OOF isotonic crosswalk for residual metrics.,Subgroup-specific isotonic curve divergence normalized by target IQR.
subgroup_curve_divergence,vsrev,acti,isotonic,age_group,40-59,p95_abs_subgroup_minus_full_predicted_target,460.941258864289,403.4094276791496,618.0754548853458,300,300,2949,5482.084523809524,,,PSU-in-stratum bootstrap; statistic recomputed with grouped 5-fold OOF isotonic crosswalk for residual metrics.,Subgroup-specific isotonic curve compared with full-sample curve.
subgroup_curve_divergence,vsrev,acti,isotonic,age_group,40-59,p95_abs_subgroup_minus_full_predicted_target_over_target_iqr,0.0840813848933469,0.0729565135109212,0.1116483984690861,300,300,2949,5482.084523809524,,,PSU-in-stratum bootstrap; statistic recomputed with grouped 5-fold OOF isotonic crosswalk for residual metrics.,Subgroup-specific isotonic curve divergence normalized by target IQR.
subgroup_curve_divergence,vsrev,acti,isotonic,age_group,40-59,max_abs_subgroup_minus_full_predicted_target,637.1987520683942,519.4439361278158,958.4333297315428,300,300,2949,5482.084523809524,,,PSU-in-stratum bootstrap; statistic recomputed with grouped 5-fold OOF isotonic crosswalk for residual metrics.,Subgroup-specific isotonic curve compared with full-sample curve.
subgroup_curve_divergence,vsrev,acti,isotonic,age_group,40-59,max_abs_subgroup_minus_full_predicted_target_over_target_iqr,0.1162329309774308,0.094600578884762,0.1734097038400915,300,300,2949,5482.084523809524,,,PSU-in-stratum bootstrap; statistic recomputed with grouped 5-fold OOF isotonic crosswalk for residual metrics.,Subgroup-specific isotonic curve divergence normalized by target IQR.
subgroup_curve_divergence,vsrev,acti,isotonic,age_group,60+,p95_abs_subgroup_minus_full_predicted_target,828.1104948533175,640.2363712282375,980.215137612912,300,300,2940,5482.084523809524,,,PSU-in-stratum bootstrap; statistic recomputed with grouped 5-fold OOF isotonic crosswalk for residual metrics.,Subgroup-specific isotonic curve compared with full-sample curve.
subgroup_curve_divergence,vsrev,acti,isotonic,age_group,60+,p95_abs_subgroup_minus_full_predicted_target_over_target_iqr,0.1510575933765172,0.1167819236923476,0.1810495709613582,300,300,2940,5482.084523809524,,,PSU-in-stratum bootstrap; statistic recomputed with grouped 5-fold OOF isotonic crosswalk for residual metrics.,Subgroup-specific isotonic curve divergence normalized by target IQR.
subgroup_curve_divergence,vsrev,acti,isotonic,age_group,60+,max_abs_subgroup_minus_full_predicted_target,871.4857438223407,830.9247853698228,1576.3760348110263,300,300,2940,5482.084523809524,,,PSU-in-stratum bootstrap; statistic recomputed with grouped 5-fold OOF isotonic crosswalk for residual metrics.,Subgroup-specific isotonic curve compared with full-sample curve.
subgroup_curve_divergence,vsrev,acti,isotonic,age_group,60+,max_abs_subgroup_minus_full_predicted_target_over_target_iqr,0.1589697750987505,0.1510113668793401,0.2842527176627281,300,300,2940,5482.084523809524,,,PSU-in-stratum bootstrap; statistic recomputed with grouped 5-fold OOF isotonic crosswalk for residual metrics.,Subgroup-specific isotonic curve divergence normalized by target IQR.
subgroup_curve_spread,vsrev,acti,isotonic,age_group,20-39|40-59|60+,p95_between_subgroup_spread_predicted_target,1551.5038492063504,1385.1384751880694,1798.3707067700843,300,300,8646,5482.084523809524,,,PSU-in-stratum bootstrap; statistic recomputed with grouped 5-fold OOF isotonic crosswalk for residual metrics.,"At each source-grid point, spread = max subgroup curve - min subgroup curve."
subgroup_curve_spread,vsrev,acti,isotonic,age_group,20-39|40-59|60+,p95_between_subgroup_spread_predicted_target_over_target_iqr,0.2830134855578993,0.2518714412301076,0.3286312967469053,300,300,8646,5482.084523809524,,,PSU-in-stratum bootstrap; statistic recomputed with grouped 5-fold OOF isotonic crosswalk for residual metrics.,Between-subgroup curve spread normalized by target IQR.
subgroup_curve_spread,vsrev,acti,isotonic,age_group,20-39|40-59|60+,max_between_subgroup_spread_predicted_target,1768.7233646094885,1615.6343538684916,2328.986759453782,300,300,8646,5482.084523809524,,,PSU-in-stratum bootstrap; statistic recomputed with grouped 5-fold OOF isotonic crosswalk for residual metrics.,"At each source-grid point, spread = max subgroup curve - min subgroup curve."
subgroup_curve_spread,vsrev,acti,isotonic,age_group,20-39|40-59|60+,max_between_subgroup_spread_predicted_target_over_target_iqr,0.3226370109631937,0.2958646944949589,0.4260252156638525,300,300,8646,5482.084523809524,,,PSU-in-stratum bootstrap; statistic recomputed with grouped 5-fold OOF isotonic crosswalk for residual metrics.,Between-subgroup curve spread normalized by target IQR.
subgroup_curve_divergence,vsrev,acti,isotonic,sex,male,p95_abs_subgroup_minus_full_predicted_target,398.8162857142852,352.90068273534547,547.5274894398343,300,300,4161,5482.084523809524,,,PSU-in-stratum bootstrap; statistic recomputed with grouped 5-fold OOF isotonic crosswalk for residual metrics.,Subgroup-specific isotonic curve compared with full-sample curve.
subgroup_curve_divergence,vsrev,acti,isotonic,sex,male,p95_abs_subgroup_minus_full_predicted_target_over_target_iqr,0.0727490216508274,0.0641870103136926,0.1006269418566631,300,300,4161,5482.084523809524,,,PSU-in-stratum bootstrap; statistic recomputed with grouped 5-fold OOF isotonic crosswalk for residual metrics.,Subgroup-specific isotonic curve divergence normalized by target IQR.
subgroup_curve_divergence,vsrev,acti,isotonic,sex,male,max_abs_subgroup_minus_full_predicted_target,424.7723042235048,434.73214214675545,877.0302333442916,300,300,4161,5482.084523809524,,,PSU-in-stratum bootstrap; statistic recomputed with grouped 5-fold OOF isotonic crosswalk for residual metrics.,Subgroup-specific isotonic curve compared with full-sample curve.
subgroup_curve_divergence,vsrev,acti,isotonic,sex,male,max_abs_subgroup_minus_full_predicted_target_over_target_iqr,0.0774837203583152,0.0787797517748365,0.1605520949745753,300,300,4161,5482.084523809524,,,PSU-in-stratum bootstrap; statistic recomputed with grouped 5-fold OOF isotonic crosswalk for residual metrics.,Subgroup-specific isotonic curve divergence normalized by target IQR.
subgroup_curve_divergence,vsrev,acti,isotonic,sex,female,p95_abs_subgroup_minus_full_predicted_target,551.049419879877,405.8905328284154,792.8953004696523,300,300,4485,5482.084523809524,,,PSU-in-stratum bootstrap; statistic recomputed with grouped 5-fold OOF isotonic crosswalk for residual metrics.,Subgroup-specific isotonic curve compared with full-sample curve.
subgroup_curve_divergence,vsrev,acti,isotonic,sex,female,p95_abs_subgroup_minus_full_predicted_target_over_target_iqr,0.1005182275987511,0.0747115284230339,0.1450810375094242,300,300,4485,5482.084523809524,,,PSU-in-stratum bootstrap; statistic recomputed with grouped 5-fold OOF isotonic crosswalk for residual metrics.,Subgroup-specific isotonic curve divergence normalized by target IQR.
subgroup_curve_divergence,vsrev,acti,isotonic,sex,female,max_abs_subgroup_minus_full_predicted_target,859.676785714284,562.9531316671519,1179.5076316583616,300,300,4485,5482.084523809524,,,PSU-in-stratum bootstrap; statistic recomputed with grouped 5-fold OOF isotonic crosswalk for residual metrics.,Subgroup-specific isotonic curve compared with full-sample curve.
subgroup_curve_divergence,vsrev,acti,isotonic,sex,female,max_abs_subgroup_minus_full_predicted_target_over_target_iqr,0.1568156751287904,0.1034048693268495,0.2149735491535919,300,300,4485,5482.084523809524,,,PSU-in-stratum bootstrap; statistic recomputed with grouped 5-fold OOF isotonic crosswalk for residual metrics.,Subgroup-specific isotonic curve divergence normalized by target IQR.
subgroup_curve_spread,vsrev,acti,isotonic,sex,male|female,p95_between_subgroup_spread_predicted_target,975.8217241033816,732.4081312006184,1230.86546025214,300,300,8646,5482.084523809524,,,PSU-in-stratum bootstrap; statistic recomputed with grouped 5-fold OOF isotonic crosswalk for residual metrics.,"At each source-grid point, spread = max subgroup curve - min subgroup curve."
subgroup_curve_spread,vsrev,acti,isotonic,sex,male|female,p95_between_subgroup_spread_predicted_target_over_target_iqr,0.1780019479570663,0.1333549340525167,0.2255105669172179,300,300,8646,5482.084523809524,,,PSU-in-stratum bootstrap; statistic recomputed with grouped 5-fold OOF isotonic crosswalk for residual metrics.,Between-subgroup curve spread normalized by target IQR.
subgroup_curve_spread,vsrev,acti,isotonic,sex,male|female,max_between_subgroup_spread_predicted_target,1223.913684075782,944.5477090679236,1665.5804236245435,300,300,8646,5482.084523809524,,,PSU-in-stratum bootstrap; statistic recomputed with grouped 5-fold OOF isotonic crosswalk for residual metrics.,"At each source-grid point, spread = max subgroup curve - min subgroup curve."
subgroup_curve_spread,vsrev,acti,isotonic,sex,male|female,max_between_subgroup_spread_predicted_target_over_target_iqr,0.2232569889720122,0.1733685718598144,0.3034948658916475,300,300,8646,5482.084523809524,,,PSU-in-stratum bootstrap; statistic recomputed with grouped 5-fold OOF isotonic crosswalk for residual metrics.,Between-subgroup curve spread normalized by target IQR.
subgroup_curve_divergence,vsrev,acti,isotonic,bmi_group,<25,p95_abs_subgroup_minus_full_predicted_target,453.8712727272796,398.6616246495894,628.0297869219529,300,300,2572,5482.084523809524,,,PSU-in-stratum bootstrap; statistic recomputed with grouped 5-fold OOF isotonic crosswalk for residual metrics.,Subgroup-specific isotonic curve compared with full-sample curve.
subgroup_curve_divergence,vsrev,acti,isotonic,bmi_group,<25,p95_abs_subgroup_minus_full_predicted_target_over_target_iqr,0.0827917320055989,0.0730801419850024,0.1142541778792843,300,300,2572,5482.084523809524,,,PSU-in-stratum bootstrap; statistic recomputed with grouped 5-fold OOF isotonic crosswalk for residual metrics.,Subgroup-specific isotonic curve divergence normalized by target IQR.
subgroup_curve_divergence,vsrev,acti,isotonic,bmi_group,<25,max_abs_subgroup_minus_full_predicted_target,683.4019707207208,536.5809756563139,937.0243110193544,300,300,2572,5482.084523809524,,,PSU-in-stratum bootstrap; statistic recomputed with grouped 5-fold OOF isotonic crosswalk for residual metrics.,Subgroup-specific isotonic curve compared with full-sample curve.
subgroup_curve_divergence,vsrev,acti,isotonic,bmi_group,<25,max_abs_subgroup_minus_full_predicted_target_over_target_iqr,0.1246609693361352,0.0980467117209299,0.1741648427026704,300,300,2572,5482.084523809524,,,PSU-in-stratum bootstrap; statistic recomputed with grouped 5-fold OOF isotonic crosswalk for residual metrics.,Subgroup-specific isotonic curve divergence normalized by target IQR.
subgroup_curve_divergence,vsrev,acti,isotonic,bmi_group,25-<30,p95_abs_subgroup_minus_full_predicted_target,335.96413372254756,310.8956202808585,511.4903028850048,300,300,2741,5482.084523809524,,,PSU-in-stratum bootstrap; statistic recomputed with grouped 5-fold OOF isotonic crosswalk for residual metrics.,Subgroup-specific isotonic curve compared with full-sample curve.
subgroup_curve_divergence,vsrev,acti,isotonic,bmi_group,25-<30,p95_abs_subgroup_minus_full_predicted_target_over_target_iqr,0.0612840119964229,0.0569213817009863,0.0941911570240001,300,300,2741,5482.084523809524,,,PSU-in-stratum bootstrap; statistic recomputed with grouped 5-fold OOF isotonic crosswalk for residual metrics.,Subgroup-specific isotonic curve divergence normalized by target IQR.
subgroup_curve_divergence,vsrev,acti,isotonic,bmi_group,25-<30,max_abs_subgroup_minus_full_predicted_target,533.0644179894243,423.0043260467146,873.8685692612644,300,300,2741,5482.084523809524,,,PSU-in-stratum bootstrap; statistic recomputed with grouped 5-fold OOF isotonic crosswalk for residual metrics.,Subgroup-specific isotonic curve compared with full-sample curve.
subgroup_curve_divergence,vsrev,acti,isotonic,bmi_group,25-<30,max_abs_subgroup_minus_full_predicted_target_over_target_iqr,0.0972375408796133,0.0764204804150139,0.1606996824740463,300,300,2741,5482.084523809524,,,PSU-in-stratum bootstrap; statistic recomputed with grouped 5-fold OOF isotonic crosswalk for residual metrics.,Subgroup-specific isotonic curve divergence normalized by target IQR.
subgroup_curve_divergence,vsrev,acti,isotonic,bmi_group,>=30,p95_abs_subgroup_minus_full_predicted_target,403.6267089093708,341.8803421974489,586.4282578341682,300,300,3246,5482.084523809524,,,PSU-in-stratum bootstrap; statistic recomputed with grouped 5-fold OOF isotonic crosswalk for residual metrics.,Subgroup-specific isotonic curve compared with full-sample curve.
subgroup_curve_divergence,vsrev,acti,isotonic,bmi_group,>=30,p95_abs_subgroup_minus_full_predicted_target_over_target_iqr,0.0736265023197579,0.0622422298520791,0.1079099483016265,300,300,3246,5482.084523809524,,,PSU-in-stratum bootstrap; statistic recomputed with grouped 5-fold OOF isotonic crosswalk for residual metrics.,Subgroup-specific isotonic curve divergence normalized by target IQR.
subgroup_curve_divergence,vsrev,acti,isotonic,bmi_group,>=30,max_abs_subgroup_minus_full_predicted_target,689.9283730158695,538.1996167262952,1094.7884409807573,300,300,3246,5482.084523809524,,,PSU-in-stratum bootstrap; statistic recomputed with grouped 5-fold OOF isotonic crosswalk for residual metrics.,Subgroup-specific isotonic curve compared with full-sample curve.
subgroup_curve_divergence,vsrev,acti,isotonic,bmi_group,>=30,max_abs_subgroup_minus_full_predicted_target_over_target_iqr,0.1258514658100228,0.0989844305234973,0.2003411124237828,300,300,3246,5482.084523809524,,,PSU-in-stratum bootstrap; statistic recomputed with grouped 5-fold OOF isotonic crosswalk for residual metrics.,Subgroup-specific isotonic curve divergence normalized by target IQR.
subgroup_curve_spread,vsrev,acti,isotonic,bmi_group,<25|25-<30|>=30,p95_between_subgroup_spread_predicted_target,806.9774101382463,736.8361791900811,1047.1048046346834,300,300,8559,5482.084523809524,,,PSU-in-stratum bootstrap; statistic recomputed with grouped 5-fold OOF isotonic crosswalk for residual metrics.,"At each source-grid point, spread = max subgroup curve - min subgroup curve."
subgroup_curve_spread,vsrev,acti,isotonic,bmi_group,<25|25-<30|>=30,p95_between_subgroup_spread_predicted_target_over_target_iqr,0.1472026574259154,0.1343150975534512,0.1913326198525639,300,300,8559,5482.084523809524,,,PSU-in-stratum bootstrap; statistic recomputed with grouped 5-fold OOF isotonic crosswalk for residual metrics.,Between-subgroup curve spread normalized by target IQR.
subgroup_curve_spread,vsrev,acti,isotonic,bmi_group,<25|25-<30|>=30,max_between_subgroup_spread_predicted_target,954.8475972706146,896.3049123145776,1401.5714109062974,300,300,8559,5482.084523809524,,,PSU-in-stratum bootstrap; statistic recomputed with grouped 5-fold OOF isotonic crosswalk for residual metrics.,"At each source-grid point, spread = max subgroup curve - min subgroup curve."
subgroup_curve_spread,vsrev,acti,isotonic,bmi_group,<25|25-<30|>=30,max_between_subgroup_spread_predicted_target_over_target_iqr,0.1741760078896206,0.1630299559059663,0.2567608832385261,300,300,8559,5482.084523809524,,,PSU-in-stratum bootstrap; statistic recomputed with grouped 5-fold OOF isotonic crosswalk for residual metrics.,Between-subgroup curve spread normalized by target IQR.
fullsample_oof_residual,vsrev,adept,isotonic,overall,all,mae,721.9521783958032,704.520644249224,745.0750063898353,300,300,8646,1919.4027944454592,721.9521783958031,1.1368683772161605e-13,PSU-in-stratum bootstrap; statistic recomputed with grouped 5-fold OOF isotonic crosswalk for residual metrics.,5-fold grouped OOF isotonic residual on target scale.
fullsample_oof_residual,vsrev,adept,isotonic,overall,all,rmse,1049.627919788329,1013.0143928364909,1087.622925270441,300,300,8646,1919.4027944454592,1049.6279197883296,2.273736754432321e-13,PSU-in-stratum bootstrap; statistic recomputed with grouped 5-fold OOF isotonic crosswalk for residual metrics.,5-fold grouped OOF isotonic residual on target scale.
fullsample_oof_residual,vsrev,adept,isotonic,overall,all,abs_error_p95,2067.080210601424,1990.236195635766,2155.4212241672203,300,300,8646,1919.4027944454592,2067.080210601424,0.0,PSU-in-stratum bootstrap; statistic recomputed with grouped 5-fold OOF isotonic crosswalk for residual metrics.,5-fold grouped OOF isotonic residual on target scale.
fullsample_oof_residual,vsrev,adept,isotonic,overall,all,mae_per_target_iqr,0.3761337539390134,0.3683874317195875,0.3856505243381691,300,300,8646,1919.4027944454592,0.3761337539390134,5.551115123125783e-17,PSU-in-stratum bootstrap; statistic recomputed with grouped 5-fold OOF isotonic crosswalk for residual metrics.,MAE normalized by target algorithm IQR.
subgroup_curve_divergence,vsrev,adept,isotonic,age_group,20-39,p95_abs_subgroup_minus_full_predicted_target,344.7404587452843,247.74089965814392,426.9033432502163,300,300,2757,1919.4027944454592,,,PSU-in-stratum bootstrap; statistic recomputed with grouped 5-fold OOF isotonic crosswalk for residual metrics.,Subgroup-specific isotonic curve compared with full-sample curve.
subgroup_curve_divergence,vsrev,adept,isotonic,age_group,20-39,p95_abs_subgroup_minus_full_predicted_target_over_target_iqr,0.1796081884130445,0.1272866486591569,0.2231776474572608,300,300,2757,1919.4027944454592,,,PSU-in-stratum bootstrap; statistic recomputed with grouped 5-fold OOF isotonic crosswalk for residual metrics.,Subgroup-specific isotonic curve divergence normalized by target IQR.
subgroup_curve_divergence,vsrev,adept,isotonic,age_group,20-39,max_abs_subgroup_minus_full_predicted_target,490.57140495569456,293.30265321603923,696.993284121282,300,300,2757,1919.4027944454592,,,PSU-in-stratum bootstrap; statistic recomputed with grouped 5-fold OOF isotonic crosswalk for residual metrics.,Subgroup-specific isotonic curve compared with full-sample curve.
subgroup_curve_divergence,vsrev,adept,isotonic,age_group,20-39,max_abs_subgroup_minus_full_predicted_target_over_target_iqr,0.2555854385412766,0.1510470534272816,0.3630718706211405,300,300,2757,1919.4027944454592,,,PSU-in-stratum bootstrap; statistic recomputed with grouped 5-fold OOF isotonic crosswalk for residual metrics.,Subgroup-specific isotonic curve divergence normalized by target IQR.
subgroup_curve_divergence,vsrev,adept,isotonic,age_group,40-59,p95_abs_subgroup_minus_full_predicted_target,256.5910826283334,191.1488986986084,432.5806455508368,300,300,2949,1919.4027944454592,,,PSU-in-stratum bootstrap; statistic recomputed with grouped 5-fold OOF isotonic crosswalk for residual metrics.,Subgroup-specific isotonic curve compared with full-sample curve.
subgroup_curve_divergence,vsrev,adept,isotonic,age_group,40-59,p95_abs_subgroup_minus_full_predicted_target_over_target_iqr,0.133682770167304,0.099626104659524,0.2274049441283874,300,300,2949,1919.4027944454592,,,PSU-in-stratum bootstrap; statistic recomputed with grouped 5-fold OOF isotonic crosswalk for residual metrics.,Subgroup-specific isotonic curve divergence normalized by target IQR.
subgroup_curve_divergence,vsrev,adept,isotonic,age_group,40-59,max_abs_subgroup_minus_full_predicted_target,369.6650747424692,238.1840814479685,549.8715431364202,300,300,2949,1919.4027944454592,,,PSU-in-stratum bootstrap; statistic recomputed with grouped 5-fold OOF isotonic crosswalk for residual metrics.,Subgroup-specific isotonic curve compared with full-sample curve.
subgroup_curve_divergence,vsrev,adept,isotonic,age_group,40-59,max_abs_subgroup_minus_full_predicted_target_over_target_iqr,0.1925937983482358,0.1239077118154992,0.2919892432906522,300,300,2949,1919.4027944454592,,,PSU-in-stratum bootstrap; statistic recomputed with grouped 5-fold OOF isotonic crosswalk for residual metrics.,Subgroup-specific isotonic curve divergence normalized by target IQR.
subgroup_curve_divergence,vsrev,adept,isotonic,age_group,60+,p95_abs_subgroup_minus_full_predicted_target,324.94371737735446,240.3189948559171,627.1013298845683,300,300,2940,1919.4027944454592,,,PSU-in-stratum bootstrap; statistic recomputed with grouped 5-fold OOF isotonic crosswalk for residual metrics.,Subgroup-specific isotonic curve compared with full-sample curve.
subgroup_curve_divergence,vsrev,adept,isotonic,age_group,60+,p95_abs_subgroup_minus_full_predicted_target_over_target_iqr,0.1692941775002651,0.1264415899387604,0.3265279642207787,300,300,2940,1919.4027944454592,,,PSU-in-stratum bootstrap; statistic recomputed with grouped 5-fold OOF isotonic crosswalk for residual metrics.,Subgroup-specific isotonic curve divergence normalized by target IQR.
subgroup_curve_divergence,vsrev,adept,isotonic,age_group,60+,max_abs_subgroup_minus_full_predicted_target,416.675427365748,323.33798981728404,781.9472645222714,300,300,2940,1919.4027944454592,,,PSU-in-stratum bootstrap; statistic recomputed with grouped 5-fold OOF isotonic crosswalk for residual metrics.,Subgroup-specific isotonic curve compared with full-sample curve.
subgroup_curve_divergence,vsrev,adept,isotonic,age_group,60+,max_abs_subgroup_minus_full_predicted_target_over_target_iqr,0.2170859751645464,0.1687962791887509,0.4121568707534156,300,300,2940,1919.4027944454592,,,PSU-in-stratum bootstrap; statistic recomputed with grouped 5-fold OOF isotonic crosswalk for residual metrics.,Subgroup-specific isotonic curve divergence normalized by target IQR.
subgroup_curve_spread,vsrev,adept,isotonic,age_group,20-39|40-59|60+,p95_between_subgroup_spread_predicted_target,501.1008212082584,486.43441085023625,981.4715554305216,300,300,8646,1919.4027944454592,,,PSU-in-stratum bootstrap; statistic recomputed with grouped 5-fold OOF isotonic crosswalk for residual metrics.,"At each source-grid point, spread = max subgroup curve - min subgroup curve."
subgroup_curve_spread,vsrev,adept,isotonic,age_group,20-39|40-59|60+,p95_between_subgroup_spread_predicted_target_over_target_iqr,0.2610712158273339,0.2527629903569554,0.5123714722432046,300,300,8646,1919.4027944454592,,,PSU-in-stratum bootstrap; statistic recomputed with grouped 5-fold OOF isotonic crosswalk for residual metrics.,Between-subgroup curve spread normalized by target IQR.
subgroup_curve_spread,vsrev,adept,isotonic,age_group,20-39|40-59|60+,max_between_subgroup_spread_predicted_target,887.665791488867,577.9568692792334,1220.9641630818255,300,300,8646,1919.4027944454592,,,PSU-in-stratum bootstrap; statistic recomputed with grouped 5-fold OOF isotonic crosswalk for residual metrics.,"At each source-grid point, spread = max subgroup curve - min subgroup curve."
subgroup_curve_spread,vsrev,adept,isotonic,age_group,20-39|40-59|60+,max_between_subgroup_spread_predicted_target_over_target_iqr,0.4624697817767454,0.2998135493094655,0.6391603742686907,300,300,8646,1919.4027944454592,,,PSU-in-stratum bootstrap; statistic recomputed with grouped 5-fold OOF isotonic crosswalk for residual metrics.,Between-subgroup curve spread normalized by target IQR.
subgroup_curve_divergence,vsrev,adept,isotonic,sex,male,p95_abs_subgroup_minus_full_predicted_target,434.0574050697928,328.4894715491867,512.4496470290892,300,300,4161,1919.4027944454592,,,PSU-in-stratum bootstrap; statistic recomputed with grouped 5-fold OOF isotonic crosswalk for residual metrics.,Subgroup-specific isotonic curve compared with full-sample curve.
subgroup_curve_divergence,vsrev,adept,isotonic,sex,male,p95_abs_subgroup_minus_full_predicted_target_over_target_iqr,0.2261419053498865,0.1710721925876453,0.2692919903313965,300,300,4161,1919.4027944454592,,,PSU-in-stratum bootstrap; statistic recomputed with grouped 5-fold OOF isotonic crosswalk for residual metrics.,Subgroup-specific isotonic curve divergence normalized by target IQR.
subgroup_curve_divergence,vsrev,adept,isotonic,sex,male,max_abs_subgroup_minus_full_predicted_target,441.213188276387,387.9953233077332,665.3079375221361,300,300,4161,1919.4027944454592,,,PSU-in-stratum bootstrap; statistic recomputed with grouped 5-fold OOF isotonic crosswalk for residual metrics.,Subgroup-specific isotonic curve compared with full-sample curve.
subgroup_curve_divergence,vsrev,adept,isotonic,sex,male,max_abs_subgroup_minus_full_predicted_target_over_target_iqr,0.2298700353845526,0.2026290950628159,0.3455320615515214,300,300,4161,1919.4027944454592,,,PSU-in-stratum bootstrap; statistic recomputed with grouped 5-fold OOF isotonic crosswalk for residual metrics.,Subgroup-specific isotonic curve divergence normalized by target IQR.
subgroup_curve_divergence,vsrev,adept,isotonic,sex,female,p95_abs_subgroup_minus_full_predicted_target,597.7983329702965,417.5333723865007,767.5169992144396,300,300,4485,1919.4027944454592,,,PSU-in-stratum bootstrap; statistic recomputed with grouped 5-fold OOF isotonic crosswalk for residual metrics.,Subgroup-specific isotonic curve compared with full-sample curve.
subgroup_curve_divergence,vsrev,adept,isotonic,sex,female,p95_abs_subgroup_minus_full_predicted_target_over_target_iqr,0.3114501733040397,0.2208937737485412,0.3989559170041818,300,300,4485,1919.4027944454592,,,PSU-in-stratum bootstrap; statistic recomputed with grouped 5-fold OOF isotonic crosswalk for residual metrics.,Subgroup-specific isotonic curve divergence normalized by target IQR.
subgroup_curve_divergence,vsrev,adept,isotonic,sex,female,max_abs_subgroup_minus_full_predicted_target,743.5902513982637,538.1467802416923,877.8279505315357,300,300,4485,1919.4027944454592,,,PSU-in-stratum bootstrap; statistic recomputed with grouped 5-fold OOF isotonic crosswalk for residual metrics.,Subgroup-specific isotonic curve compared with full-sample curve.
subgroup_curve_divergence,vsrev,adept,isotonic,sex,female,max_abs_subgroup_minus_full_predicted_target_over_target_iqr,0.3874070901376887,0.2764083373376189,0.4625269113824916,300,300,4485,1919.4027944454592,,,PSU-in-stratum bootstrap; statistic recomputed with grouped 5-fold OOF isotonic crosswalk for residual metrics.,Subgroup-specific isotonic curve divergence normalized by target IQR.
subgroup_curve_spread,vsrev,adept,isotonic,sex,male|female,p95_between_subgroup_spread_predicted_target,963.8948600490558,736.9890053642769,1223.514669572367,300,300,8646,1919.4027944454592,,,PSU-in-stratum bootstrap; statistic recomputed with grouped 5-fold OOF isotonic crosswalk for residual metrics.,"At each source-grid point, spread = max subgroup curve - min subgroup curve."
subgroup_curve_spread,vsrev,adept,isotonic,sex,male|female,p95_between_subgroup_spread_predicted_target_over_target_iqr,0.5021847747843555,0.3827349213846756,0.6412359825563777,300,300,8646,1919.4027944454592,,,PSU-in-stratum bootstrap; statistic recomputed with grouped 5-fold OOF isotonic crosswalk for residual metrics.,Between-subgroup curve spread normalized by target IQR.
subgroup_curve_spread,vsrev,adept,isotonic,sex,male|female,max_between_subgroup_spread_predicted_target,1184.8034396746507,876.2226029866326,1360.096443420094,300,300,8646,1919.4027944454592,,,PSU-in-stratum bootstrap; statistic recomputed with grouped 5-fold OOF isotonic crosswalk for residual metrics.,"At each source-grid point, spread = max subgroup curve - min subgroup curve."
subgroup_curve_spread,vsrev,adept,isotonic,sex,male|female,max_between_subgroup_spread_predicted_target_over_target_iqr,0.6172771255222413,0.457524199132067,0.7169300201075561,300,300,8646,1919.4027944454592,,,PSU-in-stratum bootstrap; statistic recomputed with grouped 5-fold OOF isotonic crosswalk for residual metrics.,Between-subgroup curve spread normalized by target IQR.
subgroup_curve_divergence,vsrev,adept,isotonic,bmi_group,<25,p95_abs_subgroup_minus_full_predicted_target,202.2476571148268,164.86034587639605,324.1236319173841,300,300,2572,1919.4027944454592,,,PSU-in-stratum bootstrap; statistic recomputed with grouped 5-fold OOF isotonic crosswalk for residual metrics.,Subgroup-specific isotonic curve compared with full-sample curve.
subgroup_curve_divergence,vsrev,adept,isotonic,bmi_group,<25,p95_abs_subgroup_minus_full_predicted_target_over_target_iqr,0.1053700962091486,0.0858019997283193,0.1667335611877198,300,300,2572,1919.4027944454592,,,PSU-in-stratum bootstrap; statistic recomputed with grouped 5-fold OOF isotonic crosswalk for residual metrics.,Subgroup-specific isotonic curve divergence normalized by target IQR.
subgroup_curve_divergence,vsrev,adept,isotonic,bmi_group,<25,max_abs_subgroup_minus_full_predicted_target,287.05124236002484,210.32137852701905,471.0055479595672,300,300,2572,1919.4027944454592,,,PSU-in-stratum bootstrap; statistic recomputed with grouped 5-fold OOF isotonic crosswalk for residual metrics.,Subgroup-specific isotonic curve compared with full-sample curve.
subgroup_curve_divergence,vsrev,adept,isotonic,bmi_group,<25,max_abs_subgroup_minus_full_predicted_target_over_target_iqr,0.1495523728478043,0.1106115636694789,0.2445770917261904,300,300,2572,1919.4027944454592,,,PSU-in-stratum bootstrap; statistic recomputed with grouped 5-fold OOF isotonic crosswalk for residual metrics.,Subgroup-specific isotonic curve divergence normalized by target IQR.
subgroup_curve_divergence,vsrev,adept,isotonic,bmi_group,25-<30,p95_abs_subgroup_minus_full_predicted_target,285.36663352145024,208.3882408557672,385.7408645730412,300,300,2741,1919.4027944454592,,,PSU-in-stratum bootstrap; statistic recomputed with grouped 5-fold OOF isotonic crosswalk for residual metrics.,Subgroup-specific isotonic curve compared with full-sample curve.
subgroup_curve_divergence,vsrev,adept,isotonic,bmi_group,25-<30,p95_abs_subgroup_minus_full_predicted_target_over_target_iqr,0.1486746994155004,0.1088521916031114,0.1991818760563152,300,300,2741,1919.4027944454592,,,PSU-in-stratum bootstrap; statistic recomputed with grouped 5-fold OOF isotonic crosswalk for residual metrics.,Subgroup-specific isotonic curve divergence normalized by target IQR.
subgroup_curve_divergence,vsrev,adept,isotonic,bmi_group,25-<30,max_abs_subgroup_minus_full_predicted_target,346.97997565637206,255.79689452756384,513.3633732948232,300,300,2741,1919.4027944454592,,,PSU-in-stratum bootstrap; statistic recomputed with grouped 5-fold OOF isotonic crosswalk for residual metrics.,Subgroup-specific isotonic curve compared with full-sample curve.
subgroup_curve_divergence,vsrev,adept,isotonic,bmi_group,25-<30,max_abs_subgroup_minus_full_predicted_target_over_target_iqr,0.1807749663908451,0.1349820892371949,0.2678440372513005,300,300,2741,1919.4027944454592,,,PSU-in-stratum bootstrap; statistic recomputed with grouped 5-fold OOF isotonic crosswalk for residual metrics.,Subgroup-specific isotonic curve divergence normalized by target IQR.
subgroup_curve_divergence,vsrev,adept,isotonic,bmi_group,>=30,p95_abs_subgroup_minus_full_predicted_target,307.3545659192837,246.09696572902047,429.8606014988765,300,300,3246,1919.4027944454592,,,PSU-in-stratum bootstrap; statistic recomputed with grouped 5-fold OOF isotonic crosswalk for residual metrics.,Subgroup-specific isotonic curve compared with full-sample curve.
subgroup_curve_divergence,vsrev,adept,isotonic,bmi_group,>=30,p95_abs_subgroup_minus_full_predicted_target_over_target_iqr,0.1601303107449535,0.1285217450062565,0.2257307752713521,300,300,3246,1919.4027944454592,,,PSU-in-stratum bootstrap; statistic recomputed with grouped 5-fold OOF isotonic crosswalk for residual metrics.,Subgroup-specific isotonic curve divergence normalized by target IQR.
subgroup_curve_divergence,vsrev,adept,isotonic,bmi_group,>=30,max_abs_subgroup_minus_full_predicted_target,363.4465547234545,315.7427354519557,628.610562067744,300,300,3246,1919.4027944454592,,,PSU-in-stratum bootstrap; statistic recomputed with grouped 5-fold OOF isotonic crosswalk for residual metrics.,Subgroup-specific isotonic curve compared with full-sample curve.
subgroup_curve_divergence,vsrev,adept,isotonic,bmi_group,>=30,max_abs_subgroup_minus_full_predicted_target_over_target_iqr,0.1893539781098729,0.1632433271995235,0.3284674449469374,300,300,3246,1919.4027944454592,,,PSU-in-stratum bootstrap; statistic recomputed with grouped 5-fold OOF isotonic crosswalk for residual metrics.,Subgroup-specific isotonic curve divergence normalized by target IQR.
subgroup_curve_spread,vsrev,adept,isotonic,bmi_group,<25|25-<30|>=30,p95_between_subgroup_spread_predicted_target,529.3149677671281,459.0043892620438,699.5022889134962,300,300,8559,1919.4027944454592,,,PSU-in-stratum bootstrap; statistic recomputed with grouped 5-fold OOF isotonic crosswalk for residual metrics.,"At each source-grid point, spread = max subgroup curve - min subgroup curve."
subgroup_curve_spread,vsrev,adept,isotonic,bmi_group,<25|25-<30|>=30,p95_between_subgroup_spread_predicted_target_over_target_iqr,0.2757706560076433,0.2393447741039921,0.3673610230972008,300,300,8559,1919.4027944454592,,,PSU-in-stratum bootstrap; statistic recomputed with grouped 5-fold OOF isotonic crosswalk for residual metrics.,Between-subgroup curve spread normalized by target IQR.
subgroup_curve_spread,vsrev,adept,isotonic,bmi_group,<25|25-<30|>=30,max_between_subgroup_spread_predicted_target,632.3190470829968,535.5827015732423,840.797480793166,300,300,8559,1919.4027944454592,,,PSU-in-stratum bootstrap; statistic recomputed with grouped 5-fold OOF isotonic crosswalk for residual metrics.,"At each source-grid point, spread = max subgroup curve - min subgroup curve."
subgroup_curve_spread,vsrev,adept,isotonic,bmi_group,<25|25-<30|>=30,max_between_subgroup_spread_predicted_target_over_target_iqr,0.3294353060821098,0.2782589824088006,0.4399184680719573,300,300,8559,1919.4027944454592,,,PSU-in-stratum bootstrap; statistic recomputed with grouped 5-fold OOF isotonic crosswalk for residual metrics.,Between-subgroup curve spread normalized by target IQR.
fullsample_oof_residual,vsrev,oak,isotonic,overall,all,mae,947.2664773566944,932.8579148347744,967.110600067823,300,300,8646,6887.578571428576,947.2664773566944,0.0,PSU-in-stratum bootstrap; statistic recomputed with grouped 5-fold OOF isotonic crosswalk for residual metrics.,5-fold grouped OOF isotonic residual on target scale.
fullsample_oof_residual,vsrev,oak,isotonic,overall,all,rmse,1284.841812510272,1262.507834515868,1314.391743622121,300,300,8646,6887.578571428576,1284.841812510272,2.273736754432321e-13,PSU-in-stratum bootstrap; statistic recomputed with grouped 5-fold OOF isotonic crosswalk for residual metrics.,5-fold grouped OOF isotonic residual on target scale.
fullsample_oof_residual,vsrev,oak,isotonic,overall,all,abs_error_p95,2623.440664974324,2554.902306053327,2680.2062807865746,300,300,8646,6887.578571428576,2623.440664974324,0.0,PSU-in-stratum bootstrap; statistic recomputed with grouped 5-fold OOF isotonic crosswalk for residual metrics.,5-fold grouped OOF isotonic residual on target scale.
fullsample_oof_residual,vsrev,oak,isotonic,overall,all,mae_per_target_iqr,0.1375325838439355,0.1345631669210416,0.1414792156368817,300,300,8646,6887.578571428576,0.1375325838439355,0.0,PSU-in-stratum bootstrap; statistic recomputed with grouped 5-fold OOF isotonic crosswalk for residual metrics.,MAE normalized by target algorithm IQR.
subgroup_curve_divergence,vsrev,oak,isotonic,age_group,20-39,p95_abs_subgroup_minus_full_predicted_target,496.71440726362925,472.4015369788698,683.386711587353,300,300,2757,6887.578571428576,,,PSU-in-stratum bootstrap; statistic recomputed with grouped 5-fold OOF isotonic crosswalk for residual metrics.,Subgroup-specific isotonic curve compared with full-sample curve.
subgroup_curve_divergence,vsrev,oak,isotonic,age_group,20-39,p95_abs_subgroup_minus_full_predicted_target_over_target_iqr,0.0721174215455235,0.0687762259235615,0.0988956460451431,300,300,2757,6887.578571428576,,,PSU-in-stratum bootstrap; statistic recomputed with grouped 5-fold OOF isotonic crosswalk for residual metrics.,Subgroup-specific isotonic curve divergence normalized by target IQR.
subgroup_curve_divergence,vsrev,oak,isotonic,age_group,20-39,max_abs_subgroup_minus_full_predicted_target,762.6054067094774,602.8024665716631,1177.8905551504477,300,300,2757,6887.578571428576,,,PSU-in-stratum bootstrap; statistic recomputed with grouped 5-fold OOF isotonic crosswalk for residual metrics.,Subgroup-specific isotonic curve compared with full-sample curve.
subgroup_curve_divergence,vsrev,oak,isotonic,age_group,20-39,max_abs_subgroup_minus_full_predicted_target_over_target_iqr,0.110721844956217,0.0878299968196957,0.1698336782921184,300,300,2757,6887.578571428576,,,PSU-in-stratum bootstrap; statistic recomputed with grouped 5-fold OOF isotonic crosswalk for residual metrics.,Subgroup-specific isotonic curve divergence normalized by target IQR.
subgroup_curve_divergence,vsrev,oak,isotonic,age_group,40-59,p95_abs_subgroup_minus_full_predicted_target,553.0048617511566,440.5312158864223,745.4657636249876,300,300,2949,6887.578571428576,,,PSU-in-stratum bootstrap; statistic recomputed with grouped 5-fold OOF isotonic crosswalk for residual metrics.,Subgroup-specific isotonic curve compared with full-sample curve.
subgroup_curve_divergence,vsrev,oak,isotonic,age_group,40-59,p95_abs_subgroup_minus_full_predicted_target_over_target_iqr,0.0802901710689967,0.0639269957560694,0.1081297490392066,300,300,2949,6887.578571428576,,,PSU-in-stratum bootstrap; statistic recomputed with grouped 5-fold OOF isotonic crosswalk for residual metrics.,Subgroup-specific isotonic curve divergence normalized by target IQR.
subgroup_curve_divergence,vsrev,oak,isotonic,age_group,40-59,max_abs_subgroup_minus_full_predicted_target,830.3362651331772,641.2118169770749,1344.531876865022,300,300,2949,6887.578571428576,,,PSU-in-stratum bootstrap; statistic recomputed with grouped 5-fold OOF isotonic crosswalk for residual metrics.,Subgroup-specific isotonic curve compared with full-sample curve.
subgroup_curve_divergence,vsrev,oak,isotonic,age_group,40-59,max_abs_subgroup_minus_full_predicted_target_over_target_iqr,0.1205556142150773,0.0938832211531776,0.196959898264234,300,300,2949,6887.578571428576,,,PSU-in-stratum bootstrap; statistic recomputed with grouped 5-fold OOF isotonic crosswalk for residual metrics.,Subgroup-specific isotonic curve divergence normalized by target IQR.
subgroup_curve_divergence,vsrev,oak,isotonic,age_group,60+,p95_abs_subgroup_minus_full_predicted_target,667.2267934748852,461.2173441518369,1111.7125404324045,300,300,2940,6887.578571428576,,,PSU-in-stratum bootstrap; statistic recomputed with grouped 5-fold OOF isotonic crosswalk for residual metrics.,Subgroup-specific isotonic curve compared with full-sample curve.
subgroup_curve_divergence,vsrev,oak,isotonic,age_group,60+,p95_abs_subgroup_minus_full_predicted_target_over_target_iqr,0.0968739284140744,0.067652192139776,0.1597776879846068,300,300,2940,6887.578571428576,,,PSU-in-stratum bootstrap; statistic recomputed with grouped 5-fold OOF isotonic crosswalk for residual metrics.,Subgroup-specific isotonic curve divergence normalized by target IQR.
subgroup_curve_divergence,vsrev,oak,isotonic,age_group,60+,max_abs_subgroup_minus_full_predicted_target,1268.7589972943751,723.8114588110653,2032.1671032238469,300,300,2940,6887.578571428576,,,PSU-in-stratum bootstrap; statistic recomputed with grouped 5-fold OOF isotonic crosswalk for residual metrics.,Subgroup-specific isotonic curve compared with full-sample curve.
subgroup_curve_divergence,vsrev,oak,isotonic,age_group,60+,max_abs_subgroup_minus_full_predicted_target_over_target_iqr,0.1842097312047385,0.1059370916115751,0.2924224826789002,300,300,2940,6887.578571428576,,,PSU-in-stratum bootstrap; statistic recomputed with grouped 5-fold OOF isotonic crosswalk for residual metrics.,Subgroup-specific isotonic curve divergence normalized by target IQR.
subgroup_curve_spread,vsrev,oak,isotonic,age_group,20-39|40-59|60+,p95_between_subgroup_spread_predicted_target,1469.0692404884649,964.8001117346683,1900.0591981189723,300,300,8646,6887.578571428576,,,PSU-in-stratum bootstrap; statistic recomputed with grouped 5-fold OOF isotonic crosswalk for residual metrics.,"At each source-grid point, spread = max subgroup curve - min subgroup curve."
subgroup_curve_spread,vsrev,oak,isotonic,age_group,20-39|40-59|60+,p95_between_subgroup_spread_predicted_target_over_target_iqr,0.2132925563393987,0.141314240862365,0.2738935614825955,300,300,8646,6887.578571428576,,,PSU-in-stratum bootstrap; statistic recomputed with grouped 5-fold OOF isotonic crosswalk for residual metrics.,Between-subgroup curve spread normalized by target IQR.
subgroup_curve_spread,vsrev,oak,isotonic,age_group,20-39|40-59|60+,max_between_subgroup_spread_predicted_target,1592.9416718426546,1333.0300613228935,2569.3344463689673,300,300,8646,6887.578571428576,,,PSU-in-stratum bootstrap; statistic recomputed with grouped 5-fold OOF isotonic crosswalk for residual metrics.,"At each source-grid point, spread = max subgroup curve - min subgroup curve."
subgroup_curve_spread,vsrev,oak,isotonic,age_group,20-39|40-59|60+,max_between_subgroup_spread_predicted_target_over_target_iqr,0.2312774591712944,0.1943362812933821,0.3687972646264741,300,300,8646,6887.578571428576,,,PSU-in-stratum bootstrap; statistic recomputed with grouped 5-fold OOF isotonic crosswalk for residual metrics.,Between-subgroup curve spread normalized by target IQR.
subgroup_curve_divergence,vsrev,oak,isotonic,sex,male,p95_abs_subgroup_minus_full_predicted_target,336.9390952380945,288.6653692528728,467.1685837373669,300,300,4161,6887.578571428576,,,PSU-in-stratum bootstrap; statistic recomputed with grouped 5-fold OOF isotonic crosswalk for residual metrics.,Subgroup-specific isotonic curve compared with full-sample curve.
subgroup_curve_divergence,vsrev,oak,isotonic,sex,male,p95_abs_subgroup_minus_full_predicted_target_over_target_iqr,0.0489198187351072,0.0419974669566374,0.0680063294070136,300,300,4161,6887.578571428576,,,PSU-in-stratum bootstrap; statistic recomputed with grouped 5-fold OOF isotonic crosswalk for residual metrics.,Subgroup-specific isotonic curve divergence normalized by target IQR.
subgroup_curve_divergence,vsrev,oak,isotonic,sex,male,max_abs_subgroup_minus_full_predicted_target,472.2675611772538,382.2644950682076,740.1305244666073,300,300,4161,6887.578571428576,,,PSU-in-stratum bootstrap; statistic recomputed with grouped 5-fold OOF isotonic crosswalk for residual metrics.,Subgroup-specific isotonic curve compared with full-sample curve.
subgroup_curve_divergence,vsrev,oak,isotonic,sex,male,max_abs_subgroup_minus_full_predicted_target_over_target_iqr,0.0685680106991939,0.0556276639434774,0.1078754223285162,300,300,4161,6887.578571428576,,,PSU-in-stratum bootstrap; statistic recomputed with grouped 5-fold OOF isotonic crosswalk for residual metrics.,Subgroup-specific isotonic curve divergence normalized by target IQR.
subgroup_curve_divergence,vsrev,oak,isotonic,sex,female,p95_abs_subgroup_minus_full_predicted_target,275.6336263689009,279.8815084916123,452.37359541594253,300,300,4485,6887.578571428576,,,PSU-in-stratum bootstrap; statistic recomputed with grouped 5-fold OOF isotonic crosswalk for residual metrics.,Subgroup-specific isotonic curve compared with full-sample curve.
subgroup_curve_divergence,vsrev,oak,isotonic,sex,female,p95_abs_subgroup_minus_full_predicted_target_over_target_iqr,0.0400189447583653,0.0406762847309241,0.066085825918896,300,300,4485,6887.578571428576,,,PSU-in-stratum bootstrap; statistic recomputed with grouped 5-fold OOF isotonic crosswalk for residual metrics.,Subgroup-specific isotonic curve divergence normalized by target IQR.
subgroup_curve_divergence,vsrev,oak,isotonic,sex,female,max_abs_subgroup_minus_full_predicted_target,503.64394816047934,407.70702202469266,1010.9368342315952,300,300,4485,6887.578571428576,,,PSU-in-stratum bootstrap; statistic recomputed with grouped 5-fold OOF isotonic crosswalk for residual metrics.,Subgroup-specific isotonic curve compared with full-sample curve.
subgroup_curve_divergence,vsrev,oak,isotonic,sex,female,max_abs_subgroup_minus_full_predicted_target_over_target_iqr,0.0731235140096582,0.0596160550220728,0.1467915059221722,300,300,4485,6887.578571428576,,,PSU-in-stratum bootstrap; statistic recomputed with grouped 5-fold OOF isotonic crosswalk for residual metrics.,Subgroup-specific isotonic curve divergence normalized by target IQR.
subgroup_curve_spread,vsrev,oak,isotonic,sex,male|female,p95_between_subgroup_spread_predicted_target,626.3795751231519,528.1874764339882,825.3034968523641,300,300,8646,6887.578571428576,,,PSU-in-stratum bootstrap; statistic recomputed with grouped 5-fold OOF isotonic crosswalk for residual metrics.,"At each source-grid point, spread = max subgroup curve - min subgroup curve."
subgroup_curve_spread,vsrev,oak,isotonic,sex,male|female,p95_between_subgroup_spread_predicted_target_over_target_iqr,0.0909433654552462,0.0766011418940216,0.1208626711134813,300,300,8646,6887.578571428576,,,PSU-in-stratum bootstrap; statistic recomputed with grouped 5-fold OOF isotonic crosswalk for residual metrics.,Between-subgroup curve spread normalized by target IQR.
subgroup_curve_spread,vsrev,oak,isotonic,sex,male|female,max_between_subgroup_spread_predicted_target,798.712898478836,673.1132052747419,1402.3936600879824,300,300,8646,6887.578571428576,,,PSU-in-stratum bootstrap; statistic recomputed with grouped 5-fold OOF isotonic crosswalk for residual metrics.,"At each source-grid point, spread = max subgroup curve - min subgroup curve."
subgroup_curve_spread,vsrev,oak,isotonic,sex,male|female,max_between_subgroup_spread_predicted_target_over_target_iqr,0.1159642521962798,0.096771840773413,0.2060623034763393,300,300,8646,6887.578571428576,,,PSU-in-stratum bootstrap; statistic recomputed with grouped 5-fold OOF isotonic crosswalk for residual metrics.,Between-subgroup curve spread normalized by target IQR.
subgroup_curve_divergence,vsrev,oak,isotonic,bmi_group,<25,p95_abs_subgroup_minus_full_predicted_target,441.6267860007283,395.40483018047047,632.3154341373506,300,300,2572,6887.578571428576,,,PSU-in-stratum bootstrap; statistic recomputed with grouped 5-fold OOF isotonic crosswalk for residual metrics.,Subgroup-specific isotonic curve compared with full-sample curve.
subgroup_curve_divergence,vsrev,oak,isotonic,bmi_group,<25,p95_abs_subgroup_minus_full_predicted_target_over_target_iqr,0.0641193100624228,0.0571393245179115,0.0919324633451647,300,300,2572,6887.578571428576,,,PSU-in-stratum bootstrap; statistic recomputed with grouped 5-fold OOF isotonic crosswalk for residual metrics.,Subgroup-specific isotonic curve divergence normalized by target IQR.
subgroup_curve_divergence,vsrev,oak,isotonic,bmi_group,<25,max_abs_subgroup_minus_full_predicted_target,611.3560320823271,534.320412558484,1114.730458183729,300,300,2572,6887.578571428576,,,PSU-in-stratum bootstrap; statistic recomputed with grouped 5-fold OOF isotonic crosswalk for residual metrics.,Subgroup-specific isotonic curve compared with full-sample curve.
subgroup_curve_divergence,vsrev,oak,isotonic,bmi_group,<25,max_abs_subgroup_minus_full_predicted_target_over_target_iqr,0.0887621136720511,0.0770955123614137,0.1638516743149068,300,300,2572,6887.578571428576,,,PSU-in-stratum bootstrap; statistic recomputed with grouped 5-fold OOF isotonic crosswalk for residual metrics.,Subgroup-specific isotonic curve divergence normalized by target IQR.
subgroup_curve_divergence,vsrev,oak,isotonic,bmi_group,25-<30,p95_abs_subgroup_minus_full_predicted_target,290.390013798622,329.6016742610199,543.9864350207379,300,300,2741,6887.578571428576,,,PSU-in-stratum bootstrap; statistic recomputed with grouped 5-fold OOF isotonic crosswalk for residual metrics.,Subgroup-specific isotonic curve compared with full-sample curve.
subgroup_curve_divergence,vsrev,oak,isotonic,bmi_group,25-<30,p95_abs_subgroup_minus_full_predicted_target_over_target_iqr,0.0421614085105661,0.0485827682071473,0.0796363859342227,300,300,2741,6887.578571428576,,,PSU-in-stratum bootstrap; statistic recomputed with grouped 5-fold OOF isotonic crosswalk for residual metrics.,Subgroup-specific isotonic curve divergence normalized by target IQR.
subgroup_curve_divergence,vsrev,oak,isotonic,bmi_group,25-<30,max_abs_subgroup_minus_full_predicted_target,613.9165284178234,465.2477435205679,935.7880367938844,300,300,2741,6887.578571428576,,,PSU-in-stratum bootstrap; statistic recomputed with grouped 5-fold OOF isotonic crosswalk for residual metrics.,Subgroup-specific isotonic curve compared with full-sample curve.
subgroup_curve_divergence,vsrev,oak,isotonic,bmi_group,25-<30,max_abs_subgroup_minus_full_predicted_target_over_target_iqr,0.0891338693346461,0.0675916807411721,0.1341530445624122,300,300,2741,6887.578571428576,,,PSU-in-stratum bootstrap; statistic recomputed with grouped 5-fold OOF isotonic crosswalk for residual metrics.,Subgroup-specific isotonic curve divergence normalized by target IQR.
subgroup_curve_divergence,vsrev,oak,isotonic,bmi_group,>=30,p95_abs_subgroup_minus_full_predicted_target,468.6064107142883,363.77766544117304,768.2190985489539,300,300,3246,6887.578571428576,,,PSU-in-stratum bootstrap; statistic recomputed with grouped 5-fold OOF isotonic crosswalk for residual metrics.,Subgroup-specific isotonic curve compared with full-sample curve.
subgroup_curve_divergence,vsrev,oak,isotonic,bmi_group,>=30,p95_abs_subgroup_minus_full_predicted_target_over_target_iqr,0.0680364522675918,0.0528002469986882,0.1124067923215865,300,300,3246,6887.578571428576,,,PSU-in-stratum bootstrap; statistic recomputed with grouped 5-fold OOF isotonic crosswalk for residual metrics.,Subgroup-specific isotonic curve divergence normalized by target IQR.
subgroup_curve_divergence,vsrev,oak,isotonic,bmi_group,>=30,max_abs_subgroup_minus_full_predicted_target,770.5299323593063,567.8162183498109,1240.9546227104795,300,300,3246,6887.578571428576,,,PSU-in-stratum bootstrap; statistic recomputed with grouped 5-fold OOF isotonic crosswalk for residual metrics.,Subgroup-specific isotonic curve compared with full-sample curve.
subgroup_curve_divergence,vsrev,oak,isotonic,bmi_group,>=30,max_abs_subgroup_minus_full_predicted_target_over_target_iqr,0.1118723981684448,0.083178591394761,0.1805433077730386,300,300,3246,6887.578571428576,,,PSU-in-stratum bootstrap; statistic recomputed with grouped 5-fold OOF isotonic crosswalk for residual metrics.,Subgroup-specific isotonic curve divergence normalized by target IQR.
subgroup_curve_spread,vsrev,oak,isotonic,bmi_group,<25|25-<30|>=30,p95_between_subgroup_spread_predicted_target,907.2373684210544,808.0742377376191,1201.6386745619693,300,300,8559,6887.578571428576,,,PSU-in-stratum bootstrap; statistic recomputed with grouped 5-fold OOF isotonic crosswalk for residual metrics.,"At each source-grid point, spread = max subgroup curve - min subgroup curve."
subgroup_curve_spread,vsrev,oak,isotonic,bmi_group,<25|25-<30|>=30,p95_between_subgroup_spread_predicted_target_over_target_iqr,0.1317208012964825,0.1163243934359723,0.176369768857276,300,300,8559,6887.578571428576,,,PSU-in-stratum bootstrap; statistic recomputed with grouped 5-fold OOF isotonic crosswalk for residual metrics.,Between-subgroup curve spread normalized by target IQR.
subgroup_curve_spread,vsrev,oak,isotonic,bmi_group,<25|25-<30|>=30,max_between_subgroup_spread_predicted_target,1063.2747408963623,1023.2880560230768,1699.019987978853,300,300,8559,6887.578571428576,,,PSU-in-stratum bootstrap; statistic recomputed with grouped 5-fold OOF isotonic crosswalk for residual metrics.,"At each source-grid point, spread = max subgroup curve - min subgroup curve."
subgroup_curve_spread,vsrev,oak,isotonic,bmi_group,<25|25-<30|>=30,max_between_subgroup_spread_predicted_target_over_target_iqr,0.1543756967516996,0.1478066406595533,0.2477369274137038,300,300,8559,6887.578571428576,,,PSU-in-stratum bootstrap; statistic recomputed with grouped 5-fold OOF isotonic crosswalk for residual metrics.,Between-subgroup curve spread normalized by target IQR.
fullsample_oof_residual,vsrev,scrf,isotonic,overall,all,mae,1627.9782614801811,1601.9635932248195,1664.0556152989182,300,300,8646,7482.482142857143,1627.9782614801811,0.0,PSU-in-stratum bootstrap; statistic recomputed with grouped 5-fold OOF isotonic crosswalk for residual metrics.,5-fold grouped OOF isotonic residual on target scale.
fullsample_oof_residual,vsrev,scrf,isotonic,overall,all,rmse,2239.4294292774107,2189.325434065862,2309.606089705694,300,300,8646,7482.482142857143,2239.4294292774107,0.0,PSU-in-stratum bootstrap; statistic recomputed with grouped 5-fold OOF isotonic crosswalk for residual metrics.,5-fold grouped OOF isotonic residual on target scale.
fullsample_oof_residual,vsrev,scrf,isotonic,overall,all,abs_error_p95,4600.7394429103715,4476.660188466237,4702.167356471425,300,300,8646,7482.482142857143,4600.7394429103715,0.0,PSU-in-stratum bootstrap; statistic recomputed with grouped 5-fold OOF isotonic crosswalk for residual metrics.,5-fold grouped OOF isotonic residual on target scale.
fullsample_oof_residual,vsrev,scrf,isotonic,overall,all,mae_per_target_iqr,0.2175719541187634,0.2134604340984662,0.2222807827358678,300,300,8646,7482.482142857143,0.2175719541187634,0.0,PSU-in-stratum bootstrap; statistic recomputed with grouped 5-fold OOF isotonic crosswalk for residual metrics.,MAE normalized by target algorithm IQR.
subgroup_curve_divergence,vsrev,scrf,isotonic,age_group,20-39,p95_abs_subgroup_minus_full_predicted_target,672.6807166557792,600.7966025813399,878.5283000230698,300,300,2757,7482.482142857143,,,PSU-in-stratum bootstrap; statistic recomputed with grouped 5-fold OOF isotonic crosswalk for residual metrics.,Subgroup-specific isotonic curve compared with full-sample curve.
subgroup_curve_divergence,vsrev,scrf,isotonic,age_group,20-39,p95_abs_subgroup_minus_full_predicted_target_over_target_iqr,0.0899007446744029,0.0803504626263652,0.1178190086519849,300,300,2757,7482.482142857143,,,PSU-in-stratum bootstrap; statistic recomputed with grouped 5-fold OOF isotonic crosswalk for residual metrics.,Subgroup-specific isotonic curve divergence normalized by target IQR.
subgroup_curve_divergence,vsrev,scrf,isotonic,age_group,20-39,max_abs_subgroup_minus_full_predicted_target,859.4879689754707,751.8202371908692,1444.4088957338956,300,300,2757,7482.482142857143,,,PSU-in-stratum bootstrap; statistic recomputed with grouped 5-fold OOF isotonic crosswalk for residual metrics.,Subgroup-specific isotonic curve compared with full-sample curve.
subgroup_curve_divergence,vsrev,scrf,isotonic,age_group,20-39,max_abs_subgroup_minus_full_predicted_target_over_target_iqr,0.114866691636003,0.1003542935193129,0.1912372952085144,300,300,2757,7482.482142857143,,,PSU-in-stratum bootstrap; statistic recomputed with grouped 5-fold OOF isotonic crosswalk for residual metrics.,Subgroup-specific isotonic curve divergence normalized by target IQR.
subgroup_curve_divergence,vsrev,scrf,isotonic,age_group,40-59,p95_abs_subgroup_minus_full_predicted_target,727.6050836550826,558.8535003036615,911.724288679124,300,300,2949,7482.482142857143,,,PSU-in-stratum bootstrap; statistic recomputed with grouped 5-fold OOF isotonic crosswalk for residual metrics.,Subgroup-specific isotonic curve compared with full-sample curve.
subgroup_curve_divergence,vsrev,scrf,isotonic,age_group,40-59,p95_abs_subgroup_minus_full_predicted_target_over_target_iqr,0.0972411386707634,0.0746994744848634,0.1219553590929605,300,300,2949,7482.482142857143,,,PSU-in-stratum bootstrap; statistic recomputed with grouped 5-fold OOF isotonic crosswalk for residual metrics.,Subgroup-specific isotonic curve divergence normalized by target IQR.
subgroup_curve_divergence,vsrev,scrf,isotonic,age_group,40-59,max_abs_subgroup_minus_full_predicted_target,837.8046992481177,749.733393670425,1558.887953211738,300,300,2949,7482.482142857143,,,PSU-in-stratum bootstrap; statistic recomputed with grouped 5-fold OOF isotonic crosswalk for residual metrics.,Subgroup-specific isotonic curve compared with full-sample curve.
subgroup_curve_divergence,vsrev,scrf,isotonic,age_group,40-59,max_abs_subgroup_minus_full_predicted_target_over_target_iqr,0.1119688204064603,0.0987551026290437,0.2099246737018712,300,300,2949,7482.482142857143,,,PSU-in-stratum bootstrap; statistic recomputed with grouped 5-fold OOF isotonic crosswalk for residual metrics.,Subgroup-specific isotonic curve divergence normalized by target IQR.
subgroup_curve_divergence,vsrev,scrf,isotonic,age_group,60+,p95_abs_subgroup_minus_full_predicted_target,1177.2882317382357,621.801250713571,1429.4266649563049,300,300,2940,7482.482142857143,,,PSU-in-stratum bootstrap; statistic recomputed with grouped 5-fold OOF isotonic crosswalk for residual metrics.,Subgroup-specific isotonic curve compared with full-sample curve.
subgroup_curve_divergence,vsrev,scrf,isotonic,age_group,60+,p95_abs_subgroup_minus_full_predicted_target_over_target_iqr,0.1573392637979213,0.084023155542294,0.1884996910857666,300,300,2940,7482.482142857143,,,PSU-in-stratum bootstrap; statistic recomputed with grouped 5-fold OOF isotonic crosswalk for residual metrics.,Subgroup-specific isotonic curve divergence normalized by target IQR.
subgroup_curve_divergence,vsrev,scrf,isotonic,age_group,60+,max_abs_subgroup_minus_full_predicted_target,1464.2876488095244,940.7595472486717,2154.0989798114692,300,300,2940,7482.482142857143,,,PSU-in-stratum bootstrap; statistic recomputed with grouped 5-fold OOF isotonic crosswalk for residual metrics.,Subgroup-specific isotonic curve compared with full-sample curve.
subgroup_curve_divergence,vsrev,scrf,isotonic,age_group,60+,max_abs_subgroup_minus_full_predicted_target_over_target_iqr,0.1956954418136966,0.1276450244066566,0.2836842486355462,300,300,2940,7482.482142857143,,,PSU-in-stratum bootstrap; statistic recomputed with grouped 5-fold OOF isotonic crosswalk for residual metrics.,Subgroup-specific isotonic curve divergence normalized by target IQR.
subgroup_curve_spread,vsrev,scrf,isotonic,age_group,20-39|40-59|60+,p95_between_subgroup_spread_predicted_target,1399.9507482993183,1199.0055830735075,2096.5729872925954,300,300,8646,7482.482142857143,,,PSU-in-stratum bootstrap; statistic recomputed with grouped 5-fold OOF isotonic crosswalk for residual metrics.,"At each source-grid point, spread = max subgroup curve - min subgroup curve."
subgroup_curve_spread,vsrev,scrf,isotonic,age_group,20-39|40-59|60+,p95_between_subgroup_spread_predicted_target_over_target_iqr,0.1870971051545678,0.1613327032780785,0.276815196754909,300,300,8646,7482.482142857143,,,PSU-in-stratum bootstrap; statistic recomputed with grouped 5-fold OOF isotonic crosswalk for residual metrics.,Between-subgroup curve spread normalized by target IQR.
subgroup_curve_spread,vsrev,scrf,isotonic,age_group,20-39|40-59|60+,max_between_subgroup_spread_predicted_target,1799.1390471466402,1505.2613564228132,2708.8269107001256,300,300,8646,7482.482142857143,,,PSU-in-stratum bootstrap; statistic recomputed with grouped 5-fold OOF isotonic crosswalk for residual metrics.,"At each source-grid point, spread = max subgroup curve - min subgroup curve."
subgroup_curve_spread,vsrev,scrf,isotonic,age_group,20-39|40-59|60+,max_between_subgroup_spread_predicted_target_over_target_iqr,0.2404468213618281,0.2024319371364547,0.3579054050936614,300,300,8646,7482.482142857143,,,PSU-in-stratum bootstrap; statistic recomputed with grouped 5-fold OOF isotonic crosswalk for residual metrics.,Between-subgroup curve spread normalized by target IQR.
subgroup_curve_divergence,vsrev,scrf,isotonic,sex,male,p95_abs_subgroup_minus_full_predicted_target,651.4246223359505,548.7536686619044,902.6000370745572,300,300,4161,7482.482142857143,,,PSU-in-stratum bootstrap; statistic recomputed with grouped 5-fold OOF isotonic crosswalk for residual metrics.,Subgroup-specific isotonic curve compared with full-sample curve.
subgroup_curve_divergence,vsrev,scrf,isotonic,sex,male,p95_abs_subgroup_minus_full_predicted_target_over_target_iqr,0.0870599635119486,0.0735547606804902,0.1196544290524332,300,300,4161,7482.482142857143,,,PSU-in-stratum bootstrap; statistic recomputed with grouped 5-fold OOF isotonic crosswalk for residual metrics.,Subgroup-specific isotonic curve divergence normalized by target IQR.
subgroup_curve_divergence,vsrev,scrf,isotonic,sex,male,max_abs_subgroup_minus_full_predicted_target,792.8311383152359,707.6671710633692,1459.618603479849,300,300,4161,7482.482142857143,,,PSU-in-stratum bootstrap; statistic recomputed with grouped 5-fold OOF isotonic crosswalk for residual metrics.,Subgroup-specific isotonic curve compared with full-sample curve.
subgroup_curve_divergence,vsrev,scrf,isotonic,sex,male,max_abs_subgroup_minus_full_predicted_target_over_target_iqr,0.1059583067728509,0.0940509430106351,0.1940822537088279,300,300,4161,7482.482142857143,,,PSU-in-stratum bootstrap; statistic recomputed with grouped 5-fold OOF isotonic crosswalk for residual metrics.,Subgroup-specific isotonic curve divergence normalized by target IQR.
subgroup_curve_divergence,vsrev,scrf,isotonic,sex,female,p95_abs_subgroup_minus_full_predicted_target,887.425062656639,643.9484825166819,1238.2322837081315,300,300,4485,7482.482142857143,,,PSU-in-stratum bootstrap; statistic recomputed with grouped 5-fold OOF isotonic crosswalk for residual metrics.,Subgroup-specific isotonic curve compared with full-sample curve.
subgroup_curve_divergence,vsrev,scrf,isotonic,sex,female,p95_abs_subgroup_minus_full_predicted_target_over_target_iqr,0.1186003582385805,0.0843729483789136,0.1658119197670981,300,300,4485,7482.482142857143,,,PSU-in-stratum bootstrap; statistic recomputed with grouped 5-fold OOF isotonic crosswalk for residual metrics.,Subgroup-specific isotonic curve divergence normalized by target IQR.
subgroup_curve_divergence,vsrev,scrf,isotonic,sex,female,max_abs_subgroup_minus_full_predicted_target,1441.22247619048,826.7030422868303,1881.0305037687629,300,300,4485,7482.482142857143,,,PSU-in-stratum bootstrap; statistic recomputed with grouped 5-fold OOF isotonic crosswalk for residual metrics.,Subgroup-specific isotonic curve compared with full-sample curve.
subgroup_curve_divergence,vsrev,scrf,isotonic,sex,female,max_abs_subgroup_minus_full_predicted_target_over_target_iqr,0.1926128854936575,0.1110431401097137,0.2487434369703669,300,300,4485,7482.482142857143,,,PSU-in-stratum bootstrap; statistic recomputed with grouped 5-fold OOF isotonic crosswalk for residual metrics.,Subgroup-specific isotonic curve divergence normalized by target IQR.
subgroup_curve_spread,vsrev,scrf,isotonic,sex,male|female,p95_between_subgroup_spread_predicted_target,1607.2904661035536,1121.4885185686176,2069.7581500215456,300,300,8646,7482.482142857143,,,PSU-in-stratum bootstrap; statistic recomputed with grouped 5-fold OOF isotonic crosswalk for residual metrics.,"At each source-grid point, spread = max subgroup curve - min subgroup curve."
subgroup_curve_spread,vsrev,scrf,isotonic,sex,male|female,p95_between_subgroup_spread_predicted_target_over_target_iqr,0.2148071235476171,0.1503857806638145,0.2757527138171509,300,300,8646,7482.482142857143,,,PSU-in-stratum bootstrap; statistic recomputed with grouped 5-fold OOF isotonic crosswalk for residual metrics.,Between-subgroup curve spread normalized by target IQR.
subgroup_curve_spread,vsrev,scrf,isotonic,sex,male|female,max_between_subgroup_spread_predicted_target,2061.6230069555895,1435.428443479935,2631.3141139393756,300,300,8646,7482.482142857143,,,PSU-in-stratum bootstrap; statistic recomputed with grouped 5-fold OOF isotonic crosswalk for residual metrics.,"At each source-grid point, spread = max subgroup curve - min subgroup curve."
subgroup_curve_spread,vsrev,scrf,isotonic,sex,male|female,max_between_subgroup_spread_predicted_target_over_target_iqr,0.2755266190542982,0.1924553688296433,0.3536052161970031,300,300,8646,7482.482142857143,,,PSU-in-stratum bootstrap; statistic recomputed with grouped 5-fold OOF isotonic crosswalk for residual metrics.,Between-subgroup curve spread normalized by target IQR.
subgroup_curve_divergence,vsrev,scrf,isotonic,bmi_group,<25,p95_abs_subgroup_minus_full_predicted_target,846.1694269036125,588.5042362479496,1083.2072179486115,300,300,2572,7482.482142857143,,,PSU-in-stratum bootstrap; statistic recomputed with grouped 5-fold OOF isotonic crosswalk for residual metrics.,Subgroup-specific isotonic curve compared with full-sample curve.
subgroup_curve_divergence,vsrev,scrf,isotonic,bmi_group,<25,p95_abs_subgroup_minus_full_predicted_target_over_target_iqr,0.1130867285411933,0.0787868693938215,0.1438294663654865,300,300,2572,7482.482142857143,,,PSU-in-stratum bootstrap; statistic recomputed with grouped 5-fold OOF isotonic crosswalk for residual metrics.,Subgroup-specific isotonic curve divergence normalized by target IQR.
subgroup_curve_divergence,vsrev,scrf,isotonic,bmi_group,<25,max_abs_subgroup_minus_full_predicted_target,1059.4310726310723,815.1764460660793,1531.345171159606,300,300,2572,7482.482142857143,,,PSU-in-stratum bootstrap; statistic recomputed with grouped 5-fold OOF isotonic crosswalk for residual metrics.,Subgroup-specific isotonic curve compared with full-sample curve.
subgroup_curve_divergence,vsrev,scrf,isotonic,bmi_group,<25,max_abs_subgroup_minus_full_predicted_target_over_target_iqr,0.141588185899303,0.1089889476421268,0.2035274588748389,300,300,2572,7482.482142857143,,,PSU-in-stratum bootstrap; statistic recomputed with grouped 5-fold OOF isotonic crosswalk for residual metrics.,Subgroup-specific isotonic curve divergence normalized by target IQR.
subgroup_curve_divergence,vsrev,scrf,isotonic,bmi_group,25-<30,p95_abs_subgroup_minus_full_predicted_target,676.3753362556672,493.3230206740869,833.1495419444303,300,300,2741,7482.482142857143,,,PSU-in-stratum bootstrap; statistic recomputed with grouped 5-fold OOF isotonic crosswalk for residual metrics.,Subgroup-specific isotonic curve compared with full-sample curve.
subgroup_curve_divergence,vsrev,scrf,isotonic,bmi_group,25-<30,p95_abs_subgroup_minus_full_predicted_target_over_target_iqr,0.0903945139249469,0.0654156367568401,0.1122704972938369,300,300,2741,7482.482142857143,,,PSU-in-stratum bootstrap; statistic recomputed with grouped 5-fold OOF isotonic crosswalk for residual metrics.,Subgroup-specific isotonic curve divergence normalized by target IQR.
subgroup_curve_divergence,vsrev,scrf,isotonic,bmi_group,25-<30,max_abs_subgroup_minus_full_predicted_target,838.8194980694934,658.1236486650857,1489.6326325156324,300,300,2741,7482.482142857143,,,PSU-in-stratum bootstrap; statistic recomputed with grouped 5-fold OOF isotonic crosswalk for residual metrics.,Subgroup-specific isotonic curve compared with full-sample curve.
subgroup_curve_divergence,vsrev,scrf,isotonic,bmi_group,25-<30,max_abs_subgroup_minus_full_predicted_target_over_target_iqr,0.1121044436932254,0.0878517238289451,0.2003097024717376,300,300,2741,7482.482142857143,,,PSU-in-stratum bootstrap; statistic recomputed with grouped 5-fold OOF isotonic crosswalk for residual metrics.,Subgroup-specific isotonic curve divergence normalized by target IQR.
subgroup_curve_divergence,vsrev,scrf,isotonic,bmi_group,>=30,p95_abs_subgroup_minus_full_predicted_target,949.0359412043616,610.4289050861644,1393.627200356125,300,300,3246,7482.482142857143,,,PSU-in-stratum bootstrap; statistic recomputed with grouped 5-fold OOF isotonic crosswalk for residual metrics.,Subgroup-specific isotonic curve compared with full-sample curve.
subgroup_curve_divergence,vsrev,scrf,isotonic,bmi_group,>=30,p95_abs_subgroup_minus_full_predicted_target_over_target_iqr,0.1268343743540132,0.0819502737435848,0.1874087718641479,300,300,3246,7482.482142857143,,,PSU-in-stratum bootstrap; statistic recomputed with grouped 5-fold OOF isotonic crosswalk for residual metrics.,Subgroup-specific isotonic curve divergence normalized by target IQR.
subgroup_curve_divergence,vsrev,scrf,isotonic,bmi_group,>=30,max_abs_subgroup_minus_full_predicted_target,1425.9165873015845,884.7093029660707,2008.341051135376,300,300,3246,7482.482142857143,,,PSU-in-stratum bootstrap; statistic recomputed with grouped 5-fold OOF isotonic crosswalk for residual metrics.,Subgroup-specific isotonic curve compared with full-sample curve.
subgroup_curve_divergence,vsrev,scrf,isotonic,bmi_group,>=30,max_abs_subgroup_minus_full_predicted_target_over_target_iqr,0.1905673224576659,0.1191048387394654,0.2696636609521282,300,300,3246,7482.482142857143,,,PSU-in-stratum bootstrap; statistic recomputed with grouped 5-fold OOF isotonic crosswalk for residual metrics.,Subgroup-specific isotonic curve divergence normalized by target IQR.
subgroup_curve_spread,vsrev,scrf,isotonic,bmi_group,<25|25-<30|>=30,p95_between_subgroup_spread_predicted_target,1610.3279621435686,1228.7534309015475,2266.461968291309,300,300,8559,7482.482142857143,,,PSU-in-stratum bootstrap; statistic recomputed with grouped 5-fold OOF isotonic crosswalk for residual metrics.,"At each source-grid point, spread = max subgroup curve - min subgroup curve."
subgroup_curve_spread,vsrev,scrf,isotonic,bmi_group,<25|25-<30|>=30,p95_between_subgroup_spread_predicted_target_over_target_iqr,0.2152130711973439,0.1653590060704001,0.3016504852908842,300,300,8559,7482.482142857143,,,PSU-in-stratum bootstrap; statistic recomputed with grouped 5-fold OOF isotonic crosswalk for residual metrics.,Between-subgroup curve spread normalized by target IQR.
subgroup_curve_spread,vsrev,scrf,isotonic,bmi_group,<25|25-<30|>=30,max_between_subgroup_spread_predicted_target,1724.4784501315553,1454.7308720326737,2536.2692080240467,300,300,8559,7482.482142857143,,,PSU-in-stratum bootstrap; statistic recomputed with grouped 5-fold OOF isotonic crosswalk for residual metrics.,"At each source-grid point, spread = max subgroup curve - min subgroup curve."
subgroup_curve_spread,vsrev,scrf,isotonic,bmi_group,<25|25-<30|>=30,max_between_subgroup_spread_predicted_target_over_target_iqr,0.2304687692142053,0.1958782222882119,0.3421512317865467,300,300,8559,7482.482142857143,,,PSU-in-stratum bootstrap; statistic recomputed with grouped 5-fold OOF isotonic crosswalk for residual metrics.,Between-subgroup curve spread normalized by target IQR.
fullsample_oof_residual,vsrev,scssl,isotonic,overall,all,mae,1965.2107989004169,1940.9829951858749,1996.683419173884,300,300,8646,5813.0,1965.2107989004169,0.0,PSU-in-stratum bootstrap; statistic recomputed with grouped 5-fold OOF isotonic crosswalk for residual metrics.,5-fold grouped OOF isotonic residual on target scale.
fullsample_oof_residual,vsrev,scssl,isotonic,overall,all,rmse,2614.6069375866023,2576.094061483358,2657.056465946315,300,300,8646,5813.0,2614.6069375866023,0.0,PSU-in-stratum bootstrap; statistic recomputed with grouped 5-fold OOF isotonic crosswalk for residual metrics.,5-fold grouped OOF isotonic residual on target scale.
fullsample_oof_residual,vsrev,scssl,isotonic,overall,all,abs_error_p95,5140.690838835534,5084.404700600294,5300.096311921504,300,300,8646,5813.0,5140.690838835534,0.0,PSU-in-stratum bootstrap; statistic recomputed with grouped 5-fold OOF isotonic crosswalk for residual metrics.,5-fold grouped OOF isotonic residual on target scale.
fullsample_oof_residual,vsrev,scssl,isotonic,overall,all,mae_per_target_iqr,0.3380717011698635,0.3335519448436105,0.3458329434954174,300,300,8646,5813.0,0.3380717011698635,0.0,PSU-in-stratum bootstrap; statistic recomputed with grouped 5-fold OOF isotonic crosswalk for residual metrics.,MAE normalized by target algorithm IQR.
subgroup_curve_divergence,vsrev,scssl,isotonic,age_group,20-39,p95_abs_subgroup_minus_full_predicted_target,1089.8550200803209,1059.281934106382,1350.4915882607418,300,300,2757,5813.0,,,PSU-in-stratum bootstrap; statistic recomputed with grouped 5-fold OOF isotonic crosswalk for residual metrics.,Subgroup-specific isotonic curve compared with full-sample curve.
subgroup_curve_divergence,vsrev,scssl,isotonic,age_group,20-39,p95_abs_subgroup_minus_full_predicted_target_over_target_iqr,0.1874858111268399,0.1833431720437122,0.2319023776179835,300,300,2757,5813.0,,,PSU-in-stratum bootstrap; statistic recomputed with grouped 5-fold OOF isotonic crosswalk for residual metrics.,Subgroup-specific isotonic curve divergence normalized by target IQR.
subgroup_curve_divergence,vsrev,scssl,isotonic,age_group,20-39,max_abs_subgroup_minus_full_predicted_target,1539.166382101086,1216.8219004644488,2421.4962815731787,300,300,2757,5813.0,,,PSU-in-stratum bootstrap; statistic recomputed with grouped 5-fold OOF isotonic crosswalk for residual metrics.,Subgroup-specific isotonic curve compared with full-sample curve.
subgroup_curve_divergence,vsrev,scssl,isotonic,age_group,20-39,max_abs_subgroup_minus_full_predicted_target_over_target_iqr,0.2647800416482171,0.2103999367533365,0.4181513174825851,300,300,2757,5813.0,,,PSU-in-stratum bootstrap; statistic recomputed with grouped 5-fold OOF isotonic crosswalk for residual metrics.,Subgroup-specific isotonic curve divergence normalized by target IQR.
subgroup_curve_divergence,vsrev,scssl,isotonic,age_group,40-59,p95_abs_subgroup_minus_full_predicted_target,747.1289536625118,576.821791483794,1149.545434834511,300,300,2949,5813.0,,,PSU-in-stratum bootstrap; statistic recomputed with grouped 5-fold OOF isotonic crosswalk for residual metrics.,Subgroup-specific isotonic curve compared with full-sample curve.
subgroup_curve_divergence,vsrev,scssl,isotonic,age_group,40-59,p95_abs_subgroup_minus_full_predicted_target_over_target_iqr,0.128527258500346,0.0994427400093053,0.1980543399501399,300,300,2949,5813.0,,,PSU-in-stratum bootstrap; statistic recomputed with grouped 5-fold OOF isotonic crosswalk for residual metrics.,Subgroup-specific isotonic curve divergence normalized by target IQR.
subgroup_curve_divergence,vsrev,scssl,isotonic,age_group,40-59,max_abs_subgroup_minus_full_predicted_target,910.909517434818,707.3299773498052,1500.1733347302118,300,300,2949,5813.0,,,PSU-in-stratum bootstrap; statistic recomputed with grouped 5-fold OOF isotonic crosswalk for residual metrics.,Subgroup-specific isotonic curve compared with full-sample curve.
subgroup_curve_divergence,vsrev,scssl,isotonic,age_group,40-59,max_abs_subgroup_minus_full_predicted_target_over_target_iqr,0.1567021361491171,0.1217854842630841,0.2572973320948167,300,300,2949,5813.0,,,PSU-in-stratum bootstrap; statistic recomputed with grouped 5-fold OOF isotonic crosswalk for residual metrics.,Subgroup-specific isotonic curve divergence normalized by target IQR.
subgroup_curve_divergence,vsrev,scssl,isotonic,age_group,60+,p95_abs_subgroup_minus_full_predicted_target,1200.750982580532,975.698831268433,1644.3229781877803,300,300,2940,5813.0,,,PSU-in-stratum bootstrap; statistic recomputed with grouped 5-fold OOF isotonic crosswalk for residual metrics.,Subgroup-specific isotonic curve compared with full-sample curve.
subgroup_curve_divergence,vsrev,scssl,isotonic,age_group,60+,p95_abs_subgroup_minus_full_predicted_target_over_target_iqr,0.2065630453432878,0.1684325960325677,0.2841439087114419,300,300,2940,5813.0,,,PSU-in-stratum bootstrap; statistic recomputed with grouped 5-fold OOF isotonic crosswalk for residual metrics.,Subgroup-specific isotonic curve divergence normalized by target IQR.
subgroup_curve_divergence,vsrev,scssl,isotonic,age_group,60+,max_abs_subgroup_minus_full_predicted_target,1414.8170267725673,1164.4768708600786,2084.1618820036447,300,300,2940,5813.0,,,PSU-in-stratum bootstrap; statistic recomputed with grouped 5-fold OOF isotonic crosswalk for residual metrics.,Subgroup-specific isotonic curve compared with full-sample curve.
subgroup_curve_divergence,vsrev,scssl,isotonic,age_group,60+,max_abs_subgroup_minus_full_predicted_target_over_target_iqr,0.2433884443097483,0.1999462117407124,0.3623157410420469,300,300,2940,5813.0,,,PSU-in-stratum bootstrap; statistic recomputed with grouped 5-fold OOF isotonic crosswalk for residual metrics.,Subgroup-specific isotonic curve divergence normalized by target IQR.
subgroup_curve_spread,vsrev,scssl,isotonic,age_group,20-39|40-59|60+,p95_between_subgroup_spread_predicted_target,1852.4600414078668,1763.71215019226,2370.622327833663,300,300,8646,5813.0,,,PSU-in-stratum bootstrap; statistic recomputed with grouped 5-fold OOF isotonic crosswalk for residual metrics.,"At each source-grid point, spread = max subgroup curve - min subgroup curve."
subgroup_curve_spread,vsrev,scssl,isotonic,age_group,20-39|40-59|60+,p95_between_subgroup_spread_predicted_target_over_target_iqr,0.3186753898860944,0.3033837748451704,0.4122706253857375,300,300,8646,5813.0,,,PSU-in-stratum bootstrap; statistic recomputed with grouped 5-fold OOF isotonic crosswalk for residual metrics.,Between-subgroup curve spread normalized by target IQR.
subgroup_curve_spread,vsrev,scssl,isotonic,age_group,20-39|40-59|60+,max_between_subgroup_spread_predicted_target,2257.7650109985425,1972.2659356035224,2896.2404427837037,300,300,8646,5813.0,,,PSU-in-stratum bootstrap; statistic recomputed with grouped 5-fold OOF isotonic crosswalk for residual metrics.,"At each source-grid point, spread = max subgroup curve - min subgroup curve."
subgroup_curve_spread,vsrev,scssl,isotonic,age_group,20-39|40-59|60+,max_between_subgroup_spread_predicted_target_over_target_iqr,0.3883992793735665,0.3387898278423186,0.5024886674055266,300,300,8646,5813.0,,,PSU-in-stratum bootstrap; statistic recomputed with grouped 5-fold OOF isotonic crosswalk for residual metrics.,Between-subgroup curve spread normalized by target IQR.
subgroup_curve_divergence,vsrev,scssl,isotonic,sex,male,p95_abs_subgroup_minus_full_predicted_target,1000.8752348558446,879.1678174209937,1311.6820399776916,300,300,4161,5813.0,,,PSU-in-stratum bootstrap; statistic recomputed with grouped 5-fold OOF isotonic crosswalk for residual metrics.,Subgroup-specific isotonic curve compared with full-sample curve.
subgroup_curve_divergence,vsrev,scssl,isotonic,sex,male,p95_abs_subgroup_minus_full_predicted_target_over_target_iqr,0.1721787777147504,0.15110456125736,0.2274286340718213,300,300,4161,5813.0,,,PSU-in-stratum bootstrap; statistic recomputed with grouped 5-fold OOF isotonic crosswalk for residual metrics.,Subgroup-specific isotonic curve divergence normalized by target IQR.
subgroup_curve_divergence,vsrev,scssl,isotonic,sex,male,max_abs_subgroup_minus_full_predicted_target,1094.9330757952484,1052.8278017839314,1810.9986841469104,300,300,4161,5813.0,,,PSU-in-stratum bootstrap; statistic recomputed with grouped 5-fold OOF isotonic crosswalk for residual metrics.,Subgroup-specific isotonic curve compared with full-sample curve.
subgroup_curve_divergence,vsrev,scssl,isotonic,sex,male,max_abs_subgroup_minus_full_predicted_target_over_target_iqr,0.1883593799750986,0.1806709098412862,0.3119459040721916,300,300,4161,5813.0,,,PSU-in-stratum bootstrap; statistic recomputed with grouped 5-fold OOF isotonic crosswalk for residual metrics.,Subgroup-specific isotonic curve divergence normalized by target IQR.
subgroup_curve_divergence,vsrev,scssl,isotonic,sex,female,p95_abs_subgroup_minus_full_predicted_target,1536.6797818003906,1108.6177309888214,1964.5663349420072,300,300,4485,5813.0,,,PSU-in-stratum bootstrap; statistic recomputed with grouped 5-fold OOF isotonic crosswalk for residual metrics.,Subgroup-specific isotonic curve compared with full-sample curve.
subgroup_curve_divergence,vsrev,scssl,isotonic,sex,female,p95_abs_subgroup_minus_full_predicted_target_over_target_iqr,0.264352276242971,0.1934395793219896,0.3405950522216013,300,300,4485,5813.0,,,PSU-in-stratum bootstrap; statistic recomputed with grouped 5-fold OOF isotonic crosswalk for residual metrics.,Subgroup-specific isotonic curve divergence normalized by target IQR.
subgroup_curve_divergence,vsrev,scssl,isotonic,sex,female,max_abs_subgroup_minus_full_predicted_target,1634.736572196618,1260.425676734435,2113.4058197175364,300,300,4485,5813.0,,,PSU-in-stratum bootstrap; statistic recomputed with grouped 5-fold OOF isotonic crosswalk for residual metrics.,Subgroup-specific isotonic curve compared with full-sample curve.
subgroup_curve_divergence,vsrev,scssl,isotonic,sex,female,max_abs_subgroup_minus_full_predicted_target_over_target_iqr,0.2812208106307617,0.2174637298908906,0.3649404369603116,300,300,4485,5813.0,,,PSU-in-stratum bootstrap; statistic recomputed with grouped 5-fold OOF isotonic crosswalk for residual metrics.,Subgroup-specific isotonic curve divergence normalized by target IQR.
subgroup_curve_spread,vsrev,scssl,isotonic,sex,male|female,p95_between_subgroup_spread_predicted_target,2337.224256302523,1904.4935992859416,3095.117518834244,300,300,8646,5813.0,,,PSU-in-stratum bootstrap; statistic recomputed with grouped 5-fold OOF isotonic crosswalk for residual metrics.,"At each source-grid point, spread = max subgroup curve - min subgroup curve."
subgroup_curve_spread,vsrev,scssl,isotonic,sex,male|female,p95_between_subgroup_spread_predicted_target_over_target_iqr,0.4020685113198904,0.3295846051993295,0.5343710363080607,300,300,8646,5813.0,,,PSU-in-stratum bootstrap; statistic recomputed with grouped 5-fold OOF isotonic crosswalk for residual metrics.,Between-subgroup curve spread normalized by target IQR.
subgroup_curve_spread,vsrev,scssl,isotonic,sex,male|female,max_between_subgroup_spread_predicted_target,2619.6824947089954,2192.7387009403456,3368.7508085854183,300,300,8646,5813.0,,,PSU-in-stratum bootstrap; statistic recomputed with grouped 5-fold OOF isotonic crosswalk for residual metrics.,"At each source-grid point, spread = max subgroup curve - min subgroup curve."
subgroup_curve_spread,vsrev,scssl,isotonic,sex,male|female,max_between_subgroup_spread_predicted_target_over_target_iqr,0.4506592972146904,0.3758180386663938,0.574422223921529,300,300,8646,5813.0,,,PSU-in-stratum bootstrap; statistic recomputed with grouped 5-fold OOF isotonic crosswalk for residual metrics.,Between-subgroup curve spread normalized by target IQR.
subgroup_curve_divergence,vsrev,scssl,isotonic,bmi_group,<25,p95_abs_subgroup_minus_full_predicted_target,564.386371100165,465.8705862146326,856.8982193282147,300,300,2572,5813.0,,,PSU-in-stratum bootstrap; statistic recomputed with grouped 5-fold OOF isotonic crosswalk for residual metrics.,Subgroup-specific isotonic curve compared with full-sample curve.
subgroup_curve_divergence,vsrev,scssl,isotonic,bmi_group,<25,p95_abs_subgroup_minus_full_predicted_target_over_target_iqr,0.0970903786513271,0.0795406641253595,0.1485035699056595,300,300,2572,5813.0,,,PSU-in-stratum bootstrap; statistic recomputed with grouped 5-fold OOF isotonic crosswalk for residual metrics.,Subgroup-specific isotonic curve divergence normalized by target IQR.
subgroup_curve_divergence,vsrev,scssl,isotonic,bmi_group,<25,max_abs_subgroup_minus_full_predicted_target,901.7394515927916,673.7710429513683,1431.5168152569,300,300,2572,5813.0,,,PSU-in-stratum bootstrap; statistic recomputed with grouped 5-fold OOF isotonic crosswalk for residual metrics.,Subgroup-specific isotonic curve compared with full-sample curve.
subgroup_curve_divergence,vsrev,scssl,isotonic,bmi_group,<25,max_abs_subgroup_minus_full_predicted_target_over_target_iqr,0.1551246261126426,0.1153838197587873,0.2475928361797722,300,300,2572,5813.0,,,PSU-in-stratum bootstrap; statistic recomputed with grouped 5-fold OOF isotonic crosswalk for residual metrics.,Subgroup-specific isotonic curve divergence normalized by target IQR.
subgroup_curve_divergence,vsrev,scssl,isotonic,bmi_group,25-<30,p95_abs_subgroup_minus_full_predicted_target,711.4217662951687,659.7865481758577,954.5271691911554,300,300,2741,5813.0,,,PSU-in-stratum bootstrap; statistic recomputed with grouped 5-fold OOF isotonic crosswalk for residual metrics.,Subgroup-specific isotonic curve compared with full-sample curve.
subgroup_curve_divergence,vsrev,scssl,isotonic,bmi_group,25-<30,p95_abs_subgroup_minus_full_predicted_target_over_target_iqr,0.1223846148796092,0.1132579858012684,0.1652338352435809,300,300,2741,5813.0,,,PSU-in-stratum bootstrap; statistic recomputed with grouped 5-fold OOF isotonic crosswalk for residual metrics.,Subgroup-specific isotonic curve divergence normalized by target IQR.
subgroup_curve_divergence,vsrev,scssl,isotonic,bmi_group,25-<30,max_abs_subgroup_minus_full_predicted_target,833.9426237880207,785.3059085105509,1433.471606186543,300,300,2741,5813.0,,,PSU-in-stratum bootstrap; statistic recomputed with grouped 5-fold OOF isotonic crosswalk for residual metrics.,Subgroup-specific isotonic curve compared with full-sample curve.
subgroup_curve_divergence,vsrev,scssl,isotonic,bmi_group,25-<30,max_abs_subgroup_minus_full_predicted_target_over_target_iqr,0.1434616590036161,0.1348783742210047,0.2495759171988142,300,300,2741,5813.0,,,PSU-in-stratum bootstrap; statistic recomputed with grouped 5-fold OOF isotonic crosswalk for residual metrics.,Subgroup-specific isotonic curve divergence normalized by target IQR.
subgroup_curve_divergence,vsrev,scssl,isotonic,bmi_group,>=30,p95_abs_subgroup_minus_full_predicted_target,594.6312209042462,558.1730542627175,864.6600192590417,300,300,3246,5813.0,,,PSU-in-stratum bootstrap; statistic recomputed with grouped 5-fold OOF isotonic crosswalk for residual metrics.,Subgroup-specific isotonic curve compared with full-sample curve.
subgroup_curve_divergence,vsrev,scssl,isotonic,bmi_group,>=30,p95_abs_subgroup_minus_full_predicted_target_over_target_iqr,0.1022933461042914,0.0959753414953235,0.1501966864397872,300,300,3246,5813.0,,,PSU-in-stratum bootstrap; statistic recomputed with grouped 5-fold OOF isotonic crosswalk for residual metrics.,Subgroup-specific isotonic curve divergence normalized by target IQR.
subgroup_curve_divergence,vsrev,scssl,isotonic,bmi_group,>=30,max_abs_subgroup_minus_full_predicted_target,724.9584937611435,681.33280255514,1486.6955255945736,300,300,3246,5813.0,,,PSU-in-stratum bootstrap; statistic recomputed with grouped 5-fold OOF isotonic crosswalk for residual metrics.,Subgroup-specific isotonic curve compared with full-sample curve.
subgroup_curve_divergence,vsrev,scssl,isotonic,bmi_group,>=30,max_abs_subgroup_minus_full_predicted_target_over_target_iqr,0.1247133139103979,0.1171947228574681,0.2563937581583565,300,300,3246,5813.0,,,PSU-in-stratum bootstrap; statistic recomputed with grouped 5-fold OOF isotonic crosswalk for residual metrics.,Subgroup-specific isotonic curve divergence normalized by target IQR.
subgroup_curve_spread,vsrev,scssl,isotonic,bmi_group,<25|25-<30|>=30,p95_between_subgroup_spread_predicted_target,1231.3959603034446,1136.726640306344,1535.0507759992558,300,300,8559,5813.0,,,PSU-in-stratum bootstrap; statistic recomputed with grouped 5-fold OOF isotonic crosswalk for residual metrics.,"At each source-grid point, spread = max subgroup curve - min subgroup curve."
subgroup_curve_spread,vsrev,scssl,isotonic,bmi_group,<25|25-<30|>=30,p95_between_subgroup_spread_predicted_target_over_target_iqr,0.2118348460869507,0.1946679361328546,0.265444576792918,300,300,8559,5813.0,,,PSU-in-stratum bootstrap; statistic recomputed with grouped 5-fold OOF isotonic crosswalk for residual metrics.,Between-subgroup curve spread normalized by target IQR.
subgroup_curve_spread,vsrev,scssl,isotonic,bmi_group,<25|25-<30|>=30,max_between_subgroup_spread_predicted_target,1444.978413120567,1280.0922253134809,2108.7951136964566,300,300,8559,5813.0,,,PSU-in-stratum bootstrap; statistic recomputed with grouped 5-fold OOF isotonic crosswalk for residual metrics.,"At each source-grid point, spread = max subgroup curve - min subgroup curve."
subgroup_curve_spread,vsrev,scssl,isotonic,bmi_group,<25|25-<30|>=30,max_between_subgroup_spread_predicted_target_over_target_iqr,0.2485770536935432,0.2201665192978049,0.3610808048925483,300,300,8559,5813.0,,,PSU-in-stratum bootstrap; statistic recomputed with grouped 5-fold OOF isotonic crosswalk for residual metrics.,Between-subgroup curve spread normalized by target IQR.
fullsample_oof_residual,vsrev,vs,isotonic,overall,all,mae,684.6475560852087,674.2002065806519,692.5412860493352,300,300,8646,5559.857142857143,684.6475560852087,0.0,PSU-in-stratum bootstrap; statistic recomputed with grouped 5-fold OOF isotonic crosswalk for residual metrics.,5-fold grouped OOF isotonic residual on target scale.
fullsample_oof_residual,vsrev,vs,isotonic,overall,all,rmse,965.6911920608964,944.2164169690724,981.0886900305866,300,300,8646,5559.857142857143,965.6911920608964,0.0,PSU-in-stratum bootstrap; statistic recomputed with grouped 5-fold OOF isotonic crosswalk for residual metrics.,5-fold grouped OOF isotonic residual on target scale.
fullsample_oof_residual,vsrev,vs,isotonic,overall,all,abs_error_p95,1844.4879484858477,1820.1965567220632,1889.540029535202,300,300,8646,5559.857142857143,1844.4879484858477,0.0,PSU-in-stratum bootstrap; statistic recomputed with grouped 5-fold OOF isotonic crosswalk for residual metrics.,5-fold grouped OOF isotonic residual on target scale.
fullsample_oof_residual,vsrev,vs,isotonic,overall,all,mae_per_target_iqr,0.1231412136127973,0.1204178595547431,0.1257967403556232,300,300,8646,5559.857142857143,0.1231412136127973,0.0,PSU-in-stratum bootstrap; statistic recomputed with grouped 5-fold OOF isotonic crosswalk for residual metrics.,MAE normalized by target algorithm IQR.
subgroup_curve_divergence,vsrev,vs,isotonic,age_group,20-39,p95_abs_subgroup_minus_full_predicted_target,604.4911816578478,518.7060744709454,705.1650093575122,300,300,2757,5559.857142857143,,,PSU-in-stratum bootstrap; statistic recomputed with grouped 5-fold OOF isotonic crosswalk for residual metrics.,Subgroup-specific isotonic curve compared with full-sample curve.
subgroup_curve_divergence,vsrev,vs,isotonic,age_group,20-39,p95_abs_subgroup_minus_full_predicted_target_over_target_iqr,0.1087242290810384,0.0931544893643486,0.1267802312548656,300,300,2757,5559.857142857143,,,PSU-in-stratum bootstrap; statistic recomputed with grouped 5-fold OOF isotonic crosswalk for residual metrics.,Subgroup-specific isotonic curve divergence normalized by target IQR.
subgroup_curve_divergence,vsrev,vs,isotonic,age_group,20-39,max_abs_subgroup_minus_full_predicted_target,878.8146413110708,678.7987499729195,1024.076595329156,300,300,2757,5559.857142857143,,,PSU-in-stratum bootstrap; statistic recomputed with grouped 5-fold OOF isotonic crosswalk for residual metrics.,Subgroup-specific isotonic curve compared with full-sample curve.
subgroup_curve_divergence,vsrev,vs,isotonic,age_group,20-39,max_abs_subgroup_minus_full_predicted_target_over_target_iqr,0.1580642485464039,0.1215085057074937,0.1854835630508112,300,300,2757,5559.857142857143,,,PSU-in-stratum bootstrap; statistic recomputed with grouped 5-fold OOF isotonic crosswalk for residual metrics.,Subgroup-specific isotonic curve divergence normalized by target IQR.
subgroup_curve_divergence,vsrev,vs,isotonic,age_group,40-59,p95_abs_subgroup_minus_full_predicted_target,291.6691305148779,269.6983124517139,476.39350598025874,300,300,2949,5559.857142857143,,,PSU-in-stratum bootstrap; statistic recomputed with grouped 5-fold OOF isotonic crosswalk for residual metrics.,Subgroup-specific isotonic curve compared with full-sample curve.
subgroup_curve_divergence,vsrev,vs,isotonic,age_group,40-59,p95_abs_subgroup_minus_full_predicted_target_over_target_iqr,0.0524598245999163,0.0486621558515925,0.0860434458471914,300,300,2949,5559.857142857143,,,PSU-in-stratum bootstrap; statistic recomputed with grouped 5-fold OOF isotonic crosswalk for residual metrics.,Subgroup-specific isotonic curve divergence normalized by target IQR.
subgroup_curve_divergence,vsrev,vs,isotonic,age_group,40-59,max_abs_subgroup_minus_full_predicted_target,647.2857142857156,413.2230605546408,981.0716091021038,300,300,2949,5559.857142857143,,,PSU-in-stratum bootstrap; statistic recomputed with grouped 5-fold OOF isotonic crosswalk for residual metrics.,Subgroup-specific isotonic curve compared with full-sample curve.
subgroup_curve_divergence,vsrev,vs,isotonic,age_group,40-59,max_abs_subgroup_minus_full_predicted_target_over_target_iqr,0.1164212852334337,0.0745546991690627,0.1762496063632801,300,300,2949,5559.857142857143,,,PSU-in-stratum bootstrap; statistic recomputed with grouped 5-fold OOF isotonic crosswalk for residual metrics.,Subgroup-specific isotonic curve divergence normalized by target IQR.
subgroup_curve_divergence,vsrev,vs,isotonic,age_group,60+,p95_abs_subgroup_minus_full_predicted_target,1076.5204481792716,726.0805123299293,1299.1666035071703,300,300,2940,5559.857142857143,,,PSU-in-stratum bootstrap; statistic recomputed with grouped 5-fold OOF isotonic crosswalk for residual metrics.,Subgroup-specific isotonic curve compared with full-sample curve.
subgroup_curve_divergence,vsrev,vs,isotonic,age_group,60+,p95_abs_subgroup_minus_full_predicted_target_over_target_iqr,0.1936237605605206,0.1306062896556194,0.2334383264850028,300,300,2940,5559.857142857143,,,PSU-in-stratum bootstrap; statistic recomputed with grouped 5-fold OOF isotonic crosswalk for residual metrics.,Subgroup-specific isotonic curve divergence normalized by target IQR.
subgroup_curve_divergence,vsrev,vs,isotonic,age_group,60+,max_abs_subgroup_minus_full_predicted_target,1117.963530778161,863.6728848770292,1830.5412643467685,300,300,2940,5559.857142857143,,,PSU-in-stratum bootstrap; statistic recomputed with grouped 5-fold OOF isotonic crosswalk for residual metrics.,Subgroup-specific isotonic curve compared with full-sample curve.
subgroup_curve_divergence,vsrev,vs,isotonic,age_group,60+,max_abs_subgroup_minus_full_predicted_target_over_target_iqr,0.2010777439154943,0.1547422157071501,0.3290385706158515,300,300,2940,5559.857142857143,,,PSU-in-stratum bootstrap; statistic recomputed with grouped 5-fold OOF isotonic crosswalk for residual metrics.,Subgroup-specific isotonic curve divergence normalized by target IQR.
subgroup_curve_spread,vsrev,vs,isotonic,age_group,20-39|40-59|60+,p95_between_subgroup_spread_predicted_target,1362.6124542124562,1107.0489544126183,1809.276775132275,300,300,8646,5559.857142857143,,,PSU-in-stratum bootstrap; statistic recomputed with grouped 5-fold OOF isotonic crosswalk for residual metrics.,"At each source-grid point, spread = max subgroup curve - min subgroup curve."
subgroup_curve_spread,vsrev,vs,isotonic,age_group,20-39|40-59|60+,p95_between_subgroup_spread_predicted_target_over_target_iqr,0.2450804794441582,0.1973800614121779,0.3284741886111885,300,300,8646,5559.857142857143,,,PSU-in-stratum bootstrap; statistic recomputed with grouped 5-fold OOF isotonic crosswalk for residual metrics.,Between-subgroup curve spread normalized by target IQR.
subgroup_curve_spread,vsrev,vs,isotonic,age_group,20-39|40-59|60+,max_between_subgroup_spread_predicted_target,1685.7310924369722,1351.6020766178274,2473.7414408555505,300,300,8646,5559.857142857143,,,PSU-in-stratum bootstrap; statistic recomputed with grouped 5-fold OOF isotonic crosswalk for residual metrics.,"At each source-grid point, spread = max subgroup curve - min subgroup curve."
subgroup_curve_spread,vsrev,vs,isotonic,age_group,20-39|40-59|60+,max_between_subgroup_spread_predicted_target_over_target_iqr,0.3031968356601867,0.2440289611030566,0.4462127116859006,300,300,8646,5559.857142857143,,,PSU-in-stratum bootstrap; statistic recomputed with grouped 5-fold OOF isotonic crosswalk for residual metrics.,Between-subgroup curve spread normalized by target IQR.
subgroup_curve_divergence,vsrev,vs,isotonic,sex,male,p95_abs_subgroup_minus_full_predicted_target,214.3074735449736,176.25845772016635,294.03700510050163,300,300,4161,5559.857142857143,,,PSU-in-stratum bootstrap; statistic recomputed with grouped 5-fold OOF isotonic crosswalk for residual metrics.,Subgroup-specific isotonic curve compared with full-sample curve.
subgroup_curve_divergence,vsrev,vs,isotonic,sex,male,p95_abs_subgroup_minus_full_predicted_target_over_target_iqr,0.0385455000080889,0.0317850009302266,0.0527814784930826,300,300,4161,5559.857142857143,,,PSU-in-stratum bootstrap; statistic recomputed with grouped 5-fold OOF isotonic crosswalk for residual metrics.,Subgroup-specific isotonic curve divergence normalized by target IQR.
subgroup_curve_divergence,vsrev,vs,isotonic,sex,male,max_abs_subgroup_minus_full_predicted_target,256.97423687423816,265.9903190026126,565.903883791707,300,300,4161,5559.857142857143,,,PSU-in-stratum bootstrap; statistic recomputed with grouped 5-fold OOF isotonic crosswalk for residual metrics.,Subgroup-specific isotonic curve compared with full-sample curve.
subgroup_curve_divergence,vsrev,vs,isotonic,sex,male,max_abs_subgroup_minus_full_predicted_target_over_target_iqr,0.046219575480348,0.0480474047705197,0.1014328337997441,300,300,4161,5559.857142857143,,,PSU-in-stratum bootstrap; statistic recomputed with grouped 5-fold OOF isotonic crosswalk for residual metrics.,Subgroup-specific isotonic curve divergence normalized by target IQR.
subgroup_curve_divergence,vsrev,vs,isotonic,sex,female,p95_abs_subgroup_minus_full_predicted_target,225.51395502645573,177.197649101938,313.88845084320735,300,300,4485,5559.857142857143,,,PSU-in-stratum bootstrap; statistic recomputed with grouped 5-fold OOF isotonic crosswalk for residual metrics.,Subgroup-specific isotonic curve compared with full-sample curve.
subgroup_curve_divergence,vsrev,vs,isotonic,sex,female,p95_abs_subgroup_minus_full_predicted_target_over_target_iqr,0.0405611060198152,0.0318624057613468,0.0559559143015092,300,300,4485,5559.857142857143,,,PSU-in-stratum bootstrap; statistic recomputed with grouped 5-fold OOF isotonic crosswalk for residual metrics.,Subgroup-specific isotonic curve divergence normalized by target IQR.
subgroup_curve_divergence,vsrev,vs,isotonic,sex,female,max_abs_subgroup_minus_full_predicted_target,246.7659984114489,262.38051895987826,636.981139680512,300,300,4485,5559.857142857143,,,PSU-in-stratum bootstrap; statistic recomputed with grouped 5-fold OOF isotonic crosswalk for residual metrics.,Subgroup-specific isotonic curve compared with full-sample curve.
subgroup_curve_divergence,vsrev,vs,isotonic,sex,female,max_abs_subgroup_minus_full_predicted_target_over_target_iqr,0.0443835141930713,0.0470313617590801,0.1133796533886675,300,300,4485,5559.857142857143,,,PSU-in-stratum bootstrap; statistic recomputed with grouped 5-fold OOF isotonic crosswalk for residual metrics.,Subgroup-specific isotonic curve divergence normalized by target IQR.
subgroup_curve_spread,vsrev,vs,isotonic,sex,male|female,p95_between_subgroup_spread_predicted_target,389.0595848595822,327.5712212621864,517.0298814962186,300,300,8646,5559.857142857143,,,PSU-in-stratum bootstrap; statistic recomputed with grouped 5-fold OOF isotonic crosswalk for residual metrics.,"At each source-grid point, spread = max subgroup curve - min subgroup curve."
subgroup_curve_spread,vsrev,vs,isotonic,sex,male|female,p95_between_subgroup_spread_predicted_target_over_target_iqr,0.0699765434368065,0.0589231013898689,0.0927197297678056,300,300,8646,5559.857142857143,,,PSU-in-stratum bootstrap; statistic recomputed with grouped 5-fold OOF isotonic crosswalk for residual metrics.,Between-subgroup curve spread normalized by target IQR.
subgroup_curve_spread,vsrev,vs,isotonic,sex,male|female,max_between_subgroup_spread_predicted_target,452.2698192790658,449.4335090760688,838.9166712994212,300,300,8646,5559.857142857143,,,PSU-in-stratum bootstrap; statistic recomputed with grouped 5-fold OOF isotonic crosswalk for residual metrics.,"At each source-grid point, spread = max subgroup curve - min subgroup curve."
subgroup_curve_spread,vsrev,vs,isotonic,sex,male|female,max_between_subgroup_spread_predicted_target_over_target_iqr,0.0813455827475901,0.0806464685056805,0.1506654368446742,300,300,8646,5559.857142857143,,,PSU-in-stratum bootstrap; statistic recomputed with grouped 5-fold OOF isotonic crosswalk for residual metrics.,Between-subgroup curve spread normalized by target IQR.
subgroup_curve_divergence,vsrev,vs,isotonic,bmi_group,<25,p95_abs_subgroup_minus_full_predicted_target,287.7078883608265,260.7155392825443,430.2702440825139,300,300,2572,5559.857142857143,,,PSU-in-stratum bootstrap; statistic recomputed with grouped 5-fold OOF isotonic crosswalk for residual metrics.,Subgroup-specific isotonic curve compared with full-sample curve.
subgroup_curve_divergence,vsrev,vs,isotonic,bmi_group,<25,p95_abs_subgroup_minus_full_predicted_target_over_target_iqr,0.051747352669025,0.0469908702611,0.0782146137874715,300,300,2572,5559.857142857143,,,PSU-in-stratum bootstrap; statistic recomputed with grouped 5-fold OOF isotonic crosswalk for residual metrics.,Subgroup-specific isotonic curve divergence normalized by target IQR.
subgroup_curve_divergence,vsrev,vs,isotonic,bmi_group,<25,max_abs_subgroup_minus_full_predicted_target,411.1308983330455,364.6967880036641,762.9542241003444,300,300,2572,5559.857142857143,,,PSU-in-stratum bootstrap; statistic recomputed with grouped 5-fold OOF isotonic crosswalk for residual metrics.,Subgroup-specific isotonic curve compared with full-sample curve.
subgroup_curve_divergence,vsrev,vs,isotonic,bmi_group,<25,max_abs_subgroup_minus_full_predicted_target_over_target_iqr,0.0739463061314863,0.0653981668010941,0.1364193120802867,300,300,2572,5559.857142857143,,,PSU-in-stratum bootstrap; statistic recomputed with grouped 5-fold OOF isotonic crosswalk for residual metrics.,Subgroup-specific isotonic curve divergence normalized by target IQR.
subgroup_curve_divergence,vsrev,vs,isotonic,bmi_group,25-<30,p95_abs_subgroup_minus_full_predicted_target,303.93667328042466,259.44932427427864,406.0904959821262,300,300,2741,5559.857142857143,,,PSU-in-stratum bootstrap; statistic recomputed with grouped 5-fold OOF isotonic crosswalk for residual metrics.,Subgroup-specific isotonic curve compared with full-sample curve.
subgroup_curve_divergence,vsrev,vs,isotonic,bmi_group,25-<30,p95_abs_subgroup_minus_full_predicted_target_over_target_iqr,0.0546662738755613,0.0466639060047727,0.0736785449447799,300,300,2741,5559.857142857143,,,PSU-in-stratum bootstrap; statistic recomputed with grouped 5-fold OOF isotonic crosswalk for residual metrics.,Subgroup-specific isotonic curve divergence normalized by target IQR.
subgroup_curve_divergence,vsrev,vs,isotonic,bmi_group,25-<30,max_abs_subgroup_minus_full_predicted_target,415.5564341889203,338.7735538703382,702.5007347750677,300,300,2741,5559.857142857143,,,PSU-in-stratum bootstrap; statistic recomputed with grouped 5-fold OOF isotonic crosswalk for residual metrics.,Subgroup-specific isotonic curve compared with full-sample curve.
subgroup_curve_divergence,vsrev,vs,isotonic,bmi_group,25-<30,max_abs_subgroup_minus_full_predicted_target_over_target_iqr,0.0747422862694941,0.060707249080408,0.1263276707228445,300,300,2741,5559.857142857143,,,PSU-in-stratum bootstrap; statistic recomputed with grouped 5-fold OOF isotonic crosswalk for residual metrics.,Subgroup-specific isotonic curve divergence normalized by target IQR.
subgroup_curve_divergence,vsrev,vs,isotonic,bmi_group,>=30,p95_abs_subgroup_minus_full_predicted_target,354.15075757575323,261.1549100045067,480.6700435630235,300,300,3246,5559.857142857143,,,PSU-in-stratum bootstrap; statistic recomputed with grouped 5-fold OOF isotonic crosswalk for residual metrics.,Subgroup-specific isotonic curve compared with full-sample curve.
subgroup_curve_divergence,vsrev,vs,isotonic,bmi_group,>=30,p95_abs_subgroup_minus_full_predicted_target_over_target_iqr,0.0636978160546332,0.0465957129943788,0.0869735184982358,300,300,3246,5559.857142857143,,,PSU-in-stratum bootstrap; statistic recomputed with grouped 5-fold OOF isotonic crosswalk for residual metrics.,Subgroup-specific isotonic curve divergence normalized by target IQR.
subgroup_curve_divergence,vsrev,vs,isotonic,bmi_group,>=30,max_abs_subgroup_minus_full_predicted_target,517.6841706503201,358.8410699891854,957.0321847785774,300,300,3246,5559.857142857143,,,PSU-in-stratum bootstrap; statistic recomputed with grouped 5-fold OOF isotonic crosswalk for residual metrics.,Subgroup-specific isotonic curve compared with full-sample curve.
subgroup_curve_divergence,vsrev,vs,isotonic,bmi_group,>=30,max_abs_subgroup_minus_full_predicted_target_over_target_iqr,0.0931110561564336,0.0647315802815015,0.1741084863373234,300,300,3246,5559.857142857143,,,PSU-in-stratum bootstrap; statistic recomputed with grouped 5-fold OOF isotonic crosswalk for residual metrics.,Subgroup-specific isotonic curve divergence normalized by target IQR.
subgroup_curve_spread,vsrev,vs,isotonic,bmi_group,<25|25-<30|>=30,p95_between_subgroup_spread_predicted_target,608.617706766916,530.6543539186516,831.7253330026447,300,300,8559,5559.857142857143,,,PSU-in-stratum bootstrap; statistic recomputed with grouped 5-fold OOF isotonic crosswalk for residual metrics.,"At each source-grid point, spread = max subgroup curve - min subgroup curve."
subgroup_curve_spread,vsrev,vs,isotonic,bmi_group,<25|25-<30|>=30,p95_between_subgroup_spread_predicted_target_over_target_iqr,0.1094664289259336,0.0957524863165367,0.1503660073971723,300,300,8559,5559.857142857143,,,PSU-in-stratum bootstrap; statistic recomputed with grouped 5-fold OOF isotonic crosswalk for residual metrics.,Between-subgroup curve spread normalized by target IQR.
subgroup_curve_spread,vsrev,vs,isotonic,bmi_group,<25|25-<30|>=30,max_between_subgroup_spread_predicted_target,716.2047799355623,683.1953266245499,1260.757483775134,300,300,8559,5559.857142857143,,,PSU-in-stratum bootstrap; statistic recomputed with grouped 5-fold OOF isotonic crosswalk for residual metrics.,"At each source-grid point, spread = max subgroup curve - min subgroup curve."
subgroup_curve_spread,vsrev,vs,isotonic,bmi_group,<25|25-<30|>=30,max_between_subgroup_spread_predicted_target_over_target_iqr,0.1288171191333008,0.1216077437463461,0.2281349496759691,300,300,8559,5559.857142857143,,,PSU-in-stratum bootstrap; statistic recomputed with grouped 5-fold OOF isotonic crosswalk for residual metrics.,Between-subgroup curve spread normalized by target IQR.
