exposure,source_algorithm,target_algorithm,method,group_type,grid_definition,grid_role,curve_estimator,minimum_level_n,n_groups_compared,group_levels,group_ns,group_source_p05,group_source_p95,original_source_p05,original_source_p95,common_support_low,common_support_high,common_support_width,grid_n,grid_min,grid_max,pooled_observations_within_common_support,target_iqr,p95_between_subgroup_spread_predicted_target,p95_between_subgroup_spread_predicted_target_over_target_iqr,max_between_subgroup_spread_predicted_target,max_between_subgroup_spread_predicted_target_over_target_iqr,support_rule
daily_steps,acti,adept,isotonic,age_group,original_grid_stage3,v1.4_original_grid_reference,full-resample subgroup isotonic; v1.4-compatible reference,100,3,20-39|40-59|60+,2757|2949|2940,7232.21904762|6817.45714286|3832.7,19994.3333333|19913.5142857|16895.5416667,5266.464285714286,19321.357142857145,7232.219047619048,16895.54166666666,9663.322619047613,101,5266.464285714286,19321.357142857145,6493,1919.4027944454592,473.3829961683273,0.2466303568684205,543.9520503726603,0.283396508511292,pooled source P05-P95; may extend beyond a subgroup's own support
daily_steps,acti,adept,isotonic,age_group,common_support_pooled_empirical_quantile,v1.5_common_support_headline,5-fold subject-grouped cross-fitted isotonic ensemble,200,3,20-39|40-59|60+,2757|2949|2940,7232.21904762|6817.45714286|3832.7,19994.3333333|19913.5142857|16895.5416667,5266.464285714286,19321.357142857145,7232.219047619048,16895.54166666666,9663.322619047613,101,7232.666666666667,16894.5,6493,1919.4027944454592,475.80613585598655,0.2478928014656002,538.8714983390983,0.2807495643428951,intersection of eligible subgroup source P05-P95; pooled empirical-quantile grid
daily_steps,acti,adept,isotonic,age_group,common_support_linear,v1.5_common_support_robustness,5-fold subject-grouped cross-fitted isotonic ensemble,200,3,20-39|40-59|60+,2757|2949|2940,7232.21904762|6817.45714286|3832.7,19994.3333333|19913.5142857|16895.5416667,5266.464285714286,19321.357142857145,7232.219047619048,16895.54166666666,9663.322619047613,101,7232.219047619048,16895.54166666666,6493,1919.4027944454592,485.32895996004663,0.2528541488865887,522.0348436269423,0.2719777449202709,intersection of eligible subgroup source P05-P95; equally spaced linear grid
daily_steps,acti,adept,isotonic,sex,original_grid_stage3,v1.4_original_grid_reference,full-resample subgroup isotonic; v1.4-compatible reference,100,2,male|female,4161|4485,5338.42857143|5260.77142857,20114.7142857|18352.7428571,5266.464285714286,19321.357142857145,5338.428571428572,18352.74285714286,13014.314285714288,101,5266.464285714286,19321.357142857145,7589,1919.4027944454592,627.3309929838033,0.326836552910744,714.8470285911394,0.3724320036731363,pooled source P05-P95; may extend beyond a subgroup's own support
daily_steps,acti,adept,isotonic,sex,common_support_pooled_empirical_quantile,v1.5_common_support_headline,5-fold subject-grouped cross-fitted isotonic ensemble,200,2,male|female,4161|4485,5338.42857143|5260.77142857,20114.7142857|18352.7428571,5266.464285714286,19321.357142857145,5338.428571428572,18352.74285714286,13014.314285714288,101,5338.428571428572,18347.14285714286,7589,1919.4027944454592,610.2936975002667,0.3179602005719641,660.8878615666904,0.344319526614855,intersection of eligible subgroup source P05-P95; pooled empirical-quantile grid
daily_steps,acti,adept,isotonic,sex,common_support_linear,v1.5_common_support_robustness,5-fold subject-grouped cross-fitted isotonic ensemble,200,2,male|female,4161|4485,5338.42857143|5260.77142857,20114.7142857|18352.7428571,5266.464285714286,19321.357142857145,5338.428571428572,18352.74285714286,13014.314285714288,101,5338.428571428572,18352.74285714286,7589,1919.4027944454592,630.7363097445586,0.3286107072313535,775.5866040670876,0.4040770422506156,intersection of eligible subgroup source P05-P95; equally spaced linear grid
daily_steps,acti,adept,isotonic,bmi_group,original_grid_stage3,v1.4_original_grid_reference,full-resample subgroup isotonic; v1.4-compatible reference,100,3,<25|25-<30|>=30,2572|2741|3246,5854.95|5615|5014.8,19920.9821429|19757.2857143|18420.7857143,5266.464285714286,19321.357142857145,5854.95,18420.785714285714,12565.835714285711,101,5266.464285714286,19321.357142857145,7404,1919.4027944454592,577.2258099531346,0.3007319837313786,691.1359074570855,0.360078618962709,pooled source P05-P95; may extend beyond a subgroup's own support
daily_steps,acti,adept,isotonic,bmi_group,common_support_pooled_empirical_quantile,v1.5_common_support_headline,5-fold subject-grouped cross-fitted isotonic ensemble,200,3,<25|25-<30|>=30,2572|2741|3246,5854.95|5615|5014.8,19920.9821429|19757.2857143|18420.7857143,5266.464285714286,19321.357142857145,5854.95,18420.785714285714,12565.835714285711,101,5858.571428571428,18420.0,7404,1919.4027944454592,511.8572661317981,0.2666752740034852,595.6873154968307,0.3103503429403584,intersection of eligible subgroup source P05-P95; pooled empirical-quantile grid
daily_steps,acti,adept,isotonic,bmi_group,common_support_linear,v1.5_common_support_robustness,5-fold subject-grouped cross-fitted isotonic ensemble,200,3,<25|25-<30|>=30,2572|2741|3246,5854.95|5615|5014.8,19920.9821429|19757.2857143|18420.7857143,5266.464285714286,19321.357142857145,5854.95,18420.785714285714,12565.835714285711,101,5854.95,18420.785714285714,7404,1919.4027944454592,578.1789556078006,0.301228568219754,665.9842149861729,0.3469747032324106,intersection of eligible subgroup source P05-P95; equally spaced linear grid
daily_steps,acti,oak,isotonic,age_group,original_grid_stage3,v1.4_original_grid_reference,full-resample subgroup isotonic; v1.4-compatible reference,100,3,20-39|40-59|60+,2757|2949|2940,7232.21904762|6817.45714286|3832.7,19994.3333333|19913.5142857|16895.5416667,5266.464285714286,19321.357142857145,7232.219047619048,16895.54166666666,9663.322619047613,101,5266.464285714286,19321.357142857145,6493,6887.578571428576,1668.4306058673392,0.2422376149418335,2028.7322504915685,0.2945494166712326,pooled source P05-P95; may extend beyond a subgroup's own support
daily_steps,acti,oak,isotonic,age_group,common_support_pooled_empirical_quantile,v1.5_common_support_headline,5-fold subject-grouped cross-fitted isotonic ensemble,200,3,20-39|40-59|60+,2757|2949|2940,7232.21904762|6817.45714286|3832.7,19994.3333333|19913.5142857|16895.5416667,5266.464285714286,19321.357142857145,7232.219047619048,16895.54166666666,9663.322619047613,101,7232.666666666667,16894.5,6493,6887.578571428576,1622.0895458375962,0.2355094071182629,1831.385403936898,0.2658968438536512,intersection of eligible subgroup source P05-P95; pooled empirical-quantile grid
daily_steps,acti,oak,isotonic,age_group,common_support_linear,v1.5_common_support_robustness,5-fold subject-grouped cross-fitted isotonic ensemble,200,3,20-39|40-59|60+,2757|2949|2940,7232.21904762|6817.45714286|3832.7,19994.3333333|19913.5142857|16895.5416667,5266.464285714286,19321.357142857145,7232.219047619048,16895.54166666666,9663.322619047613,101,7232.219047619048,16895.54166666666,6493,6887.578571428576,1639.1536591769318,0.2379869270713741,1831.385403936898,0.2658968438536512,intersection of eligible subgroup source P05-P95; equally spaced linear grid
daily_steps,acti,oak,isotonic,sex,original_grid_stage3,v1.4_original_grid_reference,full-resample subgroup isotonic; v1.4-compatible reference,100,2,male|female,4161|4485,5338.42857143|5260.77142857,20114.7142857|18352.7428571,5266.464285714286,19321.357142857145,5338.428571428572,18352.74285714286,13014.314285714288,101,5266.464285714286,19321.357142857145,7589,6887.578571428576,578.676241622572,0.0840173706363319,1044.1002673551302,0.1515917759089272,pooled source P05-P95; may extend beyond a subgroup's own support
daily_steps,acti,oak,isotonic,sex,common_support_pooled_empirical_quantile,v1.5_common_support_headline,5-fold subject-grouped cross-fitted isotonic ensemble,200,2,male|female,4161|4485,5338.42857143|5260.77142857,20114.7142857|18352.7428571,5266.464285714286,19321.357142857145,5338.428571428572,18352.74285714286,13014.314285714288,101,5338.428571428572,18347.14285714286,7589,6887.578571428576,408.3368390579398,0.059285979074246,860.6572363077612,0.1249578828585688,intersection of eligible subgroup source P05-P95; pooled empirical-quantile grid
daily_steps,acti,oak,isotonic,sex,common_support_linear,v1.5_common_support_robustness,5-fold subject-grouped cross-fitted isotonic ensemble,200,2,male|female,4161|4485,5338.42857143|5260.77142857,20114.7142857|18352.7428571,5266.464285714286,19321.357142857145,5338.428571428572,18352.74285714286,13014.314285714288,101,5338.428571428572,18352.74285714286,7589,6887.578571428576,410.11228126322385,0.059543753586271,1017.8401400861584,0.1477790967508404,intersection of eligible subgroup source P05-P95; equally spaced linear grid
daily_steps,acti,oak,isotonic,bmi_group,original_grid_stage3,v1.4_original_grid_reference,full-resample subgroup isotonic; v1.4-compatible reference,100,3,<25|25-<30|>=30,2572|2741|3246,5854.95|5615|5014.8,19920.9821429|19757.2857143|18420.7857143,5266.464285714286,19321.357142857145,5854.95,18420.785714285714,12565.835714285711,101,5266.464285714286,19321.357142857145,7404,6887.578571428576,871.3318457003679,0.1265077177217075,1510.8951046176044,0.2193652078083262,pooled source P05-P95; may extend beyond a subgroup's own support
daily_steps,acti,oak,isotonic,bmi_group,common_support_pooled_empirical_quantile,v1.5_common_support_headline,5-fold subject-grouped cross-fitted isotonic ensemble,200,3,<25|25-<30|>=30,2572|2741|3246,5854.95|5615|5014.8,19920.9821429|19757.2857143|18420.7857143,5266.464285714286,19321.357142857145,5854.95,18420.785714285714,12565.835714285711,101,5858.571428571428,18420.0,7404,6887.578571428576,672.47945567031,0.0976365566935128,1080.950755744183,0.1569420580156052,intersection of eligible subgroup source P05-P95; pooled empirical-quantile grid
daily_steps,acti,oak,isotonic,bmi_group,common_support_linear,v1.5_common_support_robustness,5-fold subject-grouped cross-fitted isotonic ensemble,200,3,<25|25-<30|>=30,2572|2741|3246,5854.95|5615|5014.8,19920.9821429|19757.2857143|18420.7857143,5266.464285714286,19321.357142857145,5854.95,18420.785714285714,12565.835714285711,101,5854.95,18420.785714285714,7404,6887.578571428576,842.9250630813149,0.1223833680210897,1358.76926053625,0.1972782228826789,intersection of eligible subgroup source P05-P95; equally spaced linear grid
daily_steps,acti,scrf,isotonic,age_group,original_grid_stage3,v1.4_original_grid_reference,full-resample subgroup isotonic; v1.4-compatible reference,100,3,20-39|40-59|60+,2757|2949|2940,7232.21904762|6817.45714286|3832.7,19994.3333333|19913.5142857|16895.5416667,5266.464285714286,19321.357142857145,7232.219047619048,16895.54166666666,9663.322619047613,101,5266.464285714286,19321.357142857145,6493,7482.482142857143,2322.907772657458,0.3104461498615042,2701.3219047619095,0.3610194923539671,pooled source P05-P95; may extend beyond a subgroup's own support
daily_steps,acti,scrf,isotonic,age_group,common_support_pooled_empirical_quantile,v1.5_common_support_headline,5-fold subject-grouped cross-fitted isotonic ensemble,200,3,20-39|40-59|60+,2757|2949|2940,7232.21904762|6817.45714286|3832.7,19994.3333333|19913.5142857|16895.5416667,5266.464285714286,19321.357142857145,7232.219047619048,16895.54166666666,9663.322619047613,101,7232.666666666667,16894.5,6493,7482.482142857143,1686.9379097836572,0.2254516452664074,2017.7028250689327,0.2696568847805475,intersection of eligible subgroup source P05-P95; pooled empirical-quantile grid
daily_steps,acti,scrf,isotonic,age_group,common_support_linear,v1.5_common_support_robustness,5-fold subject-grouped cross-fitted isotonic ensemble,200,3,20-39|40-59|60+,2757|2949|2940,7232.21904762|6817.45714286|3832.7,19994.3333333|19913.5142857|16895.5416667,5266.464285714286,19321.357142857145,7232.219047619048,16895.54166666666,9663.322619047613,101,7232.219047619048,16895.54166666666,6493,7482.482142857143,1802.357678520788,0.2408769769322253,2020.2043099125876,0.2699911969507466,intersection of eligible subgroup source P05-P95; equally spaced linear grid
daily_steps,acti,scrf,isotonic,sex,original_grid_stage3,v1.4_original_grid_reference,full-resample subgroup isotonic; v1.4-compatible reference,100,2,male|female,4161|4485,5338.42857143|5260.77142857,20114.7142857|18352.7428571,5266.464285714286,19321.357142857145,5338.428571428572,18352.74285714286,13014.314285714288,101,5266.464285714286,19321.357142857145,7589,7482.482142857143,1133.314476827516,0.1514623697310644,1214.5514083617454,0.1623193193345832,pooled source P05-P95; may extend beyond a subgroup's own support
daily_steps,acti,scrf,isotonic,sex,common_support_pooled_empirical_quantile,v1.5_common_support_headline,5-fold subject-grouped cross-fitted isotonic ensemble,200,2,male|female,4161|4485,5338.42857143|5260.77142857,20114.7142857|18352.7428571,5266.464285714286,19321.357142857145,5338.428571428572,18352.74285714286,13014.314285714288,101,5338.428571428572,18347.14285714286,7589,7482.482142857143,941.0378393392184,0.1257654641030507,1213.5597743787912,0.1621867919240232,intersection of eligible subgroup source P05-P95; pooled empirical-quantile grid
daily_steps,acti,scrf,isotonic,sex,common_support_linear,v1.5_common_support_robustness,5-fold subject-grouped cross-fitted isotonic ensemble,200,2,male|female,4161|4485,5338.42857143|5260.77142857,20114.7142857|18352.7428571,5266.464285714286,19321.357142857145,5338.428571428572,18352.74285714286,13014.314285714288,101,5338.428571428572,18352.74285714286,7589,7482.482142857143,910.6537001501184,0.1217047609020274,1189.6932170074942,0.1589971341452766,intersection of eligible subgroup source P05-P95; equally spaced linear grid
daily_steps,acti,scrf,isotonic,bmi_group,original_grid_stage3,v1.4_original_grid_reference,full-resample subgroup isotonic; v1.4-compatible reference,100,3,<25|25-<30|>=30,2572|2741|3246,5854.95|5615|5014.8,19920.9821429|19757.2857143|18420.7857143,5266.464285714286,19321.357142857145,5854.95,18420.785714285714,12565.835714285711,101,5266.464285714286,19321.357142857145,7404,7482.482142857143,937.761021677332,0.1253275321976583,1795.4229068941022,0.2399501759730936,pooled source P05-P95; may extend beyond a subgroup's own support
daily_steps,acti,scrf,isotonic,bmi_group,common_support_pooled_empirical_quantile,v1.5_common_support_headline,5-fold subject-grouped cross-fitted isotonic ensemble,200,3,<25|25-<30|>=30,2572|2741|3246,5854.95|5615|5014.8,19920.9821429|19757.2857143|18420.7857143,5266.464285714286,19321.357142857145,5854.95,18420.785714285714,12565.835714285711,101,5858.571428571428,18420.0,7404,7482.482142857143,719.5158425780501,0.0961600480750772,1016.5545839369042,0.1358579365147323,intersection of eligible subgroup source P05-P95; pooled empirical-quantile grid
daily_steps,acti,scrf,isotonic,bmi_group,common_support_linear,v1.5_common_support_robustness,5-fold subject-grouped cross-fitted isotonic ensemble,200,3,<25|25-<30|>=30,2572|2741|3246,5854.95|5615|5014.8,19920.9821429|19757.2857143|18420.7857143,5266.464285714286,19321.357142857145,5854.95,18420.785714285714,12565.835714285711,101,5854.95,18420.785714285714,7404,7482.482142857143,766.1323439859771,0.102390133295184,811.4286825921299,0.1084437847094267,intersection of eligible subgroup source P05-P95; equally spaced linear grid
daily_steps,acti,scssl,isotonic,age_group,original_grid_stage3,v1.4_original_grid_reference,full-resample subgroup isotonic; v1.4-compatible reference,100,3,20-39|40-59|60+,2757|2949|2940,7232.21904762|6817.45714286|3832.7,19994.3333333|19913.5142857|16895.5416667,5266.464285714286,19321.357142857145,7232.219047619048,16895.54166666666,9663.322619047613,101,5266.464285714286,19321.357142857145,6493,5813.0,1008.3035714285688,0.173456661178147,1414.572777732239,0.2433464265839048,pooled source P05-P95; may extend beyond a subgroup's own support
daily_steps,acti,scssl,isotonic,age_group,common_support_pooled_empirical_quantile,v1.5_common_support_headline,5-fold subject-grouped cross-fitted isotonic ensemble,200,3,20-39|40-59|60+,2757|2949|2940,7232.21904762|6817.45714286|3832.7,19994.3333333|19913.5142857|16895.5416667,5266.464285714286,19321.357142857145,7232.219047619048,16895.54166666666,9663.322619047613,101,7232.666666666667,16894.5,6493,5813.0,869.703078475437,0.1496134661062166,1256.982275797778,0.2162364142091481,intersection of eligible subgroup source P05-P95; pooled empirical-quantile grid
daily_steps,acti,scssl,isotonic,age_group,common_support_linear,v1.5_common_support_robustness,5-fold subject-grouped cross-fitted isotonic ensemble,200,3,20-39|40-59|60+,2757|2949|2940,7232.21904762|6817.45714286|3832.7,19994.3333333|19913.5142857|16895.5416667,5266.464285714286,19321.357142857145,7232.219047619048,16895.54166666666,9663.322619047613,101,7232.219047619048,16895.54166666666,6493,5813.0,921.2489536664016,0.158480810883606,1256.982275797778,0.2162364142091481,intersection of eligible subgroup source P05-P95; equally spaced linear grid
daily_steps,acti,scssl,isotonic,sex,original_grid_stage3,v1.4_original_grid_reference,full-resample subgroup isotonic; v1.4-compatible reference,100,2,male|female,4161|4485,5338.42857143|5260.77142857,20114.7142857|18352.7428571,5266.464285714286,19321.357142857145,5338.428571428572,18352.74285714286,13014.314285714288,101,5266.464285714286,19321.357142857145,7589,5813.0,1502.41729665998,0.2584581621641114,1927.2489417989416,0.3315411907447001,pooled source P05-P95; may extend beyond a subgroup's own support
daily_steps,acti,scssl,isotonic,sex,common_support_pooled_empirical_quantile,v1.5_common_support_headline,5-fold subject-grouped cross-fitted isotonic ensemble,200,2,male|female,4161|4485,5338.42857143|5260.77142857,20114.7142857|18352.7428571,5266.464285714286,19321.357142857145,5338.428571428572,18352.74285714286,13014.314285714288,101,5338.428571428572,18347.14285714286,7589,5813.0,1374.203055586151,0.2364016954388699,1732.2798188792694,0.2980010010114002,intersection of eligible subgroup source P05-P95; pooled empirical-quantile grid
daily_steps,acti,scssl,isotonic,sex,common_support_linear,v1.5_common_support_robustness,5-fold subject-grouped cross-fitted isotonic ensemble,200,2,male|female,4161|4485,5338.42857143|5260.77142857,20114.7142857|18352.7428571,5266.464285714286,19321.357142857145,5338.428571428572,18352.74285714286,13014.314285714288,101,5338.428571428572,18352.74285714286,7589,5813.0,1596.18203363077,0.2745883422726252,1748.7478272201352,0.3008339630518037,intersection of eligible subgroup source P05-P95; equally spaced linear grid
daily_steps,acti,scssl,isotonic,bmi_group,original_grid_stage3,v1.4_original_grid_reference,full-resample subgroup isotonic; v1.4-compatible reference,100,3,<25|25-<30|>=30,2572|2741|3246,5854.95|5615|5014.8,19920.9821429|19757.2857143|18420.7857143,5266.464285714286,19321.357142857145,5854.95,18420.785714285714,12565.835714285711,101,5266.464285714286,19321.357142857145,7404,5813.0,1330.714616139875,0.2289204569309952,1784.605310457513,0.3070024618024278,pooled source P05-P95; may extend beyond a subgroup's own support
daily_steps,acti,scssl,isotonic,bmi_group,common_support_pooled_empirical_quantile,v1.5_common_support_headline,5-fold subject-grouped cross-fitted isotonic ensemble,200,3,<25|25-<30|>=30,2572|2741|3246,5854.95|5615|5014.8,19920.9821429|19757.2857143|18420.7857143,5266.464285714286,19321.357142857145,5854.95,18420.785714285714,12565.835714285711,101,5858.571428571428,18420.0,7404,5813.0,1334.3607579267418,0.229547696185574,1725.041200227748,0.2967557543828915,intersection of eligible subgroup source P05-P95; pooled empirical-quantile grid
daily_steps,acti,scssl,isotonic,bmi_group,common_support_linear,v1.5_common_support_robustness,5-fold subject-grouped cross-fitted isotonic ensemble,200,3,<25|25-<30|>=30,2572|2741|3246,5854.95|5615|5014.8,19920.9821429|19757.2857143|18420.7857143,5266.464285714286,19321.357142857145,5854.95,18420.785714285714,12565.835714285711,101,5854.95,18420.785714285714,7404,5813.0,1301.0972800979798,0.2238254395489385,1504.5056909751693,0.2588174249054136,intersection of eligible subgroup source P05-P95; equally spaced linear grid
daily_steps,acti,vs,isotonic,age_group,original_grid_stage3,v1.4_original_grid_reference,full-resample subgroup isotonic; v1.4-compatible reference,100,3,20-39|40-59|60+,2757|2949|2940,7232.21904762|6817.45714286|3832.7,19994.3333333|19913.5142857|16895.5416667,5266.464285714286,19321.357142857145,7232.219047619048,16895.54166666666,9663.322619047613,101,5266.464285714286,19321.357142857145,6493,5559.857142857143,1080.2567446811672,0.1942957736007649,1520.089500000002,0.2734044168657985,pooled source P05-P95; may extend beyond a subgroup's own support
daily_steps,acti,vs,isotonic,age_group,common_support_pooled_empirical_quantile,v1.5_common_support_headline,5-fold subject-grouped cross-fitted isotonic ensemble,200,3,20-39|40-59|60+,2757|2949|2940,7232.21904762|6817.45714286|3832.7,19994.3333333|19913.5142857|16895.5416667,5266.464285714286,19321.357142857145,7232.219047619048,16895.54166666666,9663.322619047613,101,7232.666666666667,16894.5,6493,5559.857142857143,1034.847472278726,0.1861284284270171,1460.8063891862585,0.2627417128986821,intersection of eligible subgroup source P05-P95; pooled empirical-quantile grid
daily_steps,acti,vs,isotonic,age_group,common_support_linear,v1.5_common_support_robustness,5-fold subject-grouped cross-fitted isotonic ensemble,200,3,20-39|40-59|60+,2757|2949|2940,7232.21904762|6817.45714286|3832.7,19994.3333333|19913.5142857|16895.5416667,5266.464285714286,19321.357142857145,7232.219047619048,16895.54166666666,9663.322619047613,101,7232.219047619048,16895.54166666666,6493,5559.857142857143,1046.8096066404332,0.1882799467222444,1460.8063891862585,0.2627417128986821,intersection of eligible subgroup source P05-P95; equally spaced linear grid
daily_steps,acti,vs,isotonic,sex,original_grid_stage3,v1.4_original_grid_reference,full-resample subgroup isotonic; v1.4-compatible reference,100,2,male|female,4161|4485,5338.42857143|5260.77142857,20114.7142857|18352.7428571,5266.464285714286,19321.357142857145,5338.428571428572,18352.74285714286,13014.314285714288,101,5266.464285714286,19321.357142857145,7589,5559.857142857143,422.7958013937314,0.0760443641860304,578.3012962133653,0.1040136969987295,pooled source P05-P95; may extend beyond a subgroup's own support
daily_steps,acti,vs,isotonic,sex,common_support_pooled_empirical_quantile,v1.5_common_support_headline,5-fold subject-grouped cross-fitted isotonic ensemble,200,2,male|female,4161|4485,5338.42857143|5260.77142857,20114.7142857|18352.7428571,5266.464285714286,19321.357142857145,5338.428571428572,18352.74285714286,13014.314285714288,101,5338.428571428572,18347.14285714286,7589,5559.857142857143,364.8955013452032,0.0656303735814492,489.56775772819856,0.0880540174232994,intersection of eligible subgroup source P05-P95; pooled empirical-quantile grid
daily_steps,acti,vs,isotonic,sex,common_support_linear,v1.5_common_support_robustness,5-fold subject-grouped cross-fitted isotonic ensemble,200,2,male|female,4161|4485,5338.42857143|5260.77142857,20114.7142857|18352.7428571,5266.464285714286,19321.357142857145,5338.428571428572,18352.74285714286,13014.314285714288,101,5338.428571428572,18352.74285714286,7589,5559.857142857143,382.36131089349874,0.0687717869486495,489.56775772819856,0.0880540174232994,intersection of eligible subgroup source P05-P95; equally spaced linear grid
daily_steps,acti,vs,isotonic,bmi_group,original_grid_stage3,v1.4_original_grid_reference,full-resample subgroup isotonic; v1.4-compatible reference,100,3,<25|25-<30|>=30,2572|2741|3246,5854.95|5615|5014.8,19920.9821429|19757.2857143|18420.7857143,5266.464285714286,19321.357142857145,5854.95,18420.785714285714,12565.835714285711,101,5266.464285714286,19321.357142857145,7404,5559.857142857143,818.3632971014486,0.1471914252604162,946.6465217391268,0.1702645405116752,pooled source P05-P95; may extend beyond a subgroup's own support
daily_steps,acti,vs,isotonic,bmi_group,common_support_pooled_empirical_quantile,v1.5_common_support_headline,5-fold subject-grouped cross-fitted isotonic ensemble,200,3,<25|25-<30|>=30,2572|2741|3246,5854.95|5615|5014.8,19920.9821429|19757.2857143|18420.7857143,5266.464285714286,19321.357142857145,5854.95,18420.785714285714,12565.835714285711,101,5858.571428571428,18420.0,7404,5559.857142857143,725.6819609107952,0.130521691882514,953.7030605662768,0.1715337347815703,intersection of eligible subgroup source P05-P95; pooled empirical-quantile grid
daily_steps,acti,vs,isotonic,bmi_group,common_support_linear,v1.5_common_support_robustness,5-fold subject-grouped cross-fitted isotonic ensemble,200,3,<25|25-<30|>=30,2572|2741|3246,5854.95|5615|5014.8,19920.9821429|19757.2857143|18420.7857143,5266.464285714286,19321.357142857145,5854.95,18420.785714285714,12565.835714285711,101,5854.95,18420.785714285714,7404,5559.857142857143,806.8922877452369,0.1451282410703424,953.7030605662768,0.1715337347815703,intersection of eligible subgroup source P05-P95; equally spaced linear grid
daily_steps,acti,vsrev,isotonic,age_group,original_grid_stage3,v1.4_original_grid_reference,full-resample subgroup isotonic; v1.4-compatible reference,100,3,20-39|40-59|60+,2757|2949|2940,7232.21904762|6817.45714286|3832.7,19994.3333333|19913.5142857|16895.5416667,5266.464285714286,19321.357142857145,7232.219047619048,16895.54166666666,9663.322619047613,101,5266.464285714286,19321.357142857145,6493,6301.767857142858,2258.9811755697247,0.358467850098483,2719.7079761904733,0.4315785725283055,pooled source P05-P95; may extend beyond a subgroup's own support
daily_steps,acti,vsrev,isotonic,age_group,common_support_pooled_empirical_quantile,v1.5_common_support_headline,5-fold subject-grouped cross-fitted isotonic ensemble,200,3,20-39|40-59|60+,2757|2949|2940,7232.21904762|6817.45714286|3832.7,19994.3333333|19913.5142857|16895.5416667,5266.464285714286,19321.357142857145,7232.219047619048,16895.54166666666,9663.322619047613,101,7232.666666666667,16894.5,6493,6301.767857142858,2061.1934670180144,0.3270817830399315,2579.067030499091,0.4092608755138129,intersection of eligible subgroup source P05-P95; pooled empirical-quantile grid
daily_steps,acti,vsrev,isotonic,age_group,common_support_linear,v1.5_common_support_robustness,5-fold subject-grouped cross-fitted isotonic ensemble,200,3,20-39|40-59|60+,2757|2949|2940,7232.21904762|6817.45714286|3832.7,19994.3333333|19913.5142857|16895.5416667,5266.464285714286,19321.357142857145,7232.219047619048,16895.54166666666,9663.322619047613,101,7232.219047619048,16895.54166666666,6493,6301.767857142858,2098.338499533569,0.3329761659111526,2579.067030499091,0.4092608755138129,intersection of eligible subgroup source P05-P95; equally spaced linear grid
daily_steps,acti,vsrev,isotonic,sex,original_grid_stage3,v1.4_original_grid_reference,full-resample subgroup isotonic; v1.4-compatible reference,100,2,male|female,4161|4485,5338.42857143|5260.77142857,20114.7142857|18352.7428571,5266.464285714286,19321.357142857145,5338.428571428572,18352.74285714286,13014.314285714288,101,5266.464285714286,19321.357142857145,7589,6301.767857142858,552.6859863945556,0.0877033237217875,967.2227772227724,0.1534843553664795,pooled source P05-P95; may extend beyond a subgroup's own support
daily_steps,acti,vsrev,isotonic,sex,common_support_pooled_empirical_quantile,v1.5_common_support_headline,5-fold subject-grouped cross-fitted isotonic ensemble,200,2,male|female,4161|4485,5338.42857143|5260.77142857,20114.7142857|18352.7428571,5266.464285714286,19321.357142857145,5338.428571428572,18352.74285714286,13014.314285714288,101,5338.428571428572,18347.14285714286,7589,6301.767857142858,489.63321611743777,0.0776977551723765,736.8451058159371,0.1169267295336412,intersection of eligible subgroup source P05-P95; pooled empirical-quantile grid
daily_steps,acti,vsrev,isotonic,sex,common_support_linear,v1.5_common_support_robustness,5-fold subject-grouped cross-fitted isotonic ensemble,200,2,male|female,4161|4485,5338.42857143|5260.77142857,20114.7142857|18352.7428571,5266.464285714286,19321.357142857145,5338.428571428572,18352.74285714286,13014.314285714288,101,5338.428571428572,18352.74285714286,7589,6301.767857142858,504.1461874876877,0.0800007551716227,733.4515230494981,0.1163882167157512,intersection of eligible subgroup source P05-P95; equally spaced linear grid
daily_steps,acti,vsrev,isotonic,bmi_group,original_grid_stage3,v1.4_original_grid_reference,full-resample subgroup isotonic; v1.4-compatible reference,100,3,<25|25-<30|>=30,2572|2741|3246,5854.95|5615|5014.8,19920.9821429|19757.2857143|18420.7857143,5266.464285714286,19321.357142857145,5854.95,18420.785714285714,12565.835714285711,101,5266.464285714286,19321.357142857145,7404,6301.767857142858,1090.2594543650812,0.1730085079426253,1721.279642857142,0.2731423438434224,pooled source P05-P95; may extend beyond a subgroup's own support
daily_steps,acti,vsrev,isotonic,bmi_group,common_support_pooled_empirical_quantile,v1.5_common_support_headline,5-fold subject-grouped cross-fitted isotonic ensemble,200,3,<25|25-<30|>=30,2572|2741|3246,5854.95|5615|5014.8,19920.9821429|19757.2857143|18420.7857143,5266.464285714286,19321.357142857145,5854.95,18420.785714285714,12565.835714285711,101,5858.571428571428,18420.0,7404,6301.767857142858,812.61418260959,0.1289501931888076,1200.815968212184,0.190552237948768,intersection of eligible subgroup source P05-P95; pooled empirical-quantile grid
daily_steps,acti,vsrev,isotonic,bmi_group,common_support_linear,v1.5_common_support_robustness,5-fold subject-grouped cross-fitted isotonic ensemble,200,3,<25|25-<30|>=30,2572|2741|3246,5854.95|5615|5014.8,19920.9821429|19757.2857143|18420.7857143,5266.464285714286,19321.357142857145,5854.95,18420.785714285714,12565.835714285711,101,5854.95,18420.785714285714,7404,6301.767857142858,1020.1288180114644,0.1618797837586448,1502.2804092341685,0.2383903125741739,intersection of eligible subgroup source P05-P95; equally spaced linear grid
daily_steps,adept,acti,isotonic,age_group,original_grid_stage3,v1.4_original_grid_reference,full-resample subgroup isotonic; v1.4-compatible reference,100,3,20-39|40-59|60+,2757|2949|2940,1029.03660132|746.446374811|194.0839631,5580.04080694|5694.62871501|4606.01999067,388.4465352624406,5454.949972321798,1029.0366013184553,4606.019990668242,3576.983389349786,101,388.4465352624406,5454.949972321798,6334,5482.084523809524,1541.3530564472949,0.2811618554498685,1541.5739245609602,0.2812021445247097,pooled source P05-P95; may extend beyond a subgroup's own support
daily_steps,adept,acti,isotonic,age_group,common_support_pooled_empirical_quantile,v1.5_common_support_headline,5-fold subject-grouped cross-fitted isotonic ensemble,200,3,20-39|40-59|60+,2757|2949|2940,1029.03660132|746.446374811|194.0839631,5580.04080694|5694.62871501|4606.01999067,388.4465352624406,5454.949972321798,1029.0366013184553,4606.019990668242,3576.983389349786,101,1029.1178927248234,4605.815507846122,6334,5482.084523809524,1282.303718608433,0.2339080532303348,1533.2301906709872,0.2796801442976546,intersection of eligible subgroup source P05-P95; pooled empirical-quantile grid
daily_steps,adept,acti,isotonic,age_group,common_support_linear,v1.5_common_support_robustness,5-fold subject-grouped cross-fitted isotonic ensemble,200,3,20-39|40-59|60+,2757|2949|2940,1029.03660132|746.446374811|194.0839631,5580.04080694|5694.62871501|4606.01999067,388.4465352624406,5454.949972321798,1029.0366013184553,4606.019990668242,3576.983389349786,101,1029.0366013184553,4606.019990668242,6334,5482.084523809524,1509.755435201232,0.2753980586479714,1533.2301906709872,0.2796801442976546,intersection of eligible subgroup source P05-P95; equally spaced linear grid
daily_steps,adept,acti,isotonic,sex,original_grid_stage3,v1.4_original_grid_reference,full-resample subgroup isotonic; v1.4-compatible reference,100,2,male|female,4161|4485,447.23006988|352.723322263,5882.83104018|4828.73792525,388.4465352624406,5454.949972321798,447.2300698801541,4828.737925247264,4381.50785536711,101,388.4465352624406,5454.949972321798,7439,5482.084523809524,1316.688304831323,0.240180226903242,1504.9072631976724,0.2745136921296328,pooled source P05-P95; may extend beyond a subgroup's own support
daily_steps,adept,acti,isotonic,sex,common_support_pooled_empirical_quantile,v1.5_common_support_headline,5-fold subject-grouped cross-fitted isotonic ensemble,200,2,male|female,4161|4485,447.23006988|352.723322263,5882.83104018|4828.73792525,388.4465352624406,5454.949972321798,447.2300698801541,4828.737925247264,4381.50785536711,101,447.2300698801541,4826.931390259401,7439,5482.084523809524,1275.8014100460096,0.2327219517512016,1395.8025950772544,0.2546116516473017,intersection of eligible subgroup source P05-P95; pooled empirical-quantile grid
daily_steps,adept,acti,isotonic,sex,common_support_linear,v1.5_common_support_robustness,5-fold subject-grouped cross-fitted isotonic ensemble,200,2,male|female,4161|4485,447.23006988|352.723322263,5882.83104018|4828.73792525,388.4465352624406,5454.949972321798,447.2300698801541,4828.737925247264,4381.50785536711,101,447.2300698801541,4828.737925247264,7439,5482.084523809524,1252.0176397429714,0.228383497975135,1395.8025950772544,0.2546116516473017,intersection of eligible subgroup source P05-P95; equally spaced linear grid
daily_steps,adept,acti,isotonic,bmi_group,original_grid_stage3,v1.4_original_grid_reference,full-resample subgroup isotonic; v1.4-compatible reference,100,3,<25|25-<30|>=30,2572|2741|3246,529.387446604|473.172429197|361.727007879,5597.13047737|5758.73827036|4816.87870666,388.4465352624406,5454.949972321798,529.3874466040392,4816.8787066625155,4287.491260058477,101,388.4465352624406,5454.949972321798,7256,5482.084523809524,898.7959647495372,0.1639514970712199,989.8734836592012,0.1805651626420626,pooled source P05-P95; may extend beyond a subgroup's own support
daily_steps,adept,acti,isotonic,bmi_group,common_support_pooled_empirical_quantile,v1.5_common_support_headline,5-fold subject-grouped cross-fitted isotonic ensemble,200,3,<25|25-<30|>=30,2572|2741|3246,529.387446604|473.172429197|361.727007879,5597.13047737|5758.73827036|4816.87870666,388.4465352624406,5454.949972321798,529.3874466040392,4816.8787066625155,4287.491260058477,101,529.9781071163978,4815.321881791401,7256,5482.084523809524,810.174567438371,0.1477858584484898,973.4070250731302,0.1775614769975683,intersection of eligible subgroup source P05-P95; pooled empirical-quantile grid
daily_steps,adept,acti,isotonic,bmi_group,common_support_linear,v1.5_common_support_robustness,5-fold subject-grouped cross-fitted isotonic ensemble,200,3,<25|25-<30|>=30,2572|2741|3246,529.387446604|473.172429197|361.727007879,5597.13047737|5758.73827036|4816.87870666,388.4465352624406,5454.949972321798,529.3874466040392,4816.8787066625155,4287.491260058477,101,529.3874466040392,4816.8787066625155,7256,5482.084523809524,812.7820905678454,0.1482615029078463,973.4070250731302,0.1775614769975683,intersection of eligible subgroup source P05-P95; equally spaced linear grid
daily_steps,adept,oak,isotonic,age_group,original_grid_stage3,v1.4_original_grid_reference,full-resample subgroup isotonic; v1.4-compatible reference,100,3,20-39|40-59|60+,2757|2949|2940,1029.03660132|746.446374811|194.0839631,5580.04080694|5694.62871501|4606.01999067,388.4465352624406,5454.949972321798,1029.0366013184553,4606.019990668242,3576.983389349786,101,388.4465352624406,5454.949972321798,6334,6887.578571428576,2952.7240947327064,0.4287027819880495,2952.7240947327064,0.4287027819880495,pooled source P05-P95; may extend beyond a subgroup's own support
daily_steps,adept,oak,isotonic,age_group,common_support_pooled_empirical_quantile,v1.5_common_support_headline,5-fold subject-grouped cross-fitted isotonic ensemble,200,3,20-39|40-59|60+,2757|2949|2940,1029.03660132|746.446374811|194.0839631,5580.04080694|5694.62871501|4606.01999067,388.4465352624406,5454.949972321798,1029.0366013184553,4606.019990668242,3576.983389349786,101,1029.1178927248234,4605.815507846122,6334,6887.578571428576,2442.5302630238493,0.3546282975494588,2674.8187750188117,0.3883540125574231,intersection of eligible subgroup source P05-P95; pooled empirical-quantile grid
daily_steps,adept,oak,isotonic,age_group,common_support_linear,v1.5_common_support_robustness,5-fold subject-grouped cross-fitted isotonic ensemble,200,3,20-39|40-59|60+,2757|2949|2940,1029.03660132|746.446374811|194.0839631,5580.04080694|5694.62871501|4606.01999067,388.4465352624406,5454.949972321798,1029.0366013184553,4606.019990668242,3576.983389349786,101,1029.0366013184553,4606.019990668242,6334,6887.578571428576,2444.844939358076,0.354964362874917,2674.8187750188117,0.3883540125574231,intersection of eligible subgroup source P05-P95; equally spaced linear grid
daily_steps,adept,oak,isotonic,sex,original_grid_stage3,v1.4_original_grid_reference,full-resample subgroup isotonic; v1.4-compatible reference,100,2,male|female,4161|4485,447.23006988|352.723322263,5882.83104018|4828.73792525,388.4465352624406,5454.949972321798,447.2300698801541,4828.737925247264,4381.50785536711,101,388.4465352624406,5454.949972321798,7439,6887.578571428576,1807.7913584353792,0.2624712501915486,1979.06603757658,0.2873384335368962,pooled source P05-P95; may extend beyond a subgroup's own support
daily_steps,adept,oak,isotonic,sex,common_support_pooled_empirical_quantile,v1.5_common_support_headline,5-fold subject-grouped cross-fitted isotonic ensemble,200,2,male|female,4161|4485,447.23006988|352.723322263,5882.83104018|4828.73792525,388.4465352624406,5454.949972321798,447.2300698801541,4828.737925247264,4381.50785536711,101,447.2300698801541,4826.931390259401,7439,6887.578571428576,1803.2358806284449,0.2618098453509808,1987.52395413251,0.2885664291914235,intersection of eligible subgroup source P05-P95; pooled empirical-quantile grid
daily_steps,adept,oak,isotonic,sex,common_support_linear,v1.5_common_support_robustness,5-fold subject-grouped cross-fitted isotonic ensemble,200,2,male|female,4161|4485,447.23006988|352.723322263,5882.83104018|4828.73792525,388.4465352624406,5454.949972321798,447.2300698801541,4828.737925247264,4381.50785536711,101,447.2300698801541,4828.737925247264,7439,6887.578571428576,1686.4545115343035,0.2448544860932904,1953.49306619255,0.2836255217902174,intersection of eligible subgroup source P05-P95; equally spaced linear grid
daily_steps,adept,oak,isotonic,bmi_group,original_grid_stage3,v1.4_original_grid_reference,full-resample subgroup isotonic; v1.4-compatible reference,100,3,<25|25-<30|>=30,2572|2741|3246,529.387446604|473.172429197|361.727007879,5597.13047737|5758.73827036|4816.87870666,388.4465352624406,5454.949972321798,529.3874466040392,4816.8787066625155,4287.491260058477,101,388.4465352624406,5454.949972321798,7256,6887.578571428576,1193.2402504948986,0.1732452469500329,1368.004570578231,0.1986190874472287,pooled source P05-P95; may extend beyond a subgroup's own support
daily_steps,adept,oak,isotonic,bmi_group,common_support_pooled_empirical_quantile,v1.5_common_support_headline,5-fold subject-grouped cross-fitted isotonic ensemble,200,3,<25|25-<30|>=30,2572|2741|3246,529.387446604|473.172429197|361.727007879,5597.13047737|5758.73827036|4816.87870666,388.4465352624406,5454.949972321798,529.3874466040392,4816.8787066625155,4287.491260058477,101,529.9781071163978,4815.321881791401,7256,6887.578571428576,1143.0355285673022,0.1659560782811108,1349.3023084331744,0.1959037264606204,intersection of eligible subgroup source P05-P95; pooled empirical-quantile grid
daily_steps,adept,oak,isotonic,bmi_group,common_support_linear,v1.5_common_support_robustness,5-fold subject-grouped cross-fitted isotonic ensemble,200,3,<25|25-<30|>=30,2572|2741|3246,529.387446604|473.172429197|361.727007879,5597.13047737|5758.73827036|4816.87870666,388.4465352624406,5454.949972321798,529.3874466040392,4816.8787066625155,4287.491260058477,101,529.3874466040392,4816.8787066625155,7256,6887.578571428576,1206.9461865681917,0.1752351968186483,1349.3023084331744,0.1959037264606204,intersection of eligible subgroup source P05-P95; equally spaced linear grid
daily_steps,adept,scrf,isotonic,age_group,original_grid_stage3,v1.4_original_grid_reference,full-resample subgroup isotonic; v1.4-compatible reference,100,3,20-39|40-59|60+,2757|2949|2940,1029.03660132|746.446374811|194.0839631,5580.04080694|5694.62871501|4606.01999067,388.4465352624406,5454.949972321798,1029.0366013184553,4606.019990668242,3576.983389349786,101,388.4465352624406,5454.949972321798,6334,7482.482142857143,3273.650719262405,0.4375086577904454,3273.650719262405,0.4375086577904454,pooled source P05-P95; may extend beyond a subgroup's own support
daily_steps,adept,scrf,isotonic,age_group,common_support_pooled_empirical_quantile,v1.5_common_support_headline,5-fold subject-grouped cross-fitted isotonic ensemble,200,3,20-39|40-59|60+,2757|2949|2940,1029.03660132|746.446374811|194.0839631,5580.04080694|5694.62871501|4606.01999067,388.4465352624406,5454.949972321798,1029.0366013184553,4606.019990668242,3576.983389349786,101,1029.1178927248234,4605.815507846122,6334,7482.482142857143,2456.884696454621,0.3283515616271786,3092.119915147008,0.4132478843399284,intersection of eligible subgroup source P05-P95; pooled empirical-quantile grid
daily_steps,adept,scrf,isotonic,age_group,common_support_linear,v1.5_common_support_robustness,5-fold subject-grouped cross-fitted isotonic ensemble,200,3,20-39|40-59|60+,2757|2949|2940,1029.03660132|746.446374811|194.0839631,5580.04080694|5694.62871501|4606.01999067,388.4465352624406,5454.949972321798,1029.0366013184553,4606.019990668242,3576.983389349786,101,1029.0366013184553,4606.019990668242,6334,7482.482142857143,2501.39803182972,0.3343005681901401,3092.119915147008,0.4132478843399284,intersection of eligible subgroup source P05-P95; equally spaced linear grid
daily_steps,adept,scrf,isotonic,sex,original_grid_stage3,v1.4_original_grid_reference,full-resample subgroup isotonic; v1.4-compatible reference,100,2,male|female,4161|4485,447.23006988|352.723322263,5882.83104018|4828.73792525,388.4465352624406,5454.949972321798,447.2300698801541,4828.737925247264,4381.50785536711,101,388.4465352624406,5454.949972321798,7439,7482.482142857143,1556.3039845376152,0.2079930101835631,2101.6295710448667,0.2808733159558696,pooled source P05-P95; may extend beyond a subgroup's own support
daily_steps,adept,scrf,isotonic,sex,common_support_pooled_empirical_quantile,v1.5_common_support_headline,5-fold subject-grouped cross-fitted isotonic ensemble,200,2,male|female,4161|4485,447.23006988|352.723322263,5882.83104018|4828.73792525,388.4465352624406,5454.949972321798,447.2300698801541,4828.737925247264,4381.50785536711,101,447.2300698801541,4826.931390259401,7439,7482.482142857143,1186.192757899229,0.1585293135689714,1495.7034466846708,0.1998940215463775,intersection of eligible subgroup source P05-P95; pooled empirical-quantile grid
daily_steps,adept,scrf,isotonic,sex,common_support_linear,v1.5_common_support_robustness,5-fold subject-grouped cross-fitted isotonic ensemble,200,2,male|female,4161|4485,447.23006988|352.723322263,5882.83104018|4828.73792525,388.4465352624406,5454.949972321798,447.2300698801541,4828.737925247264,4381.50785536711,101,447.2300698801541,4828.737925247264,7439,7482.482142857143,1333.6834084840266,0.1782407739866342,1779.6942328645637,0.2378481096093866,intersection of eligible subgroup source P05-P95; equally spaced linear grid
daily_steps,adept,scrf,isotonic,bmi_group,original_grid_stage3,v1.4_original_grid_reference,full-resample subgroup isotonic; v1.4-compatible reference,100,3,<25|25-<30|>=30,2572|2741|3246,529.387446604|473.172429197|361.727007879,5597.13047737|5758.73827036|4816.87870666,388.4465352624406,5454.949972321798,529.3874466040392,4816.8787066625155,4287.491260058477,101,388.4465352624406,5454.949972321798,7256,7482.482142857143,1440.9936404220753,0.192582302625027,2069.2835352891125,0.2765504141248733,pooled source P05-P95; may extend beyond a subgroup's own support
daily_steps,adept,scrf,isotonic,bmi_group,common_support_pooled_empirical_quantile,v1.5_common_support_headline,5-fold subject-grouped cross-fitted isotonic ensemble,200,3,<25|25-<30|>=30,2572|2741|3246,529.387446604|473.172429197|361.727007879,5597.13047737|5758.73827036|4816.87870666,388.4465352624406,5454.949972321798,529.3874466040392,4816.8787066625155,4287.491260058477,101,529.9781071163978,4815.321881791401,7256,7482.482142857143,1034.3517925622418,0.1382364532001783,1558.3339473898304,0.2082643055656915,intersection of eligible subgroup source P05-P95; pooled empirical-quantile grid
daily_steps,adept,scrf,isotonic,bmi_group,common_support_linear,v1.5_common_support_robustness,5-fold subject-grouped cross-fitted isotonic ensemble,200,3,<25|25-<30|>=30,2572|2741|3246,529.387446604|473.172429197|361.727007879,5597.13047737|5758.73827036|4816.87870666,388.4465352624406,5454.949972321798,529.3874466040392,4816.8787066625155,4287.491260058477,101,529.3874466040392,4816.8787066625155,7256,7482.482142857143,1382.695836487832,0.1847910639930852,1841.3639941709716,0.2460899951400161,intersection of eligible subgroup source P05-P95; equally spaced linear grid
daily_steps,adept,scssl,isotonic,age_group,original_grid_stage3,v1.4_original_grid_reference,full-resample subgroup isotonic; v1.4-compatible reference,100,3,20-39|40-59|60+,2757|2949|2940,1029.03660132|746.446374811|194.0839631,5580.04080694|5694.62871501|4606.01999067,388.4465352624406,5454.949972321798,1029.0366013184553,4606.019990668242,3576.983389349786,101,388.4465352624406,5454.949972321798,6334,5813.0,1628.9188822751348,0.2802200038319516,2237.9429937313143,0.3849893331724263,pooled source P05-P95; may extend beyond a subgroup's own support
daily_steps,adept,scssl,isotonic,age_group,common_support_pooled_empirical_quantile,v1.5_common_support_headline,5-fold subject-grouped cross-fitted isotonic ensemble,200,3,20-39|40-59|60+,2757|2949|2940,1029.03660132|746.446374811|194.0839631,5580.04080694|5694.62871501|4606.01999067,388.4465352624406,5454.949972321798,1029.0366013184553,4606.019990668242,3576.983389349786,101,1029.1178927248234,4605.815507846122,6334,5813.0,1314.825977242096,0.2261871627803365,1565.6012919403463,0.2693275919388175,intersection of eligible subgroup source P05-P95; pooled empirical-quantile grid
daily_steps,adept,scssl,isotonic,age_group,common_support_linear,v1.5_common_support_robustness,5-fold subject-grouped cross-fitted isotonic ensemble,200,3,20-39|40-59|60+,2757|2949|2940,1029.03660132|746.446374811|194.0839631,5580.04080694|5694.62871501|4606.01999067,388.4465352624406,5454.949972321798,1029.0366013184553,4606.019990668242,3576.983389349786,101,1029.0366013184553,4606.019990668242,6334,5813.0,1268.8455064413192,0.2182772245727368,1565.6012919403463,0.2693275919388175,intersection of eligible subgroup source P05-P95; equally spaced linear grid
daily_steps,adept,scssl,isotonic,sex,original_grid_stage3,v1.4_original_grid_reference,full-resample subgroup isotonic; v1.4-compatible reference,100,2,male|female,4161|4485,447.23006988|352.723322263,5882.83104018|4828.73792525,388.4465352624406,5454.949972321798,447.2300698801541,4828.737925247264,4381.50785536711,101,388.4465352624406,5454.949972321798,7439,5813.0,1208.912818740402,0.2079671114296236,1547.4823870573837,0.2662106291170452,pooled source P05-P95; may extend beyond a subgroup's own support
daily_steps,adept,scssl,isotonic,sex,common_support_pooled_empirical_quantile,v1.5_common_support_headline,5-fold subject-grouped cross-fitted isotonic ensemble,200,2,male|female,4161|4485,447.23006988|352.723322263,5882.83104018|4828.73792525,388.4465352624406,5454.949972321798,447.2300698801541,4828.737925247264,4381.50785536711,101,447.2300698801541,4826.931390259401,7439,5813.0,535.5722591663489,0.0921335384769222,1326.048199066725,0.2281177015425296,intersection of eligible subgroup source P05-P95; pooled empirical-quantile grid
daily_steps,adept,scssl,isotonic,sex,common_support_linear,v1.5_common_support_robustness,5-fold subject-grouped cross-fitted isotonic ensemble,200,2,male|female,4161|4485,447.23006988|352.723322263,5882.83104018|4828.73792525,388.4465352624406,5454.949972321798,447.2300698801541,4828.737925247264,4381.50785536711,101,447.2300698801541,4828.737925247264,7439,5813.0,912.0979181133988,0.156906574593738,1323.8041514476809,0.2277316620415759,intersection of eligible subgroup source P05-P95; equally spaced linear grid
daily_steps,adept,scssl,isotonic,bmi_group,original_grid_stage3,v1.4_original_grid_reference,full-resample subgroup isotonic; v1.4-compatible reference,100,3,<25|25-<30|>=30,2572|2741|3246,529.387446604|473.172429197|361.727007879,5597.13047737|5758.73827036|4816.87870666,388.4465352624406,5454.949972321798,529.3874466040392,4816.8787066625155,4287.491260058477,101,388.4465352624406,5454.949972321798,7256,5813.0,1199.531636865273,0.2063532834793175,1581.3192839241,0.2720315300058661,pooled source P05-P95; may extend beyond a subgroup's own support
daily_steps,adept,scssl,isotonic,bmi_group,common_support_pooled_empirical_quantile,v1.5_common_support_headline,5-fold subject-grouped cross-fitted isotonic ensemble,200,3,<25|25-<30|>=30,2572|2741|3246,529.387446604|473.172429197|361.727007879,5597.13047737|5758.73827036|4816.87870666,388.4465352624406,5454.949972321798,529.3874466040392,4816.8787066625155,4287.491260058477,101,529.9781071163978,4815.321881791401,7256,5813.0,836.8474489942982,0.1439613708918455,1324.7552652429204,0.2278952804477757,intersection of eligible subgroup source P05-P95; pooled empirical-quantile grid
daily_steps,adept,scssl,isotonic,bmi_group,common_support_linear,v1.5_common_support_robustness,5-fold subject-grouped cross-fitted isotonic ensemble,200,3,<25|25-<30|>=30,2572|2741|3246,529.387446604|473.172429197|361.727007879,5597.13047737|5758.73827036|4816.87870666,388.4465352624406,5454.949972321798,529.3874466040392,4816.8787066625155,4287.491260058477,101,529.3874466040392,4816.8787066625155,7256,5813.0,845.8120486953903,0.1455035349553398,1414.3231507972414,0.2433034837084537,intersection of eligible subgroup source P05-P95; equally spaced linear grid
daily_steps,adept,vs,isotonic,age_group,original_grid_stage3,v1.4_original_grid_reference,full-resample subgroup isotonic; v1.4-compatible reference,100,3,20-39|40-59|60+,2757|2949|2940,1029.03660132|746.446374811|194.0839631,5580.04080694|5694.62871501|4606.01999067,388.4465352624406,5454.949972321798,1029.0366013184553,4606.019990668242,3576.983389349786,101,388.4465352624406,5454.949972321798,6334,5559.857142857143,2264.9646480659467,0.4073782095239247,2264.9646480659467,0.4073782095239247,pooled source P05-P95; may extend beyond a subgroup's own support
daily_steps,adept,vs,isotonic,age_group,common_support_pooled_empirical_quantile,v1.5_common_support_headline,5-fold subject-grouped cross-fitted isotonic ensemble,200,3,20-39|40-59|60+,2757|2949|2940,1029.03660132|746.446374811|194.0839631,5580.04080694|5694.62871501|4606.01999067,388.4465352624406,5454.949972321798,1029.0366013184553,4606.019990668242,3576.983389349786,101,1029.1178927248234,4605.815507846122,6334,5559.857142857143,1457.5007438217565,0.2621471570891414,1674.6243081193006,0.3011991612537604,intersection of eligible subgroup source P05-P95; pooled empirical-quantile grid
daily_steps,adept,vs,isotonic,age_group,common_support_linear,v1.5_common_support_robustness,5-fold subject-grouped cross-fitted isotonic ensemble,200,3,20-39|40-59|60+,2757|2949|2940,1029.03660132|746.446374811|194.0839631,5580.04080694|5694.62871501|4606.01999067,388.4465352624406,5454.949972321798,1029.0366013184553,4606.019990668242,3576.983389349786,101,1029.0366013184553,4606.019990668242,6334,5559.857142857143,1542.3173919257024,0.2774023418762023,1674.6243081193006,0.3011991612537604,intersection of eligible subgroup source P05-P95; equally spaced linear grid
daily_steps,adept,vs,isotonic,sex,original_grid_stage3,v1.4_original_grid_reference,full-resample subgroup isotonic; v1.4-compatible reference,100,2,male|female,4161|4485,447.23006988|352.723322263,5882.83104018|4828.73792525,388.4465352624406,5454.949972321798,447.2300698801541,4828.737925247264,4381.50785536711,101,388.4465352624406,5454.949972321798,7439,5559.857142857143,1234.724655233751,0.2220784857431141,1315.5061246681398,0.2366079003231578,pooled source P05-P95; may extend beyond a subgroup's own support
daily_steps,adept,vs,isotonic,sex,common_support_pooled_empirical_quantile,v1.5_common_support_headline,5-fold subject-grouped cross-fitted isotonic ensemble,200,2,male|female,4161|4485,447.23006988|352.723322263,5882.83104018|4828.73792525,388.4465352624406,5454.949972321798,447.2300698801541,4828.737925247264,4381.50785536711,101,447.2300698801541,4826.931390259401,7439,5559.857142857143,1199.057658123049,0.2156633933775621,1428.869086082845,0.2569974460438324,intersection of eligible subgroup source P05-P95; pooled empirical-quantile grid
daily_steps,adept,vs,isotonic,sex,common_support_linear,v1.5_common_support_robustness,5-fold subject-grouped cross-fitted isotonic ensemble,200,2,male|female,4161|4485,447.23006988|352.723322263,5882.83104018|4828.73792525,388.4465352624406,5454.949972321798,447.2300698801541,4828.737925247264,4381.50785536711,101,447.2300698801541,4828.737925247264,7439,5559.857142857143,1177.5456498039955,0.2117942277198276,1281.7112013222925,0.23052952052355,intersection of eligible subgroup source P05-P95; equally spaced linear grid
daily_steps,adept,vs,isotonic,bmi_group,original_grid_stage3,v1.4_original_grid_reference,full-resample subgroup isotonic; v1.4-compatible reference,100,3,<25|25-<30|>=30,2572|2741|3246,529.387446604|473.172429197|361.727007879,5597.13047737|5758.73827036|4816.87870666,388.4465352624406,5454.949972321798,529.3874466040392,4816.8787066625155,4287.491260058477,101,388.4465352624406,5454.949972321798,7256,5559.857142857143,1062.6146551724105,0.1911226543900633,1134.4595531315972,0.2040447306436748,pooled source P05-P95; may extend beyond a subgroup's own support
daily_steps,adept,vs,isotonic,bmi_group,common_support_pooled_empirical_quantile,v1.5_common_support_headline,5-fold subject-grouped cross-fitted isotonic ensemble,200,3,<25|25-<30|>=30,2572|2741|3246,529.387446604|473.172429197|361.727007879,5597.13047737|5758.73827036|4816.87870666,388.4465352624406,5454.949972321798,529.3874466040392,4816.8787066625155,4287.491260058477,101,529.9781071163978,4815.321881791401,7256,5559.857142857143,821.5110045591664,0.147757574241737,1094.8698512384,0.1969240977072586,intersection of eligible subgroup source P05-P95; pooled empirical-quantile grid
daily_steps,adept,vs,isotonic,bmi_group,common_support_linear,v1.5_common_support_robustness,5-fold subject-grouped cross-fitted isotonic ensemble,200,3,<25|25-<30|>=30,2572|2741|3246,529.387446604|473.172429197|361.727007879,5597.13047737|5758.73827036|4816.87870666,388.4465352624406,5454.949972321798,529.3874466040392,4816.8787066625155,4287.491260058477,101,529.3874466040392,4816.8787066625155,7256,5559.857142857143,1083.6360895026428,0.1949035850489092,1279.8553490693812,0.2301957255706896,intersection of eligible subgroup source P05-P95; equally spaced linear grid
daily_steps,adept,vsrev,isotonic,age_group,original_grid_stage3,v1.4_original_grid_reference,full-resample subgroup isotonic; v1.4-compatible reference,100,3,20-39|40-59|60+,2757|2949|2940,1029.03660132|746.446374811|194.0839631,5580.04080694|5694.62871501|4606.01999067,388.4465352624406,5454.949972321798,1029.0366013184553,4606.019990668242,3576.983389349786,101,388.4465352624406,5454.949972321798,6334,6301.767857142858,3297.9442766022057,0.5233363639163713,3297.9442766022057,0.5233363639163713,pooled source P05-P95; may extend beyond a subgroup's own support
daily_steps,adept,vsrev,isotonic,age_group,common_support_pooled_empirical_quantile,v1.5_common_support_headline,5-fold subject-grouped cross-fitted isotonic ensemble,200,3,20-39|40-59|60+,2757|2949|2940,1029.03660132|746.446374811|194.0839631,5580.04080694|5694.62871501|4606.01999067,388.4465352624406,5454.949972321798,1029.0366013184553,4606.019990668242,3576.983389349786,101,1029.1178927248234,4605.815507846122,6334,6301.767857142858,3044.42077806149,0.4831058279321943,3311.3035528956952,0.5254562890859961,intersection of eligible subgroup source P05-P95; pooled empirical-quantile grid
daily_steps,adept,vsrev,isotonic,age_group,common_support_linear,v1.5_common_support_robustness,5-fold subject-grouped cross-fitted isotonic ensemble,200,3,20-39|40-59|60+,2757|2949|2940,1029.03660132|746.446374811|194.0839631,5580.04080694|5694.62871501|4606.01999067,388.4465352624406,5454.949972321798,1029.0366013184553,4606.019990668242,3576.983389349786,101,1029.0366013184553,4606.019990668242,6334,6301.767857142858,3044.42077806149,0.4831058279321943,3305.883004636051,0.5245961259726404,intersection of eligible subgroup source P05-P95; equally spaced linear grid
daily_steps,adept,vsrev,isotonic,sex,original_grid_stage3,v1.4_original_grid_reference,full-resample subgroup isotonic; v1.4-compatible reference,100,2,male|female,4161|4485,447.23006988|352.723322263,5882.83104018|4828.73792525,388.4465352624406,5454.949972321798,447.2300698801541,4828.737925247264,4381.50785536711,101,388.4465352624406,5454.949972321798,7439,6301.767857142858,1399.2048870896924,0.2220337084463905,1664.3249204403228,0.2641044478580502,pooled source P05-P95; may extend beyond a subgroup's own support
daily_steps,adept,vsrev,isotonic,sex,common_support_pooled_empirical_quantile,v1.5_common_support_headline,5-fold subject-grouped cross-fitted isotonic ensemble,200,2,male|female,4161|4485,447.23006988|352.723322263,5882.83104018|4828.73792525,388.4465352624406,5454.949972321798,447.2300698801541,4828.737925247264,4381.50785536711,101,447.2300698801541,4826.931390259401,7439,6301.767857142858,1465.6949422217722,0.2325847247071236,1601.2082850162706,0.2540887448275885,intersection of eligible subgroup source P05-P95; pooled empirical-quantile grid
daily_steps,adept,vsrev,isotonic,sex,common_support_linear,v1.5_common_support_robustness,5-fold subject-grouped cross-fitted isotonic ensemble,200,2,male|female,4161|4485,447.23006988|352.723322263,5882.83104018|4828.73792525,388.4465352624406,5454.949972321798,447.2300698801541,4828.737925247264,4381.50785536711,101,447.2300698801541,4828.737925247264,7439,6301.767857142858,1358.5777162175127,0.2155867602576961,1601.2082850162706,0.2540887448275885,intersection of eligible subgroup source P05-P95; equally spaced linear grid
daily_steps,adept,vsrev,isotonic,bmi_group,original_grid_stage3,v1.4_original_grid_reference,full-resample subgroup isotonic; v1.4-compatible reference,100,3,<25|25-<30|>=30,2572|2741|3246,529.387446604|473.172429197|361.727007879,5597.13047737|5758.73827036|4816.87870666,388.4465352624406,5454.949972321798,529.3874466040392,4816.8787066625155,4287.491260058477,101,388.4465352624406,5454.949972321798,7256,6301.767857142858,1496.929019106541,0.2375411238625394,1891.6144043352144,0.3001720227112346,pooled source P05-P95; may extend beyond a subgroup's own support
daily_steps,adept,vsrev,isotonic,bmi_group,common_support_pooled_empirical_quantile,v1.5_common_support_headline,5-fold subject-grouped cross-fitted isotonic ensemble,200,3,<25|25-<30|>=30,2572|2741|3246,529.387446604|473.172429197|361.727007879,5597.13047737|5758.73827036|4816.87870666,388.4465352624406,5454.949972321798,529.3874466040392,4816.8787066625155,4287.491260058477,101,529.9781071163978,4815.321881791401,7256,6301.767857142858,1043.1688443270614,0.1655359048405221,1681.5448439869415,0.266837002267699,intersection of eligible subgroup source P05-P95; pooled empirical-quantile grid
daily_steps,adept,vsrev,isotonic,bmi_group,common_support_linear,v1.5_common_support_robustness,5-fold subject-grouped cross-fitted isotonic ensemble,200,3,<25|25-<30|>=30,2572|2741|3246,529.387446604|473.172429197|361.727007879,5597.13047737|5758.73827036|4816.87870666,388.4465352624406,5454.949972321798,529.3874466040392,4816.8787066625155,4287.491260058477,101,529.3874466040392,4816.8787066625155,7256,6301.767857142858,1533.0826482397588,0.2432781852638474,1717.4928107074738,0.2725414279995651,intersection of eligible subgroup source P05-P95; equally spaced linear grid
daily_steps,oak,acti,isotonic,age_group,original_grid_stage3,v1.4_original_grid_reference,full-resample subgroup isotonic; v1.4-compatible reference,100,3,20-39|40-59|60+,2757|2949|2940,6338.06542857|5202.73285714|1538.5872619,21866.5166667|21755.5814286|17209.7389286,3101.1232142857143,20704.76785714287,6338.06542857143,17209.738928571427,10871.673499999995,101,3101.1232142857143,20704.76785714287,6021,5482.084523809524,1196.6318027210882,0.21828043648797,1306.2704292051176,0.2382798775779153,pooled source P05-P95; may extend beyond a subgroup's own support
daily_steps,oak,acti,isotonic,age_group,common_support_pooled_empirical_quantile,v1.5_common_support_headline,5-fold subject-grouped cross-fitted isotonic ensemble,200,3,20-39|40-59|60+,2757|2949|2940,6338.06542857|5202.73285714|1538.5872619,21866.5166667|21755.5814286|17209.7389286,3101.1232142857143,20704.76785714287,6338.06542857143,17209.738928571427,10871.673499999995,101,6338.928571428571,17208.850000000002,6021,5482.084523809524,1084.3333412542231,0.1977958086098087,1528.5231767132427,0.2788215267522116,intersection of eligible subgroup source P05-P95; pooled empirical-quantile grid
daily_steps,oak,acti,isotonic,age_group,common_support_linear,v1.5_common_support_robustness,5-fold subject-grouped cross-fitted isotonic ensemble,200,3,20-39|40-59|60+,2757|2949|2940,6338.06542857|5202.73285714|1538.5872619,21866.5166667|21755.5814286|17209.7389286,3101.1232142857143,20704.76785714287,6338.06542857143,17209.738928571427,10871.673499999995,101,6338.06542857143,17209.738928571427,6021,5482.084523809524,1115.7735536276396,0.2035308920870639,1530.673174157204,0.2792137128694857,intersection of eligible subgroup source P05-P95; equally spaced linear grid
daily_steps,oak,acti,isotonic,sex,original_grid_stage3,v1.4_original_grid_reference,full-resample subgroup isotonic; v1.4-compatible reference,100,2,male|female,4161|4485,3092.57857143|3108.20761905,21746.2|19727.1942857,3101.1232142857143,20704.76785714287,3108.20761904762,19727.194285714293,16618.98666666667,101,3101.1232142857143,20704.76785714287,7632,5482.084523809524,606.3799974329377,0.1106112090755509,951.7504296783444,0.1736110462260748,pooled source P05-P95; may extend beyond a subgroup's own support
daily_steps,oak,acti,isotonic,sex,common_support_pooled_empirical_quantile,v1.5_common_support_headline,5-fold subject-grouped cross-fitted isotonic ensemble,200,2,male|female,4161|4485,3092.57857143|3108.20761905,21746.2|19727.1942857,3101.1232142857143,20704.76785714287,3108.20761904762,19727.194285714293,16618.98666666667,101,3110.557142857143,19712.766666666663,7632,5482.084523809524,461.61115643532503,0.0842035824932063,910.563797340572,0.1660980952383815,intersection of eligible subgroup source P05-P95; pooled empirical-quantile grid
daily_steps,oak,acti,isotonic,sex,common_support_linear,v1.5_common_support_robustness,5-fold subject-grouped cross-fitted isotonic ensemble,200,2,male|female,4161|4485,3092.57857143|3108.20761905,21746.2|19727.1942857,3101.1232142857143,20704.76785714287,3108.20761904762,19727.194285714293,16618.98666666667,101,3108.20761904762,19727.194285714293,7632,5482.084523809524,570.0090409575678,0.103976696908253,910.563797340572,0.1660980952383815,intersection of eligible subgroup source P05-P95; equally spaced linear grid
daily_steps,oak,acti,isotonic,bmi_group,original_grid_stage3,v1.4_original_grid_reference,full-resample subgroup isotonic; v1.4-compatible reference,100,3,<25|25-<30|>=30,2572|2741|3246,3632.98821429|3363.9|2971.38869048,21481.3603571|21312.2214286|19342.1309524,3101.1232142857143,20704.76785714287,3632.988214285715,19342.130952380947,15709.142738095232,101,3101.1232142857143,20704.76785714287,7376,5482.084523809524,546.3266633728563,0.0996567384176724,942.3142700121088,0.171889774030206,pooled source P05-P95; may extend beyond a subgroup's own support
daily_steps,oak,acti,isotonic,bmi_group,common_support_pooled_empirical_quantile,v1.5_common_support_headline,5-fold subject-grouped cross-fitted isotonic ensemble,200,3,<25|25-<30|>=30,2572|2741|3246,3632.98821429|3363.9|2971.38869048,21481.3603571|21312.2214286|19342.1309524,3101.1232142857143,20704.76785714287,3632.988214285715,19342.130952380947,15709.142738095232,101,3648.157142857144,19335.907142857148,7376,5482.084523809524,386.6130342543911,0.0705229976982792,522.447875003756,0.0953009521715117,intersection of eligible subgroup source P05-P95; pooled empirical-quantile grid
daily_steps,oak,acti,isotonic,bmi_group,common_support_linear,v1.5_common_support_robustness,5-fold subject-grouped cross-fitted isotonic ensemble,200,3,<25|25-<30|>=30,2572|2741|3246,3632.98821429|3363.9|2971.38869048,21481.3603571|21312.2214286|19342.1309524,3101.1232142857143,20704.76785714287,3632.988214285715,19342.130952380947,15709.142738095232,101,3632.988214285715,19342.130952380947,7376,5482.084523809524,511.87736980113186,0.0933727613242683,641.2676135903421,0.1169751416281926,intersection of eligible subgroup source P05-P95; equally spaced linear grid
daily_steps,oak,adept,isotonic,age_group,original_grid_stage3,v1.4_original_grid_reference,full-resample subgroup isotonic; v1.4-compatible reference,100,3,20-39|40-59|60+,2757|2949|2940,6338.06542857|5202.73285714|1538.5872619,21866.5166667|21755.5814286|17209.7389286,3101.1232142857143,20704.76785714287,6338.06542857143,17209.738928571427,10871.673499999995,101,3101.1232142857143,20704.76785714287,6021,1919.4027944454592,924.5218907777694,0.4816716394564153,1198.4198639709807,0.624371219755997,pooled source P05-P95; may extend beyond a subgroup's own support
daily_steps,oak,adept,isotonic,age_group,common_support_pooled_empirical_quantile,v1.5_common_support_headline,5-fold subject-grouped cross-fitted isotonic ensemble,200,3,20-39|40-59|60+,2757|2949|2940,6338.06542857|5202.73285714|1538.5872619,21866.5166667|21755.5814286|17209.7389286,3101.1232142857143,20704.76785714287,6338.06542857143,17209.738928571427,10871.673499999995,101,6338.928571428571,17208.850000000002,6021,1919.4027944454592,455.7601022705462,0.2374489104577037,1166.957571130259,0.6079795103494201,intersection of eligible subgroup source P05-P95; pooled empirical-quantile grid
daily_steps,oak,adept,isotonic,age_group,common_support_linear,v1.5_common_support_robustness,5-fold subject-grouped cross-fitted isotonic ensemble,200,3,20-39|40-59|60+,2757|2949|2940,6338.06542857|5202.73285714|1538.5872619,21866.5166667|21755.5814286|17209.7389286,3101.1232142857143,20704.76785714287,6338.06542857143,17209.738928571427,10871.673499999995,101,6338.06542857143,17209.738928571427,6021,1919.4027944454592,455.7601022705462,0.2374489104577037,1166.957571130259,0.6079795103494201,intersection of eligible subgroup source P05-P95; equally spaced linear grid
daily_steps,oak,adept,isotonic,sex,original_grid_stage3,v1.4_original_grid_reference,full-resample subgroup isotonic; v1.4-compatible reference,100,2,male|female,4161|4485,3092.57857143|3108.20761905,21746.2|19727.1942857,3101.1232142857143,20704.76785714287,3108.20761904762,19727.194285714293,16618.98666666667,101,3101.1232142857143,20704.76785714287,7632,1919.4027944454592,761.026164876062,0.3964911206123008,985.7922977340022,0.5135932387859269,pooled source P05-P95; may extend beyond a subgroup's own support
daily_steps,oak,adept,isotonic,sex,common_support_pooled_empirical_quantile,v1.5_common_support_headline,5-fold subject-grouped cross-fitted isotonic ensemble,200,2,male|female,4161|4485,3092.57857143|3108.20761905,21746.2|19727.1942857,3101.1232142857143,20704.76785714287,3108.20761904762,19727.194285714293,16618.98666666667,101,3110.557142857143,19712.766666666663,7632,1919.4027944454592,646.0623544814448,0.3365955058266447,876.4784278029406,0.4566412169136008,intersection of eligible subgroup source P05-P95; pooled empirical-quantile grid
daily_steps,oak,adept,isotonic,sex,common_support_linear,v1.5_common_support_robustness,5-fold subject-grouped cross-fitted isotonic ensemble,200,2,male|female,4161|4485,3092.57857143|3108.20761905,21746.2|19727.1942857,3101.1232142857143,20704.76785714287,3108.20761904762,19727.194285714293,16618.98666666667,101,3108.20761904762,19727.194285714293,7632,1919.4027944454592,727.9140884485196,0.3792398815689041,946.209156605376,0.4929706048900216,intersection of eligible subgroup source P05-P95; equally spaced linear grid
daily_steps,oak,adept,isotonic,bmi_group,original_grid_stage3,v1.4_original_grid_reference,full-resample subgroup isotonic; v1.4-compatible reference,100,3,<25|25-<30|>=30,2572|2741|3246,3632.98821429|3363.9|2971.38869048,21481.3603571|21312.2214286|19342.1309524,3101.1232142857143,20704.76785714287,3632.988214285715,19342.130952380947,15709.142738095232,101,3101.1232142857143,20704.76785714287,7376,1919.4027944454592,439.1007946850595,0.2287694880698147,550.8877509866356,0.2870099765306397,pooled source P05-P95; may extend beyond a subgroup's own support
daily_steps,oak,adept,isotonic,bmi_group,common_support_pooled_empirical_quantile,v1.5_common_support_headline,5-fold subject-grouped cross-fitted isotonic ensemble,200,3,<25|25-<30|>=30,2572|2741|3246,3632.98821429|3363.9|2971.38869048,21481.3603571|21312.2214286|19342.1309524,3101.1232142857143,20704.76785714287,3632.988214285715,19342.130952380947,15709.142738095232,101,3648.157142857144,19335.907142857148,7376,1919.4027944454592,430.5537291003825,0.224316506335386,477.5266087322493,0.248789159896067,intersection of eligible subgroup source P05-P95; pooled empirical-quantile grid
daily_steps,oak,adept,isotonic,bmi_group,common_support_linear,v1.5_common_support_robustness,5-fold subject-grouped cross-fitted isotonic ensemble,200,3,<25|25-<30|>=30,2572|2741|3246,3632.98821429|3363.9|2971.38869048,21481.3603571|21312.2214286|19342.1309524,3101.1232142857143,20704.76785714287,3632.988214285715,19342.130952380947,15709.142738095232,101,3632.988214285715,19342.130952380947,7376,1919.4027944454592,430.62805842468697,0.2243552315704015,497.6037658000269,0.259249266094661,intersection of eligible subgroup source P05-P95; equally spaced linear grid
daily_steps,oak,scrf,isotonic,age_group,original_grid_stage3,v1.4_original_grid_reference,full-resample subgroup isotonic; v1.4-compatible reference,100,3,20-39|40-59|60+,2757|2949|2940,6338.06542857|5202.73285714|1538.5872619,21866.5166667|21755.5814286|17209.7389286,3101.1232142857143,20704.76785714287,6338.06542857143,17209.738928571427,10871.673499999995,101,3101.1232142857143,20704.76785714287,6021,7482.482142857143,901.2611992945332,0.1204494955133152,1415.5640882331063,0.1891837576364173,pooled source P05-P95; may extend beyond a subgroup's own support
daily_steps,oak,scrf,isotonic,age_group,common_support_pooled_empirical_quantile,v1.5_common_support_headline,5-fold subject-grouped cross-fitted isotonic ensemble,200,3,20-39|40-59|60+,2757|2949|2940,6338.06542857|5202.73285714|1538.5872619,21866.5166667|21755.5814286|17209.7389286,3101.1232142857143,20704.76785714287,6338.06542857143,17209.738928571427,10871.673499999995,101,6338.928571428571,17208.850000000002,6021,7482.482142857143,821.5659601150073,0.1097985861415363,975.7639227736872,0.1304064485747101,intersection of eligible subgroup source P05-P95; pooled empirical-quantile grid
daily_steps,oak,scrf,isotonic,age_group,common_support_linear,v1.5_common_support_robustness,5-fold subject-grouped cross-fitted isotonic ensemble,200,3,20-39|40-59|60+,2757|2949|2940,6338.06542857|5202.73285714|1538.5872619,21866.5166667|21755.5814286|17209.7389286,3101.1232142857143,20704.76785714287,6338.06542857143,17209.738928571427,10871.673499999995,101,6338.06542857143,17209.738928571427,6021,7482.482142857143,784.3032300524083,0.1048185902857265,927.2033980268608,0.1239165534009297,intersection of eligible subgroup source P05-P95; equally spaced linear grid
daily_steps,oak,scrf,isotonic,sex,original_grid_stage3,v1.4_original_grid_reference,full-resample subgroup isotonic; v1.4-compatible reference,100,2,male|female,4161|4485,3092.57857143|3108.20761905,21746.2|19727.1942857,3101.1232142857143,20704.76785714287,3108.20761904762,19727.194285714293,16618.98666666667,101,3101.1232142857143,20704.76785714287,7632,7482.482142857143,1031.31449163449,0.1378305316263258,1282.5614979228849,0.1714085611480184,pooled source P05-P95; may extend beyond a subgroup's own support
daily_steps,oak,scrf,isotonic,sex,common_support_pooled_empirical_quantile,v1.5_common_support_headline,5-fold subject-grouped cross-fitted isotonic ensemble,200,2,male|female,4161|4485,3092.57857143|3108.20761905,21746.2|19727.1942857,3101.1232142857143,20704.76785714287,3108.20761904762,19727.194285714293,16618.98666666667,101,3110.557142857143,19712.766666666663,7632,7482.482142857143,1034.3686056838503,0.1382387001980712,1215.377680454978,0.162429746874196,intersection of eligible subgroup source P05-P95; pooled empirical-quantile grid
daily_steps,oak,scrf,isotonic,sex,common_support_linear,v1.5_common_support_robustness,5-fold subject-grouped cross-fitted isotonic ensemble,200,2,male|female,4161|4485,3092.57857143|3108.20761905,21746.2|19727.1942857,3101.1232142857143,20704.76785714287,3108.20761904762,19727.194285714293,16618.98666666667,101,3108.20761904762,19727.194285714293,7632,7482.482142857143,1004.3288844783984,0.1342240269075872,1179.1015320418046,0.1575816032073511,intersection of eligible subgroup source P05-P95; equally spaced linear grid
daily_steps,oak,scrf,isotonic,bmi_group,original_grid_stage3,v1.4_original_grid_reference,full-resample subgroup isotonic; v1.4-compatible reference,100,3,<25|25-<30|>=30,2572|2741|3246,3632.98821429|3363.9|2971.38869048,21481.3603571|21312.2214286|19342.1309524,3101.1232142857143,20704.76785714287,3632.988214285715,19342.130952380947,15709.142738095232,101,3101.1232142857143,20704.76785714287,7376,7482.482142857143,1059.513191363505,0.1415991606976205,1403.7279627640492,0.1876019128363791,pooled source P05-P95; may extend beyond a subgroup's own support
daily_steps,oak,scrf,isotonic,bmi_group,common_support_pooled_empirical_quantile,v1.5_common_support_headline,5-fold subject-grouped cross-fitted isotonic ensemble,200,3,<25|25-<30|>=30,2572|2741|3246,3632.98821429|3363.9|2971.38869048,21481.3603571|21312.2214286|19342.1309524,3101.1232142857143,20704.76785714287,3632.988214285715,19342.130952380947,15709.142738095232,101,3648.157142857144,19335.907142857148,7376,7482.482142857143,833.8741131081188,0.1114435152917997,1176.7031367333293,0.1572610684886996,intersection of eligible subgroup source P05-P95; pooled empirical-quantile grid
daily_steps,oak,scrf,isotonic,bmi_group,common_support_linear,v1.5_common_support_robustness,5-fold subject-grouped cross-fitted isotonic ensemble,200,3,<25|25-<30|>=30,2572|2741|3246,3632.98821429|3363.9|2971.38869048,21481.3603571|21312.2214286|19342.1309524,3101.1232142857143,20704.76785714287,3632.988214285715,19342.130952380947,15709.142738095232,101,3632.988214285715,19342.130952380947,7376,7482.482142857143,839.3094241066719,0.1121699200990256,1195.470983897918,0.1597693066383228,intersection of eligible subgroup source P05-P95; equally spaced linear grid
daily_steps,oak,scssl,isotonic,age_group,original_grid_stage3,v1.4_original_grid_reference,full-resample subgroup isotonic; v1.4-compatible reference,100,3,20-39|40-59|60+,2757|2949|2940,6338.06542857|5202.73285714|1538.5872619,21866.5166667|21755.5814286|17209.7389286,3101.1232142857143,20704.76785714287,6338.06542857143,17209.738928571427,10871.673499999995,101,3101.1232142857143,20704.76785714287,6021,5813.0,1585.1420057720045,0.2726891460127308,2120.8001493428947,0.3648374590302588,pooled source P05-P95; may extend beyond a subgroup's own support
daily_steps,oak,scssl,isotonic,age_group,common_support_pooled_empirical_quantile,v1.5_common_support_headline,5-fold subject-grouped cross-fitted isotonic ensemble,200,3,20-39|40-59|60+,2757|2949|2940,6338.06542857|5202.73285714|1538.5872619,21866.5166667|21755.5814286|17209.7389286,3101.1232142857143,20704.76785714287,6338.06542857143,17209.738928571427,10871.673499999995,101,6338.928571428571,17208.850000000002,6021,5813.0,1564.208196108516,0.2690879401528498,1956.6792897990908,0.3366040409081525,intersection of eligible subgroup source P05-P95; pooled empirical-quantile grid
daily_steps,oak,scssl,isotonic,age_group,common_support_linear,v1.5_common_support_robustness,5-fold subject-grouped cross-fitted isotonic ensemble,200,3,20-39|40-59|60+,2757|2949|2940,6338.06542857|5202.73285714|1538.5872619,21866.5166667|21755.5814286|17209.7389286,3101.1232142857143,20704.76785714287,6338.06542857143,17209.738928571427,10871.673499999995,101,6338.06542857143,17209.738928571427,6021,5813.0,1610.5461068742552,0.2770593681187434,2011.7377599694885,0.3460756511215359,intersection of eligible subgroup source P05-P95; equally spaced linear grid
daily_steps,oak,scssl,isotonic,sex,original_grid_stage3,v1.4_original_grid_reference,full-resample subgroup isotonic; v1.4-compatible reference,100,2,male|female,4161|4485,3092.57857143|3108.20761905,21746.2|19727.1942857,3101.1232142857143,20704.76785714287,3108.20761904762,19727.194285714293,16618.98666666667,101,3101.1232142857143,20704.76785714287,7632,5813.0,1840.3173129251736,0.3165864980088033,2196.7968979956113,0.3779110438664392,pooled source P05-P95; may extend beyond a subgroup's own support
daily_steps,oak,scssl,isotonic,sex,common_support_pooled_empirical_quantile,v1.5_common_support_headline,5-fold subject-grouped cross-fitted isotonic ensemble,200,2,male|female,4161|4485,3092.57857143|3108.20761905,21746.2|19727.1942857,3101.1232142857143,20704.76785714287,3108.20761904762,19727.194285714293,16618.98666666667,101,3110.557142857143,19712.766666666663,7632,5813.0,1569.7540020707056,0.2700419752401007,1868.6428745217236,0.3214592937419101,intersection of eligible subgroup source P05-P95; pooled empirical-quantile grid
daily_steps,oak,scssl,isotonic,sex,common_support_linear,v1.5_common_support_robustness,5-fold subject-grouped cross-fitted isotonic ensemble,200,2,male|female,4161|4485,3092.57857143|3108.20761905,21746.2|19727.1942857,3101.1232142857143,20704.76785714287,3108.20761904762,19727.194285714293,16618.98666666667,101,3108.20761904762,19727.194285714293,7632,5813.0,1632.6769559586792,0.2808664985306518,1809.8436963447057,0.3113441762161888,intersection of eligible subgroup source P05-P95; equally spaced linear grid
daily_steps,oak,scssl,isotonic,bmi_group,original_grid_stage3,v1.4_original_grid_reference,full-resample subgroup isotonic; v1.4-compatible reference,100,3,<25|25-<30|>=30,2572|2741|3246,3632.98821429|3363.9|2971.38869048,21481.3603571|21312.2214286|19342.1309524,3101.1232142857143,20704.76785714287,3632.988214285715,19342.130952380947,15709.142738095232,101,3101.1232142857143,20704.76785714287,7376,5813.0,1362.9970754373176,0.2344739507031339,1450.4461872273268,0.2495176651001766,pooled source P05-P95; may extend beyond a subgroup's own support
daily_steps,oak,scssl,isotonic,bmi_group,common_support_pooled_empirical_quantile,v1.5_common_support_headline,5-fold subject-grouped cross-fitted isotonic ensemble,200,3,<25|25-<30|>=30,2572|2741|3246,3632.98821429|3363.9|2971.38869048,21481.3603571|21312.2214286|19342.1309524,3101.1232142857143,20704.76785714287,3632.988214285715,19342.130952380947,15709.142738095232,101,3648.157142857144,19335.907142857148,7376,5813.0,1142.1964438308369,0.1964900127009869,1390.9478520990724,0.2392822728537884,intersection of eligible subgroup source P05-P95; pooled empirical-quantile grid
daily_steps,oak,scssl,isotonic,bmi_group,common_support_linear,v1.5_common_support_robustness,5-fold subject-grouped cross-fitted isotonic ensemble,200,3,<25|25-<30|>=30,2572|2741|3246,3632.98821429|3363.9|2971.38869048,21481.3603571|21312.2214286|19342.1309524,3101.1232142857143,20704.76785714287,3632.988214285715,19342.130952380947,15709.142738095232,101,3632.988214285715,19342.130952380947,7376,5813.0,1050.6479048555057,0.1807410811724592,1394.899993505892,0.2399621526760522,intersection of eligible subgroup source P05-P95; equally spaced linear grid
daily_steps,oak,vs,isotonic,age_group,original_grid_stage3,v1.4_original_grid_reference,full-resample subgroup isotonic; v1.4-compatible reference,100,3,20-39|40-59|60+,2757|2949|2940,6338.06542857|5202.73285714|1538.5872619,21866.5166667|21755.5814286|17209.7389286,3101.1232142857143,20704.76785714287,6338.06542857143,17209.738928571427,10871.673499999995,101,3101.1232142857143,20704.76785714287,6021,5559.857142857143,1135.9235927656991,0.204308053890385,1625.189972275297,0.2923078652053515,pooled source P05-P95; may extend beyond a subgroup's own support
daily_steps,oak,vs,isotonic,age_group,common_support_pooled_empirical_quantile,v1.5_common_support_headline,5-fold subject-grouped cross-fitted isotonic ensemble,200,3,20-39|40-59|60+,2757|2949|2940,6338.06542857|5202.73285714|1538.5872619,21866.5166667|21755.5814286|17209.7389286,3101.1232142857143,20704.76785714287,6338.06542857143,17209.738928571427,10871.673499999995,101,6338.928571428571,17208.850000000002,6021,5559.857142857143,770.2245038472884,0.1385331464562557,1023.0354462172892,0.1840039087212164,intersection of eligible subgroup source P05-P95; pooled empirical-quantile grid
daily_steps,oak,vs,isotonic,age_group,common_support_linear,v1.5_common_support_robustness,5-fold subject-grouped cross-fitted isotonic ensemble,200,3,20-39|40-59|60+,2757|2949|2940,6338.06542857|5202.73285714|1538.5872619,21866.5166667|21755.5814286|17209.7389286,3101.1232142857143,20704.76785714287,6338.06542857143,17209.738928571427,10871.673499999995,101,6338.06542857143,17209.738928571427,6021,5559.857142857143,770.2245038472884,0.1385331464562557,1089.9508207876606,0.1960393572680085,intersection of eligible subgroup source P05-P95; equally spaced linear grid
daily_steps,oak,vs,isotonic,sex,original_grid_stage3,v1.4_original_grid_reference,full-resample subgroup isotonic; v1.4-compatible reference,100,2,male|female,4161|4485,3092.57857143|3108.20761905,21746.2|19727.1942857,3101.1232142857143,20704.76785714287,3108.20761904762,19727.194285714293,16618.98666666667,101,3101.1232142857143,20704.76785714287,7632,5559.857142857143,520.4553196371216,0.0936094770538773,1099.7639566098842,0.197804355103399,pooled source P05-P95; may extend beyond a subgroup's own support
daily_steps,oak,vs,isotonic,sex,common_support_pooled_empirical_quantile,v1.5_common_support_headline,5-fold subject-grouped cross-fitted isotonic ensemble,200,2,male|female,4161|4485,3092.57857143|3108.20761905,21746.2|19727.1942857,3101.1232142857143,20704.76785714287,3108.20761904762,19727.194285714293,16618.98666666667,101,3110.557142857143,19712.766666666663,7632,5559.857142857143,462.9695523446444,0.0832700446160618,1022.2017501641712,0.1838539595351678,intersection of eligible subgroup source P05-P95; pooled empirical-quantile grid
daily_steps,oak,vs,isotonic,sex,common_support_linear,v1.5_common_support_robustness,5-fold subject-grouped cross-fitted isotonic ensemble,200,2,male|female,4161|4485,3092.57857143|3108.20761905,21746.2|19727.1942857,3101.1232142857143,20704.76785714287,3108.20761904762,19727.194285714293,16618.98666666667,101,3108.20761904762,19727.194285714293,7632,5559.857142857143,448.86366307285425,0.0807329489840432,1022.2017501641712,0.1838539595351678,intersection of eligible subgroup source P05-P95; equally spaced linear grid
daily_steps,oak,vs,isotonic,bmi_group,original_grid_stage3,v1.4_original_grid_reference,full-resample subgroup isotonic; v1.4-compatible reference,100,3,<25|25-<30|>=30,2572|2741|3246,3632.98821429|3363.9|2971.38869048,21481.3603571|21312.2214286|19342.1309524,3101.1232142857143,20704.76785714287,3632.988214285715,19342.130952380947,15709.142738095232,101,3101.1232142857143,20704.76785714287,7376,5559.857142857143,708.5832001133713,0.1274462961739407,1041.443488284203,0.1873147927230767,pooled source P05-P95; may extend beyond a subgroup's own support
daily_steps,oak,vs,isotonic,bmi_group,common_support_pooled_empirical_quantile,v1.5_common_support_headline,5-fold subject-grouped cross-fitted isotonic ensemble,200,3,<25|25-<30|>=30,2572|2741|3246,3632.98821429|3363.9|2971.38869048,21481.3603571|21312.2214286|19342.1309524,3101.1232142857143,20704.76785714287,3632.988214285715,19342.130952380947,15709.142738095232,101,3648.157142857144,19335.907142857148,7376,5559.857142857143,640.354781254071,0.1151746825144144,797.9919939208976,0.1435274276689093,intersection of eligible subgroup source P05-P95; pooled empirical-quantile grid
daily_steps,oak,vs,isotonic,bmi_group,common_support_linear,v1.5_common_support_robustness,5-fold subject-grouped cross-fitted isotonic ensemble,200,3,<25|25-<30|>=30,2572|2741|3246,3632.98821429|3363.9|2971.38869048,21481.3603571|21312.2214286|19342.1309524,3101.1232142857143,20704.76785714287,3632.988214285715,19342.130952380947,15709.142738095232,101,3632.988214285715,19342.130952380947,7376,5559.857142857143,584.5869703130211,0.1051442429710719,743.1076244718442,0.1336558845628846,intersection of eligible subgroup source P05-P95; equally spaced linear grid
daily_steps,oak,vsrev,isotonic,age_group,original_grid_stage3,v1.4_original_grid_reference,full-resample subgroup isotonic; v1.4-compatible reference,100,3,20-39|40-59|60+,2757|2949|2940,6338.06542857|5202.73285714|1538.5872619,21866.5166667|21755.5814286|17209.7389286,3101.1232142857143,20704.76785714287,6338.06542857143,17209.738928571427,10871.673499999995,101,3101.1232142857143,20704.76785714287,6021,6301.767857142858,1011.1829831932793,0.1604602083282288,1476.2431972789163,0.2342585812020416,pooled source P05-P95; may extend beyond a subgroup's own support
daily_steps,oak,vsrev,isotonic,age_group,common_support_pooled_empirical_quantile,v1.5_common_support_headline,5-fold subject-grouped cross-fitted isotonic ensemble,200,3,20-39|40-59|60+,2757|2949|2940,6338.06542857|5202.73285714|1538.5872619,21866.5166667|21755.5814286|17209.7389286,3101.1232142857143,20704.76785714287,6338.06542857143,17209.738928571427,10871.673499999995,101,6338.928571428571,17208.850000000002,6021,6301.767857142858,790.758009114913,0.125481932537171,940.3306935397412,0.1492169681359978,intersection of eligible subgroup source P05-P95; pooled empirical-quantile grid
daily_steps,oak,vsrev,isotonic,age_group,common_support_linear,v1.5_common_support_robustness,5-fold subject-grouped cross-fitted isotonic ensemble,200,3,20-39|40-59|60+,2757|2949|2940,6338.06542857|5202.73285714|1538.5872619,21866.5166667|21755.5814286|17209.7389286,3101.1232142857143,20704.76785714287,6338.06542857143,17209.738928571427,10871.673499999995,101,6338.06542857143,17209.738928571427,6021,6301.767857142858,796.1785080877835,0.1263420878294239,960.089223440993,0.1523523628933366,intersection of eligible subgroup source P05-P95; equally spaced linear grid
daily_steps,oak,vsrev,isotonic,sex,original_grid_stage3,v1.4_original_grid_reference,full-resample subgroup isotonic; v1.4-compatible reference,100,2,male|female,4161|4485,3092.57857143|3108.20761905,21746.2|19727.1942857,3101.1232142857143,20704.76785714287,3108.20761904762,19727.194285714293,16618.98666666667,101,3101.1232142857143,20704.76785714287,7632,6301.767857142858,585.4400105708228,0.0929009166701126,753.7021189336992,0.1196016952733987,pooled source P05-P95; may extend beyond a subgroup's own support
daily_steps,oak,vsrev,isotonic,sex,common_support_pooled_empirical_quantile,v1.5_common_support_headline,5-fold subject-grouped cross-fitted isotonic ensemble,200,2,male|female,4161|4485,3092.57857143|3108.20761905,21746.2|19727.1942857,3101.1232142857143,20704.76785714287,3108.20761904762,19727.194285714293,16618.98666666667,101,3110.557142857143,19712.766666666663,7632,6301.767857142858,483.3006096744912,0.0766928615319723,650.3534237337772,0.1032017425073222,intersection of eligible subgroup source P05-P95; pooled empirical-quantile grid
daily_steps,oak,vsrev,isotonic,sex,common_support_linear,v1.5_common_support_robustness,5-fold subject-grouped cross-fitted isotonic ensemble,200,2,male|female,4161|4485,3092.57857143|3108.20761905,21746.2|19727.1942857,3101.1232142857143,20704.76785714287,3108.20761904762,19727.194285714293,16618.98666666667,101,3108.20761904762,19727.194285714293,7632,6301.767857142858,511.6246967674215,0.0811874871251423,652.0471065103238,0.1034705056250602,intersection of eligible subgroup source P05-P95; equally spaced linear grid
daily_steps,oak,vsrev,isotonic,bmi_group,original_grid_stage3,v1.4_original_grid_reference,full-resample subgroup isotonic; v1.4-compatible reference,100,3,<25|25-<30|>=30,2572|2741|3246,3632.98821429|3363.9|2971.38869048,21481.3603571|21312.2214286|19342.1309524,3101.1232142857143,20704.76785714287,3632.988214285715,19342.130952380947,15709.142738095232,101,3101.1232142857143,20704.76785714287,7376,6301.767857142858,944.9185689865736,0.149944998039802,1072.276959011453,0.1701549443456665,pooled source P05-P95; may extend beyond a subgroup's own support
daily_steps,oak,vsrev,isotonic,bmi_group,common_support_pooled_empirical_quantile,v1.5_common_support_headline,5-fold subject-grouped cross-fitted isotonic ensemble,200,3,<25|25-<30|>=30,2572|2741|3246,3632.98821429|3363.9|2971.38869048,21481.3603571|21312.2214286|19342.1309524,3101.1232142857143,20704.76785714287,3632.988214285715,19342.130952380947,15709.142738095232,101,3648.157142857144,19335.907142857148,7376,6301.767857142858,834.7099172466424,0.1324564687511496,1067.0334063688642,0.1693228678932397,intersection of eligible subgroup source P05-P95; pooled empirical-quantile grid
daily_steps,oak,vsrev,isotonic,bmi_group,common_support_linear,v1.5_common_support_robustness,5-fold subject-grouped cross-fitted isotonic ensemble,200,3,<25|25-<30|>=30,2572|2741|3246,3632.98821429|3363.9|2971.38869048,21481.3603571|21312.2214286|19342.1309524,3101.1232142857143,20704.76785714287,3632.988214285715,19342.130952380947,15709.142738095232,101,3632.988214285715,19342.130952380947,7376,6301.767857142858,846.8482568630861,0.1343826488154764,998.9271133939474,0.1585153779128335,intersection of eligible subgroup source P05-P95; equally spaced linear grid
daily_steps,scrf,acti,isotonic,age_group,original_grid_stage3,v1.4_original_grid_reference,full-resample subgroup isotonic; v1.4-compatible reference,100,3,20-39|40-59|60+,2757|2949|2940,5517.94285714|4415.93333333|773.857142857,23419.3714286|23334.7428571|17732.3928571,2237.285714285714,22023.285714285714,5517.942857142857,17732.392857142848,12214.44999999999,101,2237.285714285714,22023.285714285714,6104,5482.084523809524,922.4075396825356,0.1682585402826935,1086.7015988037729,0.1982278080690042,pooled source P05-P95; may extend beyond a subgroup's own support
daily_steps,scrf,acti,isotonic,age_group,common_support_pooled_empirical_quantile,v1.5_common_support_headline,5-fold subject-grouped cross-fitted isotonic ensemble,200,3,20-39|40-59|60+,2757|2949|2940,5517.94285714|4415.93333333|773.857142857,23419.3714286|23334.7428571|17732.3928571,2237.285714285714,22023.285714285714,5517.942857142857,17732.392857142848,12214.44999999999,101,5518.571428571428,17730.85714285714,6104,5482.084523809524,832.785994126707,0.1519104622538728,1060.7135031303096,0.1934872580901425,intersection of eligible subgroup source P05-P95; pooled empirical-quantile grid
daily_steps,scrf,acti,isotonic,age_group,common_support_linear,v1.5_common_support_robustness,5-fold subject-grouped cross-fitted isotonic ensemble,200,3,20-39|40-59|60+,2757|2949|2940,5517.94285714|4415.93333333|773.857142857,23419.3714286|23334.7428571|17732.3928571,2237.285714285714,22023.285714285714,5517.942857142857,17732.392857142848,12214.44999999999,101,5517.942857142857,17732.392857142848,6104,5482.084523809524,852.7477130594052,0.1555517266024981,1121.252644386026,0.2045303459872345,intersection of eligible subgroup source P05-P95; equally spaced linear grid
daily_steps,scrf,acti,isotonic,sex,original_grid_stage3,v1.4_original_grid_reference,full-resample subgroup isotonic; v1.4-compatible reference,100,2,male|female,4161|4485,2535.2|2019.65714286,23588.4285714|20473.7714286,2237.285714285714,22023.285714285714,2535.2,20473.771428571432,17938.57142857143,101,2237.285714285714,22023.285714285714,7538,5482.084523809524,813.7083680874648,0.1484304673803196,1254.971052654665,0.2289222370074987,pooled source P05-P95; may extend beyond a subgroup's own support
daily_steps,scrf,acti,isotonic,sex,common_support_pooled_empirical_quantile,v1.5_common_support_headline,5-fold subject-grouped cross-fitted isotonic ensemble,200,2,male|female,4161|4485,2535.2|2019.65714286,23588.4285714|20473.7714286,2237.285714285714,22023.285714285714,2535.2,20473.771428571432,17938.57142857143,101,2535.2,20471.0,7538,5482.084523809524,751.8216155593836,0.1371415585247014,1005.6075129304918,0.183435244123469,intersection of eligible subgroup source P05-P95; pooled empirical-quantile grid
daily_steps,scrf,acti,isotonic,sex,common_support_linear,v1.5_common_support_robustness,5-fold subject-grouped cross-fitted isotonic ensemble,200,2,male|female,4161|4485,2535.2|2019.65714286,23588.4285714|20473.7714286,2237.285714285714,22023.285714285714,2535.2,20473.771428571432,17938.57142857143,101,2535.2,20473.771428571432,7538,5482.084523809524,789.6163595152966,0.1440357871327727,1185.0898463904325,0.2161750409435329,intersection of eligible subgroup source P05-P95; equally spaced linear grid
daily_steps,scrf,acti,isotonic,bmi_group,original_grid_stage3,v1.4_original_grid_reference,full-resample subgroup isotonic; v1.4-compatible reference,100,3,<25|25-<30|>=30,2572|2741|3246,2836.14761905|2880.42857143|2048.44642857,23160.9785714|22858.2857143|20504.9285714,2237.285714285714,22023.285714285714,2880.4285714285716,20504.928571428572,17624.5,101,2237.285714285714,22023.285714285714,7418,5482.084523809524,735.1533226253459,0.134101055799571,1079.2193285525736,0.1968629494611694,pooled source P05-P95; may extend beyond a subgroup's own support
daily_steps,scrf,acti,isotonic,bmi_group,common_support_pooled_empirical_quantile,v1.5_common_support_headline,5-fold subject-grouped cross-fitted isotonic ensemble,200,3,<25|25-<30|>=30,2572|2741|3246,2836.14761905|2880.42857143|2048.44642857,23160.9785714|22858.2857143|20504.9285714,2237.285714285714,22023.285714285714,2880.4285714285716,20504.928571428572,17624.5,101,2880.4285714285716,20499.428571428572,7418,5482.084523809524,586.3949793635002,0.1069656946763038,793.5115851541232,0.1447463244515443,intersection of eligible subgroup source P05-P95; pooled empirical-quantile grid
daily_steps,scrf,acti,isotonic,bmi_group,common_support_linear,v1.5_common_support_robustness,5-fold subject-grouped cross-fitted isotonic ensemble,200,3,<25|25-<30|>=30,2572|2741|3246,2836.14761905|2880.42857143|2048.44642857,23160.9785714|22858.2857143|20504.9285714,2237.285714285714,22023.285714285714,2880.4285714285716,20504.928571428572,17624.5,101,2880.4285714285716,20504.928571428572,7418,5482.084523809524,607.7517525089916,0.1108614341623945,1067.8144201028929,0.1947825531447413,intersection of eligible subgroup source P05-P95; equally spaced linear grid
daily_steps,scrf,adept,isotonic,age_group,original_grid_stage3,v1.4_original_grid_reference,full-resample subgroup isotonic; v1.4-compatible reference,100,3,20-39|40-59|60+,2757|2949|2940,5517.94285714|4415.93333333|773.857142857,23419.3714286|23334.7428571|17732.3928571,2237.285714285714,22023.285714285714,5517.942857142857,17732.392857142848,12214.44999999999,101,2237.285714285714,22023.285714285714,6104,1919.4027944454592,717.714833856714,0.3739261169847734,776.5477345287545,0.4045777867865975,pooled source P05-P95; may extend beyond a subgroup's own support
daily_steps,scrf,adept,isotonic,age_group,common_support_pooled_empirical_quantile,v1.5_common_support_headline,5-fold subject-grouped cross-fitted isotonic ensemble,200,3,20-39|40-59|60+,2757|2949|2940,5517.94285714|4415.93333333|773.857142857,23419.3714286|23334.7428571|17732.3928571,2237.285714285714,22023.285714285714,5517.942857142857,17732.392857142848,12214.44999999999,101,5518.571428571428,17730.85714285714,6104,1919.4027944454592,389.3670670732704,0.2028584454498325,462.43998780029233,0.2409290999984697,intersection of eligible subgroup source P05-P95; pooled empirical-quantile grid
daily_steps,scrf,adept,isotonic,age_group,common_support_linear,v1.5_common_support_robustness,5-fold subject-grouped cross-fitted isotonic ensemble,200,3,20-39|40-59|60+,2757|2949|2940,5517.94285714|4415.93333333|773.857142857,23419.3714286|23334.7428571|17732.3928571,2237.285714285714,22023.285714285714,5517.942857142857,17732.392857142848,12214.44999999999,101,5517.942857142857,17732.392857142848,6104,1919.4027944454592,397.02909975132616,0.2068503291233527,561.3748971592458,0.2924737313000705,intersection of eligible subgroup source P05-P95; equally spaced linear grid
daily_steps,scrf,adept,isotonic,sex,original_grid_stage3,v1.4_original_grid_reference,full-resample subgroup isotonic; v1.4-compatible reference,100,2,male|female,4161|4485,2535.2|2019.65714286,23588.4285714|20473.7714286,2237.285714285714,22023.285714285714,2535.2,20473.771428571432,17938.57142857143,101,2237.285714285714,22023.285714285714,7538,1919.4027944454592,573.1730732040141,0.298620526583953,760.8639447147284,0.3964066046567114,pooled source P05-P95; may extend beyond a subgroup's own support
daily_steps,scrf,adept,isotonic,sex,common_support_pooled_empirical_quantile,v1.5_common_support_headline,5-fold subject-grouped cross-fitted isotonic ensemble,200,2,male|female,4161|4485,2535.2|2019.65714286,23588.4285714|20473.7714286,2237.285714285714,22023.285714285714,2535.2,20473.771428571432,17938.57142857143,101,2535.2,20471.0,7538,1919.4027944454592,488.7535198069468,0.2546383287662942,666.2727056436106,0.3471250055338726,intersection of eligible subgroup source P05-P95; pooled empirical-quantile grid
daily_steps,scrf,adept,isotonic,sex,common_support_linear,v1.5_common_support_robustness,5-fold subject-grouped cross-fitted isotonic ensemble,200,2,male|female,4161|4485,2535.2|2019.65714286,23588.4285714|20473.7714286,2237.285714285714,22023.285714285714,2535.2,20473.771428571432,17938.57142857143,101,2535.2,20473.771428571432,7538,1919.4027944454592,549.297043265592,0.2861812251473204,664.256991375561,0.346074827700495,intersection of eligible subgroup source P05-P95; equally spaced linear grid
daily_steps,scrf,adept,isotonic,bmi_group,original_grid_stage3,v1.4_original_grid_reference,full-resample subgroup isotonic; v1.4-compatible reference,100,3,<25|25-<30|>=30,2572|2741|3246,2836.14761905|2880.42857143|2048.44642857,23160.9785714|22858.2857143|20504.9285714,2237.285714285714,22023.285714285714,2880.4285714285716,20504.928571428572,17624.5,101,2237.285714285714,22023.285714285714,7418,1919.4027944454592,639.3399947463768,0.3330931874208771,812.8360646393899,0.4234838393440126,pooled source P05-P95; may extend beyond a subgroup's own support
daily_steps,scrf,adept,isotonic,bmi_group,common_support_pooled_empirical_quantile,v1.5_common_support_headline,5-fold subject-grouped cross-fitted isotonic ensemble,200,3,<25|25-<30|>=30,2572|2741|3246,2836.14761905|2880.42857143|2048.44642857,23160.9785714|22858.2857143|20504.9285714,2237.285714285714,22023.285714285714,2880.4285714285716,20504.928571428572,17624.5,101,2880.4285714285716,20499.428571428572,7418,1919.4027944454592,615.381973056385,0.3206111686599773,778.176677534258,0.4054264585767071,intersection of eligible subgroup source P05-P95; pooled empirical-quantile grid
daily_steps,scrf,adept,isotonic,bmi_group,common_support_linear,v1.5_common_support_robustness,5-fold subject-grouped cross-fitted isotonic ensemble,200,3,<25|25-<30|>=30,2572|2741|3246,2836.14761905|2880.42857143|2048.44642857,23160.9785714|22858.2857143|20504.9285714,2237.285714285714,22023.285714285714,2880.4285714285716,20504.928571428572,17624.5,101,2880.4285714285716,20504.928571428572,7418,1919.4027944454592,632.1281115601087,0.3293358295556398,784.4139807508222,0.4086760647743298,intersection of eligible subgroup source P05-P95; equally spaced linear grid
daily_steps,scrf,oak,isotonic,age_group,original_grid_stage3,v1.4_original_grid_reference,full-resample subgroup isotonic; v1.4-compatible reference,100,3,20-39|40-59|60+,2757|2949|2940,5517.94285714|4415.93333333|773.857142857,23419.3714286|23334.7428571|17732.3928571,2237.285714285714,22023.285714285714,5517.942857142857,17732.392857142848,12214.44999999999,101,2237.285714285714,22023.285714285714,6104,6887.578571428576,990.8858076187462,0.1438656266992281,1312.9790257867226,0.1906299887791179,pooled source P05-P95; may extend beyond a subgroup's own support
daily_steps,scrf,oak,isotonic,age_group,common_support_pooled_empirical_quantile,v1.5_common_support_headline,5-fold subject-grouped cross-fitted isotonic ensemble,200,3,20-39|40-59|60+,2757|2949|2940,5517.94285714|4415.93333333|773.857142857,23419.3714286|23334.7428571|17732.3928571,2237.285714285714,22023.285714285714,5517.942857142857,17732.392857142848,12214.44999999999,101,5518.571428571428,17730.85714285714,6104,6887.578571428576,908.0012487049516,0.1318317082394633,1285.4975145659173,0.1866399782208637,intersection of eligible subgroup source P05-P95; pooled empirical-quantile grid
daily_steps,scrf,oak,isotonic,age_group,common_support_linear,v1.5_common_support_robustness,5-fold subject-grouped cross-fitted isotonic ensemble,200,3,20-39|40-59|60+,2757|2949|2940,5517.94285714|4415.93333333|773.857142857,23419.3714286|23334.7428571|17732.3928571,2237.285714285714,22023.285714285714,5517.942857142857,17732.392857142848,12214.44999999999,101,5517.942857142857,17732.392857142848,6104,6887.578571428576,938.0477552290886,0.136194127660532,1285.4975145659173,0.1866399782208637,intersection of eligible subgroup source P05-P95; equally spaced linear grid
daily_steps,scrf,oak,isotonic,sex,original_grid_stage3,v1.4_original_grid_reference,full-resample subgroup isotonic; v1.4-compatible reference,100,2,male|female,4161|4485,2535.2|2019.65714286,23588.4285714|20473.7714286,2237.285714285714,22023.285714285714,2535.2,20473.771428571432,17938.57142857143,101,2237.285714285714,22023.285714285714,7538,6887.578571428576,913.1349623236764,0.1325770665051419,1269.327656033288,0.1842922941451123,pooled source P05-P95; may extend beyond a subgroup's own support
daily_steps,scrf,oak,isotonic,sex,common_support_pooled_empirical_quantile,v1.5_common_support_headline,5-fold subject-grouped cross-fitted isotonic ensemble,200,2,male|female,4161|4485,2535.2|2019.65714286,23588.4285714|20473.7714286,2237.285714285714,22023.285714285714,2535.2,20473.771428571432,17938.57142857143,101,2535.2,20471.0,7538,6887.578571428576,871.6318688299443,0.1265512777517623,1182.0885185709694,0.1716261391883894,intersection of eligible subgroup source P05-P95; pooled empirical-quantile grid
daily_steps,scrf,oak,isotonic,sex,common_support_linear,v1.5_common_support_robustness,5-fold subject-grouped cross-fitted isotonic ensemble,200,2,male|female,4161|4485,2535.2|2019.65714286,23588.4285714|20473.7714286,2237.285714285714,22023.285714285714,2535.2,20473.771428571432,17938.57142857143,101,2535.2,20473.771428571432,7538,6887.578571428576,879.8937164330946,0.1277508063694717,1203.8726945466933,0.1747889598734543,intersection of eligible subgroup source P05-P95; equally spaced linear grid
daily_steps,scrf,oak,isotonic,bmi_group,original_grid_stage3,v1.4_original_grid_reference,full-resample subgroup isotonic; v1.4-compatible reference,100,3,<25|25-<30|>=30,2572|2741|3246,2836.14761905|2880.42857143|2048.44642857,23160.9785714|22858.2857143|20504.9285714,2237.285714285714,22023.285714285714,2880.4285714285716,20504.928571428572,17624.5,101,2237.285714285714,22023.285714285714,7418,6887.578571428576,1009.825333333334,0.1466154357240069,1415.714465500485,0.2055460349117798,pooled source P05-P95; may extend beyond a subgroup's own support
daily_steps,scrf,oak,isotonic,bmi_group,common_support_pooled_empirical_quantile,v1.5_common_support_headline,5-fold subject-grouped cross-fitted isotonic ensemble,200,3,<25|25-<30|>=30,2572|2741|3246,2836.14761905|2880.42857143|2048.44642857,23160.9785714|22858.2857143|20504.9285714,2237.285714285714,22023.285714285714,2880.4285714285716,20504.928571428572,17624.5,101,2880.4285714285716,20499.428571428572,7418,6887.578571428576,745.3946160322994,0.108223029080842,1019.9050919283728,0.1480789048504213,intersection of eligible subgroup source P05-P95; pooled empirical-quantile grid
daily_steps,scrf,oak,isotonic,bmi_group,common_support_linear,v1.5_common_support_robustness,5-fold subject-grouped cross-fitted isotonic ensemble,200,3,<25|25-<30|>=30,2572|2741|3246,2836.14761905|2880.42857143|2048.44642857,23160.9785714|22858.2857143|20504.9285714,2237.285714285714,22023.285714285714,2880.4285714285716,20504.928571428572,17624.5,101,2880.4285714285716,20504.928571428572,7418,6887.578571428576,847.5372555520698,0.1230530072016702,1186.4700005078005,0.1722622817588722,intersection of eligible subgroup source P05-P95; equally spaced linear grid
daily_steps,scrf,scssl,isotonic,age_group,original_grid_stage3,v1.4_original_grid_reference,full-resample subgroup isotonic; v1.4-compatible reference,100,3,20-39|40-59|60+,2757|2949|2940,5517.94285714|4415.93333333|773.857142857,23419.3714286|23334.7428571|17732.3928571,2237.285714285714,22023.285714285714,5517.942857142857,17732.392857142848,12214.44999999999,101,2237.285714285714,22023.285714285714,6104,5813.0,2110.6091666666653,0.3630843224955557,2379.5603061224465,0.409351506300094,pooled source P05-P95; may extend beyond a subgroup's own support
daily_steps,scrf,scssl,isotonic,age_group,common_support_pooled_empirical_quantile,v1.5_common_support_headline,5-fold subject-grouped cross-fitted isotonic ensemble,200,3,20-39|40-59|60+,2757|2949|2940,5517.94285714|4415.93333333|773.857142857,23419.3714286|23334.7428571|17732.3928571,2237.285714285714,22023.285714285714,5517.942857142857,17732.392857142848,12214.44999999999,101,5518.571428571428,17730.85714285714,6104,5813.0,1585.3522521092054,0.2727253143143309,1739.371167354533,0.2992209130147141,intersection of eligible subgroup source P05-P95; pooled empirical-quantile grid
daily_steps,scrf,scssl,isotonic,age_group,common_support_linear,v1.5_common_support_robustness,5-fold subject-grouped cross-fitted isotonic ensemble,200,3,20-39|40-59|60+,2757|2949|2940,5517.94285714|4415.93333333|773.857142857,23419.3714286|23334.7428571|17732.3928571,2237.285714285714,22023.285714285714,5517.942857142857,17732.392857142848,12214.44999999999,101,5517.942857142857,17732.392857142848,6104,5813.0,1585.3522521092054,0.2727253143143309,1739.371167354533,0.2992209130147141,intersection of eligible subgroup source P05-P95; equally spaced linear grid
daily_steps,scrf,scssl,isotonic,sex,original_grid_stage3,v1.4_original_grid_reference,full-resample subgroup isotonic; v1.4-compatible reference,100,2,male|female,4161|4485,2535.2|2019.65714286,23588.4285714|20473.7714286,2237.285714285714,22023.285714285714,2535.2,20473.771428571432,17938.57142857143,101,2237.285714285714,22023.285714285714,7538,5813.0,1781.0004793079245,0.3063823291429424,1883.0410998877687,0.3239361947166297,pooled source P05-P95; may extend beyond a subgroup's own support
daily_steps,scrf,scssl,isotonic,sex,common_support_pooled_empirical_quantile,v1.5_common_support_headline,5-fold subject-grouped cross-fitted isotonic ensemble,200,2,male|female,4161|4485,2535.2|2019.65714286,23588.4285714|20473.7714286,2237.285714285714,22023.285714285714,2535.2,20473.771428571432,17938.57142857143,101,2535.2,20471.0,7538,5813.0,1028.9306876438295,0.1770051071123051,1877.6256696906785,0.3230045879392187,intersection of eligible subgroup source P05-P95; pooled empirical-quantile grid
daily_steps,scrf,scssl,isotonic,sex,common_support_linear,v1.5_common_support_robustness,5-fold subject-grouped cross-fitted isotonic ensemble,200,2,male|female,4161|4485,2535.2|2019.65714286,23588.4285714|20473.7714286,2237.285714285714,22023.285714285714,2535.2,20473.771428571432,17938.57142857143,101,2535.2,20473.771428571432,7538,5813.0,1523.7805476209178,0.2621332440428209,1877.6256696906785,0.3230045879392187,intersection of eligible subgroup source P05-P95; equally spaced linear grid
daily_steps,scrf,scssl,isotonic,bmi_group,original_grid_stage3,v1.4_original_grid_reference,full-resample subgroup isotonic; v1.4-compatible reference,100,3,<25|25-<30|>=30,2572|2741|3246,2836.14761905|2880.42857143|2048.44642857,23160.9785714|22858.2857143|20504.9285714,2237.285714285714,22023.285714285714,2880.4285714285716,20504.928571428572,17624.5,101,2237.285714285714,22023.285714285714,7418,5813.0,1199.2026694288852,0.2062966917992233,1487.5837495524538,0.2559063735682872,pooled source P05-P95; may extend beyond a subgroup's own support
daily_steps,scrf,scssl,isotonic,bmi_group,common_support_pooled_empirical_quantile,v1.5_common_support_headline,5-fold subject-grouped cross-fitted isotonic ensemble,200,3,<25|25-<30|>=30,2572|2741|3246,2836.14761905|2880.42857143|2048.44642857,23160.9785714|22858.2857143|20504.9285714,2237.285714285714,22023.285714285714,2880.4285714285716,20504.928571428572,17624.5,101,2880.4285714285716,20499.428571428572,7418,5813.0,1045.4870746546758,0.1798532727773397,1159.5529262963246,0.1994758173570144,intersection of eligible subgroup source P05-P95; pooled empirical-quantile grid
daily_steps,scrf,scssl,isotonic,bmi_group,common_support_linear,v1.5_common_support_robustness,5-fold subject-grouped cross-fitted isotonic ensemble,200,3,<25|25-<30|>=30,2572|2741|3246,2836.14761905|2880.42857143|2048.44642857,23160.9785714|22858.2857143|20504.9285714,2237.285714285714,22023.285714285714,2880.4285714285716,20504.928571428572,17624.5,101,2880.4285714285716,20504.928571428572,7418,5813.0,1075.948445683665,0.1850934879896207,1154.1526182172129,0.1985468120105303,intersection of eligible subgroup source P05-P95; equally spaced linear grid
daily_steps,scrf,vs,isotonic,age_group,original_grid_stage3,v1.4_original_grid_reference,full-resample subgroup isotonic; v1.4-compatible reference,100,3,20-39|40-59|60+,2757|2949|2940,5517.94285714|4415.93333333|773.857142857,23419.3714286|23334.7428571|17732.3928571,2237.285714285714,22023.285714285714,5517.942857142857,17732.392857142848,12214.44999999999,101,2237.285714285714,22023.285714285714,6104,5559.857142857143,852.9111152343812,0.1534052212708617,1308.5791166321596,0.235362003556749,pooled source P05-P95; may extend beyond a subgroup's own support
daily_steps,scrf,vs,isotonic,age_group,common_support_pooled_empirical_quantile,v1.5_common_support_headline,5-fold subject-grouped cross-fitted isotonic ensemble,200,3,20-39|40-59|60+,2757|2949|2940,5517.94285714|4415.93333333|773.857142857,23419.3714286|23334.7428571|17732.3928571,2237.285714285714,22023.285714285714,5517.942857142857,17732.392857142848,12214.44999999999,101,5518.571428571428,17730.85714285714,6104,5559.857142857143,468.9996109947897,0.0843546154054196,691.6742005360757,0.12440503105816,intersection of eligible subgroup source P05-P95; pooled empirical-quantile grid
daily_steps,scrf,vs,isotonic,age_group,common_support_linear,v1.5_common_support_robustness,5-fold subject-grouped cross-fitted isotonic ensemble,200,3,20-39|40-59|60+,2757|2949|2940,5517.94285714|4415.93333333|773.857142857,23419.3714286|23334.7428571|17732.3928571,2237.285714285714,22023.285714285714,5517.942857142857,17732.392857142848,12214.44999999999,101,5517.942857142857,17732.392857142848,6104,5559.857142857143,691.6742005360757,0.12440503105816,899.3798905927288,0.1617631294264781,intersection of eligible subgroup source P05-P95; equally spaced linear grid
daily_steps,scrf,vs,isotonic,sex,original_grid_stage3,v1.4_original_grid_reference,full-resample subgroup isotonic; v1.4-compatible reference,100,2,male|female,4161|4485,2535.2|2019.65714286,23588.4285714|20473.7714286,2237.285714285714,22023.285714285714,2535.2,20473.771428571432,17938.57142857143,101,2237.285714285714,22023.285714285714,7538,5559.857142857143,817.2450386904766,0.1469902944791319,967.0102917401532,0.1739271831799653,pooled source P05-P95; may extend beyond a subgroup's own support
daily_steps,scrf,vs,isotonic,sex,common_support_pooled_empirical_quantile,v1.5_common_support_headline,5-fold subject-grouped cross-fitted isotonic ensemble,200,2,male|female,4161|4485,2535.2|2019.65714286,23588.4285714|20473.7714286,2237.285714285714,22023.285714285714,2535.2,20473.771428571432,17938.57142857143,101,2535.2,20471.0,7538,5559.857142857143,654.0492266849906,0.1176377755542263,906.1154140879552,0.1629745856423774,intersection of eligible subgroup source P05-P95; pooled empirical-quantile grid
daily_steps,scrf,vs,isotonic,sex,common_support_linear,v1.5_common_support_robustness,5-fold subject-grouped cross-fitted isotonic ensemble,200,2,male|female,4161|4485,2535.2|2019.65714286,23588.4285714|20473.7714286,2237.285714285714,22023.285714285714,2535.2,20473.771428571432,17938.57142857143,101,2535.2,20473.771428571432,7538,5559.857142857143,681.1873079010375,0.1225188508262612,906.1154140879552,0.1629745856423774,intersection of eligible subgroup source P05-P95; equally spaced linear grid
daily_steps,scrf,vs,isotonic,bmi_group,original_grid_stage3,v1.4_original_grid_reference,full-resample subgroup isotonic; v1.4-compatible reference,100,3,<25|25-<30|>=30,2572|2741|3246,2836.14761905|2880.42857143|2048.44642857,23160.9785714|22858.2857143|20504.9285714,2237.285714285714,22023.285714285714,2880.4285714285716,20504.928571428572,17624.5,101,2237.285714285714,22023.285714285714,7418,5559.857142857143,989.5059442083456,0.1779732677987209,1059.0883699633705,0.1904884141356045,pooled source P05-P95; may extend beyond a subgroup's own support
daily_steps,scrf,vs,isotonic,bmi_group,common_support_pooled_empirical_quantile,v1.5_common_support_headline,5-fold subject-grouped cross-fitted isotonic ensemble,200,3,<25|25-<30|>=30,2572|2741|3246,2836.14761905|2880.42857143|2048.44642857,23160.9785714|22858.2857143|20504.9285714,2237.285714285714,22023.285714285714,2880.4285714285716,20504.928571428572,17624.5,101,2880.4285714285716,20499.428571428572,7418,5559.857142857143,837.88427140553,0.150702482074018,1102.6672034774092,0.1983265352229467,intersection of eligible subgroup source P05-P95; pooled empirical-quantile grid
daily_steps,scrf,vs,isotonic,bmi_group,common_support_linear,v1.5_common_support_robustness,5-fold subject-grouped cross-fitted isotonic ensemble,200,3,<25|25-<30|>=30,2572|2741|3246,2836.14761905|2880.42857143|2048.44642857,23160.9785714|22858.2857143|20504.9285714,2237.285714285714,22023.285714285714,2880.4285714285716,20504.928571428572,17624.5,101,2880.4285714285716,20504.928571428572,7418,5559.857142857143,969.5927223883664,0.1743916610580581,1102.6672034774092,0.1983265352229467,intersection of eligible subgroup source P05-P95; equally spaced linear grid
daily_steps,scrf,vsrev,isotonic,age_group,original_grid_stage3,v1.4_original_grid_reference,full-resample subgroup isotonic; v1.4-compatible reference,100,3,20-39|40-59|60+,2757|2949|2940,5517.94285714|4415.93333333|773.857142857,23419.3714286|23334.7428571|17732.3928571,2237.285714285714,22023.285714285714,5517.942857142857,17732.392857142848,12214.44999999999,101,2237.285714285714,22023.285714285714,6104,6301.767857142858,1210.8733428172072,0.1921481987700832,1490.74693758359,0.236560116363835,pooled source P05-P95; may extend beyond a subgroup's own support
daily_steps,scrf,vsrev,isotonic,age_group,common_support_pooled_empirical_quantile,v1.5_common_support_headline,5-fold subject-grouped cross-fitted isotonic ensemble,200,3,20-39|40-59|60+,2757|2949|2940,5517.94285714|4415.93333333|773.857142857,23419.3714286|23334.7428571|17732.3928571,2237.285714285714,22023.285714285714,5517.942857142857,17732.392857142848,12214.44999999999,101,5518.571428571428,17730.85714285714,6104,6301.767857142858,1207.6470022973244,0.1916362248933835,1445.8995786293765,0.2294434849723152,intersection of eligible subgroup source P05-P95; pooled empirical-quantile grid
daily_steps,scrf,vsrev,isotonic,age_group,common_support_linear,v1.5_common_support_robustness,5-fold subject-grouped cross-fitted isotonic ensemble,200,3,20-39|40-59|60+,2757|2949|2940,5517.94285714|4415.93333333|773.857142857,23419.3714286|23334.7428571|17732.3928571,2237.285714285714,22023.285714285714,5517.942857142857,17732.392857142848,12214.44999999999,101,5517.942857142857,17732.392857142848,6104,6301.767857142858,1279.0626614096072,0.2029688637228725,1445.8995786293765,0.2294434849723152,intersection of eligible subgroup source P05-P95; equally spaced linear grid
daily_steps,scrf,vsrev,isotonic,sex,original_grid_stage3,v1.4_original_grid_reference,full-resample subgroup isotonic; v1.4-compatible reference,100,2,male|female,4161|4485,2535.2|2019.65714286,23588.4285714|20473.7714286,2237.285714285714,22023.285714285714,2535.2,20473.771428571432,17938.57142857143,101,2237.285714285714,22023.285714285714,7538,6301.767857142858,697.0591917674647,0.1106132767136716,1043.2678571428587,0.1655516167515353,pooled source P05-P95; may extend beyond a subgroup's own support
daily_steps,scrf,vsrev,isotonic,sex,common_support_pooled_empirical_quantile,v1.5_common_support_headline,5-fold subject-grouped cross-fitted isotonic ensemble,200,2,male|female,4161|4485,2535.2|2019.65714286,23588.4285714|20473.7714286,2237.285714285714,22023.285714285714,2535.2,20473.771428571432,17938.57142857143,101,2535.2,20471.0,7538,6301.767857142858,645.3620875416073,0.1024096891811254,867.3999540169079,0.1376439078176669,intersection of eligible subgroup source P05-P95; pooled empirical-quantile grid
daily_steps,scrf,vsrev,isotonic,sex,common_support_linear,v1.5_common_support_robustness,5-fold subject-grouped cross-fitted isotonic ensemble,200,2,male|female,4161|4485,2535.2|2019.65714286,23588.4285714|20473.7714286,2237.285714285714,22023.285714285714,2535.2,20473.771428571432,17938.57142857143,101,2535.2,20473.771428571432,7538,6301.767857142858,655.503421120171,0.1040189730850174,867.3999540169079,0.1376439078176669,intersection of eligible subgroup source P05-P95; equally spaced linear grid
daily_steps,scrf,vsrev,isotonic,bmi_group,original_grid_stage3,v1.4_original_grid_reference,full-resample subgroup isotonic; v1.4-compatible reference,100,3,<25|25-<30|>=30,2572|2741|3246,2836.14761905|2880.42857143|2048.44642857,23160.9785714|22858.2857143|20504.9285714,2237.285714285714,22023.285714285714,2880.4285714285716,20504.928571428572,17624.5,101,2237.285714285714,22023.285714285714,7418,6301.767857142858,1117.357689742561,0.1773086084845335,1473.4801132011034,0.2338201194655178,pooled source P05-P95; may extend beyond a subgroup's own support
daily_steps,scrf,vsrev,isotonic,bmi_group,common_support_pooled_empirical_quantile,v1.5_common_support_headline,5-fold subject-grouped cross-fitted isotonic ensemble,200,3,<25|25-<30|>=30,2572|2741|3246,2836.14761905|2880.42857143|2048.44642857,23160.9785714|22858.2857143|20504.9285714,2237.285714285714,22023.285714285714,2880.4285714285716,20504.928571428572,17624.5,101,2880.4285714285716,20499.428571428572,7418,6301.767857142858,952.9868807400871,0.1512253231702126,1197.719033947089,0.1900607989850835,intersection of eligible subgroup source P05-P95; pooled empirical-quantile grid
daily_steps,scrf,vsrev,isotonic,bmi_group,common_support_linear,v1.5_common_support_robustness,5-fold subject-grouped cross-fitted isotonic ensemble,200,3,<25|25-<30|>=30,2572|2741|3246,2836.14761905|2880.42857143|2048.44642857,23160.9785714|22858.2857143|20504.9285714,2237.285714285714,22023.285714285714,2880.4285714285716,20504.928571428572,17624.5,101,2880.4285714285716,20504.928571428572,7418,6301.767857142858,1018.6331043712216,0.1616424354979425,1248.993994559616,0.1981973983925669,intersection of eligible subgroup source P05-P95; equally spaced linear grid
daily_steps,scssl,acti,isotonic,age_group,original_grid_stage3,v1.4_original_grid_reference,full-resample subgroup isotonic; v1.4-compatible reference,100,3,20-39|40-59|60+,2757|2949|2940,3659|3174.2|445.2,17360.7142857|18140.9714286|14868.0428571,1899.642857142857,17019.75,3659.000000000001,14868.042857142857,11209.042857142857,101,1899.642857142857,17019.75,6802,5482.084523809524,1963.1071946533011,0.3580950250086858,1963.1071946533011,0.3580950250086858,pooled source P05-P95; may extend beyond a subgroup's own support
daily_steps,scssl,acti,isotonic,age_group,common_support_pooled_empirical_quantile,v1.5_common_support_headline,5-fold subject-grouped cross-fitted isotonic ensemble,200,3,20-39|40-59|60+,2757|2949|2940,3659|3174.2|445.2,17360.7142857|18140.9714286|14868.0428571,1899.642857142857,17019.75,3659.000000000001,14868.042857142857,11209.042857142857,101,3660.142857142858,14868.0,6802,5482.084523809524,1414.199099370293,0.2579674014926643,1649.455263319668,0.3008810346056931,intersection of eligible subgroup source P05-P95; pooled empirical-quantile grid
daily_steps,scssl,acti,isotonic,age_group,common_support_linear,v1.5_common_support_robustness,5-fold subject-grouped cross-fitted isotonic ensemble,200,3,20-39|40-59|60+,2757|2949|2940,3659|3174.2|445.2,17360.7142857|18140.9714286|14868.0428571,1899.642857142857,17019.75,3659.000000000001,14868.042857142857,11209.042857142857,101,3659.000000000001,14868.042857142857,6802,5482.084523809524,1408.4503159826018,0.2569187523223125,1649.455263319668,0.3008810346056931,intersection of eligible subgroup source P05-P95; equally spaced linear grid
daily_steps,scssl,acti,isotonic,sex,original_grid_stage3,v1.4_original_grid_reference,full-resample subgroup isotonic; v1.4-compatible reference,100,2,male|female,4161|4485,2276|1700.74285714,18489.5714286|15367.0857143,1899.642857142857,17019.75,2276.0,15367.085714285718,13091.085714285718,101,1899.642857142857,17019.75,7412,5482.084523809524,1230.6170701824813,0.2244797694814307,1428.0486561969356,0.260493731899737,pooled source P05-P95; may extend beyond a subgroup's own support
daily_steps,scssl,acti,isotonic,sex,common_support_pooled_empirical_quantile,v1.5_common_support_headline,5-fold subject-grouped cross-fitted isotonic ensemble,200,2,male|female,4161|4485,2276|1700.74285714,18489.5714286|15367.0857143,1899.642857142857,17019.75,2276.0,15367.085714285718,13091.085714285718,101,2276.0,15353.0,7412,5482.084523809524,1190.1178892690225,0.2170922181334782,1383.6936644075122,0.2524028329731,intersection of eligible subgroup source P05-P95; pooled empirical-quantile grid
daily_steps,scssl,acti,isotonic,sex,common_support_linear,v1.5_common_support_robustness,5-fold subject-grouped cross-fitted isotonic ensemble,200,2,male|female,4161|4485,2276|1700.74285714,18489.5714286|15367.0857143,1899.642857142857,17019.75,2276.0,15367.085714285718,13091.085714285718,101,2276.0,15367.085714285718,7412,5482.084523809524,1194.464805368798,0.2178851493772225,1433.0853103871575,0.2614124798993979,intersection of eligible subgroup source P05-P95; equally spaced linear grid
daily_steps,scssl,acti,isotonic,bmi_group,original_grid_stage3,v1.4_original_grid_reference,full-resample subgroup isotonic; v1.4-compatible reference,100,3,<25|25-<30|>=30,2572|2741|3246,2591.00833333|2810.42857143|1638.32142857,17694.5047619|17887.4285714|15685.5357143,1899.642857142857,17019.75,2810.4285714285716,15685.535714285714,12875.10714285714,101,1899.642857142857,17019.75,7294,5482.084523809524,836.6160714285716,0.1526091157104603,1110.2942474484844,0.2025313988914815,pooled source P05-P95; may extend beyond a subgroup's own support
daily_steps,scssl,acti,isotonic,bmi_group,common_support_pooled_empirical_quantile,v1.5_common_support_headline,5-fold subject-grouped cross-fitted isotonic ensemble,200,3,<25|25-<30|>=30,2572|2741|3246,2591.00833333|2810.42857143|1638.32142857,17694.5047619|17887.4285714|15685.5357143,1899.642857142857,17019.75,2810.4285714285716,15685.535714285714,12875.10714285714,101,2810.4285714285716,15683.285714285714,7294,5482.084523809524,726.7278089983829,0.1325641379373291,1117.1690102659304,0.2037854406319158,intersection of eligible subgroup source P05-P95; pooled empirical-quantile grid
daily_steps,scssl,acti,isotonic,bmi_group,common_support_linear,v1.5_common_support_robustness,5-fold subject-grouped cross-fitted isotonic ensemble,200,3,<25|25-<30|>=30,2572|2741|3246,2591.00833333|2810.42857143|1638.32142857,17694.5047619|17887.4285714|15685.5357143,1899.642857142857,17019.75,2810.4285714285716,15685.535714285714,12875.10714285714,101,2810.4285714285716,15685.535714285714,7294,5482.084523809524,905.3182866544812,0.1651412492314824,1130.137014896729,0.206150965018575,intersection of eligible subgroup source P05-P95; equally spaced linear grid
daily_steps,scssl,adept,isotonic,age_group,original_grid_stage3,v1.4_original_grid_reference,full-resample subgroup isotonic; v1.4-compatible reference,100,3,20-39|40-59|60+,2757|2949|2940,3659|3174.2|445.2,17360.7142857|18140.9714286|14868.0428571,1899.642857142857,17019.75,3659.000000000001,14868.042857142857,11209.042857142857,101,1899.642857142857,17019.75,6802,1919.4027944454592,548.5171896013499,0.2857749249864063,604.7544696040209,0.3150742883953872,pooled source P05-P95; may extend beyond a subgroup's own support
daily_steps,scssl,adept,isotonic,age_group,common_support_pooled_empirical_quantile,v1.5_common_support_headline,5-fold subject-grouped cross-fitted isotonic ensemble,200,3,20-39|40-59|60+,2757|2949|2940,3659|3174.2|445.2,17360.7142857|18140.9714286|14868.0428571,1899.642857142857,17019.75,3659.000000000001,14868.042857142857,11209.042857142857,101,3660.142857142858,14868.0,6802,1919.4027944454592,524.5793406898604,0.2733034161500313,584.9863469189936,0.3047751876843567,intersection of eligible subgroup source P05-P95; pooled empirical-quantile grid
daily_steps,scssl,adept,isotonic,age_group,common_support_linear,v1.5_common_support_robustness,5-fold subject-grouped cross-fitted isotonic ensemble,200,3,20-39|40-59|60+,2757|2949|2940,3659|3174.2|445.2,17360.7142857|18140.9714286|14868.0428571,1899.642857142857,17019.75,3659.000000000001,14868.042857142857,11209.042857142857,101,3659.000000000001,14868.042857142857,6802,1919.4027944454592,511.1466006988003,0.2663050205918228,584.9863469189936,0.3047751876843567,intersection of eligible subgroup source P05-P95; equally spaced linear grid
daily_steps,scssl,adept,isotonic,sex,original_grid_stage3,v1.4_original_grid_reference,full-resample subgroup isotonic; v1.4-compatible reference,100,2,male|female,4161|4485,2276|1700.74285714,18489.5714286|15367.0857143,1899.642857142857,17019.75,2276.0,15367.085714285718,13091.085714285718,101,1899.642857142857,17019.75,7412,1919.4027944454592,365.3621593318444,0.1903519992724624,449.7781796084205,0.2343323563506467,pooled source P05-P95; may extend beyond a subgroup's own support
daily_steps,scssl,adept,isotonic,sex,common_support_pooled_empirical_quantile,v1.5_common_support_headline,5-fold subject-grouped cross-fitted isotonic ensemble,200,2,male|female,4161|4485,2276|1700.74285714,18489.5714286|15367.0857143,1899.642857142857,17019.75,2276.0,15367.085714285718,13091.085714285718,101,2276.0,15353.0,7412,1919.4027944454592,367.17510578247584,0.1912965360085127,464.4349839729566,0.2419684837997424,intersection of eligible subgroup source P05-P95; pooled empirical-quantile grid
daily_steps,scssl,adept,isotonic,sex,common_support_linear,v1.5_common_support_robustness,5-fold subject-grouped cross-fitted isotonic ensemble,200,2,male|female,4161|4485,2276|1700.74285714,18489.5714286|15367.0857143,1899.642857142857,17019.75,2276.0,15367.085714285718,13091.085714285718,101,2276.0,15367.085714285718,7412,1919.4027944454592,414.7649418901224,0.216090621046508,458.9580997926796,0.2391150524115385,intersection of eligible subgroup source P05-P95; equally spaced linear grid
daily_steps,scssl,adept,isotonic,bmi_group,original_grid_stage3,v1.4_original_grid_reference,full-resample subgroup isotonic; v1.4-compatible reference,100,3,<25|25-<30|>=30,2572|2741|3246,2591.00833333|2810.42857143|1638.32142857,17694.5047619|17887.4285714|15685.5357143,1899.642857142857,17019.75,2810.4285714285716,15685.535714285714,12875.10714285714,101,1899.642857142857,17019.75,7294,1919.4027944454592,502.7428667589588,0.2619267139830375,573.7680635115203,0.2989305137889462,pooled source P05-P95; may extend beyond a subgroup's own support
daily_steps,scssl,adept,isotonic,bmi_group,common_support_pooled_empirical_quantile,v1.5_common_support_headline,5-fold subject-grouped cross-fitted isotonic ensemble,200,3,<25|25-<30|>=30,2572|2741|3246,2591.00833333|2810.42857143|1638.32142857,17694.5047619|17887.4285714|15685.5357143,1899.642857142857,17019.75,2810.4285714285716,15685.535714285714,12875.10714285714,101,2810.4285714285716,15683.285714285714,7294,1919.4027944454592,294.56203703887786,0.1534654622215347,441.70832433040505,0.2301279989841946,intersection of eligible subgroup source P05-P95; pooled empirical-quantile grid
daily_steps,scssl,adept,isotonic,bmi_group,common_support_linear,v1.5_common_support_robustness,5-fold subject-grouped cross-fitted isotonic ensemble,200,3,<25|25-<30|>=30,2572|2741|3246,2591.00833333|2810.42857143|1638.32142857,17694.5047619|17887.4285714|15685.5357143,1899.642857142857,17019.75,2810.4285714285716,15685.535714285714,12875.10714285714,101,2810.4285714285716,15685.535714285714,7294,1919.4027944454592,304.89541527532856,0.1588491046056942,441.70832433040505,0.2301279989841946,intersection of eligible subgroup source P05-P95; equally spaced linear grid
daily_steps,scssl,oak,isotonic,age_group,original_grid_stage3,v1.4_original_grid_reference,full-resample subgroup isotonic; v1.4-compatible reference,100,3,20-39|40-59|60+,2757|2949|2940,3659|3174.2|445.2,17360.7142857|18140.9714286|14868.0428571,1899.642857142857,17019.75,3659.000000000001,14868.042857142857,11209.042857142857,101,1899.642857142857,17019.75,6802,6887.578571428576,3293.413220363618,0.4781670635345681,3750.963560818942,0.5445982970530298,pooled source P05-P95; may extend beyond a subgroup's own support
daily_steps,scssl,oak,isotonic,age_group,common_support_pooled_empirical_quantile,v1.5_common_support_headline,5-fold subject-grouped cross-fitted isotonic ensemble,200,3,20-39|40-59|60+,2757|2949|2940,3659|3174.2|445.2,17360.7142857|18140.9714286|14868.0428571,1899.642857142857,17019.75,3659.000000000001,14868.042857142857,11209.042857142857,101,3660.142857142858,14868.0,6802,6887.578571428576,2673.7785593207063,0.3882029847778751,3013.6790412152386,0.4375527640028303,intersection of eligible subgroup source P05-P95; pooled empirical-quantile grid
daily_steps,scssl,oak,isotonic,age_group,common_support_linear,v1.5_common_support_robustness,5-fold subject-grouped cross-fitted isotonic ensemble,200,3,20-39|40-59|60+,2757|2949|2940,3659|3174.2|445.2,17360.7142857|18140.9714286|14868.0428571,1899.642857142857,17019.75,3659.000000000001,14868.042857142857,11209.042857142857,101,3659.000000000001,14868.042857142857,6802,6887.578571428576,2904.1399372074347,0.421648901292327,3013.6790412152386,0.4375527640028303,intersection of eligible subgroup source P05-P95; equally spaced linear grid
daily_steps,scssl,oak,isotonic,sex,original_grid_stage3,v1.4_original_grid_reference,full-resample subgroup isotonic; v1.4-compatible reference,100,2,male|female,4161|4485,2276|1700.74285714,18489.5714286|15367.0857143,1899.642857142857,17019.75,2276.0,15367.085714285718,13091.085714285718,101,1899.642857142857,17019.75,7412,6887.578571428576,1439.4526261266828,0.2089925524912191,1826.9352582174251,0.2652507320636626,pooled source P05-P95; may extend beyond a subgroup's own support
daily_steps,scssl,oak,isotonic,sex,common_support_pooled_empirical_quantile,v1.5_common_support_headline,5-fold subject-grouped cross-fitted isotonic ensemble,200,2,male|female,4161|4485,2276|1700.74285714,18489.5714286|15367.0857143,1899.642857142857,17019.75,2276.0,15367.085714285718,13091.085714285718,101,2276.0,15353.0,7412,6887.578571428576,1511.043859110735,0.2193868053104945,1864.5426758955628,0.2707109119059867,intersection of eligible subgroup source P05-P95; pooled empirical-quantile grid
daily_steps,scssl,oak,isotonic,sex,common_support_linear,v1.5_common_support_robustness,5-fold subject-grouped cross-fitted isotonic ensemble,200,2,male|female,4161|4485,2276|1700.74285714,18489.5714286|15367.0857143,1899.642857142857,17019.75,2276.0,15367.085714285718,13091.085714285718,101,2276.0,15367.085714285718,7412,6887.578571428576,1397.6878209208962,0.2029287661005945,1652.183475963504,0.2398787119202066,intersection of eligible subgroup source P05-P95; equally spaced linear grid
daily_steps,scssl,oak,isotonic,bmi_group,original_grid_stage3,v1.4_original_grid_reference,full-resample subgroup isotonic; v1.4-compatible reference,100,3,<25|25-<30|>=30,2572|2741|3246,2591.00833333|2810.42857143|1638.32142857,17694.5047619|17887.4285714|15685.5357143,1899.642857142857,17019.75,2810.4285714285716,15685.535714285714,12875.10714285714,101,1899.642857142857,17019.75,7294,6887.578571428576,1115.7623403275934,0.161996313908644,1352.7874241689142,0.1964097266027018,pooled source P05-P95; may extend beyond a subgroup's own support
daily_steps,scssl,oak,isotonic,bmi_group,common_support_pooled_empirical_quantile,v1.5_common_support_headline,5-fold subject-grouped cross-fitted isotonic ensemble,200,3,<25|25-<30|>=30,2572|2741|3246,2591.00833333|2810.42857143|1638.32142857,17694.5047619|17887.4285714|15685.5357143,1899.642857142857,17019.75,2810.4285714285716,15685.535714285714,12875.10714285714,101,2810.4285714285716,15683.285714285714,7294,6887.578571428576,922.416185982227,0.1339245972174667,1284.6655455941454,0.1865191855557574,intersection of eligible subgroup source P05-P95; pooled empirical-quantile grid
daily_steps,scssl,oak,isotonic,bmi_group,common_support_linear,v1.5_common_support_robustness,5-fold subject-grouped cross-fitted isotonic ensemble,200,3,<25|25-<30|>=30,2572|2741|3246,2591.00833333|2810.42857143|1638.32142857,17694.5047619|17887.4285714|15685.5357143,1899.642857142857,17019.75,2810.4285714285716,15685.535714285714,12875.10714285714,101,2810.4285714285716,15685.535714285714,7294,6887.578571428576,968.6687121207088,0.1406399509021926,1364.4245027212737,0.1980993013105146,intersection of eligible subgroup source P05-P95; equally spaced linear grid
daily_steps,scssl,scrf,isotonic,age_group,original_grid_stage3,v1.4_original_grid_reference,full-resample subgroup isotonic; v1.4-compatible reference,100,3,20-39|40-59|60+,2757|2949|2940,3659|3174.2|445.2,17360.7142857|18140.9714286|14868.0428571,1899.642857142857,17019.75,3659.000000000001,14868.042857142857,11209.042857142857,101,1899.642857142857,17019.75,6802,7482.482142857143,2896.0240901360594,0.3870405615201681,4293.887050092773,0.5738586431765512,pooled source P05-P95; may extend beyond a subgroup's own support
daily_steps,scssl,scrf,isotonic,age_group,common_support_pooled_empirical_quantile,v1.5_common_support_headline,5-fold subject-grouped cross-fitted isotonic ensemble,200,3,20-39|40-59|60+,2757|2949|2940,3659|3174.2|445.2,17360.7142857|18140.9714286|14868.0428571,1899.642857142857,17019.75,3659.000000000001,14868.042857142857,11209.042857142857,101,3660.142857142858,14868.0,6802,7482.482142857143,2614.354916356151,0.3493967464863036,2736.613095434386,0.3657360008599267,intersection of eligible subgroup source P05-P95; pooled empirical-quantile grid
daily_steps,scssl,scrf,isotonic,age_group,common_support_linear,v1.5_common_support_robustness,5-fold subject-grouped cross-fitted isotonic ensemble,200,3,20-39|40-59|60+,2757|2949|2940,3659|3174.2|445.2,17360.7142857|18140.9714286|14868.0428571,1899.642857142857,17019.75,3659.000000000001,14868.042857142857,11209.042857142857,101,3659.000000000001,14868.042857142857,6802,7482.482142857143,2680.8728045085736,0.3582865623097762,2736.613095434386,0.3657360008599267,intersection of eligible subgroup source P05-P95; equally spaced linear grid
daily_steps,scssl,scrf,isotonic,sex,original_grid_stage3,v1.4_original_grid_reference,full-resample subgroup isotonic; v1.4-compatible reference,100,2,male|female,4161|4485,2276|1700.74285714,18489.5714286|15367.0857143,1899.642857142857,17019.75,2276.0,15367.085714285718,13091.085714285718,101,1899.642857142857,17019.75,7412,7482.482142857143,1067.6664710884395,0.1426888097698496,1480.7905582922813,0.197900981254711,pooled source P05-P95; may extend beyond a subgroup's own support
daily_steps,scssl,scrf,isotonic,sex,common_support_pooled_empirical_quantile,v1.5_common_support_headline,5-fold subject-grouped cross-fitted isotonic ensemble,200,2,male|female,4161|4485,2276|1700.74285714,18489.5714286|15367.0857143,1899.642857142857,17019.75,2276.0,15367.085714285718,13091.085714285718,101,2276.0,15353.0,7412,7482.482142857143,1038.4329469456234,0.1387818810816571,1187.562737133493,0.1587124051164162,intersection of eligible subgroup source P05-P95; pooled empirical-quantile grid
daily_steps,scssl,scrf,isotonic,sex,common_support_linear,v1.5_common_support_robustness,5-fold subject-grouped cross-fitted isotonic ensemble,200,2,male|female,4161|4485,2276|1700.74285714,18489.5714286|15367.0857143,1899.642857142857,17019.75,2276.0,15367.085714285718,13091.085714285718,101,2276.0,15367.085714285718,7412,7482.482142857143,1028.61732731356,0.1374700677763045,1293.665175160495,0.1728925175445211,intersection of eligible subgroup source P05-P95; equally spaced linear grid
daily_steps,scssl,scrf,isotonic,bmi_group,original_grid_stage3,v1.4_original_grid_reference,full-resample subgroup isotonic; v1.4-compatible reference,100,3,<25|25-<30|>=30,2572|2741|3246,2591.00833333|2810.42857143|1638.32142857,17694.5047619|17887.4285714|15685.5357143,1899.642857142857,17019.75,2810.4285714285716,15685.535714285714,12875.10714285714,101,1899.642857142857,17019.75,7294,7482.482142857143,1578.0241105214009,0.2108958070855938,1789.6726875522108,0.2391816850856973,pooled source P05-P95; may extend beyond a subgroup's own support
daily_steps,scssl,scrf,isotonic,bmi_group,common_support_pooled_empirical_quantile,v1.5_common_support_headline,5-fold subject-grouped cross-fitted isotonic ensemble,200,3,<25|25-<30|>=30,2572|2741|3246,2591.00833333|2810.42857143|1638.32142857,17694.5047619|17887.4285714|15685.5357143,1899.642857142857,17019.75,2810.4285714285716,15685.535714285714,12875.10714285714,101,2810.4285714285716,15683.285714285714,7294,7482.482142857143,965.9454755713014,0.1290942573773334,1519.1582057402957,0.2030286443370266,intersection of eligible subgroup source P05-P95; pooled empirical-quantile grid
daily_steps,scssl,scrf,isotonic,bmi_group,common_support_linear,v1.5_common_support_robustness,5-fold subject-grouped cross-fitted isotonic ensemble,200,3,<25|25-<30|>=30,2572|2741|3246,2591.00833333|2810.42857143|1638.32142857,17694.5047619|17887.4285714|15685.5357143,1899.642857142857,17019.75,2810.4285714285716,15685.535714285714,12875.10714285714,101,2810.4285714285716,15685.535714285714,7294,7482.482142857143,1269.806938608246,0.1697039718057219,1551.4970898294778,0.2073505903800322,intersection of eligible subgroup source P05-P95; equally spaced linear grid
daily_steps,scssl,vs,isotonic,age_group,original_grid_stage3,v1.4_original_grid_reference,full-resample subgroup isotonic; v1.4-compatible reference,100,3,20-39|40-59|60+,2757|2949|2940,3659|3174.2|445.2,17360.7142857|18140.9714286|14868.0428571,1899.642857142857,17019.75,3659.000000000001,14868.042857142857,11209.042857142857,101,1899.642857142857,17019.75,6802,5559.857142857143,2003.0072755292897,0.3602623635937466,2045.4232705445047,0.3678913356923747,pooled source P05-P95; may extend beyond a subgroup's own support
daily_steps,scssl,vs,isotonic,age_group,common_support_pooled_empirical_quantile,v1.5_common_support_headline,5-fold subject-grouped cross-fitted isotonic ensemble,200,3,20-39|40-59|60+,2757|2949|2940,3659|3174.2|445.2,17360.7142857|18140.9714286|14868.0428571,1899.642857142857,17019.75,3659.000000000001,14868.042857142857,11209.042857142857,101,3660.142857142858,14868.0,6802,5559.857142857143,1962.662656064236,0.3530059506269342,2082.0310925142403,0.374475645509897,intersection of eligible subgroup source P05-P95; pooled empirical-quantile grid
daily_steps,scssl,vs,isotonic,age_group,common_support_linear,v1.5_common_support_robustness,5-fold subject-grouped cross-fitted isotonic ensemble,200,3,20-39|40-59|60+,2757|2949|2940,3659|3174.2|445.2,17360.7142857|18140.9714286|14868.0428571,1899.642857142857,17019.75,3659.000000000001,14868.042857142857,11209.042857142857,101,3659.000000000001,14868.042857142857,6802,5559.857142857143,1962.662656064236,0.3530059506269342,2082.0310925142403,0.374475645509897,intersection of eligible subgroup source P05-P95; equally spaced linear grid
daily_steps,scssl,vs,isotonic,sex,original_grid_stage3,v1.4_original_grid_reference,full-resample subgroup isotonic; v1.4-compatible reference,100,2,male|female,4161|4485,2276|1700.74285714,18489.5714286|15367.0857143,1899.642857142857,17019.75,2276.0,15367.085714285718,13091.085714285718,101,1899.642857142857,17019.75,7412,5559.857142857143,1053.89982773471,0.1895551991095087,1341.9457134425247,0.2413633442302647,pooled source P05-P95; may extend beyond a subgroup's own support
daily_steps,scssl,vs,isotonic,sex,common_support_pooled_empirical_quantile,v1.5_common_support_headline,5-fold subject-grouped cross-fitted isotonic ensemble,200,2,male|female,4161|4485,2276|1700.74285714,18489.5714286|15367.0857143,1899.642857142857,17019.75,2276.0,15367.085714285718,13091.085714285718,101,2276.0,15353.0,7412,5559.857142857143,1122.684479031613,0.2019268571448723,1307.7653354574995,0.2352156362754052,intersection of eligible subgroup source P05-P95; pooled empirical-quantile grid
daily_steps,scssl,vs,isotonic,sex,common_support_linear,v1.5_common_support_robustness,5-fold subject-grouped cross-fitted isotonic ensemble,200,2,male|female,4161|4485,2276|1700.74285714,18489.5714286|15367.0857143,1899.642857142857,17019.75,2276.0,15367.085714285718,13091.085714285718,101,2276.0,15367.085714285718,7412,5559.857142857143,1007.7820431182936,0.1812604204072061,1216.7847676725614,0.218851804355403,intersection of eligible subgroup source P05-P95; equally spaced linear grid
daily_steps,scssl,vs,isotonic,bmi_group,original_grid_stage3,v1.4_original_grid_reference,full-resample subgroup isotonic; v1.4-compatible reference,100,3,<25|25-<30|>=30,2572|2741|3246,2591.00833333|2810.42857143|1638.32142857,17694.5047619|17887.4285714|15685.5357143,1899.642857142857,17019.75,2810.4285714285716,15685.535714285714,12875.10714285714,101,1899.642857142857,17019.75,7294,5559.857142857143,851.8764869111328,0.1532191322587407,1005.8012032770098,0.1809041450946598,pooled source P05-P95; may extend beyond a subgroup's own support
daily_steps,scssl,vs,isotonic,bmi_group,common_support_pooled_empirical_quantile,v1.5_common_support_headline,5-fold subject-grouped cross-fitted isotonic ensemble,200,3,<25|25-<30|>=30,2572|2741|3246,2591.00833333|2810.42857143|1638.32142857,17694.5047619|17887.4285714|15685.5357143,1899.642857142857,17019.75,2810.4285714285716,15685.535714285714,12875.10714285714,101,2810.4285714285716,15683.285714285714,7294,5559.857142857143,679.7167274554868,0.1222543511443872,929.3516147877484,0.1671538658114093,intersection of eligible subgroup source P05-P95; pooled empirical-quantile grid
daily_steps,scssl,vs,isotonic,bmi_group,common_support_linear,v1.5_common_support_robustness,5-fold subject-grouped cross-fitted isotonic ensemble,200,3,<25|25-<30|>=30,2572|2741|3246,2591.00833333|2810.42857143|1638.32142857,17694.5047619|17887.4285714|15685.5357143,1899.642857142857,17019.75,2810.4285714285716,15685.535714285714,12875.10714285714,101,2810.4285714285716,15685.535714285714,7294,5559.857142857143,700.1681560269135,0.1259327601477015,1003.8999084005482,0.1805621767980635,intersection of eligible subgroup source P05-P95; equally spaced linear grid
daily_steps,scssl,vsrev,isotonic,age_group,original_grid_stage3,v1.4_original_grid_reference,full-resample subgroup isotonic; v1.4-compatible reference,100,3,20-39|40-59|60+,2757|2949|2940,3659|3174.2|445.2,17360.7142857|18140.9714286|14868.0428571,1899.642857142857,17019.75,3659.000000000001,14868.042857142857,11209.042857142857,101,1899.642857142857,17019.75,6802,6301.767857142858,3438.472090409601,0.5456361085266256,3457.8456654456695,0.5487104164788154,pooled source P05-P95; may extend beyond a subgroup's own support
daily_steps,scssl,vsrev,isotonic,age_group,common_support_pooled_empirical_quantile,v1.5_common_support_headline,5-fold subject-grouped cross-fitted isotonic ensemble,200,3,20-39|40-59|60+,2757|2949|2940,3659|3174.2|445.2,17360.7142857|18140.9714286|14868.0428571,1899.642857142857,17019.75,3659.000000000001,14868.042857142857,11209.042857142857,101,3660.142857142858,14868.0,6802,6301.767857142858,3305.911264383176,0.5246006103884052,3419.651490191938,0.542649549731647,intersection of eligible subgroup source P05-P95; pooled empirical-quantile grid
daily_steps,scssl,vsrev,isotonic,age_group,common_support_linear,v1.5_common_support_robustness,5-fold subject-grouped cross-fitted isotonic ensemble,200,3,20-39|40-59|60+,2757|2949|2940,3659|3174.2|445.2,17360.7142857|18140.9714286|14868.0428571,1899.642857142857,17019.75,3659.000000000001,14868.042857142857,11209.042857142857,101,3659.000000000001,14868.042857142857,6802,6301.767857142858,3330.309958100004,0.5284723324622632,3419.651490191938,0.542649549731647,intersection of eligible subgroup source P05-P95; equally spaced linear grid
daily_steps,scssl,vsrev,isotonic,sex,original_grid_stage3,v1.4_original_grid_reference,full-resample subgroup isotonic; v1.4-compatible reference,100,2,male|female,4161|4485,2276|1700.74285714,18489.5714286|15367.0857143,1899.642857142857,17019.75,2276.0,15367.085714285718,13091.085714285718,101,1899.642857142857,17019.75,7412,6301.767857142858,1109.3608292762085,0.1760396216466118,1510.0798787214462,0.239627976300304,pooled source P05-P95; may extend beyond a subgroup's own support
daily_steps,scssl,vsrev,isotonic,sex,common_support_pooled_empirical_quantile,v1.5_common_support_headline,5-fold subject-grouped cross-fitted isotonic ensemble,200,2,male|female,4161|4485,2276|1700.74285714,18489.5714286|15367.0857143,1899.642857142857,17019.75,2276.0,15367.085714285718,13091.085714285718,101,2276.0,15353.0,7412,6301.767857142858,1131.9999688389598,0.1796321277617158,1477.9306976333528,0.2345263632582346,intersection of eligible subgroup source P05-P95; pooled empirical-quantile grid
daily_steps,scssl,vsrev,isotonic,sex,common_support_linear,v1.5_common_support_robustness,5-fold subject-grouped cross-fitted isotonic ensemble,200,2,male|female,4161|4485,2276|1700.74285714,18489.5714286|15367.0857143,1899.642857142857,17019.75,2276.0,15367.085714285718,13091.085714285718,101,2276.0,15367.085714285718,7412,6301.767857142858,1127.3552048971533,0.1788950704712696,1237.320736375621,0.1963450200681633,intersection of eligible subgroup source P05-P95; equally spaced linear grid
daily_steps,scssl,vsrev,isotonic,bmi_group,original_grid_stage3,v1.4_original_grid_reference,full-resample subgroup isotonic; v1.4-compatible reference,100,3,<25|25-<30|>=30,2572|2741|3246,2591.00833333|2810.42857143|1638.32142857,17694.5047619|17887.4285714|15685.5357143,1899.642857142857,17019.75,2810.4285714285716,15685.535714285714,12875.10714285714,101,1899.642857142857,17019.75,7294,6301.767857142858,1150.589155134987,0.1825819644928415,1474.8395223268362,0.2340358381585179,pooled source P05-P95; may extend beyond a subgroup's own support
daily_steps,scssl,vsrev,isotonic,bmi_group,common_support_pooled_empirical_quantile,v1.5_common_support_headline,5-fold subject-grouped cross-fitted isotonic ensemble,200,3,<25|25-<30|>=30,2572|2741|3246,2591.00833333|2810.42857143|1638.32142857,17694.5047619|17887.4285714|15685.5357143,1899.642857142857,17019.75,2810.4285714285716,15685.535714285714,12875.10714285714,101,2810.4285714285716,15683.285714285714,7294,6301.767857142858,1045.0832577433084,0.1658396947387928,1282.0575863395934,0.2034441152709903,intersection of eligible subgroup source P05-P95; pooled empirical-quantile grid
daily_steps,scssl,vsrev,isotonic,bmi_group,common_support_linear,v1.5_common_support_robustness,5-fold subject-grouped cross-fitted isotonic ensemble,200,3,<25|25-<30|>=30,2572|2741|3246,2591.00833333|2810.42857143|1638.32142857,17694.5047619|17887.4285714|15685.5357143,1899.642857142857,17019.75,2810.4285714285716,15685.535714285714,12875.10714285714,101,2810.4285714285716,15685.535714285714,7294,6301.767857142858,1065.583375306349,0.1690927688011457,1223.3837070210393,0.1941334137902861,intersection of eligible subgroup source P05-P95; equally spaced linear grid
daily_steps,vs,acti,isotonic,age_group,original_grid_stage3,v1.4_original_grid_reference,full-resample subgroup isotonic; v1.4-compatible reference,100,3,20-39|40-59|60+,2757|2949|2940,4909.36|4158.82857143|1322.83571429,17316.4285714|17548.8285714|14529.3,2596.107142857143,16671.428571428572,4909.36,14529.299999999992,9619.939999999991,101,2596.107142857143,16671.428571428572,6323,5482.084523809524,876.5497580332922,0.1598935139044835,1153.530292116846,0.210418188028092,pooled source P05-P95; may extend beyond a subgroup's own support
daily_steps,vs,acti,isotonic,age_group,common_support_pooled_empirical_quantile,v1.5_common_support_headline,5-fold subject-grouped cross-fitted isotonic ensemble,200,3,20-39|40-59|60+,2757|2949|2940,4909.36|4158.82857143|1322.83571429,17316.4285714|17548.8285714|14529.3,2596.107142857143,16671.428571428572,4909.36,14529.299999999992,9619.939999999991,101,4911.2,14527.714285714286,6323,5482.084523809524,754.2207510447479,0.1375791905011775,952.9183577798884,0.1738240907525631,intersection of eligible subgroup source P05-P95; pooled empirical-quantile grid
daily_steps,vs,acti,isotonic,age_group,common_support_linear,v1.5_common_support_robustness,5-fold subject-grouped cross-fitted isotonic ensemble,200,3,20-39|40-59|60+,2757|2949|2940,4909.36|4158.82857143|1322.83571429,17316.4285714|17548.8285714|14529.3,2596.107142857143,16671.428571428572,4909.36,14529.299999999992,9619.939999999991,101,4909.36,14529.299999999992,6323,5482.084523809524,750.902641086117,0.1369739262181808,952.9183577798884,0.1738240907525631,intersection of eligible subgroup source P05-P95; equally spaced linear grid
daily_steps,vs,acti,isotonic,sex,original_grid_stage3,v1.4_original_grid_reference,full-resample subgroup isotonic; v1.4-compatible reference,100,2,male|female,4161|4485,2614.42857143|2542.54285714,17371|15887.9714286,2596.107142857143,16671.428571428572,2614.4285714285716,15887.97142857143,13273.54285714286,101,2596.107142857143,16671.428571428572,7619,5482.084523809524,635.7248627726913,0.1159640753460917,1007.3564783320762,0.1837542770376805,pooled source P05-P95; may extend beyond a subgroup's own support
daily_steps,vs,acti,isotonic,sex,common_support_pooled_empirical_quantile,v1.5_common_support_headline,5-fold subject-grouped cross-fitted isotonic ensemble,200,2,male|female,4161|4485,2614.42857143|2542.54285714,17371|15887.9714286,2596.107142857143,16671.428571428572,2614.4285714285716,15887.97142857143,13273.54285714286,101,2614.4285714285716,15886.0,7619,5482.084523809524,477.7552390839537,0.087148462780716,568.8963447985225,0.103773727370988,intersection of eligible subgroup source P05-P95; pooled empirical-quantile grid
daily_steps,vs,acti,isotonic,sex,common_support_linear,v1.5_common_support_robustness,5-fold subject-grouped cross-fitted isotonic ensemble,200,2,male|female,4161|4485,2614.42857143|2542.54285714,17371|15887.9714286,2596.107142857143,16671.428571428572,2614.4285714285716,15887.97142857143,13273.54285714286,101,2614.4285714285716,15887.97142857143,7619,5482.084523809524,631.365899209628,0.1151689464960837,872.180247457818,0.159096461149004,intersection of eligible subgroup source P05-P95; equally spaced linear grid
daily_steps,vs,acti,isotonic,bmi_group,original_grid_stage3,v1.4_original_grid_reference,full-resample subgroup isotonic; v1.4-compatible reference,100,3,<25|25-<30|>=30,2572|2741|3246,3137.23571429|2896.85714286|2406.32142857,17514.5071429|17092|15619.8214286,2596.107142857143,16671.428571428572,3137.2357142857145,15619.821428571428,12482.585714285711,101,2596.107142857143,16671.428571428572,7345,5482.084523809524,641.2629787947371,0.1169742961841676,1094.7444552179822,0.1996949245243011,pooled source P05-P95; may extend beyond a subgroup's own support
daily_steps,vs,acti,isotonic,bmi_group,common_support_pooled_empirical_quantile,v1.5_common_support_headline,5-fold subject-grouped cross-fitted isotonic ensemble,200,3,<25|25-<30|>=30,2572|2741|3246,3137.23571429|2896.85714286|2406.32142857,17514.5071429|17092|15619.8214286,2596.107142857143,16671.428571428572,3137.2357142857145,15619.821428571428,12482.585714285711,101,3138.5714285714284,15617.0,7345,5482.084523809524,624.282400475513,0.1138768287435481,964.523155892386,0.1759409494150109,intersection of eligible subgroup source P05-P95; pooled empirical-quantile grid
daily_steps,vs,acti,isotonic,bmi_group,common_support_linear,v1.5_common_support_robustness,5-fold subject-grouped cross-fitted isotonic ensemble,200,3,<25|25-<30|>=30,2572|2741|3246,3137.23571429|2896.85714286|2406.32142857,17514.5071429|17092|15619.8214286,2596.107142857143,16671.428571428572,3137.2357142857145,15619.821428571428,12482.585714285711,101,3137.2357142857145,15619.821428571428,7345,5482.084523809524,666.5133458593118,0.1215802753431734,973.7578309754136,0.1776254683316602,intersection of eligible subgroup source P05-P95; equally spaced linear grid
daily_steps,vs,adept,isotonic,age_group,original_grid_stage3,v1.4_original_grid_reference,full-resample subgroup isotonic; v1.4-compatible reference,100,3,20-39|40-59|60+,2757|2949|2940,4909.36|4158.82857143|1322.83571429,17316.4285714|17548.8285714|14529.3,2596.107142857143,16671.428571428572,4909.36,14529.299999999992,9619.939999999991,101,2596.107142857143,16671.428571428572,6323,1919.4027944454592,427.4734361214537,0.2227116879054854,572.3816497068419,0.2982081985934643,pooled source P05-P95; may extend beyond a subgroup's own support
daily_steps,vs,adept,isotonic,age_group,common_support_pooled_empirical_quantile,v1.5_common_support_headline,5-fold subject-grouped cross-fitted isotonic ensemble,200,3,20-39|40-59|60+,2757|2949|2940,4909.36|4158.82857143|1322.83571429,17316.4285714|17548.8285714|14529.3,2596.107142857143,16671.428571428572,4909.36,14529.299999999992,9619.939999999991,101,4911.2,14527.714285714286,6323,1919.4027944454592,380.08191084058853,0.1980209218932596,412.0074471996636,0.2146539790355457,intersection of eligible subgroup source P05-P95; pooled empirical-quantile grid
daily_steps,vs,adept,isotonic,age_group,common_support_linear,v1.5_common_support_robustness,5-fold subject-grouped cross-fitted isotonic ensemble,200,3,20-39|40-59|60+,2757|2949|2940,4909.36|4158.82857143|1322.83571429,17316.4285714|17548.8285714|14529.3,2596.107142857143,16671.428571428572,4909.36,14529.299999999992,9619.939999999991,101,4909.36,14529.299999999992,6323,1919.4027944454592,380.08191084058853,0.1980209218932596,412.0074471996636,0.2146539790355457,intersection of eligible subgroup source P05-P95; equally spaced linear grid
daily_steps,vs,adept,isotonic,sex,original_grid_stage3,v1.4_original_grid_reference,full-resample subgroup isotonic; v1.4-compatible reference,100,2,male|female,4161|4485,2614.42857143|2542.54285714,17371|15887.9714286,2596.107142857143,16671.428571428572,2614.4285714285716,15887.97142857143,13273.54285714286,101,2596.107142857143,16671.428571428572,7619,1919.4027944454592,747.7377497304951,0.3895679176326959,983.4203795081594,0.5123574803340236,pooled source P05-P95; may extend beyond a subgroup's own support
daily_steps,vs,adept,isotonic,sex,common_support_pooled_empirical_quantile,v1.5_common_support_headline,5-fold subject-grouped cross-fitted isotonic ensemble,200,2,male|female,4161|4485,2614.42857143|2542.54285714,17371|15887.9714286,2596.107142857143,16671.428571428572,2614.4285714285716,15887.97142857143,13273.54285714286,101,2614.4285714285716,15886.0,7619,1919.4027944454592,664.8424969260764,0.3463798733908575,770.9102258734015,0.401640670787982,intersection of eligible subgroup source P05-P95; pooled empirical-quantile grid
daily_steps,vs,adept,isotonic,sex,common_support_linear,v1.5_common_support_robustness,5-fold subject-grouped cross-fitted isotonic ensemble,200,2,male|female,4161|4485,2614.42857143|2542.54285714,17371|15887.9714286,2596.107142857143,16671.428571428572,2614.4285714285716,15887.97142857143,13273.54285714286,101,2614.4285714285716,15887.97142857143,7619,1919.4027944454592,698.6357909431167,0.3639860236553223,770.9102258734015,0.401640670787982,intersection of eligible subgroup source P05-P95; equally spaced linear grid
daily_steps,vs,adept,isotonic,bmi_group,original_grid_stage3,v1.4_original_grid_reference,full-resample subgroup isotonic; v1.4-compatible reference,100,3,<25|25-<30|>=30,2572|2741|3246,3137.23571429|2896.85714286|2406.32142857,17514.5071429|17092|15619.8214286,2596.107142857143,16671.428571428572,3137.2357142857145,15619.821428571428,12482.585714285711,101,2596.107142857143,16671.428571428572,7345,1919.4027944454592,454.6634900607901,0.2368775805560647,611.1514826218736,0.3184071026625983,pooled source P05-P95; may extend beyond a subgroup's own support
daily_steps,vs,adept,isotonic,bmi_group,common_support_pooled_empirical_quantile,v1.5_common_support_headline,5-fold subject-grouped cross-fitted isotonic ensemble,200,3,<25|25-<30|>=30,2572|2741|3246,3137.23571429|2896.85714286|2406.32142857,17514.5071429|17092|15619.8214286,2596.107142857143,16671.428571428572,3137.2357142857145,15619.821428571428,12482.585714285711,101,3138.5714285714284,15617.0,7345,1919.4027944454592,411.68808439533086,0.214487592487992,499.9036935497384,0.2604475178406558,intersection of eligible subgroup source P05-P95; pooled empirical-quantile grid
daily_steps,vs,adept,isotonic,bmi_group,common_support_linear,v1.5_common_support_robustness,5-fold subject-grouped cross-fitted isotonic ensemble,200,3,<25|25-<30|>=30,2572|2741|3246,3137.23571429|2896.85714286|2406.32142857,17514.5071429|17092|15619.8214286,2596.107142857143,16671.428571428572,3137.2357142857145,15619.821428571428,12482.585714285711,101,3137.2357142857145,15619.821428571428,7345,1919.4027944454592,441.5893074768337,0.2300659917526142,509.5106199863899,0.2654526821888858,intersection of eligible subgroup source P05-P95; equally spaced linear grid
daily_steps,vs,oak,isotonic,age_group,original_grid_stage3,v1.4_original_grid_reference,full-resample subgroup isotonic; v1.4-compatible reference,100,3,20-39|40-59|60+,2757|2949|2940,4909.36|4158.82857143|1322.83571429,17316.4285714|17548.8285714|14529.3,2596.107142857143,16671.428571428572,4909.36,14529.299999999992,9619.939999999991,101,2596.107142857143,16671.428571428572,6323,6887.578571428576,1589.5529007018013,0.2307854471955746,1790.720153223363,0.2599927005771992,pooled source P05-P95; may extend beyond a subgroup's own support
daily_steps,vs,oak,isotonic,age_group,common_support_pooled_empirical_quantile,v1.5_common_support_headline,5-fold subject-grouped cross-fitted isotonic ensemble,200,3,20-39|40-59|60+,2757|2949|2940,4909.36|4158.82857143|1322.83571429,17316.4285714|17548.8285714|14529.3,2596.107142857143,16671.428571428572,4909.36,14529.299999999992,9619.939999999991,101,4911.2,14527.714285714286,6323,6887.578571428576,1246.1927030967472,0.1809333556304201,1590.4972970014917,0.2309225630614622,intersection of eligible subgroup source P05-P95; pooled empirical-quantile grid
daily_steps,vs,oak,isotonic,age_group,common_support_linear,v1.5_common_support_robustness,5-fold subject-grouped cross-fitted isotonic ensemble,200,3,20-39|40-59|60+,2757|2949|2940,4909.36|4158.82857143|1322.83571429,17316.4285714|17548.8285714|14529.3,2596.107142857143,16671.428571428572,4909.36,14529.299999999992,9619.939999999991,101,4909.36,14529.299999999992,6323,6887.578571428576,1371.6299344196414,0.1991454500583863,1590.4972970014917,0.2309225630614622,intersection of eligible subgroup source P05-P95; equally spaced linear grid
daily_steps,vs,oak,isotonic,sex,original_grid_stage3,v1.4_original_grid_reference,full-resample subgroup isotonic; v1.4-compatible reference,100,2,male|female,4161|4485,2614.42857143|2542.54285714,17371|15887.9714286,2596.107142857143,16671.428571428572,2614.4285714285716,15887.97142857143,13273.54285714286,101,2596.107142857143,16671.428571428572,7619,6887.578571428576,572.1519660572558,0.0830701182024532,775.9069719369272,0.1126530846639755,pooled source P05-P95; may extend beyond a subgroup's own support
daily_steps,vs,oak,isotonic,sex,common_support_pooled_empirical_quantile,v1.5_common_support_headline,5-fold subject-grouped cross-fitted isotonic ensemble,200,2,male|female,4161|4485,2614.42857143|2542.54285714,17371|15887.9714286,2596.107142857143,16671.428571428572,2614.4285714285716,15887.97142857143,13273.54285714286,101,2614.4285714285716,15886.0,7619,6887.578571428576,532.4754995135972,0.0773095354182151,783.4313670543052,0.1137455433618103,intersection of eligible subgroup source P05-P95; pooled empirical-quantile grid
daily_steps,vs,oak,isotonic,sex,common_support_linear,v1.5_common_support_robustness,5-fold subject-grouped cross-fitted isotonic ensemble,200,2,male|female,4161|4485,2614.42857143|2542.54285714,17371|15887.9714286,2596.107142857143,16671.428571428572,2614.4285714285716,15887.97142857143,13273.54285714286,101,2614.4285714285716,15887.97142857143,7619,6887.578571428576,546.5387710162195,0.0793513664270054,783.4313670543052,0.1137455433618103,intersection of eligible subgroup source P05-P95; equally spaced linear grid
daily_steps,vs,oak,isotonic,bmi_group,original_grid_stage3,v1.4_original_grid_reference,full-resample subgroup isotonic; v1.4-compatible reference,100,3,<25|25-<30|>=30,2572|2741|3246,3137.23571429|2896.85714286|2406.32142857,17514.5071429|17092|15619.8214286,2596.107142857143,16671.428571428572,3137.2357142857145,15619.821428571428,12482.585714285711,101,2596.107142857143,16671.428571428572,7345,6887.578571428576,651.3851391727658,0.0945738959516014,1038.921538825758,0.1508398819776036,pooled source P05-P95; may extend beyond a subgroup's own support
daily_steps,vs,oak,isotonic,bmi_group,common_support_pooled_empirical_quantile,v1.5_common_support_headline,5-fold subject-grouped cross-fitted isotonic ensemble,200,3,<25|25-<30|>=30,2572|2741|3246,3137.23571429|2896.85714286|2406.32142857,17514.5071429|17092|15619.8214286,2596.107142857143,16671.428571428572,3137.2357142857145,15619.821428571428,12482.585714285711,101,3138.5714285714284,15617.0,7345,6887.578571428576,512.0073941989504,0.0743377935930759,969.8175935012988,0.1408067557333354,intersection of eligible subgroup source P05-P95; pooled empirical-quantile grid
daily_steps,vs,oak,isotonic,bmi_group,common_support_linear,v1.5_common_support_robustness,5-fold subject-grouped cross-fitted isotonic ensemble,200,3,<25|25-<30|>=30,2572|2741|3246,3137.23571429|2896.85714286|2406.32142857,17514.5071429|17092|15619.8214286,2596.107142857143,16671.428571428572,3137.2357142857145,15619.821428571428,12482.585714285711,101,3137.2357142857145,15619.821428571428,7345,6887.578571428576,574.6642697698298,0.0834348768308332,969.8175935012988,0.1408067557333354,intersection of eligible subgroup source P05-P95; equally spaced linear grid
daily_steps,vs,scrf,isotonic,age_group,original_grid_stage3,v1.4_original_grid_reference,full-resample subgroup isotonic; v1.4-compatible reference,100,3,20-39|40-59|60+,2757|2949|2940,4909.36|4158.82857143|1322.83571429,17316.4285714|17548.8285714|14529.3,2596.107142857143,16671.428571428572,4909.36,14529.299999999992,9619.939999999991,101,2596.107142857143,16671.428571428572,6323,7482.482142857143,1965.426122448982,0.2626703391902109,2902.6421361900248,0.3879250335346162,pooled source P05-P95; may extend beyond a subgroup's own support
daily_steps,vs,scrf,isotonic,age_group,common_support_pooled_empirical_quantile,v1.5_common_support_headline,5-fold subject-grouped cross-fitted isotonic ensemble,200,3,20-39|40-59|60+,2757|2949|2940,4909.36|4158.82857143|1322.83571429,17316.4285714|17548.8285714|14529.3,2596.107142857143,16671.428571428572,4909.36,14529.299999999992,9619.939999999991,101,4911.2,14527.714285714286,6323,7482.482142857143,1688.2310286398915,0.2256244647708908,1907.3652774191069,0.2549107690473939,intersection of eligible subgroup source P05-P95; pooled empirical-quantile grid
daily_steps,vs,scrf,isotonic,age_group,common_support_linear,v1.5_common_support_robustness,5-fold subject-grouped cross-fitted isotonic ensemble,200,3,20-39|40-59|60+,2757|2949|2940,4909.36|4158.82857143|1322.83571429,17316.4285714|17548.8285714|14529.3,2596.107142857143,16671.428571428572,4909.36,14529.299999999992,9619.939999999991,101,4909.36,14529.299999999992,6323,7482.482142857143,1722.7722942444198,0.2302407491729193,1953.7882153686332,0.26111498538406,intersection of eligible subgroup source P05-P95; equally spaced linear grid
daily_steps,vs,scrf,isotonic,sex,original_grid_stage3,v1.4_original_grid_reference,full-resample subgroup isotonic; v1.4-compatible reference,100,2,male|female,4161|4485,2614.42857143|2542.54285714,17371|15887.9714286,2596.107142857143,16671.428571428572,2614.4285714285716,15887.97142857143,13273.54285714286,101,2596.107142857143,16671.428571428572,7619,7482.482142857143,1518.7987832006002,0.2029806091352268,2440.181483868615,0.3261192525795786,pooled source P05-P95; may extend beyond a subgroup's own support
daily_steps,vs,scrf,isotonic,sex,common_support_pooled_empirical_quantile,v1.5_common_support_headline,5-fold subject-grouped cross-fitted isotonic ensemble,200,2,male|female,4161|4485,2614.42857143|2542.54285714,17371|15887.9714286,2596.107142857143,16671.428571428572,2614.4285714285716,15887.97142857143,13273.54285714286,101,2614.4285714285716,15886.0,7619,7482.482142857143,1013.9839373448668,0.1355143811887111,2139.4222919848107,0.2859241427027161,intersection of eligible subgroup source P05-P95; pooled empirical-quantile grid
daily_steps,vs,scrf,isotonic,sex,common_support_linear,v1.5_common_support_robustness,5-fold subject-grouped cross-fitted isotonic ensemble,200,2,male|female,4161|4485,2614.42857143|2542.54285714,17371|15887.9714286,2596.107142857143,16671.428571428572,2614.4285714285716,15887.97142857143,13273.54285714286,101,2614.4285714285716,15887.97142857143,7619,7482.482142857143,1144.1715176970974,0.1529133642890595,2335.739770759268,0.312161088548536,intersection of eligible subgroup source P05-P95; equally spaced linear grid
daily_steps,vs,scrf,isotonic,bmi_group,original_grid_stage3,v1.4_original_grid_reference,full-resample subgroup isotonic; v1.4-compatible reference,100,3,<25|25-<30|>=30,2572|2741|3246,3137.23571429|2896.85714286|2406.32142857,17514.5071429|17092|15619.8214286,2596.107142857143,16671.428571428572,3137.2357142857145,15619.821428571428,12482.585714285711,101,2596.107142857143,16671.428571428572,7345,7482.482142857143,1138.123555540371,0.1521050814169781,1771.5882647494327,0.2367647835204805,pooled source P05-P95; may extend beyond a subgroup's own support
daily_steps,vs,scrf,isotonic,bmi_group,common_support_pooled_empirical_quantile,v1.5_common_support_headline,5-fold subject-grouped cross-fitted isotonic ensemble,200,3,<25|25-<30|>=30,2572|2741|3246,3137.23571429|2896.85714286|2406.32142857,17514.5071429|17092|15619.8214286,2596.107142857143,16671.428571428572,3137.2357142857145,15619.821428571428,12482.585714285711,101,3138.5714285714284,15617.0,7345,7482.482142857143,928.1084514598952,0.1240375097113833,1374.77800521093,0.1837328815443024,intersection of eligible subgroup source P05-P95; pooled empirical-quantile grid
daily_steps,vs,scrf,isotonic,bmi_group,common_support_linear,v1.5_common_support_robustness,5-fold subject-grouped cross-fitted isotonic ensemble,200,3,<25|25-<30|>=30,2572|2741|3246,3137.23571429|2896.85714286|2406.32142857,17514.5071429|17092|15619.8214286,2596.107142857143,16671.428571428572,3137.2357142857145,15619.821428571428,12482.585714285711,101,3137.2357142857145,15619.821428571428,7345,7482.482142857143,1091.88909030602,0.1459260536088748,1724.2222736219337,0.2304345323787902,intersection of eligible subgroup source P05-P95; equally spaced linear grid
daily_steps,vs,scssl,isotonic,age_group,original_grid_stage3,v1.4_original_grid_reference,full-resample subgroup isotonic; v1.4-compatible reference,100,3,20-39|40-59|60+,2757|2949|2940,4909.36|4158.82857143|1322.83571429,17316.4285714|17548.8285714|14529.3,2596.107142857143,16671.428571428572,4909.36,14529.299999999992,9619.939999999991,101,2596.107142857143,16671.428571428572,6323,5813.0,1109.2311474424732,0.1908190516845816,1403.3725780458915,0.2414196762507985,pooled source P05-P95; may extend beyond a subgroup's own support
daily_steps,vs,scssl,isotonic,age_group,common_support_pooled_empirical_quantile,v1.5_common_support_headline,5-fold subject-grouped cross-fitted isotonic ensemble,200,3,20-39|40-59|60+,2757|2949|2940,4909.36|4158.82857143|1322.83571429,17316.4285714|17548.8285714|14529.3,2596.107142857143,16671.428571428572,4909.36,14529.299999999992,9619.939999999991,101,4911.2,14527.714285714286,6323,5813.0,1068.946647721903,0.1838889812010843,1238.7857222449347,0.2131060936254833,intersection of eligible subgroup source P05-P95; pooled empirical-quantile grid
daily_steps,vs,scssl,isotonic,age_group,common_support_linear,v1.5_common_support_robustness,5-fold subject-grouped cross-fitted isotonic ensemble,200,3,20-39|40-59|60+,2757|2949|2940,4909.36|4158.82857143|1322.83571429,17316.4285714|17548.8285714|14529.3,2596.107142857143,16671.428571428572,4909.36,14529.299999999992,9619.939999999991,101,4909.36,14529.299999999992,6323,5813.0,1068.946647721903,0.1838889812010843,1222.877177368131,0.2103693750848324,intersection of eligible subgroup source P05-P95; equally spaced linear grid
daily_steps,vs,scssl,isotonic,sex,original_grid_stage3,v1.4_original_grid_reference,full-resample subgroup isotonic; v1.4-compatible reference,100,2,male|female,4161|4485,2614.42857143|2542.54285714,17371|15887.9714286,2596.107142857143,16671.428571428572,2614.4285714285716,15887.97142857143,13273.54285714286,101,2596.107142857143,16671.428571428572,7619,5813.0,2152.153286528286,0.3702310831805068,2476.113955026456,0.4259614579436532,pooled source P05-P95; may extend beyond a subgroup's own support
daily_steps,vs,scssl,isotonic,sex,common_support_pooled_empirical_quantile,v1.5_common_support_headline,5-fold subject-grouped cross-fitted isotonic ensemble,200,2,male|female,4161|4485,2614.42857143|2542.54285714,17371|15887.9714286,2596.107142857143,16671.428571428572,2614.4285714285716,15887.97142857143,13273.54285714286,101,2614.4285714285716,15886.0,7619,5813.0,1482.281761571321,0.2549942820525238,2013.7294986377349,0.3464182863646541,intersection of eligible subgroup source P05-P95; pooled empirical-quantile grid
daily_steps,vs,scssl,isotonic,sex,common_support_linear,v1.5_common_support_robustness,5-fold subject-grouped cross-fitted isotonic ensemble,200,2,male|female,4161|4485,2614.42857143|2542.54285714,17371|15887.9714286,2596.107142857143,16671.428571428572,2614.4285714285716,15887.97142857143,13273.54285714286,101,2614.4285714285716,15887.97142857143,7619,5813.0,1861.238116466584,0.32018546644875,1989.3063496139655,0.3422168156913754,intersection of eligible subgroup source P05-P95; equally spaced linear grid
daily_steps,vs,scssl,isotonic,bmi_group,original_grid_stage3,v1.4_original_grid_reference,full-resample subgroup isotonic; v1.4-compatible reference,100,3,<25|25-<30|>=30,2572|2741|3246,3137.23571429|2896.85714286|2406.32142857,17514.5071429|17092|15619.8214286,2596.107142857143,16671.428571428572,3137.2357142857145,15619.821428571428,12482.585714285711,101,2596.107142857143,16671.428571428572,7345,5813.0,1050.889478957777,0.1807826387334899,1278.5231601731602,0.2199420540466472,pooled source P05-P95; may extend beyond a subgroup's own support
daily_steps,vs,scssl,isotonic,bmi_group,common_support_pooled_empirical_quantile,v1.5_common_support_headline,5-fold subject-grouped cross-fitted isotonic ensemble,200,3,<25|25-<30|>=30,2572|2741|3246,3137.23571429|2896.85714286|2406.32142857,17514.5071429|17092|15619.8214286,2596.107142857143,16671.428571428572,3137.2357142857145,15619.821428571428,12482.585714285711,101,3138.5714285714284,15617.0,7345,5813.0,938.5476047921838,0.1614566669176301,1158.5247255783725,0.1992989378252834,intersection of eligible subgroup source P05-P95; pooled empirical-quantile grid
daily_steps,vs,scssl,isotonic,bmi_group,common_support_linear,v1.5_common_support_robustness,5-fold subject-grouped cross-fitted isotonic ensemble,200,3,<25|25-<30|>=30,2572|2741|3246,3137.23571429|2896.85714286|2406.32142857,17514.5071429|17092|15619.8214286,2596.107142857143,16671.428571428572,3137.2357142857145,15619.821428571428,12482.585714285711,101,3137.2357142857145,15619.821428571428,7345,5813.0,938.5476047921838,0.1614566669176301,1158.5247255783725,0.1992989378252834,intersection of eligible subgroup source P05-P95; equally spaced linear grid
daily_steps,vs,vsrev,isotonic,age_group,original_grid_stage3,v1.4_original_grid_reference,full-resample subgroup isotonic; v1.4-compatible reference,100,3,20-39|40-59|60+,2757|2949|2940,4909.36|4158.82857143|1322.83571429,17316.4285714|17548.8285714|14529.3,2596.107142857143,16671.428571428572,4909.36,14529.299999999992,9619.939999999991,101,2596.107142857143,16671.428571428572,6323,6301.767857142858,1587.6637057387015,0.2519394147372684,1692.6084593837531,0.2685926390425877,pooled source P05-P95; may extend beyond a subgroup's own support
daily_steps,vs,vsrev,isotonic,age_group,common_support_pooled_empirical_quantile,v1.5_common_support_headline,5-fold subject-grouped cross-fitted isotonic ensemble,200,3,20-39|40-59|60+,2757|2949|2940,4909.36|4158.82857143|1322.83571429,17316.4285714|17548.8285714|14529.3,2596.107142857143,16671.428571428572,4909.36,14529.299999999992,9619.939999999991,101,4911.2,14527.714285714286,6323,6301.767857142858,1252.9724242683317,0.1988287180157114,1680.065664180505,0.2666022776888239,intersection of eligible subgroup source P05-P95; pooled empirical-quantile grid
daily_steps,vs,vsrev,isotonic,age_group,common_support_linear,v1.5_common_support_robustness,5-fold subject-grouped cross-fitted isotonic ensemble,200,3,20-39|40-59|60+,2757|2949|2940,4909.36|4158.82857143|1322.83571429,17316.4285714|17548.8285714|14529.3,2596.107142857143,16671.428571428572,4909.36,14529.299999999992,9619.939999999991,101,4909.36,14529.299999999992,6323,6301.767857142858,1429.2176614021482,0.2267963044341873,1702.3149825373291,0.2701329247804341,intersection of eligible subgroup source P05-P95; equally spaced linear grid
daily_steps,vs,vsrev,isotonic,sex,original_grid_stage3,v1.4_original_grid_reference,full-resample subgroup isotonic; v1.4-compatible reference,100,2,male|female,4161|4485,2614.42857143|2542.54285714,17371|15887.9714286,2596.107142857143,16671.428571428572,2614.4285714285716,15887.97142857143,13273.54285714286,101,2596.107142857143,16671.428571428572,7619,6301.767857142858,375.4653987910988,0.0595809631999567,692.8938997338046,0.1099523047248449,pooled source P05-P95; may extend beyond a subgroup's own support
daily_steps,vs,vsrev,isotonic,sex,common_support_pooled_empirical_quantile,v1.5_common_support_headline,5-fold subject-grouped cross-fitted isotonic ensemble,200,2,male|female,4161|4485,2614.42857143|2542.54285714,17371|15887.9714286,2596.107142857143,16671.428571428572,2614.4285714285716,15887.97142857143,13273.54285714286,101,2614.4285714285716,15886.0,7619,6301.767857142858,315.64328508184553,0.0500880534220367,408.2285728811258,0.0647800081081075,intersection of eligible subgroup source P05-P95; pooled empirical-quantile grid
daily_steps,vs,vsrev,isotonic,sex,common_support_linear,v1.5_common_support_robustness,5-fold subject-grouped cross-fitted isotonic ensemble,200,2,male|female,4161|4485,2614.42857143|2542.54285714,17371|15887.9714286,2596.107142857143,16671.428571428572,2614.4285714285716,15887.97142857143,13273.54285714286,101,2614.4285714285716,15887.97142857143,7619,6301.767857142858,315.64328508184553,0.0500880534220367,509.62065414343306,0.0808694743596106,intersection of eligible subgroup source P05-P95; equally spaced linear grid
daily_steps,vs,vsrev,isotonic,bmi_group,original_grid_stage3,v1.4_original_grid_reference,full-resample subgroup isotonic; v1.4-compatible reference,100,3,<25|25-<30|>=30,2572|2741|3246,3137.23571429|2896.85714286|2406.32142857,17514.5071429|17092|15619.8214286,2596.107142857143,16671.428571428572,3137.2357142857145,15619.821428571428,12482.585714285711,101,2596.107142857143,16671.428571428572,7345,6301.767857142858,669.680329407749,0.1062686447024047,1010.1648343208252,0.1602986427333775,pooled source P05-P95; may extend beyond a subgroup's own support
daily_steps,vs,vsrev,isotonic,bmi_group,common_support_pooled_empirical_quantile,v1.5_common_support_headline,5-fold subject-grouped cross-fitted isotonic ensemble,200,3,<25|25-<30|>=30,2572|2741|3246,3137.23571429|2896.85714286|2406.32142857,17514.5071429|17092|15619.8214286,2596.107142857143,16671.428571428572,3137.2357142857145,15619.821428571428,12482.585714285711,101,3138.5714285714284,15617.0,7345,6301.767857142858,530.3183722750109,0.0841539047925911,827.066765663043,0.1312436104299825,intersection of eligible subgroup source P05-P95; pooled empirical-quantile grid
daily_steps,vs,vsrev,isotonic,bmi_group,common_support_linear,v1.5_common_support_robustness,5-fold subject-grouped cross-fitted isotonic ensemble,200,3,<25|25-<30|>=30,2572|2741|3246,3137.23571429|2896.85714286|2406.32142857,17514.5071429|17092|15619.8214286,2596.107142857143,16671.428571428572,3137.2357142857145,15619.821428571428,12482.585714285711,101,3137.2357142857145,15619.821428571428,7345,6301.767857142858,538.0780776220872,0.0853852585210977,879.5346695881599,0.1395695127981007,intersection of eligible subgroup source P05-P95; equally spaced linear grid
daily_steps,vsrev,acti,isotonic,age_group,original_grid_stage3,v1.4_original_grid_reference,full-resample subgroup isotonic; v1.4-compatible reference,100,3,20-39|40-59|60+,2757|2949|2940,4291.69142857|2992.7047619|605.7,18786.3714286|18385.5428571|14051.1785714,1584.392857142857,17553.839285714286,4291.691428571428,14051.178571428569,9759.48714285714,101,1584.392857142857,17553.839285714286,5843,5482.084523809524,1551.5038492063504,0.2830134855578993,1768.7233646094885,0.3226370109631937,pooled source P05-P95; may extend beyond a subgroup's own support
daily_steps,vsrev,acti,isotonic,age_group,common_support_pooled_empirical_quantile,v1.5_common_support_headline,5-fold subject-grouped cross-fitted isotonic ensemble,200,3,20-39|40-59|60+,2757|2949|2940,4291.69142857|2992.7047619|605.7,18786.3714286|18385.5428571|14051.1785714,1584.392857142857,17553.839285714286,4291.691428571428,14051.178571428569,9759.48714285714,101,4292.714285714285,14050.57142857143,5843,5482.084523809524,1301.6015943214295,0.2374282243676427,1351.0939046089643,0.2464562337083564,intersection of eligible subgroup source P05-P95; pooled empirical-quantile grid
daily_steps,vsrev,acti,isotonic,age_group,common_support_linear,v1.5_common_support_robustness,5-fold subject-grouped cross-fitted isotonic ensemble,200,3,20-39|40-59|60+,2757|2949|2940,4291.69142857|2992.7047619|605.7,18786.3714286|18385.5428571|14051.1785714,1584.392857142857,17553.839285714286,4291.691428571428,14051.178571428569,9759.48714285714,101,4291.691428571428,14051.178571428569,5843,5482.084523809524,1301.6015943214295,0.2374282243676427,1368.297155376193,0.2495943193567101,intersection of eligible subgroup source P05-P95; equally spaced linear grid
daily_steps,vsrev,acti,isotonic,sex,original_grid_stage3,v1.4_original_grid_reference,full-resample subgroup isotonic; v1.4-compatible reference,100,2,male|female,4161|4485,1626.71428571|1572.28571429,18337.3333333|16644.0571429,1584.392857142857,17553.839285714286,1626.7142857142858,16644.05714285715,15017.342857142865,101,1584.392857142857,17553.839285714286,7628,5482.084523809524,975.8217241033816,0.1780019479570663,1223.913684075782,0.2232569889720122,pooled source P05-P95; may extend beyond a subgroup's own support
daily_steps,vsrev,acti,isotonic,sex,common_support_pooled_empirical_quantile,v1.5_common_support_headline,5-fold subject-grouped cross-fitted isotonic ensemble,200,2,male|female,4161|4485,1626.71428571|1572.28571429,18337.3333333|16644.0571429,1584.392857142857,17553.839285714286,1626.7142857142858,16644.05714285715,15017.342857142865,101,1626.7142857142858,16619.428571428572,7628,5482.084523809524,641.5904229310763,0.1170340260432964,1130.8347049002805,0.2062782323017629,intersection of eligible subgroup source P05-P95; pooled empirical-quantile grid
daily_steps,vsrev,acti,isotonic,sex,common_support_linear,v1.5_common_support_robustness,5-fold subject-grouped cross-fitted isotonic ensemble,200,2,male|female,4161|4485,1626.71428571|1572.28571429,18337.3333333|16644.0571429,1584.392857142857,17553.839285714286,1626.7142857142858,16644.05714285715,15017.342857142865,101,1626.7142857142858,16644.05714285715,7628,5482.084523809524,748.0030943870079,0.1364450130490175,1130.8347049002805,0.2062782323017629,intersection of eligible subgroup source P05-P95; equally spaced linear grid
daily_steps,vsrev,acti,isotonic,bmi_group,original_grid_stage3,v1.4_original_grid_reference,full-resample subgroup isotonic; v1.4-compatible reference,100,3,<25|25-<30|>=30,2572|2741|3246,1994.12142857|1793.71428571|1469.69285714,18698.05|18111.7142857|16347.1428571,1584.392857142857,17553.839285714286,1994.121428571429,16347.142857142857,14353.021428571428,101,1584.392857142857,17553.839285714286,7400,5482.084523809524,806.9774101382463,0.1472026574259154,954.8475972706146,0.1741760078896206,pooled source P05-P95; may extend beyond a subgroup's own support
daily_steps,vsrev,acti,isotonic,bmi_group,common_support_pooled_empirical_quantile,v1.5_common_support_headline,5-fold subject-grouped cross-fitted isotonic ensemble,200,3,<25|25-<30|>=30,2572|2741|3246,1994.12142857|1793.71428571|1469.69285714,18698.05|18111.7142857|16347.1428571,1584.392857142857,17553.839285714286,1994.121428571429,16347.142857142857,14353.021428571428,101,1994.2857142857144,16341.285714285714,7400,5482.084523809524,640.0956384761375,0.116761358876556,930.0451820254384,0.1696517406811425,intersection of eligible subgroup source P05-P95; pooled empirical-quantile grid
daily_steps,vsrev,acti,isotonic,bmi_group,common_support_linear,v1.5_common_support_robustness,5-fold subject-grouped cross-fitted isotonic ensemble,200,3,<25|25-<30|>=30,2572|2741|3246,1994.12142857|1793.71428571|1469.69285714,18698.05|18111.7142857|16347.1428571,1584.392857142857,17553.839285714286,1994.121428571429,16347.142857142857,14353.021428571428,101,1994.121428571429,16347.142857142857,7400,5482.084523809524,830.7633222937111,0.1515415019023475,1008.4535409911332,0.1839543948312483,intersection of eligible subgroup source P05-P95; equally spaced linear grid
daily_steps,vsrev,adept,isotonic,age_group,original_grid_stage3,v1.4_original_grid_reference,full-resample subgroup isotonic; v1.4-compatible reference,100,3,20-39|40-59|60+,2757|2949|2940,4291.69142857|2992.7047619|605.7,18786.3714286|18385.5428571|14051.1785714,1584.392857142857,17553.839285714286,4291.691428571428,14051.178571428569,9759.48714285714,101,1584.392857142857,17553.839285714286,5843,1919.4027944454592,501.1008212082584,0.2610712158273339,887.665791488867,0.4624697817767454,pooled source P05-P95; may extend beyond a subgroup's own support
daily_steps,vsrev,adept,isotonic,age_group,common_support_pooled_empirical_quantile,v1.5_common_support_headline,5-fold subject-grouped cross-fitted isotonic ensemble,200,3,20-39|40-59|60+,2757|2949|2940,4291.69142857|2992.7047619|605.7,18786.3714286|18385.5428571|14051.1785714,1584.392857142857,17553.839285714286,4291.691428571428,14051.178571428569,9759.48714285714,101,4292.714285714285,14050.57142857143,5843,1919.4027944454592,466.6119128103032,0.2431026536798981,516.898184408054,0.2693015691671912,intersection of eligible subgroup source P05-P95; pooled empirical-quantile grid
daily_steps,vsrev,adept,isotonic,age_group,common_support_linear,v1.5_common_support_robustness,5-fold subject-grouped cross-fitted isotonic ensemble,200,3,20-39|40-59|60+,2757|2949|2940,4291.69142857|2992.7047619|605.7,18786.3714286|18385.5428571|14051.1785714,1584.392857142857,17553.839285714286,4291.691428571428,14051.178571428569,9759.48714285714,101,4291.691428571428,14051.178571428569,5843,1919.4027944454592,469.1168450287282,0.2444077118082253,516.898184408054,0.2693015691671912,intersection of eligible subgroup source P05-P95; equally spaced linear grid
daily_steps,vsrev,adept,isotonic,sex,original_grid_stage3,v1.4_original_grid_reference,full-resample subgroup isotonic; v1.4-compatible reference,100,2,male|female,4161|4485,1626.71428571|1572.28571429,18337.3333333|16644.0571429,1584.392857142857,17553.839285714286,1626.7142857142858,16644.05714285715,15017.342857142865,101,1584.392857142857,17553.839285714286,7628,1919.4027944454592,963.8948600490558,0.5021847747843555,1184.8034396746507,0.6172771255222413,pooled source P05-P95; may extend beyond a subgroup's own support
daily_steps,vsrev,adept,isotonic,sex,common_support_pooled_empirical_quantile,v1.5_common_support_headline,5-fold subject-grouped cross-fitted isotonic ensemble,200,2,male|female,4161|4485,1626.71428571|1572.28571429,18337.3333333|16644.0571429,1584.392857142857,17553.839285714286,1626.7142857142858,16644.05714285715,15017.342857142865,101,1626.7142857142858,16619.428571428572,7628,1919.4027944454592,685.0900865165167,0.3569287741474025,959.5338933560224,0.4999127312582893,intersection of eligible subgroup source P05-P95; pooled empirical-quantile grid
daily_steps,vsrev,adept,isotonic,sex,common_support_linear,v1.5_common_support_robustness,5-fold subject-grouped cross-fitted isotonic ensemble,200,2,male|female,4161|4485,1626.71428571|1572.28571429,18337.3333333|16644.0571429,1584.392857142857,17553.839285714286,1626.7142857142858,16644.05714285715,15017.342857142865,101,1626.7142857142858,16644.05714285715,7628,1919.4027944454592,742.8478995144992,0.3870203282313745,948.8682924300168,0.4943560023857094,intersection of eligible subgroup source P05-P95; equally spaced linear grid
daily_steps,vsrev,adept,isotonic,bmi_group,original_grid_stage3,v1.4_original_grid_reference,full-resample subgroup isotonic; v1.4-compatible reference,100,3,<25|25-<30|>=30,2572|2741|3246,1994.12142857|1793.71428571|1469.69285714,18698.05|18111.7142857|16347.1428571,1584.392857142857,17553.839285714286,1994.121428571429,16347.142857142857,14353.021428571428,101,1584.392857142857,17553.839285714286,7400,1919.4027944454592,529.3149677671281,0.2757706560076433,632.3190470829968,0.3294353060821098,pooled source P05-P95; may extend beyond a subgroup's own support
daily_steps,vsrev,adept,isotonic,bmi_group,common_support_pooled_empirical_quantile,v1.5_common_support_headline,5-fold subject-grouped cross-fitted isotonic ensemble,200,3,<25|25-<30|>=30,2572|2741|3246,1994.12142857|1793.71428571|1469.69285714,18698.05|18111.7142857|16347.1428571,1584.392857142857,17553.839285714286,1994.121428571429,16347.142857142857,14353.021428571428,101,1994.2857142857144,16341.285714285714,7400,1919.4027944454592,457.3352485418727,0.2382695543975191,532.9043703175539,0.2776407181753202,intersection of eligible subgroup source P05-P95; pooled empirical-quantile grid
daily_steps,vsrev,adept,isotonic,bmi_group,common_support_linear,v1.5_common_support_robustness,5-fold subject-grouped cross-fitted isotonic ensemble,200,3,<25|25-<30|>=30,2572|2741|3246,1994.12142857|1793.71428571|1469.69285714,18698.05|18111.7142857|16347.1428571,1584.392857142857,17553.839285714286,1994.121428571429,16347.142857142857,14353.021428571428,101,1994.121428571429,16347.142857142857,7400,1919.4027944454592,456.6596269874208,0.2379175586848907,536.3190023323532,0.2794197257003071,intersection of eligible subgroup source P05-P95; equally spaced linear grid
daily_steps,vsrev,oak,isotonic,age_group,original_grid_stage3,v1.4_original_grid_reference,full-resample subgroup isotonic; v1.4-compatible reference,100,3,20-39|40-59|60+,2757|2949|2940,4291.69142857|2992.7047619|605.7,18786.3714286|18385.5428571|14051.1785714,1584.392857142857,17553.839285714286,4291.691428571428,14051.178571428569,9759.48714285714,101,1584.392857142857,17553.839285714286,5843,6887.578571428576,1469.0692404884649,0.2132925563393987,1592.9416718426546,0.2312774591712944,pooled source P05-P95; may extend beyond a subgroup's own support
daily_steps,vsrev,oak,isotonic,age_group,common_support_pooled_empirical_quantile,v1.5_common_support_headline,5-fold subject-grouped cross-fitted isotonic ensemble,200,3,20-39|40-59|60+,2757|2949|2940,4291.69142857|2992.7047619|605.7,18786.3714286|18385.5428571|14051.1785714,1584.392857142857,17553.839285714286,4291.691428571428,14051.178571428569,9759.48714285714,101,4292.714285714285,14050.57142857143,5843,6887.578571428576,740.4760193322072,0.1075089034053113,1073.4618023196326,0.1558547450583902,intersection of eligible subgroup source P05-P95; pooled empirical-quantile grid
daily_steps,vsrev,oak,isotonic,age_group,common_support_linear,v1.5_common_support_robustness,5-fold subject-grouped cross-fitted isotonic ensemble,200,3,20-39|40-59|60+,2757|2949|2940,4291.69142857|2992.7047619|605.7,18786.3714286|18385.5428571|14051.1785714,1584.392857142857,17553.839285714286,4291.691428571428,14051.178571428569,9759.48714285714,101,4291.691428571428,14051.178571428569,5843,6887.578571428576,810.6431808625348,0.1176963968476945,1091.9986163437045,0.1585460848132595,intersection of eligible subgroup source P05-P95; equally spaced linear grid
daily_steps,vsrev,oak,isotonic,sex,original_grid_stage3,v1.4_original_grid_reference,full-resample subgroup isotonic; v1.4-compatible reference,100,2,male|female,4161|4485,1626.71428571|1572.28571429,18337.3333333|16644.0571429,1584.392857142857,17553.839285714286,1626.7142857142858,16644.05714285715,15017.342857142865,101,1584.392857142857,17553.839285714286,7628,6887.578571428576,626.3795751231519,0.0909433654552462,798.712898478836,0.1159642521962798,pooled source P05-P95; may extend beyond a subgroup's own support
daily_steps,vsrev,oak,isotonic,sex,common_support_pooled_empirical_quantile,v1.5_common_support_headline,5-fold subject-grouped cross-fitted isotonic ensemble,200,2,male|female,4161|4485,1626.71428571|1572.28571429,18337.3333333|16644.0571429,1584.392857142857,17553.839285714286,1626.7142857142858,16644.05714285715,15017.342857142865,101,1626.7142857142858,16619.428571428572,7628,6887.578571428576,547.3388743776413,0.0794675325589956,713.5906267115552,0.1036054426546522,intersection of eligible subgroup source P05-P95; pooled empirical-quantile grid
daily_steps,vsrev,oak,isotonic,sex,common_support_linear,v1.5_common_support_robustness,5-fold subject-grouped cross-fitted isotonic ensemble,200,2,male|female,4161|4485,1626.71428571|1572.28571429,18337.3333333|16644.0571429,1584.392857142857,17553.839285714286,1626.7142857142858,16644.05714285715,15017.342857142865,101,1626.7142857142858,16644.05714285715,7628,6887.578571428576,547.3388743776413,0.0794675325589956,691.2438985488479,0.1003609456328096,intersection of eligible subgroup source P05-P95; equally spaced linear grid
daily_steps,vsrev,oak,isotonic,bmi_group,original_grid_stage3,v1.4_original_grid_reference,full-resample subgroup isotonic; v1.4-compatible reference,100,3,<25|25-<30|>=30,2572|2741|3246,1994.12142857|1793.71428571|1469.69285714,18698.05|18111.7142857|16347.1428571,1584.392857142857,17553.839285714286,1994.121428571429,16347.142857142857,14353.021428571428,101,1584.392857142857,17553.839285714286,7400,6887.578571428576,907.2373684210544,0.1317208012964825,1063.2747408963623,0.1543756967516996,pooled source P05-P95; may extend beyond a subgroup's own support
daily_steps,vsrev,oak,isotonic,bmi_group,common_support_pooled_empirical_quantile,v1.5_common_support_headline,5-fold subject-grouped cross-fitted isotonic ensemble,200,3,<25|25-<30|>=30,2572|2741|3246,1994.12142857|1793.71428571|1469.69285714,18698.05|18111.7142857|16347.1428571,1584.392857142857,17553.839285714286,1994.121428571429,16347.142857142857,14353.021428571428,101,1994.2857142857144,16341.285714285714,7400,6887.578571428576,797.3304236283784,0.1157635321847227,1109.382225597932,0.1610699920288287,intersection of eligible subgroup source P05-P95; pooled empirical-quantile grid
daily_steps,vsrev,oak,isotonic,bmi_group,common_support_linear,v1.5_common_support_robustness,5-fold subject-grouped cross-fitted isotonic ensemble,200,3,<25|25-<30|>=30,2572|2741|3246,1994.12142857|1793.71428571|1469.69285714,18698.05|18111.7142857|16347.1428571,1584.392857142857,17553.839285714286,1994.121428571429,16347.142857142857,14353.021428571428,101,1994.121428571429,16347.142857142857,7400,6887.578571428576,855.1598276573932,0.1241597201090109,1109.9679855659451,0.1611550378779523,intersection of eligible subgroup source P05-P95; equally spaced linear grid
daily_steps,vsrev,scrf,isotonic,age_group,original_grid_stage3,v1.4_original_grid_reference,full-resample subgroup isotonic; v1.4-compatible reference,100,3,20-39|40-59|60+,2757|2949|2940,4291.69142857|2992.7047619|605.7,18786.3714286|18385.5428571|14051.1785714,1584.392857142857,17553.839285714286,4291.691428571428,14051.178571428569,9759.48714285714,101,1584.392857142857,17553.839285714286,5843,7482.482142857143,1399.9507482993183,0.1870971051545678,1799.1390471466402,0.2404468213618281,pooled source P05-P95; may extend beyond a subgroup's own support
daily_steps,vsrev,scrf,isotonic,age_group,common_support_pooled_empirical_quantile,v1.5_common_support_headline,5-fold subject-grouped cross-fitted isotonic ensemble,200,3,20-39|40-59|60+,2757|2949|2940,4291.69142857|2992.7047619|605.7,18786.3714286|18385.5428571|14051.1785714,1584.392857142857,17553.839285714286,4291.691428571428,14051.178571428569,9759.48714285714,101,4292.714285714285,14050.57142857143,5843,7482.482142857143,978.5651700502222,0.1307808226424397,1818.1153470808383,0.2429829182841994,intersection of eligible subgroup source P05-P95; pooled empirical-quantile grid
daily_steps,vsrev,scrf,isotonic,age_group,common_support_linear,v1.5_common_support_robustness,5-fold subject-grouped cross-fitted isotonic ensemble,200,3,20-39|40-59|60+,2757|2949|2940,4291.69142857|2992.7047619|605.7,18786.3714286|18385.5428571|14051.1785714,1584.392857142857,17553.839285714286,4291.691428571428,14051.178571428569,9759.48714285714,101,4291.691428571428,14051.178571428569,5843,7482.482142857143,1026.3029996315545,0.1371607683168711,1818.1153470808383,0.2429829182841994,intersection of eligible subgroup source P05-P95; equally spaced linear grid
daily_steps,vsrev,scrf,isotonic,sex,original_grid_stage3,v1.4_original_grid_reference,full-resample subgroup isotonic; v1.4-compatible reference,100,2,male|female,4161|4485,1626.71428571|1572.28571429,18337.3333333|16644.0571429,1584.392857142857,17553.839285714286,1626.7142857142858,16644.05714285715,15017.342857142865,101,1584.392857142857,17553.839285714286,7628,7482.482142857143,1607.2904661035536,0.2148071235476171,2061.6230069555895,0.2755266190542982,pooled source P05-P95; may extend beyond a subgroup's own support
daily_steps,vsrev,scrf,isotonic,sex,common_support_pooled_empirical_quantile,v1.5_common_support_headline,5-fold subject-grouped cross-fitted isotonic ensemble,200,2,male|female,4161|4485,1626.71428571|1572.28571429,18337.3333333|16644.0571429,1584.392857142857,17553.839285714286,1626.7142857142858,16644.05714285715,15017.342857142865,101,1626.7142857142858,16619.428571428572,7628,7482.482142857143,936.2537143392074,0.1251260873683427,1803.7714263038688,0.2410659179488678,intersection of eligible subgroup source P05-P95; pooled empirical-quantile grid
daily_steps,vsrev,scrf,isotonic,sex,common_support_linear,v1.5_common_support_robustness,5-fold subject-grouped cross-fitted isotonic ensemble,200,2,male|female,4161|4485,1626.71428571|1572.28571429,18337.3333333|16644.0571429,1584.392857142857,17553.839285714286,1626.7142857142858,16644.05714285715,15017.342857142865,101,1626.7142857142858,16644.05714285715,7628,7482.482142857143,1641.9024982793635,0.2194328655828121,1859.9785540688936,0.2485777471376191,intersection of eligible subgroup source P05-P95; equally spaced linear grid
daily_steps,vsrev,scrf,isotonic,bmi_group,original_grid_stage3,v1.4_original_grid_reference,full-resample subgroup isotonic; v1.4-compatible reference,100,3,<25|25-<30|>=30,2572|2741|3246,1994.12142857|1793.71428571|1469.69285714,18698.05|18111.7142857|16347.1428571,1584.392857142857,17553.839285714286,1994.121428571429,16347.142857142857,14353.021428571428,101,1584.392857142857,17553.839285714286,7400,7482.482142857143,1610.3279621435686,0.2152130711973439,1724.4784501315553,0.2304687692142053,pooled source P05-P95; may extend beyond a subgroup's own support
daily_steps,vsrev,scrf,isotonic,bmi_group,common_support_pooled_empirical_quantile,v1.5_common_support_headline,5-fold subject-grouped cross-fitted isotonic ensemble,200,3,<25|25-<30|>=30,2572|2741|3246,1994.12142857|1793.71428571|1469.69285714,18698.05|18111.7142857|16347.1428571,1584.392857142857,17553.839285714286,1994.121428571429,16347.142857142857,14353.021428571428,101,1994.2857142857144,16341.285714285714,7400,7482.482142857143,1192.8063111643078,0.1594131851424428,1557.2715331333056,0.2081223186907159,intersection of eligible subgroup source P05-P95; pooled empirical-quantile grid
daily_steps,vsrev,scrf,isotonic,bmi_group,common_support_linear,v1.5_common_support_robustness,5-fold subject-grouped cross-fitted isotonic ensemble,200,3,<25|25-<30|>=30,2572|2741|3246,1994.12142857|1793.71428571|1469.69285714,18698.05|18111.7142857|16347.1428571,1584.392857142857,17553.839285714286,1994.121428571429,16347.142857142857,14353.021428571428,101,1994.121428571429,16347.142857142857,7400,7482.482142857143,1282.8349209910791,0.1714451029082224,1557.2715331333056,0.2081223186907159,intersection of eligible subgroup source P05-P95; equally spaced linear grid
daily_steps,vsrev,scssl,isotonic,age_group,original_grid_stage3,v1.4_original_grid_reference,full-resample subgroup isotonic; v1.4-compatible reference,100,3,20-39|40-59|60+,2757|2949|2940,4291.69142857|2992.7047619|605.7,18786.3714286|18385.5428571|14051.1785714,1584.392857142857,17553.839285714286,4291.691428571428,14051.178571428569,9759.48714285714,101,1584.392857142857,17553.839285714286,5843,5813.0,1852.4600414078668,0.3186753898860944,2257.7650109985425,0.3883992793735665,pooled source P05-P95; may extend beyond a subgroup's own support
daily_steps,vsrev,scssl,isotonic,age_group,common_support_pooled_empirical_quantile,v1.5_common_support_headline,5-fold subject-grouped cross-fitted isotonic ensemble,200,3,20-39|40-59|60+,2757|2949|2940,4291.69142857|2992.7047619|605.7,18786.3714286|18385.5428571|14051.1785714,1584.392857142857,17553.839285714286,4291.691428571428,14051.178571428569,9759.48714285714,101,4292.714285714285,14050.57142857143,5843,5813.0,1859.3120627761928,0.3198541308749686,2106.516430058424,0.3623802563320873,intersection of eligible subgroup source P05-P95; pooled empirical-quantile grid
daily_steps,vsrev,scssl,isotonic,age_group,common_support_linear,v1.5_common_support_robustness,5-fold subject-grouped cross-fitted isotonic ensemble,200,3,20-39|40-59|60+,2757|2949|2940,4291.69142857|2992.7047619|605.7,18786.3714286|18385.5428571|14051.1785714,1584.392857142857,17553.839285714286,4291.691428571428,14051.178571428569,9759.48714285714,101,4291.691428571428,14051.178571428569,5843,5813.0,1898.6775543443343,0.3266261060286142,2106.516430058424,0.3623802563320873,intersection of eligible subgroup source P05-P95; equally spaced linear grid
daily_steps,vsrev,scssl,isotonic,sex,original_grid_stage3,v1.4_original_grid_reference,full-resample subgroup isotonic; v1.4-compatible reference,100,2,male|female,4161|4485,1626.71428571|1572.28571429,18337.3333333|16644.0571429,1584.392857142857,17553.839285714286,1626.7142857142858,16644.05714285715,15017.342857142865,101,1584.392857142857,17553.839285714286,7628,5813.0,2337.224256302523,0.4020685113198904,2619.6824947089954,0.4506592972146904,pooled source P05-P95; may extend beyond a subgroup's own support
daily_steps,vsrev,scssl,isotonic,sex,common_support_pooled_empirical_quantile,v1.5_common_support_headline,5-fold subject-grouped cross-fitted isotonic ensemble,200,2,male|female,4161|4485,1626.71428571|1572.28571429,18337.3333333|16644.0571429,1584.392857142857,17553.839285714286,1626.7142857142858,16644.05714285715,15017.342857142865,101,1626.7142857142858,16619.428571428572,7628,5813.0,1951.2351352497335,0.3356674927317621,2533.542506985843,0.4358407890909759,intersection of eligible subgroup source P05-P95; pooled empirical-quantile grid
daily_steps,vsrev,scssl,isotonic,sex,common_support_linear,v1.5_common_support_robustness,5-fold subject-grouped cross-fitted isotonic ensemble,200,2,male|female,4161|4485,1626.71428571|1572.28571429,18337.3333333|16644.0571429,1584.392857142857,17553.839285714286,1626.7142857142858,16644.05714285715,15017.342857142865,101,1626.7142857142858,16644.05714285715,7628,5813.0,2372.815207403178,0.4081911590234265,2571.6811776009436,0.4424017164288566,intersection of eligible subgroup source P05-P95; equally spaced linear grid
daily_steps,vsrev,scssl,isotonic,bmi_group,original_grid_stage3,v1.4_original_grid_reference,full-resample subgroup isotonic; v1.4-compatible reference,100,3,<25|25-<30|>=30,2572|2741|3246,1994.12142857|1793.71428571|1469.69285714,18698.05|18111.7142857|16347.1428571,1584.392857142857,17553.839285714286,1994.121428571429,16347.142857142857,14353.021428571428,101,1584.392857142857,17553.839285714286,7400,5813.0,1231.3959603034446,0.2118348460869507,1444.978413120567,0.2485770536935432,pooled source P05-P95; may extend beyond a subgroup's own support
daily_steps,vsrev,scssl,isotonic,bmi_group,common_support_pooled_empirical_quantile,v1.5_common_support_headline,5-fold subject-grouped cross-fitted isotonic ensemble,200,3,<25|25-<30|>=30,2572|2741|3246,1994.12142857|1793.71428571|1469.69285714,18698.05|18111.7142857|16347.1428571,1584.392857142857,17553.839285714286,1994.121428571429,16347.142857142857,14353.021428571428,101,1994.2857142857144,16341.285714285714,7400,5813.0,1167.5442211064246,0.2008505455197702,1248.9974303251502,0.2148627955143902,intersection of eligible subgroup source P05-P95; pooled empirical-quantile grid
daily_steps,vsrev,scssl,isotonic,bmi_group,common_support_linear,v1.5_common_support_robustness,5-fold subject-grouped cross-fitted isotonic ensemble,200,3,<25|25-<30|>=30,2572|2741|3246,1994.12142857|1793.71428571|1469.69285714,18698.05|18111.7142857|16347.1428571,1584.392857142857,17553.839285714286,1994.121428571429,16347.142857142857,14353.021428571428,101,1994.121428571429,16347.142857142857,7400,5813.0,1166.81573412766,0.2007252252068914,1210.571703526116,0.2082524864142639,intersection of eligible subgroup source P05-P95; equally spaced linear grid
daily_steps,vsrev,vs,isotonic,age_group,original_grid_stage3,v1.4_original_grid_reference,full-resample subgroup isotonic; v1.4-compatible reference,100,3,20-39|40-59|60+,2757|2949|2940,4291.69142857|2992.7047619|605.7,18786.3714286|18385.5428571|14051.1785714,1584.392857142857,17553.839285714286,4291.691428571428,14051.178571428569,9759.48714285714,101,1584.392857142857,17553.839285714286,5843,5559.857142857143,1362.6124542124562,0.2450804794441582,1685.7310924369722,0.3031968356601867,pooled source P05-P95; may extend beyond a subgroup's own support
daily_steps,vsrev,vs,isotonic,age_group,common_support_pooled_empirical_quantile,v1.5_common_support_headline,5-fold subject-grouped cross-fitted isotonic ensemble,200,3,20-39|40-59|60+,2757|2949|2940,4291.69142857|2992.7047619|605.7,18786.3714286|18385.5428571|14051.1785714,1584.392857142857,17553.839285714286,4291.691428571428,14051.178571428569,9759.48714285714,101,4292.714285714285,14050.57142857143,5843,5559.857142857143,1032.9179733614892,0.1857813873308775,1262.2135813776022,0.2270226642422265,intersection of eligible subgroup source P05-P95; pooled empirical-quantile grid
daily_steps,vsrev,vs,isotonic,age_group,common_support_linear,v1.5_common_support_robustness,5-fold subject-grouped cross-fitted isotonic ensemble,200,3,20-39|40-59|60+,2757|2949|2940,4291.69142857|2992.7047619|605.7,18786.3714286|18385.5428571|14051.1785714,1584.392857142857,17553.839285714286,4291.691428571428,14051.178571428569,9759.48714285714,101,4291.691428571428,14051.178571428569,5843,5559.857142857143,1043.0597232330765,0.1876054899311784,1257.4542747300893,0.2261666518438455,intersection of eligible subgroup source P05-P95; equally spaced linear grid
daily_steps,vsrev,vs,isotonic,sex,original_grid_stage3,v1.4_original_grid_reference,full-resample subgroup isotonic; v1.4-compatible reference,100,2,male|female,4161|4485,1626.71428571|1572.28571429,18337.3333333|16644.0571429,1584.392857142857,17553.839285714286,1626.7142857142858,16644.05714285715,15017.342857142865,101,1584.392857142857,17553.839285714286,7628,5559.857142857143,389.0595848595822,0.0699765434368065,452.2698192790658,0.0813455827475901,pooled source P05-P95; may extend beyond a subgroup's own support
daily_steps,vsrev,vs,isotonic,sex,common_support_pooled_empirical_quantile,v1.5_common_support_headline,5-fold subject-grouped cross-fitted isotonic ensemble,200,2,male|female,4161|4485,1626.71428571|1572.28571429,18337.3333333|16644.0571429,1584.392857142857,17553.839285714286,1626.7142857142858,16644.05714285715,15017.342857142865,101,1626.7142857142858,16619.428571428572,7628,5559.857142857143,296.2240535172077,0.0532790764053663,435.3049701000855,0.0782942724813227,intersection of eligible subgroup source P05-P95; pooled empirical-quantile grid
daily_steps,vsrev,vs,isotonic,sex,common_support_linear,v1.5_common_support_robustness,5-fold subject-grouped cross-fitted isotonic ensemble,200,2,male|female,4161|4485,1626.71428571|1572.28571429,18337.3333333|16644.0571429,1584.392857142857,17553.839285714286,1626.7142857142858,16644.05714285715,15017.342857142865,101,1626.7142857142858,16644.05714285715,7628,5559.857142857143,314.07036421536213,0.0564889269895818,435.3049701000855,0.0782942724813227,intersection of eligible subgroup source P05-P95; equally spaced linear grid
daily_steps,vsrev,vs,isotonic,bmi_group,original_grid_stage3,v1.4_original_grid_reference,full-resample subgroup isotonic; v1.4-compatible reference,100,3,<25|25-<30|>=30,2572|2741|3246,1994.12142857|1793.71428571|1469.69285714,18698.05|18111.7142857|16347.1428571,1584.392857142857,17553.839285714286,1994.121428571429,16347.142857142857,14353.021428571428,101,1584.392857142857,17553.839285714286,7400,5559.857142857143,608.617706766916,0.1094664289259336,716.2047799355623,0.1288171191333008,pooled source P05-P95; may extend beyond a subgroup's own support
daily_steps,vsrev,vs,isotonic,bmi_group,common_support_pooled_empirical_quantile,v1.5_common_support_headline,5-fold subject-grouped cross-fitted isotonic ensemble,200,3,<25|25-<30|>=30,2572|2741|3246,1994.12142857|1793.71428571|1469.69285714,18698.05|18111.7142857|16347.1428571,1584.392857142857,17553.839285714286,1994.121428571429,16347.142857142857,14353.021428571428,101,1994.2857142857144,16341.285714285714,7400,5559.857142857143,427.09513916666583,0.0768176462439081,586.9527293732426,0.1055697501377912,intersection of eligible subgroup source P05-P95; pooled empirical-quantile grid
daily_steps,vsrev,vs,isotonic,bmi_group,common_support_linear,v1.5_common_support_robustness,5-fold subject-grouped cross-fitted isotonic ensemble,200,3,<25|25-<30|>=30,2572|2741|3246,1994.12142857|1793.71428571|1469.69285714,18698.05|18111.7142857|16347.1428571,1584.392857142857,17553.839285714286,1994.121428571429,16347.142857142857,14353.021428571428,101,1994.121428571429,16347.142857142857,7400,5559.857142857143,517.6098783337002,0.0930976938856574,657.8531648075132,0.1183219546661679,intersection of eligible subgroup source P05-P95; equally spaced linear grid
