source_algorithm,target_algorithm,knot_index,source_input_steps,predicted_target_steps,within_released_p05_p95_support
acti,adept,1,828.2857142857143,22.212825872294207,False
acti,adept,2,840.1428571428571,75.0141560247507,False
acti,adept,3,1093.5714285714287,75.0141560247507,False
acti,adept,4,1132.3333333333333,116.38659356341608,False
acti,adept,5,2513.714285714286,116.38659356341608,False
acti,adept,6,2516.714285714286,137.9510587908092,False
acti,adept,7,2585.285714285714,137.9510587908092,False
acti,adept,8,2632.4285714285716,166.24224063545716,False
acti,adept,9,3193.0,166.24224063545716,False
acti,adept,10,3263.0,169.98191220334175,False
acti,adept,11,3285.4285714285716,169.98191220334175,False
acti,adept,12,3300.4285714285716,192.1124680438853,False
acti,adept,13,3341.1428571428573,192.1124680438853,False
acti,adept,14,3353.1428571428573,222.0447178263219,False
acti,adept,15,3427.5714285714284,222.0447178263219,False
acti,adept,16,3436.1428571428573,262.9166601277671,False
acti,adept,17,3671.4285714285716,262.9166601277671,False
acti,adept,18,3672.0,304.1321513753871,False
acti,adept,19,3788.1428571428573,304.1321513753871,False
acti,adept,20,3791.5714285714284,307.04715015086913,False
acti,adept,21,3844.4285714285716,307.04715015086913,False
acti,adept,22,3846.1428571428573,319.0234125264318,False
acti,adept,23,4118.857142857143,319.0234125264318,False
acti,adept,24,4120.714285714285,379.28509395102407,False
acti,adept,25,4366.857142857143,379.28509395102407,False
acti,adept,26,4374.857142857143,393.02360054886316,False
acti,adept,27,4520.428571428572,393.02360054886316,False
acti,adept,28,4535.714285714285,404.42770690611735,False
acti,adept,29,4662.0,404.42770690611735,False
acti,adept,30,4687.0,481.53295275119035,False
acti,adept,31,4873.285714285715,481.53295275119035,False
acti,adept,32,4877.0,564.7246531474158,False
acti,adept,33,5545.428571428572,564.7246531474158,True
acti,adept,34,5545.714285714285,698.434204221982,True
acti,adept,35,5835.857142857143,698.434204221982,True
acti,adept,36,5850.0,700.3476817168959,True
acti,adept,37,5882.166666666667,700.3476817168959,True
acti,adept,38,5882.428571428572,752.8521604910229,True
acti,adept,39,6122.428571428572,752.8521604910229,True
acti,adept,40,6124.142857142857,828.8640772707797,True
acti,adept,41,6233.2,828.8640772707797,True
acti,adept,42,6235.833333333333,941.4825546115517,True
acti,adept,43,7103.714285714285,941.4825546115517,True
acti,adept,44,7105.571428571428,1077.8322660789122,True
acti,adept,45,7211.285714285715,1077.8322660789122,True
acti,adept,46,7211.333333333333,1086.8999231469322,True
acti,adept,47,7292.857142857143,1086.8999231469322,True
acti,adept,48,7301.428571428572,1147.2738292895854,True
acti,adept,49,7490.428571428572,1147.2738292895854,True
acti,adept,50,7492.0,1181.2320214138651,True
acti,adept,51,7869.857142857143,1181.2320214138651,True
acti,adept,52,7870.857142857143,1251.736952147443,True
acti,adept,53,7901.714285714285,1251.736952147443,True
acti,adept,54,7903.0,1341.551419694995,True
acti,adept,55,8184.571428571428,1341.551419694995,True
acti,adept,56,8185.714285714285,1422.5894433753342,True
acti,adept,57,8627.142857142857,1422.5894433753342,True
acti,adept,58,8628.142857142857,1510.996076459102,True
acti,adept,59,8784.142857142857,1510.996076459102,True
acti,adept,60,8784.857142857143,1533.4666080339641,True
acti,adept,61,8790.42857142857,1533.4666080339641,True
acti,adept,62,8791.57142857143,1588.6361864139799,True
acti,adept,63,8932.166666666666,1588.6361864139799,True
acti,adept,64,8932.8,1691.1652442094771,True
acti,adept,65,9137.285714285714,1691.1652442094771,True
acti,adept,66,9142.0,1722.4423637690682,True
acti,adept,67,9164.57142857143,1722.4423637690682,True
acti,adept,68,9167.714285714286,1730.1758355118284,True
acti,adept,69,9253.166666666666,1730.1758355118284,True
acti,adept,70,9253.57142857143,1788.2987021820381,True
acti,adept,71,9854.857142857143,1788.2987021820381,True
acti,adept,72,9857.0,1851.0199334196486,True
acti,adept,73,10001.42857142857,1851.0199334196486,True
acti,adept,74,10001.666666666666,1980.2388154084178,True
acti,adept,75,10044.714285714286,1980.2388154084178,True
acti,adept,76,10046.0,2006.486326591793,True
acti,adept,77,10402.2,2006.486326591793,True
acti,adept,78,10404.0,2042.6256995364563,True
acti,adept,79,10492.857142857143,2042.6256995364563,True
acti,adept,80,10493.142857142857,2160.2152107343522,True
acti,adept,81,10999.857142857143,2160.2152107343522,True
acti,adept,82,11000.666666666666,2258.303004248775,True
acti,adept,83,11257.857142857143,2258.303004248775,True
acti,adept,84,11258.166666666666,2301.6591632487102,True
acti,adept,85,11261.285714285714,2336.2178636839003,True
acti,adept,86,11356.333333333334,2336.2178636839003,True
acti,adept,87,11358.142857142857,2419.3572541027047,True
acti,adept,88,11718.42857142857,2419.3572541027047,True
acti,adept,89,11724.142857142857,2522.4638526398203,True
acti,adept,90,11727.0,2522.4638526398203,True
acti,adept,91,11728.285714285714,2598.9390677595443,True
acti,adept,92,12131.285714285714,2598.9390677595443,True
acti,adept,93,12132.142857142857,2608.3851843376515,True
acti,adept,94,12660.142857142857,2608.3851843376515,True
acti,adept,95,12660.8,2704.4803302952055,True
acti,adept,96,12835.166666666666,2704.4803302952055,True
acti,adept,97,12835.42857142857,2715.4180583923808,True
acti,adept,98,12916.833333333334,2715.4180583923808,True
acti,adept,99,12919.0,2809.010659209229,True
acti,adept,100,13445.42857142857,2809.010659209229,True
acti,adept,101,13446.142857142857,2894.630233428219,True
acti,adept,102,13755.42857142857,2894.630233428219,True
acti,adept,103,13756.714285714286,2962.3979808088297,True
acti,adept,104,13807.714285714286,2962.3979808088297,True
acti,adept,105,13808.857142857143,2980.7436828477803,True
acti,adept,106,14009.857142857143,2980.7436828477803,True
acti,adept,107,14010.142857142857,3084.145592456411,True
acti,adept,108,14080.42857142857,3084.145592456411,True
acti,adept,109,14080.714285714286,3261.096052715481,True
acti,adept,110,14138.0,3261.096052715481,True
acti,adept,111,14139.714285714286,3303.179412129909,True
acti,adept,112,15274.857142857143,3303.179412129909,True
acti,adept,113,15275.285714285714,3364.1123771985285,True
acti,adept,114,15906.285714285714,3364.1123771985285,True
acti,adept,115,15907.0,3549.907257656556,True
acti,adept,116,15951.333333333334,3549.907257656556,True
acti,adept,117,15954.0,3590.616070497648,True
acti,adept,118,16097.714285714286,3590.616070497648,True
acti,adept,119,16107.285714285714,3711.3788080774575,True
acti,adept,120,16127.714285714286,3711.3788080774575,True
acti,adept,121,16127.833333333334,3793.8920383901723,True
acti,adept,122,16350.166666666666,3793.8920383901723,True
acti,adept,123,16350.57142857143,3824.133600263605,True
acti,adept,124,16980.85714285714,3824.133600263605,True
acti,adept,125,16981.428571428572,3939.435952450156,True
acti,adept,126,17787.833333333332,3939.435952450156,True
acti,adept,127,17791.85714285714,4137.179177372798,True
acti,adept,128,17941.571428571428,4137.179177372798,True
acti,adept,129,17949.85714285714,4183.530739750978,True
acti,adept,130,18452.166666666668,4183.530739750978,True
acti,adept,131,18455.14285714286,4399.175263851422,True
acti,adept,132,18709.428571428572,4399.175263851422,True
acti,adept,133,18710.714285714286,4440.536987090842,True
acti,adept,134,19216.14285714286,4440.536987090842,True
acti,adept,135,19217.714285714286,4468.201610922914,True
acti,adept,136,19602.0,4468.201610922914,False
acti,adept,137,19606.571428571428,4563.161252197952,False
acti,adept,138,19895.714285714286,4563.161252197952,False
acti,adept,139,19908.5,4783.477535217821,False
acti,adept,140,19956.85714285714,4783.477535217821,False
acti,adept,141,19961.85714285714,4810.060777693916,False
acti,adept,142,20182.85714285714,4810.060777693916,False
acti,adept,143,20202.571428571428,4949.644045159272,False
acti,adept,144,20207.571428571428,4949.644045159272,False
acti,adept,145,20233.571428571428,5088.43451730308,False
acti,adept,146,20234.333333333332,5113.016414664359,False
acti,adept,147,20245.428571428572,5113.016414664359,False
acti,adept,148,20247.85714285714,5134.485249109271,False
acti,adept,149,24469.0,5134.485249109271,False
acti,adept,150,24475.5,5719.558897182588,False
acti,adept,151,24799.0,5719.558897182588,False
acti,adept,152,24860.571428571428,6069.142356997668,False
acti,adept,153,25078.0,6069.142356997668,False
acti,adept,154,25241.14285714286,6239.683213773026,False
acti,adept,155,25241.571428571428,6732.569536260525,False
acti,adept,156,27969.0,6732.569536260525,False
acti,adept,157,28019.571428571428,6908.234590051489,False
acti,adept,158,30169.285714285714,6908.234590051489,False
acti,adept,159,30248.714285714286,7980.181411396879,False
acti,adept,160,30291.571428571428,8835.341714057231,False
acti,adept,161,33835.25,8835.341714057231,False
acti,oak,1,828.2857142857143,130.2857142857144,False
acti,oak,2,840.1428571428571,307.9607142857144,False
acti,oak,3,901.0,307.9607142857144,False
acti,oak,4,1010.0,342.3135476190478,False
acti,oak,5,1374.142857142857,342.3135476190478,False
acti,oak,6,1418.857142857143,349.6285714285717,False
acti,oak,7,1470.3333333333333,556.2923894557827,False
acti,oak,8,1979.142857142857,556.2923894557827,False
acti,oak,9,1992.857142857143,803.7760714285718,False
acti,oak,10,2080.8,803.7760714285718,False
acti,oak,11,2152.8333333333335,858.2982010582016,False
acti,oak,12,2513.714285714286,858.2982010582016,False
acti,oak,13,2516.714285714286,972.3026488095244,False
acti,oak,14,2862.285714285714,972.3026488095244,False
acti,oak,15,2872.8571428571427,1267.9112027914618,False
acti,oak,16,3193.0,1267.9112027914618,False
acti,oak,17,3263.0,1371.8110582010586,False
acti,oak,18,3341.1428571428573,1371.8110582010586,False
acti,oak,19,3353.1428571428573,1626.4539682539687,False
acti,oak,20,3503.285714285714,1626.4539682539687,False
acti,oak,21,3514.6666666666665,1700.907002801121,False
acti,oak,22,3671.4285714285716,1700.907002801121,False
acti,oak,23,3672.0,1845.5905952380956,False
acti,oak,24,3753.5714285714284,1845.5905952380956,False
acti,oak,25,3781.1428571428573,1908.6178571428577,False
acti,oak,26,3788.1428571428573,1908.6178571428577,False
acti,oak,27,3791.5714285714284,2077.836809006212,False
acti,oak,28,4118.857142857143,2077.836809006212,False
acti,oak,29,4120.714285714285,2260.028377329193,False
acti,oak,30,4374.857142857143,2260.028377329193,False
acti,oak,31,4375.142857142857,2526.41836734694,False
acti,oak,32,4434.571428571428,2526.41836734694,False
acti,oak,33,4449.714285714285,2613.5694302721095,False
acti,oak,34,4578.142857142857,2613.5694302721095,False
acti,oak,35,4598.0,2808.4091991341998,False
acti,oak,36,4687.0,2808.4091991341998,False
acti,oak,37,4690.333333333333,2929.3709273182963,False
acti,oak,38,4867.285714285715,2929.3709273182963,False
acti,oak,39,4872.714285714285,3057.23978937729,False
acti,oak,40,5028.333333333333,3057.23978937729,False
acti,oak,41,5035.142857142857,3198.2714285714296,False
acti,oak,42,5035.166666666667,3246.211428571429,False
acti,oak,43,5052.857142857143,3246.211428571429,False
acti,oak,44,5054.142857142857,3385.903829873831,False
acti,oak,45,5484.857142857143,3385.903829873831,True
acti,oak,46,5495.571428571428,3654.076540616248,True
acti,oak,47,5550.571428571428,3654.076540616248,True
acti,oak,48,5553.833333333333,3797.610714285715,True
acti,oak,49,5615.0,3797.610714285715,True
acti,oak,50,5618.0,3812.7597308488625,True
acti,oak,51,5748.142857142857,3812.7597308488625,True
acti,oak,52,5754.166666666667,3948.01761904762,True
acti,oak,53,5824.285714285715,3948.01761904762,True
acti,oak,54,5825.571428571428,4106.259103641459,True
acti,oak,55,5945.2,4106.259103641459,True
acti,oak,56,5945.285714285715,4225.275420168069,True
acti,oak,57,5989.428571428572,4225.275420168069,True
acti,oak,58,5992.714285714285,4250.954761904763,True
acti,oak,59,5999.857142857143,4250.954761904763,True
acti,oak,60,6002.0,4257.818447802199,True
acti,oak,61,6136.714285714285,4257.818447802199,True
acti,oak,62,6137.0,4342.219869791668,True
acti,oak,63,6233.2,4342.219869791668,True
acti,oak,64,6235.833333333333,4635.802694047619,True
acti,oak,65,6550.714285714285,4635.802694047619,True
acti,oak,66,6553.285714285715,4698.780952380953,True
acti,oak,67,6567.428571428572,4698.780952380953,True
acti,oak,68,6579.428571428572,4865.558412698413,True
acti,oak,69,6626.428571428572,4865.558412698413,True
acti,oak,70,6626.714285714285,5155.1511120448195,True
acti,oak,71,6985.0,5155.1511120448195,True
acti,oak,72,6987.8,5251.394142857143,True
acti,oak,73,7003.142857142857,5251.394142857143,True
acti,oak,74,7009.571428571428,5281.101148809525,True
acti,oak,75,7103.714285714285,5281.101148809525,True
acti,oak,76,7105.571428571428,5621.5467837301585,True
acti,oak,77,7223.428571428572,5621.5467837301585,True
acti,oak,78,7225.5,5631.16853835979,True
acti,oak,79,7302.142857142857,5631.16853835979,True
acti,oak,80,7302.833333333333,5752.872300207039,True
acti,oak,81,7550.142857142857,5752.872300207039,True
acti,oak,82,7551.285714285715,5837.864186507937,True
acti,oak,83,7569.142857142857,5837.864186507937,True
acti,oak,84,7571.142857142857,5882.946770353304,True
acti,oak,85,7683.285714285715,5882.946770353304,True
acti,oak,86,7684.0,6020.998511904763,True
acti,oak,87,7688.428571428572,6020.998511904763,True
acti,oak,88,7688.714285714285,6035.080519480521,True
acti,oak,89,7708.428571428572,6035.080519480521,True
acti,oak,90,7711.0,6187.014242424243,True
acti,oak,91,7742.428571428572,6187.014242424243,True
acti,oak,92,7746.285714285715,6190.467055984557,True
acti,oak,93,7846.142857142857,6190.467055984557,True
acti,oak,94,7851.142857142857,6270.4740158730165,True
acti,oak,95,7908.142857142857,6270.4740158730165,True
acti,oak,96,7911.571428571428,6603.929058142594,True
acti,oak,97,8231.714285714286,6603.929058142594,True
acti,oak,98,8232.0,6828.216244588746,True
acti,oak,99,8267.57142857143,6828.216244588746,True
acti,oak,100,8268.0,6956.788563044938,True
acti,oak,101,8388.0,6956.788563044938,True
acti,oak,102,8390.0,6999.789345238099,True
acti,oak,103,8418.142857142857,6999.789345238099,True
acti,oak,104,8418.285714285714,7321.26540750916,True
acti,oak,105,8502.57142857143,7321.26540750916,True
acti,oak,106,8503.42857142857,7374.123155650321,True
acti,oak,107,8703.42857142857,7374.123155650321,True
acti,oak,108,8705.285714285714,7375.111190476193,True
acti,oak,109,8718.0,7375.111190476193,True
acti,oak,110,8718.2,7558.704138655463,True
acti,oak,111,8746.333333333334,7558.704138655463,True
acti,oak,112,8747.0,7605.429112554115,True
acti,oak,113,8793.0,7605.429112554115,True
acti,oak,114,8794.285714285714,7673.121637709138,True
acti,oak,115,8932.166666666666,7673.121637709138,True
acti,oak,116,8932.8,7787.658147451964,True
acti,oak,117,9087.857142857143,7787.658147451964,True
acti,oak,118,9088.0,8030.614660194176,True
acti,oak,119,9243.57142857143,8030.614660194176,True
acti,oak,120,9245.57142857143,8066.7025297619075,True
acti,oak,121,9252.57142857143,8066.7025297619075,True
acti,oak,122,9253.166666666666,8292.462422839506,True
acti,oak,123,9480.142857142857,8292.462422839506,True
acti,oak,124,9480.25,8426.0278638814,True
acti,oak,125,9534.42857142857,8426.0278638814,True
acti,oak,126,9535.57142857143,8478.620611111111,True
acti,oak,127,9590.857142857143,8478.620611111111,True
acti,oak,128,9591.57142857143,8552.931388410785,True
acti,oak,129,9692.714285714286,8552.931388410785,True
acti,oak,130,9696.142857142857,8556.443903061228,True
acti,oak,131,9787.0,8556.443903061228,True
acti,oak,132,9787.714285714286,8631.574603174602,True
acti,oak,133,9792.714285714286,8631.574603174602,True
acti,oak,134,9793.0,8671.135838509319,True
acti,oak,135,9872.57142857143,8671.135838509319,True
acti,oak,136,9873.5,8813.330952380953,True
acti,oak,137,9877.57142857143,8813.330952380953,True
acti,oak,138,9877.714285714286,8824.347451127822,True
acti,oak,139,9981.5,8824.347451127822,True
acti,oak,140,9981.57142857143,9061.997648809524,True
acti,oak,141,10044.714285714286,9061.997648809524,True
acti,oak,142,10046.0,9150.732142857145,True
acti,oak,143,10046.714285714286,9150.732142857145,True
acti,oak,144,10047.142857142857,9245.347504785837,True
acti,oak,145,10292.0,9245.347504785837,True
acti,oak,146,10292.333333333334,9352.121945611578,True
acti,oak,147,10410.0,9352.121945611578,True
acti,oak,148,10411.142857142857,9479.223214285717,True
acti,oak,149,10413.42857142857,9479.223214285717,True
acti,oak,150,10414.166666666666,9504.103693977593,True
acti,oak,151,10459.285714285714,9504.103693977593,True
acti,oak,152,10459.57142857143,9542.356047619047,True
acti,oak,153,10482.0,9542.356047619047,True
acti,oak,154,10483.285714285714,9622.058333333334,True
acti,oak,155,10491.857142857143,9622.058333333334,True
acti,oak,156,10492.857142857143,9672.341710526316,True
acti,oak,157,10534.142857142857,9672.341710526316,True
acti,oak,158,10534.857142857143,9713.11122165533,True
acti,oak,159,10570.0,9713.11122165533,True
acti,oak,160,10572.285714285714,9784.178698074977,True
acti,oak,161,10671.42857142857,9784.178698074977,True
acti,oak,162,10675.5,9964.365690476192,True
acti,oak,163,10706.857142857143,9964.365690476192,True
acti,oak,164,10707.0,9984.437682072827,True
acti,oak,165,10739.833333333334,9984.437682072827,True
acti,oak,166,10740.57142857143,10028.431338763576,True
acti,oak,167,10868.714285714286,10028.431338763576,True
acti,oak,168,10870.142857142857,10174.054836934774,True
acti,oak,169,10999.714285714286,10174.054836934774,True
acti,oak,170,10999.857142857143,10337.455876730002,True
acti,oak,171,11252.857142857143,10337.455876730002,True
acti,oak,172,11253.142857142857,10518.722043010755,True
acti,oak,173,11292.857142857143,10518.722043010755,True
acti,oak,174,11293.714285714286,10593.815704633209,True
acti,oak,175,11383.5,10593.815704633209,True
acti,oak,176,11384.285714285714,10823.784523809527,True
acti,oak,177,11392.57142857143,10823.784523809527,True
acti,oak,178,11393.142857142857,10839.601080586082,True
acti,oak,179,11426.0,10839.601080586082,True
acti,oak,180,11427.57142857143,10873.39705782313,True
acti,oak,181,11499.57142857143,10873.39705782313,True
acti,oak,182,11499.857142857143,11018.942210406636,True
acti,oak,183,11700.857142857143,11018.942210406636,True
acti,oak,184,11701.0,11069.225714285718,True
acti,oak,185,11707.0,11069.225714285718,True
acti,oak,186,11707.666666666666,11231.76384964483,True
acti,oak,187,11925.42857142857,11231.76384964483,True
acti,oak,188,11927.285714285714,11361.921449579833,True
acti,oak,189,11947.57142857143,11361.921449579833,True
acti,oak,190,11948.857142857143,11396.866169250647,True
acti,oak,191,12096.0,11396.866169250647,True
acti,oak,192,12096.8,11408.606857142859,True
acti,oak,193,12098.57142857143,11408.606857142859,True
acti,oak,194,12099.142857142857,11527.062835497842,True
acti,oak,195,12153.42857142857,11527.062835497842,True
acti,oak,196,12153.714285714286,11530.69642857143,True
acti,oak,197,12158.42857142857,11530.69642857143,True
acti,oak,198,12163.0,11578.383666399146,True
acti,oak,199,12252.57142857143,11578.383666399146,True
acti,oak,200,12257.333333333334,11751.751755952382,True
acti,oak,201,12371.285714285714,11751.751755952382,True
acti,oak,202,12372.285714285714,11798.204208002646,True
acti,oak,203,12452.714285714286,11798.204208002646,True
acti,oak,204,12457.42857142857,11889.919265306122,True
acti,oak,205,12497.857142857143,11889.919265306122,True
acti,oak,206,12500.25,12054.756092687076,True
acti,oak,207,12660.142857142857,12054.756092687076,True
acti,oak,208,12660.8,12055.049880952385,True
acti,oak,209,12682.42857142857,12055.049880952385,True
acti,oak,210,12684.0,12172.578781947812,True
acti,oak,211,12910.42857142857,12172.578781947812,True
acti,oak,212,12910.714285714286,12488.122980889724,True
acti,oak,213,13011.333333333334,12488.122980889724,True
acti,oak,214,13012.857142857143,12757.54692118227,True
acti,oak,215,13054.714285714286,12757.54692118227,True
acti,oak,216,13055.285714285714,12783.607142857145,True
acti,oak,217,13056.0,12783.607142857145,True
acti,oak,218,13056.166666666666,12836.808400000002,True
acti,oak,219,13081.0,12836.808400000002,True
acti,oak,220,13084.5,12838.594649659864,True
acti,oak,221,13173.142857142857,12838.594649659864,True
acti,oak,222,13178.142857142857,12861.783831168832,True
acti,oak,223,13257.833333333334,12861.783831168832,True
acti,oak,224,13257.857142857143,13027.67620199693,True
acti,oak,225,13314.42857142857,13027.67620199693,True
acti,oak,226,13314.8,13048.397380952383,True
acti,oak,227,13321.42857142857,13048.397380952383,True
acti,oak,228,13324.4,13065.010888095245,True
acti,oak,229,13402.142857142857,13065.010888095245,True
acti,oak,230,13403.0,13196.214809523812,True
acti,oak,231,13433.42857142857,13196.214809523812,True
acti,oak,232,13433.714285714286,13235.337454212458,True
acti,oak,233,13446.142857142857,13235.337454212458,True
acti,oak,234,13448.285714285714,13301.430770782888,True
acti,oak,235,13618.142857142857,13301.430770782888,True
acti,oak,236,13619.42857142857,13447.566885604818,True
acti,oak,237,13728.714285714286,13447.566885604818,True
acti,oak,238,13729.166666666666,13469.773592436977,True
acti,oak,239,13755.42857142857,13469.773592436977,True
acti,oak,240,13756.714285714286,13795.764981398812,True
acti,oak,241,13800.0,13795.764981398812,True
acti,oak,242,13800.857142857143,13816.001657793557,True
acti,oak,243,14019.714285714286,13816.001657793557,True
acti,oak,244,14020.0,13976.60144110276,True
acti,oak,245,14047.142857142857,13976.60144110276,True
acti,oak,246,14050.0,14156.218383333333,True
acti,oak,247,14144.0,14156.218383333333,True
acti,oak,248,14147.57142857143,14278.714421768711,True
acti,oak,249,14194.857142857143,14278.714421768711,True
acti,oak,250,14195.0,14360.297983800827,True
acti,oak,251,14561.166666666666,14360.297983800827,True
acti,oak,252,14561.714285714286,14489.475705842622,True
acti,oak,253,14771.285714285714,14489.475705842622,True
acti,oak,254,14771.57142857143,14577.998511904763,True
acti,oak,255,14787.714285714286,14577.998511904763,True
acti,oak,256,14788.285714285714,14691.17619047619,True
acti,oak,257,14791.0,14691.17619047619,True
acti,oak,258,14793.42857142857,14919.948833600858,True
acti,oak,259,14971.42857142857,14919.948833600858,True
acti,oak,260,14971.714285714286,15055.48937728938,True
acti,oak,261,14989.857142857143,15055.48937728938,True
acti,oak,262,14991.42857142857,15107.047174107147,True
acti,oak,263,15136.57142857143,15107.047174107147,True
acti,oak,264,15136.666666666666,15148.449596861472,True
acti,oak,265,15237.57142857143,15148.449596861472,True
acti,oak,266,15238.57142857143,15155.505092592599,True
acti,oak,267,15277.142857142857,15155.505092592599,True
acti,oak,268,15281.714285714286,15315.935791925469,True
acti,oak,269,15322.42857142857,15315.935791925469,True
acti,oak,270,15322.857142857143,15439.022374110567,True
acti,oak,271,15476.57142857143,15439.022374110567,True
acti,oak,272,15477.285714285714,15711.706878306877,True
acti,oak,273,15489.285714285714,15711.706878306877,True
acti,oak,274,15489.42857142857,15781.568571428576,True
acti,oak,275,15574.0,15781.568571428576,True
acti,oak,276,15575.666666666666,15899.33767561635,True
acti,oak,277,15900.57142857143,15899.33767561635,True
acti,oak,278,15901.166666666666,15964.44716117216,True
acti,oak,279,15954.57142857143,15964.44716117216,True
acti,oak,280,15956.333333333334,16353.985376791486,True
acti,oak,281,16211.857142857143,16353.985376791486,True
acti,oak,282,16212.285714285714,16518.64711199295,True
acti,oak,283,16260.0,16518.64711199295,True
acti,oak,284,16261.285714285714,16900.266719576724,True
acti,oak,285,16351.57142857143,16900.266719576724,True
acti,oak,286,16359.285714285714,16915.682133099144,True
acti,oak,287,16480.0,16915.682133099144,True
acti,oak,288,16480.85714285714,17138.742037766828,True
acti,oak,289,16940.85714285714,17138.742037766828,True
acti,oak,290,16941.85714285714,17236.657272256733,True
acti,oak,291,16998.714285714286,17236.657272256733,True
acti,oak,292,16999.428571428572,17922.818100303957,True
acti,oak,293,17175.428571428572,17922.818100303957,True
acti,oak,294,17178.285714285714,18011.99973978087,True
acti,oak,295,17530.285714285714,18011.99973978087,True
acti,oak,296,17537.428571428572,18363.942857142858,True
acti,oak,297,17539.428571428572,18363.942857142858,True
acti,oak,298,17543.285714285714,18402.309486607148,True
acti,oak,299,17613.428571428572,18402.309486607148,True
acti,oak,300,17614.14285714286,18584.07473875662,True
acti,oak,301,17753.571428571428,18584.07473875662,True
acti,oak,302,17765.14285714286,18664.590476190482,True
acti,oak,303,17777.285714285714,18664.590476190482,True
acti,oak,304,17778.714285714286,18737.348053571433,True
acti,oak,305,17941.571428571428,18737.348053571433,True
acti,oak,306,17949.85714285714,18751.56711255411,True
acti,oak,307,18220.14285714286,18751.56711255411,True
acti,oak,308,18220.428571428572,18958.578571428578,True
acti,oak,309,18221.14285714286,19060.834330759335,True
acti,oak,310,18369.714285714286,19060.834330759335,True
acti,oak,311,18374.571428571428,19822.347275000004,True
acti,oak,312,18897.0,19822.347275000004,True
acti,oak,313,18898.714285714286,19862.807738095238,True
acti,oak,314,19087.285714285714,19862.807738095238,True
acti,oak,315,19093.428571428572,20200.81799719888,True
acti,oak,316,19309.333333333332,20200.81799719888,True
acti,oak,317,19312.14285714286,20283.45416666667,True
acti,oak,318,19350.85714285714,20283.45416666667,False
acti,oak,319,19365.333333333332,20343.154829931973,False
acti,oak,320,19542.85714285714,20343.154829931973,False
acti,oak,321,19547.14285714286,20346.932823129257,False
acti,oak,322,19602.0,20346.932823129257,False
acti,oak,323,19606.571428571428,20793.781938775515,False
acti,oak,324,19983.666666666668,20793.781938775515,False
acti,oak,325,19989.666666666668,21551.605020525454,False
acti,oak,326,20393.85714285714,21551.605020525454,False
acti,oak,327,20397.285714285714,22046.13013248848,False
acti,oak,328,20870.85714285714,22046.13013248848,False
acti,oak,329,20872.285714285714,22380.783882783886,False
acti,oak,330,21046.0,22380.783882783886,False
acti,oak,331,21049.714285714286,23234.367113553115,False
acti,oak,332,22147.714285714286,23234.367113553115,False
acti,oak,333,22183.85714285714,24106.33928571429,False
acti,oak,334,22845.571428571428,24106.33928571429,False
acti,oak,335,22874.0,24942.46071428572,False
acti,oak,336,23227.0,24942.46071428572,False
acti,oak,337,23264.4,25087.085,False
acti,oak,338,23294.4,25087.085,False
acti,oak,339,23392.6,25173.160000000018,False
acti,oak,340,23436.14285714286,25994.488707482993,False
acti,oak,341,24498.14285714286,25994.488707482993,False
acti,oak,342,24518.333333333332,27487.459375,False
acti,oak,343,24860.571428571428,27487.459375,False
acti,oak,344,24932.285714285714,27562.105012531334,False
acti,oak,345,25959.714285714286,27562.105012531334,False
acti,oak,346,25975.85714285714,29006.771428571432,False
acti,oak,347,26321.571428571428,29006.771428571432,False
acti,oak,348,26505.0,29415.915079365077,False
acti,oak,349,26933.333333333332,29415.915079365077,False
acti,oak,350,27135.285714285714,30167.922959183674,False
acti,oak,351,28019.571428571428,30167.922959183674,False
acti,oak,352,28148.14285714286,30185.787698412707,False
acti,oak,353,28378.333333333332,30185.787698412707,False
acti,oak,354,28703.85714285714,34477.94566326531,False
acti,oak,355,33835.25,34477.94566326531,False
acti,scrf,1,828.2857142857143,17.285714285714285,False
acti,scrf,2,840.1428571428571,196.0,False
acti,scrf,3,1010.0,196.0,False
acti,scrf,4,1025.857142857143,269.92124542124543,False
acti,scrf,5,1630.0,269.92124542124543,False
acti,scrf,6,1754.142857142857,293.98783068783064,False
acti,scrf,7,2080.8,293.98783068783064,False
acti,scrf,8,2152.8333333333335,587.121768707483,False
acti,scrf,9,2296.0,587.121768707483,False
acti,scrf,10,2354.714285714286,591.2544642857143,False
acti,scrf,11,2585.285714285714,591.2544642857143,False
acti,scrf,12,2632.4285714285716,718.1547619047619,False
acti,scrf,13,2718.285714285714,718.1547619047619,False
acti,scrf,14,2744.75,751.4761904761905,False
acti,scrf,15,2756.4285714285716,751.4761904761905,False
acti,scrf,16,2765.1428571428573,768.5338624338624,False
acti,scrf,17,3193.0,768.5338624338624,False
acti,scrf,18,3263.0,1004.7983193277311,False
acti,scrf,19,3401.1428571428573,1004.7983193277311,False
acti,scrf,20,3420.0,1103.5714285714287,False
acti,scrf,21,3421.4285714285716,1103.5714285714287,False
acti,scrf,22,3427.5714285714284,1197.2398095238095,False
acti,scrf,23,3671.4285714285716,1197.2398095238095,False
acti,scrf,24,3672.0,1326.399470899471,False
acti,scrf,25,3832.8571428571427,1326.399470899471,False
acti,scrf,26,3834.0,1338.4166666666667,False
acti,scrf,27,3838.0,1338.4166666666667,False
acti,scrf,28,3839.285714285714,1692.3855102040818,False
acti,scrf,29,4324.0,1692.3855102040818,False
acti,scrf,30,4324.428571428572,1940.7510204081634,False
acti,scrf,31,4374.857142857143,1940.7510204081634,False
acti,scrf,32,4375.142857142857,1968.3881673881672,False
acti,scrf,33,4577.857142857143,1968.3881673881672,False
acti,scrf,34,4578.0,1977.9285714285713,False
acti,scrf,35,4872.714285714285,1977.9285714285713,False
acti,scrf,36,4873.285714285715,2561.6956390977443,False
acti,scrf,37,5260.0,2561.6956390977443,False
acti,scrf,38,5261.142857142857,2710.531428571429,False
acti,scrf,39,5412.571428571428,2710.531428571429,True
acti,scrf,40,5412.75,2806.8803571428575,True
acti,scrf,41,5544.428571428572,2806.8803571428575,True
acti,scrf,42,5545.428571428572,2824.1428571428573,True
acti,scrf,43,5545.714285714285,2932.340136054422,True
acti,scrf,44,5564.142857142857,2932.340136054422,True
acti,scrf,45,5565.0,3119.471655328799,True
acti,scrf,46,5701.571428571428,3119.471655328799,True
acti,scrf,47,5703.142857142857,3348.436251920123,True
acti,scrf,48,5827.142857142857,3348.436251920123,True
acti,scrf,49,5835.857142857143,3459.8506493506497,True
acti,scrf,50,5877.571428571428,3459.8506493506497,True
acti,scrf,51,5882.166666666667,3613.75,True
acti,scrf,52,5900.285714285715,3613.75,True
acti,scrf,53,5903.142857142857,3705.4895238095246,True
acti,scrf,54,6110.0,3705.4895238095246,True
acti,scrf,55,6111.666666666667,3827.3954451345753,True
acti,scrf,56,6189.571428571428,3827.3954451345753,True
acti,scrf,57,6191.714285714285,3983.361428571428,True
acti,scrf,58,6228.571428571428,3983.361428571428,True
acti,scrf,59,6233.2,4033.7703333333325,True
acti,scrf,60,6544.857142857143,4033.7703333333325,True
acti,scrf,61,6550.714285714285,4107.0,True
acti,scrf,62,6557.0,4107.0,True
acti,scrf,63,6562.428571428572,4252.9383333333335,True
acti,scrf,64,6626.428571428572,4252.9383333333335,True
acti,scrf,65,6626.714285714285,4440.79411603722,True
acti,scrf,66,6835.142857142857,4440.79411603722,True
acti,scrf,67,6837.428571428572,4520.5532581453635,True
acti,scrf,68,7103.714285714285,4520.5532581453635,True
acti,scrf,69,7105.571428571428,5020.499482401656,True
acti,scrf,70,7211.285714285715,5020.499482401656,True
acti,scrf,71,7211.333333333333,5022.768675595238,True
acti,scrf,72,7259.0,5022.768675595238,True
acti,scrf,73,7259.333333333333,5117.091666666668,True
acti,scrf,74,7508.714285714285,5117.091666666668,True
acti,scrf,75,7510.714285714285,5231.384952380952,True
acti,scrf,76,7547.714285714285,5231.384952380952,True
acti,scrf,77,7549.5,5274.809463532248,True
acti,scrf,78,7686.714285714285,5274.809463532248,True
acti,scrf,79,7688.428571428572,5402.424116743472,True
acti,scrf,80,7732.0,5402.424116743472,True
acti,scrf,81,7736.428571428572,5454.831448412698,True
acti,scrf,82,7869.857142857143,5454.831448412698,True
acti,scrf,83,7870.857142857143,5590.5714285714275,True
acti,scrf,84,7882.0,5590.5714285714275,True
acti,scrf,85,7893.428571428572,5728.83025210084,True
acti,scrf,86,7912.571428571428,5728.83025210084,True
acti,scrf,87,7913.166666666667,5883.6565703877195,True
acti,scrf,88,8237.714285714286,5883.6565703877195,True
acti,scrf,89,8243.142857142857,6304.723214285716,True
acti,scrf,90,8267.0,6304.723214285716,True
acti,scrf,91,8267.57142857143,6360.714285714285,True
acti,scrf,92,8268.0,6400.243476842791,True
acti,scrf,93,8390.57142857143,6400.243476842791,True
acti,scrf,94,8390.833333333334,6553.634875922201,True
acti,scrf,95,8503.42857142857,6553.634875922201,True
acti,scrf,96,8504.5,6567.97580287929,True
acti,scrf,97,8577.57142857143,6567.97580287929,True
acti,scrf,98,8579.166666666666,6935.96379399586,True
acti,scrf,99,8705.57142857143,6935.96379399586,True
acti,scrf,100,8705.714285714286,7015.271756978655,True
acti,scrf,101,8757.0,7015.271756978655,True
acti,scrf,102,8758.285714285714,7080.216597653553,True
acti,scrf,103,8929.142857142857,7080.216597653553,True
acti,scrf,104,8929.42857142857,7333.64115353038,True
acti,scrf,105,9087.857142857143,7333.64115353038,True
acti,scrf,106,9088.0,7419.278571428572,True
acti,scrf,107,9150.857142857143,7419.278571428572,True
acti,scrf,108,9152.42857142857,7485.671428571429,True
acti,scrf,109,9240.57142857143,7485.671428571429,True
acti,scrf,110,9242.42857142857,7708.798018166804,True
acti,scrf,111,9480.142857142857,7708.798018166804,True
acti,scrf,112,9480.25,7848.1361516034995,True
acti,scrf,113,9590.857142857143,7848.1361516034995,True
acti,scrf,114,9591.57142857143,8062.827160493826,True
acti,scrf,115,9848.857142857143,8062.827160493826,True
acti,scrf,116,9853.285714285714,8198.301390644752,True
acti,scrf,117,9981.5,8198.301390644752,True
acti,scrf,118,9981.57142857143,8500.368551587302,True
acti,scrf,119,10051.142857142857,8500.368551587302,True
acti,scrf,120,10053.57142857143,8558.014199134199,True
acti,scrf,121,10123.166666666666,8558.014199134199,True
acti,scrf,122,10123.714285714286,8705.037782738094,True
acti,scrf,123,10311.714285714286,8705.037782738094,True
acti,scrf,124,10312.57142857143,8916.574473975637,True
acti,scrf,125,10366.0,8916.574473975637,True
acti,scrf,126,10366.6,8976.640343915344,True
acti,scrf,127,10407.75,8976.640343915344,True
acti,scrf,128,10410.0,9161.626984126986,True
acti,scrf,129,10459.285714285714,9161.626984126986,True
acti,scrf,130,10459.57142857143,9211.638722775935,True
acti,scrf,131,10591.142857142857,9211.638722775935,True
acti,scrf,132,10591.333333333334,9353.377976190477,True
acti,scrf,133,10653.142857142857,9353.377976190477,True
acti,scrf,134,10658.714285714286,9590.855720899472,True
acti,scrf,135,10738.857142857143,9590.855720899472,True
acti,scrf,136,10739.42857142857,9726.78940677966,True
acti,scrf,137,10999.857142857143,9726.78940677966,True
acti,scrf,138,11000.666666666666,9792.659170506911,True
acti,scrf,139,11182.857142857143,9792.659170506911,True
acti,scrf,140,11184.714285714286,10195.198824593126,True
acti,scrf,141,11293.714285714286,10195.198824593126,True
acti,scrf,142,11296.57142857143,10233.60606060606,True
acti,scrf,143,11345.142857142857,10233.60606060606,True
acti,scrf,144,11345.57142857143,10407.285714285716,True
acti,scrf,145,11351.0,10407.285714285716,True
acti,scrf,146,11351.57142857143,10527.745799755801,True
acti,scrf,147,11597.42857142857,10527.745799755801,True
acti,scrf,148,11598.0,10630.281204906205,True
acti,scrf,149,11727.0,10630.281204906205,True
acti,scrf,150,11728.285714285714,10869.035377358487,True
acti,scrf,151,11971.714285714286,10869.035377358487,True
acti,scrf,152,11972.57142857143,11146.57094266278,True
acti,scrf,153,12095.142857142857,11146.57094266278,True
acti,scrf,154,12096.0,11248.06773962804,True
acti,scrf,155,12370.285714285714,11248.06773962804,True
acti,scrf,156,12371.0,11667.84617527862,True
acti,scrf,157,12478.42857142857,11667.84617527862,True
acti,scrf,158,12480.0,11677.02047333904,True
acti,scrf,159,12682.42857142857,11677.02047333904,True
acti,scrf,160,12684.0,11881.96992481203,True
acti,scrf,161,12726.666666666666,11881.96992481203,True
acti,scrf,162,12727.142857142857,11909.022953066118,True
acti,scrf,163,12910.42857142857,11909.022953066118,True
acti,scrf,164,12910.714285714286,11994.48440643863,True
acti,scrf,165,13002.714285714286,11994.48440643863,True
acti,scrf,166,13003.142857142857,12068.52380952381,True
acti,scrf,167,13010.857142857143,12068.52380952381,True
acti,scrf,168,13011.0,12119.426339285714,True
acti,scrf,169,13055.285714285714,12119.426339285714,True
acti,scrf,170,13056.0,12212.071379980562,True
acti,scrf,171,13112.142857142857,12212.071379980562,True
acti,scrf,172,13113.714285714286,12720.49330040527,True
acti,scrf,173,13365.0,12720.49330040527,True
acti,scrf,174,13370.42857142857,12742.147869674185,True
acti,scrf,175,13401.714285714286,12742.147869674185,True
acti,scrf,176,13401.857142857143,12762.386743886744,True
acti,scrf,177,13443.714285714286,12762.386743886744,True
acti,scrf,178,13445.42857142857,13159.285238095235,True
acti,scrf,179,13486.0,13159.285238095235,True
acti,scrf,180,13487.42857142857,13167.229154761899,True
acti,scrf,181,13755.42857142857,13167.229154761899,True
acti,scrf,182,13756.714285714286,13261.85775510204,True
acti,scrf,183,13802.42857142857,13261.85775510204,True
acti,scrf,184,13802.833333333334,13461.338709677417,True
acti,scrf,185,13888.857142857143,13461.338709677417,True
acti,scrf,186,13890.285714285714,13462.265586932444,True
acti,scrf,187,14011.142857142857,13462.265586932444,True
acti,scrf,188,14013.0,13632.42857142857,True
acti,scrf,189,14013.714285714286,13665.714285714288,True
acti,scrf,190,14017.75,13665.714285714288,True
acti,scrf,191,14018.42857142857,13706.952380952382,True
acti,scrf,192,14020.0,13706.952380952382,True
acti,scrf,193,14020.857142857143,13866.629629629628,True
acti,scrf,194,14047.142857142857,13866.629629629628,True
acti,scrf,195,14050.0,14313.150183150183,True
acti,scrf,196,14076.285714285714,14313.150183150183,True
acti,scrf,197,14077.714285714286,14358.478095238093,True
acti,scrf,198,14080.0,14358.478095238093,True
acti,scrf,199,14080.42857142857,14375.571882494009,True
acti,scrf,200,14551.57142857143,14375.571882494009,True
acti,scrf,201,14553.142857142857,14452.105114638447,True
acti,scrf,202,14580.666666666666,14452.105114638447,True
acti,scrf,203,14582.4,14696.502988643158,True
acti,scrf,204,14989.857142857143,14696.502988643158,True
acti,scrf,205,14991.42857142857,14915.487827380954,True
acti,scrf,206,15136.57142857143,14915.487827380954,True
acti,scrf,207,15136.666666666666,15204.130454868517,True
acti,scrf,208,15394.0,15204.130454868517,True
acti,scrf,209,15398.42857142857,15251.863775510205,True
acti,scrf,210,15428.42857142857,15251.863775510205,True
acti,scrf,211,15431.714285714286,15348.006575963718,True
acti,scrf,212,15459.57142857143,15348.006575963718,True
acti,scrf,213,15460.714285714286,15369.031168831165,True
acti,scrf,214,15489.42857142857,15369.031168831165,True
acti,scrf,215,15490.285714285714,15496.888018433181,True
acti,scrf,216,15595.833333333334,15496.888018433181,True
acti,scrf,217,15596.857142857143,15838.259427022842,True
acti,scrf,218,15878.0,15838.259427022842,True
acti,scrf,219,15879.0,16150.343185550082,True
acti,scrf,220,15951.333333333334,16150.343185550082,True
acti,scrf,221,15954.0,16190.357142857141,True
acti,scrf,222,15954.57142857143,16190.357142857141,True
acti,scrf,223,15956.333333333334,16332.11216931217,True
acti,scrf,224,16206.0,16332.11216931217,True
acti,scrf,225,16206.833333333334,17141.73015873016,True
acti,scrf,226,16217.285714285714,17141.73015873016,True
acti,scrf,227,16221.42857142857,17253.51369047619,True
acti,scrf,228,16237.0,17253.51369047619,True
acti,scrf,229,16241.57142857143,17566.27563388992,True
acti,scrf,230,16891.285714285714,17566.27563388992,True
acti,scrf,231,16892.571428571428,17634.09891774892,True
acti,scrf,232,16952.571428571428,17634.09891774892,True
acti,scrf,233,16956.0,18158.57823129252,True
acti,scrf,234,16968.571428571428,18158.57823129252,True
acti,scrf,235,16978.75,18418.911904761906,True
acti,scrf,236,16981.428571428572,18418.911904761906,True
acti,scrf,237,16986.14285714286,18466.30744739757,True
acti,scrf,238,17544.428571428572,18466.30744739757,True
acti,scrf,239,17546.285714285714,19099.373809523804,True
acti,scrf,240,17639.571428571428,19099.373809523804,True
acti,scrf,241,17640.0,19751.68253968254,True
acti,scrf,242,17646.85714285714,19751.68253968254,True
acti,scrf,243,17651.85714285714,19794.72380952381,True
acti,scrf,244,17675.333333333332,19794.72380952381,True
acti,scrf,245,17675.428571428572,19806.78532879818,True
acti,scrf,246,18181.428571428572,19806.78532879818,True
acti,scrf,247,18197.0,19857.921038961038,True
acti,scrf,248,18391.0,19857.921038961038,True
acti,scrf,249,18397.428571428572,19893.846560846563,True
acti,scrf,250,18437.85714285714,19893.846560846563,True
acti,scrf,251,18452.166666666668,20559.715090543257,True
acti,scrf,252,18812.714285714286,20559.715090543257,True
acti,scrf,253,18821.428571428572,20733.269238095236,True
acti,scrf,254,19093.428571428572,20733.269238095236,True
acti,scrf,255,19094.571428571428,21279.88468864469,True
acti,scrf,256,19471.571428571428,21279.88468864469,False
acti,scrf,257,19474.285714285714,21468.50529100529,False
acti,scrf,258,19516.0,21468.50529100529,False
acti,scrf,259,19524.0,22056.783068783072,False
acti,scrf,260,19727.85714285714,22056.783068783072,False
acti,scrf,261,19729.571428571428,22215.817663344405,False
acti,scrf,262,19955.14285714286,22215.817663344405,False
acti,scrf,263,19956.85714285714,23025.318585298195,False
acti,scrf,264,20751.5,23025.318585298195,False
acti,scrf,265,20754.6,23603.061224489797,False
acti,scrf,266,20769.571428571428,23603.061224489797,False
acti,scrf,267,20777.14285714286,23825.27698412699,False
acti,scrf,268,21049.714285714286,23825.27698412699,False
acti,scrf,269,21058.0,24553.848872180453,False
acti,scrf,270,21928.0,24553.848872180453,False
acti,scrf,271,21958.666666666668,25301.304232804232,False
acti,scrf,272,22231.6,25301.304232804232,False
acti,scrf,273,22236.85714285714,25641.623645320196,False
acti,scrf,274,23062.0,25641.623645320196,False
acti,scrf,275,23099.0,26715.14285714286,False
acti,scrf,276,23162.0,26715.14285714286,False
acti,scrf,277,23184.0,26877.13333333333,False
acti,scrf,278,23392.6,26877.13333333333,False
acti,scrf,279,23436.14285714286,27461.285714285714,False
acti,scrf,280,23588.85714285714,27461.285714285714,False
acti,scrf,281,23591.5,28404.155,False
acti,scrf,282,24278.0,28404.155,False
acti,scrf,283,24285.14285714286,30126.386446886445,False
acti,scrf,284,25424.714285714286,30126.386446886445,False
acti,scrf,285,25711.285714285714,30244.652857142857,False
acti,scrf,286,25904.0,30244.652857142857,False
acti,scrf,287,25959.714285714286,33796.42857142857,False
acti,scrf,288,25975.85714285714,33796.42857142857,False
acti,scrf,289,26080.14285714286,34831.994047619046,False
acti,scrf,290,26822.0,34831.994047619046,False
acti,scrf,291,26933.333333333332,35474.897619047624,False
acti,scrf,292,28228.285714285714,35474.897619047624,False
acti,scrf,293,28378.333333333332,38596.461904761905,False
acti,scrf,294,30291.571428571428,38596.461904761905,False
acti,scrf,295,30715.428571428572,44383.857142857145,False
acti,scrf,296,32746.14285714286,45061.142857142855,False
acti,scrf,297,33835.25,45061.142857142855,False
acti,scssl,1,828.2857142857143,0.0,False
acti,scssl,2,840.1428571428571,26.19047619047619,False
acti,scssl,3,1010.0,26.19047619047619,False
acti,scssl,4,1025.857142857143,145.35531135531136,False
acti,scssl,5,1630.0,145.35531135531136,False
acti,scssl,6,1754.142857142857,379.7023809523809,False
acti,scssl,7,1992.857142857143,379.7023809523809,False
acti,scssl,8,2000.5714285714287,385.52380952380946,False
acti,scssl,9,2006.4285714285713,385.52380952380946,False
acti,scssl,10,2015.25,432.50309523809517,False
acti,scssl,11,2296.0,432.50309523809517,False
acti,scssl,12,2354.714285714286,533.1428571428571,False
acti,scssl,13,2373.3333333333335,558.5,False
acti,scssl,14,2396.714285714286,572.1343537414966,False
acti,scssl,15,2585.285714285714,572.1343537414966,False
acti,scssl,16,2632.4285714285716,973.5198240165632,False
acti,scssl,17,3279.5,973.5198240165632,False
acti,scssl,18,3285.4285714285716,1015.3193277310922,False
acti,scssl,19,3421.4285714285716,1015.3193277310922,False
acti,scssl,20,3427.5714285714284,1236.4483809523808,False
acti,scssl,21,3671.4285714285716,1236.4483809523808,False
acti,scssl,22,3672.0,1378.0648148148148,False
acti,scssl,23,3832.8571428571427,1378.0648148148148,False
acti,scssl,24,3834.0,1795.3831746031747,False
acti,scssl,25,4328.571428571428,1795.3831746031747,False
acti,scssl,26,4328.6,2017.3761904761905,False
acti,scssl,27,4359.714285714285,2017.3761904761905,False
acti,scssl,28,4360.428571428572,2138.214444444445,False
acti,scssl,29,4872.714285714285,2138.214444444445,False
acti,scssl,30,4873.285714285715,2287.714285714286,False
acti,scssl,31,4877.0,2460.21060132082,False
acti,scssl,32,5422.5,2460.21060132082,True
acti,scssl,33,5428.0,2725.156314699793,True
acti,scssl,34,5481.142857142857,2725.156314699793,True
acti,scssl,35,5484.857142857143,3022.057142857143,True
acti,scssl,36,5545.428571428572,3022.057142857143,True
acti,scssl,37,5545.714285714285,3027.5344995140913,True
acti,scssl,38,5701.571428571428,3027.5344995140913,True
acti,scssl,39,5703.142857142857,3138.163978494624,True
acti,scssl,40,5827.142857142857,3138.163978494624,True
acti,scssl,41,5835.857142857143,3215.5714285714284,True
acti,scssl,42,5858.571428571428,3215.5714285714284,True
acti,scssl,43,5858.714285714285,3333.3764705882354,True
acti,scssl,44,6012.75,3333.3764705882354,True
acti,scssl,45,6013.142857142857,3347.3552264808363,True
acti,scssl,46,6110.0,3347.3552264808363,True
acti,scssl,47,6111.666666666667,3772.642857142857,True
acti,scssl,48,6122.428571428572,3772.642857142857,True
acti,scssl,49,6124.142857142857,3797.657142857142,True
acti,scssl,50,6217.857142857143,3797.657142857142,True
acti,scssl,51,6222.428571428572,3798.9647707231034,True
acti,scssl,52,6550.714285714285,3798.9647707231034,True
acti,scssl,53,6553.285714285715,3970.9457671957675,True
acti,scssl,54,6613.857142857143,3970.9457671957675,True
acti,scssl,55,6616.428571428572,4009.198208616779,True
acti,scssl,56,6857.571428571428,4009.198208616779,True
acti,scssl,57,6859.428571428572,4083.788921684376,True
acti,scssl,58,7103.714285714285,4083.788921684376,True
acti,scssl,59,7105.571428571428,4411.572947454843,True
acti,scssl,60,7490.428571428572,4411.572947454843,True
acti,scssl,61,7492.0,4549.428571428572,True
acti,scssl,62,7492.714285714285,4674.736768353175,True
acti,scssl,63,7869.857142857143,4674.736768353175,True
acti,scssl,64,7870.857142857143,4926.809523809524,True
acti,scssl,65,7873.857142857143,4926.809523809524,True
acti,scssl,66,7875.714285714285,4953.178571428572,True
acti,scssl,67,7898.285714285715,4953.178571428572,True
acti,scssl,68,7899.571428571428,5165.415160765162,True
acti,scssl,69,8122.5,5165.415160765162,True
acti,scssl,70,8123.714285714285,5171.017903525047,True
acti,scssl,71,8232.857142857143,5171.017903525047,True
acti,scssl,72,8233.42857142857,5341.666666666667,True
acti,scssl,73,8237.714285714286,5341.666666666667,True
acti,scssl,74,8243.142857142857,5443.078486394558,True
acti,scssl,75,8382.142857142857,5443.078486394558,True
acti,scssl,76,8382.57142857143,5466.488775510204,True
acti,scssl,77,8584.57142857143,5466.488775510204,True
acti,scssl,78,8589.714285714286,5507.142857142857,True
acti,scssl,79,8590.42857142857,5507.142857142857,True
acti,scssl,80,8591.0,5564.784226190476,True
acti,scssl,81,8617.57142857143,5564.784226190476,True
acti,scssl,82,8619.42857142857,5612.322058823529,True
acti,scssl,83,8718.0,5612.322058823529,True
acti,scssl,84,8718.2,5767.44761904762,True
acti,scssl,85,8723.285714285714,5767.44761904762,True
acti,scssl,86,8723.857142857143,5876.00363967243,True
acti,scssl,87,8932.166666666666,5876.00363967243,True
acti,scssl,88,8932.8,6164.218200408998,True
acti,scssl,89,9164.57142857143,6164.218200408998,True
acti,scssl,90,9167.714285714286,6189.08085901027,True
acti,scssl,91,9304.57142857143,6189.08085901027,True
acti,scssl,92,9306.0,6411.782038834952,True
acti,scssl,93,9456.57142857143,6411.782038834952,True
acti,scssl,94,9458.714285714286,6419.703896103895,True
acti,scssl,95,9471.0,6419.703896103895,True
acti,scssl,96,9472.75,6527.88980233603,True
acti,scssl,97,9590.857142857143,6527.88980233603,True
acti,scssl,98,9591.57142857143,6603.878636959373,True
acti,scssl,99,9853.42857142857,6603.878636959373,True
acti,scssl,100,9854.857142857143,6775.357142857143,True
acti,scssl,101,9857.0,6775.357142857143,True
acti,scssl,102,9858.857142857143,6846.451654560129,True
acti,scssl,103,9999.857142857143,6846.451654560129,True
acti,scssl,104,10001.42857142857,6944.950396825397,True
acti,scssl,105,10049.285714285714,6944.950396825397,True
acti,scssl,106,10050.857142857143,7037.190476190476,True
acti,scssl,107,10051.142857142857,7037.190476190476,True
acti,scssl,108,10053.57142857143,7151.333033294619,True
acti,scssl,109,10353.42857142857,7151.333033294619,True
acti,scssl,110,10356.857142857143,7448.266338259442,True
acti,scssl,111,10459.285714285714,7448.266338259442,True
acti,scssl,112,10459.57142857143,7546.192063492065,True
acti,scssl,113,10584.57142857143,7546.192063492065,True
acti,scssl,114,10586.0,7649.562879818594,True
acti,scssl,115,10708.5,7649.562879818594,True
acti,scssl,116,10709.857142857143,7801.071245421246,True
acti,scssl,117,10733.57142857143,7801.071245421246,True
acti,scssl,118,10736.42857142857,7980.0047220561855,True
acti,scssl,119,10999.857142857143,7980.0047220561855,True
acti,scssl,120,11000.666666666666,8000.222626534893,True
acti,scssl,121,11191.0,8000.222626534893,True
acti,scssl,122,11191.857142857143,8014.046428571429,True
acti,scssl,123,11219.857142857143,8014.046428571429,True
acti,scssl,124,11221.142857142857,8068.214285714285,True
acti,scssl,125,11223.0,8068.214285714285,True
acti,scssl,126,11226.0,8168.64430641822,True
acti,scssl,127,11258.166666666666,8168.64430641822,True
acti,scssl,128,11261.285714285714,8503.12705357143,True
acti,scssl,129,11727.0,8503.12705357143,True
acti,scssl,130,11728.285714285714,8700.285714285714,True
acti,scssl,131,11729.57142857143,8771.581054872278,True
acti,scssl,132,12087.714285714286,8771.581054872278,True
acti,scssl,133,12089.0,9038.442307692309,True
acti,scssl,134,12133.333333333334,9038.442307692309,True
acti,scssl,135,12134.714285714286,9081.848698781838,True
acti,scssl,136,12231.0,9081.848698781838,True
acti,scssl,137,12231.5,9202.94162087912,True
acti,scssl,138,12292.57142857143,9202.94162087912,True
acti,scssl,139,12295.285714285714,9381.17268707483,True
acti,scssl,140,12385.857142857143,9381.17268707483,True
acti,scssl,141,12386.285714285714,9455.42961854899,True
acti,scssl,142,12874.857142857143,9455.42961854899,True
acti,scssl,143,12875.42857142857,9600.342364532022,True
acti,scssl,144,12901.666666666666,9600.342364532022,True
acti,scssl,145,12905.0,9627.624603174605,True
acti,scssl,146,12919.57142857143,9627.624603174605,True
acti,scssl,147,12920.142857142857,9698.92708855472,True
acti,scssl,148,13072.42857142857,9698.92708855472,True
acti,scssl,149,13073.0,9890.112759462756,True
acti,scssl,150,13443.42857142857,9890.112759462756,True
acti,scssl,151,13443.714285714286,9949.42857142857,True
acti,scssl,152,13445.42857142857,10222.574058280028,True
acti,scssl,153,13531.857142857143,10222.574058280028,True
acti,scssl,154,13533.42857142857,10299.435955394816,True
acti,scssl,155,13755.42857142857,10299.435955394816,True
acti,scssl,156,13756.714285714286,10340.082417582416,True
acti,scssl,157,13777.142857142857,10340.082417582416,True
acti,scssl,158,13777.25,10366.525683060107,True
acti,scssl,159,13856.42857142857,10366.525683060107,True
acti,scssl,160,13856.833333333334,10465.066666666668,True
acti,scssl,161,13858.857142857143,10465.066666666668,True
acti,scssl,162,13859.42857142857,10808.606604696672,True
acti,scssl,163,14076.285714285714,10808.606604696672,True
acti,scssl,164,14077.714285714286,10880.130158730159,True
acti,scssl,165,14080.42857142857,10880.130158730159,True
acti,scssl,166,14080.714285714286,11407.23690869087,True
acti,scssl,167,14578.666666666666,11407.23690869087,True
acti,scssl,168,14580.666666666666,11446.550000000001,True
acti,scssl,169,14584.0,11446.550000000001,True
acti,scssl,170,14585.166666666666,11500.832081174442,True
acti,scssl,171,15274.857142857143,11500.832081174442,True
acti,scssl,172,15275.285714285714,11513.62835675254,True
acti,scssl,173,15489.42857142857,11513.62835675254,True
acti,scssl,174,15490.285714285714,11675.75909090909,True
acti,scssl,175,15503.285714285714,11675.75909090909,True
acti,scssl,176,15507.42857142857,11806.07793807178,True
acti,scssl,177,15951.333333333334,11806.07793807178,True
acti,scssl,178,15954.0,12099.187343358397,True
acti,scssl,179,15990.714285714286,12099.187343358397,True
acti,scssl,180,15992.285714285714,12449.785714285714,True
acti,scssl,181,15996.285714285714,12449.785714285714,True
acti,scssl,182,15997.142857142857,12481.935515873018,True
acti,scssl,183,16113.42857142857,12481.935515873018,True
acti,scssl,184,16121.714285714286,12762.044444444446,True
acti,scssl,185,16166.57142857143,12762.044444444446,True
acti,scssl,186,16169.57142857143,13335.600782997764,True
acti,scssl,187,16958.571428571428,13335.600782997764,True
acti,scssl,188,16961.285714285714,13375.522727272728,True
acti,scssl,189,16987.428571428572,13375.522727272728,True
acti,scssl,190,16996.285714285714,13859.228449043172,True
acti,scssl,191,17651.85714285714,13859.228449043172,True
acti,scssl,192,17654.14285714286,14569.611133949982,True
acti,scssl,193,18304.714285714286,14569.611133949982,True
acti,scssl,194,18307.14285714286,14643.665178571428,True
acti,scssl,195,18355.0,14643.665178571428,True
acti,scssl,196,18355.285714285714,15255.188208616779,True
acti,scssl,197,18437.85714285714,15255.188208616779,True
acti,scssl,198,18452.166666666668,15587.567540526848,True
acti,scssl,199,19477.166666666668,15587.567540526848,False
acti,scssl,200,19481.85714285714,15730.375609756094,False
acti,scssl,201,19972.14285714286,15730.375609756094,False
acti,scssl,202,19983.666666666668,16046.149014778326,False
acti,scssl,203,20182.14285714286,16046.149014778326,False
acti,scssl,204,20182.85714285714,16418.190476190477,False
acti,scssl,205,20205.0,16418.190476190477,False
acti,scssl,206,20207.571428571428,16784.482434860736,False
acti,scssl,207,20645.428571428572,16784.482434860736,False
acti,scssl,208,20658.0,17345.533904761905,False
acti,scssl,209,21049.714285714286,17345.533904761905,False
acti,scssl,210,21058.0,18183.11681096681,False
acti,scssl,211,22231.6,18183.11681096681,False
acti,scssl,212,22236.85714285714,18327.73575148809,False
acti,scssl,213,24329.0,18327.73575148809,False
acti,scssl,214,24469.0,19890.87261904762,False
acti,scssl,215,25241.14285714286,19890.87261904762,False
acti,scssl,216,25241.571428571428,21511.0873015873,False
acti,scssl,217,25424.714285714286,21511.0873015873,False
acti,scssl,218,25711.285714285714,22082.92857142857,False
acti,scssl,219,25806.75,22082.92857142857,False
acti,scssl,220,25877.428571428572,22197.31428571429,False
acti,scssl,221,26321.571428571428,22197.31428571429,False
acti,scssl,222,26505.0,24114.857142857145,False
acti,scssl,223,26592.0,24114.857142857145,False
acti,scssl,224,26614.85714285714,25789.863945578232,False
acti,scssl,225,28378.333333333332,25789.863945578232,False
acti,scssl,226,28703.85714285714,27755.428571428572,False
acti,scssl,227,30169.285714285714,29612.738095238095,False
acti,scssl,228,33835.25,29612.738095238095,False
acti,vs,1,828.2857142857143,0.0,False
acti,vs,2,840.1428571428571,218.14285714285714,False
acti,vs,3,901.0,218.14285714285714,False
acti,vs,4,1010.0,342.1714285714286,False
acti,vs,5,1051.0,342.1714285714286,False
acti,vs,6,1093.5714285714287,450.57142857142856,False
acti,vs,7,1132.3333333333333,480.1972789115645,False
acti,vs,8,1979.142857142857,480.1972789115645,False
acti,vs,9,1992.857142857143,765.3420634920635,False
acti,vs,10,2158.8571428571427,765.3420634920635,False
acti,vs,11,2183.0,790.326636904762,False
acti,vs,12,2513.714285714286,790.326636904762,False
acti,vs,13,2516.714285714286,1042.0695488721806,False
acti,vs,14,2860.3333333333335,1042.0695488721806,False
acti,vs,15,2862.285714285714,1091.367094017094,False
acti,vs,16,3341.1428571428573,1091.367094017094,False
acti,vs,17,3353.1428571428573,1410.7857142857144,False
acti,vs,18,3421.4285714285716,1410.7857142857144,False
acti,vs,19,3427.5714285714284,1413.7142857142858,False
acti,vs,20,3436.1428571428573,1422.9510673234813,False
acti,vs,21,3726.8571428571427,1422.9510673234813,False
acti,vs,22,3727.8571428571427,1486.2142857142858,False
acti,vs,23,3735.714285714286,1486.2142857142858,False
acti,vs,24,3747.5714285714284,1759.0,False
acti,vs,25,3748.1428571428573,1832.7572380952377,False
acti,vs,26,4118.857142857143,1832.7572380952377,False
acti,vs,27,4120.714285714285,1973.9813588850177,False
acti,vs,28,4359.714285714285,1973.9813588850177,False
acti,vs,29,4360.428571428572,2075.542857142857,False
acti,vs,30,4374.857142857143,2075.542857142857,False
acti,vs,31,4375.142857142857,2089.267857142857,False
acti,vs,32,4449.714285714285,2089.267857142857,False
acti,vs,33,4452.833333333333,2183.4013736263737,False
acti,vs,34,4578.0,2183.4013736263737,False
acti,vs,35,4578.142857142857,2460.0431839402427,False
acti,vs,36,4872.714285714285,2460.0431839402427,False
acti,vs,37,4873.285714285715,2588.89994047619,False
acti,vs,38,5035.166666666667,2588.89994047619,False
acti,vs,39,5036.285714285715,2626.7428571428572,False
acti,vs,40,5050.142857142857,2626.7428571428572,False
acti,vs,41,5052.857142857143,2769.1428571428573,False
acti,vs,42,5054.142857142857,2913.392857142857,False
acti,vs,43,5070.285714285715,2913.392857142857,False
acti,vs,44,5074.428571428572,3048.7533928571424,False
acti,vs,45,5395.0,3048.7533928571424,True
acti,vs,46,5403.285714285715,3082.4280648429585,True
acti,vs,47,5545.428571428572,3082.4280648429585,True
acti,vs,48,5545.714285714285,3097.0,True
acti,vs,49,5546.857142857143,3189.580357142857,True
acti,vs,50,5615.0,3189.580357142857,True
acti,vs,51,5618.0,3192.6488095238096,True
acti,vs,52,5701.571428571428,3192.6488095238096,True
acti,vs,53,5703.142857142857,3418.815759637189,True
acti,vs,54,5945.2,3418.815759637189,True
acti,vs,55,5945.285714285715,3569.4254901960785,True
acti,vs,56,5989.428571428572,3569.4254901960785,True
acti,vs,57,5992.714285714285,3669.831992337165,True
acti,vs,58,6233.2,3669.831992337165,True
acti,vs,59,6235.833333333333,3882.5606988249847,True
acti,vs,60,6455.5,3882.5606988249847,True
acti,vs,61,6469.857142857143,3904.252380952381,True
acti,vs,62,6495.285714285715,3904.252380952381,True
acti,vs,63,6499.571428571428,3958.7433075933077,True
acti,vs,64,6626.428571428572,3958.7433075933077,True
acti,vs,65,6626.714285714285,4171.714285714285,True
acti,vs,66,6629.142857142857,4171.714285714285,True
acti,vs,67,6632.857142857143,4234.947516087515,True
acti,vs,68,7025.285714285715,4234.947516087515,True
acti,vs,69,7029.0,4430.362481962482,True
acti,vs,70,7103.714285714285,4430.362481962482,True
acti,vs,71,7105.571428571428,4445.493197278912,True
acti,vs,72,7117.571428571428,4445.493197278912,True
acti,vs,73,7117.714285714285,4618.5440993788825,True
acti,vs,74,7219.428571428572,4618.5440993788825,True
acti,vs,75,7220.857142857143,4681.108333333334,True
acti,vs,76,7547.714285714285,4681.108333333334,True
acti,vs,77,7549.5,4686.083333333334,True
acti,vs,78,7550.142857142857,4686.083333333334,True
acti,vs,79,7551.285714285715,4747.8849206349205,True
acti,vs,80,7569.142857142857,4747.8849206349205,True
acti,vs,81,7571.142857142857,4920.627995391706,True
acti,vs,82,7683.285714285715,4920.627995391706,True
acti,vs,83,7684.0,5000.190476190476,True
acti,vs,84,7688.428571428572,5000.190476190476,True
acti,vs,85,7688.714285714285,5188.245640509725,True
acti,vs,86,7851.142857142857,5188.245640509725,True
acti,vs,87,7852.833333333333,5268.461904761904,True
acti,vs,88,7908.142857142857,5268.461904761904,True
acti,vs,89,7911.571428571428,5501.193504761905,True
acti,vs,90,8150.571428571428,5501.193504761905,True
acti,vs,91,8151.285714285715,5541.305238095238,True
acti,vs,92,8175.142857142857,5541.305238095238,True
acti,vs,93,8179.285714285715,5683.461992945328,True
acti,vs,94,8219.142857142857,5683.461992945328,True
acti,vs,95,8219.857142857143,5684.032698412699,True
acti,vs,96,8267.0,5684.032698412699,True
acti,vs,97,8267.57142857143,5836.883165660632,True
acti,vs,98,8385.714285714286,5836.883165660632,True
acti,vs,99,8388.0,5916.384801043705,True
acti,vs,100,8502.57142857143,5916.384801043705,True
acti,vs,101,8503.42857142857,5921.951530612244,True
acti,vs,102,8521.714285714286,5921.951530612244,True
acti,vs,103,8522.166666666666,5935.670952380952,True
acti,vs,104,8577.57142857143,5935.670952380952,True
acti,vs,105,8579.166666666666,5963.942671957673,True
acti,vs,106,8703.42857142857,5963.942671957673,True
acti,vs,107,8705.285714285714,6018.31774891775,True
acti,vs,108,8718.2,6018.31774891775,True
acti,vs,109,8719.0,6284.417092731829,True
acti,vs,110,8856.285714285714,6284.417092731829,True
acti,vs,111,8856.333333333334,6421.442606516291,True
acti,vs,112,8925.714285714286,6421.442606516291,True
acti,vs,113,8926.142857142857,6550.045767195767,True
acti,vs,114,9164.57142857143,6550.045767195767,True
acti,vs,115,9167.714285714286,6608.571428571429,True
acti,vs,116,9173.714285714286,6608.571428571429,True
acti,vs,117,9173.857142857143,6798.591944815308,True
acti,vs,118,9474.857142857143,6798.591944815308,True
acti,vs,119,9475.0,6812.808917748919,True
acti,vs,120,9533.333333333334,6812.808917748919,True
acti,vs,121,9533.42857142857,7029.088265306122,True
acti,vs,122,9556.42857142857,7029.088265306122,True
acti,vs,123,9557.857142857143,7049.747773536897,True
acti,vs,124,9868.714285714286,7049.747773536897,True
acti,vs,125,9869.42857142857,7174.091269841269,True
acti,vs,126,9877.57142857143,7174.091269841269,True
acti,vs,127,9877.714285714286,7204.521374458873,True
acti,vs,128,10036.0,7204.521374458873,True
acti,vs,129,10041.0,7519.5087420042655,True
acti,vs,130,10123.714285714286,7519.5087420042655,True
acti,vs,131,10124.57142857143,7541.968306010927,True
acti,vs,132,10197.42857142857,7541.968306010927,True
acti,vs,133,10197.714285714286,7649.622335600908,True
acti,vs,134,10254.5,7649.622335600908,True
acti,vs,135,10257.285714285714,7683.778505291008,True
acti,vs,136,10418.857142857143,7683.778505291008,True
acti,vs,137,10419.42857142857,7815.84103343465,True
acti,vs,138,10534.142857142857,7815.84103343465,True
acti,vs,139,10534.857142857143,8029.608650065532,True
acti,vs,140,10636.42857142857,8029.608650065532,True
acti,vs,141,10636.5,8050.326007326007,True
acti,vs,142,10658.714285714286,8050.326007326007,True
acti,vs,143,10660.57142857143,8168.5919757958445,True
acti,vs,144,10861.0,8168.5919757958445,True
acti,vs,145,10862.285714285714,8186.142857142857,True
acti,vs,146,10862.714285714286,8187.630821917809,True
acti,vs,147,10948.285714285714,8187.630821917809,True
acti,vs,148,10948.666666666666,8202.414186507936,True
acti,vs,149,10969.57142857143,8202.414186507936,True
acti,vs,150,10970.142857142857,8242.0,True
acti,vs,151,10971.333333333334,8326.908424908426,True
acti,vs,152,10999.714285714286,8326.908424908426,True
acti,vs,153,10999.857142857143,8398.530707762558,True
acti,vs,154,11170.714285714286,8398.530707762558,True
acti,vs,155,11171.142857142857,8622.519047619047,True
acti,vs,156,11174.714285714286,8622.519047619047,True
acti,vs,157,11178.142857142857,8718.566379804935,True
acti,vs,158,11292.857142857143,8718.566379804935,True
acti,vs,159,11293.714285714286,8752.28670298628,True
acti,vs,160,11590.25,8752.28670298628,True
acti,vs,161,11590.857142857143,8819.438329430133,True
acti,vs,162,11644.857142857143,8819.438329430133,True
acti,vs,163,11645.0,8929.064935064935,True
acti,vs,164,11654.714285714286,8929.064935064935,True
acti,vs,165,11655.57142857143,8946.97670068027,True
acti,vs,166,11695.42857142857,8946.97670068027,True
acti,vs,167,11695.57142857143,9134.967857142858,True
acti,vs,168,11718.42857142857,9134.967857142858,True
acti,vs,169,11724.142857142857,9195.846283698667,True
acti,vs,170,11949.42857142857,9195.846283698667,True
acti,vs,171,11950.57142857143,9277.178721409822,True
acti,vs,172,12096.0,9277.178721409822,True
acti,vs,173,12096.8,9485.337453007518,True
acti,vs,174,12252.285714285714,9485.337453007518,True
acti,vs,175,12252.57142857143,9683.106027306028,True
acti,vs,176,12440.142857142857,9683.106027306028,True
acti,vs,177,12441.857142857143,9694.208424908426,True
acti,vs,178,12457.42857142857,9694.208424908426,True
acti,vs,179,12457.714285714286,9837.330080482898,True
acti,vs,180,12553.714285714286,9837.330080482898,True
acti,vs,181,12553.833333333334,9906.668183300717,True
acti,vs,182,12910.714285714286,9906.668183300717,True
acti,vs,183,12911.285714285714,10095.558952380954,True
acti,vs,184,13011.333333333334,10095.558952380954,True
acti,vs,185,13012.857142857143,10302.372619047619,True
acti,vs,186,13045.0,10302.372619047619,True
acti,vs,187,13045.142857142857,10360.208715184186,True
acti,vs,188,13173.142857142857,10360.208715184186,True
acti,vs,189,13178.142857142857,10475.077067669172,True
acti,vs,190,13283.714285714286,10475.077067669172,True
acti,vs,191,13284.42857142857,10488.200464576072,True
acti,vs,192,13331.714285714286,10488.200464576072,True
acti,vs,193,13333.0,10639.596530612247,True
acti,vs,194,13433.42857142857,10639.596530612247,True
acti,vs,195,13433.714285714286,10790.954874517376,True
acti,vs,196,13636.42857142857,10790.954874517376,True
acti,vs,197,13637.285714285714,10870.571428571428,True
acti,vs,198,13638.285714285714,10971.430280112047,True
acti,vs,199,13755.42857142857,10971.430280112047,True
acti,vs,200,13756.714285714286,10984.026842245275,True
acti,vs,201,14009.857142857143,10984.026842245275,True
acti,vs,202,14010.142857142857,11433.464285714286,True
acti,vs,203,14011.142857142857,11433.464285714286,True
acti,vs,204,14013.0,11638.403664538442,True
acti,vs,205,14590.285714285714,11638.403664538442,True
acti,vs,206,14590.42857142857,11678.347023809525,True
acti,vs,207,14787.714285714286,11678.347023809525,True
acti,vs,208,14788.285714285714,11966.525827664398,True
acti,vs,209,14989.857142857143,11966.525827664398,True
acti,vs,210,14991.42857142857,12055.42857142857,True
acti,vs,211,14993.5,12213.836080586081,True
acti,vs,212,15105.142857142857,12213.836080586081,True
acti,vs,213,15106.42857142857,12271.857142857141,True
acti,vs,214,15114.857142857143,12271.857142857141,True
acti,vs,215,15115.857142857143,12426.003339947087,True
acti,vs,216,15398.42857142857,12426.003339947087,True
acti,vs,217,15399.857142857143,12483.017857142857,True
acti,vs,218,15402.5,12483.017857142857,True
acti,vs,219,15408.0,12621.65,True
acti,vs,220,15423.714285714286,12621.65,True
acti,vs,221,15427.142857142857,12754.239183222957,True
acti,vs,222,15690.0,12754.239183222957,True
acti,vs,223,15692.75,12873.100802568222,True
acti,vs,224,15907.0,12873.100802568222,True
acti,vs,225,15908.285714285714,13105.742296918768,True
acti,vs,226,15943.285714285714,13105.742296918768,True
acti,vs,227,15946.285714285714,13257.383493589745,True
acti,vs,228,16206.0,13257.383493589745,True
acti,vs,229,16206.833333333334,13518.826360544219,True
acti,vs,230,16420.285714285714,13518.826360544219,True
acti,vs,231,16423.85714285714,13849.42857142857,True
acti,vs,232,16428.714285714286,13874.532764976959,True
acti,vs,233,16882.571428571428,13874.532764976959,True
acti,vs,234,16889.714285714286,14149.954497354498,True
acti,vs,235,16981.428571428572,14149.954497354498,True
acti,vs,236,16986.14285714286,14455.953417366945,True
acti,vs,237,17539.428571428572,14455.953417366945,True
acti,vs,238,17543.285714285714,14506.25946275946,True
acti,vs,239,17635.714285714286,14506.25946275946,True
acti,vs,240,17635.85714285714,14873.986935286935,True
acti,vs,241,17814.428571428572,14873.986935286935,True
acti,vs,242,17816.0,15111.484590690212,True
acti,vs,243,18220.428571428572,15111.484590690212,True
acti,vs,244,18221.14285714286,15126.786011904762,True
acti,vs,245,18347.14285714286,15126.786011904762,True
acti,vs,246,18354.14285714286,15375.035714285714,True
acti,vs,247,18358.428571428572,15375.035714285714,True
acti,vs,248,18369.714285714286,15508.538095238095,True
acti,vs,249,18391.0,15508.538095238095,True
acti,vs,250,18397.428571428572,15624.685217163791,True
acti,vs,251,18897.0,15624.685217163791,True
acti,vs,252,18898.714285714286,15835.300824175822,True
acti,vs,253,19023.0,15835.300824175822,True
acti,vs,254,19028.0,15875.920647321429,True
acti,vs,255,19401.714285714286,15875.920647321429,False
acti,vs,256,19404.428571428572,15901.264285714287,False
acti,vs,257,19471.571428571428,15901.264285714287,False
acti,vs,258,19474.285714285714,16046.63095238095,False
acti,vs,259,19537.571428571428,16046.63095238095,False
acti,vs,260,19542.85714285714,16465.712229437228,False
acti,vs,261,19956.85714285714,16465.712229437228,False
acti,vs,262,19961.85714285714,16793.218571428573,False
acti,vs,263,20129.571428571428,16793.218571428573,False
acti,vs,264,20131.714285714286,17537.55195238095,False
acti,vs,265,20870.85714285714,17537.55195238095,False
acti,vs,266,20872.285714285714,17602.272727272724,False
acti,vs,267,21031.714285714286,17602.272727272724,False
acti,vs,268,21034.571428571428,18373.214285714286,False
acti,vs,269,21046.0,18373.214285714286,False
acti,vs,270,21049.714285714286,18801.342030423282,False
acti,vs,271,22330.85714285714,18801.342030423282,False
acti,vs,272,22377.14285714286,19181.14285714286,False
acti,vs,273,22379.14285714286,19381.850000000002,False
acti,vs,274,22845.571428571428,19381.850000000002,False
acti,vs,275,22874.0,19869.14285714286,False
acti,vs,276,22882.0,20470.351417233556,False
acti,vs,277,24469.0,20470.351417233556,False
acti,vs,278,24475.5,21236.255208333336,False
acti,vs,279,25078.0,21236.255208333336,False
acti,vs,280,25241.14285714286,22805.09772256729,False
acti,vs,281,26933.333333333332,22805.09772256729,False
acti,vs,282,27135.285714285714,23666.33597883598,False
acti,vs,283,28228.285714285714,23666.33597883598,False
acti,vs,284,28378.333333333332,27287.462797619046,False
acti,vs,285,33835.25,27287.462797619046,False
acti,vsrev,1,828.2857142857143,0.0,False
acti,vsrev,2,840.1428571428571,201.43428571428572,False
acti,vsrev,3,1051.0,201.43428571428572,False
acti,vsrev,4,1093.5714285714287,288.39285714285717,False
acti,vsrev,5,1979.142857142857,288.39285714285717,False
acti,vsrev,6,1992.857142857143,373.1650476190475,False
acti,vsrev,7,2513.714285714286,373.1650476190475,False
acti,vsrev,8,2516.714285714286,443.3715538847117,False
acti,vsrev,9,2860.3333333333335,443.3715538847117,False
acti,vsrev,10,2862.285714285714,565.2857142857143,False
acti,vsrev,11,2872.8571428571427,598.9868421052631,False
acti,vsrev,12,3341.1428571428573,598.9868421052631,False
acti,vsrev,13,3353.1428571428573,836.3506493506492,False
acti,vsrev,14,3427.5714285714284,836.3506493506492,False
acti,vsrev,15,3436.1428571428573,851.5767195767196,False
acti,vsrev,16,3534.714285714286,851.5767195767196,False
acti,vsrev,17,3535.714285714286,859.6800865800866,False
acti,vsrev,18,3735.714285714286,859.6800865800866,False
acti,vsrev,19,3747.5714285714284,987.5714285714286,False
acti,vsrev,20,3748.1428571428573,1028.357142857143,False
acti,vsrev,21,3788.1428571428573,1028.357142857143,False
acti,vsrev,22,3791.5714285714284,1127.2114389233952,False
acti,vsrev,23,4118.857142857143,1127.2114389233952,False
acti,vsrev,24,4120.714285714285,1198.8805900621117,False
acti,vsrev,25,4374.857142857143,1198.8805900621117,False
acti,vsrev,26,4375.142857142857,1306.517857142857,False
acti,vsrev,27,4449.714285714285,1306.517857142857,False
acti,vsrev,28,4452.833333333333,1448.554761904762,False
acti,vsrev,29,4520.428571428572,1448.554761904762,False
acti,vsrev,30,4535.714285714285,1464.7119047619046,False
acti,vsrev,31,4578.0,1464.7119047619046,False
acti,vsrev,32,4578.142857142857,1626.4171335200745,False
acti,vsrev,33,4872.714285714285,1626.4171335200745,False
acti,vsrev,34,4873.285714285715,1770.9224338624338,False
acti,vsrev,35,5052.857142857143,1770.9224338624338,False
acti,vsrev,36,5054.142857142857,1964.8214285714284,False
acti,vsrev,37,5070.285714285715,1964.8214285714284,False
acti,vsrev,38,5074.428571428572,2140.4680994521705,False
acti,vsrev,39,5484.857142857143,2140.4680994521705,True
acti,vsrev,40,5495.571428571428,2200.680672268907,True
acti,vsrev,41,5550.571428571428,2200.680672268907,True
acti,vsrev,42,5553.833333333333,2224.954081632653,True
acti,vsrev,43,5615.0,2224.954081632653,True
acti,vsrev,44,5618.0,2300.956101190476,True
acti,vsrev,45,5701.571428571428,2300.956101190476,True
acti,vsrev,46,5703.142857142857,2441.2949735449733,True
acti,vsrev,47,5921.0,2441.2949735449733,True
acti,vsrev,48,5922.0,2553.889417989418,True
acti,vsrev,49,5945.2,2553.889417989418,True
acti,vsrev,50,5945.285714285715,2605.722751322751,True
acti,vsrev,51,5992.714285714285,2605.722751322751,True
acti,vsrev,52,5994.333333333333,2665.4507751937986,True
acti,vsrev,53,6233.2,2665.4507751937986,True
acti,vsrev,54,6235.833333333333,2893.867952928298,True
acti,vsrev,55,6495.285714285715,2893.867952928298,True
acti,vsrev,56,6499.571428571428,3010.9993564993565,True
acti,vsrev,57,6626.428571428572,3010.9993564993565,True
acti,vsrev,58,6626.714285714285,3295.6837407690355,True
acti,vsrev,59,7025.285714285715,3295.6837407690355,True
acti,vsrev,60,7029.0,3334.4404040404042,True
acti,vsrev,61,7103.714285714285,3334.4404040404042,True
acti,vsrev,62,7105.571428571428,3479.4693877551026,True
acti,vsrev,63,7117.571428571428,3479.4693877551026,True
acti,vsrev,64,7117.714285714285,3678.0953718566093,True
acti,vsrev,65,7302.142857142857,3678.0953718566093,True
acti,vsrev,66,7302.833333333333,3731.9828908554564,True
acti,vsrev,67,7547.714285714285,3731.9828908554564,True
acti,vsrev,68,7549.5,3791.0935374149662,True
acti,vsrev,69,7569.142857142857,3791.0935374149662,True
acti,vsrev,70,7571.142857142857,3822.5985347985347,True
acti,vsrev,71,7634.285714285715,3822.5985347985347,True
acti,vsrev,72,7636.142857142857,3949.207142857143,True
acti,vsrev,73,7683.285714285715,3949.207142857143,True
acti,vsrev,74,7684.0,4075.6171428571424,True
acti,vsrev,75,7708.428571428572,4075.6171428571424,True
acti,vsrev,76,7711.0,4115.680176565008,True
acti,vsrev,77,7908.142857142857,4115.680176565008,True
acti,vsrev,78,7911.571428571428,4466.477307060755,True
acti,vsrev,79,8175.142857142857,4466.477307060755,True
acti,vsrev,80,8179.285714285715,4518.391534391535,True
acti,vsrev,81,8184.571428571428,4518.391534391535,True
acti,vsrev,82,8185.714285714285,4639.823523809525,True
acti,vsrev,83,8228.166666666666,4639.823523809525,True
acti,vsrev,84,8229.142857142857,4644.828571428571,True
acti,vsrev,85,8237.714285714286,4644.828571428571,True
acti,vsrev,86,8243.142857142857,4763.48482142857,True
acti,vsrev,87,8267.0,4763.48482142857,True
acti,vsrev,88,8267.57142857143,4872.441865079365,True
acti,vsrev,89,8388.0,4872.441865079365,True
acti,vsrev,90,8390.0,4891.610275689223,True
acti,vsrev,91,8416.666666666666,4891.610275689223,True
acti,vsrev,92,8418.142857142857,4930.190431266847,True
acti,vsrev,93,8502.57142857143,4930.190431266847,True
acti,vsrev,94,8503.42857142857,4980.761904761905,True
acti,vsrev,95,8510.5,4980.761904761905,True
acti,vsrev,96,8510.714285714286,4995.552343750001,True
acti,vsrev,97,8703.42857142857,4995.552343750001,True
acti,vsrev,98,8705.285714285714,5142.028571428571,True
acti,vsrev,99,8708.0,5142.028571428571,True
acti,vsrev,100,8709.666666666666,5260.913293650793,True
acti,vsrev,101,8796.857142857143,5260.913293650793,True
acti,vsrev,102,8797.285714285714,5543.921922731357,True
acti,vsrev,103,8932.166666666666,5543.921922731357,True
acti,vsrev,104,8932.8,5568.727882205512,True
acti,vsrev,105,9087.857142857143,5568.727882205512,True
acti,vsrev,106,9088.0,5577.237900874635,True
acti,vsrev,107,9164.57142857143,5577.237900874635,True
acti,vsrev,108,9167.714285714286,5763.075,True
acti,vsrev,109,9222.857142857143,5763.075,True
acti,vsrev,110,9224.42857142857,5776.290476190476,True
acti,vsrev,111,9242.714285714286,5776.290476190476,True
acti,vsrev,112,9243.57142857143,5805.10582010582,True
acti,vsrev,113,9252.57142857143,5805.10582010582,True
acti,vsrev,114,9253.166666666666,5901.771913580246,True
acti,vsrev,115,9480.142857142857,5901.771913580246,True
acti,vsrev,116,9480.25,6047.763857142857,True
acti,vsrev,117,9533.333333333334,6047.763857142857,True
acti,vsrev,118,9533.42857142857,6095.049206349208,True
acti,vsrev,119,9868.714285714286,6095.049206349208,True
acti,vsrev,120,9869.42857142857,6264.952380952381,True
acti,vsrev,121,9872.57142857143,6264.952380952381,True
acti,vsrev,122,9873.5,6291.486880466473,True
acti,vsrev,123,9981.5,6291.486880466473,True
acti,vsrev,124,9981.57142857143,6308.548872180451,True
acti,vsrev,125,10015.5,6308.548872180451,True
acti,vsrev,126,10016.57142857143,6466.4068322981375,True
acti,vsrev,127,10046.714285714286,6466.4068322981375,True
acti,vsrev,128,10047.142857142857,6682.527108134919,True
acti,vsrev,129,10284.57142857143,6682.527108134919,True
acti,vsrev,130,10287.142857142857,6748.957943531395,True
acti,vsrev,131,10413.42857142857,6748.957943531395,True
acti,vsrev,132,10414.166666666666,6860.636904761905,True
acti,vsrev,133,10418.857142857143,6860.636904761905,True
acti,vsrev,134,10419.42857142857,6876.671726190475,True
acti,vsrev,135,10491.857142857143,6876.671726190475,True
acti,vsrev,136,10492.857142857143,6999.647681704261,True
acti,vsrev,137,10534.142857142857,6999.647681704261,True
acti,vsrev,138,10534.857142857143,7210.431661600811,True
acti,vsrev,139,10574.714285714286,7210.431661600811,True
acti,vsrev,140,10575.0,7227.344755469755,True
acti,vsrev,141,10653.142857142857,7227.344755469755,True
acti,vsrev,142,10658.714285714286,7321.583969085019,True
acti,vsrev,143,10872.666666666666,7321.583969085019,True
acti,vsrev,144,10875.0,7360.89641025641,True
acti,vsrev,145,10948.285714285714,7360.89641025641,True
acti,vsrev,146,10948.666666666666,7441.925490196078,True
acti,vsrev,147,10999.714285714286,7441.925490196078,True
acti,vsrev,148,10999.857142857143,7593.293613000756,True
acti,vsrev,149,11231.285714285714,7593.293613000756,True
acti,vsrev,150,11232.57142857143,7682.783333333333,True
acti,vsrev,151,11252.857142857143,7682.783333333333,True
acti,vsrev,152,11253.142857142857,7701.621889400921,True
acti,vsrev,153,11292.857142857143,7701.621889400921,True
acti,vsrev,154,11293.714285714286,7833.088095238095,True
acti,vsrev,155,11317.857142857143,7833.088095238095,True
acti,vsrev,156,11318.285714285714,7938.23894557823,True
acti,vsrev,157,11352.857142857143,7938.23894557823,True
acti,vsrev,158,11354.714285714286,8037.154931972788,True
acti,vsrev,159,11392.57142857143,8037.154931972788,True
acti,vsrev,160,11393.142857142857,8089.2357142857145,True
acti,vsrev,161,11414.42857142857,8089.2357142857145,True
acti,vsrev,162,11421.5,8091.409139784946,True
acti,vsrev,163,11574.142857142857,8091.409139784946,True
acti,vsrev,164,11575.0,8122.589406487234,True
acti,vsrev,165,11644.857142857143,8122.589406487234,True
acti,vsrev,166,11645.0,8157.700414078676,True
acti,vsrev,167,11666.57142857143,8157.700414078676,True
acti,vsrev,168,11666.714285714286,8308.544117647058,True
acti,vsrev,169,11700.857142857143,8308.544117647058,True
acti,vsrev,170,11701.0,8387.681810035841,True
acti,vsrev,171,11925.42857142857,8387.681810035841,True
acti,vsrev,172,11927.285714285714,8470.099159663867,True
acti,vsrev,173,11947.57142857143,8470.099159663867,True
acti,vsrev,174,11948.857142857143,8513.835489313835,True
acti,vsrev,175,12094.285714285714,8513.835489313835,True
acti,vsrev,176,12095.142857142857,8538.857142857143,True
acti,vsrev,177,12096.0,8700.583870967743,True
acti,vsrev,178,12252.57142857143,8700.583870967743,True
acti,vsrev,179,12257.333333333334,8832.737461348173,True
acti,vsrev,180,12457.42857142857,8832.737461348173,True
acti,vsrev,181,12457.714285714286,9123.759740259738,True
acti,vsrev,182,12497.857142857143,9123.759740259738,True
acti,vsrev,183,12500.25,9146.4713136289,True
acti,vsrev,184,12663.57142857143,9146.4713136289,True
acti,vsrev,185,12667.57142857143,9212.329824561404,True
acti,vsrev,186,12740.0,9212.329824561404,True
acti,vsrev,187,12740.25,9280.299475065616,True
acti,vsrev,188,12910.42857142857,9280.299475065616,True
acti,vsrev,189,12910.714285714286,9530.21961152882,True
acti,vsrev,190,13011.333333333334,9530.21961152882,True
acti,vsrev,191,13012.857142857143,9679.622108843538,True
acti,vsrev,192,13173.142857142857,9679.622108843538,True
acti,vsrev,193,13178.142857142857,9819.250546975549,True
acti,vsrev,194,13281.57142857143,9819.250546975549,True
acti,vsrev,195,13282.285714285714,10158.956912442394,True
acti,vsrev,196,13359.57142857143,10158.956912442394,True
acti,vsrev,197,13359.833333333334,10169.949404761903,True
acti,vsrev,198,13401.714285714286,10169.949404761903,True
acti,vsrev,199,13401.857142857143,10302.76626984127,True
acti,vsrev,200,13639.857142857143,10302.76626984127,True
acti,vsrev,201,13641.714285714286,10414.104027042913,True
acti,vsrev,202,13753.285714285714,10414.104027042913,True
acti,vsrev,203,13755.42857142857,10505.524731182795,True
acti,vsrev,204,13798.0,10505.524731182795,True
acti,vsrev,205,13798.857142857143,10545.477509652512,True
acti,vsrev,206,14008.714285714286,10545.477509652512,True
acti,vsrev,207,14009.857142857143,10746.4,True
acti,vsrev,208,14011.142857142857,10746.4,True
acti,vsrev,209,14013.0,11080.793956043957,True
acti,vsrev,210,14041.42857142857,11080.793956043957,True
acti,vsrev,211,14041.714285714286,11121.357101806241,True
acti,vsrev,212,14154.714285714286,11121.357101806241,True
acti,vsrev,213,14157.142857142857,11215.429236111113,True
acti,vsrev,214,14547.2,11215.429236111113,True
acti,vsrev,215,14551.57142857143,11216.278301886792,True
acti,vsrev,216,14704.0,11216.278301886792,True
acti,vsrev,217,14704.833333333334,11391.160671768708,True
acti,vsrev,218,14787.714285714286,11391.160671768708,True
acti,vsrev,219,14788.285714285714,11798.440743213167,True
acti,vsrev,220,14993.5,11798.440743213167,True
acti,vsrev,221,14993.714285714286,12034.532561132562,True
acti,vsrev,222,15124.142857142857,12034.532561132562,True
acti,vsrev,223,15126.57142857143,12035.928224206351,True
acti,vsrev,224,15237.57142857143,12035.928224206351,True
acti,vsrev,225,15238.57142857143,12101.941714285713,True
acti,vsrev,226,15322.42857142857,12101.941714285713,True
acti,vsrev,227,15322.857142857143,12287.974223602481,True
acti,vsrev,228,15359.57142857143,12287.974223602481,True
acti,vsrev,229,15361.857142857143,12387.929894179893,True
acti,vsrev,230,15398.42857142857,12387.929894179893,True
acti,vsrev,231,15399.857142857143,12601.857194616978,True
acti,vsrev,232,15476.57142857143,12601.857194616978,True
acti,vsrev,233,15477.285714285714,12619.341269841269,True
acti,vsrev,234,15489.285714285714,12619.341269841269,True
acti,vsrev,235,15489.42857142857,12636.745341614907,True
acti,vsrev,236,15715.857142857143,12636.745341614907,True
acti,vsrev,237,15717.0,12764.371834415586,True
acti,vsrev,238,15926.0,12764.371834415586,True
acti,vsrev,239,15928.333333333334,12822.759259259261,True
acti,vsrev,240,15943.285714285714,12822.759259259261,True
acti,vsrev,241,15946.285714285714,13067.251558441558,True
acti,vsrev,242,16213.857142857143,13067.251558441558,True
acti,vsrev,243,16215.57142857143,13201.363333333335,True
acti,vsrev,244,16260.0,13201.363333333335,True
acti,vsrev,245,16261.285714285714,13293.00489667565,True
acti,vsrev,246,16389.85714285714,13293.00489667565,True
acti,vsrev,247,16390.85714285714,13455.876373626375,True
acti,vsrev,248,16415.428571428572,13455.876373626375,True
acti,vsrev,249,16420.285714285714,13512.910256410252,True
acti,vsrev,250,16465.85714285714,13512.910256410252,True
acti,vsrev,251,16468.0,13897.688167938933,True
acti,vsrev,252,16882.571428571428,13897.688167938933,True
acti,vsrev,253,16889.714285714286,14337.720238095239,True
acti,vsrev,254,16981.428571428572,14337.720238095239,True
acti,vsrev,255,16986.14285714286,14782.760926870742,True
acti,vsrev,256,17538.714285714286,14782.760926870742,True
acti,vsrev,257,17539.428571428572,15001.729024943314,True
acti,vsrev,258,17635.85714285714,15001.729024943314,True
acti,vsrev,259,17638.0,15011.029081632656,True
acti,vsrev,260,17753.571428571428,15011.029081632656,True
acti,vsrev,261,17765.14285714286,15099.90857142857,True
acti,vsrev,262,17814.428571428572,15099.90857142857,True
acti,vsrev,263,17816.0,15526.807896323087,True
acti,vsrev,264,18180.0,15526.807896323087,True
acti,vsrev,265,18181.428571428572,15886.970445134571,True
acti,vsrev,266,18358.428571428572,15886.970445134571,True
acti,vsrev,267,18369.714285714286,16298.649350649352,True
acti,vsrev,268,18456.571428571428,16298.649350649352,True
acti,vsrev,269,18460.85714285714,16355.582589285714,True
acti,vsrev,270,18898.714285714286,16355.582589285714,True
acti,vsrev,271,18901.14285714286,16735.856325515277,True
acti,vsrev,272,19262.14285714286,16735.856325515277,True
acti,vsrev,273,19300.666666666668,17059.031249999996,True
acti,vsrev,274,19350.85714285714,17059.031249999996,False
acti,vsrev,275,19365.333333333332,17116.98380952381,False
acti,vsrev,276,19542.85714285714,17116.98380952381,False
acti,vsrev,277,19547.14285714286,17380.779365079365,False
acti,vsrev,278,19643.0,17380.779365079365,False
acti,vsrev,279,19647.85714285714,17605.72519047619,False
acti,vsrev,280,19956.85714285714,17605.72519047619,False
acti,vsrev,281,19961.85714285714,18041.472411186696,False
acti,vsrev,282,20393.85714285714,18041.472411186696,False
acti,vsrev,283,20397.285714285714,18635.986328725034,False
acti,vsrev,284,20870.85714285714,18635.986328725034,False
acti,vsrev,285,20872.285714285714,20187.694139194144,False
acti,vsrev,286,21046.0,20187.694139194144,False
acti,vsrev,287,21049.714285714286,20331.191832010583,False
acti,vsrev,288,22330.85714285714,20331.191832010583,False
acti,vsrev,289,22377.14285714286,20838.457983193275,False
acti,vsrev,290,22845.571428571428,20838.457983193275,False
acti,vsrev,291,22874.0,21872.785714285714,False
acti,vsrev,292,23059.14285714286,21872.785714285714,False
acti,vsrev,293,23062.0,22827.457142857143,False
acti,vsrev,294,23162.0,22827.457142857143,False
acti,vsrev,295,23184.0,22986.707142857143,False
acti,vsrev,296,23264.4,22986.707142857143,False
acti,vsrev,297,23294.4,23406.057142857146,False
acti,vsrev,298,24498.14285714286,23406.057142857146,False
acti,vsrev,299,24518.333333333332,23707.0,False
acti,vsrev,300,24533.0,25406.26483516483,False
acti,vsrev,301,25959.714285714286,25406.26483516483,False
acti,vsrev,302,25975.85714285714,25674.083333333336,False
acti,vsrev,303,26933.333333333332,25674.083333333336,False
acti,vsrev,304,27135.285714285714,27501.23015873016,False
acti,vsrev,305,27433.0,27501.23015873016,False
acti,vsrev,306,27641.85714285714,29560.761904761905,False
acti,vsrev,307,28228.285714285714,29560.761904761905,False
acti,vsrev,308,28378.333333333332,31995.466666666667,False
acti,vsrev,309,30291.571428571428,31995.466666666667,False
acti,vsrev,310,30715.428571428572,34751.55952380952,False
acti,vsrev,311,33835.25,34751.55952380952,False
adept,acti,1,5.56540014606673,1191.6666666666667,False
adept,acti,2,6.655581539613588,1191.6666666666667,False
adept,acti,3,14.616547682850651,1683.0119047619048,False
adept,acti,4,38.41803191680112,1683.0119047619048,False
adept,acti,5,40.34899399989431,1903.6190476190477,False
adept,acti,6,44.288388667985124,1903.6190476190477,False
adept,acti,7,47.47412778320533,2077.0714285714284,False
adept,acti,8,55.484962036009165,2077.0714285714284,False
adept,acti,9,57.23241467301518,2245.1428571428573,False
adept,acti,10,60.438811495901845,2271.6746031746034,False
adept,acti,11,61.77446838902869,2271.6746031746034,False
adept,acti,12,64.63912001994848,2536.2670068027214,False
adept,acti,13,72.43759122185205,2536.2670068027214,False
adept,acti,14,74.4913040998911,2699.2857142857147,False
adept,acti,15,83.09274916822405,2699.2857142857147,False
adept,acti,16,84.07324191256453,3080.9761904761904,False
adept,acti,17,106.05371260231806,3080.9761904761904,False
adept,acti,18,109.22518949357058,3264.815320910973,False
adept,acti,19,129.84670367090885,3264.815320910973,False
adept,acti,20,130.26647093761446,3395.079081632653,False
adept,acti,21,136.63203959681772,3395.079081632653,False
adept,acti,22,137.18424385901702,3574.1646164021163,False
adept,acti,23,172.253834952036,3574.1646164021163,False
adept,acti,24,172.29027698899625,4139.942857142857,False
adept,acti,25,180.76966056527095,4139.942857142857,False
adept,acti,26,182.0493112676956,4571.285714285714,False
adept,acti,27,182.53889118979149,4571.285714285714,False
adept,acti,28,182.6267242979775,4617.250436507937,False
adept,acti,29,234.51440208155213,4617.250436507937,False
adept,acti,30,234.64949824833312,4672.0,False
adept,acti,31,245.4125226442849,4672.0,False
adept,acti,32,247.36102230511432,4747.004166666667,False
adept,acti,33,252.35176822448983,4747.004166666667,False
adept,acti,34,252.35420789285484,4785.636734693877,False
adept,acti,35,264.57923589756604,4785.636734693877,False
adept,acti,36,264.9862850389802,5150.414401858304,False
adept,acti,37,297.82911610339545,5150.414401858304,False
adept,acti,38,298.0052811551481,5157.788302277433,False
adept,acti,39,307.8068245748268,5157.788302277433,False
adept,acti,40,309.5212498623694,5398.005442176871,False
adept,acti,41,311.69439394264157,5398.005442176871,False
adept,acti,42,312.6214266786837,5473.343685300207,False
adept,acti,43,333.038383364161,5473.343685300207,False
adept,acti,44,333.47380957716905,5526.024052478134,False
adept,acti,45,368.5049269970885,5526.024052478134,False
adept,acti,46,368.6458313731896,5623.380952380953,False
adept,acti,47,370.46473006964044,5623.380952380953,False
adept,acti,48,371.1243801579825,5758.387755102041,False
adept,acti,49,372.3223567469927,5758.387755102041,False
adept,acti,50,372.33138012870853,5770.906444444445,False
adept,acti,51,416.87925215530294,5770.906444444445,True
adept,acti,52,417.3581486175314,6088.357414965986,True
adept,acti,53,442.6369163469553,6088.357414965986,True
adept,acti,54,443.4226511332129,6219.989795918367,True
adept,acti,55,444.8120886175093,6219.989795918367,True
adept,acti,56,445.0619799452558,6327.727361436378,True
adept,acti,57,483.20752633258115,6327.727361436378,True
adept,acti,58,483.64259465327547,6797.206746031747,True
adept,acti,59,521.383637550319,6797.206746031747,True
adept,acti,60,521.6192962703352,7170.679782790309,True
adept,acti,61,586.4376162010429,7170.679782790309,True
adept,acti,62,586.7070451714628,7228.9431643625185,True
adept,acti,63,604.32079007359,7228.9431643625185,True
adept,acti,64,604.4935924539217,7235.600834202293,True
adept,acti,65,687.1162118026558,7235.600834202293,True
adept,acti,66,687.2722121688956,7338.785714285714,True
adept,acti,67,687.3503167419359,7338.785714285714,True
adept,acti,68,687.5150309333588,7571.52380952381,True
adept,acti,69,693.8055617114834,7571.52380952381,True
adept,acti,70,695.9558384956198,7616.687142857143,True
adept,acti,71,727.5872560245344,7616.687142857143,True
adept,acti,72,727.7653065180386,7911.39778212655,True
adept,acti,73,813.2901817106685,7911.39778212655,True
adept,acti,74,813.9397892076379,7994.830357142857,True
adept,acti,75,818.8701315358616,7994.830357142857,True
adept,acti,76,819.5819778651602,8393.911586290567,True
adept,acti,77,919.501859041022,8393.911586290567,True
adept,acti,78,920.5486525380949,8567.814795918368,True
adept,acti,79,932.8672227261607,8567.814795918368,True
adept,acti,80,933.9710977050073,8632.032943722945,True
adept,acti,81,963.3064007270208,8632.032943722945,True
adept,acti,82,963.3796227155941,8859.370785440613,True
adept,acti,83,1061.9900063819057,8859.370785440613,True
adept,acti,84,1062.3485178332637,9017.633575464084,True
adept,acti,85,1090.6947126946782,9017.633575464084,True
adept,acti,86,1091.1582743074746,9092.970725623583,True
adept,acti,87,1136.6802746757814,9092.970725623583,True
adept,acti,88,1137.4281532870111,9249.090313852816,True
adept,acti,89,1153.5330995105849,9249.090313852816,True
adept,acti,90,1155.0349190710988,9416.356389391201,True
adept,acti,91,1262.7583602697446,9416.356389391201,True
adept,acti,92,1263.562211204147,9772.071057347672,True
adept,acti,93,1344.3507746220016,9772.071057347672,True
adept,acti,94,1344.7115274127646,9961.577245670995,True
adept,acti,95,1381.8634301456527,9961.577245670995,True
adept,acti,96,1382.2242039065047,10301.777169875042,True
adept,acti,97,1442.30401591365,10301.777169875042,True
adept,acti,98,1442.3752700438192,10307.866092943203,True
adept,acti,99,1475.790052233075,10307.866092943203,True
adept,acti,100,1476.1738898093165,10310.170281385283,True
adept,acti,101,1561.0463001403891,10310.170281385283,True
adept,acti,102,1561.1642389440956,10316.991071428572,True
adept,acti,103,1564.2045526897302,10316.991071428572,True
adept,acti,104,1564.8787735375304,10371.057843996492,True
adept,acti,105,1627.653719566052,10371.057843996492,True
adept,acti,106,1627.7977623022466,10491.815162907269,True
adept,acti,107,1635.9675300096526,10491.815162907269,True
adept,acti,108,1636.0010295274244,10494.380952380952,True
adept,acti,109,1636.905069259599,10494.380952380952,True
adept,acti,110,1637.9129819559205,10876.228571428572,True
adept,acti,111,1640.607932745025,10876.228571428572,True
adept,acti,112,1640.882921829108,10896.353325673434,True
adept,acti,113,1793.1228641449475,10896.353325673434,True
adept,acti,114,1793.7537779355264,11121.1758377425,True
adept,acti,115,1815.6858282103697,11121.1758377425,True
adept,acti,116,1815.8525823737855,11234.395921985815,True
adept,acti,117,1850.3170371639185,11234.395921985815,True
adept,acti,118,1850.349105354728,11303.798130511463,True
adept,acti,119,1961.0249841106975,11303.798130511463,True
adept,acti,120,1961.3206737378785,11420.449999999999,True
adept,acti,121,1985.5506974532516,11420.449999999999,True
adept,acti,122,1986.413714999321,11437.808407738095,True
adept,acti,123,2000.0500322503663,11437.808407738095,True
adept,acti,124,2000.1455342142472,11768.357510288066,True
adept,acti,125,2065.9912088042515,11768.357510288066,True
adept,acti,126,2066.143684948183,11813.651428571427,True
adept,acti,127,2099.7853868303655,11813.651428571427,True
adept,acti,128,2100.0336247459286,12083.458189735038,True
adept,acti,129,2206.9295664684555,12083.458189735038,True
adept,acti,130,2207.4532074893436,12091.17246852764,True
adept,acti,131,2272.3501112159574,12091.17246852764,True
adept,acti,132,2272.8151804699824,12521.94314165918,True
adept,acti,133,2407.0563569533,12521.94314165918,True
adept,acti,134,2407.3288949805165,12642.23268665491,True
adept,acti,135,2438.5896368786575,12642.23268665491,True
adept,acti,136,2439.791333943434,12726.645363408521,True
adept,acti,137,2461.8163393530835,12726.645363408521,True
adept,acti,138,2462.2367577616797,12895.457115800868,True
adept,acti,139,2654.220328021643,12895.457115800868,True
adept,acti,140,2654.6782133394545,13016.39010989011,True
adept,acti,141,2658.2755314418423,13016.39010989011,True
adept,acti,142,2658.418767790821,13123.962059369203,True
adept,acti,143,2696.5971830238464,13123.962059369203,True
adept,acti,144,2696.6557977082507,13164.07895545315,True
adept,acti,145,2709.0801695130094,13164.07895545315,True
adept,acti,146,2709.4229283089044,13416.918616375124,True
adept,acti,147,2903.499299712907,13416.918616375124,True
adept,acti,148,2903.5686619423204,13548.67619047619,True
adept,acti,149,2904.9942719308774,13548.67619047619,True
adept,acti,150,2905.8474186677963,13573.886666666665,True
adept,acti,151,2911.2593951757453,13573.886666666665,True
adept,acti,152,2911.2771239629997,13586.305131362891,True
adept,acti,153,2940.39492187735,13586.305131362891,True
adept,acti,154,2941.0328311025783,13648.904500580722,True
adept,acti,155,2989.4827761549695,13648.904500580722,True
adept,acti,156,2989.7865709197713,13967.409408135722,True
adept,acti,157,3129.0220198485986,13967.409408135722,True
adept,acti,158,3129.785796740885,14146.29973068919,True
adept,acti,159,3387.5601730616922,14146.29973068919,True
adept,acti,160,3387.9490324882313,14210.16774891775,True
adept,acti,161,3404.9168114100526,14210.16774891775,True
adept,acti,162,3404.9933723797503,14283.09936622131,True
adept,acti,163,3510.0586463921604,14283.09936622131,True
adept,acti,164,3510.8430457870495,14293.774891774892,True
adept,acti,165,3519.1451624714073,14293.774891774892,True
adept,acti,166,3519.3872159513785,14527.27701863354,True
adept,acti,167,3612.5927603189607,14527.27701863354,True
adept,acti,168,3614.1279703983605,14536.10830357143,True
adept,acti,169,3671.731721765447,14536.10830357143,True
adept,acti,170,3672.3115064640747,14781.580720092918,True
adept,acti,171,3752.3992240784123,14781.580720092918,True
adept,acti,172,3752.4049070626324,15089.410830999062,True
adept,acti,173,3855.294296461776,15089.410830999062,True
adept,acti,174,3855.8950670222357,15096.205070229533,True
adept,acti,175,3995.144954855624,15096.205070229533,True
adept,acti,176,3995.268958554133,15184.11808577736,True
adept,acti,177,4373.883061936661,15184.11808577736,True
adept,acti,178,4376.552145046413,15957.123748473745,True
adept,acti,179,4503.973901576367,15957.123748473745,True
adept,acti,180,4504.0525512136455,16005.964761904763,True
adept,acti,181,4530.497587016741,16005.964761904763,True
adept,acti,182,4533.776307745381,16084.43031233999,True
adept,acti,183,4691.481412219839,16084.43031233999,True
adept,acti,184,4693.041024782934,16158.755555555555,True
adept,acti,185,4707.960529101001,16158.755555555555,True
adept,acti,186,4708.583739376637,16322.369047619048,True
adept,acti,187,4842.836787661145,16322.369047619048,True
adept,acti,188,4843.832916993732,16591.202808302813,True
adept,acti,189,5297.9488719812825,16591.202808302813,True
adept,acti,190,5300.927052256267,16679.703741496596,True
adept,acti,191,5458.43050942539,16679.703741496596,False
adept,acti,192,5459.968714588163,17509.502651515148,False
adept,acti,193,5897.711731038444,17509.502651515148,False
adept,acti,194,5902.979774800336,17646.927748917748,False
adept,acti,195,6181.960021802586,17646.927748917748,False
adept,acti,196,6185.748802930618,18213.92522045855,False
adept,acti,197,6675.517391957251,18213.92522045855,False
adept,acti,198,6683.4616272461935,18709.761904761905,False
adept,acti,199,6701.827330309546,18709.761904761905,False
adept,acti,200,6710.786432996893,19029.165097822075,False
adept,acti,201,8971.033445329436,19029.165097822075,False
adept,acti,202,9124.402211425624,19467.76984126984,False
adept,acti,203,9490.11475741647,19467.76984126984,False
adept,acti,204,9495.757667269503,21013.269387755103,False
adept,acti,205,10240.852232415293,21013.269387755103,False
adept,acti,206,10244.11003956224,21215.428571428572,False
adept,acti,207,10396.900675671914,21215.428571428572,False
adept,acti,208,11082.307287775262,21758.12103174603,False
adept,acti,209,13247.445013677812,21758.12103174603,False
adept,acti,210,20240.87818898735,30291.571428571428,False
adept,oak,1,5.56540014606673,93.85833333333339,False
adept,oak,2,6.655581539613588,95.47500000000007,False
adept,oak,3,14.616547682850651,195.64970238095256,False
adept,oak,4,28.80380706527387,195.64970238095256,False
adept,oak,5,32.14437509421351,236.75238095238106,False
adept,oak,6,35.01459286577249,236.75238095238106,False
adept,oak,7,35.097212254511746,289.0666666666669,False
adept,oak,8,38.41803191680112,289.0666666666669,False
adept,oak,9,40.34899399989431,315.16904761904783,False
adept,oak,10,44.288388667985124,315.16904761904783,False
adept,oak,11,47.47412778320533,455.58214285714314,False
adept,oak,12,52.68210715202639,455.58214285714314,False
adept,oak,13,53.86595260075101,465.02464285714314,False
adept,oak,14,60.438811495901845,465.02464285714314,False
adept,oak,15,61.368686314057506,615.42074829932,False
adept,oak,16,83.09274916822405,615.42074829932,False
adept,oak,17,84.07324191256453,688.214285714286,False
adept,oak,18,85.07106172040646,688.214285714286,False
adept,oak,19,85.18419994908754,859.3057005494512,False
adept,oak,20,109.22518949357058,859.3057005494512,False
adept,oak,21,110.46151944741754,987.4944761904766,False
adept,oak,22,115.3753384823194,987.4944761904766,False
adept,oak,23,115.9929009459847,1137.108174603175,False
adept,oak,24,123.1725965597575,1137.108174603175,False
adept,oak,25,125.15880361763489,1264.771502976191,False
adept,oak,26,143.7833683009732,1264.771502976191,False
adept,oak,27,145.09339058279053,1384.916078869048,False
adept,oak,28,161.54576200236534,1384.916078869048,False
adept,oak,29,162.53726565343132,1584.5287500000006,False
adept,oak,30,172.253834952036,1584.5287500000006,False
adept,oak,31,172.29027698899625,1664.0024675324678,False
adept,oak,32,182.53889118979149,1664.0024675324678,False
adept,oak,33,182.6267242979775,1742.4471611721617,False
adept,oak,34,204.27488688824772,1742.4471611721617,False
adept,oak,35,205.30953029410335,1853.765460317461,False
adept,oak,36,217.59901463717375,1853.765460317461,False
adept,oak,37,219.68707577202844,2159.991632653062,False
adept,oak,38,249.1154069594683,2159.991632653062,False
adept,oak,39,249.48696814037075,2384.6947744360905,False
adept,oak,40,264.57923589756604,2384.6947744360905,False
adept,oak,41,264.9862850389802,2629.2738095238105,False
adept,oak,42,274.19175886988853,2629.2738095238105,False
adept,oak,43,275.55103545966944,2654.644685714286,False
adept,oak,44,307.15717604567993,2654.644685714286,False
adept,oak,45,307.7935132282877,2785.5908775510215,False
adept,oak,46,333.91656003049894,2785.5908775510215,False
adept,oak,47,333.9696256347789,3091.9540178571438,False
adept,oak,48,362.3789349435418,3091.9540178571438,False
adept,oak,49,362.9869231486676,3178.079761904763,False
adept,oak,50,368.5049269970885,3178.079761904763,False
adept,oak,51,368.6458313731896,3314.0716666666676,False
adept,oak,52,372.3223567469927,3314.0716666666676,False
adept,oak,53,372.33138012870853,3325.1224789915977,False
adept,oak,54,386.3721090603281,3325.1224789915977,False
adept,oak,55,387.2657416598107,3358.837698412699,False
adept,oak,56,402.2424516270493,3358.837698412699,True
adept,oak,57,402.9220944752496,3638.5168571428576,True
adept,oak,58,443.4226511332129,3638.5168571428576,True
adept,oak,59,443.84452826371097,4061.315536929058,True
adept,oak,60,468.22763050363744,4061.315536929058,True
adept,oak,61,469.78019818092423,4076.3819444444453,True
adept,oak,62,483.20752633258115,4076.3819444444453,True
adept,oak,63,483.64259465327547,4154.310204081633,True
adept,oak,64,486.8170917372575,4154.310204081633,True
adept,oak,65,487.23627777057067,4187.557166666668,True
adept,oak,66,491.849123773352,4187.557166666668,True
adept,oak,67,492.29727580387663,4518.418424036282,True
adept,oak,68,515.9599559019009,4518.418424036282,True
adept,oak,69,516.3666614665309,4661.733990147784,True
adept,oak,70,531.1610995600277,4661.733990147784,True
adept,oak,71,531.51186430872,4760.659021164021,True
adept,oak,72,600.0473514569569,4760.659021164021,True
adept,oak,73,600.2088357329513,4835.481984126985,True
adept,oak,74,609.298160327477,4835.481984126985,True
adept,oak,75,609.3817899790571,5070.056295005809,True
adept,oak,76,632.1182011064667,5070.056295005809,True
adept,oak,77,632.6340733606412,5170.582467532468,True
adept,oak,78,638.8126017900144,5170.582467532468,True
adept,oak,79,639.2641397918604,5176.482568922305,True
adept,oak,80,687.1162118026558,5176.482568922305,True
adept,oak,81,687.2722121688956,5509.334773960218,True
adept,oak,82,727.0587143606807,5509.334773960218,True
adept,oak,83,727.5872560245344,5745.0928373015895,True
adept,oak,84,762.327829100817,5745.0928373015895,True
adept,oak,85,762.4689467345233,5863.018753132832,True
adept,oak,86,818.8701315358616,5863.018753132832,True
adept,oak,87,819.5819778651602,6326.454226569609,True
adept,oak,88,919.501859041022,6326.454226569609,True
adept,oak,89,920.5486525380949,6565.901022408965,True
adept,oak,90,928.1547147931736,6565.901022408965,True
adept,oak,91,928.9709292902114,6852.851634542706,True
adept,oak,92,961.2175992866346,6852.851634542706,True
adept,oak,93,961.3011372258159,7206.123447827219,True
adept,oak,94,1065.4226160274914,7206.123447827219,True
adept,oak,95,1065.8522060346081,7278.212831632654,True
adept,oak,96,1079.97457750079,7278.212831632654,True
adept,oak,97,1080.0713111995333,7400.736036706351,True
adept,oak,98,1090.316120873891,7400.736036706351,True
adept,oak,99,1090.6947126946782,7424.684060981534,True
adept,oak,100,1129.4992457867813,7424.684060981534,True
adept,oak,101,1130.6845649478878,7569.513224206351,True
adept,oak,102,1159.4540284942848,7569.513224206351,True
adept,oak,103,1159.46773463992,7627.750000000002,True
adept,oak,104,1160.085474039218,7627.750000000002,True
adept,oak,105,1160.1921359378287,7637.607142857142,True
adept,oak,106,1160.385174102568,7722.564285714287,True
adept,oak,107,1162.2095422963469,7722.564285714287,True
adept,oak,108,1162.42440855686,7810.935000000001,True
adept,oak,109,1166.603413314403,7810.935000000001,True
adept,oak,110,1166.6903649266762,7822.271400308326,True
adept,oak,111,1231.5900199786067,7822.271400308326,True
adept,oak,112,1231.6989875927459,7988.138483436853,True
adept,oak,113,1262.7583602697446,7988.138483436853,True
adept,oak,114,1263.562211204147,8106.884956140353,True
adept,oak,115,1273.7242546982877,8106.884956140353,True
adept,oak,116,1274.0138155394768,8311.66130952381,True
adept,oak,117,1277.7125690007515,8311.66130952381,True
adept,oak,118,1277.7477748438264,8411.017011239279,True
adept,oak,119,1344.3507746220016,8411.017011239279,True
adept,oak,120,1344.7115274127646,8724.923702651518,True
adept,oak,121,1381.8634301456527,8724.923702651518,True
adept,oak,122,1382.2242039065047,9014.450375357794,True
adept,oak,123,1458.3661141842322,9014.450375357794,True
adept,oak,124,1459.0204901140003,9035.093377425046,True
adept,oak,125,1480.137979123451,9035.093377425046,True
adept,oak,126,1480.2488453804522,9142.046248562228,True
adept,oak,127,1561.0463001403891,9142.046248562228,True
adept,oak,128,1561.1642389440956,9448.166721665277,True
adept,oak,129,1627.653719566052,9448.166721665277,True
adept,oak,130,1627.7977623022466,9620.65892857143,True
adept,oak,131,1628.7770136031215,9620.65892857143,True
adept,oak,132,1629.0709795407074,9819.429839544515,True
adept,oak,133,1640.607932745025,9819.429839544515,True
adept,oak,134,1640.882921829108,9955.742482126903,True
adept,oak,135,1793.1228641449475,9955.742482126903,True
adept,oak,136,1793.7537779355264,10384.787689028315,True
adept,oak,137,1850.3170371639185,10384.787689028315,True
adept,oak,138,1850.349105354728,10559.46362722104,True
adept,oak,139,1980.3986018835972,10559.46362722104,True
adept,oak,140,1980.5240927238726,10726.1946969697,True
adept,oak,141,2000.0500322503663,10726.1946969697,True
adept,oak,142,2000.1455342142472,11085.388065843621,True
adept,oak,143,2065.9912088042515,11085.388065843621,True
adept,oak,144,2066.143684948183,11206.930312097815,True
adept,oak,145,2099.546426114548,11206.930312097815,True
adept,oak,146,2099.7853868303655,11447.380000000001,True
adept,oak,147,2100.0336247459286,11464.688345486687,True
adept,oak,148,2272.3501112159574,11464.688345486687,True
adept,oak,149,2272.8151804699824,12108.37250795958,True
adept,oak,150,2417.151848248012,12108.37250795958,True
adept,oak,151,2418.042098176659,12277.482388716358,True
adept,oak,152,2437.254256016799,12277.482388716358,True
adept,oak,153,2437.4646229713544,12416.993924963926,True
adept,oak,154,2461.8163393530835,12416.993924963926,True
adept,oak,155,2462.2367577616797,12657.778409523817,True
adept,oak,156,2587.337689232638,12657.778409523817,True
adept,oak,157,2587.3803096129823,12683.9350374424,True
adept,oak,158,2646.2556862421675,12683.9350374424,True
adept,oak,159,2647.2132882479727,12720.243877551024,True
adept,oak,160,2651.4278152256193,12720.243877551024,True
adept,oak,161,2651.457640546129,12854.004006211182,True
adept,oak,162,2658.418767790821,12854.004006211182,True
adept,oak,163,2658.588066044779,12871.123609613658,True
adept,oak,164,2678.0004986402273,12871.123609613658,True
adept,oak,165,2678.5825498215377,13170.615525793653,True
adept,oak,166,2696.6557977082507,13170.615525793653,True
adept,oak,167,2697.0992023772774,13274.942614845935,True
adept,oak,168,2904.9942719308774,13274.942614845935,True
adept,oak,169,2905.8474186677963,13479.793158730161,True
adept,oak,170,2911.2593951757453,13479.793158730161,True
adept,oak,171,2911.2771239629997,13605.853400137035,True
adept,oak,172,2988.9885188898083,13605.853400137035,True
adept,oak,173,2989.4827761549695,14040.32862670068,True
adept,oak,174,3002.831277558733,14040.32862670068,True
adept,oak,175,3003.7928981787445,14118.230166040104,True
adept,oak,176,3134.2166338336297,14118.230166040104,True
adept,oak,177,3135.503573872128,14301.138299952738,True
adept,oak,178,3404.9168114100526,14301.138299952738,True
adept,oak,179,3404.9933723797503,14382.413082539684,True
adept,oak,180,3519.1451624714073,14382.413082539684,True
adept,oak,181,3519.3872159513785,14690.969766233771,True
adept,oak,182,3607.034514976941,14690.969766233771,True
adept,oak,183,3607.418239565467,15117.846925770313,True
adept,oak,184,3719.0447008023802,15117.846925770313,True
adept,oak,185,3720.8379597137323,15291.891290322583,True
adept,oak,186,3752.3992240784123,15291.891290322583,True
adept,oak,187,3752.4049070626324,15580.749752567695,True
adept,oak,188,3855.294296461776,15580.749752567695,True
adept,oak,189,3855.8950670222357,15581.09136904762,True
adept,oak,190,3880.106233163373,15581.09136904762,True
adept,oak,191,3881.2130591830937,15690.835204517703,True
adept,oak,192,3995.144954855624,15690.835204517703,True
adept,oak,193,3995.268958554133,15768.017280826238,True
adept,oak,194,4373.883061936661,15768.017280826238,True
adept,oak,195,4376.552145046413,16593.051119047617,True
adept,oak,196,4394.18828458527,16593.051119047617,True
adept,oak,197,4394.854408714385,16726.082742987608,True
adept,oak,198,4530.497587016741,16726.082742987608,True
adept,oak,199,4533.776307745381,17116.067490079367,True
adept,oak,200,4707.960529101001,17116.067490079367,True
adept,oak,201,4708.583739376637,17221.492221611723,True
adept,oak,202,4842.836787661145,17221.492221611723,True
adept,oak,203,4843.832916993732,17775.515723809527,True
adept,oak,204,5130.798153669374,17775.515723809527,True
adept,oak,205,5133.070548656972,17821.24197278912,True
adept,oak,206,5297.9488719812825,17821.24197278912,True
adept,oak,207,5300.927052256267,18279.253693379793,True
adept,oak,208,5408.115302607416,18279.253693379793,True
adept,oak,209,5408.503465623951,18281.485752164503,True
adept,oak,210,5458.43050942539,18281.485752164503,False
adept,oak,211,5459.968714588163,18721.988104395605,False
adept,oak,212,5832.6671143057565,18721.988104395605,False
adept,oak,213,5840.2270176161355,18823.91203373016,False
adept,oak,214,6139.028218120452,18823.91203373016,False
adept,oak,215,6142.62449876679,18833.678571428572,False
adept,oak,216,6149.069358441569,18833.678571428572,False
adept,oak,217,6151.314883771872,18947.344444444447,False
adept,oak,218,6185.748802930618,18947.344444444447,False
adept,oak,219,6196.0723888486855,19934.90275335776,False
adept,oak,220,6662.878286460067,19934.90275335776,False
adept,oak,221,6672.659668990168,21009.450037259183,False
adept,oak,222,8899.397986965942,21009.450037259183,False
adept,oak,223,8921.346487995055,21726.720634920635,False
adept,oak,224,9342.1508118445,21726.720634920635,False
adept,oak,225,9384.062535174491,21920.300000000007,False
adept,oak,226,9473.955397425752,23826.465476190486,False
adept,oak,227,9490.11475741647,23826.465476190486,False
adept,oak,228,9495.757667269503,24240.234421768713,False
adept,oak,229,10240.852232415293,24240.234421768713,False
adept,oak,230,10244.11003956224,24511.024603174596,False
adept,oak,231,11082.307287775262,24511.024603174596,False
adept,oak,232,11292.941774407482,24612.460400432898,False
adept,oak,233,13247.445013677812,24612.460400432898,False
adept,oak,234,20240.87818898735,30405.899999999994,False
adept,scrf,1,5.56540014606673,61.788690476190474,False
adept,scrf,2,28.80380706527387,61.788690476190474,False
adept,scrf,3,32.14437509421351,91.71428571428571,False
adept,scrf,4,35.01459286577249,91.71428571428571,False
adept,scrf,5,35.097212254511746,137.0285714285714,False
adept,scrf,6,43.881890338578344,137.0285714285714,False
adept,scrf,7,44.288388667985124,140.42857142857142,False
adept,scrf,8,47.47412778320533,247.35714285714286,False
adept,scrf,9,60.438811495901845,247.35714285714286,False
adept,scrf,10,61.368686314057506,418.1714285714286,False
adept,scrf,11,84.07324191256453,418.1714285714286,False
adept,scrf,12,85.07106172040646,430.1494252873563,False
adept,scrf,13,112.77275076909167,430.1494252873563,False
adept,scrf,14,113.10464645974534,586.3518518518517,False
adept,scrf,15,120.10797796921437,586.3518518518517,False
adept,scrf,16,121.32852124327994,712.4652014652015,False
adept,scrf,17,131.03346611927378,712.4652014652015,False
adept,scrf,18,131.15500052840906,861.897964669739,False
adept,scrf,19,183.1460091245229,861.897964669739,False
adept,scrf,20,183.3657951595317,1084.2857142857142,False
adept,scrf,21,184.16932653631426,1142.857142857143,False
adept,scrf,22,184.7520561482721,1176.2,False
adept,scrf,23,187.4741951267311,1176.2,False
adept,scrf,24,187.69472338242235,1363.5600985221677,False
adept,scrf,25,215.63050567691286,1363.5600985221677,False
adept,scrf,26,216.60558007110413,1541.895238095238,False
adept,scrf,27,219.68707577202844,1541.895238095238,False
adept,scrf,28,219.8677664963252,1592.8673469387754,False
adept,scrf,29,235.83522873718832,1592.8673469387754,False
adept,scrf,30,237.13195856983234,1642.25,False
adept,scrf,31,237.7692866590978,1642.25,False
adept,scrf,32,237.8438425899029,1725.0483870967746,False
adept,scrf,33,267.0642943464848,1725.0483870967746,False
adept,scrf,34,268.4834794491256,1894.7142857142858,False
adept,scrf,35,269.9061971751224,1894.7142857142858,False
adept,scrf,36,270.20470556490164,1972.5714285714287,False
adept,scrf,37,271.06455657052686,1972.5714285714287,False
adept,scrf,38,271.6270665591457,1983.9125992063491,False
adept,scrf,39,304.96978364922086,1983.9125992063491,False
adept,scrf,40,305.53423369308524,2073.6190476190477,False
adept,scrf,41,306.36180157932785,2073.6190476190477,False
adept,scrf,42,306.90530607613306,2168.3595238095236,False
adept,scrf,43,313.01259320661393,2168.3595238095236,False
adept,scrf,44,314.148182772832,2217.461488095238,False
adept,scrf,45,372.3223567469927,2217.461488095238,False
adept,scrf,46,372.33138012870853,2461.7340277777785,False
adept,scrf,47,414.73017022434925,2461.7340277777785,True
adept,scrf,48,415.35284826170664,3033.2794425087104,True
adept,scrf,49,491.849123773352,3033.2794425087104,True
adept,scrf,50,492.29727580387663,3386.5081168831166,True
adept,scrf,51,506.1055483607629,3386.5081168831166,True
adept,scrf,52,506.48856789868813,3431.4950980392155,True
adept,scrf,53,524.7882636286711,3431.4950980392155,True
adept,scrf,54,524.8233479993958,3599.0992063492067,True
adept,scrf,55,529.9781071163978,3599.0992063492067,True
adept,scrf,56,530.0168765884812,3786.523809523809,True
adept,scrf,57,531.1610995600277,3786.523809523809,True
adept,scrf,58,531.51186430872,3873.043603712672,True
adept,scrf,59,600.2088357329513,3873.043603712672,True
adept,scrf,60,601.7015835906035,4088.9248299319725,True
adept,scrf,61,632.6340733606412,4088.9248299319725,True
adept,scrf,62,633.0768884393185,4094.871428571429,True
adept,scrf,63,638.8126017900144,4094.871428571429,True
adept,scrf,64,639.2641397918604,4638.876833976833,True
adept,scrf,65,686.7789321125184,4638.876833976833,True
adept,scrf,66,686.7833860709187,4695.214285714285,True
adept,scrf,67,687.1162118026558,4695.214285714285,True
adept,scrf,68,687.2722121688956,4780.232926829268,True
adept,scrf,69,727.9945309237996,4780.232926829268,True
adept,scrf,70,728.4748438999908,4926.521888053468,True
adept,scrf,71,762.327829100817,4926.521888053468,True
adept,scrf,72,762.4689467345233,5136.769047619047,True
adept,scrf,73,782.5582741038316,5136.769047619047,True
adept,scrf,74,783.643998608342,5309.125324675322,True
adept,scrf,75,815.2905302278343,5309.125324675322,True
adept,scrf,76,816.077503583712,5623.17382282522,True
adept,scrf,77,927.9430990201896,5623.17382282522,True
adept,scrf,78,928.1547147931736,5878.678571428572,True
adept,scrf,79,934.8963067675851,5878.678571428572,True
adept,scrf,80,935.8712422395948,6059.704926108373,True
adept,scrf,81,949.8230632615072,6059.704926108373,True
adept,scrf,82,950.6308257753616,6127.9224489795915,True
adept,scrf,83,961.2175992866346,6127.9224489795915,True
adept,scrf,84,961.3011372258159,6398.162962962962,True
adept,scrf,85,969.0197147089265,6398.162962962962,True
adept,scrf,86,969.1012207232151,6437.880066445181,True
adept,scrf,87,1065.1731775580768,6437.880066445181,True
adept,scrf,88,1065.2019226074465,6452.828253968254,True
adept,scrf,89,1071.8754771232302,6452.828253968254,True
adept,scrf,90,1071.9269798626913,6473.403061224491,True
adept,scrf,91,1079.2264783882254,6473.403061224491,True
adept,scrf,92,1079.97457750079,6868.714285714285,True
adept,scrf,93,1080.0713111995333,7056.5670173495755,True
adept,scrf,94,1136.5159134055943,7056.5670173495755,True
adept,scrf,95,1136.6802746757814,7066.155072463769,True
adept,scrf,96,1155.0349190710988,7066.155072463769,True
adept,scrf,97,1156.7732519080948,7201.413387812751,True
adept,scrf,98,1262.7583602697446,7201.413387812751,True
adept,scrf,99,1263.562211204147,7835.120930232557,True
adept,scrf,100,1285.5465244028821,7835.120930232557,True
adept,scrf,101,1286.2149220938852,7845.156376956376,True
adept,scrf,102,1344.3507746220016,7845.156376956376,True
adept,scrf,103,1344.7115274127646,8131.07721861472,True
adept,scrf,104,1381.8634301456527,8131.07721861472,True
adept,scrf,105,1382.2242039065047,8387.946876055385,True
adept,scrf,106,1442.30401591365,8387.946876055385,True
adept,scrf,107,1442.3752700438192,8436.037037037036,True
adept,scrf,108,1445.7602109754184,8436.037037037036,True
adept,scrf,109,1445.9013860609173,8717.224943310657,True
adept,scrf,110,1561.0463001403891,8717.224943310657,True
adept,scrf,111,1561.1642389440956,9100.302284752286,True
adept,scrf,112,1640.607932745025,9100.302284752286,True
adept,scrf,113,1640.882921829108,9435.666271721957,True
adept,scrf,114,1726.9838172534612,9435.666271721957,True
adept,scrf,115,1728.2807672174008,9608.915887713112,True
adept,scrf,116,1793.1228641449475,9608.915887713112,True
adept,scrf,117,1793.7537779355264,9921.270238095234,True
adept,scrf,118,1843.772050909647,9921.270238095234,True
adept,scrf,119,1843.9533210088864,9972.61755952381,True
adept,scrf,120,1850.3170371639185,9972.61755952381,True
adept,scrf,121,1850.349105354728,10209.252594490708,True
adept,scrf,122,1942.9943232114872,10209.252594490708,True
adept,scrf,123,1943.1122190361918,10264.44457953394,True
adept,scrf,124,1975.370193147168,10264.44457953394,True
adept,scrf,125,1975.663047384653,10401.810130718954,True
adept,scrf,126,1994.6000934533442,10401.810130718954,True
adept,scrf,127,1995.0709220948454,10566.048700054736,True
adept,scrf,128,2066.143684948183,10566.048700054736,True
adept,scrf,129,2066.150864743066,10866.806979778214,True
adept,scrf,130,2099.546426114548,10866.806979778214,True
adept,scrf,131,2099.7853868303655,10921.4,True
adept,scrf,132,2100.0336247459286,11293.927936139655,True
adept,scrf,133,2272.3501112159574,11293.927936139655,True
adept,scrf,134,2272.8151804699824,12046.375892857151,True
adept,scrf,135,2405.427159258702,12046.375892857151,True
adept,scrf,136,2405.702018083302,12050.738095238097,True
adept,scrf,137,2407.0563569533,12050.738095238097,True
adept,scrf,138,2407.3288949805165,12068.050595238095,True
adept,scrf,139,2437.254256016799,12068.050595238095,True
adept,scrf,140,2437.4646229713544,12208.038521677328,True
adept,scrf,141,2462.2367577616797,12208.038521677328,True
adept,scrf,142,2463.142590136795,12370.931530930127,True
adept,scrf,143,2505.5762727487504,12370.931530930127,True
adept,scrf,144,2506.0829867898783,12443.578835978835,True
adept,scrf,145,2520.2740283244166,12443.578835978835,True
adept,scrf,146,2520.6796286761487,12589.87578828829,True
adept,scrf,147,2651.4278152256193,12589.87578828829,True
adept,scrf,148,2651.457640546129,12669.021293800539,True
adept,scrf,149,2667.6702317933696,12669.021293800539,True
adept,scrf,150,2667.895762973044,13035.740374873356,True
adept,scrf,151,2696.6557977082507,13035.740374873356,True
adept,scrf,152,2697.0992023772774,13113.881746031746,True
adept,scrf,153,2709.0801695130094,13113.881746031746,True
adept,scrf,154,2709.4229283089044,13135.86431982535,True
adept,scrf,155,2877.832439758559,13135.86431982535,True
adept,scrf,156,2878.4475960657437,13296.5170771757,True
adept,scrf,157,2894.8042014786365,13296.5170771757,True
adept,scrf,158,2897.0446300003837,13326.035714285714,True
adept,scrf,159,2898.2307146306744,13326.035714285714,True
adept,scrf,160,2898.2587847505165,13380.65918367347,True
adept,scrf,161,2905.8474186677963,13380.65918367347,True
adept,scrf,162,2905.998124274531,13578.197994987466,True
adept,scrf,163,2943.431626912979,13578.197994987466,True
adept,scrf,164,2943.809665589339,13694.87973137973,True
adept,scrf,165,2989.4827761549695,13694.87973137973,True
adept,scrf,166,2989.7865709197713,14199.62841269841,True
adept,scrf,167,3134.2166338336297,14199.62841269841,True
adept,scrf,168,3135.503573872128,14266.345011337868,True
adept,scrf,169,3192.3540792534827,14266.345011337868,True
adept,scrf,170,3194.372966443046,14383.98066129273,True
adept,scrf,171,3404.9168114100526,14383.98066129273,True
adept,scrf,172,3404.9933723797503,14662.572035794177,True
adept,scrf,173,3518.9193926943162,14662.572035794177,True
adept,scrf,174,3519.1451624714073,14943.836894036893,True
adept,scrf,175,3607.034514976941,14943.836894036893,True
adept,scrf,176,3607.418239565467,15244.562429971988,True
adept,scrf,177,3719.0447008023802,15244.562429971988,True
adept,scrf,178,3720.8379597137323,15248.57142857143,True
adept,scrf,179,3722.510837304358,15339.779365079363,True
adept,scrf,180,3752.3992240784123,15339.779365079363,True
adept,scrf,181,3752.4049070626324,15718.600116713355,True
adept,scrf,182,3855.294296461776,15718.600116713355,True
adept,scrf,183,3855.8950670222357,15955.854042480301,True
adept,scrf,184,3995.144954855624,15955.854042480301,True
adept,scrf,185,3995.268958554133,16031.623880479347,True
adept,scrf,186,4373.883061936661,16031.623880479347,True
adept,scrf,187,4376.552145046413,16697.109285714287,True
adept,scrf,188,4394.18828458527,16697.109285714287,True
adept,scrf,189,4394.854408714385,16780.575303454716,True
adept,scrf,190,4487.8480671088,16780.575303454716,True
adept,scrf,191,4490.634213056086,17239.541558441564,True
adept,scrf,192,4530.497587016741,17239.541558441564,True
adept,scrf,193,4533.776307745381,17421.175268817206,True
adept,scrf,194,4691.481412219839,17421.175268817206,True
adept,scrf,195,4693.041024782934,18081.864672619045,True
adept,scrf,196,4842.836787661145,18081.864672619045,True
adept,scrf,197,4843.832916993732,18200.364857142853,True
adept,scrf,198,5130.798153669374,18200.364857142853,True
adept,scrf,199,5133.070548656972,18672.253425229737,True
adept,scrf,200,5410.276816340486,18672.253425229737,True
adept,scrf,201,5410.710947537317,18682.7611528822,True
adept,scrf,202,5458.43050942539,18682.7611528822,False
adept,scrf,203,5459.968714588163,19261.117501017503,False
adept,scrf,204,5832.6671143057565,19261.117501017503,False
adept,scrf,205,5840.2270176161355,19669.73650793651,False
adept,scrf,206,5897.711731038444,19669.73650793651,False
adept,scrf,207,5902.979774800336,19973.2161683278,False
adept,scrf,208,6119.558467314791,19973.2161683278,False
adept,scrf,209,6123.994667468958,20368.92673992674,False
adept,scrf,210,6185.748802930618,20368.92673992674,False
adept,scrf,211,6196.0723888486855,21110.479255952385,False
adept,scrf,212,6675.517391957251,21110.479255952385,False
adept,scrf,213,6683.4616272461935,21869.223922902493,False
adept,scrf,214,7080.570784191188,21869.223922902493,False
adept,scrf,215,7132.79705277335,22071.870714285713,False
adept,scrf,216,8212.825705948411,22071.870714285713,False
adept,scrf,217,8218.439974939989,22266.81632653061,False
adept,scrf,218,8596.613931026941,22266.81632653061,False
adept,scrf,219,8601.361767589877,22727.437554112556,False
adept,scrf,220,9490.11475741647,22727.437554112556,False
adept,scrf,221,9495.757667269503,24050.380952380954,False
adept,scrf,222,10240.852232415293,24050.380952380954,False
adept,scrf,223,10244.11003956224,26102.460317460314,False
adept,scrf,224,11082.307287775262,26102.460317460314,False
adept,scrf,225,11292.941774407482,26612.217748917745,False
adept,scrf,226,13247.445013677812,26612.217748917745,False
adept,scrf,227,20240.87818898735,32160.714285714286,False
adept,scssl,1,5.56540014606673,50.222943722943725,False
adept,scssl,2,35.01459286577249,50.222943722943725,False
adept,scssl,3,35.097212254511746,176.2380952380952,False
adept,scssl,4,44.288388667985124,176.2380952380952,False
adept,scssl,5,47.47412778320533,342.8095238095238,False
adept,scssl,6,60.438811495901845,342.8095238095238,False
adept,scssl,7,61.368686314057506,517.9210220673635,False
adept,scssl,8,106.05371260231806,517.9210220673635,False
adept,scssl,9,109.22518949357058,678.0190476190476,False
adept,scssl,10,116.7228562416708,678.0190476190476,False
adept,scssl,11,118.90215420001118,864.0875850340136,False
adept,scssl,12,129.84670367090885,864.0875850340136,False
adept,scssl,13,130.26647093761446,956.1578754578751,False
adept,scssl,14,172.62615416316757,956.1578754578751,False
adept,scssl,15,172.98135213398155,1023.8775510204083,False
adept,scssl,16,184.16932653631426,1023.8775510204083,False
adept,scssl,17,184.7520561482721,1539.7999999999997,False
adept,scssl,18,187.4741951267311,1539.7999999999997,False
adept,scssl,19,187.69472338242235,1599.309523809524,False
adept,scssl,20,237.7692866590978,1599.309523809524,False
adept,scssl,21,237.8438425899029,1667.9175115207372,False
adept,scssl,22,267.0642943464848,1667.9175115207372,False
adept,scssl,23,268.4834794491256,1745.93153638814,False
adept,scssl,24,304.96978364922086,1745.93153638814,False
adept,scssl,25,305.53423369308524,2018.3807692307694,False
adept,scssl,26,311.22939901231183,2018.3807692307694,False
adept,scssl,27,311.6149288605599,2190.948063840921,False
adept,scssl,28,374.8779856746532,2190.948063840921,False
adept,scssl,29,375.67818530284643,2200.800595238095,False
adept,scssl,30,378.5254378428409,2200.800595238095,False
adept,scssl,31,378.56719275460847,2264.330687830687,False
adept,scssl,32,410.97451471307653,2264.330687830687,True
adept,scssl,33,412.3973771563677,2888.1018184196755,True
adept,scssl,34,524.7882636286711,2888.1018184196755,True
adept,scssl,35,524.8233479993958,3027.178571428571,True
adept,scssl,36,525.4611763955098,3027.178571428571,True
adept,scssl,37,527.2804974730227,3107.571428571429,True
adept,scssl,38,528.0561598842523,3107.571428571429,True
adept,scssl,39,528.6655282000453,3325.6498274672185,True
adept,scssl,40,570.0617250070882,3325.6498274672185,True
adept,scssl,41,571.4333676416254,3329.3046457607434,True
adept,scssl,42,638.8126017900144,3329.3046457607434,True
adept,scssl,43,639.2641397918604,3921.0927864214996,True
adept,scssl,44,698.3150702423635,3921.0927864214996,True
adept,scssl,45,701.4631776059551,3949.433809523809,True
adept,scssl,46,738.3460416777718,3949.433809523809,True
adept,scssl,47,739.1429400961431,3953.285714285714,True
adept,scssl,48,739.7527527157451,3953.285714285714,True
adept,scssl,49,740.0701348250051,4033.7976190476193,True
adept,scssl,50,740.2821180844244,4033.7976190476193,True
adept,scssl,51,740.3922233863574,4278.848334998335,True
adept,scssl,52,825.2913675347999,4278.848334998335,True
adept,scssl,53,826.5785346831309,4539.642857142857,True
adept,scssl,54,832.5658837838231,4539.642857142857,True
adept,scssl,55,832.6305721238125,4580.2427035330265,True
adept,scssl,56,852.4629019871852,4580.2427035330265,True
adept,scssl,57,852.8310558382612,4715.229731379733,True
adept,scssl,58,926.9948195015692,4715.229731379733,True
adept,scssl,59,927.185573247909,4798.742857142856,True
adept,scssl,60,927.9430990201896,4798.742857142856,True
adept,scssl,61,928.1547147931736,4961.748941798941,True
adept,scssl,62,945.6622974500993,4961.748941798941,True
adept,scssl,63,945.8609838042647,4985.039968774396,True
adept,scssl,64,986.3690279053737,4985.039968774396,True
adept,scssl,65,987.5942789501545,5021.410714285715,True
adept,scssl,66,988.9179113271103,5021.410714285715,True
adept,scssl,67,989.3173779703715,5028.1,True
adept,scssl,68,989.4551729158184,5028.1,True
adept,scssl,69,990.378386828981,5055.097338935575,True
adept,scssl,70,1019.0589464699243,5055.097338935575,True
adept,scssl,71,1019.1147512209285,5114.25,True
adept,scssl,72,1071.8754771232302,5114.25,True
adept,scssl,73,1071.9269798626913,5202.367167919799,True
adept,scssl,74,1083.520976988904,5202.367167919799,True
adept,scssl,75,1083.5598002774964,5342.636834733893,True
adept,scssl,76,1095.7959038895053,5342.636834733893,True
adept,scssl,77,1097.3333136021035,5433.310966810967,True
adept,scssl,78,1108.6565611532421,5433.310966810967,True
adept,scssl,79,1108.9654894287542,5716.110826330532,True
adept,scssl,80,1262.7583602697446,5716.110826330532,True
adept,scssl,81,1263.562211204147,5989.282053251408,True
adept,scssl,82,1344.3507746220016,5989.282053251408,True
adept,scssl,83,1344.7115274127646,6064.280476190475,True
adept,scssl,84,1384.7400315225664,6064.280476190475,True
adept,scssl,85,1385.1633711281606,6092.715476190476,True
adept,scssl,86,1387.6996711990919,6092.715476190476,True
adept,scssl,87,1387.8579354881258,6283.761904761905,True
adept,scssl,88,1389.1857017428192,6283.761904761905,True
adept,scssl,89,1389.7718067576511,6401.071428571428,True
adept,scssl,90,1389.9608688959947,6401.071428571428,True
adept,scssl,91,1390.3090751078346,6575.408083233294,True
adept,scssl,92,1440.4973656257425,6575.408083233294,True
adept,scssl,93,1440.5470576551666,6718.157531055901,True
adept,scssl,94,1477.670468671657,6718.157531055901,True
adept,scssl,95,1477.8483297094358,6727.853487253487,True
adept,scssl,96,1513.5539142404068,6727.853487253487,True
adept,scssl,97,1513.6573087387628,6790.064108491292,True
adept,scssl,98,1636.905069259599,6790.064108491292,True
adept,scssl,99,1637.9129819559205,7148.943088435373,True
adept,scssl,100,1710.7807064803274,7148.943088435373,True
adept,scssl,101,1711.9899716461546,7275.221914734481,True
adept,scssl,102,1788.9492840825394,7275.221914734481,True
adept,scssl,103,1789.3485828595294,7315.108058608058,True
adept,scssl,104,1793.7537779355264,7315.108058608058,True
adept,scssl,105,1794.0532072772799,7337.088235294118,True
adept,scssl,106,1799.728412361246,7337.088235294118,True
adept,scssl,107,1800.1109450045903,7480.912765567767,True
adept,scssl,108,1850.3170371639185,7480.912765567767,True
adept,scssl,109,1850.349105354728,7749.017147127908,True
adept,scssl,110,1942.9943232114872,7749.017147127908,True
adept,scssl,111,1943.1122190361918,7766.552148664343,True
adept,scssl,112,1958.5711688278443,7766.552148664343,True
adept,scssl,113,1959.4141640226694,7795.367346938774,True
adept,scssl,114,1961.3206737378785,7795.367346938774,True
adept,scssl,115,1961.3286095251283,7839.914814814814,True
adept,scssl,116,1974.8621659175556,7839.914814814814,True
adept,scssl,117,1975.370193147168,7892.799056603772,True
adept,scssl,118,1995.0709220948454,7892.799056603772,True
adept,scssl,119,1995.2688181117624,8065.125899778516,True
adept,scssl,120,2065.9912088042515,8065.125899778516,True
adept,scssl,121,2066.143684948183,8340.62619047619,True
adept,scssl,122,2118.4548614965183,8340.62619047619,True
adept,scssl,123,2118.6975799464494,8442.926587301588,True
adept,scssl,124,2206.9295664684555,8442.926587301588,True
adept,scssl,125,2207.4532074893436,8649.155925013682,True
adept,scssl,126,2272.3501112159574,8649.155925013682,True
adept,scssl,127,2272.8151804699824,8903.657142857142,True
adept,scssl,128,2281.0531001418485,8903.657142857142,True
adept,scssl,129,2281.095307148808,9030.61344537815,True
adept,scssl,130,2285.9790677669184,9030.61344537815,True
adept,scssl,131,2286.6502783704427,9100.415121412807,True
adept,scssl,132,2347.3390180454444,9100.415121412807,True
adept,scssl,133,2347.891282039887,9173.504132231405,True
adept,scssl,134,2405.427159258702,9173.504132231405,True
adept,scssl,135,2405.702018083302,9177.12950680272,True
adept,scssl,136,2415.8080484282136,9177.12950680272,True
adept,scssl,137,2416.7846921068262,9190.392857142857,True
adept,scssl,138,2417.151848248012,9190.392857142857,True
adept,scssl,139,2418.042098176659,9284.773767006804,True
adept,scssl,140,2461.8163393530835,9284.773767006804,True
adept,scssl,141,2462.2367577616797,9501.765826980443,True
adept,scssl,142,2651.4278152256193,9501.765826980443,True
adept,scssl,143,2651.457640546129,9537.527819548874,True
adept,scssl,144,2663.6177095963017,9537.527819548874,True
adept,scssl,145,2663.741610637805,9679.452380952382,True
adept,scssl,146,2664.2772593898885,9679.452380952382,True
adept,scssl,147,2664.3863871701037,9680.843722943724,True
adept,scssl,148,2667.603619944652,9680.843722943724,True
adept,scssl,149,2667.6702317933696,9956.83667295301,True
adept,scssl,150,2811.713031731685,9956.83667295301,True
adept,scssl,151,2811.8833104880055,9969.357635467979,True
adept,scssl,152,2841.802265207433,9969.357635467979,True
adept,scssl,153,2842.4065721176257,10010.51515151515,True
adept,scssl,154,2849.7874535250617,10010.51515151515,True
adept,scssl,155,2850.832410705721,10095.326839826841,True
adept,scssl,156,2877.832439758559,10095.326839826841,True
adept,scssl,157,2878.4475960657437,10116.893867243867,True
adept,scssl,158,2898.2307146306744,10116.893867243867,True
adept,scssl,159,2898.2587847505165,10246.066666666668,True
adept,scssl,160,2901.893877071216,10246.066666666668,True
adept,scssl,161,2901.943864554989,10848.949812409814,True
adept,scssl,162,2990.1661782251635,10848.949812409814,True
adept,scssl,163,2990.629093581139,10911.95928679164,True
adept,scssl,164,3115.280057406703,10911.95928679164,True
adept,scssl,165,3116.055394548231,10945.714285714286,True
adept,scssl,166,3127.079981064614,10945.714285714286,True
adept,scssl,167,3127.8210266999995,11228.574094202899,True
adept,scssl,168,3191.1929494765827,11228.574094202899,True
adept,scssl,169,3191.6174977118526,11335.995565907524,True
adept,scssl,170,3276.469445313862,11335.995565907524,True
adept,scssl,171,3277.552042288758,11361.738599896478,True
adept,scssl,172,3404.9168114100526,11361.738599896478,True
adept,scssl,173,3404.9933723797503,11735.223957307064,True
adept,scssl,174,3515.620810648882,11735.223957307064,True
adept,scssl,175,3516.505426623689,12060.86604395604,True
adept,scssl,176,3618.513663238343,12060.86604395604,True
adept,scssl,177,3619.248341475583,12196.856090808416,True
adept,scssl,178,3728.581126459826,12196.856090808416,True
adept,scssl,179,3729.50796390314,12236.690269151139,True
adept,scssl,180,3752.3992240784123,12236.690269151139,True
adept,scssl,181,3752.4049070626324,12604.75114638448,True
adept,scssl,182,3781.685082961941,12604.75114638448,True
adept,scssl,183,3784.1591879096695,12609.207841269845,True
adept,scssl,184,3855.294296461776,12609.207841269845,True
adept,scssl,185,3855.8950670222357,12725.18336759164,True
adept,scssl,186,3995.144954855624,12725.18336759164,True
adept,scssl,187,3995.268958554133,12897.097697756788,True
adept,scssl,188,4120.633571523103,12897.097697756788,True
adept,scssl,189,4122.020749513949,12912.52380952381,True
adept,scssl,190,4122.980455371522,12912.52380952381,True
adept,scssl,191,4123.594397392487,12984.953952380954,True
adept,scssl,192,4332.878117220001,12984.953952380954,True
adept,scssl,193,4335.859989953068,13091.0,True
adept,scssl,194,4338.901586449537,13091.0,True
adept,scssl,195,4338.9384799973095,13388.147344322344,True
adept,scssl,196,4373.883061936661,13388.147344322344,True
adept,scssl,197,4376.552145046413,13546.486519114687,True
adept,scssl,198,4487.8480671088,13546.486519114687,True
adept,scssl,199,4490.634213056086,14090.302277432713,True
adept,scssl,200,4691.481412219839,14090.302277432713,True
adept,scssl,201,4693.041024782934,14589.121693121693,True
adept,scssl,202,4965.653928080738,14589.121693121693,True
adept,scssl,203,4967.200896459609,14635.539863945578,True
adept,scssl,204,5130.798153669374,14635.539863945578,True
adept,scssl,205,5133.070548656972,15068.99951690821,True
adept,scssl,206,5297.7189994276205,15068.99951690821,True
adept,scssl,207,5297.9488719812825,15323.588797814207,True
adept,scssl,208,5455.087894440371,15323.588797814207,False
adept,scssl,209,5455.740302467986,15457.730158730157,False
adept,scssl,210,5458.43050942539,15457.730158730157,False
adept,scssl,211,5459.968714588163,15970.455513784462,False
adept,scssl,212,6204.658687292144,15970.455513784462,False
adept,scssl,213,6208.1713700001055,16145.666666666666,False
adept,scssl,214,6215.4567964134085,16821.14285714286,False
adept,scssl,215,6217.842155486134,16956.180952380953,False
adept,scssl,216,6234.9630062679735,16956.180952380953,False
adept,scssl,217,6239.683213773026,17200.833784893264,False
adept,scssl,218,6566.307544956136,17200.833784893264,False
adept,scssl,219,6572.523626168401,17669.67838827839,False
adept,scssl,220,6675.517391957251,17669.67838827839,False
adept,scssl,221,6683.4616272461935,18505.29004329004,False
adept,scssl,222,6838.648972238445,18505.29004329004,False
adept,scssl,223,6847.3296021900505,18637.613756613755,False
adept,scssl,224,6908.540552745419,18637.613756613755,False
adept,scssl,225,6930.061441512271,18721.408008658007,False
adept,scssl,226,7080.570784191188,18721.408008658007,False
adept,scssl,227,7132.79705277335,18737.686019536017,False
adept,scssl,228,7728.855735501372,18737.686019536017,False
adept,scssl,229,7747.294244409969,18766.208448540714,False
adept,scssl,230,8470.20636814372,18766.208448540714,False
adept,scssl,231,8473.42996176551,19016.035714285714,False
adept,scssl,232,8596.613931026941,19016.035714285714,False
adept,scssl,233,8601.361767589877,20206.369799498745,False
adept,scssl,234,9342.1508118445,20206.369799498745,False
adept,scssl,235,9384.062535174491,21839.240476190476,False
adept,scssl,236,10240.852232415293,21839.240476190476,False
adept,scssl,237,10244.11003956224,22958.039682539686,False
adept,scssl,238,11082.307287775262,22958.039682539686,False
adept,scssl,239,11292.941774407482,23200.968398268396,False
adept,scssl,240,13247.445013677812,23200.968398268396,False
adept,scssl,241,20240.87818898735,29586.571428571428,False
adept,vs,1,5.56540014606673,63.333333333333336,False
adept,vs,2,6.655581539613588,68.0,False
adept,vs,3,14.616547682850651,133.2380952380952,False
adept,vs,4,22.212825872294207,133.2380952380952,False
adept,vs,5,22.78490113354571,141.28571428571428,False
adept,vs,6,35.01459286577249,141.28571428571428,False
adept,vs,7,35.097212254511746,241.0,False
adept,vs,8,38.41803191680112,241.0,False
adept,vs,9,40.34899399989431,345.57142857142856,False
adept,vs,10,43.881890338578344,365.42857142857144,False
adept,vs,11,44.288388667985124,365.42857142857144,False
adept,vs,12,47.47412778320533,443.46666666666664,False
adept,vs,13,60.438811495901845,443.46666666666664,False
adept,vs,14,61.368686314057506,511.4084821428571,False
adept,vs,15,85.07106172040646,511.4084821428571,False
adept,vs,16,85.18419994908754,640.8571428571429,False
adept,vs,17,85.64179953020911,754.9632936507936,False
adept,vs,18,106.05371260231806,754.9632936507936,False
adept,vs,19,109.22518949357058,932.4874149659864,False
adept,vs,20,115.9929009459847,932.4874149659864,False
adept,vs,21,116.67782061478864,1017.7345238095238,False
adept,vs,22,123.1725965597575,1017.7345238095238,False
adept,vs,23,125.15880361763489,1046.812074829932,False
adept,vs,24,140.87561683427703,1046.812074829932,False
adept,vs,25,142.31682409010492,1157.8959523809524,False
adept,vs,26,161.54576200236534,1157.8959523809524,False
adept,vs,27,162.53726565343132,1559.8847789115646,False
adept,vs,28,185.89883127073512,1559.8847789115646,False
adept,vs,29,186.91652988049847,1683.6684173669466,False
adept,vs,30,217.59901463717375,1683.6684173669466,False
adept,vs,31,219.68707577202844,1882.5296598639457,False
adept,vs,32,249.1154069594683,1882.5296598639457,False
adept,vs,33,249.48696814037075,1969.775939849624,False
adept,vs,34,264.57923589756604,1969.775939849624,False
adept,vs,35,264.9862850389802,2284.3718969555034,False
adept,vs,36,306.9371758716062,2284.3718969555034,False
adept,vs,37,307.15717604567993,2444.53167989418,False
adept,vs,38,333.91656003049894,2444.53167989418,False
adept,vs,39,333.9696256347789,2698.1119047619045,False
adept,vs,40,362.3789349435418,2698.1119047619045,False
adept,vs,41,362.9869231486676,2711.650874635569,False
adept,vs,42,386.1122932588409,2711.650874635569,False
adept,vs,43,386.3721090603281,2908.343537414966,False
adept,vs,44,402.2424516270493,2908.343537414966,True
adept,vs,45,402.9220944752496,3148.7893617021277,True
adept,vs,46,441.1147265873724,3148.7893617021277,True
adept,vs,47,442.2193716703979,3266.5238095238096,True
adept,vs,48,443.4226511332129,3266.5238095238096,True
adept,vs,49,443.84452826371097,3306.6666666666665,True
adept,vs,50,443.9225710646183,3396.690228174603,True
adept,vs,51,468.22763050363744,3396.690228174603,True
adept,vs,52,469.78019818092423,3464.9986772486773,True
adept,vs,53,483.20752633258115,3464.9986772486773,True
adept,vs,54,483.64259465327547,3723.9150183150186,True
adept,vs,55,506.1055483607629,3723.9150183150186,True
adept,vs,56,506.48856789868813,3784.6761904761906,True
adept,vs,57,515.9599559019009,3784.6761904761906,True
adept,vs,58,516.3666614665309,3857.0536139455785,True
adept,vs,59,551.5831048097631,3857.0536139455785,True
adept,vs,60,552.4243495142184,4006.428571428571,True
adept,vs,61,553.5697377590866,4006.428571428571,True
adept,vs,62,553.6444126242621,4039.7169642857134,True
adept,vs,63,600.2088357329513,4039.7169642857134,True
adept,vs,64,601.7015835906035,4087.4132653061215,True
adept,vs,65,609.298160327477,4087.4132653061215,True
adept,vs,66,609.3817899790571,4119.561904761906,True
adept,vs,67,611.0648910704368,4119.561904761906,True
adept,vs,68,611.5708932981981,4271.833333333333,True
adept,vs,69,612.548240031425,4271.833333333333,True
adept,vs,70,612.5693282560917,4278.645018007202,True
adept,vs,71,686.7789321125184,4278.645018007202,True
adept,vs,72,686.7833860709187,4367.714285714285,True
adept,vs,73,687.1162118026558,4367.714285714285,True
adept,vs,74,687.2722121688956,4713.381735985534,True
adept,vs,75,727.0587143606807,4713.381735985534,True
adept,vs,76,727.5872560245344,4954.107480798772,True
adept,vs,77,818.8701315358616,4954.107480798772,True
adept,vs,78,819.5819778651602,5356.10447288742,True
adept,vs,79,927.9430990201896,5356.10447288742,True
adept,vs,80,928.1547147931736,5675.327083333334,True
adept,vs,81,961.2175992866346,5675.327083333334,True
adept,vs,82,961.3011372258159,5906.957671957673,True
adept,vs,83,969.0197147089265,5906.957671957673,True
adept,vs,84,969.1012207232151,6018.258561140506,True
adept,vs,85,1129.4992457867813,6018.258561140506,True
adept,vs,86,1130.6845649478878,6158.498866213152,True
adept,vs,87,1141.355425833647,6158.498866213152,True
adept,vs,88,1142.0212151179949,6258.134706959707,True
adept,vs,89,1151.6231900650466,6258.134706959707,True
adept,vs,90,1151.8122570490789,6282.874603174604,True
adept,vs,91,1159.2009741002348,6282.874603174604,True
adept,vs,92,1159.4540284942848,6292.508385093169,True
adept,vs,93,1180.305563137166,6292.508385093169,True
adept,vs,94,1180.8275744405146,6379.298708635996,True
adept,vs,95,1233.3908661959435,6379.298708635996,True
adept,vs,96,1233.6578379530079,6435.828571428571,True
adept,vs,97,1234.5197714494104,6435.828571428571,True
adept,vs,98,1234.6252737881553,6620.405244122968,True
adept,vs,99,1273.6450316149712,6620.405244122968,True
adept,vs,100,1273.7242546982877,6724.293228484054,True
adept,vs,101,1317.7077104560983,6724.293228484054,True
adept,vs,102,1318.2427115666217,6726.554640839386,True
adept,vs,103,1344.3507746220016,6726.554640839386,True
adept,vs,104,1344.7115274127646,7285.01433982684,True
adept,vs,105,1381.8634301456527,7285.01433982684,True
adept,vs,106,1382.2242039065047,7292.845535714286,True
adept,vs,107,1389.1857017428192,7292.845535714286,True
adept,vs,108,1389.7718067576511,7425.7387955182085,True
adept,vs,109,1480.137979123451,7425.7387955182085,True
adept,vs,110,1480.2488453804522,7459.308857142856,True
adept,vs,111,1497.5340811334365,7459.308857142856,True
adept,vs,112,1497.7346727280521,7466.45125588697,True
adept,vs,113,1538.4680775686252,7466.45125588697,True
adept,vs,114,1538.6808944057152,7551.374783549782,True
adept,vs,115,1561.0463001403891,7551.374783549782,True
adept,vs,116,1561.1642389440956,7626.186394557823,True
adept,vs,117,1628.7770136031215,7626.186394557823,True
adept,vs,118,1629.0709795407074,7675.115873015874,True
adept,vs,119,1635.9675300096526,7675.115873015874,True
adept,vs,120,1636.0010295274244,7950.666666666667,True
adept,vs,121,1636.905069259599,7950.666666666667,True
adept,vs,122,1637.9129819559205,8014.485714285713,True
adept,vs,123,1640.607932745025,8014.485714285713,True
adept,vs,124,1640.882921829108,8057.858479532161,True
adept,vs,125,1711.9899716461546,8057.858479532161,True
adept,vs,126,1712.262421012696,8100.555584642234,True
adept,vs,127,1789.3485828595294,8100.555584642234,True
adept,vs,128,1789.5330144752095,8206.027056277057,True
adept,vs,129,1793.1228641449475,8206.027056277057,True
adept,vs,130,1793.7537779355264,8449.768933463798,True
adept,vs,131,1848.536000259918,8449.768933463798,True
adept,vs,132,1849.61015382496,8512.2460516495,True
adept,vs,133,1975.370193147168,8512.2460516495,True
adept,vs,134,1975.663047384653,8538.219047619048,True
adept,vs,135,1980.3986018835972,8538.219047619048,True
adept,vs,136,1980.5240927238726,8705.338095238094,True
adept,vs,137,1984.600276033839,8705.338095238094,True
adept,vs,138,1984.8900431950399,8858.409268707486,True
adept,vs,139,2065.9912088042515,8858.409268707486,True
adept,vs,140,2066.143684948183,8954.736507936512,True
adept,vs,141,2099.7853868303655,8954.736507936512,True
adept,vs,142,2100.0336247459286,9308.474074700971,True
adept,vs,143,2269.152323421889,9308.474074700971,True
adept,vs,144,2269.5425947293957,9731.105111402363,True
adept,vs,145,2407.0563569533,9731.105111402363,True
adept,vs,146,2407.3288949805165,9741.627976190475,True
adept,vs,147,2414.220170884438,9741.627976190475,True
adept,vs,148,2414.335282402485,9785.171428571428,True
adept,vs,149,2417.151848248012,9785.171428571428,True
adept,vs,150,2418.042098176659,9841.147597789115,True
adept,vs,151,2461.8163393530835,9841.147597789115,True
adept,vs,152,2462.2367577616797,10141.971428571429,True
adept,vs,153,2464.623100669559,10141.971428571429,True
adept,vs,154,2464.6432114824065,10180.251431753102,True
adept,vs,155,2658.418767790821,10180.251431753102,True
adept,vs,156,2658.588066044779,10413.934353741499,True
adept,vs,157,2696.6557977082507,10413.934353741499,True
adept,vs,158,2697.0992023772774,10717.398838141029,True
adept,vs,159,2900.5537913287685,10717.398838141029,True
adept,vs,160,2901.893877071216,10874.489947089947,True
adept,vs,161,2904.9942719308774,10874.489947089947,True
adept,vs,162,2905.8474186677963,10974.644858962696,True
adept,vs,163,2990.1661782251635,10974.644858962696,True
adept,vs,164,2990.629093581139,11241.856473214288,True
adept,vs,165,3006.5417018957064,11241.856473214288,True
adept,vs,166,3006.661280223496,11331.698039215687,True
adept,vs,167,3134.2166338336297,11331.698039215687,True
adept,vs,168,3135.503573872128,11585.417712395132,True
adept,vs,169,3404.9168114100526,11585.417712395132,True
adept,vs,170,3404.9933723797503,11656.238574854402,True
adept,vs,171,3510.0586463921604,11656.238574854402,True
adept,vs,172,3510.8430457870495,11840.124937343358,True
adept,vs,173,3601.8833863231084,11840.124937343358,True
adept,vs,174,3602.85496766205,11900.661224489795,True
adept,vs,175,3607.034514976941,11900.661224489795,True
adept,vs,176,3607.418239565467,12313.656778711487,True
adept,vs,177,3671.731721765447,12313.656778711487,True
adept,vs,178,3672.3115064640747,12313.927426739927,True
adept,vs,179,3720.8379597137323,12313.927426739927,True
adept,vs,180,3722.510837304358,12394.5678226363,True
adept,vs,181,3865.1385695589265,12394.5678226363,True
adept,vs,182,3867.8867805615782,12490.09975124378,True
adept,vs,183,3922.9851217243654,12490.09975124378,True
adept,vs,184,3923.272957304843,12572.08005521049,True
adept,vs,185,4000.335476800351,12572.08005521049,True
adept,vs,186,4001.3025348361452,12859.276135318993,True
adept,vs,187,4311.894036211218,12859.276135318993,True
adept,vs,188,4311.917554322577,12926.458988095237,True
adept,vs,189,4373.883061936661,12926.458988095237,True
adept,vs,190,4376.552145046413,13363.842857142856,True
adept,vs,191,4394.18828458527,13363.842857142856,True
adept,vs,192,4394.854408714385,13369.711317677758,True
adept,vs,193,4530.497587016741,13369.711317677758,True
adept,vs,194,4533.776307745381,13716.392857142855,True
adept,vs,195,4536.182529332913,13716.392857142855,True
adept,vs,196,4536.671016447164,13875.857142857143,True
adept,vs,197,4536.887951283362,13917.675281385282,True
adept,vs,198,4617.647361247584,13917.675281385282,True
adept,vs,199,4618.654450817267,13927.630619047619,True
adept,vs,200,4708.791125098523,13927.630619047619,True
adept,vs,201,4710.564809280026,14248.374187452759,True
adept,vs,202,4842.836787661145,14248.374187452759,True
adept,vs,203,4843.832916993732,14274.569444444445,True
adept,vs,204,5133.070548656972,14274.569444444445,True
adept,vs,205,5133.838065117422,14278.061011904763,True
adept,vs,206,5200.010702918523,14278.061011904763,True
adept,vs,207,5201.863184828597,14388.803217503217,True
adept,vs,208,5297.9488719812825,14388.803217503217,True
adept,vs,209,5300.927052256267,14777.957445200303,True
adept,vs,210,5458.43050942539,14777.957445200303,False
adept,vs,211,5459.968714588163,15106.413654863658,False
adept,vs,212,5832.6671143057565,15106.413654863658,False
adept,vs,213,5840.2270176161355,15140.471223316914,False
adept,vs,214,6119.558467314791,15140.471223316914,False
adept,vs,215,6123.994667468958,16538.464725672875,False
adept,vs,216,6672.659668990168,16538.464725672875,False
adept,vs,217,6675.517391957251,17209.70586080586,False
adept,vs,218,7631.658756291867,17209.70586080586,False
adept,vs,219,7692.176276685022,17770.26746031746,False
adept,vs,220,8596.613931026941,17770.26746031746,False
adept,vs,221,8601.361767589877,17988.94423558897,False
adept,vs,222,9342.1508118445,17988.94423558897,False
adept,vs,223,9384.062535174491,19188.285714285714,False
adept,vs,224,9473.955397425752,19776.95238095238,False
adept,vs,225,9490.11475741647,19776.95238095238,False
adept,vs,226,9495.757667269503,20785.06258503402,False
adept,vs,227,10240.852232415293,20785.06258503402,False
adept,vs,228,10244.11003956224,20973.190476190477,False
adept,vs,229,11082.307287775262,20973.190476190477,False
adept,vs,230,11292.941774407482,21412.257575757576,False
adept,vs,231,13247.445013677812,21412.257575757576,False
adept,vs,232,20240.87818898735,25634.0,False
adept,vsrev,1,5.56540014606673,1.5,False
adept,vsrev,2,6.655581539613588,7.333333333333333,False
adept,vsrev,3,14.616547682850651,10.464285714285715,False
adept,vsrev,4,22.78490113354571,10.464285714285715,False
adept,vsrev,5,28.21436987392756,47.45714285714286,False
adept,vsrev,6,35.01459286577249,47.45714285714286,False
adept,vsrev,7,35.097212254511746,60.357142857142854,False
adept,vsrev,8,40.34899399989431,60.357142857142854,False
adept,vsrev,9,43.881890338578344,83.78571428571428,False
adept,vsrev,10,44.288388667985124,83.78571428571428,False
adept,vsrev,11,47.47412778320533,122.17142857142858,False
adept,vsrev,12,60.438811495901845,122.17142857142858,False
adept,vsrev,13,61.368686314057506,153.234126984127,False
adept,vsrev,14,68.1053655138193,153.234126984127,False
adept,vsrev,15,68.13304380191394,161.18571428571425,False
adept,vsrev,16,85.07106172040646,161.18571428571425,False
adept,vsrev,17,85.18419994908754,250.71428571428572,False
adept,vsrev,18,85.64179953020911,283.9637896825397,False
adept,vsrev,19,106.05371260231806,283.9637896825397,False
adept,vsrev,20,109.22518949357058,311.2857142857143,False
adept,vsrev,21,110.46151944741754,333.3571428571429,False
adept,vsrev,22,112.77275076909167,333.3571428571429,False
adept,vsrev,23,113.10464645974534,337.8222222222222,False
adept,vsrev,24,115.3753384823194,337.8222222222222,False
adept,vsrev,25,115.9929009459847,355.85714285714283,False
adept,vsrev,26,116.67782061478864,407.67619047619047,False
adept,vsrev,27,122.79612819583254,407.67619047619047,False
adept,vsrev,28,123.1725965597575,473.6976911976912,False
adept,vsrev,29,143.7833683009732,473.6976911976912,False
adept,vsrev,30,145.09339058279053,553.0,False
adept,vsrev,31,147.54354674234384,553.0,False
adept,vsrev,32,148.60637681348135,575.0001831501833,False
adept,vsrev,33,161.54576200236534,575.0001831501833,False
adept,vsrev,34,162.53726565343132,720.6955782312924,False
adept,vsrev,35,185.89883127073512,720.6955782312924,False
adept,vsrev,36,186.91652988049847,794.718045112782,False
adept,vsrev,37,204.27488688824772,794.718045112782,False
adept,vsrev,38,205.30953029410335,819.2314285714285,False
adept,vsrev,39,217.59901463717375,819.2314285714285,False
adept,vsrev,40,219.68707577202844,957.7142857142857,False
adept,vsrev,41,219.8677664963252,1137.028138528138,False
adept,vsrev,42,248.61227528332645,1137.028138528138,False
adept,vsrev,43,249.1154069594683,1145.2857142857142,False
adept,vsrev,44,249.48696814037075,1151.204081632653,False
adept,vsrev,45,253.3483065932508,1151.204081632653,False
adept,vsrev,46,253.66835074472934,1166.4750000000001,False
adept,vsrev,47,264.57923589756604,1166.4750000000001,False
adept,vsrev,48,264.9862850389802,1299.7792207792209,False
adept,vsrev,49,273.83813918323506,1299.7792207792209,False
adept,vsrev,50,274.19175886988853,1390.8546666666668,False
adept,vsrev,51,306.9371758716062,1390.8546666666668,False
adept,vsrev,52,307.15717604567993,1440.0,False
adept,vsrev,53,307.7935132282877,1484.0969696969698,False
adept,vsrev,54,313.01259320661393,1484.0969696969698,False
adept,vsrev,55,314.148182772832,1528.546130952381,False
adept,vsrev,56,333.91656003049894,1528.546130952381,False
adept,vsrev,57,333.9696256347789,1600.1688311688313,False
adept,vsrev,58,345.012893276119,1600.1688311688313,False
adept,vsrev,59,345.40564022574625,1658.9720853858782,False
adept,vsrev,60,362.3789349435418,1658.9720853858782,False
adept,vsrev,61,362.9869231486676,1749.7380952380954,False
adept,vsrev,62,368.5049269970885,1749.7380952380954,False
adept,vsrev,63,368.6458313731896,1760.8238095238096,False
adept,vsrev,64,372.3223567469927,1760.8238095238096,False
adept,vsrev,65,372.33138012870853,1769.09418767507,False
adept,vsrev,66,386.3721090603281,1769.09418767507,False
adept,vsrev,67,387.2657416598107,1947.0079365079364,False
adept,vsrev,68,402.2424516270493,1947.0079365079364,True
adept,vsrev,69,402.9220944752496,2159.5447619047613,True
adept,vsrev,70,443.4226511332129,2159.5447619047613,True
adept,vsrev,71,443.84452826371097,2271.071428571428,True
adept,vsrev,72,458.8764437958345,2271.071428571428,True
adept,vsrev,73,459.0289714803452,2328.547619047619,True
adept,vsrev,74,468.22763050363744,2328.547619047619,True
adept,vsrev,75,469.78019818092423,2469.716917293233,True
adept,vsrev,76,493.2841493757897,2469.716917293233,True
adept,vsrev,77,493.5454579498713,2695.0070207570207,True
adept,vsrev,78,515.9599559019009,2695.0070207570207,True
adept,vsrev,79,516.3666614665309,2832.501870748299,True
adept,vsrev,80,551.5831048097631,2832.501870748299,True
adept,vsrev,81,552.4243495142184,2842.3993915343917,True
adept,vsrev,82,600.0473514569569,2842.3993915343917,True
adept,vsrev,83,600.2088357329513,2878.324404761905,True
adept,vsrev,84,609.3817899790571,2878.324404761905,True
adept,vsrev,85,609.861154600858,3164.861904761905,True
adept,vsrev,86,632.1182011064667,3164.861904761905,True
adept,vsrev,87,632.6340733606412,3264.8818487394956,True
adept,vsrev,88,686.7789321125184,3264.8818487394956,True
adept,vsrev,89,686.7833860709187,3468.4344155844155,True
adept,vsrev,90,721.476416378728,3468.4344155844155,True
adept,vsrev,91,721.7214618854442,3701.0561904761907,True
adept,vsrev,92,762.327829100817,3701.0561904761907,True
adept,vsrev,93,762.4689467345233,3801.404444444445,True
adept,vsrev,94,770.7287559010412,3801.404444444445,True
adept,vsrev,95,772.7829171518281,3829.341279761905,True
adept,vsrev,96,818.8701315358616,3829.341279761905,True
adept,vsrev,97,819.5819778651602,4247.433287250385,True
adept,vsrev,98,918.6977526515565,4247.433287250385,True
adept,vsrev,99,918.7239378643914,4270.803571428571,True
adept,vsrev,100,927.9430990201896,4270.803571428571,True
adept,vsrev,101,928.1547147931736,4356.285714285715,True
adept,vsrev,102,928.9709292902114,4578.151247165532,True
adept,vsrev,103,961.2175992866346,4578.151247165532,True
adept,vsrev,104,961.3011372258159,4961.5327324263035,True
adept,vsrev,105,1079.2264783882254,4961.5327324263035,True
adept,vsrev,106,1079.97457750079,5089.8025132275125,True
adept,vsrev,107,1141.355425833647,5089.8025132275125,True
adept,vsrev,108,1142.0212151179949,5135.571428571428,True
adept,vsrev,109,1142.7221393995594,5135.571428571428,True
adept,vsrev,110,1142.8038868335793,5142.502574002574,True
adept,vsrev,111,1159.4540284942848,5142.502574002574,True
adept,vsrev,112,1159.46773463992,5190.408163265306,True
adept,vsrev,113,1160.4223765944248,5190.408163265306,True
adept,vsrev,114,1161.7666113687558,5190.786090225564,True
adept,vsrev,115,1180.305563137166,5190.786090225564,True
adept,vsrev,116,1180.8275744405146,5473.689164648911,True
adept,vsrev,117,1233.3908661959435,5473.689164648911,True
adept,vsrev,118,1233.6578379530079,5623.0665249433105,True
adept,vsrev,119,1273.6450316149712,5623.0665249433105,True
adept,vsrev,120,1273.7242546982877,5822.517824377458,True
adept,vsrev,121,1317.7077104560983,5822.517824377458,True
adept,vsrev,122,1318.2427115666217,5915.9470944309915,True
adept,vsrev,123,1344.3507746220016,5915.9470944309915,True
adept,vsrev,124,1344.7115274127646,6398.12895021645,True
adept,vsrev,125,1381.8634301456527,6398.12895021645,True
adept,vsrev,126,1382.2242039065047,6502.644054747647,True
adept,vsrev,127,1452.3874265078598,6502.644054747647,True
adept,vsrev,128,1452.6153777313777,6551.630208333332,True
adept,vsrev,129,1458.3661141842322,6551.630208333332,True
adept,vsrev,130,1459.0204901140003,6587.155707908163,True
adept,vsrev,131,1551.7855880172717,6587.155707908163,True
adept,vsrev,132,1551.8029994892313,6670.276254826255,True
adept,vsrev,133,1561.0463001403891,6670.276254826255,True
adept,vsrev,134,1561.1642389440956,6970.322530612243,True
adept,vsrev,135,1628.7770136031215,6970.322530612243,True
adept,vsrev,136,1629.0709795407074,7353.586744847194,True
adept,vsrev,137,1713.4487895777377,7353.586744847194,True
adept,vsrev,138,1713.6268452587788,7370.698281573499,True
adept,vsrev,139,1762.7010461957268,7370.698281573499,True
adept,vsrev,140,1762.7858408229026,7402.262969924813,True
adept,vsrev,141,1777.795518149649,7402.262969924813,True
adept,vsrev,142,1778.015698071688,7423.9741496598635,True
adept,vsrev,143,1793.1228641449475,7423.9741496598635,True
adept,vsrev,144,1793.7537779355264,7752.821294810058,True
adept,vsrev,145,1826.5220089375807,7752.821294810058,True
adept,vsrev,146,1827.0824577047824,7869.408028792914,True
adept,vsrev,147,1843.772050909647,7869.408028792914,True
adept,vsrev,148,1843.9533210088864,7904.916666666667,True
adept,vsrev,149,1850.3170371639185,7904.916666666667,True
adept,vsrev,150,1850.349105354728,7943.96048824593,True
adept,vsrev,151,1881.9092189327662,7943.96048824593,True
adept,vsrev,152,1881.9628484357636,7962.427400960383,True
adept,vsrev,153,1975.370193147168,7962.427400960383,True
adept,vsrev,154,1975.663047384653,7969.908994708996,True
adept,vsrev,155,1980.3986018835972,7969.908994708996,True
adept,vsrev,156,1980.5240927238726,8168.714285714285,True
adept,vsrev,157,1980.5615930832735,8264.875661375661,True
adept,vsrev,158,1984.600276033839,8264.875661375661,True
adept,vsrev,159,1984.8900431950399,8329.874068591165,True
adept,vsrev,160,2064.073684744485,8329.874068591165,True
adept,vsrev,161,2064.279047119876,8374.071428571428,True
adept,vsrev,162,2066.143684948183,8374.071428571428,True
adept,vsrev,163,2066.150864743066,8403.323938223937,True
adept,vsrev,164,2099.7853868303655,8403.323938223937,True
adept,vsrev,165,2100.0336247459286,8864.609490664012,True
adept,vsrev,166,2272.3501112159574,8864.609490664012,True
adept,vsrev,167,2272.8151804699824,9239.533790056903,True
adept,vsrev,168,2407.0563569533,9239.533790056903,True
adept,vsrev,169,2407.3288949805165,9428.458419599723,True
adept,vsrev,170,2461.8163393530835,9428.458419599723,True
adept,vsrev,171,2462.2367577616797,9681.257142857143,True
adept,vsrev,172,2464.623100669559,9681.257142857143,True
adept,vsrev,173,2464.6432114824065,9691.435768811341,True
adept,vsrev,174,2520.6796286761487,9691.435768811341,True
adept,vsrev,175,2520.7631769600566,9855.188230008982,True
adept,vsrev,176,2658.418767790821,9855.188230008982,True
adept,vsrev,177,2658.588066044779,10092.423345701916,True
adept,vsrev,178,2696.6557977082507,10092.423345701916,True
adept,vsrev,179,2697.0992023772774,10269.658095238095,True
adept,vsrev,180,2706.3504569078495,10269.658095238095,True
adept,vsrev,181,2706.4641776260323,10455.702071737785,True
adept,vsrev,182,2897.533979185869,10455.702071737785,True
adept,vsrev,183,2898.2258483891246,10493.154761904761,True
adept,vsrev,184,2898.2307146306744,10493.154761904761,True
adept,vsrev,185,2898.2587847505165,10584.266666666666,True
adept,vsrev,186,2917.5950792486715,10584.266666666666,True
adept,vsrev,187,2917.7202425860823,10585.580307539685,True
adept,vsrev,188,2940.39492187735,10585.580307539685,True
adept,vsrev,189,2941.0328311025783,10780.12657260435,True
adept,vsrev,190,2988.9885188898083,10780.12657260435,True
adept,vsrev,191,2989.4827761549695,11124.388361563862,True
adept,vsrev,192,3263.5315381359865,11124.388361563862,True
adept,vsrev,193,3263.6701516926564,11271.619968553461,True
adept,vsrev,194,3404.9168114100526,11271.619968553461,True
adept,vsrev,195,3404.9933723797503,11502.057603174604,True
adept,vsrev,196,3519.1451624714073,11502.057603174604,True
adept,vsrev,197,3519.3872159513785,11624.186406926405,True
adept,vsrev,198,3607.034514976941,11624.186406926405,True
adept,vsrev,199,3607.418239565467,12014.506586722278,True
adept,vsrev,200,3720.8379597137323,12014.506586722278,True
adept,vsrev,201,3722.510837304358,12243.476793444648,True
adept,vsrev,202,3880.106233163373,12243.476793444648,True
adept,vsrev,203,3881.2130591830937,12324.077380952382,True
adept,vsrev,204,3884.1202825035866,12324.077380952382,True
adept,vsrev,205,3888.4078223865795,12389.721955330806,True
adept,vsrev,206,3995.144954855624,12389.721955330806,True
adept,vsrev,207,3995.268958554133,12573.857142857143,True
adept,vsrev,208,4000.335476800351,12573.857142857143,True
adept,vsrev,209,4001.3025348361452,12752.186142657902,True
adept,vsrev,210,4282.772383107357,12752.186142657902,True
adept,vsrev,211,4285.715440261054,12784.879246031747,True
adept,vsrev,212,4373.883061936661,12784.879246031747,True
adept,vsrev,213,4376.552145046413,13316.129285714287,True
adept,vsrev,214,4394.18828458527,13316.129285714287,True
adept,vsrev,215,4394.854408714385,13629.525668623615,True
adept,vsrev,216,4530.497587016741,13629.525668623615,True
adept,vsrev,217,4533.776307745381,14058.094003527342,True
adept,vsrev,218,4707.960529101001,14058.094003527342,True
adept,vsrev,219,4708.583739376637,14060.762673992675,True
adept,vsrev,220,4842.836787661145,14060.762673992675,True
adept,vsrev,221,4843.832916993732,14569.311075949367,True
adept,vsrev,222,5200.010702918523,14569.311075949367,True
adept,vsrev,223,5201.863184828597,14587.422522522522,True
adept,vsrev,224,5297.9488719812825,14587.422522522522,True
adept,vsrev,225,5300.927052256267,14813.669686411149,True
adept,vsrev,226,5408.115302607416,14813.669686411149,True
adept,vsrev,227,5408.503465623951,14989.912987012987,True
adept,vsrev,228,5458.43050942539,14989.912987012987,False
adept,vsrev,229,5459.968714588163,15316.0,False
adept,vsrev,230,5462.589299084914,15501.782334428026,False
adept,vsrev,231,6119.558467314791,15501.782334428026,False
adept,vsrev,232,6123.994667468958,15796.089285714284,False
adept,vsrev,233,6181.960021802586,15796.089285714284,False
adept,vsrev,234,6185.748802930618,16629.110565476192,False
adept,vsrev,235,6672.659668990168,16629.110565476192,False
adept,vsrev,236,6675.517391957251,17465.34474969475,False
adept,vsrev,237,7631.658756291867,17465.34474969475,False
adept,vsrev,238,7692.176276685022,18100.372390109893,False
adept,vsrev,239,8899.397986965942,18100.372390109893,False
adept,vsrev,240,8921.346487995055,18662.391534391532,False
adept,vsrev,241,9490.11475741647,18662.391534391532,False
adept,vsrev,242,9495.757667269503,20506.634693877546,False
adept,vsrev,243,10240.852232415293,20506.634693877546,False
adept,vsrev,244,10244.11003956224,21386.99914965986,False
adept,vsrev,245,13247.445013677812,21386.99914965986,False
adept,vsrev,246,20240.87818898735,26765.571428571428,False
oak,acti,1,0.0,2142.058035714286,False
oak,acti,2,518.964285714286,2142.058035714286,False
oak,acti,3,526.4000000000002,2321.0,False
oak,acti,4,536.5700000000003,2321.0,False
oak,acti,5,544.4000000000003,2618.0340136054424,False
oak,acti,6,730.9333333333337,2618.0340136054424,False
oak,acti,7,738.4500000000004,2724.726785714286,False
oak,acti,8,793.9700000000005,2724.726785714286,False
oak,acti,9,798.0142857142863,2967.0714285714284,False
oak,acti,10,801.3571428571432,2967.0714285714284,False
oak,acti,11,802.5928571428577,3021.5714285714284,False
oak,acti,12,807.321428571429,3100.2509920634925,False
oak,acti,13,974.1375000000004,3100.2509920634925,False
oak,acti,14,975.4000000000004,3113.714285714286,False
oak,acti,15,990.307142857143,3113.714285714286,False
oak,acti,16,994.5142857142861,3250.7397959183677,False
oak,acti,17,1117.0625000000005,3250.7397959183677,False
oak,acti,18,1128.9000000000003,3377.214285714286,False
oak,acti,19,1140.2642857142862,3377.214285714286,False
oak,acti,20,1145.491666666667,3486.0306349206353,False
oak,acti,21,1202.457142857143,3486.0306349206353,False
oak,acti,22,1219.7428571428572,3750.6815668202767,False
oak,acti,23,1420.8750000000007,3750.6815668202767,False
oak,acti,24,1428.1357142857146,4093.3341736694683,False
oak,acti,25,1708.8571428571433,4093.3341736694683,False
oak,acti,26,1724.7714285714285,4327.142857142857,False
oak,acti,27,1742.657142857143,4354.939605110336,False
oak,acti,28,1987.0500000000006,4354.939605110336,False
oak,acti,29,1988.6214285714293,4552.954081632653,False
oak,acti,30,2032.8785714285727,4552.954081632653,False
oak,acti,31,2035.6285714285718,4834.206582633053,False
oak,acti,32,2163.2428571428577,4834.206582633053,False
oak,acti,33,2167.0642857142866,4847.567388167388,False
oak,acti,34,2468.950000000001,4847.567388167388,False
oak,acti,35,2470.007142857143,4992.9441964285725,False
oak,acti,36,2656.97142857143,4992.9441964285725,False
oak,acti,37,2658.850000000001,5205.046798029556,False
oak,acti,38,2831.1916666666675,5205.046798029556,False
oak,acti,39,2842.2428571428577,5488.973333333333,False
oak,acti,40,3031.4571428571444,5488.973333333333,False
oak,acti,41,3033.2916666666674,5683.835897435897,False
oak,acti,42,3334.4214285714293,5683.835897435897,True
oak,acti,43,3339.4142857142865,5814.477843915344,True
oak,acti,44,3465.1833333333357,5814.477843915344,True
oak,acti,45,3466.6285714285737,5820.571428571428,True
oak,acti,46,3485.142857142858,5848.575515873015,True
oak,acti,47,3692.464285714286,5848.575515873015,True
oak,acti,48,3694.1714285714293,6136.714285714285,True
oak,acti,49,3696.407142857144,6147.300793650793,True
oak,acti,50,3815.7785714285733,6147.300793650793,True
oak,acti,51,3816.971428571428,6273.277182539682,True
oak,acti,52,3888.2928571428574,6273.277182539682,True
oak,acti,53,3888.335714285716,6291.789353099729,True
oak,acti,54,4220.507142857144,6291.789353099729,True
oak,acti,55,4227.7357142857145,6515.866326530612,True
oak,acti,56,4281.2857142857165,6515.866326530612,True
oak,acti,57,4282.183333333334,6668.609808709809,True
oak,acti,58,4696.700000000003,6668.609808709809,True
oak,acti,59,4698.485714285715,6763.817839889582,True
oak,acti,60,4890.478571428571,6763.817839889582,True
oak,acti,61,4891.935714285716,6842.377425044092,True
oak,acti,62,4957.242857142859,6842.377425044092,True
oak,acti,63,4957.914285714286,7254.214285714286,True
oak,acti,64,4960.100000000003,7254.214285714286,True
oak,acti,65,4966.3428571428585,7260.030952380953,True
oak,acti,66,5185.228571428573,7260.030952380953,True
oak,acti,67,5186.299999999999,7331.861498257841,True
oak,acti,68,5383.114285714289,7331.861498257841,True
oak,acti,69,5385.700000000001,7433.595844155844,True
oak,acti,70,5529.357142857143,7433.595844155844,True
oak,acti,71,5536.52142857143,7443.701053113554,True
oak,acti,72,5814.828571428574,7443.701053113554,True
oak,acti,73,5815.5642857142875,7765.255291005294,True
oak,acti,74,5911.150000000004,7765.255291005294,True
oak,acti,75,5921.085714285718,7840.297256728779,True
oak,acti,76,6024.65,7840.297256728779,True
oak,acti,77,6024.7,7915.862121212121,True
oak,acti,78,6065.020000000001,7915.862121212121,True
oak,acti,79,6067.221428571429,8163.246031746032,True
oak,acti,80,6076.435714285717,8163.246031746032,True
oak,acti,81,6076.514285714287,8190.982539682541,True
oak,acti,82,6286.050000000002,8190.982539682541,True
oak,acti,83,6288.164285714285,8252.97302123552,True
oak,acti,84,6622.157142857143,8252.97302123552,True
oak,acti,85,6623.550000000001,8392.90680272109,True
oak,acti,86,6702.007142857144,8392.90680272109,True
oak,acti,87,6706.814285714288,8414.88152958153,True
oak,acti,88,6770.285714285716,8414.88152958153,True
oak,acti,89,6770.8714285714295,8620.342124542125,True
oak,acti,90,6929.050000000001,8620.342124542125,True
oak,acti,91,6929.857142857145,8745.776882376884,True
oak,acti,92,7159.235714285716,8745.776882376884,True
oak,acti,93,7159.350000000001,8792.229315476188,True
oak,acti,94,7221.635714285716,8792.229315476188,True
oak,acti,95,7222.721428571426,9012.48732993197,True
oak,acti,96,7424.9833333333345,9012.48732993197,True
oak,acti,97,7430.392857142861,9045.94220521542,True
oak,acti,98,7574.721428571427,9045.94220521542,True
oak,acti,99,7576.607142857145,9090.159240362811,True
oak,acti,100,7640.521428571426,9090.159240362811,True
oak,acti,101,7640.737500000003,9250.569295634921,True
oak,acti,102,7822.471428571427,9250.569295634921,True
oak,acti,103,7823.05,9301.88088803089,True
oak,acti,104,7951.3499999999985,9301.88088803089,True
oak,acti,105,7952.914285714288,9376.465312791783,True
oak,acti,106,8130.914285714287,9376.465312791783,True
oak,acti,107,8131.385714285716,9431.523809523811,True
oak,acti,108,8136.464285714287,9431.523809523811,True
oak,acti,109,8139.750000000003,9646.285446428574,True
oak,acti,110,8261.516666666666,9646.285446428574,True
oak,acti,111,8262.307142857146,9667.089285714286,True
oak,acti,112,8264.916666666672,9667.089285714286,True
oak,acti,113,8270.842857142856,9683.657518796992,True
oak,acti,114,8341.48571428572,9683.657518796992,True
oak,acti,115,8343.1,9693.749355158729,True
oak,acti,116,8417.278571428576,9693.749355158729,True
oak,acti,117,8420.964285714292,9708.50606060606,True
oak,acti,118,8457.664285714289,9708.50606060606,True
oak,acti,119,8464.871428571429,9745.693816631128,True
oak,acti,120,8565.678571428572,9745.693816631128,True
oak,acti,121,8570.535714285714,9778.92328042328,True
oak,acti,122,8619.816666666673,9778.92328042328,True
oak,acti,123,8619.878571428573,9802.937770562768,True
oak,acti,124,8654.485714285718,9802.937770562768,True
oak,acti,125,8654.557142857144,9907.935775335776,True
oak,acti,126,8701.985714285713,9907.935775335776,True
oak,acti,127,8704.735714285716,9987.049227799229,True
oak,acti,128,8959.007142857145,9987.049227799229,True
oak,acti,129,8959.250000000004,10125.276511715794,True
oak,acti,130,9135.95714285714,10125.276511715794,True
oak,acti,131,9136.26428571429,10195.121882086167,True
oak,acti,132,9173.857142857145,10195.121882086167,True
oak,acti,133,9173.966666666664,10215.730158730159,True
oak,acti,134,9178.10000000001,10215.730158730159,True
oak,acti,135,9178.60714285714,10283.142857142857,True
oak,acti,136,9183.978571428572,10283.142857142857,True
oak,acti,137,9185.325,10331.886312456014,True
oak,acti,138,9510.150000000001,10331.886312456014,True
oak,acti,139,9515.75,10334.444444444443,True
oak,acti,140,9525.078571428572,10334.444444444443,True
oak,acti,141,9525.821428571424,10573.344946550049,True
oak,acti,142,9584.471428571429,10573.344946550049,True
oak,acti,143,9584.628571428571,10641.824423963133,True
oak,acti,144,9716.749999999998,10641.824423963133,True
oak,acti,145,9717.857142857141,10688.928571428572,True
oak,acti,146,9719.01428571429,10688.928571428572,True
oak,acti,147,9719.914285714285,10755.905489417988,True
oak,acti,148,9785.671428571428,10755.905489417988,True
oak,acti,149,9786.485714285718,10808.787100213218,True
oak,acti,150,9895.762500000003,10808.787100213218,True
oak,acti,151,9896.57,10923.55803030303,True
oak,acti,152,10060.075,10923.55803030303,True
oak,acti,153,10064.971428571425,10991.765631469978,True
oak,acti,154,10217.221428571429,10991.765631469978,True
oak,acti,155,10217.978571428574,11063.471534391534,True
oak,acti,156,10330.958333333336,11063.471534391534,True
oak,acti,157,10333.785714285716,11220.548166877368,True
oak,acti,158,10499.842857142858,11220.548166877368,True
oak,acti,159,10504.414285714285,11226.962585034013,True
oak,acti,160,10524.94285714286,11226.962585034013,True
oak,acti,161,10525.242857142857,11247.305776736925,True
oak,acti,162,10596.283333333335,11247.305776736925,True
oak,acti,163,10597.828571428576,11373.85119047619,True
oak,acti,164,10626.814285714285,11373.85119047619,True
oak,acti,165,10630.82857142857,11415.637566137566,True
oak,acti,166,10705.77857142857,11415.637566137566,True
oak,acti,167,10706.542857142853,11569.825324675325,True
oak,acti,168,10782.164285714287,11569.825324675325,True
oak,acti,169,10783.164285714287,11595.281507936506,True
oak,acti,170,10956.007142857141,11595.281507936506,True
oak,acti,171,10956.67857142857,11638.473198621554,True
oak,acti,172,11134.235714285716,11638.473198621554,True
oak,acti,173,11137.707142857145,11638.504542124543,True
oak,acti,174,11236.033333333335,11638.504542124543,True
oak,acti,175,11239.621428571436,11889.133225108224,True
oak,acti,176,11273.779999999999,11889.133225108224,True
oak,acti,177,11274.200000000006,11903.33201058201,True
oak,acti,178,11369.271428571432,11903.33201058201,True
oak,acti,179,11371.27142857143,12070.549911816579,True
oak,acti,180,11408.550000000001,12070.549911816579,True
oak,acti,181,11408.621428571429,12160.704815711597,True
oak,acti,182,11658.250000000005,12160.704815711597,True
oak,acti,183,11659.82142857143,12216.219104308391,True
oak,acti,184,11733.525000000009,12216.219104308391,True
oak,acti,185,11733.850000000002,12297.12892063492,True
oak,acti,186,11943.025000000009,12297.12892063492,True
oak,acti,187,11945.11428571429,12411.095238095237,True
oak,acti,188,11950.466666666662,12411.095238095237,True
oak,acti,189,11950.907142857139,12436.808322411534,True
oak,acti,190,12132.092857142858,12436.808322411534,True
oak,acti,191,12135.114285714284,12574.42465698144,True
oak,acti,192,12220.907142857144,12574.42465698144,True
oak,acti,193,12222.442857142862,12576.047876447878,True
oak,acti,194,12273.700000000008,12576.047876447878,True
oak,acti,195,12274.928571428569,12594.15406162465,True
oak,acti,196,12470.085714285715,12594.15406162465,True
oak,acti,197,12470.685714285717,12870.424736620313,True
oak,acti,198,12664.321428571437,12870.424736620313,True
oak,acti,199,12664.407142857144,12948.052513227514,True
oak,acti,200,12713.892857142864,12948.052513227514,True
oak,acti,201,12716.75,13057.853506493504,True
oak,acti,202,12812.32142857143,13057.853506493504,True
oak,acti,203,12812.607142857145,13097.300092165899,True
oak,acti,204,13076.492857142859,13097.300092165899,True
oak,acti,205,13076.95714285714,13209.071428571428,True
oak,acti,206,13080.371428571432,13209.071428571428,True
oak,acti,207,13081.471428571433,13393.900999412113,True
oak,acti,208,13246.200000000003,13393.900999412113,True
oak,acti,209,13246.207142857153,13482.243365079363,True
oak,acti,210,13365.100000000008,13482.243365079363,True
oak,acti,211,13365.578571428578,13485.062857142855,True
oak,acti,212,13417.420000000002,13485.062857142855,True
oak,acti,213,13419.007142857145,13513.830687830688,True
oak,acti,214,13431.58333333333,13513.830687830688,True
oak,acti,215,13431.91428571429,13606.247186147184,True
oak,acti,216,13481.378571428571,13606.247186147184,True
oak,acti,217,13482.78571428571,13707.206782106781,True
oak,acti,218,13586.057142857142,13707.206782106781,True
oak,acti,219,13587.914285714292,13785.193712436432,True
oak,acti,220,13802.850000000006,13785.193712436432,True
oak,acti,221,13804.91666666667,13790.449633699634,True
oak,acti,222,13815.921428571428,13790.449633699634,True
oak,acti,223,13818.96428571429,13929.285714285714,True
oak,acti,224,13823.635714285725,14028.05319940476,True
oak,acti,225,14131.674999999997,14028.05319940476,True
oak,acti,226,14131.69285714286,14115.28869047619,True
oak,acti,227,14196.050000000001,14115.28869047619,True
oak,acti,228,14196.083333333343,14231.333333333334,True
oak,acti,229,14196.778571428571,14263.960241356817,True
oak,acti,230,14317.350000000002,14263.960241356817,True
oak,acti,231,14319.60714285714,14287.979251700677,True
oak,acti,232,14467.114285714286,14287.979251700677,True
oak,acti,233,14468.528571428575,14311.751322751323,True
oak,acti,234,14482.914285714289,14311.751322751323,True
oak,acti,235,14486.000000000004,14486.935023627771,True
oak,acti,236,14747.55,14486.935023627771,True
oak,acti,237,14747.716666666667,14643.7868697479,True
oak,acti,238,14898.528571428571,14643.7868697479,True
oak,acti,239,14901.07142857143,14717.906641604008,True
oak,acti,240,14938.528571428575,14717.906641604008,True
oak,acti,241,14938.57857142857,14823.794865174981,True
oak,acti,242,15121.171428571426,14823.794865174981,True
oak,acti,243,15123.99285714286,14957.437619047616,True
oak,acti,244,15253.807142857147,14957.437619047616,True
oak,acti,245,15254.914285714289,15230.095655806183,True
oak,acti,246,15358.028571428575,15230.095655806183,True
oak,acti,247,15361.707142857149,15323.6551086454,True
oak,acti,248,15584.592857142863,15323.6551086454,True
oak,acti,249,15585.27142857143,15357.8776263177,True
oak,acti,250,15926.571428571433,15357.8776263177,True
oak,acti,251,15926.814285714287,15438.319427558257,True
oak,acti,252,16193.708333333338,15438.319427558257,True
oak,acti,253,16194.43571428571,15729.682411674352,True
oak,acti,254,16452.40714285714,15729.682411674352,True
oak,acti,255,16452.657142857148,15903.167919799498,True
oak,acti,256,16508.071428571428,15903.167919799498,True
oak,acti,257,16510.683333333338,15914.003327922079,True
oak,acti,258,16802.991666666676,15914.003327922079,True
oak,acti,259,16805.307142857146,16045.492857142855,True
oak,acti,260,16916.714285714286,16045.492857142855,True
oak,acti,261,16918.642857142855,16080.838666666667,True
oak,acti,262,17007.12857142858,16080.838666666667,True
oak,acti,263,17014.100000000002,16255.373710317459,True
oak,acti,264,17136.83571428572,16255.373710317459,True
oak,acti,265,17152.55714285714,16530.17857142857,True
oak,acti,266,17193.857142857138,16530.17857142857,True
oak,acti,267,17200.728571428575,16559.90476190476,True
oak,acti,268,17226.628571428566,16559.90476190476,True
oak,acti,269,17228.385714285716,16609.61111111111,True
oak,acti,270,17360.150000000005,16609.61111111111,True
oak,acti,271,17360.914285714298,16652.263341543512,True
oak,acti,272,17528.428571428572,16652.263341543512,True
oak,acti,273,17537.44285714286,16744.877661851257,True
oak,acti,274,17857.521428571436,16744.877661851257,True
oak,acti,275,17874.242857142846,16932.520634920635,True
oak,acti,276,17919.875,16932.520634920635,True
oak,acti,277,17924.721428571425,17372.908412698413,True
oak,acti,278,18573.207142857143,17372.908412698413,True
oak,acti,279,18582.67,17525.701587301588,True
oak,acti,280,18808.364285714284,17525.701587301588,True
oak,acti,281,18810.614285714295,17572.645904761903,True
oak,acti,282,18907.2,17572.645904761903,True
oak,acti,283,18915.2,17599.79639016897,True
oak,acti,284,19093.583333333336,17599.79639016897,True
oak,acti,285,19094.714285714286,17818.507936507933,True
oak,acti,286,19148.76666666667,17818.507936507933,True
oak,acti,287,19153.208333333336,17867.396103896102,True
oak,acti,288,19242.633333333342,17867.396103896102,True
oak,acti,289,19243.35,18217.668877551023,True
oak,acti,290,19492.185714285722,18217.668877551023,True
oak,acti,291,19497.25714285715,18254.207222222227,True
oak,acti,292,20244.67857142857,18254.207222222227,True
oak,acti,293,20246.635714285716,18326.969696969696,True
oak,acti,294,20293.821428571428,18326.969696969696,True
oak,acti,295,20295.471428571436,18606.861904761907,True
oak,acti,296,20329.992857142854,18606.861904761907,True
oak,acti,297,20331.971428571436,18719.45246031746,True
oak,acti,298,20540.241666666672,18719.45246031746,True
oak,acti,299,20540.80714285714,18824.14367816092,True
oak,acti,300,20717.985714285714,18824.14367816092,False
oak,acti,301,20728.44000000001,18962.84464285714,False
oak,acti,302,20771.828571428574,18962.84464285714,False
oak,acti,303,20782.09285714286,19198.131396287325,False
oak,acti,304,21283.36428571429,19198.131396287325,False
oak,acti,305,21308.371428571434,19336.428571428572,False
oak,acti,306,21312.22142857144,19336.428571428572,False
oak,acti,307,21332.214285714283,19377.681547619046,False
oak,acti,308,21393.900000000012,19377.681547619046,False
oak,acti,309,21398.73571428572,19504.38095238095,False
oak,acti,310,21429.73571428572,19504.38095238095,False
oak,acti,311,21448.01666666666,19748.884370199692,False
oak,acti,312,22074.79285714286,19748.884370199692,False
oak,acti,313,22079.637500000004,19998.084476190477,False
oak,acti,314,22663.50714285715,19998.084476190477,False
oak,acti,315,22670.16666666667,20227.333333333332,False
oak,acti,316,22673.991666666683,20227.333333333332,False
oak,acti,317,22688.94000000001,20242.048841698845,False
oak,acti,318,23202.807142857142,20242.048841698845,False
oak,acti,319,23225.085714285724,20909.4,False
oak,acti,320,23619.507142857135,20909.4,False
oak,acti,321,23629.028571428564,20998.593386243385,False
oak,acti,322,23922.814285714296,20998.593386243385,False
oak,acti,323,23923.74285714285,21433.52380952381,False
oak,acti,324,24145.635714285712,21433.52380952381,False
oak,acti,325,24188.87142857143,21508.255555555555,False
oak,acti,326,24529.75,21508.255555555555,False
oak,acti,327,24582.335714285706,21812.284981684985,False
oak,acti,328,25084.160000000003,21812.284981684985,False
oak,acti,329,25092.707142857147,21919.780952380952,False
oak,acti,330,25151.300000000014,21919.780952380952,False
oak,acti,331,25155.664285714298,22293.0,False
oak,acti,332,25173.160000000018,22500.065396825394,False
oak,acti,333,25708.15,22500.065396825394,False
oak,acti,334,25747.27142857143,23331.98650793651,False
oak,acti,335,26227.18333333332,23331.98650793651,False
oak,acti,336,26247.692857142854,23401.99357142857,False
oak,acti,337,26515.94285714286,23401.99357142857,False
oak,acti,338,26548.29285714286,23666.571428571428,False
oak,acti,339,26565.53571428571,24194.843537414967,False
oak,acti,340,26945.214285714294,24194.843537414967,False
oak,acti,341,27048.950000000004,24515.417619047617,False
oak,acti,342,29082.433333333323,24515.417619047617,False
oak,acti,343,29133.910000000003,25314.6,False
oak,acti,344,29136.64285714287,25574.0,False
oak,acti,345,29168.06428571429,25574.0,False
oak,acti,346,29276.14166666668,25847.363095238095,False
oak,acti,347,30895.966666666656,25847.363095238095,False
oak,acti,348,31008.278571428582,26305.47142857143,False
oak,acti,349,31442.120000000014,26305.47142857143,False
oak,acti,350,31461.614285714284,26880.057142857142,False
oak,acti,351,32281.300000000007,26880.057142857142,False
oak,acti,352,32488.724999999977,27207.5,False
oak,acti,353,33159.22857142857,29939.883928571428,False
oak,acti,354,34624.47857142859,29939.883928571428,False
oak,acti,355,35642.25714285715,31054.714285714286,False
oak,acti,356,38448.01428571427,31054.714285714286,False
oak,adept,1,0.0,38.95443039846594,False
oak,adept,2,271.1928571428573,38.95443039846594,False
oak,adept,3,285.25000000000017,44.127361300633325,False
oak,adept,4,330.8000000000002,44.127361300633325,False
oak,adept,5,343.2928571428574,60.868151238167925,False
oak,adept,6,420.04285714285743,60.868151238167925,False
oak,adept,7,437.2666666666671,82.33396513825238,False
oak,adept,8,625.091666666667,82.33396513825238,False
oak,adept,9,627.2750000000004,91.99094447017269,False
oak,adept,10,656.121428571429,91.99094447017269,False
oak,adept,11,674.0714285714288,92.41988549181303,False
oak,adept,12,695.2285714285719,97.70251225238962,False
oak,adept,13,725.4642857142862,97.70251225238962,False
oak,adept,14,730.9333333333337,110.06279578346805,False
oak,adept,15,748.2071428571433,110.06279578346805,False
oak,adept,16,791.7375000000004,113.70277406489363,False
oak,adept,17,807.321428571429,113.70277406489363,False
oak,adept,18,813.4214285714288,148.4509713975658,False
oak,adept,19,880.4000000000004,148.4509713975658,False
oak,adept,20,891.6250000000003,178.00005854332895,False
oak,adept,21,1415.0400000000006,178.00005854332895,False
oak,adept,22,1416.1071428571433,186.24818542527058,False
oak,adept,23,1518.221428571429,186.24818542527058,False
oak,adept,24,1519.283333333334,228.8113262053364,False
oak,adept,25,1539.016666666667,228.8113262053364,False
oak,adept,26,1539.6642857142858,249.30332189994004,False
oak,adept,27,1822.7000000000007,249.30332189994004,False
oak,adept,28,1827.3214285714294,260.3116445201472,False
oak,adept,29,1830.8571428571438,280.2364325029433,False
oak,adept,30,1879.764285714286,280.2364325029433,False
oak,adept,31,1880.021428571429,286.36323193474055,False
oak,adept,32,2253.128571428571,286.36323193474055,False
oak,adept,33,2254.6428571428582,330.5237354920582,False
oak,adept,34,2377.350000000001,330.5237354920582,False
oak,adept,35,2382.8875000000007,389.0724568505592,False
oak,adept,36,2716.0214285714283,389.0724568505592,False
oak,adept,37,2720.885714285715,410.5791185971864,False
oak,adept,38,2764.2642857142855,410.5791185971864,False
oak,adept,39,2765.2071428571435,427.90253180024706,False
oak,adept,40,2770.192857142858,427.90253180024706,False
oak,adept,41,2774.600000000001,441.8493576839155,False
oak,adept,42,3238.635714285715,441.8493576839155,True
oak,adept,43,3240.3642857142863,465.398606907076,True
oak,adept,44,3283.064285714286,465.398606907076,True
oak,adept,45,3289.1785714285725,556.6113684964491,True
oak,adept,46,3425.414285714287,556.6113684964491,True
oak,adept,47,3429.7285714285717,599.5442436599213,True
oak,adept,48,3670.880000000002,599.5442436599213,True
oak,adept,49,3676.550000000001,634.1178343437706,True
oak,adept,50,3951.5642857142857,634.1178343437706,True
oak,adept,51,3955.3642857142877,636.6640874987464,True
oak,adept,52,3955.885714285715,688.3417167007324,True
oak,adept,53,4068.3285714285726,688.3417167007324,True
oak,adept,54,4070.6666666666674,693.8105148587684,True
oak,adept,55,4110.071428571428,693.8105148587684,True
oak,adept,56,4111.050000000003,748.0756396328279,True
oak,adept,57,4552.100000000003,748.0756396328279,True
oak,adept,58,4560.157142857145,813.5960827249654,True
oak,adept,59,4593.370000000003,813.5960827249654,True
oak,adept,60,4597.825000000002,861.0932317435066,True
oak,adept,61,5007.478571428573,861.0932317435066,True
oak,adept,62,5007.592857142857,863.8779525836411,True
oak,adept,63,5043.635714285714,863.8779525836411,True
oak,adept,64,5046.183333333336,969.7826137494992,True
oak,adept,65,5509.257142857145,969.7826137494992,True
oak,adept,66,5510.300000000001,1118.249769675637,True
oak,adept,67,6103.416666666665,1118.249769675637,True
oak,adept,68,6105.421428571428,1122.7379036836876,True
oak,adept,69,6125.2857142857165,1122.7379036836876,True
oak,adept,70,6128.607142857144,1157.507048985701,True
oak,adept,71,6208.621428571431,1157.507048985701,True
oak,adept,72,6210.414285714288,1164.1938875469564,True
oak,adept,73,6224.633333333335,1164.1938875469564,True
oak,adept,74,6224.857142857144,1214.0726181095945,True
oak,adept,75,6461.3583333333345,1214.0726181095945,True
oak,adept,76,6462.142857142858,1256.8892430073358,True
oak,adept,77,6479.121428571431,1256.8892430073358,True
oak,adept,78,6482.8357142857185,1262.3780241561192,True
oak,adept,79,6999.214285714288,1262.3780241561192,True
oak,adept,80,6999.242857142858,1393.0815317159647,True
oak,adept,81,7234.571428571433,1393.0815317159647,True
oak,adept,82,7238.042857142858,1450.1547288552053,True
oak,adept,83,7454.914285714287,1450.1547288552053,True
oak,adept,84,7455.628571428574,1477.3145775876317,True
oak,adept,85,7457.771428571427,1477.3145775876317,True
oak,adept,86,7459.135714285711,1478.9551797015506,True
oak,adept,87,7681.750000000002,1478.9551797015506,True
oak,adept,88,7683.07142857143,1677.8727108781559,True
oak,adept,89,8079.685714285716,1677.8727108781559,True
oak,adept,90,8080.407142857145,1729.286295050198,True
oak,adept,91,8400.82857142857,1729.286295050198,True
oak,adept,92,8402.450000000004,1774.8847895117299,True
oak,adept,93,8433.614285714286,1774.8847895117299,True
oak,adept,94,8433.710000000001,1842.9526634348933,True
oak,adept,95,9354.314285714287,1842.9526634348933,True
oak,adept,96,9355.185714285713,1935.1909693290145,True
oak,adept,97,9362.871428571429,1935.1909693290145,True
oak,adept,98,9363.635714285716,1951.0277699402482,True
oak,adept,99,9382.614285714282,1951.0277699402482,True
oak,adept,100,9384.621428571432,2052.8114623176943,True
oak,adept,101,9397.416666666666,2052.8114623176943,True
oak,adept,102,9397.878571428573,2078.6864825604875,True
oak,adept,103,9433.69285714286,2078.6864825604875,True
oak,adept,104,9436.7,2107.6400968341018,True
oak,adept,105,9534.607142857143,2107.6400968341018,True
oak,adept,106,9536.014285714284,2116.5240487407946,True
oak,adept,107,10106.114285714293,2116.5240487407946,True
oak,adept,108,10107.42142857143,2234.113251813579,True
oak,adept,109,10257.178571428574,2234.113251813579,True
oak,adept,110,10257.77142857143,2274.3424201220228,True
oak,adept,111,10320.321428571435,2274.3424201220228,True
oak,adept,112,10321.492857142859,2348.2274223235395,True
oak,adept,113,10952.642857142857,2348.2274223235395,True
oak,adept,114,10955.050000000001,2373.9551284093077,True
oak,adept,115,10975.178571428576,2373.9551284093077,True
oak,adept,116,10976.664285714287,2399.5795531765625,True
oak,adept,117,10985.17142857143,2399.5795531765625,True
oak,adept,118,10985.73571428571,2490.8085645702486,True
oak,adept,119,11022.478571428577,2490.8085645702486,True
oak,adept,120,11022.564285714283,2495.6277958307646,True
oak,adept,121,11270.9,2495.6277958307646,True
oak,adept,122,11271.735714285713,2537.8992954687874,True
oak,adept,123,11447.380000000001,2537.8992954687874,True
oak,adept,124,11447.385714285718,2570.24273743874,True
oak,adept,125,11453.392857142866,2570.24273743874,True
oak,adept,126,11453.42857142857,2595.5133670389573,True
oak,adept,127,11850.325000000004,2595.5133670389573,True
oak,adept,128,11850.7,2754.922523816006,True
oak,adept,129,12514.85,2754.922523816006,True
oak,adept,130,12516.471428571427,2769.325185679854,True
oak,adept,131,12828.592857142863,2769.325185679854,True
oak,adept,132,12830.450000000003,2900.88824254487,True
oak,adept,133,13148.935714285717,2900.88824254487,True
oak,adept,134,13151.825000000006,2941.6465820963954,True
oak,adept,135,13569.421428571432,2941.6465820963954,True
oak,adept,136,13569.61428571429,2997.4158314454753,True
oak,adept,137,13699.249999999996,2997.4158314454753,True
oak,adept,138,13703.292857142858,3020.459911252161,True
oak,adept,139,13708.475,3020.459911252161,True
oak,adept,140,13708.492857142863,3121.476729675937,True
oak,adept,141,14126.1375,3121.476729675937,True
oak,adept,142,14126.428571428578,3127.8318329911376,True
oak,adept,143,14152.964285714286,3127.8318329911376,True
oak,adept,144,14153.121428571434,3148.4370091545516,True
oak,adept,145,14155.100000000004,3148.4370091545516,True
oak,adept,146,14162.585714285722,3169.497198346826,True
oak,adept,147,14204.521428571428,3169.497198346826,True
oak,adept,148,14210.387500000012,3222.394465102822,True
oak,adept,149,14453.442857142862,3222.394465102822,True
oak,adept,150,14453.685714285719,3276.8964665814397,True
oak,adept,151,14482.914285714289,3276.8964665814397,True
oak,adept,152,14486.000000000004,3301.630204622859,True
oak,adept,153,14859.521428571426,3301.630204622859,True
oak,adept,154,14862.316666666664,3345.11832460095,True
oak,adept,155,14947.164285714276,3345.11832460095,True
oak,adept,156,14948.958333333336,3417.846159648361,True
oak,adept,157,15406.575000000012,3417.846159648361,True
oak,adept,158,15407.53333333334,3470.044188111642,True
oak,adept,159,15705.749999999993,3470.044188111642,True
oak,adept,160,15706.260000000004,3518.13671074704,True
oak,adept,161,16366.757142857143,3518.13671074704,True
oak,adept,162,16378.449999999999,3525.235372693222,True
oak,adept,163,17016.533333333336,3525.235372693222,True
oak,adept,164,17017.771428571432,3650.1695458302975,True
oak,adept,165,17019.900000000005,3650.1695458302975,True
oak,adept,166,17019.91666666666,3777.1792992818437,True
oak,adept,167,17184.742857142857,3777.1792992818437,True
oak,adept,168,17188.092857142856,3885.805315863861,True
oak,adept,169,17336.842857142852,3885.805315863861,True
oak,adept,170,17338.214285714286,3985.0154417364347,True
oak,adept,171,17648.26428571429,3985.0154417364347,True
oak,adept,172,17652.085714285724,4105.480951679187,True
oak,adept,173,18557.683333333334,4105.480951679187,True
oak,adept,174,18567.316666666662,4248.428434610152,True
oak,adept,175,18624.821428571417,4248.428434610152,True
oak,adept,176,18626.966666666674,4309.803785859201,True
oak,adept,177,18731.471428571425,4309.803785859201,True
oak,adept,178,18735.39285714285,4323.185669431565,True
oak,adept,179,19980.049999999996,4323.185669431565,True
oak,adept,180,19992.864285714295,4447.260566047708,True
oak,adept,181,20663.492857142857,4447.260566047708,True
oak,adept,182,20664.678571428572,4556.403466906283,True
oak,adept,183,20677.564285714296,4583.282446993407,True
oak,adept,184,21042.24285714287,4583.282446993407,False
oak,adept,185,21047.32142857143,4829.390029077876,False
oak,adept,186,21884.51428571429,4829.390029077876,False
oak,adept,187,21890.650000000005,5317.8440052300275,False
oak,adept,188,21900.050000000014,5317.8440052300275,False
oak,adept,189,21908.191666666666,5327.084127421867,False
oak,adept,190,21947.428571428572,5327.084127421867,False
oak,adept,191,21958.864285714284,5425.760586594141,False
oak,adept,192,21971.185714285722,5425.760586594141,False
oak,adept,193,21971.62857142858,5450.524616056642,False
oak,adept,194,25665.435714285715,5450.524616056642,False
oak,adept,195,25708.15,5480.705193434428,False
oak,adept,196,26247.692857142854,5480.705193434428,False
oak,adept,197,26294.749999999996,6038.148072696372,False
oak,adept,198,28669.108333333323,6038.148072696372,False
oak,adept,199,28686.485714285718,6108.742456801751,False
oak,adept,200,29082.433333333323,6108.742456801751,False
oak,adept,201,29133.910000000003,6311.652676258561,False
oak,adept,202,29276.14166666668,6311.652676258561,False
oak,adept,203,29353.207142857136,6546.679775916032,False
oak,adept,204,29498.807142857153,6546.679775916032,False
oak,adept,205,29897.300000000014,7369.037664753748,False
oak,adept,206,35828.3785714286,7369.037664753748,False
oak,adept,207,38448.01428571427,7980.181411396879,False
oak,scrf,1,0.0,78.14468864468864,False
oak,scrf,2,271.1928571428573,78.14468864468864,False
oak,scrf,3,285.25000000000017,205.78571428571425,False
oak,scrf,4,420.04285714285743,205.78571428571425,False
oak,scrf,5,437.2666666666671,308.94897959183675,False
oak,scrf,6,509.364285714286,308.94897959183675,False
oak,scrf,7,518.964285714286,349.47619047619054,False
oak,scrf,8,536.5700000000003,349.47619047619054,False
oak,scrf,9,544.4000000000003,449.8244047619048,False
oak,scrf,10,647.7785714285717,449.8244047619048,False
oak,scrf,11,656.121428571429,474.7976190476191,False
oak,scrf,12,873.4785714285719,474.7976190476191,False
oak,scrf,13,873.7428571428576,574.6666666666666,False
oak,scrf,14,880.4000000000004,574.6666666666666,False
oak,scrf,15,891.6250000000003,607.6309523809524,False
oak,scrf,16,990.307142857143,607.6309523809524,False
oak,scrf,17,994.5142857142861,930.5442857142857,False
oak,scrf,18,1185.114285714286,930.5442857142857,False
oak,scrf,19,1202.457142857143,1013.694805194805,False
oak,scrf,20,1323.1357142857148,1013.694805194805,False
oak,scrf,21,1327.9928571428577,1109.6546130952381,False
oak,scrf,22,1519.283333333334,1109.6546130952381,False
oak,scrf,23,1530.4285714285722,1124.607142857143,False
oak,scrf,24,1539.016666666667,1124.607142857143,False
oak,scrf,25,1539.6642857142858,1441.6428571428573,False
oak,scrf,26,1541.7785714285717,1441.6428571428573,False
oak,scrf,27,1555.0571428571438,1490.4285714285716,False
oak,scrf,28,1568.3500000000008,1490.4285714285716,False
oak,scrf,29,1569.0285714285721,1500.529761904762,False
oak,scrf,30,1856.114285714286,1500.529761904762,False
oak,scrf,31,1858.5500000000009,1600.6802248677247,False
oak,scrf,32,2086.85,1600.6802248677247,False
oak,scrf,33,2097.6500000000005,1725.8412698412696,False
oak,scrf,34,2121.3428571428576,1725.8412698412696,False
oak,scrf,35,2135.9285714285725,1786.1904761904761,False
oak,scrf,36,2167.0642857142866,1786.1904761904761,False
oak,scrf,37,2173.228571428572,1839.1932773109243,False
oak,scrf,38,2251.285714285714,1839.1932773109243,False
oak,scrf,39,2253.128571428571,1903.7045454545462,False
oak,scrf,40,2372.4928571428572,1903.7045454545462,False
oak,scrf,41,2376.742857142858,2035.4581904761903,False
oak,scrf,42,2612.3071428571425,2035.4581904761903,False
oak,scrf,43,2612.4285714285725,2089.4166085946576,False
oak,scrf,44,2854.1200000000003,2089.4166085946576,False
oak,scrf,45,2854.6714285714297,2358.0404761904756,False
oak,scrf,46,3025.0928571428585,2358.0404761904756,False
oak,scrf,47,3031.4571428571444,2499.2303571428574,False
oak,scrf,48,3173.6000000000004,2499.2303571428574,True
oak,scrf,49,3173.657142857143,2545.672857142857,True
oak,scrf,50,3281.7375,2545.672857142857,True
oak,scrf,51,3282.635714285715,2674.859523809524,True
oak,scrf,52,3524.778571428572,2674.859523809524,True
oak,scrf,53,3527.914285714287,2826.3069642857145,True
oak,scrf,54,3670.880000000002,2826.3069642857145,True
oak,scrf,55,3676.550000000001,3355.5467936507935,True
oak,scrf,56,3942.8333333333344,3355.5467936507935,True
oak,scrf,57,3944.2642857142864,3362.221288515406,True
oak,scrf,58,3985.578571428573,3362.221288515406,True
oak,scrf,59,3989.4142857142874,3447.5763141620273,True
oak,scrf,60,4244.035714285715,3447.5763141620273,True
oak,scrf,61,4248.119999999999,3580.6006568144494,True
oak,scrf,62,4343.907142857143,3580.6006568144494,True
oak,scrf,63,4345.1,3980.1666666666665,True
oak,scrf,64,4351.164285714289,3980.1666666666665,True
oak,scrf,65,4354.900000000001,4009.77807219662,True
oak,scrf,66,4566.992857142859,4009.77807219662,True
oak,scrf,67,4572.533333333335,4292.860295414461,True
oak,scrf,68,4909.257142857142,4292.860295414461,True
oak,scrf,69,4909.592857142858,4562.095634920634,True
oak,scrf,70,5043.635714285714,4562.095634920634,True
oak,scrf,71,5046.183333333336,4650.012514518002,True
oak,scrf,72,5280.778571428573,4650.012514518002,True
oak,scrf,73,5283.225000000003,4804.5,True
oak,scrf,74,5287.171428571428,4832.606913919414,True
oak,scrf,75,5538.6,4832.606913919414,True
oak,scrf,76,5538.764285714286,5122.243685300207,True
oak,scrf,77,5781.780000000002,5122.243685300207,True
oak,scrf,78,5783.357142857145,5137.428571428572,True
oak,scrf,79,5813.021428571429,5137.428571428572,True
oak,scrf,80,5814.828571428574,5194.996480331263,True
oak,scrf,81,5862.100000000003,5194.996480331263,True
oak,scrf,82,5865.607142857145,5328.007142857143,True
oak,scrf,83,5880.742857142859,5328.007142857143,True
oak,scrf,84,5883.921428571428,5421.3948051948055,True
oak,scrf,85,5906.278571428573,5421.3948051948055,True
oak,scrf,86,5908.757142857144,5435.3642530985,True
oak,scrf,87,6067.221428571429,5435.3642530985,True
oak,scrf,88,6070.616666666666,5474.085714285715,True
oak,scrf,89,6076.435714285717,5474.085714285715,True
oak,scrf,90,6076.514285714287,5650.536167800454,True
oak,scrf,91,6202.600000000004,5650.536167800454,True
oak,scrf,92,6208.621428571431,5831.221651785715,True
oak,scrf,93,6485.000000000003,5831.221651785715,True
oak,scrf,94,6490.000000000001,5915.612044817926,True
oak,scrf,95,6551.692857142857,5915.612044817926,True
oak,scrf,96,6556.785714285716,6002.362476190477,True
oak,scrf,97,6595.007142857146,6002.362476190477,True
oak,scrf,98,6595.650000000002,6035.857142857143,True
oak,scrf,99,6606.800000000002,6035.857142857143,True
oak,scrf,100,6607.642857142858,6049.061224489795,True
oak,scrf,101,6624.625,6049.061224489795,True
oak,scrf,102,6627.442857142857,6075.287428571431,True
oak,scrf,103,6728.614285714286,6075.287428571431,True
oak,scrf,104,6730.178571428573,6094.188049450549,True
oak,scrf,105,6934.585714285713,6094.188049450549,True
oak,scrf,106,6939.341666666667,6179.571929824561,True
oak,scrf,107,6975.442857142858,6179.571929824561,True
oak,scrf,108,6977.614285714285,6674.1476452119305,True
oak,scrf,109,7152.349999999999,6674.1476452119305,True
oak,scrf,110,7155.007142857144,6696.489342403628,True
oak,scrf,111,7270.050000000002,6696.489342403628,True
oak,scrf,112,7270.749999999999,6825.551031746032,True
oak,scrf,113,7315.550000000003,6825.551031746032,True
oak,scrf,114,7316.485714285716,6946.043736263735,True
oak,scrf,115,7450.414285714285,6946.043736263735,True
oak,scrf,116,7450.578571428569,6999.718271221533,True
oak,scrf,117,7529.628571428575,6999.718271221533,True
oak,scrf,118,7535.56,7024.47380952381,True
oak,scrf,119,7585.0285714285765,7024.47380952381,True
oak,scrf,120,7585.378571428575,7071.214285714286,True
oak,scrf,121,7585.607142857145,7071.214285714286,True
oak,scrf,122,7586.871428571429,7226.404501488095,True
oak,scrf,123,7692.214285714285,7226.404501488095,True
oak,scrf,124,7692.425000000002,7382.488186813186,True
oak,scrf,125,7874.921428571432,7382.488186813186,True
oak,scrf,126,7875.350000000003,7497.157578084997,True
oak,scrf,127,8051.821428571433,7497.157578084997,True
oak,scrf,128,8052.071428571433,7704.7530177187155,True
oak,scrf,129,8196.350000000002,7704.7530177187155,True
oak,scrf,130,8198.314285714287,7770.9498746867175,True
oak,scrf,131,8254.935714285713,7770.9498746867175,True
oak,scrf,132,8256.164285714285,7896.780219780219,True
oak,scrf,133,8264.916666666672,7896.780219780219,True
oak,scrf,134,8270.842857142856,8077.473842364532,True
oak,scrf,135,8514.385714285714,8077.473842364532,True
oak,scrf,136,8521.708333333338,8229.268490374872,True
oak,scrf,137,8589.242857142857,8229.268490374872,True
oak,scrf,138,8589.80714285715,8264.703741496598,True
oak,scrf,139,8619.816666666673,8264.703741496598,True
oak,scrf,140,8619.878571428573,8390.553663003664,True
oak,scrf,141,8724.314285714287,8390.553663003664,True
oak,scrf,142,8727.328571428576,8430.487581168833,True
oak,scrf,143,8873.728571428574,8430.487581168833,True
oak,scrf,144,8874.750000000002,8511.177564102565,True
oak,scrf,145,8972.592857142854,8511.177564102565,True
oak,scrf,146,8972.91428571429,8753.999753694583,True
oak,scrf,147,9386.671428571432,8753.999753694583,True
oak,scrf,148,9386.907142857144,9144.468641774893,True
oak,scrf,149,9544.724999999997,9144.468641774893,True
oak,scrf,150,9544.900000000009,9362.566017316018,True
oak,scrf,151,9752.357142857145,9362.566017316018,True
oak,scrf,152,9753.742857142857,9382.042730880232,True
oak,scrf,153,9958.007142857148,9382.042730880232,True
oak,scrf,154,9959.942857142858,9656.987781954887,True
oak,scrf,155,10036.978571428572,9656.987781954887,True
oak,scrf,156,10037.285714285714,9733.883673469389,True
oak,scrf,157,10143.369999999995,9733.883673469389,True
oak,scrf,158,10147.091666666673,10124.880952380954,True
oak,scrf,159,10154.242857142857,10124.880952380954,True
oak,scrf,160,10155.285714285714,10127.140736878693,True
oak,scrf,161,10355.642857142855,10127.140736878693,True
oak,scrf,162,10358.650000000003,10171.185800865802,True
oak,scrf,163,10443.678571428574,10171.185800865802,True
oak,scrf,164,10450.957142857147,10214.829894179895,True
oak,scrf,165,10603.864285714288,10214.829894179895,True
oak,scrf,166,10604.035714285716,10434.914775622183,True
oak,scrf,167,10963.90833333334,10434.914775622183,True
oak,scrf,168,10967.49285714286,10444.992063492064,True
oak,scrf,169,10986.135714285712,10444.992063492064,True
oak,scrf,170,10987.178571428574,10740.476825396827,True
oak,scrf,171,11071.799999999997,10740.476825396827,True
oak,scrf,172,11074.728571428577,10901.32786885246,True
oak,scrf,173,11145.835714285713,10901.32786885246,True
oak,scrf,174,11146.614285714286,10925.47119047619,True
oak,scrf,175,11285.274999999998,10925.47119047619,True
oak,scrf,176,11288.457142857145,10979.489277933395,True
oak,scrf,177,11491.849999999999,10979.489277933395,True
oak,scrf,178,11492.73571428572,11298.947517006802,True
oak,scrf,179,11581.349999999997,11298.947517006802,True
oak,scrf,180,11581.728571428579,11363.029761904761,True
oak,scrf,181,11628.057142857144,11363.029761904761,True
oak,scrf,182,11628.866666666667,11398.904761904763,True
oak,scrf,183,11635.678571428574,11398.904761904763,True
oak,scrf,184,11635.924999999994,11424.230365296804,True
oak,scrf,185,11753.064285714285,11424.230365296804,True
oak,scrf,186,11755.735714285724,11553.746867167918,True
oak,scrf,187,11785.678571428569,11553.746867167918,True
oak,scrf,188,11786.842857142858,11619.781864235054,True
oak,scrf,189,12143.325000000004,11619.781864235054,True
oak,scrf,190,12145.578571428572,11650.674603174602,True
oak,scrf,191,12150.08333333333,11650.674603174602,True
oak,scrf,192,12152.021428571434,11693.23153153153,True
oak,scrf,193,12447.612500000007,11693.23153153153,True
oak,scrf,194,12450.042857142855,11904.57142857143,True
oak,scrf,195,12451.228571428574,11907.771825396825,True
oak,scrf,196,12495.485714285713,11907.771825396825,True
oak,scrf,197,12496.07857142857,11955.053571428569,True
oak,scrf,198,12510.185714285717,11955.053571428569,True
oak,scrf,199,12512.0,12121.2783625731,True
oak,scrf,200,12710.064285714285,12121.2783625731,True
oak,scrf,201,12711.449999999999,12239.64692331478,True
oak,scrf,202,12958.350000000006,12239.64692331478,True
oak,scrf,203,12960.207142857147,12386.320068027211,True
oak,scrf,204,12981.583333333336,12386.320068027211,True
oak,scrf,205,12982.808333333332,12595.111992945323,True
oak,scrf,206,13092.392857142859,12595.111992945323,True
oak,scrf,207,13093.771428571432,12861.460317460318,True
oak,scrf,208,13110.314285714287,12861.460317460318,True
oak,scrf,209,13113.364285714288,12927.142857142857,True
oak,scrf,210,13119.435714285717,12927.142857142857,True
oak,scrf,211,13122.514285714284,12971.272101449274,True
oak,scrf,212,13199.257142857148,12971.272101449274,True
oak,scrf,213,13201.91428571429,13115.439771766694,True
oak,scrf,214,13498.085714285713,13115.439771766694,True
oak,scrf,215,13499.0625,13215.688050314464,True
oak,scrf,216,13576.071428571438,13215.688050314464,True
oak,scrf,217,13581.56428571429,13236.857142857143,True
oak,scrf,218,13581.864285714284,13400.078911564624,True
oak,scrf,219,13601.135714285725,13400.078911564624,True
oak,scrf,220,13606.074999999999,13527.13619047619,True
oak,scrf,221,13616.392857142855,13527.13619047619,True
oak,scrf,222,13620.049999999997,13555.992063492067,True
oak,scrf,223,13720.164285714283,13555.992063492067,True
oak,scrf,224,13720.457142857147,13861.698412698412,True
oak,scrf,225,13752.592857142856,13861.698412698412,True
oak,scrf,226,13753.257142857152,13882.696666666667,True
oak,scrf,227,14095.291666666666,13882.696666666667,True
oak,scrf,228,14095.74285714286,13952.646043165469,True
oak,scrf,229,14317.350000000002,13952.646043165469,True
oak,scrf,230,14319.60714285714,14045.423376623374,True
oak,scrf,231,14344.957142857142,14045.423376623374,True
oak,scrf,232,14350.71250000001,14356.0,True
oak,scrf,233,14351.592857142867,14539.057655349134,True
oak,scrf,234,14788.392857142853,14539.057655349134,True
oak,scrf,235,14790.42857142857,15033.830873888017,True
oak,scrf,236,14983.707142857142,15033.830873888017,True
oak,scrf,237,14985.778571428575,15099.533292978209,True
oak,scrf,238,15266.9,15099.533292978209,True
oak,scrf,239,15267.683333333334,15265.09065255732,True
oak,scrf,240,15376.210000000012,15265.09065255732,True
oak,scrf,241,15379.407142857146,15276.355486542441,True
oak,scrf,242,15426.335714285713,15276.355486542441,True
oak,scrf,243,15429.792857142862,15692.663128615934,True
oak,scrf,244,15660.357142857141,15692.663128615934,True
oak,scrf,245,15662.871428571429,15718.564745670998,True
oak,scrf,246,15891.107142857147,15718.564745670998,True
oak,scrf,247,15892.235714285709,15818.6025974026,True
oak,scrf,248,15925.400000000003,15818.6025974026,True
oak,scrf,249,15926.571428571433,15912.0,True
oak,scrf,250,15926.814285714287,16042.264370748302,True
oak,scrf,251,16167.385714285725,16042.264370748302,True
oak,scrf,252,16171.130000000001,16114.600995316163,True
oak,scrf,253,16508.071428571428,16114.600995316163,True
oak,scrf,254,16510.683333333338,16429.550697865358,True
oak,scrf,255,16913.8125,16429.550697865358,True
oak,scrf,256,16916.714285714286,16480.630672268908,True
oak,scrf,257,17031.485714285718,16480.630672268908,True
oak,scrf,258,17035.11428571428,17324.33482726424,True
oak,scrf,259,17176.450000000008,17324.33482726424,True
oak,scrf,260,17184.742857142857,18024.772761904762,True
oak,scrf,261,17284.442857142858,18024.772761904762,True
oak,scrf,262,17285.09285714286,18043.364105339104,True
oak,scrf,263,17498.625000000004,18043.364105339104,True
oak,scrf,264,17504.435714285708,18052.442857142854,True
oak,scrf,265,17516.835714285724,18052.442857142854,True
oak,scrf,266,17522.72142857143,18096.85367063492,True
oak,scrf,267,17993.042857142853,18096.85367063492,True
oak,scrf,268,17996.69285714285,18150.67093596059,True
oak,scrf,269,18166.25000000002,18150.67093596059,True
oak,scrf,270,18168.335714285717,18788.214285714286,True
oak,scrf,271,18169.178571428576,18788.214285714286,True
oak,scrf,272,18179.657142857144,19298.090198412698,True
oak,scrf,273,18477.264285714286,19298.090198412698,True
oak,scrf,274,18478.400000000005,19362.07147619047,True
oak,scrf,275,18907.2,19362.07147619047,True
oak,scrf,276,18915.2,19513.37419467787,True
oak,scrf,277,19323.049999999992,19513.37419467787,True
oak,scrf,278,19324.949999999993,20050.62285714286,True
oak,scrf,279,19396.778571428564,20050.62285714286,True
oak,scrf,280,19398.071428571428,20184.67545518207,True
oak,scrf,281,20265.16428571429,20184.67545518207,True
oak,scrf,282,20274.700000000008,20716.401105442175,True
oak,scrf,283,20641.328571428563,20716.401105442175,True
oak,scrf,284,20649.600000000002,21275.64761904762,True
oak,scrf,285,20715.43571428571,21275.64761904762,False
oak,scrf,286,20717.985714285714,21436.588832199548,False
oak,scrf,287,21429.73571428572,21436.588832199548,False
oak,scrf,288,21448.01666666666,22496.98432316747,False
oak,scrf,289,22509.457142857158,22496.98432316747,False
oak,scrf,290,22512.85714285715,22768.57142857143,False
oak,scrf,291,22529.514285714286,22768.57142857143,False
oak,scrf,292,22535.87142857144,23555.071428571428,False
oak,scrf,293,22548.042857142864,23555.071428571428,False
oak,scrf,294,22554.507142857143,24107.634920634922,False
oak,scrf,295,22616.699999999997,24107.634920634922,False
oak,scrf,296,22626.864285714288,24316.59107142857,False
oak,scrf,297,22744.31666666669,24316.59107142857,False
oak,scrf,298,22772.59,24827.619523809524,False
oak,scrf,299,24188.87142857143,24827.619523809524,False
oak,scrf,300,24193.135714285738,25543.014285714286,False
oak,scrf,301,24271.439999999995,25543.014285714286,False
oak,scrf,302,24290.862499999992,26744.457023809526,False
oak,scrf,303,25708.15,26744.457023809526,False
oak,scrf,304,25747.27142857143,27407.310204081634,False
oak,scrf,305,26097.128571428573,27407.310204081634,False
oak,scrf,306,26163.98571428571,28205.176556776554,False
oak,scrf,307,26478.81428571429,28205.176556776554,False
oak,scrf,308,26514.22857142856,30636.532051282047,False
oak,scrf,309,27088.912499999995,30636.532051282047,False
oak,scrf,310,27160.88571428571,30840.94940476191,False
oak,scrf,311,28540.55,30840.94940476191,False
oak,scrf,312,28645.07142857144,31577.642857142855,False
oak,scrf,313,28782.442857142858,31577.642857142855,False
oak,scrf,314,29011.428571428587,31746.976190476194,False
oak,scrf,315,29133.910000000003,31746.976190476194,False
oak,scrf,316,29136.64285714287,32217.357142857145,False
oak,scrf,317,29168.06428571429,32217.357142857145,False
oak,scrf,318,29276.14166666668,33226.491071428565,False
oak,scrf,319,30600.616666666683,33226.491071428565,False
oak,scrf,320,30822.514285714304,35379.69047619047,False
oak,scrf,321,30895.966666666656,35379.69047619047,False
oak,scrf,322,31008.278571428582,35837.78928571429,False
oak,scrf,323,32090.749999999975,35837.78928571429,False
oak,scrf,324,32281.300000000007,38817.0,False
oak,scrf,325,32488.724999999977,41586.19047619047,False
oak,scrf,326,34624.47857142859,41586.19047619047,False
oak,scrf,327,35642.25714285715,42177.42857142857,False
oak,scrf,328,38448.01428571427,42177.42857142857,False
oak,scssl,1,0.0,55.15567765567766,False
oak,scssl,2,271.1928571428573,55.15567765567766,False
oak,scssl,3,285.25000000000017,218.3403361344538,False
oak,scssl,4,505.43571428571465,218.3403361344538,False
oak,scssl,5,509.364285714286,271.42857142857144,False
oak,scssl,6,518.964285714286,376.61904761904765,False
oak,scssl,7,536.5700000000003,376.61904761904765,False
oak,scssl,8,544.4000000000003,620.4556722689076,False
oak,scssl,9,891.6250000000003,620.4556722689076,False
oak,scssl,10,907.871428571429,676.0410052910051,False
oak,scssl,11,1005.1666666666666,676.0410052910051,False
oak,scssl,12,1005.7285714285719,1179.0816326530614,False
oak,scssl,13,1096.2250000000006,1179.0816326530614,False
oak,scssl,14,1098.65,1181.862244897959,False
oak,scssl,15,1153.1357142857146,1181.862244897959,False
oak,scssl,16,1153.7142857142862,1287.4094179894178,False
oak,scssl,17,1428.1357142857146,1287.4094179894178,False
oak,scssl,18,1450.4642857142862,1416.6265873015875,False
oak,scssl,19,1539.016666666667,1416.6265873015875,False
oak,scssl,20,1539.6642857142858,1672.0319047619046,False
oak,scssl,21,1706.3428571428576,1672.0319047619046,False
oak,scssl,22,1708.8571428571433,1717.0309523809524,False
oak,scssl,23,1856.114285714286,1717.0309523809524,False
oak,scssl,24,1858.5500000000009,1853.4890604890609,False
oak,scssl,25,2097.6500000000005,1853.4890604890609,False
oak,scssl,26,2097.714285714286,1854.4285714285713,False
oak,scssl,27,2107.4785714285726,1869.6989310009722,False
oak,scssl,28,2372.4928571428572,1869.6989310009722,False
oak,scssl,29,2376.742857142858,2210.139393939394,False
oak,scssl,30,2774.600000000001,2210.139393939394,False
oak,scssl,31,2778.6833333333348,2238.904761904762,False
oak,scssl,32,2786.3928571428564,2238.904761904762,False
oak,scssl,33,2794.47142857143,2637.835256410256,False
oak,scssl,34,3025.0928571428585,2637.835256410256,False
oak,scssl,35,3031.4571428571444,2657.1468253968255,False
oak,scssl,36,3154.550000000002,2657.1468253968255,True
oak,scssl,37,3155.4928571428577,2696.195282599021,True
oak,scssl,38,3539.421428571429,2696.195282599021,True
oak,scssl,39,3550.985714285714,2839.0041407867493,True
oak,scssl,40,3632.9500000000003,2839.0041407867493,True
oak,scssl,41,3648.1571428571438,3193.2502645502645,True
oak,scssl,42,3670.880000000002,3193.2502645502645,True
oak,scssl,43,3676.550000000001,3216.6202857142853,True
oak,scssl,44,3942.8333333333344,3216.6202857142853,True
oak,scssl,45,3944.2642857142864,3371.1736353077818,True
oak,scssl,46,4343.907142857143,3371.1736353077818,True
oak,scssl,47,4345.1,3721.541666666667,True
oak,scssl,48,4354.900000000001,3721.541666666667,True
oak,scssl,49,4363.760000000003,3907.3247695852533,True
oak,scssl,50,4572.533333333335,3907.3247695852533,True
oak,scssl,51,4572.664285714288,4088.9410906298003,True
oak,scssl,52,5043.635714285714,4088.9410906298003,True
oak,scssl,53,5046.183333333336,4459.848523045583,True
oak,scssl,54,5538.6,4459.848523045583,True
oak,scssl,55,5538.764285714286,4667.405733722061,True
oak,scssl,56,5683.228571428571,4667.405733722061,True
oak,scssl,57,5684.1500000000015,4688.034307992202,True
oak,scssl,58,6076.435714285717,4688.034307992202,True
oak,scssl,59,6076.514285714287,4826.595238095238,True
oak,scssl,60,6086.958333333336,4826.595238095238,True
oak,scssl,61,6088.307142857144,5049.853896103896,True
oak,scssl,62,6154.235714285715,5049.853896103896,True
oak,scssl,63,6158.200000000003,5114.260544217686,True
oak,scssl,64,6202.600000000004,5114.260544217686,True
oak,scssl,65,6208.621428571431,5127.857142857143,True
oak,scssl,66,6210.414285714288,5137.09436853002,True
oak,scssl,67,6462.428571428572,5137.09436853002,True
oak,scssl,68,6464.892857142857,5148.824128312413,True
oak,scssl,69,6975.442857142858,5148.824128312413,True
oak,scssl,70,6977.614285714285,5570.242089947091,True
oak,scssl,71,7147.675000000002,5570.242089947091,True
oak,scssl,72,7152.349999999999,5813.566227263436,True
oak,scssl,73,7577.7285714285745,5813.566227263436,True
oak,scssl,74,7577.800000000003,6169.835224089635,True
oak,scssl,75,7692.214285714285,6169.835224089635,True
oak,scssl,76,7692.425000000002,6188.410250626568,True
oak,scssl,77,7863.8916666666655,6188.410250626568,True
oak,scssl,78,7864.757142857144,6290.942235092236,True
oak,scssl,79,8077.142857142857,6290.942235092236,True
oak,scssl,80,8079.228571428571,6407.571428571428,True
oak,scssl,81,8079.685714285716,6440.319940476192,True
oak,scssl,82,8232.621428571432,6440.319940476192,True
oak,scssl,83,8233.775000000001,6520.668772893773,True
oak,scssl,84,8400.678571428572,6520.668772893773,True
oak,scssl,85,8400.82857142857,6828.685714285715,True
oak,scssl,86,8407.114285714282,6828.685714285715,True
oak,scssl,87,8410.407142857142,6844.68604589468,True
oak,scssl,88,8972.592857142854,6844.68604589468,True
oak,scssl,89,8972.91428571429,7081.085041407868,True
oak,scssl,90,9173.857142857145,7081.085041407868,True
oak,scssl,91,9173.966666666664,7165.140699404762,True
oak,scssl,92,9395.321428571433,7165.140699404762,True
oak,scssl,93,9397.416666666666,7505.313095238094,True
oak,scssl,94,9423.714285714286,7505.313095238094,True
oak,scssl,95,9423.807142857146,7546.037914862914,True
oak,scssl,96,9539.67857142857,7546.037914862914,True
oak,scssl,97,9539.999999999998,7589.253354978356,True
oak,scssl,98,9907.283333333338,7589.253354978356,True
oak,scssl,99,9908.850000000004,7766.912499999999,True
oak,scssl,100,9957.10714285714,7766.912499999999,True
oak,scssl,101,9958.007142857148,7767.064634146342,True
oak,scssl,102,10038.350000000002,7767.064634146342,True
oak,scssl,103,10040.557142857142,7858.488878842674,True
oak,scssl,104,10153.758333333331,7858.488878842674,True
oak,scssl,105,10154.242857142857,8021.874649859944,True
oak,scssl,106,10183.421428571428,8021.874649859944,True
oak,scssl,107,10186.807142857144,8023.95993197279,True
oak,scssl,108,10328.15,8023.95993197279,True
oak,scssl,109,10328.56666666667,8203.588325652841,True
oak,scssl,110,10427.32857142857,8203.588325652841,True
oak,scssl,111,10428.825000000003,8352.443472445158,True
oak,scssl,112,10534.007142857137,8352.443472445158,True
oak,scssl,113,10539.716666666667,8451.550290360045,True
oak,scssl,114,10952.642857142857,8451.550290360045,True
oak,scssl,115,10955.050000000001,8686.461038961039,True
oak,scssl,116,10963.90833333334,8686.461038961039,True
oak,scssl,117,10967.49285714286,8738.649542524434,True
oak,scssl,118,11270.9,8738.649542524434,True
oak,scssl,119,11271.735714285713,8831.704151404152,True
oak,scssl,120,11326.97142857143,8831.704151404152,True
oak,scssl,121,11327.47142857143,8896.762698412698,True
oak,scssl,122,11358.550000000003,8896.762698412698,True
oak,scssl,123,11358.757142857145,9068.24695459579,True
oak,scssl,124,11538.242857142852,9068.24695459579,True
oak,scssl,125,11538.54166666667,9165.989976322018,True
oak,scssl,126,11828.833333333334,9165.989976322018,True
oak,scssl,127,11830.350000000004,9228.39107142857,True
oak,scssl,128,11843.878571428577,9228.39107142857,True
oak,scssl,129,11847.925000000003,9296.519670672007,True
oak,scssl,130,12496.907142857139,9296.519670672007,True
oak,scssl,131,12497.650000000003,9389.700937950935,True
oak,scssl,132,12721.071428571431,9389.700937950935,True
oak,scssl,133,12721.442857142858,9513.598838559814,True
oak,scssl,134,12867.335714285718,9513.598838559814,True
oak,scssl,135,12869.435714285715,9541.081462585034,True
oak,scssl,136,12884.533333333333,9541.081462585034,True
oak,scssl,137,12886.200000000003,9926.214046021094,True
oak,scssl,138,13148.935714285717,9926.214046021094,True
oak,scssl,139,13151.825000000006,10118.284857142857,True
oak,scssl,140,13262.483333333332,10118.284857142857,True
oak,scssl,141,13265.564285714294,10209.614035087718,True
oak,scssl,142,13289.007142857141,10209.614035087718,True
oak,scssl,143,13289.25,10228.515042162699,True
oak,scssl,144,13606.074999999999,10228.515042162699,True
oak,scssl,145,13606.442857142862,10399.892857142857,True
oak,scssl,146,13609.621428571429,10399.892857142857,True
oak,scssl,147,13609.990000000002,10790.655701005504,True
oak,scssl,148,14108.810000000007,10790.655701005504,True
oak,scssl,149,14109.425000000001,10943.175433911883,True
oak,scssl,150,14294.392857142859,10943.175433911883,True
oak,scssl,151,14295.70714285714,11106.989099254159,True
oak,scssl,152,14439.678571428569,11106.989099254159,True
oak,scssl,153,14441.016666666672,11176.36172745694,True
oak,scssl,154,14619.875000000002,11176.36172745694,True
oak,scssl,155,14621.371428571429,11386.260603174604,True
oak,scssl,156,14764.878571428575,11386.260603174604,True
oak,scssl,157,14767.124999999998,11605.451694139196,True
oak,scssl,158,14883.992857142857,11605.451694139196,True
oak,scssl,159,14888.899999999998,11676.141000629326,True
oak,scssl,160,15402.307142857147,11676.141000629326,True
oak,scssl,161,15406.575000000012,11685.0,True
oak,scssl,162,15407.53333333334,11889.92261904762,True
oak,scssl,163,15429.792857142862,11889.92261904762,True
oak,scssl,164,15430.850000000002,12066.654044963709,True
oak,scssl,165,16093.228571428568,12066.654044963709,True
oak,scssl,166,16095.628571428562,12176.277536597676,True
oak,scssl,167,16992.92857142857,12176.277536597676,True
oak,scssl,168,17006.642857142862,12452.88392857143,True
oak,scssl,169,17025.178571428576,12452.88392857143,True
oak,scssl,170,17027.699999999997,12469.9968707483,True
oak,scssl,171,17106.178571428576,12469.9968707483,True
oak,scssl,172,17118.314285714285,12796.077731092439,True
oak,scssl,173,17174.828571428578,12796.077731092439,True
oak,scssl,174,17176.450000000008,13389.142857142857,True
oak,scssl,175,17184.742857142857,13616.520720720722,True
oak,scssl,176,17338.214285714286,13616.520720720722,True
oak,scssl,177,17338.985714285725,13772.1318927571,True
oak,scssl,178,18287.542857142853,13772.1318927571,True
oak,scssl,179,18293.5,14017.682738095236,True
oak,scssl,180,18424.635714285723,14017.682738095236,True
oak,scssl,181,18444.437500000004,14238.739365079366,True
oak,scssl,182,18546.95,14238.739365079366,True
oak,scssl,183,18547.242857142868,14312.74816849817,True
oak,scssl,184,18731.471428571425,14312.74816849817,True
oak,scssl,185,18735.39285714285,14385.767301587302,True
oak,scssl,186,18845.42857142858,14385.767301587302,True
oak,scssl,187,18857.56428571429,14395.254285714287,True
oak,scssl,188,18904.635714285712,14395.254285714287,True
oak,scssl,189,18906.17142857143,14408.519047619047,True
oak,scssl,190,18924.57142857144,14408.519047619047,True
oak,scssl,191,18932.89285714286,14423.900751879699,True
oak,scssl,192,19370.6,14423.900751879699,True
oak,scssl,193,19390.43571428571,14444.251754385965,True
oak,scssl,194,19781.82142857143,14444.251754385965,True
oak,scssl,195,19786.98571428571,14982.399553571428,True
oak,scssl,196,20265.16428571429,14982.399553571428,True
oak,scssl,197,20274.700000000008,15518.338563622172,True
oak,scssl,198,20663.492857142857,15518.338563622172,True
oak,scssl,199,20664.678571428572,15804.633222591363,True
oak,scssl,200,20929.7,15804.633222591363,False
oak,scssl,201,20937.178571428572,15927.738095238094,False
oak,scssl,202,21308.371428571434,15927.738095238094,False
oak,scssl,203,21312.22142857144,16148.07738095238,False
oak,scssl,204,21663.66428571428,16148.07738095238,False
oak,scssl,205,21713.89285714286,16259.569523809521,False
oak,scssl,206,21890.650000000005,16259.569523809521,False
oak,scssl,207,21900.050000000014,17064.524258760106,False
oak,scssl,208,22548.042857142864,17064.524258760106,False
oak,scssl,209,22554.507142857143,17466.989999999998,False
oak,scssl,210,22673.991666666683,17466.989999999998,False
oak,scssl,211,22688.94000000001,18209.792595818817,False
oak,scssl,212,24216.78571428573,18209.792595818817,False
oak,scssl,213,24229.23571428573,18908.450113378687,False
oak,scssl,214,24677.835714285728,18908.450113378687,False
oak,scssl,215,24684.028571428575,19210.995918367345,False
oak,scssl,216,24969.9642857143,19210.995918367345,False
oak,scssl,217,24997.29285714286,19323.313315696647,False
oak,scssl,218,25665.435714285715,19323.313315696647,False
oak,scssl,219,25708.15,19989.56067821068,False
oak,scssl,220,27057.53571428572,19989.56067821068,False
oak,scssl,221,27088.912499999995,21028.69559082892,False
oak,scssl,222,29276.14166666668,21028.69559082892,False
oak,scssl,223,29353.207142857136,24545.428571428572,False
oak,scssl,224,29498.807142857153,24545.428571428572,False
oak,scssl,225,29897.300000000014,24939.352182539686,False
oak,scssl,226,31461.614285714284,24939.352182539686,False
oak,scssl,227,31782.414285714283,26400.571428571428,False
oak,scssl,228,31937.964285714297,27642.580952380948,False
oak,scssl,229,32281.300000000007,27642.580952380948,False
oak,scssl,230,32488.724999999977,28056.680952380953,False
oak,scssl,231,34624.47857142859,28056.680952380953,False
oak,scssl,232,35642.25714285715,29675.428571428572,False
oak,scssl,233,35828.3785714286,31557.0,False
oak,scssl,234,38448.01428571427,33164.28571428572,False
oak,vs,1,0.0,399.4603174603174,False
oak,vs,2,505.43571428571465,399.4603174603174,False
oak,vs,3,509.364285714286,419.1642857142857,False
oak,vs,4,536.5700000000003,419.1642857142857,False
oak,vs,5,544.4000000000003,471.35714285714283,False
oak,vs,6,569.1071428571431,471.35714285714283,False
oak,vs,7,613.7428571428575,475.7142857142857,False
oak,vs,8,619.2071428571433,578.4285714285714,False
oak,vs,9,647.7785714285717,578.4285714285714,False
oak,vs,10,656.121428571429,579.2857142857143,False
oak,vs,11,674.0714285714288,579.2857142857143,False
oak,vs,12,695.2285714285719,666.8571428571428,False
oak,vs,13,725.4642857142862,666.8571428571428,False
oak,vs,14,730.9333333333337,683.6904761904761,False
oak,vs,15,748.2071428571433,683.6904761904761,False
oak,vs,16,791.7375000000004,725.2166666666667,False
oak,vs,17,798.0142857142863,725.2166666666667,False
oak,vs,18,801.3571428571432,832.1204081632653,False
oak,vs,19,880.4000000000004,832.1204081632653,False
oak,vs,20,891.6250000000003,1003.2045454545455,False
oak,vs,21,1153.1357142857146,1003.2045454545455,False
oak,vs,22,1153.7142857142862,1067.6190476190477,False
oak,vs,23,1162.9785714285722,1067.6190476190477,False
oak,vs,24,1167.2000000000007,1249.9144345238099,False
oak,vs,25,1265.908333333334,1249.9144345238099,False
oak,vs,26,1273.0071428571432,1250.0565476190477,False
oak,vs,27,1480.8000000000006,1250.0565476190477,False
oak,vs,28,1487.4857142857145,1312.4149659863945,False
oak,vs,29,1590.4571428571435,1312.4149659863945,False
oak,vs,30,1603.814285714286,1470.942207792208,False
oak,vs,31,1774.7071428571433,1470.942207792208,False
oak,vs,32,1782.2928571428577,1689.0,False
oak,vs,33,1789.2357142857156,1702.744588744589,False
oak,vs,34,1988.6214285714293,1702.744588744589,False
oak,vs,35,1990.585714285715,1800.1904761904764,False
oak,vs,36,2107.4785714285726,1800.1904761904764,False
oak,vs,37,2108.1083333333336,1802.3333333333333,False
oak,vs,38,2112.3000000000006,1842.3809523809523,False
oak,vs,39,2197.5214285714296,1842.3809523809523,False
oak,vs,40,2199.928571428572,1857.1785714285716,False
oak,vs,41,2213.264285714286,1857.1785714285716,False
oak,vs,42,2232.121428571429,1996.2571428571428,False
oak,vs,43,2251.285714285714,1996.2571428571428,False
oak,vs,44,2253.128571428571,2046.0625,False
oak,vs,45,2278.9142857142874,2046.0625,False
oak,vs,46,2280.5142857142864,2152.3214285714284,False
oak,vs,47,2290.342857142858,2152.3214285714284,False
oak,vs,48,2294.1642857142856,2219.704829931972,False
oak,vs,49,2660.771428571429,2219.704829931972,False
oak,vs,50,2683.692857142858,2332.6126984126986,False
oak,vs,51,2767.064285714287,2332.6126984126986,False
oak,vs,52,2770.192857142858,2368.8333333333335,False
oak,vs,53,2778.6833333333348,2368.8333333333335,False
oak,vs,54,2786.3928571428564,2539.2407407407404,False
oak,vs,55,2831.1916666666675,2539.2407407407404,False
oak,vs,56,2842.2428571428577,2586.5514880952383,False
oak,vs,57,2922.164285714287,2586.5514880952383,False
oak,vs,58,2924.5071428571437,2633.2990476190475,False
oak,vs,59,3003.535714285716,2633.2990476190475,False
oak,vs,60,3022.9142857142865,2763.3375850340135,False
oak,vs,61,3283.064285714286,2763.3375850340135,True
oak,vs,62,3289.1785714285725,2793.4378851540614,True
oak,vs,63,3391.8714285714295,2793.4378851540614,True
oak,vs,64,3392.0500000000015,2918.298245614035,True
oak,vs,65,3497.9571428571444,2918.298245614035,True
oak,vs,66,3502.907142857144,2964.5714285714284,True
oak,vs,67,3503.5833333333344,3034.6666666666665,True
oak,vs,68,3504.742857142858,3100.903628117914,True
oak,vs,69,3564.0857142857158,3100.903628117914,True
oak,vs,70,3569.4583333333344,3210.263919413919,True
oak,vs,71,3670.880000000002,3210.263919413919,True
oak,vs,72,3676.550000000001,3238.125,True
oak,vs,73,3677.2928571428574,3238.125,True
oak,vs,74,3677.575000000002,3315.8489795918363,True
oak,vs,75,3848.871428571429,3315.8489795918363,True
oak,vs,76,3849.0857142857144,3327.099489795918,True
oak,vs,77,3886.7571428571428,3327.099489795918,True
oak,vs,78,3888.2928571428574,3432.0748299319725,True
oak,vs,79,3937.2142857142867,3432.0748299319725,True
oak,vs,80,3938.1000000000013,3606.464285714286,True
oak,vs,81,3982.085714285714,3606.464285714286,True
oak,vs,82,3982.916666666668,3614.113711001642,True
oak,vs,83,4180.092857142857,3614.113711001642,True
oak,vs,84,4181.607142857143,3719.16865079365,True
oak,vs,85,4264.700000000003,3719.16865079365,True
oak,vs,86,4269.328571428573,3880.1428571428573,True
oak,vs,87,4273.071428571429,3889.5919334975365,True
oak,vs,88,4662.121428571429,3889.5919334975365,True
oak,vs,89,4662.278571428573,3937.7392857142854,True
oak,vs,90,4706.821428571429,3937.7392857142854,True
oak,vs,91,4709.625000000002,4090.582271557272,True
oak,vs,92,4910.464285714287,4090.582271557272,True
oak,vs,93,4911.7571428571455,4334.825396825397,True
oak,vs,94,4932.564285714286,4334.825396825397,True
oak,vs,95,4935.864285714286,4380.996743697479,True
oak,vs,96,5337.492857142856,4380.996743697479,True
oak,vs,97,5337.791666666668,4457.874812030076,True
oak,vs,98,5373.592857142859,4457.874812030076,True
oak,vs,99,5373.89285714286,4638.142857142858,True
oak,vs,100,5385.700000000001,4638.142857142858,True
oak,vs,101,5388.964285714287,4675.171428571429,True
oak,vs,102,5399.64285714286,4675.171428571429,True
oak,vs,103,5403.783333333336,4694.5677871148455,True
oak,vs,104,5537.040000000004,4694.5677871148455,True
oak,vs,105,5538.6,4815.029942279943,True
oak,vs,106,5616.742857142858,4815.029942279943,True
oak,vs,107,5617.500000000001,4841.560224089636,True
oak,vs,108,5683.228571428571,4841.560224089636,True
oak,vs,109,5684.1500000000015,4897.50938095238,True
oak,vs,110,5928.349999999999,4897.50938095238,True
oak,vs,111,5929.350000000001,4916.211816578482,True
oak,vs,112,5999.435714285714,4916.211816578482,True
oak,vs,113,6001.164285714289,5028.809476190476,True
oak,vs,114,6086.958333333336,5028.809476190476,True
oak,vs,115,6088.307142857144,5286.9396451033235,True
oak,vs,116,6360.735714285715,5286.9396451033235,True
oak,vs,117,6362.792857142863,5339.642857142857,True
oak,vs,118,6367.8928571428605,5339.642857142857,True
oak,vs,119,6370.033333333337,5352.633520074695,True
oak,vs,120,6479.121428571431,5352.633520074695,True
oak,vs,121,6482.8357142857185,5368.507570207568,True
oak,vs,122,6582.350000000001,5368.507570207568,True
oak,vs,123,6582.678571428572,5598.969186192997,True
oak,vs,124,6964.95,5598.969186192997,True
oak,vs,125,6974.599999999998,5770.460195360197,True
oak,vs,126,7204.714285714288,5770.460195360197,True
oak,vs,127,7206.7071428571435,6048.495767195767,True
oak,vs,128,7252.3142857142875,6048.495767195767,True
oak,vs,129,7252.957142857142,6262.176496935405,True
oak,vs,130,7440.057142857142,6262.176496935405,True
oak,vs,131,7442.850000000003,6274.901136363637,True
oak,vs,132,7588.2928571428565,6274.901136363637,True
oak,vs,133,7588.542857142859,6336.200153061222,True
oak,vs,134,7837.314285714286,6336.200153061222,True
oak,vs,135,7837.8714285714295,6593.661674347159,True
oak,vs,136,7951.3499999999985,6593.661674347159,True
oak,vs,137,7952.914285714288,6702.713292088489,True
oak,vs,138,8172.692857142857,6702.713292088489,True
oak,vs,139,8174.100000000001,6717.0,True
oak,vs,140,8175.664285714286,6717.0,True
oak,vs,141,8176.292857142859,6778.338945578231,True
oak,vs,142,8199.107142857145,6778.338945578231,True
oak,vs,143,8200.971428571433,7000.787698412698,True
oak,vs,144,8232.621428571432,7000.787698412698,True
oak,vs,145,8233.775000000001,7067.601139734583,True
oak,vs,146,8693.25,7067.601139734583,True
oak,vs,147,8693.421428571432,7113.944022817461,True
oak,vs,148,8862.17142857143,7113.944022817461,True
oak,vs,149,8862.616666666669,7162.833333333333,True
oak,vs,150,8863.728571428572,7167.179166666667,True
oak,vs,151,8876.650000000003,7167.179166666667,True
oak,vs,152,8881.078571428568,7371.768843537415,True
oak,vs,153,8954.128571428571,7371.768843537415,True
oak,vs,154,8956.741666666667,7516.174864556603,True
oak,vs,155,9200.628571428573,7516.174864556603,True
oak,vs,156,9201.135714285714,7541.092112389978,True
oak,vs,157,9532.350000000002,7541.092112389978,True
oak,vs,158,9533.514285714282,7641.142857142857,True
oak,vs,159,9534.607142857143,7641.142857142857,True
oak,vs,160,9536.014285714284,7684.238095238096,True
oak,vs,161,9546.435714285713,7684.238095238096,True
oak,vs,162,9549.000000000002,7868.028476190476,True
oak,vs,163,9616.235714285716,7868.028476190476,True
oak,vs,164,9618.5125,7950.405555555557,True
oak,vs,165,9634.67142857143,7950.405555555557,True
oak,vs,166,9636.2625,8027.0259740259735,True
oak,vs,167,9654.500000000004,8027.0259740259735,True
oak,vs,168,9660.450000000003,8122.516931216931,True
oak,vs,169,9672.710000000003,8122.516931216931,True
oak,vs,170,9672.750000000002,8224.285714285714,True
oak,vs,171,9676.15,8238.598199023198,True
oak,vs,172,9802.657142857144,8238.598199023198,True
oak,vs,173,9802.73,8272.585075103869,True
oak,vs,174,10045.721428571427,8272.585075103869,True
oak,vs,175,10045.857142857145,8307.432643202206,True
oak,vs,176,10141.508333333339,8307.432643202206,True
oak,vs,177,10143.369999999995,8370.428698979593,True
oak,vs,178,10243.428571428574,8370.428698979593,True
oak,vs,179,10243.907142857144,8570.142857142857,True
oak,vs,180,10244.750000000002,8570.142857142857,True
oak,vs,181,10245.45,8594.42081904762,True
oak,vs,182,10421.687500000004,8594.42081904762,True
oak,vs,183,10421.971428571424,8668.157709750567,True
oak,vs,184,10525.507142857148,8668.157709750567,True
oak,vs,185,10525.540000000005,8691.707359307358,True
oak,vs,186,10539.716666666667,8691.707359307358,True
oak,vs,187,10541.135714285716,8705.997096399535,True
oak,vs,188,10589.45,8705.997096399535,True
oak,vs,189,10590.158333333335,8797.297619047618,True
oak,vs,190,10625.792857142855,8797.297619047618,True
oak,vs,191,10626.814285714285,8823.214342743086,True
oak,vs,192,10863.400000000003,8823.214342743086,True
oak,vs,193,10867.292857142858,8900.214285714286,True
oak,vs,194,10872.271428571432,8900.214285714286,True
oak,vs,195,10877.28571428572,8923.4376984127,True
oak,vs,196,10955.38571428572,8923.4376984127,True
oak,vs,197,10955.678571428574,8935.376501035198,True
oak,vs,198,11019.407142857148,8935.376501035198,True
oak,vs,199,11021.150000000003,9071.775830853177,True
oak,vs,200,11270.9,9071.775830853177,True
oak,vs,201,11271.735714285713,9220.135880398675,True
oak,vs,202,11447.380000000001,9220.135880398675,True
oak,vs,203,11447.385714285718,9369.310680272109,True
oak,vs,204,11538.54166666667,9369.310680272109,True
oak,vs,205,11538.95,9441.535613504664,True
oak,vs,206,11837.628571428571,9441.535613504664,True
oak,vs,207,11837.721428571424,9568.6,True
oak,vs,208,11842.27142857143,9568.6,True
oak,vs,209,11842.607142857143,9688.363513513514,True
oak,vs,210,11938.969999999998,9688.363513513514,True
oak,vs,211,11939.22142857143,9778.609139784945,True
oak,vs,212,12087.175000000001,9778.609139784945,True
oak,vs,213,12087.492857142865,9886.39994192799,True
oak,vs,214,12219.900000000003,9886.39994192799,True
oak,vs,215,12220.907142857144,9984.61615353038,True
oak,vs,216,12405.28571428572,9984.61615353038,True
oak,vs,217,12405.999999999995,10136.996825396825,True
oak,vs,218,12442.239999999998,10136.996825396825,True
oak,vs,219,12444.435714285715,10162.19361849391,True
oak,vs,220,12720.828571428574,10162.19361849391,True
oak,vs,221,12721.071428571431,10325.314682539682,True
oak,vs,222,12834.32857142857,10325.314682539682,True
oak,vs,223,12835.358333333332,10567.271981292517,True
oak,vs,224,13137.541666666666,10567.271981292517,True
oak,vs,225,13141.178571428582,10597.714285714286,True
oak,vs,226,13141.350000000004,10638.286414565826,True
oak,vs,227,13199.257142857148,10638.286414565826,True
oak,vs,228,13201.91428571429,10718.85282599021,True
oak,vs,229,13565.392857142855,10718.85282599021,True
oak,vs,230,13566.264285714284,10966.57142857143,True
oak,vs,231,13569.421428571432,10975.556387921022,True
oak,vs,232,13740.999999999995,10975.556387921022,True
oak,vs,233,13752.592857142856,11248.070267131243,True
oak,vs,234,13809.585714285718,11248.070267131243,True
oak,vs,235,13809.69285714286,11273.259012644608,True
oak,vs,236,14139.150000000007,11273.259012644608,True
oak,vs,237,14139.81428571429,11504.059140667761,True
oak,vs,238,14448.349999999993,11504.059140667761,True
oak,vs,239,14449.691666666664,11558.798148148147,True
oak,vs,240,14481.241666666667,11558.798148148147,True
oak,vs,241,14482.914285714289,11697.485714285714,True
oak,vs,242,14512.078571428568,11697.485714285714,True
oak,vs,243,14513.941666666671,11957.67738095238,True
oak,vs,244,14565.429999999988,11957.67738095238,True
oak,vs,245,14566.01428571429,12008.73605442177,True
oak,vs,246,14756.56428571429,12008.73605442177,True
oak,vs,247,14756.916666666662,12187.44841269841,True
oak,vs,248,14788.392857142853,12187.44841269841,True
oak,vs,249,14790.42857142857,12313.887409812414,True
oak,vs,250,15379.407142857146,12313.887409812414,True
oak,vs,251,15380.22857142857,12352.48775510204,True
oak,vs,252,15425.335714285713,12352.48775510204,True
oak,vs,253,15426.335714285713,12655.902429543243,True
oak,vs,254,15526.657142857153,12655.902429543243,True
oak,vs,255,15527.192857142862,12659.542296918768,True
oak,vs,256,15550.835714285724,12659.542296918768,True
oak,vs,257,15551.085714285713,12763.020833333332,True
oak,vs,258,15604.421428571432,12763.020833333332,True
oak,vs,259,15604.550000000005,12771.966912972086,True
oak,vs,260,16039.450000000006,12771.966912972086,True
oak,vs,261,16039.850000000006,12775.512119047618,True
oak,vs,262,16366.757142857143,12775.512119047618,True
oak,vs,263,16378.449999999999,12840.435813492062,True
oak,vs,264,16489.207142857147,12840.435813492062,True
oak,vs,265,16489.34285714285,12912.666666666668,True
oak,vs,266,16504.07857142858,12912.666666666668,True
oak,vs,267,16508.071428571428,13134.631931216933,True
oak,vs,268,16805.307142857146,13134.631931216933,True
oak,vs,269,16810.207142857158,13156.148072562359,True
oak,vs,270,16897.600000000002,13156.148072562359,True
oak,vs,271,16897.907142857148,13355.707301587301,True
oak,vs,272,16953.01428571429,13355.707301587301,True
oak,vs,273,16955.408333333336,13492.67857142857,True
oak,vs,274,16984.48333333334,13492.67857142857,True
oak,vs,275,16988.135714285712,13607.72893772894,True
oak,vs,276,17031.485714285718,13607.72893772894,True
oak,vs,277,17035.11428571428,13795.723236889691,True
oak,vs,278,17295.991666666658,13795.723236889691,True
oak,vs,279,17299.328571428574,14225.806456582635,True
oak,vs,280,17919.875,14225.806456582635,True
oak,vs,281,17924.721428571425,14496.797262842141,True
oak,vs,282,18546.95,14496.797262842141,True
oak,vs,283,18547.242857142868,14790.979797979795,True
oak,vs,284,19001.22142857144,14790.979797979795,True
oak,vs,285,19005.2,15236.144387755103,True
oak,vs,286,19094.714285714286,15236.144387755103,True
oak,vs,287,19102.23571428572,15511.334353741497,True
oak,vs,288,19392.675000000003,15511.334353741497,True
oak,vs,289,19394.778571428567,15714.592822128852,True
oak,vs,290,19765.478571428568,15714.592822128852,True
oak,vs,291,19768.642857142866,15731.247835497836,True
oak,vs,292,20053.635714285716,15731.247835497836,True
oak,vs,293,20061.728571428575,16026.319082125603,True
oak,vs,294,20540.241666666672,16026.319082125603,True
oak,vs,295,20540.80714285714,16233.734693877548,True
oak,vs,296,20589.971428571433,16233.734693877548,True
oak,vs,297,20597.014285714282,16697.23084886128,True
oak,vs,298,21042.24285714287,16697.23084886128,False
oak,vs,299,21047.32142857143,16710.84693877551,False
oak,vs,300,21129.099999999995,16710.84693877551,False
oak,vs,301,21143.20833333334,16929.254335465528,False
oak,vs,302,21860.48333333331,16929.254335465528,False
oak,vs,303,21876.57857142858,17092.5,False
oak,vs,304,21900.050000000014,17092.5,False
oak,vs,305,21908.191666666666,17504.910714285717,False
oak,vs,306,22117.100000000002,17504.910714285717,False
oak,vs,307,22118.81,17513.498214285715,False
oak,vs,308,22245.814285714285,17513.498214285715,False
oak,vs,309,22253.792857142864,17532.484415584415,False
oak,vs,310,22548.042857142864,17532.484415584415,False
oak,vs,311,22554.507142857143,17988.31535714286,False
oak,vs,312,22673.991666666683,17988.31535714286,False
oak,vs,313,22688.94000000001,17988.73154761905,False
oak,vs,314,22918.342857142852,17988.73154761905,False
oak,vs,315,22938.578571428578,18072.690833333334,False
oak,vs,316,23187.407142857148,18072.690833333334,False
oak,vs,317,23202.807142857142,18096.571428571428,False
oak,vs,318,23451.20714285716,18096.571428571428,False
oak,vs,319,23470.528571428575,18527.04476190476,False
oak,vs,320,24291.892857142862,18527.04476190476,False
oak,vs,321,24298.75000000001,18925.84126984127,False
oak,vs,322,24330.550000000007,18925.84126984127,False
oak,vs,323,24394.671428571426,19736.488293650793,False
oak,vs,324,25120.064285714292,19736.488293650793,False
oak,vs,325,25122.037500000002,20290.76904761905,False
oak,vs,326,25550.191666666662,20290.76904761905,False
oak,vs,327,25562.742857142846,20447.48469387755,False
oak,vs,328,26548.29285714286,20447.48469387755,False
oak,vs,329,26565.53571428571,20511.01360544218,False
oak,vs,330,26945.214285714294,20511.01360544218,False
oak,vs,331,27048.950000000004,21240.178571428572,False
oak,vs,332,27057.53571428572,21240.178571428572,False
oak,vs,333,27088.912499999995,22268.5251984127,False
oak,vs,334,27962.128571428562,22268.5251984127,False
oak,vs,335,27967.141666666677,23185.29365079365,False
oak,vs,336,28269.45,23185.29365079365,False
oak,vs,337,28535.185714285715,23249.675595238095,False
oak,vs,338,29082.433333333323,23249.675595238095,False
oak,vs,339,29133.910000000003,23690.685714285715,False
oak,vs,340,29168.06428571429,23690.685714285715,False
oak,vs,341,29276.14166666668,24056.18253968254,False
oak,vs,342,30140.74285714285,24056.18253968254,False
oak,vs,343,30405.899999999994,24348.091575091574,False
oak,vs,344,32281.300000000007,24348.091575091574,False
oak,vs,345,32488.724999999977,24433.166666666668,False
oak,vs,346,33159.22857142857,25621.049603174604,False
oak,vs,347,35828.3785714286,25621.049603174604,False
oak,vs,348,38448.01428571427,31859.571428571428,False
oak,vsrev,1,0.0,52.206959706959715,False
oak,vsrev,2,271.1928571428573,52.206959706959715,False
oak,vsrev,3,285.25000000000017,56.38095238095238,False
oak,vsrev,4,324.77857142857164,56.38095238095238,False
oak,vsrev,5,330.8000000000002,56.79365079365079,False
oak,vsrev,6,346.5416666666669,56.79365079365079,False
oak,vsrev,7,349.6285714285717,96.14285714285714,False
oak,vsrev,8,366.764285714286,99.71428571428572,False
oak,vsrev,9,420.04285714285743,99.71428571428572,False
oak,vsrev,10,437.2666666666671,160.13333333333333,False
oak,vsrev,11,497.50000000000034,160.13333333333333,False
oak,vsrev,12,505.43571428571465,161.42857142857142,False
oak,vsrev,13,509.364285714286,179.1928571428571,False
oak,vsrev,14,647.7785714285717,179.1928571428571,False
oak,vsrev,15,656.121428571429,200.0,False
oak,vsrev,16,674.0714285714288,211.85714285714286,False
oak,vsrev,17,695.2285714285719,257.0047619047619,False
oak,vsrev,18,798.0142857142863,257.0047619047619,False
oak,vsrev,19,801.3571428571432,297.6777777777778,False
oak,vsrev,20,873.7428571428576,297.6777777777778,False
oak,vsrev,21,878.1785714285719,321.42857142857144,False
oak,vsrev,22,880.4000000000004,321.42857142857144,False
oak,vsrev,23,891.6250000000003,485.5135135135135,False
oak,vsrev,24,1167.2000000000007,485.5135135135135,False
oak,vsrev,25,1168.8200000000008,517.5119047619048,False
oak,vsrev,26,1179.1625000000004,517.5119047619048,False
oak,vsrev,27,1180.2357142857147,531.9269841269842,False
oak,vsrev,28,1327.9928571428577,531.9269841269842,False
oak,vsrev,29,1333.8500000000008,563.0,False
oak,vsrev,30,1344.8428571428578,570.0750915750915,False
oak,vsrev,31,1480.8000000000006,570.0750915750915,False
oak,vsrev,32,1487.4857142857145,667.7721088435374,False
oak,vsrev,33,1590.4571428571435,667.7721088435374,False
oak,vsrev,34,1603.814285714286,769.9347826086955,False
oak,vsrev,35,1782.2928571428577,769.9347826086955,False
oak,vsrev,36,1789.2357142857156,799.4285714285714,False
oak,vsrev,37,1789.7571428571434,802.0357142857142,False
oak,vsrev,38,1827.3214285714294,802.0357142857142,False
oak,vsrev,39,1830.8571428571438,826.2857142857142,False
oak,vsrev,40,1844.0000000000007,826.2857142857142,False
oak,vsrev,41,1847.5500000000002,854.1666666666666,False
oak,vsrev,42,1856.114285714286,854.1666666666666,False
oak,vsrev,43,1858.5500000000009,935.7441927990709,False
oak,vsrev,44,2112.3000000000006,935.7441927990709,False
oak,vsrev,45,2121.3428571428576,983.7142857142857,False
oak,vsrev,46,2135.9285714285725,985.4761904761904,False
oak,vsrev,47,2213.264285714286,985.4761904761904,False
oak,vsrev,48,2232.121428571429,1065.017857142857,False
oak,vsrev,49,2256.771428571429,1065.017857142857,False
oak,vsrev,50,2261.425000000001,1162.5079365079366,False
oak,vsrev,51,2270.214285714286,1162.5079365079366,False
oak,vsrev,52,2276.808333333334,1234.631868131868,False
oak,vsrev,53,2363.420000000001,1234.631868131868,False
oak,vsrev,54,2367.350000000001,1264.448268398268,False
oak,vsrev,55,2621.3071428571434,1264.448268398268,False
oak,vsrev,56,2630.792857142858,1424.8365079365078,False
oak,vsrev,57,2764.2642857142855,1424.8365079365078,False
oak,vsrev,58,2765.2071428571435,1475.6309523809525,False
oak,vsrev,59,2812.0857142857153,1475.6309523809525,False
oak,vsrev,60,2823.792857142857,1507.352380952381,False
oak,vsrev,61,2860.921428571429,1507.352380952381,False
oak,vsrev,62,2863.5142857142864,1534.617857142857,False
oak,vsrev,63,2880.7000000000007,1534.617857142857,False
oak,vsrev,64,2884.0857142857153,1549.8620689655172,False
oak,vsrev,65,2993.864285714287,1549.8620689655172,False
oak,vsrev,66,3003.535714285716,1643.5714285714284,False
oak,vsrev,67,3022.9142857142865,1643.5714285714284,False
oak,vsrev,68,3023.878571428571,1680.3952380952383,False
oak,vsrev,69,3101.092857142857,1680.3952380952383,False
oak,vsrev,70,3101.2142857142862,1722.5044312169312,True
oak,vsrev,71,3364.4500000000007,1722.5044312169312,True
oak,vsrev,72,3369.0500000000006,1749.4642857142856,True
oak,vsrev,73,3378.4214285714293,1749.4642857142856,True
oak,vsrev,74,3379.5333333333347,1828.0,True
oak,vsrev,75,3391.8714285714295,1828.0,True
oak,vsrev,76,3392.0500000000015,1858.857142857143,True
oak,vsrev,77,3394.121428571428,1927.8197278911566,True
oak,vsrev,78,3504.742857142858,1927.8197278911566,True
oak,vsrev,79,3508.316666666668,1990.8412698412696,True
oak,vsrev,80,3511.3357142857158,1990.8412698412696,True
oak,vsrev,81,3515.164285714288,2000.0826330532213,True
oak,vsrev,82,3564.0857142857158,2000.0826330532213,True
oak,vsrev,83,3569.4583333333344,2133.1533509700175,True
oak,vsrev,84,3676.550000000001,2133.1533509700175,True
oak,vsrev,85,3677.2928571428574,2259.069074986316,True
oak,vsrev,86,3972.078571428573,2259.069074986316,True
oak,vsrev,87,3973.642857142858,2494.5238095238096,True
oak,vsrev,88,4117.985714285715,2494.5238095238096,True
oak,vsrev,89,4118.957142857144,2495.857142857143,True
oak,vsrev,90,4120.1785714285725,2495.857142857143,True
oak,vsrev,91,4121.957142857144,2497.8218487394956,True
oak,vsrev,92,4169.857142857144,2497.8218487394956,True
oak,vsrev,93,4171.378571428571,2520.0,True
oak,vsrev,94,4172.707142857144,2520.0,True
oak,vsrev,95,4174.970000000003,2629.892857142857,True
oak,vsrev,96,4181.607142857143,2629.892857142857,True
oak,vsrev,97,4181.978571428573,2664.5182194616978,True
oak,vsrev,98,4264.700000000003,2664.5182194616978,True
oak,vsrev,99,4269.328571428573,2702.315079365079,True
oak,vsrev,100,4354.900000000001,2702.315079365079,True
oak,vsrev,101,4363.760000000003,2748.361849390919,True
oak,vsrev,102,4660.442857142857,2748.361849390919,True
oak,vsrev,103,4662.121428571429,2891.191428571429,True
oak,vsrev,104,4735.1,2891.191428571429,True
oak,vsrev,105,4745.633333333334,2994.584564860427,True
oak,vsrev,106,4824.392857142858,2994.584564860427,True
oak,vsrev,107,4824.914285714286,3063.7293394777266,True
oak,vsrev,108,4910.464285714287,3063.7293394777266,True
oak,vsrev,109,4911.7571428571455,3150.1606826801517,True
oak,vsrev,110,5240.992857142858,3150.1606826801517,True
oak,vsrev,111,5243.19285714286,3179.099462365591,True
oak,vsrev,112,5317.042857142857,3179.099462365591,True
oak,vsrev,113,5319.328571428574,3226.426406926407,True
oak,vsrev,114,5349.842857142859,3226.426406926407,True
oak,vsrev,115,5352.1125,3352.2096726190475,True
oak,vsrev,116,5409.5999999999985,3352.2096726190475,True
oak,vsrev,117,5409.908333333334,3466.235531135531,True
oak,vsrev,118,5463.235714285716,3466.235531135531,True
oak,vsrev,119,5464.975000000001,3574.153361344538,True
oak,vsrev,120,5538.764285714286,3574.153361344538,True
oak,vsrev,121,5539.221428571431,3616.2996031746034,True
oak,vsrev,122,5612.1083333333345,3616.2996031746034,True
oak,vsrev,123,5616.742857142858,3632.6179894179895,True
oak,vsrev,124,5624.937499999999,3632.6179894179895,True
oak,vsrev,125,5633.741666666668,3695.6547619047624,True
oak,vsrev,126,5635.400000000001,3695.6547619047624,True
oak,vsrev,127,5635.721428571429,3788.378218694885,True
oak,vsrev,128,5724.500000000001,3788.378218694885,True
oak,vsrev,129,5729.942857142857,3830.653976435935,True
oak,vsrev,130,5971.564285714288,3830.653976435935,True
oak,vsrev,131,5972.557142857143,3931.1688914910224,True
oak,vsrev,132,6088.307142857144,3931.1688914910224,True
oak,vsrev,133,6088.907142857145,3969.297619047619,True
oak,vsrev,134,6103.416666666665,3969.297619047619,True
oak,vsrev,135,6105.421428571428,4033.5421245421244,True
oak,vsrev,136,6154.235714285715,4033.5421245421244,True
oak,vsrev,137,6158.200000000003,4088.87552213868,True
oak,vsrev,138,6317.642857142858,4088.87552213868,True
oak,vsrev,139,6320.342857142858,4098.777954144621,True
oak,vsrev,140,6360.735714285715,4098.777954144621,True
oak,vsrev,141,6362.792857142863,4222.571428571428,True
oak,vsrev,142,6364.7285714285745,4222.571428571428,True
oak,vsrev,143,6365.7000000000035,4246.857142857143,True
oak,vsrev,144,6367.8928571428605,4246.857142857143,True
oak,vsrev,145,6370.033333333337,4260.5781512605045,True
oak,vsrev,146,6479.121428571431,4260.5781512605045,True
oak,vsrev,147,6482.8357142857185,4289.0328743545615,True
oak,vsrev,148,6673.664285714288,4289.0328743545615,True
oak,vsrev,149,6676.116666666668,4512.5058046576305,True
oak,vsrev,150,6951.435714285716,4512.5058046576305,True
oak,vsrev,151,6954.933333333333,4605.642952380952,True
oak,vsrev,152,7002.250000000002,4605.642952380952,True
oak,vsrev,153,7006.407142857147,4678.0,True
oak,vsrev,154,7009.050000000004,4678.0,True
oak,vsrev,155,7009.340000000006,4747.680780559645,True
oak,vsrev,156,7204.714285714288,4747.680780559645,True
oak,vsrev,157,7206.7071428571435,4796.87901234568,True
oak,vsrev,158,7252.3142857142875,4796.87901234568,True
oak,vsrev,159,7252.957142857142,5154.682178217821,True
oak,vsrev,160,7440.057142857142,5154.682178217821,True
oak,vsrev,161,7442.850000000003,5203.489468864469,True
oak,vsrev,162,7613.030000000002,5203.489468864469,True
oak,vsrev,163,7613.200000000002,5250.5122586872585,True
oak,vsrev,164,7736.1714285714315,5250.5122586872585,True
oak,vsrev,165,7738.042857142858,5289.906761904762,True
oak,vsrev,166,7837.314285714286,5289.906761904762,True
oak,vsrev,167,7837.8714285714295,5700.259725585151,True
oak,vsrev,168,7943.0714285714275,5700.259725585151,True
oak,vsrev,169,7950.1857142857125,5731.944212454213,True
oak,vsrev,170,8172.692857142857,5731.944212454213,True
oak,vsrev,171,8174.100000000001,5764.666666666667,True
oak,vsrev,172,8176.292857142859,5764.666666666667,True
oak,vsrev,173,8179.150000000001,5800.661904761905,True
oak,vsrev,174,8183.2857142857165,5800.661904761905,True
oak,vsrev,175,8183.433333333335,5880.980654761905,True
oak,vsrev,176,8200.971428571433,5880.980654761905,True
oak,vsrev,177,8203.571428571431,5969.587301587301,True
oak,vsrev,178,8213.664285714287,5969.587301587301,True
oak,vsrev,179,8219.521428571428,6008.863468013468,True
oak,vsrev,180,8368.185714285717,6008.863468013468,True
oak,vsrev,181,8368.658333333335,6035.335386904762,True
oak,vsrev,182,8501.071428571433,6035.335386904762,True
oak,vsrev,183,8501.32142857143,6128.761351052048,True
oak,vsrev,184,8620.81428571429,6128.761351052048,True
oak,vsrev,185,8620.835714285715,6166.843749999999,True
oak,vsrev,186,8688.67857142857,6166.843749999999,True
oak,vsrev,187,8690.514285714287,6177.18828125,True
oak,vsrev,188,8795.864285714286,6177.18828125,True
oak,vsrev,189,8797.392857142859,6220.380952380951,True
oak,vsrev,190,8824.542857142858,6220.380952380951,True
oak,vsrev,191,8828.52142857143,6238.0,True
oak,vsrev,192,8829.885714285718,6238.0,True
oak,vsrev,193,8830.314285714285,6269.658333333333,True
oak,vsrev,194,8923.828571428574,6269.658333333333,True
oak,vsrev,195,8925.26428571429,6471.946248196248,True
oak,vsrev,196,9016.364285714286,6471.946248196248,True
oak,vsrev,197,9017.292857142858,6489.428571428572,True
oak,vsrev,198,9022.492857142857,6534.482456140352,True
oak,vsrev,199,9053.357142857143,6534.482456140352,True
oak,vsrev,200,9055.180000000002,6612.071428571428,True
oak,vsrev,201,9055.585714285717,6612.071428571428,True
oak,vsrev,202,9055.92857142857,6613.326530612244,True
oak,vsrev,203,9062.178571428574,6613.326530612244,True
oak,vsrev,204,9064.414285714289,6701.342955717317,True
oak,vsrev,205,9546.435714285713,6701.342955717317,True
oak,vsrev,206,9549.000000000002,7013.568513957308,True
oak,vsrev,207,9633.65,7013.568513957308,True
oak,vsrev,208,9634.67142857143,7243.574810858923,True
oak,vsrev,209,9957.10714285714,7243.574810858923,True
oak,vsrev,210,9958.007142857148,7377.142857142857,True
oak,vsrev,211,9959.942857142858,7448.571825396823,True
oak,vsrev,212,10047.999999999998,7448.571825396823,True
oak,vsrev,213,10048.657142857139,7495.011845238095,True
oak,vsrev,214,10104.016666666665,7495.011845238095,True
oak,vsrev,215,10106.114285714293,7500.311428571428,True
oak,vsrev,216,10139.375000000002,7500.311428571428,True
oak,vsrev,217,10141.508333333339,7567.493417366946,True
oak,vsrev,218,10176.214285714286,7567.493417366946,True
oak,vsrev,219,10177.178571428576,7613.9786309523815,True
oak,vsrev,220,10243.428571428574,7613.9786309523815,True
oak,vsrev,221,10243.907142857144,7743.41786870088,True
oak,vsrev,222,10384.392857142857,7743.41786870088,True
oak,vsrev,223,10387.712499999998,7833.25,True
oak,vsrev,224,10387.928571428576,7833.25,True
oak,vsrev,225,10387.950000000003,7843.050085034015,True
oak,vsrev,226,10464.312500000007,7843.050085034015,True
oak,vsrev,227,10466.275,7871.371260008428,True
oak,vsrev,228,10602.350000000004,7871.371260008428,True
oak,vsrev,229,10603.485714285716,8015.343134290753,True
oak,vsrev,230,10872.271428571432,8015.343134290753,True
oak,vsrev,231,10877.28571428572,8098.919696969697,True
oak,vsrev,232,10897.785714285721,8098.919696969697,True
oak,vsrev,233,10898.32142857143,8146.057142857144,True
oak,vsrev,234,10917.464285714286,8146.057142857144,True
oak,vsrev,235,10918.057142857142,8175.290901360545,True
oak,vsrev,236,11013.250000000005,8175.290901360545,True
oak,vsrev,237,11013.38571428572,8331.721686303392,True
oak,vsrev,238,11260.414285714285,8331.721686303392,True
oak,vsrev,239,11266.000000000002,8368.973687423686,True
oak,vsrev,240,11320.012500000003,8368.973687423686,True
oak,vsrev,241,11320.364285714288,8399.441438703137,True
oak,vsrev,242,11447.380000000001,8399.441438703137,True
oak,vsrev,243,11447.385714285718,8598.142857142857,True
oak,vsrev,244,11452.057142857146,8631.786004645763,True
oak,vsrev,245,11552.949999999999,8631.786004645763,True
oak,vsrev,246,11553.071428571435,8702.654761904761,True
oak,vsrev,247,11553.875000000005,8702.654761904761,True
oak,vsrev,248,11553.921428571428,8788.189091915836,True
oak,vsrev,249,11616.314285714287,8788.189091915836,True
oak,vsrev,250,11618.585714285724,8868.547303921567,True
oak,vsrev,251,11842.27142857143,8868.547303921567,True
oak,vsrev,252,11842.607142857143,9087.84026610644,True
oak,vsrev,253,11923.564285714287,9087.84026610644,True
oak,vsrev,254,11923.841666666667,9145.559920634922,True
oak,vsrev,255,12150.08333333333,9145.559920634922,True
oak,vsrev,256,12152.021428571434,9149.0,True
oak,vsrev,257,12153.21428571428,9149.0,True
oak,vsrev,258,12153.61428571429,9193.66137955182,True
oak,vsrev,259,12255.549999999997,9193.66137955182,True
oak,vsrev,260,12257.185714285719,9287.142857142857,True
oak,vsrev,261,12258.53571428571,9298.04529761905,True
oak,vsrev,262,12395.300000000003,9298.04529761905,True
oak,vsrev,263,12396.785714285716,9483.390890269151,True
oak,vsrev,264,12431.757142857145,9483.390890269151,True
oak,vsrev,265,12433.199999999999,9554.057142857142,True
oak,vsrev,266,12439.042857142858,9554.057142857142,True
oak,vsrev,267,12440.560000000001,9683.240297171498,True
oak,vsrev,268,12660.875000000004,9683.240297171498,True
oak,vsrev,269,12664.321428571437,9687.52380952381,True
oak,vsrev,270,12668.499999999996,9687.52380952381,True
oak,vsrev,271,12672.278571428573,9717.654285714287,True
oak,vsrev,272,12711.942857142858,9717.654285714287,True
oak,vsrev,273,12712.5125,9720.072413793103,True
oak,vsrev,274,12763.208333333334,9720.072413793103,True
oak,vsrev,275,12766.142857142857,9800.768788819876,True
oak,vsrev,276,12834.32857142857,9800.768788819876,True
oak,vsrev,277,12835.358333333332,10153.508579881658,True
oak,vsrev,278,13141.178571428582,10153.508579881658,True
oak,vsrev,279,13141.350000000004,10394.953279785812,True
oak,vsrev,280,13566.264285714284,10394.953279785812,True
oak,vsrev,281,13569.421428571432,10508.645180023232,True
oak,vsrev,282,13740.999999999995,10508.645180023232,True
oak,vsrev,283,13752.592857142856,10656.94018583043,True
oak,vsrev,284,13809.585714285718,10656.94018583043,True
oak,vsrev,285,13809.69285714286,10877.940852130325,True
oak,vsrev,286,13839.300000000001,10877.940852130325,True
oak,vsrev,287,13841.500000000005,10911.873691215616,True
oak,vsrev,288,14143.450000000003,10911.873691215616,True
oak,vsrev,289,14143.950000000003,11025.459775641024,True
oak,vsrev,290,14317.350000000002,11025.459775641024,True
oak,vsrev,291,14319.60714285714,11290.535252672498,True
oak,vsrev,292,14509.557142857151,11290.535252672498,True
oak,vsrev,293,14509.814285714285,11345.357142857141,True
oak,vsrev,294,14511.378571428568,11345.357142857141,True
oak,vsrev,295,14512.078571428568,11462.911446886446,True
oak,vsrev,296,14566.01428571429,11462.911446886446,True
oak,vsrev,297,14569.021428571426,11606.778373015872,True
oak,vsrev,298,14754.507142857148,11606.778373015872,True
oak,vsrev,299,14756.56428571429,11638.57142857143,True
oak,vsrev,300,14756.916666666662,11668.49816849817,True
oak,vsrev,301,14790.42857142857,11668.49816849817,True
oak,vsrev,302,14792.400000000007,11904.052721088436,True
oak,vsrev,303,14809.800000000001,11904.052721088436,True
oak,vsrev,304,14811.46428571429,11931.69132653061,True
oak,vsrev,305,14870.23,11931.69132653061,True
oak,vsrev,306,14872.36428571429,12036.093890386344,True
oak,vsrev,307,14982.514285714293,12036.093890386344,True
oak,vsrev,308,14983.46428571428,12052.889589850538,True
oak,vsrev,309,15297.028571428573,12052.889589850538,True
oak,vsrev,310,15297.442857142853,12111.47619047619,True
oak,vsrev,311,15318.392857142864,12111.47619047619,True
oak,vsrev,312,15319.06428571429,12330.499999999998,True
oak,vsrev,313,15328.750000000005,12330.499999999998,True
oak,vsrev,314,15329.028571428575,12419.732363315696,True
oak,vsrev,315,15550.835714285724,12419.732363315696,True
oak,vsrev,316,15551.085714285713,12673.760529429164,True
oak,vsrev,317,15970.392857142859,12673.760529429164,True
oak,vsrev,318,15973.178571428574,12829.279503105588,True
oak,vsrev,319,16005.98571428572,12829.279503105588,True
oak,vsrev,320,16013.692857142858,12862.050264550264,True
oak,vsrev,321,16036.766666666665,12862.050264550264,True
oak,vsrev,322,16039.450000000006,12964.389139941692,True
oak,vsrev,323,16351.307142857146,12964.389139941692,True
oak,vsrev,324,16354.583333333345,12980.443697478991,True
oak,vsrev,325,16489.207142857147,12980.443697478991,True
oak,vsrev,326,16489.34285714285,13150.108843537413,True
oak,vsrev,327,16510.683333333338,13150.108843537413,True
oak,vsrev,328,16511.742857142854,13271.863019891498,True
oak,vsrev,329,16773.385714285716,13271.863019891498,True
oak,vsrev,330,16777.757142857143,13277.185185185186,True
oak,vsrev,331,16805.307142857146,13277.185185185186,True
oak,vsrev,332,16810.207142857158,13555.43324514991,True
oak,vsrev,333,16913.8125,13555.43324514991,True
oak,vsrev,334,16916.714285714286,13671.088855116514,True
oak,vsrev,335,17226.628571428566,13671.088855116514,True
oak,vsrev,336,17228.385714285716,13755.42857142857,True
oak,vsrev,337,17230.708333333343,14023.74836309524,True
oak,vsrev,338,17285.09285714286,14023.74836309524,True
oak,vsrev,339,17285.63571428572,14026.982600732603,True
oak,vsrev,340,17550.035714285706,14026.982600732603,True
oak,vsrev,341,17550.35,14032.299999999997,True
oak,vsrev,342,17569.87142857143,14032.299999999997,True
oak,vsrev,343,17574.158333333344,14086.6,True
oak,vsrev,344,17615.15000000001,14086.6,True
oak,vsrev,345,17615.157142857144,14275.62257326007,True
oak,vsrev,346,17806.400000000005,14275.62257326007,True
oak,vsrev,347,17807.68571428572,14503.361204481793,True
oak,vsrev,348,17919.875,14503.361204481793,True
oak,vsrev,349,17924.721428571425,14848.140634920635,True
oak,vsrev,350,17986.607142857134,14848.140634920635,True
oak,vsrev,351,17987.464285714286,15035.92579801151,True
oak,vsrev,352,18474.478571428575,15035.92579801151,True
oak,vsrev,353,18475.89166666666,15164.181366459627,True
oak,vsrev,354,18556.614285714288,15164.181366459627,True
oak,vsrev,355,18556.85714285714,15205.464383897888,True
oak,vsrev,356,19001.22142857144,15205.464383897888,True
oak,vsrev,357,19005.2,15722.917176870747,True
oak,vsrev,358,19094.714285714286,15722.917176870747,True
oak,vsrev,359,19102.23571428572,15902.331972789118,True
oak,vsrev,360,19279.579999999994,15902.331972789118,True
oak,vsrev,361,19287.435714285722,16196.088739495799,True
oak,vsrev,362,19743.528571428575,16196.088739495799,True
oak,vsrev,363,19751.87142857143,16448.73527336861,True
oak,vsrev,364,19887.864285714277,16448.73527336861,True
oak,vsrev,365,19889.95,16561.636363636364,True
oak,vsrev,366,20061.728571428575,16561.636363636364,True
oak,vsrev,367,20080.109999999993,16614.949579831937,True
oak,vsrev,368,20186.03571428572,16614.949579831937,True
oak,vsrev,369,20207.2,16651.714285714286,True
oak,vsrev,370,20237.435714285722,16758.43126984127,True
oak,vsrev,371,20293.821428571428,16758.43126984127,True
oak,vsrev,372,20295.471428571436,16769.786904761906,True
oak,vsrev,373,20458.728571428568,16769.786904761906,True
oak,vsrev,374,20464.342857142845,16904.81501831502,True
oak,vsrev,375,20540.241666666672,16904.81501831502,True
oak,vsrev,376,20540.80714285714,17006.257142857143,True
oak,vsrev,377,20585.507142857157,17006.257142857143,True
oak,vsrev,378,20585.74285714285,17555.467261904763,True
oak,vsrev,379,20717.985714285714,17555.467261904763,False
oak,vsrev,380,20728.44000000001,17857.411904761906,False
oak,vsrev,381,20762.929999999993,17857.411904761906,False
oak,vsrev,382,20764.971428571433,17924.566102756893,False
oak,vsrev,383,21824.63333333334,17924.566102756893,False
oak,vsrev,384,21860.48333333331,18269.333333333332,False
oak,vsrev,385,21876.57857142858,18451.571428571428,False
oak,vsrev,386,21884.51428571429,18543.35770975057,False
oak,vsrev,387,22410.90000000002,18543.35770975057,False
oak,vsrev,388,22412.207142857154,19135.62866666667,False
oak,vsrev,389,22632.921428571437,19135.62866666667,False
oak,vsrev,390,22638.75833333335,19190.396560846562,False
oak,vsrev,391,22827.607142857138,19190.396560846562,False
oak,vsrev,392,22854.01428571429,19808.093650793653,False
oak,vsrev,393,23432.264285714286,19808.093650793653,False
oak,vsrev,394,23451.20714285716,20424.357142857145,False
oak,vsrev,395,23470.528571428575,20424.357142857145,False
oak,vsrev,396,23513.514285714275,20467.12142857143,False
oak,vsrev,397,23659.21000000001,20467.12142857143,False
oak,vsrev,398,23690.16428571429,20488.742038690474,False
oak,vsrev,399,24298.75000000001,20488.742038690474,False
oak,vsrev,400,24321.707142857136,21351.26711309524,False
oak,vsrev,401,24684.028571428575,21351.26711309524,False
oak,vsrev,402,24732.414285714283,21490.620408163264,False
oak,vsrev,403,24834.53571428571,21490.620408163264,False
oak,vsrev,404,24837.114285714288,21617.31160714286,False
oak,vsrev,405,25122.037500000002,21617.31160714286,False
oak,vsrev,406,25124.95,22639.75,False
oak,vsrev,407,25173.160000000018,22639.75,False
oak,vsrev,408,25193.464285714283,22948.90476190476,False
oak,vsrev,409,25550.191666666662,22948.90476190476,False
oak,vsrev,410,25562.742857142846,23185.900903119866,False
oak,vsrev,411,26565.53571428571,23185.900903119866,False
oak,vsrev,412,26664.0642857143,23425.31746031746,False
oak,vsrev,413,26945.214285714294,23425.31746031746,False
oak,vsrev,414,27048.950000000004,24559.815476190473,False
oak,vsrev,415,27519.57142857144,24559.815476190473,False
oak,vsrev,416,27533.17142857143,25027.13386243386,False
oak,vsrev,417,27967.141666666677,25027.13386243386,False
oak,vsrev,418,28220.850000000006,25305.714285714286,False
oak,vsrev,419,28269.45,25305.714285714286,False
oak,vsrev,420,28535.185714285715,25484.428571428572,False
oak,vsrev,421,28686.485714285718,25484.428571428572,False
oak,vsrev,422,28782.442857142858,25485.0,False
oak,vsrev,423,29011.428571428587,25485.0,False
oak,vsrev,424,29082.433333333323,26644.333333333332,False
oak,vsrev,425,29133.910000000003,27282.441774891773,False
oak,vsrev,426,30600.616666666683,27282.441774891773,False
oak,vsrev,427,30822.514285714304,29049.79696969697,False
oak,vsrev,428,32281.300000000007,29049.79696969697,False
oak,vsrev,429,32488.724999999977,30229.833333333332,False
oak,vsrev,430,33159.22857142857,32659.741071428572,False
oak,vsrev,431,34624.47857142859,32659.741071428572,False
oak,vsrev,432,35642.25714285715,34711.07142857143,False
oak,vsrev,433,35828.3785714286,34711.07142857143,False
oak,vsrev,434,38448.01428571427,35803.0,False
scrf,acti,1,5.571428571428571,1561.5767195767196,False
scrf,acti,2,30.0,1561.5767195767196,False
scrf,acti,3,32.142857142857146,2580.1349206349205,False
scrf,acti,4,64.0,2580.1349206349205,False
scrf,acti,5,65.28571428571429,2643.1003401360545,False
scrf,acti,6,121.71428571428571,2643.1003401360545,False
scrf,acti,7,134.14285714285714,2798.642857142857,False
scrf,acti,8,140.42857142857142,2798.642857142857,False
scrf,acti,9,142.0,2921.331818181818,False
scrf,acti,10,195.14285714285714,2921.331818181818,False
scrf,acti,11,198.85714285714286,3863.407509157509,False
scrf,acti,12,346.57142857142856,3863.407509157509,False
scrf,acti,13,352.14285714285717,4031.7142857142853,False
scrf,acti,14,372.6666666666667,4031.7142857142853,False
scrf,acti,15,373.7142857142857,4141.722732426303,False
scrf,acti,16,620.7142857142857,4141.722732426303,False
scrf,acti,17,634.8571428571429,4209.375850340136,False
scrf,acti,18,678.8571428571429,4209.375850340136,False
scrf,acti,19,691.7142857142857,4418.785714285714,False
scrf,acti,20,695.1428571428571,4418.785714285714,False
scrf,acti,21,695.5,4452.833333333333,False
scrf,acti,22,704.6666666666666,4454.879894179894,False
scrf,acti,23,847.2857142857143,4454.879894179894,False
scrf,acti,24,853.1428571428571,4579.531746031745,False
scrf,acti,25,1019.8571428571429,4579.531746031745,False
scrf,acti,26,1025.5714285714287,4642.944761904761,False
scrf,acti,27,1112.4285714285713,4642.944761904761,False
scrf,acti,28,1116.7142857142858,4950.322794691648,False
scrf,acti,29,1434.2857142857142,4950.322794691648,False
scrf,acti,30,1453.5714285714287,5127.454219409282,False
scrf,acti,31,1856.5,5127.454219409282,False
scrf,acti,32,1862.2857142857142,5477.345238095238,False
scrf,acti,33,1973.0,5477.345238095238,False
scrf,acti,34,1976.7142857142858,5519.667124542126,False
scrf,acti,35,2241.5714285714284,5519.667124542126,True
scrf,acti,36,2243.285714285714,5629.665120593692,True
scrf,acti,37,2590.0,5629.665120593692,True
scrf,acti,38,2592.8571428571427,5836.402255639097,True
scrf,acti,39,2676.0,5836.402255639097,True
scrf,acti,40,2684.1428571428573,6022.215773809524,True
scrf,acti,41,2816.5714285714284,6022.215773809524,True
scrf,acti,42,2818.285714285714,6025.272166331321,True
scrf,acti,43,3038.285714285714,6025.272166331321,True
scrf,acti,44,3040.285714285714,6208.5142857142855,True
scrf,acti,45,3055.285714285714,6208.5142857142855,True
scrf,acti,46,3060.0,6435.067619047621,True
scrf,acti,47,3232.1666666666665,6435.067619047621,True
scrf,acti,48,3239.8571428571427,6548.4375,True
scrf,acti,49,3288.3333333333335,6548.4375,True
scrf,acti,50,3295.0,6582.551253132833,True
scrf,acti,51,3766.0,6582.551253132833,True
scrf,acti,52,3768.285714285714,6681.571428571428,True
scrf,acti,53,3771.8571428571427,6681.571428571428,True
scrf,acti,54,3777.8333333333335,6700.666666666667,True
scrf,acti,55,3778.8571428571427,6991.135362997657,True
scrf,acti,56,3979.5,6991.135362997657,True
scrf,acti,57,3981.5714285714284,7244.718942961799,True
scrf,acti,58,4275.0,7244.718942961799,True
scrf,acti,59,4277.0,7311.325595238094,True
scrf,acti,60,4449.285714285715,7311.325595238094,True
scrf,acti,61,4455.0,7400.3888487040385,True
scrf,acti,62,4687.0,7400.3888487040385,True
scrf,acti,63,4691.428571428572,7456.827678571429,True
scrf,acti,64,4804.428571428572,7456.827678571429,True
scrf,acti,65,4804.5,7697.753525641023,True
scrf,acti,66,5257.714285714285,7697.753525641023,True
scrf,acti,67,5258.428571428572,7703.610134310134,True
scrf,acti,68,5338.714285714285,7703.610134310134,True
scrf,acti,69,5339.571428571428,7897.531203007519,True
scrf,acti,70,5464.571428571428,7897.531203007519,True
scrf,acti,71,5472.5,7902.00634920635,True
scrf,acti,72,5530.0,7902.00634920635,True
scrf,acti,73,5532.666666666667,8055.042610837439,True
scrf,acti,74,5672.714285714285,8055.042610837439,True
scrf,acti,75,5673.571428571428,8077.666666666667,True
scrf,acti,76,5680.142857142857,8077.666666666667,True
scrf,acti,77,5680.285714285715,8190.8125939849615,True
scrf,acti,78,5848.571428571428,8190.8125939849615,True
scrf,acti,79,5849.0,8531.882767857142,True
scrf,acti,80,6028.4,8531.882767857142,True
scrf,acti,81,6030.571428571428,8633.325892857143,True
scrf,acti,82,6087.857142857143,8633.325892857143,True
scrf,acti,83,6089.142857142857,8634.570458553791,True
scrf,acti,84,6173.0,8634.570458553791,True
scrf,acti,85,6176.857142857143,8718.509999999998,True
scrf,acti,86,6187.428571428572,8718.509999999998,True
scrf,acti,87,6187.571428571428,8779.234333070242,True
scrf,acti,88,6533.5,8779.234333070242,True
scrf,acti,89,6536.0,8965.280331262938,True
scrf,acti,90,6579.0,8965.280331262938,True
scrf,acti,91,6580.571428571428,8970.71568844592,True
scrf,acti,92,6841.8,8970.71568844592,True
scrf,acti,93,6843.428571428572,9105.353193960513,True
scrf,acti,94,7079.714285714285,9105.353193960513,True
scrf,acti,95,7081.0,9219.905714285715,True
scrf,acti,96,7223.25,9219.905714285715,True
scrf,acti,97,7223.857142857143,9540.174633123692,True
scrf,acti,98,7497.5,9540.174633123692,True
scrf,acti,99,7500.285714285715,9589.097350230419,True
scrf,acti,100,7615.714285714285,9589.097350230419,True
scrf,acti,101,7616.571428571428,9643.102287214098,True
scrf,acti,102,7832.428571428572,9643.102287214098,True
scrf,acti,103,7832.714285714285,9806.532288037168,True
scrf,acti,104,7966.2,9806.532288037168,True
scrf,acti,105,7966.571428571428,9914.514517195767,True
scrf,acti,106,8223.25,9914.514517195767,True
scrf,acti,107,8223.285714285714,10102.513265306121,True
scrf,acti,108,8234.0,10102.513265306121,True
scrf,acti,109,8234.714285714286,10170.595238095239,True
scrf,acti,110,8236.333333333334,10170.595238095239,True
scrf,acti,111,8237.0,10226.53627308066,True
scrf,acti,112,8568.2,10226.53627308066,True
scrf,acti,113,8569.0,10269.24741423451,True
scrf,acti,114,8893.0,10269.24741423451,True
scrf,acti,115,8898.285714285714,10518.83597883598,True
scrf,acti,116,8946.57142857143,10518.83597883598,True
scrf,acti,117,8947.285714285714,10527.484436701512,True
scrf,acti,118,9014.285714285714,10527.484436701512,True
scrf,acti,119,9018.142857142857,10533.760073260075,True
scrf,acti,120,9057.666666666666,10533.760073260075,True
scrf,acti,121,9058.0,10592.515584415583,True
scrf,acti,122,9084.714285714286,10592.515584415583,True
scrf,acti,123,9085.857142857143,10662.943139097746,True
scrf,acti,124,9425.57142857143,10662.943139097746,True
scrf,acti,125,9427.285714285714,10689.926190476192,True
scrf,acti,126,9443.5,10689.926190476192,True
scrf,acti,127,9444.285714285714,10756.048988095235,True
scrf,acti,128,9490.714285714286,10756.048988095235,True
scrf,acti,129,9491.285714285714,10831.588095238094,True
scrf,acti,130,9507.285714285714,10831.588095238094,True
scrf,acti,131,9511.42857142857,10882.419047619049,True
scrf,acti,132,9525.857142857143,10882.419047619049,True
scrf,acti,133,9528.166666666666,11028.718062397376,True
scrf,acti,134,9571.333333333334,11028.718062397376,True
scrf,acti,135,9574.5,11173.989359099804,True
scrf,acti,136,10023.5,11173.989359099804,True
scrf,acti,137,10023.857142857143,11355.742857142857,True
scrf,acti,138,10024.57142857143,11355.742857142857,True
scrf,acti,139,10026.0,11366.797817460318,True
scrf,acti,140,10100.0,11366.797817460318,True
scrf,acti,141,10100.714285714286,11518.032345601994,True
scrf,acti,142,10459.714285714286,11518.032345601994,True
scrf,acti,143,10463.42857142857,11646.597619047621,True
scrf,acti,144,10499.75,11646.597619047621,True
scrf,acti,145,10501.42857142857,11957.437448979594,True
scrf,acti,146,10613.285714285714,11957.437448979594,True
scrf,acti,147,10614.0,11989.195519864756,True
scrf,acti,148,11152.0,11989.195519864756,True
scrf,acti,149,11153.285714285714,12165.635505430244,True
scrf,acti,150,11496.25,12165.635505430244,True
scrf,acti,151,11498.42857142857,12269.843339768338,True
scrf,acti,152,11619.57142857143,12269.843339768338,True
scrf,acti,153,11620.57142857143,12298.002380952381,True
scrf,acti,154,11657.42857142857,12298.002380952381,True
scrf,acti,155,11658.42857142857,12482.735325558795,True
scrf,acti,156,11812.57142857143,12482.735325558795,True
scrf,acti,157,11816.0,12745.563276069923,True
scrf,acti,158,12082.714285714286,12745.563276069923,True
scrf,acti,159,12084.57142857143,12894.331263736263,True
scrf,acti,160,12307.285714285714,12894.331263736263,True
scrf,acti,161,12308.285714285714,13131.000128700132,True
scrf,acti,162,12422.42857142857,13131.000128700132,True
scrf,acti,163,12424.42857142857,13143.06182795699,True
scrf,acti,164,12477.142857142857,13143.06182795699,True
scrf,acti,165,12478.857142857143,13181.06901522514,True
scrf,acti,166,13026.57142857143,13181.06901522514,True
scrf,acti,167,13027.142857142857,13316.033095238095,True
scrf,acti,168,13121.285714285714,13316.033095238095,True
scrf,acti,169,13121.714285714286,13438.761016949153,True
scrf,acti,170,13209.714285714286,13438.761016949153,True
scrf,acti,171,13211.42857142857,13620.894217687073,True
scrf,acti,172,13723.57142857143,13620.894217687073,True
scrf,acti,173,13726.166666666666,13797.561224489797,True
scrf,acti,174,13740.857142857143,13797.561224489797,True
scrf,acti,175,13742.285714285714,13982.057520786093,True
scrf,acti,176,13874.666666666666,13982.057520786093,True
scrf,acti,177,13875.857142857143,14018.711172161169,True
scrf,acti,178,14029.8,14018.711172161169,True
scrf,acti,179,14036.0,14081.053209109728,True
scrf,acti,180,14147.714285714286,14081.053209109728,True
scrf,acti,181,14148.285714285714,14109.302308802307,True
scrf,acti,182,14218.42857142857,14109.302308802307,True
scrf,acti,183,14220.57142857143,14164.958031946959,True
scrf,acti,184,14568.42857142857,14164.958031946959,True
scrf,acti,185,14570.5,14169.666666666666,True
scrf,acti,186,14570.857142857143,14372.768266369047,True
scrf,acti,187,14699.285714285714,14372.768266369047,True
scrf,acti,188,14701.57142857143,14501.74224489796,True
scrf,acti,189,14791.0,14501.74224489796,True
scrf,acti,190,14795.42857142857,14673.199404761905,True
scrf,acti,191,14811.833333333334,14673.199404761905,True
scrf,acti,192,14814.42857142857,14760.687517006801,True
scrf,acti,193,14966.333333333334,14760.687517006801,True
scrf,acti,194,14966.57142857143,14836.2395021645,True
scrf,acti,195,15070.0,14836.2395021645,True
scrf,acti,196,15073.142857142857,14852.141731016734,True
scrf,acti,197,15249.57142857143,14852.141731016734,True
scrf,acti,198,15252.42857142857,14860.414035087719,True
scrf,acti,199,15404.0,14860.414035087719,True
scrf,acti,200,15404.714285714286,15222.066555924697,True
scrf,acti,201,15650.0,15222.066555924697,True
scrf,acti,202,15652.857142857143,15312.584725965859,True
scrf,acti,203,15786.42857142857,15312.584725965859,True
scrf,acti,204,15789.857142857143,15356.037953091682,True
scrf,acti,205,15990.42857142857,15356.037953091682,True
scrf,acti,206,15997.857142857143,15561.547619047618,True
scrf,acti,207,16181.42857142857,15561.547619047618,True
scrf,acti,208,16190.714285714286,15567.474668227947,True
scrf,acti,209,16606.428571428572,15567.474668227947,True
scrf,acti,210,16607.85714285714,15711.664285714283,True
scrf,acti,211,16643.0,15711.664285714283,True
scrf,acti,212,16644.0,15921.728366174057,True
scrf,acti,213,16881.285714285714,15921.728366174057,True
scrf,acti,214,16882.333333333332,16016.927869674186,True
scrf,acti,215,17271.85714285714,16016.927869674186,True
scrf,acti,216,17292.0,16075.04932930919,True
scrf,acti,217,17567.714285714286,16075.04932930919,True
scrf,acti,218,17571.0,16103.564743589744,True
scrf,acti,219,17759.571428571428,16103.564743589744,True
scrf,acti,220,17761.571428571428,16367.714285714286,True
scrf,acti,221,17771.14285714286,16367.714285714286,True
scrf,acti,222,17794.285714285714,16532.833333333336,True
scrf,acti,223,17811.14285714286,16532.833333333336,True
scrf,acti,224,17820.0,16711.841487279846,True
scrf,acti,225,18158.428571428572,16711.841487279846,True
scrf,acti,226,18159.571428571428,16759.388278388276,True
scrf,acti,227,18290.14285714286,16759.388278388276,True
scrf,acti,228,18295.285714285714,16823.83597069597,True
scrf,acti,229,18647.0,16823.83597069597,True
scrf,acti,230,18648.14285714286,17210.495858134916,True
scrf,acti,231,19203.285714285714,17210.495858134916,True
scrf,acti,232,19204.85714285714,17361.58095238095,True
scrf,acti,233,19544.833333333332,17361.58095238095,True
scrf,acti,234,19546.666666666668,17622.806249999998,True
scrf,acti,235,20360.85714285714,17622.806249999998,True
scrf,acti,236,20363.571428571428,17710.0,True
scrf,acti,237,20372.14285714286,17710.0,True
scrf,acti,238,20379.85714285714,17873.654761904763,True
scrf,acti,239,20428.571428571428,17873.654761904763,True
scrf,acti,240,20431.285714285714,17968.501327088212,True
scrf,acti,241,20889.2,17968.501327088212,True
scrf,acti,242,20893.0,18394.31792717087,True
scrf,acti,243,21694.85714285714,18394.31792717087,True
scrf,acti,244,21703.571428571428,18451.03988095238,True
scrf,acti,245,21918.333333333332,18451.03988095238,True
scrf,acti,246,21929.714285714286,18538.98485958486,True
scrf,acti,247,22469.571428571428,18538.98485958486,False
scrf,acti,248,22482.571428571428,18822.02380952381,False
scrf,acti,249,22522.285714285714,18822.02380952381,False
scrf,acti,250,22530.833333333332,18897.0,False
scrf,acti,251,22536.714285714286,18929.798941798937,False
scrf,acti,252,22620.285714285714,18929.798941798937,False
scrf,acti,253,22642.285714285714,19065.817460317463,False
scrf,acti,254,22763.428571428572,19065.817460317463,False
scrf,acti,255,22767.428571428572,19437.680758582504,False
scrf,acti,256,23642.714285714286,19437.680758582504,False
scrf,acti,257,23657.714285714286,19676.393241167432,False
scrf,acti,258,24159.5,19676.393241167432,False
scrf,acti,259,24163.666666666668,19762.053571428572,False
scrf,acti,260,24285.5,19762.053571428572,False
scrf,acti,261,24330.714285714286,19852.059523809527,False
scrf,acti,262,24460.571428571428,19852.059523809527,False
scrf,acti,263,24473.285714285714,20204.785714285714,False
scrf,acti,264,24473.571428571428,20204.785714285714,False
scrf,acti,265,24538.428571428572,20426.738996138996,False
scrf,acti,266,25215.285714285714,20426.738996138996,False
scrf,acti,267,25262.428571428572,20715.523238095237,False
scrf,acti,268,25725.75,20715.523238095237,False
scrf,acti,269,25753.25,21006.084126984126,False
scrf,acti,270,26136.6,21006.084126984126,False
scrf,acti,271,26148.0,21017.235416666663,False
scrf,acti,272,27036.5,21017.235416666663,False
scrf,acti,273,27074.14285714286,21522.41387163561,False
scrf,acti,274,28062.14285714286,21522.41387163561,False
scrf,acti,275,28160.6,21684.2,False
scrf,acti,276,28176.0,21851.30555555556,False
scrf,acti,277,28391.8,21851.30555555556,False
scrf,acti,278,28398.428571428572,22093.51388888889,False
scrf,acti,279,29511.14285714286,22093.51388888889,False
scrf,acti,280,29670.0,23542.40771428571,False
scrf,acti,281,31099.0,23542.40771428571,False
scrf,acti,282,31238.714285714286,23766.428571428572,False
scrf,acti,283,31315.571428571428,24830.571428571424,False
scrf,acti,284,33372.666666666664,24830.571428571424,False
scrf,acti,285,33467.42857142857,25481.3843358396,False
scrf,acti,286,36936.0,25481.3843358396,False
scrf,acti,287,37386.71428571428,25711.285714285714,False
scrf,acti,288,37763.28571428572,26164.732142857145,False
scrf,acti,289,39406.0,26164.732142857145,False
scrf,acti,290,40221.142857142855,26201.714285714286,False
scrf,acti,291,41458.0,26505.0,False
scrf,acti,292,41493.71428571428,27641.85714285714,False
scrf,acti,293,41810.0,30061.159523809525,False
scrf,acti,294,44589.166666666664,30061.159523809525,False
scrf,acti,295,48312.28571428572,32746.14285714286,False
scrf,adept,1,5.571428571428571,39.06231270100541,False
scrf,adept,2,17.285714285714285,39.06231270100541,False
scrf,adept,3,21.285714285714285,39.527281292363675,False
scrf,adept,4,25.857142857142858,39.527281292363675,False
scrf,adept,5,30.0,42.10539501767542,False
scrf,adept,6,65.28571428571429,42.10539501767542,False
scrf,adept,7,67.42857142857143,84.78545817160875,False
scrf,adept,8,69.42857142857143,84.78545817160875,False
scrf,adept,9,74.0,123.53536902211275,False
scrf,adept,10,213.66666666666666,123.53536902211275,False
scrf,adept,11,227.85714285714286,150.45125297418463,False
scrf,adept,12,239.28571428571428,150.45125297418463,False
scrf,adept,13,242.57142857142858,159.43316757149796,False
scrf,adept,14,244.71428571428572,235.3829750992951,False
scrf,adept,15,643.0,235.3829750992951,False
scrf,adept,16,644.1428571428571,250.89253892213003,False
scrf,adept,17,881.2857142857143,250.89253892213003,False
scrf,adept,18,883.1428571428571,275.44915150765326,False
scrf,adept,19,996.1428571428571,275.44915150765326,False
scrf,adept,20,1000.5714285714286,279.83055341314235,False
scrf,adept,21,1112.4285714285713,279.83055341314235,False
scrf,adept,22,1116.7142857142858,319.4702666695751,False
scrf,adept,23,1142.857142857143,319.4702666695751,False
scrf,adept,24,1143.2857142857142,357.75140344762417,False
scrf,adept,25,1645.4285714285713,357.75140344762417,False
scrf,adept,26,1650.0,408.1920790022234,False
scrf,adept,27,2104.5714285714284,408.1920790022234,False
scrf,adept,28,2108.1428571428573,411.21826453194996,False
scrf,adept,29,2264.714285714286,411.21826453194996,True
scrf,adept,30,2268.5,445.2086559332045,True
scrf,adept,31,2393.6666666666665,445.2086559332045,True
scrf,adept,32,2397.5714285714284,472.9265882507063,True
scrf,adept,33,2466.8571428571427,472.9265882507063,True
scrf,adept,34,2497.5714285714284,512.1192128150868,True
scrf,adept,35,2603.8571428571427,512.1192128150868,True
scrf,adept,36,2616.285714285714,517.8001475234742,True
scrf,adept,37,2661.1428571428573,517.8001475234742,True
scrf,adept,38,2665.0,524.7590428594842,True
scrf,adept,39,2777.4285714285716,524.7590428594842,True
scrf,adept,40,2777.8571428571427,596.0498717118674,True
scrf,adept,41,3196.714285714286,596.0498717118674,True
scrf,adept,42,3197.714285714286,611.8861132422282,True
scrf,adept,43,3199.6666666666665,611.8861132422282,True
scrf,adept,44,3220.714285714286,628.3873832277737,True
scrf,adept,45,3503.8571428571427,628.3873832277737,True
scrf,adept,46,3507.285714285714,659.8999881289279,True
scrf,adept,47,3509.285714285714,659.8999881289279,True
scrf,adept,48,3512.714285714286,747.8840691828349,True
scrf,adept,49,3525.3333333333335,747.8840691828349,True
scrf,adept,50,3529.1428571428573,759.043835627721,True
scrf,adept,51,3728.0,759.043835627721,True
scrf,adept,52,3728.75,789.2525274739779,True
scrf,adept,53,3816.714285714286,789.2525274739779,True
scrf,adept,54,3816.8,841.4530896368221,True
scrf,adept,55,4014.5714285714284,841.4530896368221,True
scrf,adept,56,4015.8571428571427,863.0706844764013,True
scrf,adept,57,4049.8571428571427,863.0706844764013,True
scrf,adept,58,4050.0,867.6071583232314,True
scrf,adept,59,4222.5,867.6071583232314,True
scrf,adept,60,4223.857142857143,946.4705394391269,True
scrf,adept,61,4356.857142857143,946.4705394391269,True
scrf,adept,62,4362.285714285715,954.936160308509,True
scrf,adept,63,4471.857142857143,954.936160308509,True
scrf,adept,64,4472.857142857143,978.1660369890977,True
scrf,adept,65,4799.0,978.1660369890977,True
scrf,adept,66,4801.142857142857,1016.2796782590414,True
scrf,adept,67,4870.142857142857,1016.2796782590414,True
scrf,adept,68,4870.857142857143,1055.9444298965898,True
scrf,adept,69,5024.142857142857,1055.9444298965898,True
scrf,adept,70,5030.714285714285,1072.9650063763513,True
scrf,adept,71,5038.571428571428,1121.990117841198,True
scrf,adept,72,5411.428571428572,1121.990117841198,True
scrf,adept,73,5412.0,1205.054743492489,True
scrf,adept,74,5793.666666666667,1205.054743492489,True
scrf,adept,75,5794.857142857143,1327.5064447319542,True
scrf,adept,76,6378.714285714285,1327.5064447319542,True
scrf,adept,77,6378.75,1389.5465580684197,True
scrf,adept,78,6415.714285714285,1389.5465580684197,True
scrf,adept,79,6415.857142857143,1409.8383578216349,True
scrf,adept,80,6416.428571428572,1415.7312792485975,True
scrf,adept,81,6533.5,1415.7312792485975,True
scrf,adept,82,6536.0,1456.1749918130383,True
scrf,adept,83,6828.857142857143,1456.1749918130383,True
scrf,adept,84,6832.571428571428,1474.6596823941213,True
scrf,adept,85,6833.833333333333,1568.413060500631,True
scrf,adept,86,6843.428571428572,1568.413060500631,True
scrf,adept,87,6844.0,1585.0542359205203,True
scrf,adept,88,6919.714285714285,1585.0542359205203,True
scrf,adept,89,6926.857142857143,1600.830793567052,True
scrf,adept,90,7407.0,1600.830793567052,True
scrf,adept,91,7407.571428571428,1672.2864677282262,True
scrf,adept,92,7630.0,1672.2864677282262,True
scrf,adept,93,7632.428571428572,1698.7290306927753,True
scrf,adept,94,8099.857142857143,1698.7290306927753,True
scrf,adept,95,8100.428571428572,1759.8228751385705,True
scrf,adept,96,8102.428571428572,1876.1543618005524,True
scrf,adept,97,8105.857142857143,1919.7948928717847,True
scrf,adept,98,8218.42857142857,1919.7948928717847,True
scrf,adept,99,8219.857142857143,1961.2301024139376,True
scrf,adept,100,8313.0,1961.2301024139376,True
scrf,adept,101,8313.25,1967.7650365338293,True
scrf,adept,102,8397.5,1967.7650365338293,True
scrf,adept,103,8401.714285714286,1969.3996874636389,True
scrf,adept,104,8413.42857142857,1969.3996874636389,True
scrf,adept,105,8414.0,1998.712387175786,True
scrf,adept,106,8718.4,1998.712387175786,True
scrf,adept,107,8719.285714285714,2020.417022251699,True
scrf,adept,108,8900.0,2020.417022251699,True
scrf,adept,109,8901.42857142857,2022.1878856971057,True
scrf,adept,110,8908.0,2022.1878856971057,True
scrf,adept,111,8909.714285714286,2071.6193139777015,True
scrf,adept,112,8925.142857142857,2071.6193139777015,True
scrf,adept,113,8926.0,2099.8840996091117,True
scrf,adept,114,9088.833333333334,2099.8840996091117,True
scrf,adept,115,9089.285714285714,2174.5448078462573,True
scrf,adept,116,9236.166666666666,2174.5448078462573,True
scrf,adept,117,9240.0,2218.0119136766216,True
scrf,adept,118,9923.0,2218.0119136766216,True
scrf,adept,119,9923.42857142857,2218.847877681578,True
scrf,adept,120,9933.42857142857,2218.847877681578,True
scrf,adept,121,9934.0,2318.259972092719,True
scrf,adept,122,10335.714285714286,2318.259972092719,True
scrf,adept,123,10336.666666666666,2393.4607587668456,True
scrf,adept,124,10766.333333333334,2393.4607587668456,True
scrf,adept,125,10766.857142857143,2420.2642105675054,True
scrf,adept,126,10778.57142857143,2420.2642105675054,True
scrf,adept,127,10778.857142857143,2462.8416983758593,True
scrf,adept,128,10879.857142857143,2462.8416983758593,True
scrf,adept,129,10883.0,2472.4381689362276,True
scrf,adept,130,10929.42857142857,2472.4381689362276,True
scrf,adept,131,10930.0,2507.401932962807,True
scrf,adept,132,11059.714285714286,2507.401932962807,True
scrf,adept,133,11060.57142857143,2577.976279762871,True
scrf,adept,134,11259.714285714286,2577.976279762871,True
scrf,adept,135,11261.142857142857,2664.546633808846,True
scrf,adept,136,11824.142857142857,2664.546633808846,True
scrf,adept,137,11824.57142857143,2821.4630710319416,True
scrf,adept,138,12623.142857142857,2821.4630710319416,True
scrf,adept,139,12627.142857142857,2831.045961764278,True
scrf,adept,140,12873.166666666666,2831.045961764278,True
scrf,adept,141,12874.42857142857,2952.701761768192,True
scrf,adept,142,13558.42857142857,2952.701761768192,True
scrf,adept,143,13558.57142857143,3114.5464910075625,True
scrf,adept,144,13611.857142857143,3114.5464910075625,True
scrf,adept,145,13618.42857142857,3188.2076308919663,True
scrf,adept,146,14045.333333333334,3188.2076308919663,True
scrf,adept,147,14046.0,3232.8586895726826,True
scrf,adept,148,14093.0,3232.8586895726826,True
scrf,adept,149,14094.0,3238.3519906896813,True
scrf,adept,150,14164.5,3238.3519906896813,True
scrf,adept,151,14164.57142857143,3259.86776416297,True
scrf,adept,152,14577.142857142857,3259.86776416297,True
scrf,adept,153,14585.0,3381.7446903685814,True
scrf,adept,154,15153.285714285714,3381.7446903685814,True
scrf,adept,155,15157.57142857143,3551.8003404263054,True
scrf,adept,156,15361.714285714286,3551.8003404263054,True
scrf,adept,157,15362.142857142857,3572.4450060987783,True
scrf,adept,158,15959.57142857143,3572.4450060987783,True
scrf,adept,159,15960.0,3589.458958762516,True
scrf,adept,160,17080.285714285714,3589.458958762516,True
scrf,adept,161,17084.85714285714,3711.3721797040093,True
scrf,adept,162,17106.428571428572,3711.3721797040093,True
scrf,adept,163,17111.0,3739.2695814361837,True
scrf,adept,164,17125.85714285714,3739.2695814361837,True
scrf,adept,165,17135.714285714286,3781.589094313471,True
scrf,adept,166,17804.14285714286,3781.589094313471,True
scrf,adept,167,17807.714285714286,4168.7698627716145,True
scrf,adept,168,19504.714285714286,4168.7698627716145,True
scrf,adept,169,19504.833333333332,4204.975440402279,True
scrf,adept,170,20456.85714285714,4204.975440402279,True
scrf,adept,171,20466.571428571428,4304.369166359923,True
scrf,adept,172,20862.85714285714,4304.369166359923,True
scrf,adept,173,20868.428571428572,4462.7752404860885,True
scrf,adept,174,22536.714285714286,4462.7752404860885,False
scrf,adept,175,22537.571428571428,4865.6949728684585,False
scrf,adept,176,23741.0,4865.6949728684585,False
scrf,adept,177,23750.0,4987.825332881781,False
scrf,adept,178,26168.666666666668,4987.825332881781,False
scrf,adept,179,26174.166666666668,5264.168110190509,False
scrf,adept,180,29119.571428571428,5264.168110190509,False
scrf,adept,181,29299.666666666668,5736.919670760479,False
scrf,adept,182,31344.333333333332,5736.919670760479,False
scrf,adept,183,31367.0,6423.6165244691065,False
scrf,adept,184,48312.28571428572,6423.6165244691065,False
scrf,oak,1,5.571428571428571,274.25797619047637,False
scrf,oak,2,17.285714285714285,274.25797619047637,False
scrf,oak,3,21.285714285714285,318.814285714286,False
scrf,oak,4,25.857142857142858,318.814285714286,False
scrf,oak,5,30.0,430.67428571428593,False
scrf,oak,6,32.142857142857146,430.67428571428593,False
scrf,oak,7,35.857142857142854,436.6648809523811,False
scrf,oak,8,65.28571428571429,436.6648809523811,False
scrf,oak,9,67.42857142857143,654.9571428571429,False
scrf,oak,10,69.42857142857143,654.9571428571429,False
scrf,oak,11,74.0,909.662545787546,False
scrf,oak,12,140.42857142857142,909.662545787546,False
scrf,oak,13,142.0,944.0480059523815,False
scrf,oak,14,213.66666666666666,944.0480059523815,False
scrf,oak,15,227.85714285714286,1431.9582142857146,False
scrf,oak,16,346.57142857142856,1431.9582142857146,False
scrf,oak,17,352.14285714285717,1885.4346293800545,False
scrf,oak,18,643.0,1885.4346293800545,False
scrf,oak,19,644.1428571428571,2187.4566950959493,False
scrf,oak,20,996.1428571428571,2187.4566950959493,False
scrf,oak,21,1000.5714285714286,2355.735714285715,False
scrf,oak,22,1019.8571428571429,2355.735714285715,False
scrf,oak,23,1025.5714285714287,2395.1778095238105,False
scrf,oak,24,1112.4285714285713,2395.1778095238105,False
scrf,oak,25,1116.7142857142858,2417.4791666666674,False
scrf,oak,26,1179.142857142857,2417.4791666666674,False
scrf,oak,27,1185.7142857142858,2625.305629539952,False
scrf,oak,28,1524.5714285714287,2625.305629539952,False
scrf,oak,29,1528.7142857142858,2658.623046737214,False
scrf,oak,30,1624.7142857142858,2658.623046737214,False
scrf,oak,31,1632.5714285714287,2790.225,False
scrf,oak,32,1634.0,2790.225,False
scrf,oak,33,1639.2857142857142,2892.4791504329,False
scrf,oak,34,1867.4285714285713,2892.4791504329,False
scrf,oak,35,1873.142857142857,2929.3585978835986,False
scrf,oak,36,1906.4285714285713,2929.3585978835986,False
scrf,oak,37,1917.4285714285713,3141.1670698924736,False
scrf,oak,38,2235.8571428571427,3141.1670698924736,False
scrf,oak,39,2241.5714285714284,3271.442909663867,True
scrf,oak,40,2393.6666666666665,3271.442909663867,True
scrf,oak,41,2397.5714285714284,3375.8980158730174,True
scrf,oak,42,2522.0,3375.8980158730174,True
scrf,oak,43,2523.714285714286,3559.0266428571435,True
scrf,oak,44,2590.0,3559.0266428571435,True
scrf,oak,45,2592.8571428571427,3562.3743452380963,True
scrf,oak,46,2684.1428571428573,3562.3743452380963,True
scrf,oak,47,2686.285714285714,3677.304563492065,True
scrf,oak,48,2737.0,3677.304563492065,True
scrf,oak,49,2738.0,3942.752145061729,True
scrf,oak,50,3113.285714285714,3942.752145061729,True
scrf,oak,51,3122.4285714285716,4226.032417582419,True
scrf,oak,52,3164.4285714285716,4226.032417582419,True
scrf,oak,53,3167.1428571428573,4299.863435374152,True
scrf,oak,54,3196.714285714286,4299.863435374152,True
scrf,oak,55,3197.714285714286,4303.668047619049,True
scrf,oak,56,3313.4285714285716,4303.668047619049,True
scrf,oak,57,3314.5714285714284,4411.778986972149,True
scrf,oak,58,3509.285714285714,4411.778986972149,True
scrf,oak,59,3512.714285714286,4479.98480749747,True
scrf,oak,60,3768.285714285714,4479.98480749747,True
scrf,oak,61,3771.8571428571427,4832.935714285714,True
scrf,oak,62,3777.8333333333335,5011.951978021979,True
scrf,oak,63,3982.714285714286,5011.951978021979,True
scrf,oak,64,3987.1428571428573,5169.3379599567115,True
scrf,oak,65,4117.714285714285,5169.3379599567115,True
scrf,oak,66,4118.0,5193.324646258505,True
scrf,oak,67,4234.714285714285,5193.324646258505,True
scrf,oak,68,4236.428571428572,5285.297751322753,True
scrf,oak,69,4275.0,5285.297751322753,True
scrf,oak,70,4277.0,5369.488082922824,True
scrf,oak,71,4456.714285714285,5369.488082922824,True
scrf,oak,72,4457.285714285715,5580.977426303856,True
scrf,oak,73,4660.714285714285,5580.977426303856,True
scrf,oak,74,4665.0,5755.601046401516,True
scrf,oak,75,5131.0,5755.601046401516,True
scrf,oak,76,5133.428571428572,5862.621428571429,True
scrf,oak,77,5138.714285714285,5862.621428571429,True
scrf,oak,78,5139.666666666667,5915.18086309524,True
scrf,oak,79,5252.285714285715,5915.18086309524,True
scrf,oak,80,5252.666666666667,6044.491666666669,True
scrf,oak,81,5263.285714285715,6044.491666666669,True
scrf,oak,82,5264.666666666667,6258.932836134456,True
scrf,oak,83,5333.571428571428,6258.932836134456,True
scrf,oak,84,5333.714285714285,6263.2830484216165,True
scrf,oak,85,5540.5,6263.2830484216165,True
scrf,oak,86,5543.166666666667,6289.022983193278,True
scrf,oak,87,5632.285714285715,6289.022983193278,True
scrf,oak,88,5633.0,6485.096373343154,True
scrf,oak,89,5839.285714285715,6485.096373343154,True
scrf,oak,90,5841.857142857143,6909.600926573427,True
scrf,oak,91,6135.428571428572,6909.600926573427,True
scrf,oak,92,6139.333333333333,6989.141574074076,True
scrf,oak,93,6173.0,6989.141574074076,True
scrf,oak,94,6176.857142857143,7098.242464285717,True
scrf,oak,95,6187.428571428572,7098.242464285717,True
scrf,oak,96,6187.571428571428,7213.792089285713,True
scrf,oak,97,6360.714285714285,7213.792089285713,True
scrf,oak,98,6362.0,7391.87221957672,True
scrf,oak,99,6549.0,7391.87221957672,True
scrf,oak,100,6551.714285714285,7498.935037001289,True
scrf,oak,101,6702.571428571428,7498.935037001289,True
scrf,oak,102,6706.428571428572,7591.956925170069,True
scrf,oak,103,6843.428571428572,7591.956925170069,True
scrf,oak,104,6844.0,7788.331243455498,True
scrf,oak,105,7222.2,7788.331243455498,True
scrf,oak,106,7223.25,8163.764236111114,True
scrf,oak,107,7248.857142857143,8163.764236111114,True
scrf,oak,108,7249.0,8248.422850958568,True
scrf,oak,109,7395.857142857143,8248.422850958568,True
scrf,oak,110,7398.166666666667,8364.555127801123,True
scrf,oak,111,7620.857142857143,8364.555127801123,True
scrf,oak,112,7622.857142857143,8422.103142857144,True
scrf,oak,113,7627.428571428572,8422.103142857144,True
scrf,oak,114,7628.0,8498.755865800867,True
scrf,oak,115,7675.571428571428,8498.755865800867,True
scrf,oak,116,7675.857142857143,8500.755544936286,True
scrf,oak,117,7815.571428571428,8500.755544936286,True
scrf,oak,118,7816.571428571428,8574.751045751636,True
scrf,oak,119,7892.714285714285,8574.751045751636,True
scrf,oak,120,7893.857142857143,8620.140476190476,True
scrf,oak,121,7917.571428571428,8620.140476190476,True
scrf,oak,122,7918.571428571428,8630.691190476191,True
scrf,oak,123,7966.571428571428,8630.691190476191,True
scrf,oak,124,7967.857142857143,8800.221435714288,True
scrf,oak,125,8063.833333333333,8800.221435714288,True
scrf,oak,126,8065.285714285715,8818.795385610767,True
scrf,oak,127,8221.333333333334,8818.795385610767,True
scrf,oak,128,8223.25,9170.72480442177,True
scrf,oak,129,8241.833333333334,9170.72480442177,True
scrf,oak,130,8243.0,9200.254476861168,True
scrf,oak,131,8726.333333333334,9200.254476861168,True
scrf,oak,132,8726.857142857143,9336.165908521301,True
scrf,oak,133,8893.0,9336.165908521301,True
scrf,oak,134,8898.285714285714,9686.86867559524,True
scrf,oak,135,8935.42857142857,9686.86867559524,True
scrf,oak,136,8936.142857142857,9759.597639085341,True
scrf,oak,137,9084.2,9759.597639085341,True
scrf,oak,138,9084.714285714286,9780.957142857142,True
scrf,oak,139,9085.857142857143,9974.398291125543,True
scrf,oak,140,9229.285714285714,9974.398291125543,True
scrf,oak,141,9231.0,9976.157819548875,True
scrf,oak,142,9423.5,9976.157819548875,True
scrf,oak,143,9423.57142857143,10040.564790640396,True
scrf,oak,144,9458.142857142857,10040.564790640396,True
scrf,oak,145,9458.57142857143,10202.465546613013,True
scrf,oak,146,9569.142857142857,10202.465546613013,True
scrf,oak,147,9571.333333333334,10290.35617346939,True
scrf,oak,148,9923.0,10290.35617346939,True
scrf,oak,149,9923.42857142857,10421.840555555558,True
scrf,oak,150,9952.714285714286,10421.840555555558,True
scrf,oak,151,9953.57142857143,10483.532418699187,True
scrf,oak,152,10023.857142857143,10483.532418699187,True
scrf,oak,153,10024.142857142857,10666.393669746505,True
scrf,oak,154,10332.0,10666.393669746505,True
scrf,oak,155,10332.666666666666,10912.598809523812,True
scrf,oak,156,10336.666666666666,10912.598809523812,True
scrf,oak,157,10336.714285714286,11052.928968253973,True
scrf,oak,158,10345.42857142857,11052.928968253973,True
scrf,oak,159,10346.142857142857,11056.695292207794,True
scrf,oak,160,10393.0,11056.695292207794,True
scrf,oak,161,10393.833333333334,11101.49998473749,True
scrf,oak,162,10459.714285714286,11101.49998473749,True
scrf,oak,163,10463.42857142857,11210.46024659864,True
scrf,oak,164,10498.57142857143,11210.46024659864,True
scrf,oak,165,10499.75,11270.9,True
scrf,oak,166,10501.42857142857,11357.729434824436,True
scrf,oak,167,10985.666666666666,11357.729434824436,True
scrf,oak,168,10989.42857142857,11435.778186274512,True
scrf,oak,169,11010.857142857143,11435.778186274512,True
scrf,oak,170,11013.714285714286,11480.130670634922,True
scrf,oak,171,11091.285714285714,11480.130670634922,True
scrf,oak,172,11093.0,11494.736805555556,True
scrf,oak,173,11155.42857142857,11494.736805555556,True
scrf,oak,174,11158.5,11680.820352404644,True
scrf,oak,175,11457.285714285714,11680.820352404644,True
scrf,oak,176,11457.857142857143,11721.385652380955,True
scrf,oak,177,11496.25,11721.385652380955,True
scrf,oak,178,11498.42857142857,11753.247619047623,True
scrf,oak,179,11504.285714285714,11753.247619047623,True
scrf,oak,180,11508.57142857143,11849.870967908904,True
scrf,oak,181,11658.42857142857,11849.870967908904,True
scrf,oak,182,11659.666666666666,12198.021477663231,True
scrf,oak,183,11812.57142857143,12198.021477663231,True
scrf,oak,184,11816.0,12270.991150793654,True
scrf,oak,185,11852.42857142857,12270.991150793654,True
scrf,oak,186,11855.42857142857,12377.116629752678,True
scrf,oak,187,12078.285714285714,12377.116629752678,True
scrf,oak,188,12079.285714285714,12474.045249221184,True
scrf,oak,189,12256.285714285714,12474.045249221184,True
scrf,oak,190,12256.57142857143,12702.405837912087,True
scrf,oak,191,12308.285714285714,12702.405837912087,True
scrf,oak,192,12312.57142857143,12751.855279118412,True
scrf,oak,193,12554.333333333334,12751.855279118412,True
scrf,oak,194,12557.57142857143,12812.539794372293,True
scrf,oak,195,12621.0,12812.539794372293,True
scrf,oak,196,12623.142857142857,12880.421768707485,True
scrf,oak,197,12645.57142857143,12880.421768707485,True
scrf,oak,198,12648.142857142857,12950.267488584477,True
scrf,oak,199,12936.714285714286,12950.267488584477,True
scrf,oak,200,12945.285714285714,13142.47142857143,True
scrf,oak,201,12946.857142857143,13261.168641552513,True
scrf,oak,202,13193.0,13261.168641552513,True
scrf,oak,203,13193.57142857143,13375.578804697558,True
scrf,oak,204,13511.166666666666,13375.578804697558,True
scrf,oak,205,13513.142857142857,13428.423412698414,True
scrf,oak,206,13527.714285714286,13428.423412698414,True
scrf,oak,207,13530.0,13594.566781874042,True
scrf,oak,208,13747.714285714286,13594.566781874042,True
scrf,oak,209,13748.57142857143,13853.018468614719,True
scrf,oak,210,14004.4,13853.018468614719,True
scrf,oak,211,14005.142857142857,14051.565873015872,True
scrf,oak,212,14026.285714285714,14051.565873015872,True
scrf,oak,213,14029.714285714286,14155.351563988099,True
scrf,oak,214,14217.42857142857,14155.351563988099,True
scrf,oak,215,14218.42857142857,14167.500000000004,True
scrf,oak,216,14220.57142857143,14167.500000000004,True
scrf,oak,217,14223.142857142857,14299.799435626106,True
scrf,oak,218,14277.166666666666,14299.799435626106,True
scrf,oak,219,14277.857142857143,14354.904735449736,True
scrf,oak,220,14348.142857142857,14354.904735449736,True
scrf,oak,221,14352.166666666666,14368.021767598346,True
scrf,oak,222,14444.0,14368.021767598346,True
scrf,oak,223,14444.285714285714,14417.4393452381,True
scrf,oak,224,14501.57142857143,14417.4393452381,True
scrf,oak,225,14508.57142857143,14512.20277914614,True
scrf,oak,226,14570.5,14512.20277914614,True
scrf,oak,227,14570.857142857143,14774.487643557428,True
scrf,oak,228,14805.0,14774.487643557428,True
scrf,oak,229,14805.142857142857,14797.029543114546,True
scrf,oak,230,14885.0,14797.029543114546,True
scrf,oak,231,14889.714285714286,14877.951238902348,True
scrf,oak,232,15153.285714285714,14877.951238902348,True
scrf,oak,233,15157.57142857143,15250.03839164237,True
scrf,oak,234,15407.285714285714,15250.03839164237,True
scrf,oak,235,15408.0,15315.836589721259,True
scrf,oak,236,15648.857142857143,15315.836589721259,True
scrf,oak,237,15650.0,15460.029574074082,True
scrf,oak,238,15768.57142857143,15460.029574074082,True
scrf,oak,239,15769.857142857143,15503.283035714285,True
scrf,oak,240,15789.857142857143,15503.283035714285,True
scrf,oak,241,15792.285714285714,15539.535592903832,True
scrf,oak,242,15959.57142857143,15539.535592903832,True
scrf,oak,243,15960.0,15575.807142857146,True
scrf,oak,244,15976.8,15575.807142857146,True
scrf,oak,245,15977.285714285714,15854.91541762673,True
scrf,oak,246,16368.0,15854.91541762673,True
scrf,oak,247,16376.5,15889.422251082253,True
scrf,oak,248,16456.85714285714,15889.422251082253,True
scrf,oak,249,16457.14285714286,15945.889422123017,True
scrf,oak,250,16607.85714285714,15945.889422123017,True
scrf,oak,251,16609.333333333332,16258.409391534391,True
scrf,oak,252,16643.0,16258.409391534391,True
scrf,oak,253,16644.0,16265.93540692641,True
scrf,oak,254,16880.0,16265.93540692641,True
scrf,oak,255,16880.333333333332,16313.379166666666,True
scrf,oak,256,16881.285714285714,16408.40509141157,True
scrf,oak,257,17337.0,16408.40509141157,True
scrf,oak,258,17339.0,16664.89051082251,True
scrf,oak,259,17567.714285714286,16664.89051082251,True
scrf,oak,260,17571.0,16714.55608654573,True
scrf,oak,261,17811.14285714286,16714.55608654573,True
scrf,oak,262,17820.0,17503.296882832085,True
scrf,oak,263,18011.333333333332,17503.296882832085,True
scrf,oak,264,18015.285714285714,17584.635752688177,True
scrf,oak,265,18295.285714285714,17584.635752688177,True
scrf,oak,266,18301.2,17611.66608791209,True
scrf,oak,267,18648.14285714286,17611.66608791209,True
scrf,oak,268,18651.714285714286,17666.26964285714,True
scrf,oak,269,18664.285714285714,17666.26964285714,True
scrf,oak,270,18670.14285714286,17795.48459770115,True
scrf,oak,271,19010.14285714286,17795.48459770115,True
scrf,oak,272,19030.14285714286,18081.303288288287,True
scrf,oak,273,19474.285714285714,18081.303288288287,True
scrf,oak,274,19475.0,18140.192857142854,True
scrf,oak,275,19504.714285714286,18657.748325994784,True
scrf,oak,276,20372.14285714286,18657.748325994784,True
scrf,oak,277,20379.85714285714,18747.441783794166,True
scrf,oak,278,20848.571428571428,18747.441783794166,True
scrf,oak,279,20853.285714285714,19102.79551020408,True
scrf,oak,280,20889.2,19102.79551020408,True
scrf,oak,281,20893.0,19470.041424851195,True
scrf,oak,282,21160.285714285714,19470.041424851195,True
scrf,oak,283,21166.14285714286,19510.980992063498,True
scrf,oak,284,21198.428571428572,19510.980992063498,True
scrf,oak,285,21240.714285714286,19849.401620209057,True
scrf,oak,286,21950.0,19849.401620209057,True
scrf,oak,287,21968.428571428572,20056.24835648148,True
scrf,oak,288,22469.571428571428,20056.24835648148,False
scrf,oak,289,22482.571428571428,20092.454613095244,False
scrf,oak,290,22536.714285714286,20092.454613095244,False
scrf,oak,291,22537.571428571428,20450.414682539686,False
scrf,oak,292,22601.833333333332,20450.414682539686,False
scrf,oak,293,22617.571428571428,20858.971428571436,False
scrf,oak,294,22620.285714285714,20858.971428571436,False
scrf,oak,295,22642.285714285714,21167.30640079365,False
scrf,oak,296,22990.285714285714,21167.30640079365,False
scrf,oak,297,22990.714285714286,21293.71301948052,False
scrf,oak,298,23657.714285714286,21293.71301948052,False
scrf,oak,299,23683.571428571428,21604.82387896826,False
scrf,oak,300,24261.285714285714,21604.82387896826,False
scrf,oak,301,24263.714285714286,21772.339912280702,False
scrf,oak,302,24458.14285714286,21772.339912280702,False
scrf,oak,303,24460.571428571428,22205.615281385286,False
scrf,oak,304,24630.6,22205.615281385286,False
scrf,oak,305,24667.2,22407.405158730162,False
scrf,oak,306,25794.14285714286,22407.405158730162,False
scrf,oak,307,25812.0,22846.089419642856,False
scrf,oak,308,26174.166666666668,22846.089419642856,False
scrf,oak,309,26201.714285714286,23643.739625850343,False
scrf,oak,310,26899.428571428572,23643.739625850343,False
scrf,oak,311,26926.571428571428,23645.242857142857,False
scrf,oak,312,26929.428571428572,23645.242857142857,False
scrf,oak,313,26955.285714285714,23690.16428571429,False
scrf,oak,314,26968.285714285714,23996.697398589065,False
scrf,oak,315,28062.14285714286,23996.697398589065,False
scrf,oak,316,28160.6,24432.917222222226,False
scrf,oak,317,28710.0,24432.917222222226,False
scrf,oak,318,28734.0,24773.4185639881,False
scrf,oak,319,29511.14285714286,24773.4185639881,False
scrf,oak,320,29670.0,26360.454326923078,False
scrf,oak,321,31238.714285714286,26360.454326923078,False
scrf,oak,322,31315.571428571428,26454.734920634928,False
scrf,oak,323,31367.0,26454.734920634928,False
scrf,oak,324,31801.571428571428,26891.78896103896,False
scrf,oak,325,33299.857142857145,26891.78896103896,False
scrf,oak,326,33372.666666666664,27228.62698412697,False
scrf,oak,327,33675.142857142855,27228.62698412697,False
scrf,oak,328,33709.857142857145,28790.70476190476,False
scrf,oak,329,33719.666666666664,28790.70476190476,False
scrf,oak,330,34646.0,29353.207142857136,False
scrf,oak,331,34655.857142857145,29858.84258503401,False
scrf,oak,332,36936.0,29858.84258503401,False
scrf,oak,333,37386.71428571428,30225.33422619048,False
scrf,oak,334,40221.142857142855,30225.33422619048,False
scrf,oak,335,41458.0,32169.63928571428,False
scrf,oak,336,41493.71428571428,32169.63928571428,False
scrf,oak,337,41810.0,32797.967261904756,False
scrf,oak,338,44589.166666666664,32797.967261904756,False
scrf,oak,339,48312.28571428572,35642.25714285715,False
scrf,scssl,1,5.571428571428571,18.071428571428573,False
scrf,scssl,2,17.285714285714285,18.071428571428573,False
scrf,scssl,3,21.285714285714285,21.89855072463768,False
scrf,scssl,4,121.42857142857143,21.89855072463768,False
scrf,scssl,5,121.71428571428571,46.00317460317461,False
scrf,scssl,6,153.6,46.00317460317461,False
scrf,scssl,7,154.0,69.66666666666667,False
scrf,scssl,8,160.42857142857142,69.66666666666667,False
scrf,scssl,9,162.71428571428572,75.20634920634922,False
scrf,scssl,10,183.14285714285714,75.20634920634922,False
scrf,scssl,11,189.16666666666666,152.0357142857143,False
scrf,scssl,12,228.42857142857142,152.0357142857143,False
scrf,scssl,13,239.28571428571428,241.34391534391534,False
scrf,scssl,14,297.42857142857144,241.34391534391534,False
scrf,scssl,15,302.14285714285717,326.6638655462185,False
scrf,scssl,16,387.85714285714283,326.6638655462185,False
scrf,scssl,17,402.57142857142856,348.14285714285717,False
scrf,scssl,18,405.6666666666667,348.14285714285717,False
scrf,scssl,19,409.0,364.66978021978025,False
scrf,scssl,20,464.85714285714283,364.66978021978025,False
scrf,scssl,21,472.2857142857143,489.09248120300754,False
scrf,scssl,22,601.6666666666666,489.09248120300754,False
scrf,scssl,23,604.4285714285714,490.7142857142857,False
scrf,scssl,24,607.5714285714286,633.5102040816325,False
scrf,scssl,25,704.6666666666666,633.5102040816325,False
scrf,scssl,26,711.75,771.5867346938776,False
scrf,scssl,27,737.7142857142857,771.5867346938776,False
scrf,scssl,28,737.8571428571429,880.3743321718932,False
scrf,scssl,29,1195.6666666666667,880.3743321718932,False
scrf,scssl,30,1197.7142857142858,1124.0455026455027,False
scrf,scssl,31,1235.0,1124.0455026455027,False
scrf,scssl,32,1237.5714285714287,1185.4857142857143,False
scrf,scssl,33,1270.4285714285713,1185.4857142857143,False
scrf,scssl,34,1273.0,1369.097222222222,False
scrf,scssl,35,1343.857142857143,1369.097222222222,False
scrf,scssl,36,1353.5714285714287,1506.1485260770976,False
scrf,scssl,37,1453.5714285714287,1506.1485260770976,False
scrf,scssl,38,1464.0,1659.0510204081631,False
scrf,scssl,39,1564.142857142857,1659.0510204081631,False
scrf,scssl,40,1564.857142857143,1697.552380952381,False
scrf,scssl,41,1796.1666666666667,1697.552380952381,False
scrf,scssl,42,1807.857142857143,1879.46875,False
scrf,scssl,43,2049.285714285714,1879.46875,False
scrf,scssl,44,2053.0,2053.276785714286,False
scrf,scssl,45,2111.8571428571427,2053.276785714286,False
scrf,scssl,46,2113.4285714285716,2147.8333333333335,False
scrf,scssl,47,2139.714285714286,2147.8333333333335,False
scrf,scssl,48,2147.714285714286,2179.773809523809,False
scrf,scssl,49,2264.714285714286,2179.773809523809,True
scrf,scssl,50,2268.5,2269.285714285714,True
scrf,scssl,51,2269.1428571428573,2269.285714285714,True
scrf,scssl,52,2271.0,2368.895833333333,True
scrf,scssl,53,2346.6666666666665,2368.895833333333,True
scrf,scssl,54,2349.0,2470.3528344671204,True
scrf,scssl,55,2561.714285714286,2470.3528344671204,True
scrf,scssl,56,2563.714285714286,2487.309523809524,True
scrf,scssl,57,2592.8571428571427,2487.309523809524,True
scrf,scssl,58,2595.714285714286,2576.4920634920636,True
scrf,scssl,59,2620.714285714286,2576.4920634920636,True
scrf,scssl,60,2631.8571428571427,2606.893601190476,True
scrf,scssl,61,2773.4285714285716,2606.893601190476,True
scrf,scssl,62,2777.4285714285716,2842.983996877439,True
scrf,scssl,63,2973.5,2842.983996877439,True
scrf,scssl,64,2974.5714285714284,2946.8,True
scrf,scssl,65,2994.285714285714,2946.8,True
scrf,scssl,66,2994.8571428571427,3170.6590401785716,True
scrf,scssl,67,3257.1428571428573,3170.6590401785716,True
scrf,scssl,68,3263.25,3188.6441707717568,True
scrf,scssl,69,3355.1428571428573,3188.6441707717568,True
scrf,scssl,70,3362.5714285714284,3254.1973316912968,True
scrf,scssl,71,3585.5714285714284,3254.1973316912968,True
scrf,scssl,72,3590.1666666666665,3541.612554112554,True
scrf,scssl,73,3623.5714285714284,3541.612554112554,True
scrf,scssl,74,3625.714285714286,3569.071428571429,True
scrf,scssl,75,3653.1666666666665,3569.071428571429,True
scrf,scssl,76,3656.1666666666665,3631.4055555555556,True
scrf,scssl,77,3777.8333333333335,3631.4055555555556,True
scrf,scssl,78,3778.8571428571427,3664.2324534161485,True
scrf,scssl,79,4074.0,3664.2324534161485,True
scrf,scssl,80,4076.1666666666665,3816.0644688644693,True
scrf,scssl,81,4197.571428571428,3816.0644688644693,True
scrf,scssl,82,4198.285714285715,3903.476984126984,True
scrf,scssl,83,4246.571428571428,3903.476984126984,True
scrf,scssl,84,4260.285714285715,4071.1592421914997,True
scrf,scssl,85,4541.833333333333,4071.1592421914997,True
scrf,scssl,86,4548.666666666667,4075.348739495799,True
scrf,scssl,87,4611.857142857143,4075.348739495799,True
scrf,scssl,88,4614.571428571428,4170.16324404762,True
scrf,scssl,89,4691.428571428572,4170.16324404762,True
scrf,scssl,90,4693.142857142857,4200.883206349205,True
scrf,scssl,91,4872.714285714285,4200.883206349205,True
scrf,scssl,92,4874.571428571428,4415.205555555555,True
scrf,scssl,93,4927.714285714285,4415.205555555555,True
scrf,scssl,94,4930.142857142857,4543.066582633053,True
scrf,scssl,95,5172.857142857143,4543.066582633053,True
scrf,scssl,96,5173.0,4675.942285714285,True
scrf,scssl,97,5416.285714285715,4675.942285714285,True
scrf,scssl,98,5418.571428571428,4736.506122448979,True
scrf,scssl,99,5429.714285714285,4736.506122448979,True
scrf,scssl,100,5431.0,4963.417133815553,True
scrf,scssl,101,5794.857142857143,4963.417133815553,True
scrf,scssl,102,5795.428571428572,5146.430432402846,True
scrf,scssl,103,5997.428571428572,5146.430432402846,True
scrf,scssl,104,5999.142857142857,5271.06543583535,True
scrf,scssl,105,6431.142857142857,5271.06543583535,True
scrf,scssl,106,6431.428571428572,5305.914935064935,True
scrf,scssl,107,6458.714285714285,5305.914935064935,True
scrf,scssl,108,6459.428571428572,5343.673680823681,True
scrf,scssl,109,6531.428571428572,5343.673680823681,True
scrf,scssl,110,6533.5,5676.4629338175955,True
scrf,scssl,111,6769.857142857143,5676.4629338175955,True
scrf,scssl,112,6771.285714285715,5859.990018921477,True
scrf,scssl,113,7064.714285714285,5859.990018921477,True
scrf,scssl,114,7064.857142857143,6053.154497354498,True
scrf,scssl,115,7081.714285714285,6053.154497354498,True
scrf,scssl,116,7086.571428571428,6099.333181943298,True
scrf,scssl,117,7420.714285714285,6099.333181943298,True
scrf,scssl,118,7420.857142857143,6181.367346938775,True
scrf,scssl,119,7425.571428571428,6181.367346938775,True
scrf,scssl,120,7426.857142857143,6212.973076923077,True
scrf,scssl,121,7558.4,6212.973076923077,True
scrf,scssl,122,7559.0,6412.1375030841355,True
scrf,scssl,123,7892.285714285715,6412.1375030841355,True
scrf,scssl,124,7892.714285714285,6545.285714285716,True
scrf,scssl,125,7971.5,6545.285714285716,True
scrf,scssl,126,7972.428571428572,6691.119047619048,True
scrf,scssl,127,7976.0,6691.119047619048,True
scrf,scssl,128,7983.714285714285,6780.122871572871,True
scrf,scssl,129,8096.142857142857,6780.122871572871,True
scrf,scssl,130,8097.333333333333,6861.940476190475,True
scrf,scssl,131,8115.571428571428,6861.940476190475,True
scrf,scssl,132,8119.0,6876.376434676436,True
scrf,scssl,133,8313.25,6876.376434676436,True
scrf,scssl,134,8313.57142857143,7001.451147959184,True
scrf,scssl,135,8421.714285714286,7001.451147959184,True
scrf,scssl,136,8425.142857142857,7131.9431216931225,True
scrf,scssl,137,8430.0,7131.9431216931225,True
scrf,scssl,138,8432.142857142857,7253.957580067425,True
scrf,scssl,139,9164.333333333334,7253.957580067425,True
scrf,scssl,140,9165.42857142857,7319.25,True
scrf,scssl,141,9170.285714285714,7319.25,True
scrf,scssl,142,9173.142857142857,7569.666269841269,True
scrf,scssl,143,9458.57142857143,7569.666269841269,True
scrf,scssl,144,9460.714285714286,7768.00107142857,True
scrf,scssl,145,9484.142857142857,7768.00107142857,True
scrf,scssl,146,9486.285714285714,7820.4889420716745,True
scrf,scssl,147,9819.285714285714,7820.4889420716745,True
scrf,scssl,148,9819.42857142857,7921.62854090354,True
scrf,scssl,149,9901.42857142857,7921.62854090354,True
scrf,scssl,150,9902.0,7989.285714285715,True
scrf,scssl,151,9909.714285714286,7989.285714285715,True
scrf,scssl,152,9911.285714285714,8203.361099309614,True
scrf,scssl,153,10335.42857142857,8203.361099309614,True
scrf,scssl,154,10335.714285714286,8239.51955782313,True
scrf,scssl,155,10431.714285714286,8239.51955782313,True
scrf,scssl,156,10434.166666666666,8357.150793650793,True
scrf,scssl,157,10440.42857142857,8357.150793650793,True
scrf,scssl,158,10442.285714285714,8476.495506912443,True
scrf,scssl,159,10735.142857142857,8476.495506912443,True
scrf,scssl,160,10735.857142857143,8479.173351648353,True
scrf,scssl,161,10777.857142857143,8479.173351648353,True
scrf,scssl,162,10778.57142857143,8735.616062544423,True
scrf,scssl,163,10879.857142857143,8735.616062544423,True
scrf,scssl,164,10883.0,8883.827278325123,True
scrf,scssl,165,11053.57142857143,8883.827278325123,True
scrf,scssl,166,11056.6,8914.845918367346,True
scrf,scssl,167,11060.75,8914.845918367346,True
scrf,scssl,168,11061.142857142857,8940.388888888889,True
scrf,scssl,169,11062.5,8940.388888888889,True
scrf,scssl,170,11064.5,8970.620279866334,True
scrf,scssl,171,11234.857142857143,8970.620279866334,True
scrf,scssl,172,11236.714285714286,9274.313018925519,True
scrf,scssl,173,11744.857142857143,9274.313018925519,True
scrf,scssl,174,11746.142857142857,9312.732093253968,True
scrf,scssl,175,11823.8,9312.732093253968,True
scrf,scssl,176,11824.142857142857,9598.75,True
scrf,scssl,177,11827.42857142857,9598.75,True
scrf,scssl,178,11828.57142857143,9670.356360424026,True
scrf,scssl,179,12313.714285714286,9670.356360424026,True
scrf,scssl,180,12314.42857142857,9842.426898326896,True
scrf,scssl,181,12365.285714285714,9842.426898326896,True
scrf,scssl,182,12365.42857142857,9863.76590828924,True
scrf,scssl,183,12604.285714285714,9863.76590828924,True
scrf,scssl,184,12605.42857142857,10121.0,True
scrf,scssl,185,12623.142857142857,10121.0,True
scrf,scssl,186,12627.142857142857,10194.631216931219,True
scrf,scssl,187,13094.42857142857,10194.631216931219,True
scrf,scssl,188,13097.0,10354.738988095232,True
scrf,scssl,189,13209.714285714286,10354.738988095232,True
scrf,scssl,190,13211.42857142857,10573.203183520598,True
scrf,scssl,191,13611.285714285714,10573.203183520598,True
scrf,scssl,192,13611.857142857143,10723.11700680272,True
scrf,scssl,193,13663.166666666666,10723.11700680272,True
scrf,scssl,194,13664.42857142857,10805.737815126051,True
scrf,scssl,195,13702.0,10805.737815126051,True
scrf,scssl,196,13704.142857142857,10924.55458553792,True
scrf,scssl,197,13934.0,10924.55458553792,True
scrf,scssl,198,13936.857142857143,10957.607298136645,True
scrf,scssl,199,14070.57142857143,10957.607298136645,True
scrf,scssl,200,14084.714285714286,11098.30357142857,True
scrf,scssl,201,14115.333333333334,11098.30357142857,True
scrf,scssl,202,14115.714285714286,11350.870806194818,True
scrf,scssl,203,14840.0,11350.870806194818,True
scrf,scssl,204,14846.714285714286,11437.902411477411,True
scrf,scssl,205,15002.857142857143,11437.902411477411,True
scrf,scssl,206,15004.142857142857,11722.979682539682,True
scrf,scssl,207,15151.142857142857,11722.979682539682,True
scrf,scssl,208,15153.285714285714,12006.699680603951,True
scrf,scssl,209,15361.714285714286,12006.699680603951,True
scrf,scssl,210,15362.142857142857,12104.750147137509,True
scrf,scssl,211,15879.0,12104.750147137509,True
scrf,scssl,212,15879.857142857143,12294.702380952382,True
scrf,scssl,213,15904.857142857143,12294.702380952382,True
scrf,scssl,214,15905.714285714286,12313.431688068484,True
scrf,scssl,215,16479.285714285714,12313.431688068484,True
scrf,scssl,216,16487.571428571428,12482.665747438217,True
scrf,scssl,217,17068.571428571428,12482.665747438217,True
scrf,scssl,218,17076.571428571428,12519.384444444444,True
scrf,scssl,219,17125.85714285714,12519.384444444444,True
scrf,scssl,220,17135.714285714286,12740.880952380952,True
scrf,scssl,221,17146.0,12740.880952380952,True
scrf,scssl,222,17147.85714285714,13249.881693121693,True
scrf,scssl,223,17530.714285714286,13249.881693121693,True
scrf,scssl,224,17538.571428571428,13563.491081517352,True
scrf,scssl,225,17759.0,13563.491081517352,True
scrf,scssl,226,17759.571428571428,13771.605543710022,True
scrf,scssl,227,18110.571428571428,13771.605543710022,True
scrf,scssl,228,18123.285714285714,14162.584766527967,True
scrf,scssl,229,18630.285714285714,14162.584766527967,True
scrf,scssl,230,18633.428571428572,14179.719803476948,True
scrf,scssl,231,18982.333333333332,14179.719803476948,True
scrf,scssl,232,18987.714285714286,14195.81631537861,True
scrf,scssl,233,19315.85714285714,14195.81631537861,True
scrf,scssl,234,19318.333333333332,14331.218694885363,True
scrf,scssl,235,19539.285714285714,14331.218694885363,True
scrf,scssl,236,19544.833333333332,14844.852380952381,True
scrf,scssl,237,19564.8,14844.852380952381,True
scrf,scssl,238,19573.285714285714,14909.327810304449,True
scrf,scssl,239,20310.5,14909.327810304449,True
scrf,scssl,240,20312.428571428572,14975.293828320806,True
scrf,scssl,241,20862.85714285714,14975.293828320806,True
scrf,scssl,242,20868.428571428572,15281.011706349207,True
scrf,scssl,243,21141.85714285714,15281.011706349207,True
scrf,scssl,244,21160.285714285714,15427.815238095232,True
scrf,scssl,245,21441.85714285714,15427.815238095232,True
scrf,scssl,246,21445.571428571428,15610.240376984124,True
scrf,scssl,247,21837.2,15610.240376984124,True
scrf,scssl,248,21837.85714285714,15737.257142857143,True
scrf,scssl,249,21851.428571428572,15737.257142857143,True
scrf,scssl,250,21879.0,15875.439560439558,True
scrf,scssl,251,21976.14285714286,15875.439560439558,True
scrf,scssl,252,21978.4,16662.207738095232,True
scrf,scssl,253,22522.285714285714,16662.207738095232,False
scrf,scssl,254,22530.833333333332,16826.16071428571,False
scrf,scssl,255,22601.833333333332,16826.16071428571,False
scrf,scssl,256,22617.571428571428,16863.51885902876,False
scrf,scssl,257,23713.714285714286,16863.51885902876,False
scrf,scssl,258,23713.85714285714,17548.810408163266,False
scrf,scssl,259,24285.5,17548.810408163266,False
scrf,scssl,260,24330.714285714286,17941.420680272106,False
scrf,scssl,261,24790.14285714286,17941.420680272106,False
scrf,scssl,262,24806.285714285714,17949.666666666668,False
scrf,scssl,263,24857.428571428572,17949.666666666668,False
scrf,scssl,264,24863.85714285714,17980.151305683565,False
scrf,scssl,265,26168.666666666668,17980.151305683565,False
scrf,scssl,266,26174.166666666668,18437.323412698413,False
scrf,scssl,267,27357.833333333332,18437.323412698413,False
scrf,scssl,268,27411.85714285714,19592.14285714286,False
scrf,scssl,269,27418.0,20327.266893424036,False
scrf,scssl,270,28438.571428571428,20327.266893424036,False
scrf,scssl,271,28445.0,20997.344537815126,False
scrf,scssl,272,29119.571428571428,20997.344537815126,False
scrf,scssl,273,29299.666666666668,21091.23287981859,False
scrf,scssl,274,30519.85714285714,21091.23287981859,False
scrf,scssl,275,30737.14285714286,21430.362103174604,False
scrf,scssl,276,33299.857142857145,21430.362103174604,False
scrf,scssl,277,33372.666666666664,23967.9489010989,False
scrf,scssl,278,40221.142857142855,23967.9489010989,False
scrf,scssl,279,41458.0,26051.0,False
scrf,scssl,280,41493.71428571428,26070.82142857143,False
scrf,scssl,281,44589.166666666664,26070.82142857143,False
scrf,scssl,282,48312.28571428572,29675.428571428572,False
scrf,vs,1,5.571428571428571,184.28571428571428,False
scrf,vs,2,17.285714285714285,184.28571428571428,False
scrf,vs,3,21.285714285714285,285.4285714285714,False
scrf,vs,4,25.857142857142858,285.4285714285714,False
scrf,vs,5,30.0,346.6857142857143,False
scrf,vs,6,32.142857142857146,346.6857142857143,False
scrf,vs,7,35.857142857142854,424.2142857142858,False
scrf,vs,8,65.28571428571429,424.2142857142858,False
scrf,vs,9,67.42857142857143,458.0,False
scrf,vs,10,69.42857142857143,458.0,False
scrf,vs,11,74.0,777.7326007326009,False
scrf,vs,12,140.42857142857142,777.7326007326009,False
scrf,vs,13,142.0,845.6693581780539,False
scrf,vs,14,198.85714285714286,845.6693581780539,False
scrf,vs,15,202.57142857142858,1279.2846790890267,False
scrf,vs,16,338.7142857142857,1279.2846790890267,False
scrf,vs,17,344.1666666666667,1706.8333333333333,False
scrf,vs,18,346.57142857142856,1706.8333333333333,False
scrf,vs,19,352.14285714285717,1713.882794249775,False
scrf,vs,20,643.0,1713.882794249775,False
scrf,vs,21,644.1428571428571,1934.0576949620431,False
scrf,vs,22,1002.1428571428571,1934.0576949620431,False
scrf,vs,23,1013.1428571428571,2014.7857142857142,False
scrf,vs,24,1019.8571428571429,2014.7857142857142,False
scrf,vs,25,1025.5714285714287,2193.4190476190474,False
scrf,vs,26,1112.4285714285713,2193.4190476190474,False
scrf,vs,27,1116.7142857142858,2315.8809523809527,False
scrf,vs,28,1179.142857142857,2315.8809523809527,False
scrf,vs,29,1185.7142857142858,2332.6820634920637,False
scrf,vs,30,1528.7142857142858,2332.6820634920637,False
scrf,vs,31,1538.857142857143,2338.620734126984,False
scrf,vs,32,1612.7142857142858,2338.620734126984,False
scrf,vs,33,1618.5714285714287,2340.9285714285716,False
scrf,vs,34,1624.7142857142858,2340.9285714285716,False
scrf,vs,35,1632.5714285714287,2482.417142857143,False
scrf,vs,36,1650.0,2482.417142857143,False
scrf,vs,37,1656.1666666666667,2488.4062169312174,False
scrf,vs,38,1849.4285714285713,2488.4062169312174,False
scrf,vs,39,1856.5,2725.493398268398,False
scrf,vs,40,2393.6666666666665,2725.493398268398,True
scrf,vs,41,2397.5714285714284,2874.5009920634925,True
scrf,vs,42,2522.0,2874.5009920634925,True
scrf,vs,43,2523.714285714286,2977.3320238095234,True
scrf,vs,44,2684.1428571428573,2977.3320238095234,True
scrf,vs,45,2686.285714285714,3032.8968253968255,True
scrf,vs,46,2737.0,3032.8968253968255,True
scrf,vs,47,2738.0,3368.7331804281343,True
scrf,vs,48,3122.4285714285716,3368.7331804281343,True
scrf,vs,49,3125.0,3690.7212121212124,True
scrf,vs,50,3313.4285714285716,3690.7212121212124,True
scrf,vs,51,3314.5714285714284,3752.107142857143,True
scrf,vs,52,3503.8571428571427,3752.107142857143,True
scrf,vs,53,3507.285714285714,3784.857142857143,True
scrf,vs,54,3509.285714285714,3784.857142857143,True
scrf,vs,55,3512.714285714286,3859.798809523809,True
scrf,vs,56,3768.285714285714,3859.798809523809,True
scrf,vs,57,3771.8571428571427,3920.714285714286,True
scrf,vs,58,3777.8333333333335,4358.270122887865,True
scrf,vs,59,3979.5,4358.270122887865,True
scrf,vs,60,3981.5714285714284,4461.836734693878,True
scrf,vs,61,3996.285714285714,4461.836734693878,True
scrf,vs,62,3996.3333333333335,4536.178571428572,True
scrf,vs,63,4011.8571428571427,4536.178571428572,True
scrf,vs,64,4014.5714285714284,4543.398970398969,True
scrf,vs,65,4129.428571428572,4543.398970398969,True
scrf,vs,66,4133.571428571428,4606.509465737516,True
scrf,vs,67,4275.0,4606.509465737516,True
scrf,vs,68,4277.0,4619.258649173956,True
scrf,vs,69,4596.428571428572,4619.258649173956,True
scrf,vs,70,4603.142857142857,4703.439105339105,True
scrf,vs,71,4681.142857142857,4703.439105339105,True
scrf,vs,72,4681.6,4711.102481353987,True
scrf,vs,73,5131.0,4711.102481353987,True
scrf,vs,74,5133.428571428572,4807.258928571428,True
scrf,vs,75,5138.714285714285,4807.258928571428,True
scrf,vs,76,5139.666666666667,4833.435204081632,True
scrf,vs,77,5240.166666666667,4833.435204081632,True
scrf,vs,78,5240.857142857143,4895.648351648351,True
scrf,vs,79,5263.285714285715,4895.648351648351,True
scrf,vs,80,5264.666666666667,5091.65641025641,True
scrf,vs,81,5320.857142857143,5091.65641025641,True
scrf,vs,82,5321.0,5164.471321961621,True
scrf,vs,83,5464.571428571428,5164.471321961621,True
scrf,vs,84,5472.5,5264.419047619048,True
scrf,vs,85,5530.0,5264.419047619048,True
scrf,vs,86,5532.666666666667,5329.537651030562,True
scrf,vs,87,5839.285714285715,5329.537651030562,True
scrf,vs,88,5841.857142857143,5331.285714285714,True
scrf,vs,89,5843.0,5331.285714285714,True
scrf,vs,90,5848.571428571428,5687.138619347111,True
scrf,vs,91,6173.0,5687.138619347111,True
scrf,vs,92,6176.857142857143,5894.929285714285,True
scrf,vs,93,6187.428571428572,5894.929285714285,True
scrf,vs,94,6187.571428571428,6060.960142067876,True
scrf,vs,95,6533.5,6060.960142067876,True
scrf,vs,96,6536.0,6238.499011680145,True
scrf,vs,97,6752.0,6238.499011680145,True
scrf,vs,98,6752.285714285715,6377.702525252523,True
scrf,vs,99,7214.285714285715,6377.702525252523,True
scrf,vs,100,7215.428571428572,6593.7148809523815,True
scrf,vs,101,7231.0,6593.7148809523815,True
scrf,vs,102,7232.142857142857,6742.961235119047,True
scrf,vs,103,7288.714285714285,6742.961235119047,True
scrf,vs,104,7289.0,6794.233418367347,True
scrf,vs,105,7342.714285714285,6794.233418367347,True
scrf,vs,106,7343.833333333333,6882.826735055724,True
scrf,vs,107,7658.857142857143,6882.826735055724,True
scrf,vs,108,7662.571428571428,7025.573809523809,True
scrf,vs,109,7675.571428571428,7025.573809523809,True
scrf,vs,110,7675.857142857143,7034.543774395004,True
scrf,vs,111,7892.714285714285,7034.543774395004,True
scrf,vs,112,7893.857142857143,7075.454204660589,True
scrf,vs,113,7966.571428571428,7075.454204660589,True
scrf,vs,114,7967.857142857143,7309.002598926895,True
scrf,vs,115,8221.333333333334,7309.002598926895,True
scrf,vs,116,8223.25,7611.871298553549,True
scrf,vs,117,8718.4,7611.871298553549,True
scrf,vs,118,8719.285714285714,7657.199975949977,True
scrf,vs,119,8890.833333333334,7657.199975949977,True
scrf,vs,120,8893.0,7768.7784992785,True
scrf,vs,121,8935.42857142857,7768.7784992785,True
scrf,vs,122,8936.142857142857,7862.1336601307175,True
scrf,vs,123,9084.714285714286,7862.1336601307175,True
scrf,vs,124,9085.857142857143,8061.608098987627,True
scrf,vs,125,9458.57142857143,8061.608098987627,True
scrf,vs,126,9460.714285714286,8394.898688750864,True
scrf,vs,127,9568.857142857143,8394.898688750864,True
scrf,vs,128,9569.142857142857,8464.118240685397,True
scrf,vs,129,9923.0,8464.118240685397,True
scrf,vs,130,9923.42857142857,8535.906493506493,True
scrf,vs,131,10023.5,8535.906493506493,True
scrf,vs,132,10023.857142857143,8734.42857142857,True
scrf,vs,133,10024.142857142857,8767.54394409938,True
scrf,vs,134,10087.857142857143,8767.54394409938,True
scrf,vs,135,10089.42857142857,8852.8432997558,True
scrf,vs,136,10332.666666666666,8852.8432997558,True
scrf,vs,137,10335.42857142857,8974.785714285714,True
scrf,vs,138,10335.714285714286,8974.785714285714,True
scrf,vs,139,10336.666666666666,9042.46336996337,True
scrf,vs,140,10355.142857142857,9042.46336996337,True
scrf,vs,141,10355.666666666666,9086.90243798118,True
scrf,vs,142,10634.285714285714,9086.90243798118,True
scrf,vs,143,10635.714285714286,9289.06535276318,True
scrf,vs,144,11091.285714285714,9289.06535276318,True
scrf,vs,145,11093.0,9360.663265306122,True
scrf,vs,146,11140.0,9360.663265306122,True
scrf,vs,147,11140.57142857143,9374.071428571428,True
scrf,vs,148,11141.857142857143,9374.071428571428,True
scrf,vs,149,11149.42857142857,9431.849969604864,True
scrf,vs,150,11504.285714285714,9431.849969604864,True
scrf,vs,151,11508.57142857143,9513.024390919156,True
scrf,vs,152,11647.285714285714,9513.024390919156,True
scrf,vs,153,11649.142857142857,9722.354497354498,True
scrf,vs,154,11660.285714285714,9722.354497354498,True
scrf,vs,155,11666.142857142857,9740.562215320911,True
scrf,vs,156,11708.142857142857,9740.562215320911,True
scrf,vs,157,11708.666666666666,9941.290336134452,True
scrf,vs,158,11751.714285714286,9941.290336134452,True
scrf,vs,159,11752.857142857143,9969.211480051483,True
scrf,vs,160,12060.285714285714,9969.211480051483,True
scrf,vs,161,12062.857142857143,10061.768862889987,True
scrf,vs,162,12256.57142857143,10061.768862889987,True
scrf,vs,163,12262.857142857143,10228.960829493088,True
scrf,vs,164,12361.0,10228.960829493088,True
scrf,vs,165,12361.5,10309.350793650792,True
scrf,vs,166,12616.285714285714,10309.350793650792,True
scrf,vs,167,12619.57142857143,10484.823370577282,True
scrf,vs,168,12974.0,10484.823370577282,True
scrf,vs,169,12976.5,10666.996625421825,True
scrf,vs,170,13186.75,10666.996625421825,True
scrf,vs,171,13186.857142857143,10901.03035298035,True
scrf,vs,172,13491.42857142857,10901.03035298035,True
scrf,vs,173,13495.166666666666,11011.168611111116,True
scrf,vs,174,13774.714285714286,11011.168611111116,True
scrf,vs,175,13778.142857142857,11035.522330827067,True
scrf,vs,176,13994.0,11035.522330827067,True
scrf,vs,177,13999.166666666666,11228.837414965989,True
scrf,vs,178,14029.8,11228.837414965989,True
scrf,vs,179,14036.0,11431.357903161264,True
scrf,vs,180,14297.333333333334,11431.357903161264,True
scrf,vs,181,14303.333333333334,11577.666666666666,True
scrf,vs,182,14304.5,11665.916825396827,True
scrf,vs,183,14330.57142857143,11665.916825396827,True
scrf,vs,184,14330.666666666666,11667.701491101494,True
scrf,vs,185,14561.5,11667.701491101494,True
scrf,vs,186,14563.57142857143,11737.500687285221,True
scrf,vs,187,14778.285714285714,11737.500687285221,True
scrf,vs,188,14779.42857142857,11964.63339070568,True
scrf,vs,189,15163.285714285714,11964.63339070568,True
scrf,vs,190,15168.142857142857,12172.75632653061,True
scrf,vs,191,15337.166666666666,12172.75632653061,True
scrf,vs,192,15339.285714285714,12257.357142857143,True
scrf,vs,193,15361.285714285714,12257.357142857143,True
scrf,vs,194,15361.714285714286,12311.514550264552,True
scrf,vs,195,15407.285714285714,12311.514550264552,True
scrf,vs,196,15408.0,12338.285714285714,True
scrf,vs,197,15415.42857142857,12415.29953475643,True
scrf,vs,198,15923.8,12415.29953475643,True
scrf,vs,199,15924.833333333334,12682.341025641024,True
scrf,vs,200,15987.0,12682.341025641024,True
scrf,vs,201,15990.333333333334,12924.166113516116,True
scrf,vs,202,16643.0,12924.166113516116,True
scrf,vs,203,16644.0,13139.15142857143,True
scrf,vs,204,16753.571428571428,13139.15142857143,True
scrf,vs,205,16756.428571428572,13191.254527712728,True
scrf,vs,206,16963.85714285714,13191.254527712728,True
scrf,vs,207,16974.428571428572,13476.742857142857,True
scrf,vs,208,17337.0,13476.742857142857,True
scrf,vs,209,17339.0,13503.81116729878,True
scrf,vs,210,17794.285714285714,13503.81116729878,True
scrf,vs,211,17794.571428571428,13601.857142857141,True
scrf,vs,212,17804.14285714286,13601.857142857141,True
scrf,vs,213,17807.714285714286,14359.305498553016,True
scrf,vs,214,18706.428571428572,14359.305498553016,True
scrf,vs,215,18710.285714285714,14371.42857142857,True
scrf,vs,216,18718.285714285714,14486.651736111111,True
scrf,vs,217,19010.14285714286,14486.651736111111,True
scrf,vs,218,19030.14285714286,14561.456487232575,True
scrf,vs,219,19423.714285714286,14561.456487232575,True
scrf,vs,220,19428.666666666668,14598.32142857143,True
scrf,vs,221,19438.85714285714,14598.32142857143,True
scrf,vs,222,19474.285714285714,14786.845238095237,True
scrf,vs,223,19544.833333333332,14786.845238095237,True
scrf,vs,224,19546.666666666668,15007.588352007468,True
scrf,vs,225,20136.714285714286,15007.588352007468,True
scrf,vs,226,20156.285714285714,15058.93116883117,True
scrf,vs,227,20284.428571428572,15058.93116883117,True
scrf,vs,228,20290.14285714286,15127.627129443328,True
scrf,vs,229,20797.285714285714,15127.627129443328,True
scrf,vs,230,20814.571428571428,15756.188095238096,True
scrf,vs,231,20889.2,15756.188095238096,True
scrf,vs,232,20893.0,15779.400669642857,True
scrf,vs,233,21160.285714285714,15779.400669642857,True
scrf,vs,234,21166.14285714286,15804.748658008659,True
scrf,vs,235,21704.85714285714,15804.748658008659,True
scrf,vs,236,21711.0,15865.249551820727,True
scrf,vs,237,22620.285714285714,15865.249551820727,False
scrf,vs,238,22642.285714285714,16680.36984126984,False
scrf,vs,239,22990.285714285714,16680.36984126984,False
scrf,vs,240,22990.714285714286,16762.40158730159,False
scrf,vs,241,23657.714285714286,16762.40158730159,False
scrf,vs,242,23683.571428571428,17266.059163059166,False
scrf,vs,243,24221.14285714286,17266.059163059166,False
scrf,vs,244,24241.6,17480.183333333334,False
scrf,vs,245,24263.714285714286,17480.183333333334,False
scrf,vs,246,24285.5,17516.53439153439,False
scrf,vs,247,24388.285714285714,17516.53439153439,False
scrf,vs,248,24397.85714285714,17562.943915343916,False
scrf,vs,249,24790.14285714286,17562.943915343916,False
scrf,vs,250,24806.285714285714,17930.36047619048,False
scrf,vs,251,26168.666666666668,17930.36047619048,False
scrf,vs,252,26174.166666666668,18255.02901785714,False
scrf,vs,253,26787.714285714286,18255.02901785714,False
scrf,vs,254,26796.666666666668,18505.55753968254,False
scrf,vs,255,26899.428571428572,18505.55753968254,False
scrf,vs,256,26926.571428571428,19285.370748299323,False
scrf,vs,257,27036.5,19285.370748299323,False
scrf,vs,258,27074.14285714286,19351.56057142857,False
scrf,vs,259,28176.0,19351.56057142857,False
scrf,vs,260,28294.5,19749.06097308489,False
scrf,vs,261,29336.5,19749.06097308489,False
scrf,vs,262,29394.0,19801.333333333332,False
scrf,vs,263,29412.285714285714,20736.526904761904,False
scrf,vs,264,31344.333333333332,20736.526904761904,False
scrf,vs,265,31367.0,21626.885714285712,False
scrf,vs,266,32111.428571428572,21626.885714285712,False
scrf,vs,267,32160.714285714286,22128.571428571428,False
scrf,vs,268,33299.857142857145,22128.571428571428,False
scrf,vs,269,33372.666666666664,22848.788003663005,False
scrf,vs,270,40221.142857142855,22848.788003663005,False
scrf,vs,271,41458.0,23930.380952380954,False
scrf,vs,272,41493.71428571428,23930.380952380954,False
scrf,vs,273,41810.0,25046.424603174604,False
scrf,vs,274,43564.142857142855,25046.424603174604,False
scrf,vs,275,44383.857142857145,27548.571428571428,False
scrf,vs,276,44589.166666666664,28203.011904761905,False
scrf,vs,277,48312.28571428572,28203.011904761905,False
scrf,vsrev,1,5.571428571428571,40.61904761904761,False
scrf,vsrev,2,17.285714285714285,40.61904761904761,False
scrf,vsrev,3,21.285714285714285,64.57142857142857,False
scrf,vsrev,4,25.857142857142858,64.57142857142857,False
scrf,vsrev,5,30.0,109.74166666666667,False
scrf,vsrev,6,65.28571428571429,109.74166666666667,False
scrf,vsrev,7,67.42857142857143,190.07142857142858,False
scrf,vsrev,8,69.42857142857143,190.07142857142858,False
scrf,vsrev,9,74.0,353.67582417582423,False
scrf,vsrev,10,140.42857142857142,353.67582417582423,False
scrf,vsrev,11,142.0,355.4999149659865,False
scrf,vsrev,12,213.66666666666666,355.4999149659865,False
scrf,vsrev,13,227.85714285714286,618.3227513227513,False
scrf,vsrev,14,338.7142857142857,618.3227513227513,False
scrf,vsrev,15,344.1666666666667,632.1666666666666,False
scrf,vsrev,16,346.57142857142856,632.1666666666666,False
scrf,vsrev,17,352.14285714285717,993.5309523809522,False
scrf,vsrev,18,643.0,993.5309523809522,False
scrf,vsrev,19,644.1428571428571,1109.306451612903,False
scrf,vsrev,20,978.7142857142857,1109.306451612903,False
scrf,vsrev,21,983.2857142857143,1229.5833333333335,False
scrf,vsrev,22,996.1428571428571,1229.5833333333335,False
scrf,vsrev,23,1000.5714285714286,1248.3875776397515,False
scrf,vsrev,24,1125.142857142857,1248.3875776397515,False
scrf,vsrev,25,1136.2857142857142,1501.671631205673,False
scrf,vsrev,26,1624.7142857142858,1501.671631205673,False
scrf,vsrev,27,1632.5714285714287,1569.7142857142858,False
scrf,vsrev,28,1634.0,1569.7142857142858,False
scrf,vsrev,29,1639.2857142857142,1644.2621489621488,False
scrf,vsrev,30,1849.4285714285713,1644.2621489621488,False
scrf,vsrev,31,1856.5,1703.9098639455783,False
scrf,vsrev,32,1906.4285714285713,1703.9098639455783,False
scrf,vsrev,33,1917.4285714285713,1804.8740079365082,False
scrf,vsrev,34,2393.6666666666665,1804.8740079365082,True
scrf,vsrev,35,2397.5714285714284,1824.3988095238094,True
scrf,vsrev,36,2522.0,1824.3988095238094,True
scrf,vsrev,37,2523.714285714286,1988.4154761904763,True
scrf,vsrev,38,2684.1428571428573,1988.4154761904763,True
scrf,vsrev,39,2686.285714285714,2000.5714285714287,True
scrf,vsrev,40,2737.0,2000.5714285714287,True
scrf,vsrev,41,2738.0,2346.0724675324677,True
scrf,vsrev,42,2920.714285714286,2346.0724675324677,True
scrf,vsrev,43,2936.0,2411.638051146385,True
scrf,vsrev,44,3122.4285714285716,2411.638051146385,True
scrf,vsrev,45,3125.0,2552.734523809524,True
scrf,vsrev,46,3313.4285714285716,2552.734523809524,True
scrf,vsrev,47,3314.5714285714284,2629.426504941599,True
scrf,vsrev,48,3509.285714285714,2629.426504941599,True
scrf,vsrev,49,3512.714285714286,2849.6698328267476,True
scrf,vsrev,50,3768.285714285714,2849.6698328267476,True
scrf,vsrev,51,3771.8571428571427,3209.284343434344,True
scrf,vsrev,52,3982.714285714286,3209.284343434344,True
scrf,vsrev,53,3987.1428571428573,3290.9534632034633,True
scrf,vsrev,54,4117.714285714285,3290.9534632034633,True
scrf,vsrev,55,4118.0,3509.646511627907,True
scrf,vsrev,56,4274.428571428572,3509.646511627907,True
scrf,vsrev,57,4275.0,3559.4416471506634,True
scrf,vsrev,58,4660.714285714285,3559.4416471506634,True
scrf,vsrev,59,4665.0,3614.004351851852,True
scrf,vsrev,60,5138.714285714285,3614.004351851852,True
scrf,vsrev,61,5139.666666666667,3781.9685249709646,True
scrf,vsrev,62,5263.285714285715,3781.9685249709646,True
scrf,vsrev,63,5264.666666666667,4062.2146520146516,True
scrf,vsrev,64,5320.857142857143,4062.2146520146516,True
scrf,vsrev,65,5321.0,4067.317722140402,True
scrf,vsrev,66,5540.5,4067.317722140402,True
scrf,vsrev,67,5543.166666666667,4109.7141156462585,True
scrf,vsrev,68,5618.0,4109.7141156462585,True
scrf,vsrev,69,5620.571428571428,4332.038072122052,True
scrf,vsrev,70,5839.285714285715,4332.038072122052,True
scrf,vsrev,71,5841.857142857143,4435.428571428572,True
scrf,vsrev,72,5843.0,4435.428571428572,True
scrf,vsrev,73,5848.571428571428,4623.715004492364,True
scrf,vsrev,74,6173.0,4623.715004492364,True
scrf,vsrev,75,6176.857142857143,4961.0935714285715,True
scrf,vsrev,76,6187.428571428572,4961.0935714285715,True
scrf,vsrev,77,6187.571428571428,4984.58011063011,True
scrf,vsrev,78,6360.285714285715,4984.58011063011,True
scrf,vsrev,79,6360.714285714285,5092.569230769232,True
scrf,vsrev,80,6549.0,5092.569230769232,True
scrf,vsrev,81,6551.714285714285,5234.230390211638,True
scrf,vsrev,82,6843.428571428572,5234.230390211638,True
scrf,vsrev,83,6844.0,5397.758896569381,True
scrf,vsrev,84,7215.857142857143,5397.758896569381,True
scrf,vsrev,85,7218.142857142857,5679.958503401361,True
scrf,vsrev,86,7296.0,5679.958503401361,True
scrf,vsrev,87,7296.166666666667,5734.697505668933,True
scrf,vsrev,88,7342.714285714285,5734.697505668933,True
scrf,vsrev,89,7343.833333333333,5847.361022311022,True
scrf,vsrev,90,7586.714285714285,5847.361022311022,True
scrf,vsrev,91,7587.75,5897.277272727273,True
scrf,vsrev,92,7627.428571428572,5897.277272727273,True
scrf,vsrev,93,7628.0,6062.713425271099,True
scrf,vsrev,94,7966.571428571428,6062.713425271099,True
scrf,vsrev,95,7967.857142857143,6234.886976911977,True
scrf,vsrev,96,8082.857142857143,6234.886976911977,True
scrf,vsrev,97,8083.428571428572,6395.700063492063,True
scrf,vsrev,98,8221.0,6395.700063492063,True
scrf,vsrev,99,8221.333333333334,6657.5,True
scrf,vsrev,100,8223.25,6660.648057857956,True
scrf,vsrev,101,8718.4,6660.648057857956,True
scrf,vsrev,102,8719.285714285714,6856.63253968254,True
scrf,vsrev,103,8890.833333333334,6856.63253968254,True
scrf,vsrev,104,8893.0,6945.565476190478,True
scrf,vsrev,105,8940.857142857143,6945.565476190478,True
scrf,vsrev,106,8941.42857142857,7076.389398496241,True
scrf,vsrev,107,9084.714285714286,7076.389398496241,True
scrf,vsrev,108,9085.857142857143,7292.015488215487,True
scrf,vsrev,109,9213.285714285714,7292.015488215487,True
scrf,vsrev,110,9214.142857142857,7404.9886018237075,True
scrf,vsrev,111,9287.57142857143,7404.9886018237075,True
scrf,vsrev,112,9288.42857142857,7418.036607142857,True
scrf,vsrev,113,9314.857142857143,7418.036607142857,True
scrf,vsrev,114,9319.285714285714,7422.246014492754,True
scrf,vsrev,115,9458.57142857143,7422.246014492754,True
scrf,vsrev,116,9460.714285714286,7566.090782312924,True
scrf,vsrev,117,9569.142857142857,7566.090782312924,True
scrf,vsrev,118,9571.333333333334,7594.855172068827,True
scrf,vsrev,119,9923.0,7594.855172068827,True
scrf,vsrev,120,9923.42857142857,7609.394444444444,True
scrf,vsrev,121,9952.714285714286,7609.394444444444,True
scrf,vsrev,122,9953.57142857143,7716.0070861678005,True
scrf,vsrev,123,10024.142857142857,7716.0070861678005,True
scrf,vsrev,124,10024.2,7823.69746031746,True
scrf,vsrev,125,10087.857142857143,7823.69746031746,True
scrf,vsrev,126,10089.42857142857,8079.794396920444,True
scrf,vsrev,127,10349.142857142857,8079.794396920444,True
scrf,vsrev,128,10350.0,8110.416666666667,True
scrf,vsrev,129,10356.0,8110.416666666667,True
scrf,vsrev,130,10356.333333333334,8364.58180845372,True
scrf,vsrev,131,10498.57142857143,8364.58180845372,True
scrf,vsrev,132,10499.75,8394.595269423557,True
scrf,vsrev,133,10634.285714285714,8394.595269423557,True
scrf,vsrev,134,10635.714285714286,8550.40730496454,True
scrf,vsrev,135,11003.857142857143,8550.40730496454,True
scrf,vsrev,136,11004.285714285714,8583.285714285716,True
scrf,vsrev,137,11022.42857142857,8583.285714285716,True
scrf,vsrev,138,11024.857142857143,8593.59683982684,True
scrf,vsrev,139,11091.285714285714,8593.59683982684,True
scrf,vsrev,140,11093.0,8706.320122563795,True
scrf,vsrev,141,11457.285714285714,8706.320122563795,True
scrf,vsrev,142,11457.857142857143,8748.609353741496,True
scrf,vsrev,143,11504.285714285714,8748.609353741496,True
scrf,vsrev,144,11508.57142857143,9094.987535014006,True
scrf,vsrev,145,11617.57142857143,9094.987535014006,True
scrf,vsrev,146,11617.857142857143,9256.146420472951,True
scrf,vsrev,147,11849.0,9256.146420472951,True
scrf,vsrev,148,11852.42857142857,9307.47304839969,True
scrf,vsrev,149,12060.285714285714,9307.47304839969,True
scrf,vsrev,150,12062.857142857143,9539.777777777777,True
scrf,vsrev,151,12079.285714285714,9539.777777777777,True
scrf,vsrev,152,12082.714285714286,9680.395797258301,True
scrf,vsrev,153,12308.285714285714,9680.395797258301,True
scrf,vsrev,154,12312.57142857143,9906.773954311455,True
scrf,vsrev,155,12554.333333333334,9906.773954311455,True
scrf,vsrev,156,12557.57142857143,9910.009444444444,True
scrf,vsrev,157,12616.285714285714,9910.009444444444,True
scrf,vsrev,158,12619.57142857143,9996.430203442884,True
scrf,vsrev,159,13012.714285714286,9996.430203442884,True
scrf,vsrev,160,13015.0,9997.857142857143,True
scrf,vsrev,161,13015.142857142857,10358.104301720685,True
scrf,vsrev,162,13496.666666666666,10358.104301720685,True
scrf,vsrev,163,13502.857142857143,10560.33082884097,True
scrf,vsrev,164,13994.0,10560.33082884097,True
scrf,vsrev,165,13999.166666666666,10908.330538302276,True
scrf,vsrev,166,14164.5,10908.330538302276,True
scrf,vsrev,167,14164.57142857143,10910.658095238097,True
scrf,vsrev,168,14303.333333333334,10910.658095238097,True
scrf,vsrev,169,14304.5,11089.726666666666,True
scrf,vsrev,170,14330.57142857143,11089.726666666666,True
scrf,vsrev,171,14330.666666666666,11156.877976190475,True
scrf,vsrev,172,14348.142857142857,11156.877976190475,True
scrf,vsrev,173,14352.166666666666,11380.423160173159,True
scrf,vsrev,174,14523.714285714286,11380.423160173159,True
scrf,vsrev,175,14526.42857142857,11446.636224489795,True
scrf,vsrev,176,14561.5,11446.636224489795,True
scrf,vsrev,177,14563.57142857143,11666.972957393484,True
scrf,vsrev,178,14775.0,11666.972957393484,True
scrf,vsrev,179,14776.0,11749.470308956916,True
scrf,vsrev,180,15163.285714285714,11749.470308956916,True
scrf,vsrev,181,15168.142857142857,12021.48484026522,True
scrf,vsrev,182,15590.57142857143,12021.48484026522,True
scrf,vsrev,183,15592.285714285714,12040.47777777778,True
scrf,vsrev,184,15650.0,12040.47777777778,True
scrf,vsrev,185,15652.857142857143,12301.329585537917,True
scrf,vsrev,186,15789.857142857143,12301.329585537917,True
scrf,vsrev,187,15792.285714285714,12328.929971988795,True
scrf,vsrev,188,15906.714285714286,12328.929971988795,True
scrf,vsrev,189,15912.0,12332.785714285714,True
scrf,vsrev,190,15912.285714285714,12332.785714285714,True
scrf,vsrev,191,15918.714285714286,12613.278911564626,True
scrf,vsrev,192,15939.857142857143,12613.278911564626,True
scrf,vsrev,193,15943.166666666666,12624.037142857143,True
scrf,vsrev,194,15985.42857142857,12624.037142857143,True
scrf,vsrev,195,15987.0,12915.42857142857,True
scrf,vsrev,196,15990.333333333334,12949.458976190479,True
scrf,vsrev,197,16319.142857142857,12949.458976190479,True
scrf,vsrev,198,16319.285714285714,13052.056892230576,True
scrf,vsrev,199,16368.0,13052.056892230576,True
scrf,vsrev,200,16376.5,13079.331904761904,True
scrf,vsrev,201,16607.85714285714,13079.331904761904,True
scrf,vsrev,202,16609.333333333332,13318.306691729324,True
scrf,vsrev,203,16963.85714285714,13318.306691729324,True
scrf,vsrev,204,16974.428571428572,13416.451893287438,True
scrf,vsrev,205,17337.0,13416.451893287438,True
scrf,vsrev,206,17339.0,13597.156016156465,True
scrf,vsrev,207,17771.14285714286,13597.156016156465,True
scrf,vsrev,208,17794.285714285714,13875.357142857143,True
scrf,vsrev,209,17811.14285714286,13875.357142857143,True
scrf,vsrev,210,17820.0,14427.216364323507,True
scrf,vsrev,211,18146.85714285714,14427.216364323507,True
scrf,vsrev,212,18148.428571428572,14430.45546583851,True
scrf,vsrev,213,18706.428571428572,14430.45546583851,True
scrf,vsrev,214,18710.285714285714,14569.243035714288,True
scrf,vsrev,215,18955.833333333332,14569.243035714288,True
scrf,vsrev,216,18957.0,14797.480691056915,True
scrf,vsrev,217,19438.85714285714,14797.480691056915,True
scrf,vsrev,218,19474.285714285714,15329.118543956047,True
scrf,vsrev,219,20096.428571428572,15329.118543956047,True
scrf,vsrev,220,20103.0,15339.982248939185,True
scrf,vsrev,221,20797.285714285714,15339.982248939185,True
scrf,vsrev,222,20814.571428571428,15562.904761904763,True
scrf,vsrev,223,20853.285714285714,15562.904761904763,True
scrf,vsrev,224,20862.85714285714,15970.991836734695,True
scrf,vsrev,225,20893.0,15970.991836734695,True
scrf,vsrev,226,20927.285714285714,16532.90064102564,True
scrf,vsrev,227,21111.428571428572,16532.90064102564,True
scrf,vsrev,228,21112.14285714286,16691.67541871921,True
scrf,vsrev,229,22620.285714285714,16691.67541871921,False
scrf,vsrev,230,22642.285714285714,17592.01523809524,False
scrf,vsrev,231,22990.285714285714,17592.01523809524,False
scrf,vsrev,232,22990.714285714286,17662.02969924812,False
scrf,vsrev,233,23364.0,17662.02969924812,False
scrf,vsrev,234,23365.333333333332,17969.72839506173,False
scrf,vsrev,235,23642.714285714286,17969.72839506173,False
scrf,vsrev,236,23657.714285714286,18373.44670995671,False
scrf,vsrev,237,24450.714285714286,18373.44670995671,False
scrf,vsrev,238,24458.14285714286,18987.82176870748,False
scrf,vsrev,239,24715.85714285714,18987.82176870748,False
scrf,vsrev,240,24720.714285714286,19123.777777777774,False
scrf,vsrev,241,24863.85714285714,19123.777777777774,False
scrf,vsrev,242,24884.14285714286,19231.62815570673,False
scrf,vsrev,243,26201.714285714286,19231.62815570673,False
scrf,vsrev,244,26276.6,19973.692857142858,False
scrf,vsrev,245,26787.714285714286,19973.692857142858,False
scrf,vsrev,246,26796.666666666668,20296.854166666664,False
scrf,vsrev,247,26889.666666666668,20296.854166666664,False
scrf,vsrev,248,26893.428571428572,20333.571428571428,False
scrf,vsrev,249,26899.428571428572,20333.571428571428,False
scrf,vsrev,250,26926.571428571428,20459.285714285714,False
scrf,vsrev,251,26929.428571428572,20459.285714285714,False
scrf,vsrev,252,26955.285714285714,20737.904126984133,False
scrf,vsrev,253,28176.0,20737.904126984133,False
scrf,vsrev,254,28294.5,21371.75,False
scrf,vsrev,255,28391.8,22315.152761904767,False
scrf,vsrev,256,29511.14285714286,22315.152761904767,False
scrf,vsrev,257,29670.0,23740.37848639456,False
scrf,vsrev,258,31344.333333333332,23740.37848639456,False
scrf,vsrev,259,31367.0,24468.952380952378,False
scrf,vsrev,260,33299.857142857145,24468.952380952378,False
scrf,vsrev,261,33372.666666666664,25576.361904761907,False
scrf,vsrev,262,33719.666666666664,25576.361904761907,False
scrf,vsrev,263,34646.0,26016.52873015873,False
scrf,vsrev,264,36936.0,26016.52873015873,False
scrf,vsrev,265,37386.71428571428,27895.472619047618,False
scrf,vsrev,266,40221.142857142855,27895.472619047618,False
scrf,vsrev,267,41458.0,31888.502380952377,False
scrf,vsrev,268,43564.142857142855,31888.502380952377,False
scrf,vsrev,269,44383.857142857145,35020.73809523809,False
scrf,vsrev,270,44589.166666666664,35020.73809523809,False
scrf,vsrev,271,48312.28571428572,38310.28571428572,False
scssl,acti,1,0.0,2768.602040816327,False
scssl,acti,2,2.2857142857142856,2901.0357142857147,False
scssl,acti,3,4.714285714285714,2901.0357142857147,False
scssl,acti,4,6.285714285714286,3134.448051948052,False
scssl,acti,5,9.857142857142858,3134.448051948052,False
scssl,acti,6,10.142857142857142,3228.9285714285716,False
scssl,acti,7,10.428571428571429,3228.9285714285716,False
scssl,acti,8,11.666666666666666,3544.952380952381,False
scssl,acti,9,12.571428571428571,3544.952380952381,False
scssl,acti,10,13.0,4232.583333333333,False
scssl,acti,11,13.571428571428571,4232.583333333333,False
scssl,acti,12,14.0,4820.430735930737,False
scssl,acti,13,19.0,4820.430735930737,False
scssl,acti,14,19.166666666666668,5165.428735632184,False
scssl,acti,15,796.7142857142857,5165.428735632184,False
scssl,acti,16,806.8333333333334,5170.821000535046,False
scssl,acti,17,1370.0,5170.821000535046,False
scssl,acti,18,1372.2857142857142,5725.185934744269,False
scssl,acti,19,2174.5714285714284,5725.185934744269,True
scssl,acti,20,2178.714285714286,5737.15873015873,True
scssl,acti,21,2234.4285714285716,5737.15873015873,True
scssl,acti,22,2237.6666666666665,5770.7797619047615,True
scssl,acti,23,2270.4285714285716,5770.7797619047615,True
scssl,acti,24,2276.0,6198.603835978835,True
scssl,acti,25,2334.0,6198.603835978835,True
scssl,acti,26,2334.8571428571427,6207.28619047619,True
scssl,acti,27,2442.0,6207.28619047619,True
scssl,acti,28,2447.285714285714,6218.998290598291,True
scssl,acti,29,2585.5714285714284,6218.998290598291,True
scssl,acti,30,2586.8571428571427,6615.989087301587,True
scssl,acti,31,2795.285714285714,6615.989087301587,True
scssl,acti,32,2795.714285714286,6641.142857142857,True
scssl,acti,33,2796.5714285714284,6987.928571428571,True
scssl,acti,34,2802.285714285714,6987.928571428571,True
scssl,acti,35,2802.6666666666665,7005.856600660064,True
scssl,acti,36,3063.4285714285716,7005.856600660064,True
scssl,acti,37,3067.8571428571427,7209.130997304582,True
scssl,acti,38,3443.6666666666665,7209.130997304582,True
scssl,acti,39,3444.285714285714,7432.585683955111,True
scssl,acti,40,3842.8333333333335,7432.585683955111,True
scssl,acti,41,3844.3333333333335,7435.666666666667,True
scssl,acti,42,3845.5714285714284,7857.178911564624,True
scssl,acti,43,4125.0,7857.178911564624,True
scssl,acti,44,4128.333333333333,8117.523809523809,True
scssl,acti,45,4130.428571428572,8117.523809523809,True
scssl,acti,46,4131.285714285715,8158.0878016960205,True
scssl,acti,47,4524.0,8158.0878016960205,True
scssl,acti,48,4525.142857142857,8403.789488966318,True
scssl,acti,49,4584.428571428572,8403.789488966318,True
scssl,acti,50,4584.714285714285,8550.935532879821,True
scssl,acti,51,4749.0,8550.935532879821,True
scssl,acti,52,4750.714285714285,8665.619008587042,True
scssl,acti,53,5031.0,8665.619008587042,True
scssl,acti,54,5031.571428571428,8670.304761904761,True
scssl,acti,55,5048.285714285715,8670.304761904761,True
scssl,acti,56,5049.571428571428,8856.476190476189,True
scssl,acti,57,5051.285714285715,8856.476190476189,True
scssl,acti,58,5052.8,8871.587294563844,True
scssl,acti,59,5203.0,8871.587294563844,True
scssl,acti,60,5203.666666666667,9145.580586080587,True
scssl,acti,61,5227.714285714285,9145.580586080587,True
scssl,acti,62,5231.285714285715,9189.747023809523,True
scssl,acti,63,5241.714285714285,9189.747023809523,True
scssl,acti,64,5243.0,9386.025824175824,True
scssl,acti,65,5371.0,9386.025824175824,True
scssl,acti,66,5371.142857142857,9427.909523809521,True
scssl,acti,67,5377.857142857143,9427.909523809521,True
scssl,acti,68,5378.333333333333,9467.595238095239,True
scssl,acti,69,5379.285714285715,9467.595238095239,True
scssl,acti,70,5382.857142857143,9529.151548011947,True
scssl,acti,71,5794.857142857143,9529.151548011947,True
scssl,acti,72,5795.428571428572,9537.742425810904,True
scssl,acti,73,5981.571428571428,9537.742425810904,True
scssl,acti,74,5982.428571428572,9857.99735812133,True
scssl,acti,75,6087.333333333333,9857.99735812133,True
scssl,acti,76,6089.428571428572,10309.871420187794,True
scssl,acti,77,6753.714285714285,10309.871420187794,True
scssl,acti,78,6754.0,10406.353798822902,True
scssl,acti,79,6868.166666666667,10406.353798822902,True
scssl,acti,80,6868.857142857143,10589.485983560091,True
scssl,acti,81,7070.285714285715,10589.485983560091,True
scssl,acti,82,7072.4,10646.356753246755,True
scssl,acti,83,7156.666666666667,10646.356753246755,True
scssl,acti,84,7157.285714285715,10693.23797437757,True
scssl,acti,85,7392.5,10693.23797437757,True
scssl,acti,86,7396.0,10850.220079365077,True
scssl,acti,87,7430.571428571428,10850.220079365077,True
scssl,acti,88,7430.857142857143,11035.38503968254,True
scssl,acti,89,7506.714285714285,11035.38503968254,True
scssl,acti,90,7507.0,11260.410828440967,True
scssl,acti,91,7686.428571428572,11260.410828440967,True
scssl,acti,92,7686.571428571428,11282.08199404762,True
scssl,acti,93,7705.333333333333,11282.08199404762,True
scssl,acti,94,7706.428571428572,11499.146478174604,True
scssl,acti,95,7769.666666666667,11499.146478174604,True
scssl,acti,96,7770.0,11643.565018315021,True
scssl,acti,97,8628.42857142857,11643.565018315021,True
scssl,acti,98,8628.857142857143,12277.594642857142,True
scssl,acti,99,8645.0,12277.594642857142,True
scssl,acti,100,8646.57142857143,12311.030952380952,True
scssl,acti,101,8669.166666666666,12311.030952380952,True
scssl,acti,102,8673.714285714286,12355.632059800662,True
scssl,acti,103,8997.857142857143,12355.632059800662,True
scssl,acti,104,9000.5,12583.602417027418,True
scssl,acti,105,9290.666666666666,12583.602417027418,True
scssl,acti,106,9291.857142857143,12590.179358678954,True
scssl,acti,107,9618.42857142857,12590.179358678954,True
scssl,acti,108,9619.57142857143,12593.9933982684,True
scssl,acti,109,9637.714285714286,12593.9933982684,True
scssl,acti,110,9639.142857142857,12784.613424804951,True
scssl,acti,111,9871.857142857143,12784.613424804951,True
scssl,acti,112,9873.333333333334,12859.800612244899,True
scssl,acti,113,9987.166666666666,12859.800612244899,True
scssl,acti,114,9987.75,13090.278046811947,True
scssl,acti,115,10071.42857142857,13090.278046811947,True
scssl,acti,116,10071.57142857143,13185.714285714286,True
scssl,acti,117,10071.714285714286,13185.714285714286,True
scssl,acti,118,10072.714285714286,13336.618033126293,True
scssl,acti,119,10254.285714285714,13336.618033126293,True
scssl,acti,120,10255.4,13561.373029012928,True
scssl,acti,121,10703.57142857143,13561.373029012928,True
scssl,acti,122,10704.142857142857,13839.446811224487,True
scssl,acti,123,10973.0,13839.446811224487,True
scssl,acti,124,10974.142857142857,13899.40826190476,True
scssl,acti,125,11330.714285714286,13899.40826190476,True
scssl,acti,126,11332.57142857143,13941.142857142857,True
scssl,acti,127,11333.857142857143,13993.542857142858,True
scssl,acti,128,11346.142857142857,13993.542857142858,True
scssl,acti,129,11348.42857142857,14350.508759920636,True
scssl,acti,130,11820.285714285714,14350.508759920636,True
scssl,acti,131,11821.142857142857,14367.823125633227,True
scssl,acti,132,11975.142857142857,14367.823125633227,True
scssl,acti,133,11977.142857142857,14698.69458605019,True
scssl,acti,134,12449.714285714286,14698.69458605019,True
scssl,acti,135,12451.57142857143,14811.888632872504,True
scssl,acti,136,12506.57142857143,14811.888632872504,True
scssl,acti,137,12507.142857142857,15008.409532931948,True
scssl,acti,138,13184.57142857143,15008.409532931948,True
scssl,acti,139,13186.285714285714,15171.571833839922,True
scssl,acti,140,13295.0,15171.571833839922,True
scssl,acti,141,13301.714285714286,15352.837021475261,True
scssl,acti,142,13424.857142857143,15352.837021475261,True
scssl,acti,143,13429.57142857143,15533.823677248678,True
scssl,acti,144,13524.285714285714,15533.823677248678,True
scssl,acti,145,13524.57142857143,15685.689115646257,True
scssl,acti,146,13546.714285714286,15685.689115646257,True
scssl,acti,147,13552.857142857143,15721.920634920634,True
scssl,acti,148,13574.142857142857,15721.920634920634,True
scssl,acti,149,13576.142857142857,15850.639534275248,True
scssl,acti,150,13877.42857142857,15850.639534275248,True
scssl,acti,151,13885.42857142857,15943.88197518444,True
scssl,acti,152,14387.166666666666,15943.88197518444,True
scssl,acti,153,14387.714285714286,16082.62380952381,True
scssl,acti,154,14398.4,16082.62380952381,True
scssl,acti,155,14400.57142857143,16267.857142857143,True
scssl,acti,156,14404.714285714286,16598.177893518518,True
scssl,acti,157,15030.142857142857,16598.177893518518,True
scssl,acti,158,15042.42857142857,16656.776406926405,True
scssl,acti,159,15080.8,16656.776406926405,True
scssl,acti,160,15084.857142857143,16672.435374149663,True
scssl,acti,161,15136.857142857143,16672.435374149663,True
scssl,acti,162,15137.0,16926.97118702553,True
scssl,acti,163,15470.57142857143,16926.97118702553,True
scssl,acti,164,15473.57142857143,17283.28681318681,True
scssl,acti,165,16044.42857142857,17283.28681318681,True
scssl,acti,166,16056.57142857143,17621.66619047619,True
scssl,acti,167,16941.428571428572,17621.66619047619,True
scssl,acti,168,16942.571428571428,18538.308946980855,True
scssl,acti,169,18708.0,18538.308946980855,False
scssl,acti,170,18716.85714285714,19543.106837606836,False
scssl,acti,171,19291.428571428572,19543.106837606836,False
scssl,acti,172,19293.85714285714,20126.864770723107,False
scssl,acti,173,20155.285714285714,20126.864770723107,False
scssl,acti,174,20160.428571428572,20496.714285714286,False
scssl,acti,175,20203.85714285714,20496.714285714286,False
scssl,acti,176,20224.5,20547.449092970524,False
scssl,acti,177,20656.166666666668,20547.449092970524,False
scssl,acti,178,20694.285714285714,20581.767857142855,False
scssl,acti,179,20979.285714285714,20581.767857142855,False
scssl,acti,180,20988.0,20616.044,False
scssl,acti,181,21560.571428571428,20616.044,False
scssl,acti,182,21596.0,21447.714285714286,False
scssl,acti,183,21686.666666666668,21790.450517598343,False
scssl,acti,184,22164.571428571428,21790.450517598343,False
scssl,acti,185,22178.714285714286,22076.1857696567,False
scssl,acti,186,25042.85714285714,22076.1857696567,False
scssl,acti,187,25104.428571428572,22236.85714285714,False
scssl,acti,188,25234.285714285714,24692.614285714284,False
scssl,acti,189,26831.85714285714,24692.614285714284,False
scssl,acti,190,27172.714285714286,24932.285714285714,False
scssl,acti,191,27609.285714285714,25484.82142857143,False
scssl,acti,192,29174.428571428572,25484.82142857143,False
scssl,acti,193,29586.571428571428,28219.039682539686,False
scssl,acti,194,32888.71428571428,28219.039682539686,False
scssl,acti,195,33164.28571428572,30248.714285714286,False
scssl,adept,1,0.0,116.67802648049255,False
scssl,adept,2,2.2857142857142856,117.072670983153,False
scssl,adept,3,8.857142857142858,117.072670983153,False
scssl,adept,4,9.142857142857142,117.30765380531511,False
scssl,adept,5,11.666666666666666,117.30765380531511,False
scssl,adept,6,11.857142857142858,149.75091184183435,False
scssl,adept,7,12.571428571428571,149.75091184183435,False
scssl,adept,8,13.0,269.7254911863339,False
scssl,adept,9,13.571428571428571,269.7254911863339,False
scssl,adept,10,14.0,334.4536374445164,False
scssl,adept,11,108.42857142857143,334.4536374445164,False
scssl,adept,12,109.85714285714286,358.33089867942357,False
scssl,adept,13,796.7142857142857,358.33089867942357,False
scssl,adept,14,806.8333333333334,363.7369137962125,False
scssl,adept,15,852.7142857142857,363.7369137962125,False
scssl,adept,16,857.5714285714286,371.26228497682166,False
scssl,adept,17,876.7142857142857,371.26228497682166,False
scssl,adept,18,886.8571428571429,391.079466834498,False
scssl,adept,19,925.1428571428571,391.079466834498,False
scssl,adept,20,928.5714285714286,406.13938981469414,False
scssl,adept,21,938.0,406.13938981469414,False
scssl,adept,22,942.4285714285714,420.49016101262737,False
scssl,adept,23,1370.0,420.49016101262737,False
scssl,adept,24,1372.2857142857142,437.49611979322924,False
scssl,adept,25,2016.0,437.49611979322924,True
scssl,adept,26,2018.5714285714287,509.1532889586674,True
scssl,adept,27,2268.8571428571427,509.1532889586674,True
scssl,adept,28,2270.4285714285716,580.4182276742929,True
scssl,adept,29,2476.0,580.4182276742929,True
scssl,adept,30,2479.6666666666665,623.353848740998,True
scssl,adept,31,2503.1428571428573,623.353848740998,True
scssl,adept,32,2510.285714285714,623.6332675235763,True
scssl,adept,33,2852.285714285714,623.6332675235763,True
scssl,adept,34,2859.285714285714,728.7192343967334,True
scssl,adept,35,3035.1428571428573,728.7192343967334,True
scssl,adept,36,3044.714285714286,730.9204614041113,True
scssl,adept,37,3073.285714285714,730.9204614041113,True
scssl,adept,38,3075.8333333333335,791.9056741261594,True
scssl,adept,39,3293.4285714285716,791.9056741261594,True
scssl,adept,40,3296.714285714286,838.257081577484,True
scssl,adept,41,3390.1428571428573,838.257081577484,True
scssl,adept,42,3395.8571428571427,838.9472958892346,True
scssl,adept,43,3407.1666666666665,838.9472958892346,True
scssl,adept,44,3414.285714285714,847.3571834185639,True
scssl,adept,45,3656.714285714286,847.3571834185639,True
scssl,adept,46,3660.1428571428573,887.293882932641,True
scssl,adept,47,3840.0,887.293882932641,True
scssl,adept,48,3840.714285714286,1011.8119888841014,True
scssl,adept,49,4125.0,1011.8119888841014,True
scssl,adept,50,4128.333333333333,1091.0310180862136,True
scssl,adept,51,4219.142857142857,1091.0310180862136,True
scssl,adept,52,4220.2,1111.984180772592,True
scssl,adept,53,4260.0,1111.984180772592,True
scssl,adept,54,4260.857142857143,1122.781098665738,True
scssl,adept,55,4320.857142857143,1122.781098665738,True
scssl,adept,56,4322.333333333333,1137.6231859943036,True
scssl,adept,57,4524.0,1137.6231859943036,True
scssl,adept,58,4525.142857142857,1163.5353658684514,True
scssl,adept,59,4542.571428571428,1163.5353658684514,True
scssl,adept,60,4543.0,1197.7785047253187,True
scssl,adept,61,4600.0,1197.7785047253187,True
scssl,adept,62,4604.428571428572,1200.5051722563528,True
scssl,adept,63,4739.428571428572,1200.5051722563528,True
scssl,adept,64,4741.857142857143,1245.4574199439066,True
scssl,adept,65,4749.0,1245.4574199439066,True
scssl,adept,66,4750.714285714285,1254.3701782856115,True
scssl,adept,67,4767.833333333333,1254.3701782856115,True
scssl,adept,68,4768.666666666667,1330.20169765427,True
scssl,adept,69,5158.5,1330.20169765427,True
scssl,adept,70,5160.714285714285,1451.8145076773371,True
scssl,adept,71,5455.857142857143,1451.8145076773371,True
scssl,adept,72,5456.571428571428,1499.4536942581665,True
scssl,adept,73,5573.0,1499.4536942581665,True
scssl,adept,74,5573.428571428572,1528.7823542736023,True
scssl,adept,75,5747.6,1528.7823542736023,True
scssl,adept,76,5751.285714285715,1552.506499054996,True
scssl,adept,77,5877.857142857143,1552.506499054996,True
scssl,adept,78,5878.0,1566.2939789561328,True
scssl,adept,79,5906.571428571428,1566.2939789561328,True
scssl,adept,80,5908.0,1630.884774440615,True
scssl,adept,81,5958.285714285715,1630.884774440615,True
scssl,adept,82,5958.428571428572,1681.4505806309185,True
scssl,adept,83,6284.0,1681.4505806309185,True
scssl,adept,84,6284.142857142857,1806.3675071749976,True
scssl,adept,85,6507.5,1806.3675071749976,True
scssl,adept,86,6509.857142857143,1820.2349231995381,True
scssl,adept,87,6650.0,1820.2349231995381,True
scssl,adept,88,6650.142857142857,1831.720278761198,True
scssl,adept,89,6808.428571428572,1831.720278761198,True
scssl,adept,90,6809.0,1845.0283646296966,True
scssl,adept,91,7004.857142857143,1845.0283646296966,True
scssl,adept,92,7005.142857142857,1845.8960919251176,True
scssl,adept,93,7009.0,1845.8960919251176,True
scssl,adept,94,7009.428571428572,1890.425468677177,True
scssl,adept,95,7156.666666666667,1890.425468677177,True
scssl,adept,96,7157.285714285715,1960.5131163705296,True
scssl,adept,97,7412.0,1960.5131163705296,True
scssl,adept,98,7412.285714285715,2115.027358417724,True
scssl,adept,99,7695.428571428572,2115.027358417724,True
scssl,adept,100,7695.5,2143.1979125839684,True
scssl,adept,101,7878.666666666667,2143.1979125839684,True
scssl,adept,102,7880.166666666667,2224.8241279831236,True
scssl,adept,103,8213.42857142857,2224.8241279831236,True
scssl,adept,104,8216.166666666666,2253.944666076945,True
scssl,adept,105,8253.714285714286,2253.944666076945,True
scssl,adept,106,8253.857142857143,2318.162618013445,True
scssl,adept,107,8265.714285714286,2318.162618013445,True
scssl,adept,108,8268.42857142857,2326.1779335990122,True
scssl,adept,109,8276.666666666666,2326.1779335990122,True
scssl,adept,110,8278.57142857143,2418.1158494186084,True
scssl,adept,111,8641.42857142857,2418.1158494186084,True
scssl,adept,112,8643.285714285714,2476.7052713773573,True
scssl,adept,113,8662.285714285714,2476.7052713773573,True
scssl,adept,114,8662.714285714286,2488.2318726064495,True
scssl,adept,115,8755.333333333334,2488.2318726064495,True
scssl,adept,116,8756.142857142857,2497.998856432338,True
scssl,adept,117,8860.0,2497.998856432338,True
scssl,adept,118,8860.142857142857,2546.0887957881664,True
scssl,adept,119,9038.285714285714,2546.0887957881664,True
scssl,adept,120,9038.75,2606.3495541276757,True
scssl,adept,121,9202.714285714286,2606.3495541276757,True
scssl,adept,122,9210.0,2638.8937316853335,True
scssl,adept,123,9316.714285714286,2638.8937316853335,True
scssl,adept,124,9318.857142857143,2656.933387733817,True
scssl,adept,125,9696.0,2656.933387733817,True
scssl,adept,126,9696.142857142857,2860.498155890236,True
scssl,adept,127,10358.285714285714,2860.498155890236,True
scssl,adept,128,10358.333333333334,2899.5092825449997,True
scssl,adept,129,10575.857142857143,2899.5092825449997,True
scssl,adept,130,10577.285714285714,2973.156992224003,True
scssl,adept,131,10754.142857142857,2973.156992224003,True
scssl,adept,132,10755.42857142857,3001.6043905944584,True
scssl,adept,133,10758.42857142857,3001.6043905944584,True
scssl,adept,134,10761.714285714286,3024.9129944320807,True
scssl,adept,135,11024.5,3024.9129944320807,True
scssl,adept,136,11025.285714285714,3062.92977761752,True
scssl,adept,137,11082.714285714286,3062.92977761752,True
scssl,adept,138,11083.142857142857,3180.611118812033,True
scssl,adept,139,11715.0,3180.611118812033,True
scssl,adept,140,11715.285714285714,3269.316285458643,True
scssl,adept,141,11830.0,3269.316285458643,True
scssl,adept,142,11834.857142857143,3329.6457482097294,True
scssl,adept,143,12114.333333333334,3329.6457482097294,True
scssl,adept,144,12114.857142857143,3395.8910000685796,True
scssl,adept,145,12116.57142857143,3446.6103888623747,True
scssl,adept,146,12310.285714285714,3446.6103888623747,True
scssl,adept,147,12313.857142857143,3545.4577101282916,True
scssl,adept,148,12902.0,3545.4577101282916,True
scssl,adept,149,12905.285714285714,3660.733571369188,True
scssl,adept,150,12920.833333333334,3660.733571369188,True
scssl,adept,151,12922.714285714286,3817.735741910101,True
scssl,adept,152,13244.833333333334,3817.735741910101,True
scssl,adept,153,13245.142857142857,3821.212258495808,True
scssl,adept,154,13335.0,3821.212258495808,True
scssl,adept,155,13335.142857142857,3888.8861901392247,True
scssl,adept,156,13335.42857142857,3888.8861901392247,True
scssl,adept,157,13342.714285714286,3895.1353253390917,True
scssl,adept,158,13996.714285714286,3895.1353253390917,True
scssl,adept,159,13998.0,3966.133830429521,True
scssl,adept,160,14298.714285714286,3966.133830429521,True
scssl,adept,161,14299.42857142857,4124.385433373904,True
scssl,adept,162,14321.857142857143,4124.385433373904,True
scssl,adept,163,14328.57142857143,4135.948203011291,True
scssl,adept,164,14554.285714285714,4135.948203011291,True
scssl,adept,165,14559.6,4258.18579769718,True
scssl,adept,166,14932.857142857143,4258.18579769718,True
scssl,adept,167,14940.4,4392.344498879466,True
scssl,adept,168,15091.42857142857,4392.344498879466,True
scssl,adept,169,15095.857142857143,4459.237479876174,True
scssl,adept,170,15728.285714285714,4459.237479876174,True
scssl,adept,171,15736.857142857143,4638.837588001014,True
scssl,adept,172,15810.857142857143,4638.837588001014,True
scssl,adept,173,15816.714285714286,4740.0495887301195,True
scssl,adept,174,17375.285714285714,4740.0495887301195,False
scssl,adept,175,17377.333333333332,4881.921762160997,False
scssl,adept,176,17804.0,4881.921762160997,False
scssl,adept,177,17810.285714285714,5213.201820832378,False
scssl,adept,178,18136.428571428572,5213.201820832378,False
scssl,adept,179,18157.714285714286,5278.7665779920635,False
scssl,adept,180,18668.0,5278.7665779920635,False
scssl,adept,181,18679.14285714286,5319.68168076127,False
scssl,adept,182,19406.571428571428,5319.68168076127,False
scssl,adept,183,19431.0,5578.981431339508,False
scssl,adept,184,19433.85714285714,5578.981431339508,False
scssl,adept,185,19440.85714285714,5579.373006349466,False
scssl,adept,186,19443.571428571428,5591.4675054760155,False
scssl,adept,187,21086.571428571428,5591.4675054760155,False
scssl,adept,188,21088.428571428572,5943.811534354753,False
scssl,adept,189,21746.714285714286,5943.811534354753,False
scssl,adept,190,21770.8,6036.222978123763,False
scssl,adept,191,22161.714285714286,6036.222978123763,False
scssl,adept,192,22164.571428571428,6124.659865871917,False
scssl,adept,193,22543.833333333332,6124.659865871917,False
scssl,adept,194,22568.85714285714,6322.049461567262,False
scssl,adept,195,22569.571428571428,7180.639685417606,False
scssl,adept,196,24281.428571428572,7180.639685417606,False
scssl,adept,197,24403.14285714286,7931.752781352793,False
scssl,adept,198,24819.0,7931.752781352793,False
scssl,adept,199,24915.5,7972.958036158825,False
scssl,adept,200,26329.75,7972.958036158825,False
scssl,adept,201,26400.571428571428,8355.87382426941,False
scssl,adept,202,33164.28571428572,8355.87382426941,False
scssl,oak,1,0.0,960.9039621489624,False
scssl,oak,2,11.666666666666666,960.9039621489624,False
scssl,oak,3,11.857142857142858,1549.1821428571434,False
scssl,oak,4,12.571428571428571,1549.1821428571434,False
scssl,oak,5,13.0,2038.519444444445,False
scssl,oak,6,13.571428571428571,2038.519444444445,False
scssl,oak,7,14.0,2213.4659090909095,False
scssl,oak,8,19.0,2213.4659090909095,False
scssl,oak,9,19.166666666666668,2707.1429719387766,False
scssl,oak,10,109.85714285714286,2707.1429719387766,False
scssl,oak,11,110.57142857142857,2716.5956493506496,False
scssl,oak,12,156.14285714285714,2716.5956493506496,False
scssl,oak,13,158.0,2855.9727103174605,False
scssl,oak,14,274.14285714285717,2855.9727103174605,False
scssl,oak,15,287.6666666666667,2901.4332792207797,False
scssl,oak,16,796.7142857142857,2901.4332792207797,False
scssl,oak,17,806.8333333333334,3123.69021669342,False
scssl,oak,18,1370.0,3123.69021669342,False
scssl,oak,19,1372.2857142857142,3622.5473058608063,False
scssl,oak,20,2016.0,3622.5473058608063,True
scssl,oak,21,2018.5714285714287,3741.2508333333344,True
scssl,oak,22,2215.0,3741.2508333333344,True
scssl,oak,23,2215.1666666666665,3810.3733516483526,True
scssl,oak,24,2255.285714285714,3810.3733516483526,True
scssl,oak,25,2258.4285714285716,3984.396895604397,True
scssl,oak,26,2442.0,3984.396895604397,True
scssl,oak,27,2447.285714285714,4258.21240873016,True
scssl,oak,28,2559.4285714285716,4258.21240873016,True
scssl,oak,29,2562.4285714285716,4581.175940623163,True
scssl,oak,30,2795.285714285714,4581.175940623163,True
scssl,oak,31,2795.714285714286,4710.028571428573,True
scssl,oak,32,2796.5714285714284,5009.567710355987,True
scssl,oak,33,3063.4285714285716,5009.567710355987,True
scssl,oak,34,3067.8571428571427,5449.09844559976,True
scssl,oak,35,3441.0,5449.09844559976,True
scssl,oak,36,3443.6666666666665,5754.960396313365,True
scssl,oak,37,3839.6666666666665,5754.960396313365,True
scssl,oak,38,3840.0,6099.586011904765,True
scssl,oak,39,3844.3333333333335,6099.586011904765,True
scssl,oak,40,3845.5714285714284,6361.886988851095,True
scssl,oak,41,4125.0,6361.886988851095,True
scssl,oak,42,4128.333333333333,6531.937871687136,True
scssl,oak,43,4524.0,6531.937871687136,True
scssl,oak,44,4525.142857142857,6751.740229384439,True
scssl,oak,45,4584.428571428572,6751.740229384439,True
scssl,oak,46,4584.714285714285,7160.642679138323,True
scssl,oak,47,4749.0,7160.642679138323,True
scssl,oak,48,4750.714285714285,7398.982599511601,True
scssl,oak,49,5051.142857142857,7398.982599511601,True
scssl,oak,50,5051.285714285715,7476.606465121137,True
scssl,oak,51,5203.0,7476.606465121137,True
scssl,oak,52,5203.666666666667,8051.266422558924,True
scssl,oak,53,5371.0,8051.266422558924,True
scssl,oak,54,5371.142857142857,8091.3705782312945,True
scssl,oak,55,5379.285714285715,8091.3705782312945,True
scssl,oak,56,5382.857142857143,8250.525209263393,True
scssl,oak,57,5543.714285714285,8250.525209263393,True
scssl,oak,58,5543.857142857143,8339.001530883921,True
scssl,oak,59,5981.571428571428,8339.001530883921,True
scssl,oak,60,5982.428571428572,8533.774675324676,True
scssl,oak,61,5995.285714285715,8533.774675324676,True
scssl,oak,62,5997.0,8851.263249007938,True
scssl,oak,63,6026.285714285715,8851.263249007938,True
scssl,oak,64,6026.857142857143,8884.656510416668,True
scssl,oak,65,6053.142857142857,8884.656510416668,True
scssl,oak,66,6056.857142857143,8894.403945578233,True
scssl,oak,67,6086.714285714285,8894.403945578233,True
scssl,oak,68,6087.333333333333,8912.850396825399,True
scssl,oak,69,6092.285714285715,8912.850396825399,True
scssl,oak,70,6092.428571428572,9235.26626984127,True
scssl,oak,71,6131.714285714285,9235.26626984127,True
scssl,oak,72,6132.333333333333,9236.359710884355,True
scssl,oak,73,6148.571428571428,9236.359710884355,True
scssl,oak,74,6149.285714285715,9283.455205895694,True
scssl,oak,75,6753.714285714285,9283.455205895694,True
scssl,oak,76,6754.0,9396.076979668274,True
scssl,oak,77,6868.166666666667,9396.076979668274,True
scssl,oak,78,6868.857142857143,9590.301267245217,True
scssl,oak,79,6999.857142857143,9590.301267245217,True
scssl,oak,80,7001.571428571428,9610.115548654247,True
scssl,oak,81,7155.571428571428,9610.115548654247,True
scssl,oak,82,7156.666666666667,9772.288617826618,True
scssl,oak,83,7389.714285714285,9772.288617826618,True
scssl,oak,84,7390.142857142857,10042.801103896105,True
scssl,oak,85,7421.5,10042.801103896105,True
scssl,oak,86,7422.285714285715,10520.674946344736,True
scssl,oak,87,7506.714285714285,10520.674946344736,True
scssl,oak,88,7507.0,10527.408675213679,True
scssl,oak,89,7697.571428571428,10527.408675213679,True
scssl,oak,90,7698.0,10698.787450396827,True
scssl,oak,91,7725.571428571428,10698.787450396827,True
scssl,oak,92,7726.285714285715,10717.856454703835,True
scssl,oak,93,7788.0,10717.856454703835,True
scssl,oak,94,7791.0,10906.279259621657,True
scssl,oak,95,8052.714285714285,10906.279259621657,True
scssl,oak,96,8053.571428571428,10915.498307593312,True
scssl,oak,97,8283.666666666666,10915.498307593312,True
scssl,oak,98,8283.857142857143,10973.704222470238,True
scssl,oak,99,8426.166666666666,10973.704222470238,True
scssl,oak,100,8426.42857142857,11008.497549415997,True
scssl,oak,101,8628.42857142857,11008.497549415997,True
scssl,oak,102,8628.857142857143,11750.124925595239,True
scssl,oak,103,8640.42857142857,11750.124925595239,True
scssl,oak,104,8641.42857142857,11934.344642857146,True
scssl,oak,105,8645.0,11934.344642857146,True
scssl,oak,106,8646.57142857143,12050.997241349778,True
scssl,oak,107,8997.857142857143,12050.997241349778,True
scssl,oak,108,9000.5,12066.256979918233,True
scssl,oak,109,9290.666666666666,12066.256979918233,True
scssl,oak,110,9291.857142857143,12143.052113776805,True
scssl,oak,111,9628.714285714286,12143.052113776805,True
scssl,oak,112,9630.57142857143,12328.54330357143,True
scssl,oak,113,9650.857142857143,12328.54330357143,True
scssl,oak,114,9651.42857142857,12460.10877006421,True
scssl,oak,115,9893.142857142857,12460.10877006421,True
scssl,oak,116,9894.42857142857,12697.42781615925,True
scssl,oak,117,10071.714285714286,12697.42781615925,True
scssl,oak,118,10072.714285714286,13094.261383219957,True
scssl,oak,119,10364.285714285714,13094.261383219957,True
scssl,oak,120,10364.5,13172.803114557228,True
scssl,oak,121,10703.57142857143,13172.803114557228,True
scssl,oak,122,10704.142857142857,13559.598802395212,True
scssl,oak,123,10972.57142857143,13559.598802395212,True
scssl,oak,124,10973.0,13586.057142857142,True
scssl,oak,125,10974.142857142857,13829.078117198338,True
scssl,oak,126,11346.142857142857,13829.078117198338,True
scssl,oak,127,11348.42857142857,14280.600014880956,True
scssl,oak,128,11820.285714285714,14280.600014880956,True
scssl,oak,129,11821.142857142857,14360.07983766234,True
scssl,oak,130,11968.285714285714,14360.07983766234,True
scssl,oak,131,11970.285714285714,14534.907539682543,True
scssl,oak,132,11975.142857142857,14534.907539682543,True
scssl,oak,133,11977.142857142857,14849.803571428572,True
scssl,oak,134,11977.714285714286,14849.803571428572,True
scssl,oak,135,11979.0,14904.08544532628,True
scssl,oak,136,12506.57142857143,14904.08544532628,True
scssl,oak,137,12507.142857142857,15149.45357142858,True
scssl,oak,138,12508.142857142857,15149.45357142858,True
scssl,oak,139,12510.166666666666,15346.51030392802,True
scssl,oak,140,13066.857142857143,15346.51030392802,True
scssl,oak,141,13067.142857142857,15365.142301587304,True
scssl,oak,142,13151.714285714286,15365.142301587304,True
scssl,oak,143,13153.285714285714,15518.253333333334,True
scssl,oak,144,13184.57142857143,15518.253333333334,True
scssl,oak,145,13186.285714285714,15606.472928064846,True
scssl,oak,146,13295.0,15606.472928064846,True
scssl,oak,147,13301.714285714286,15775.917120708753,True
scssl,oak,148,13520.285714285714,15775.917120708753,True
scssl,oak,149,13524.285714285714,16373.714010081518,True
scssl,oak,150,13888.42857142857,16373.714010081518,True
scssl,oak,151,13891.0,16515.148969221835,True
scssl,oak,152,14298.57142857143,16515.148969221835,True
scssl,oak,153,14298.714285714286,16702.17709109731,True
scssl,oak,154,14400.57142857143,16702.17709109731,True
scssl,oak,155,14404.714285714286,17214.724997886733,True
scssl,oak,156,15136.857142857143,17214.724997886733,True
scssl,oak,157,15137.0,17804.904677363706,True
scssl,oak,158,15470.57142857143,17804.904677363706,True
scssl,oak,159,15473.57142857143,17862.686175595238,True
scssl,oak,160,15529.857142857143,17862.686175595238,True
scssl,oak,161,15530.857142857143,18084.753807166435,True
scssl,oak,162,16044.42857142857,18084.753807166435,True
scssl,oak,163,16056.57142857143,18586.525954692563,True
scssl,oak,164,16774.0,18586.525954692563,True
scssl,oak,165,16776.285714285714,18870.030018601195,True
scssl,oak,166,16941.428571428572,18870.030018601195,True
scssl,oak,167,16942.571428571428,19659.334449404767,True
scssl,oak,168,17035.0,19659.334449404767,False
scssl,oak,169,17035.428571428572,19761.8883181606,False
scssl,oak,170,17995.428571428572,19761.8883181606,False
scssl,oak,171,18004.4,20097.961404109592,False
scssl,oak,172,18647.0,20097.961404109592,False
scssl,oak,173,18668.0,21193.185496515685,False
scssl,oak,174,19272.714285714286,21193.185496515685,False
scssl,oak,175,19291.428571428572,21503.254563492064,False
scssl,oak,176,19488.714285714286,21503.254563492064,False
scssl,oak,177,19502.285714285714,21589.983164682544,False
scssl,oak,178,19851.714285714286,21589.983164682544,False
scssl,oak,179,19883.571428571428,22023.398571428574,False
scssl,oak,180,20155.285714285714,22023.398571428574,False
scssl,oak,181,20160.428571428572,22613.230411255416,False
scssl,oak,182,20979.285714285714,22613.230411255416,False
scssl,oak,183,20988.0,22957.35354285715,False
scssl,oak,184,21560.571428571428,22957.35354285715,False
scssl,oak,185,21596.0,24066.39940972222,False
scssl,oak,186,22164.571428571428,24066.39940972222,False
scssl,oak,187,22178.714285714286,24323.65535714286,False
scssl,oak,188,22393.14285714286,24323.65535714286,False
scssl,oak,189,22415.0,24339.88993333334,False
scssl,oak,190,23871.285714285714,24339.88993333334,False
scssl,oak,191,24016.571428571428,24788.285714285714,False
scssl,oak,192,24081.5,25582.89144557824,False
scssl,oak,193,25104.428571428572,25582.89144557824,False
scssl,oak,194,25234.285714285714,28486.321331168827,False
scssl,oak,195,26831.85714285714,28486.321331168827,False
scssl,oak,196,27172.714285714286,29555.38338744589,False
scssl,oak,197,29174.428571428572,29555.38338744589,False
scssl,oak,198,29586.571428571428,30405.899999999994,False
scssl,oak,199,29675.428571428572,31122.650446428575,False
scssl,oak,200,32888.71428571428,31122.650446428575,False
scssl,oak,201,33164.28571428572,38448.01428571427,False
scssl,scrf,1,0.0,118.01623376623375,False
scssl,scrf,2,2.2857142857142856,118.01623376623375,False
scssl,scrf,3,3.2857142857142856,157.86111111111111,False
scssl,scrf,4,6.714285714285714,157.86111111111111,False
scssl,scrf,5,7.571428571428571,197.20982142857144,False
scssl,scrf,6,9.857142857142858,197.20982142857144,False
scssl,scrf,7,10.142857142857142,259.36507936507934,False
scssl,scrf,8,11.666666666666666,259.36507936507934,False
scssl,scrf,9,11.857142857142858,343.05357142857144,False
scssl,scrf,10,13.571428571428571,343.05357142857144,False
scssl,scrf,11,14.0,468.4603174603174,False
scssl,scrf,12,14.428571428571429,468.4603174603174,False
scssl,scrf,13,15.285714285714286,510.2767857142857,False
scssl,scrf,14,19.0,510.2767857142857,False
scssl,scrf,15,19.166666666666668,601.6666666666666,False
scssl,scrf,16,20.285714285714285,655.7142857142857,False
scssl,scrf,17,21.142857142857142,655.7142857142857,False
scssl,scrf,18,21.285714285714285,799.5872023809525,False
scssl,scrf,19,67.0,799.5872023809525,False
scssl,scrf,20,71.71428571428571,990.6833333333332,False
scssl,scrf,21,108.42857142857143,990.6833333333332,False
scssl,scrf,22,109.85714285714286,1089.5392857142858,False
scssl,scrf,23,140.57142857142858,1089.5392857142858,False
scssl,scrf,24,143.14285714285714,1140.5238095238096,False
scssl,scrf,25,158.0,1140.5238095238096,False
scssl,scrf,26,159.33333333333334,1185.1681547619048,False
scssl,scrf,27,174.28571428571428,1185.1681547619048,False
scssl,scrf,28,179.28571428571428,1246.8434920634922,False
scssl,scrf,29,340.14285714285717,1246.8434920634922,False
scssl,scrf,30,354.1666666666667,1429.9168684422923,False
scssl,scrf,31,739.5714285714286,1429.9168684422923,False
scssl,scrf,32,740.1428571428571,1477.2169312169312,False
scssl,scrf,33,796.7142857142857,1477.2169312169312,False
scssl,scrf,34,806.8333333333334,1819.1011904761906,False
scssl,scrf,35,818.1666666666666,1819.1011904761906,False
scssl,scrf,36,838.2857142857143,1989.3114845938373,False
scssl,scrf,37,938.0,1989.3114845938373,False
scssl,scrf,38,942.4285714285714,2025.3511904761901,False
scssl,scrf,39,1306.857142857143,2025.3511904761901,False
scssl,scrf,40,1312.0,2292.070593149541,False
scssl,scrf,41,1692.0,2292.070593149541,False
scssl,scrf,42,1700.7142857142858,2295.8214285714284,False
scssl,scrf,43,1704.857142857143,2295.8214285714284,False
scssl,scrf,44,1708.0,2377.0365942028984,False
scssl,scrf,45,1877.3333333333333,2377.0365942028984,False
scssl,scrf,46,1881.5714285714287,2661.9640967498112,False
scssl,scrf,47,2184.1428571428573,2661.9640967498112,True
scssl,scrf,48,2187.5714285714284,2770.3639455782313,True
scssl,scrf,49,2226.1666666666665,2770.3639455782313,True
scssl,scrf,50,2227.1666666666665,2785.916666666667,True
scssl,scrf,51,2270.4285714285716,2785.916666666667,True
scssl,scrf,52,2276.0,3199.3072935503315,True
scssl,scrf,53,2562.4285714285716,3199.3072935503315,True
scssl,scrf,54,2563.0,3460.0,True
scssl,scrf,55,2565.5714285714284,3494.7453571428573,True
scssl,scrf,56,2795.714285714286,3494.7453571428573,True
scssl,scrf,57,2796.5714285714284,3966.2636615811375,True
scssl,scrf,58,3063.4285714285716,3966.2636615811375,True
scssl,scrf,59,3067.8571428571427,4355.320403857744,True
scssl,scrf,60,3441.0,4355.320403857744,True
scssl,scrf,61,3443.6666666666665,4697.43668202765,True
scssl,scrf,62,3839.6666666666665,4697.43668202765,True
scssl,scrf,63,3840.0,5485.9012271062265,True
scssl,scrf,64,4125.0,5485.9012271062265,True
scssl,scrf,65,4128.333333333333,5488.015833333334,True
scssl,scrf,66,4250.0,5488.015833333334,True
scssl,scrf,67,4252.428571428572,5630.235504201681,True
scssl,scrf,68,4315.571428571428,5630.235504201681,True
scssl,scrf,69,4320.857142857143,5808.811410934745,True
scssl,scrf,70,4543.0,5808.811410934745,True
scssl,scrf,71,4544.714285714285,6204.098544973545,True
scssl,scrf,72,4586.857142857143,6204.098544973545,True
scssl,scrf,73,4587.285714285715,6364.034110275687,True
scssl,scrf,74,4741.857142857143,6364.034110275687,True
scssl,scrf,75,4742.857142857143,6497.392574257424,True
scssl,scrf,76,5051.142857142857,6497.392574257424,True
scssl,scrf,77,5051.285714285715,6721.77656641604,True
scssl,scrf,78,5203.0,6721.77656641604,True
scssl,scrf,79,5203.666666666667,7024.983670033671,True
scssl,scrf,80,5371.0,7024.983670033671,True
scssl,scrf,81,5371.142857142857,7114.660714285715,True
scssl,scrf,82,5377.833333333333,7114.660714285715,True
scssl,scrf,83,5377.857142857143,7162.952380952381,True
scssl,scrf,84,5379.285714285715,7162.952380952381,True
scssl,scrf,85,5382.857142857143,7436.939465101108,True
scssl,scrf,86,5475.571428571428,7436.939465101108,True
scssl,scrf,87,5476.571428571428,7470.4288311688315,True
scssl,scrf,88,5543.714285714285,7470.4288311688315,True
scssl,scrf,89,5543.857142857143,7511.5175238095235,True
scssl,scrf,90,5794.857142857143,7511.5175238095235,True
scssl,scrf,91,5795.428571428572,7632.601930501932,True
scssl,scrf,92,5903.857142857143,7632.601930501932,True
scssl,scrf,93,5904.857142857143,7765.271365079365,True
scssl,scrf,94,5995.285714285715,7765.271365079365,True
scssl,scrf,95,5997.0,8101.707837301589,True
scssl,scrf,96,6026.285714285715,8101.707837301589,True
scssl,scrf,97,6026.857142857143,8349.83048654244,True
scssl,scrf,98,6098.285714285715,8349.83048654244,True
scssl,scrf,99,6100.428571428572,8459.767311827956,True
scssl,scrf,100,6282.857142857143,8459.767311827956,True
scssl,scrf,101,6284.0,8549.829100529096,True
scssl,scrf,102,6410.714285714285,8549.829100529096,True
scssl,scrf,103,6411.142857142857,8568.932251789603,True
scssl,scrf,104,6753.714285714285,8568.932251789603,True
scssl,scrf,105,6754.0,8686.422150882825,True
scssl,scrf,106,6868.166666666667,8686.422150882825,True
scssl,scrf,107,6868.857142857143,8917.597129506004,True
scssl,scrf,108,6999.857142857143,8917.597129506004,True
scssl,scrf,109,7001.571428571428,9082.37906162465,True
scssl,scrf,110,7171.428571428572,9082.37906162465,True
scssl,scrf,111,7177.166666666667,9262.212454212455,True
scssl,scrf,112,7188.166666666667,9262.212454212455,True
scssl,scrf,113,7188.428571428572,9314.238095238094,True
scssl,scrf,114,7189.571428571428,9314.238095238094,True
scssl,scrf,115,7190.142857142857,9354.697751322748,True
scssl,scrf,116,7396.0,9354.697751322748,True
scssl,scrf,117,7397.0,9748.440566606392,True
scssl,scrf,118,7496.0,9748.440566606392,True
scssl,scrf,119,7496.333333333333,9941.840136054421,True
scssl,scrf,120,7525.714285714285,9941.840136054421,True
scssl,scrf,121,7526.166666666667,9974.56054187192,True
scssl,scrf,122,7697.571428571428,9974.56054187192,True
scssl,scrf,123,7698.0,10054.953448275863,True
scssl,scrf,124,7775.0,10054.953448275863,True
scssl,scrf,125,7778.0,10156.756349206347,True
scssl,scrf,126,7938.428571428572,10156.756349206347,True
scssl,scrf,127,7939.142857142857,10493.498780284044,True
scssl,scrf,128,8298.833333333334,10493.498780284044,True
scssl,scrf,129,8299.0,10807.761708482676,True
scssl,scrf,130,8628.857142857143,10807.761708482676,True
scssl,scrf,131,8629.142857142857,11637.512730479397,True
scssl,scrf,132,8997.857142857143,11637.512730479397,True
scssl,scrf,133,9000.5,11675.908253968257,True
scssl,scrf,134,9017.42857142857,11675.908253968257,True
scssl,scrf,135,9018.0,11690.229967948717,True
scssl,scrf,136,9160.42857142857,11690.229967948717,True
scssl,scrf,137,9161.166666666666,11830.277042748918,True
scssl,scrf,138,9431.5,11830.277042748918,True
scssl,scrf,139,9432.285714285714,11912.298225957049,True
scssl,scrf,140,9621.75,11912.298225957049,True
scssl,scrf,141,9622.857142857143,12133.83430735931,True
scssl,scrf,142,9705.57142857143,12133.83430735931,True
scssl,scrf,143,9706.857142857143,12262.124354780077,True
scssl,scrf,144,9871.857142857143,12262.124354780077,True
scssl,scrf,145,9873.333333333334,12478.36394557823,True
scssl,scrf,146,9987.166666666666,12478.36394557823,True
scssl,scrf,147,9987.75,12557.212614870508,True
scssl,scrf,148,10064.57142857143,12557.212614870508,True
scssl,scrf,149,10068.57142857143,12845.285714285714,True
scssl,scrf,150,10071.714285714286,12845.285714285714,True
scssl,scrf,151,10072.714285714286,12879.837866927593,True
scssl,scrf,152,10187.57142857143,12879.837866927593,True
scssl,scrf,153,10187.857142857143,12909.011132561134,True
scssl,scrf,154,10241.57142857143,12909.011132561134,True
scssl,scrf,155,10249.142857142857,12917.867724867725,True
scssl,scrf,156,10258.857142857143,12917.867724867725,True
scssl,scrf,157,10259.0,13112.641725601135,True
scssl,scrf,158,10412.142857142857,13112.641725601135,True
scssl,scrf,159,10412.285714285714,13210.507976794774,True
scssl,scrf,160,10703.57142857143,13210.507976794774,True
scssl,scrf,161,10704.142857142857,13838.164970059874,True
scssl,scrf,162,10972.57142857143,13838.164970059874,True
scssl,scrf,163,10973.0,13933.095155176497,True
scssl,scrf,164,11330.714285714286,13933.095155176497,True
scssl,scrf,165,11332.57142857143,14354.56455938697,True
scssl,scrf,166,11496.714285714286,14354.56455938697,True
scssl,scrf,167,11502.0,14477.527148664341,True
scssl,scrf,168,11830.0,14477.527148664341,True
scssl,scrf,169,11834.857142857143,14632.809684323165,True
scssl,scrf,170,11975.142857142857,14632.809684323165,True
scssl,scrf,171,11977.142857142857,15383.079525560226,True
scssl,scrf,172,12506.57142857143,15383.079525560226,True
scssl,scrf,173,12507.142857142857,15610.642355889722,True
scssl,scrf,174,12841.142857142857,15610.642355889722,True
scssl,scrf,175,12841.333333333334,15754.535878489323,True
scssl,scrf,176,13067.142857142857,15754.535878489323,True
scssl,scrf,177,13073.333333333334,15900.772696128815,True
scssl,scrf,178,13424.857142857143,15900.772696128815,True
scssl,scrf,179,13429.57142857143,16178.980680272109,True
scssl,scrf,180,13520.285714285714,16178.980680272109,True
scssl,scrf,181,13524.285714285714,17319.186235955058,True
scssl,scrf,182,14124.285714285714,17319.186235955058,True
scssl,scrf,183,14127.714285714286,17389.598646125116,True
scssl,scrf,184,14283.57142857143,17389.598646125116,True
scssl,scrf,185,14288.714285714286,17395.660846560848,True
scssl,scrf,186,14398.4,17395.660846560848,True
scssl,scrf,187,14400.57142857143,17468.285714285714,True
scssl,scrf,188,14404.714285714286,18070.448944805194,True
scssl,scrf,189,14779.142857142857,18070.448944805194,True
scssl,scrf,190,14781.142857142857,18155.526455026455,True
scssl,scrf,191,14804.857142857143,18155.526455026455,True
scssl,scrf,192,14809.57142857143,18222.417316017316,True
scssl,scrf,193,14870.57142857143,18222.417316017316,True
scssl,scrf,194,14875.142857142857,18233.642857142855,True
scssl,scrf,195,14875.285714285714,18233.642857142855,True
scssl,scrf,196,14878.857142857143,18245.001904761906,True
scssl,scrf,197,15163.57142857143,18245.001904761906,True
scssl,scrf,198,15166.166666666666,18598.85652841782,True
scssl,scrf,199,15467.0,18598.85652841782,True
scssl,scrf,200,15470.57142857143,18989.0,True
scssl,scrf,201,15473.57142857143,19138.903278122838,True
scssl,scrf,202,15784.0,19138.903278122838,True
scssl,scrf,203,15790.142857142857,19559.808829365076,True
scssl,scrf,204,16044.42857142857,19559.808829365076,True
scssl,scrf,205,16056.57142857143,19952.121693121695,True
scssl,scrf,206,16215.285714285714,19952.121693121695,True
scssl,scrf,207,16221.57142857143,19999.508710801398,True
scssl,scrf,208,16502.833333333332,19999.508710801398,True
scssl,scrf,209,16523.666666666668,20268.47484008528,True
scssl,scrf,210,16941.428571428572,20268.47484008528,True
scssl,scrf,211,16942.571428571428,20739.188775510203,True
scssl,scrf,212,17027.285714285714,20739.188775510203,False
scssl,scrf,213,17031.14285714286,21112.642857142855,False
scssl,scrf,214,17035.0,21112.642857142855,False
scssl,scrf,215,17035.428571428572,21772.552496532593,False
scssl,scrf,216,18004.4,21772.552496532593,False
scssl,scrf,217,18048.85714285714,21958.845775729646,False
scssl,scrf,218,18547.714285714286,21958.845775729646,False
scssl,scrf,219,18548.0,22162.243040293044,False
scssl,scrf,220,18708.0,22162.243040293044,False
scssl,scrf,221,18716.85714285714,23017.142857142855,False
scssl,scrf,222,18724.285714285714,23017.142857142855,False
scssl,scrf,223,18737.428571428572,23591.509009009016,False
scssl,scrf,224,19291.428571428572,23591.509009009016,False
scssl,scrf,225,19293.85714285714,23889.295386904763,False
scssl,scrf,226,19689.14285714286,23889.295386904763,False
scssl,scrf,227,19694.14285714286,24142.58901098901,False
scssl,scrf,228,19883.571428571428,24142.58901098901,False
scssl,scrf,229,19903.14285714286,24199.11746031746,False
scssl,scrf,230,20155.285714285714,24199.11746031746,False
scssl,scrf,231,20160.428571428572,24720.714285714286,False
scssl,scrf,232,20187.85714285714,25714.5112012987,False
scssl,scrf,233,21196.14285714286,25714.5112012987,False
scssl,scrf,234,21210.85714285714,26069.933673469386,False
scssl,scrf,235,21596.0,26069.933673469386,False
scssl,scrf,236,21686.666666666668,26893.733333333334,False
scssl,scrf,237,21770.8,26893.733333333334,False
scssl,scrf,238,21799.85714285714,26992.539115646254,False
scssl,scrf,239,22393.14285714286,26992.539115646254,False
scssl,scrf,240,22415.0,27320.47333333333,False
scssl,scrf,241,23202.0,27320.47333333333,False
scssl,scrf,242,23226.428571428572,28348.720833333336,False
scssl,scrf,243,25042.85714285714,28348.720833333336,False
scssl,scrf,244,25104.428571428572,30384.5,False
scssl,scrf,245,25234.285714285714,30384.5,False
scssl,scrf,246,25297.0,32580.487012987014,False
scssl,scrf,247,27172.714285714286,32580.487012987014,False
scssl,scrf,248,27609.285714285714,34813.62857142857,False
scssl,scrf,249,28231.0,34813.62857142857,False
scssl,scrf,250,28396.14285714286,34921.984126984134,False
scssl,scrf,251,29586.571428571428,34921.984126984134,False
scssl,scrf,252,29675.428571428572,37619.99470899471,False
scssl,scrf,253,33164.28571428572,37619.99470899471,False
scssl,vs,1,0.0,812.843867243867,False
scssl,vs,2,9.142857142857142,812.843867243867,False
scssl,vs,3,9.5,930.1309523809524,False
scssl,vs,4,11.666666666666666,930.1309523809524,False
scssl,vs,5,11.857142857142858,1168.4285714285713,False
scssl,vs,6,12.571428571428571,1319.5714285714287,False
scssl,vs,7,13.0,1720.0515873015875,False
scssl,vs,8,13.571428571428571,1720.0515873015875,False
scssl,vs,9,14.0,1822.138528138528,False
scssl,vs,10,19.0,1822.138528138528,False
scssl,vs,11,19.166666666666668,2335.0647959183675,False
scssl,vs,12,109.85714285714286,2335.0647959183675,False
scssl,vs,13,110.57142857142857,2467.468831168831,False
scssl,vs,14,156.14285714285714,2467.468831168831,False
scssl,vs,15,158.0,2651.420115709835,False
scssl,vs,16,796.7142857142857,2651.420115709835,False
scssl,vs,17,806.8333333333334,2704.71492776886,False
scssl,vs,18,1370.0,2704.71492776886,False
scssl,vs,19,1372.2857142857142,3054.978846153846,False
scssl,vs,20,2016.0,3054.978846153846,True
scssl,vs,21,2018.5714285714287,3167.8117559523807,True
scssl,vs,22,2174.5714285714284,3167.8117559523807,True
scssl,vs,23,2178.714285714286,3191.828798185941,True
scssl,vs,24,2255.285714285714,3191.828798185941,True
scssl,vs,25,2258.4285714285716,3423.0625,True
scssl,vs,26,2442.0,3423.0625,True
scssl,vs,27,2447.285714285714,3643.131613756614,True
scssl,vs,28,2503.1428571428573,3643.131613756614,True
scssl,vs,29,2510.285714285714,3724.083922171019,True
scssl,vs,30,2795.285714285714,3724.083922171019,True
scssl,vs,31,2795.714285714286,4048.5046245421254,True
scssl,vs,32,3063.4285714285716,4048.5046245421254,True
scssl,vs,33,3067.8571428571427,4385.636157253599,True
scssl,vs,34,3251.285714285714,4385.636157253599,True
scssl,vs,35,3262.0,4453.51133786848,True
scssl,vs,36,3407.1666666666665,4453.51133786848,True
scssl,vs,37,3414.285714285714,4556.648970398971,True
scssl,vs,38,3614.8333333333335,4556.648970398971,True
scssl,vs,39,3616.4285714285716,4576.272527472528,True
scssl,vs,40,3632.285714285714,4576.272527472528,True
scssl,vs,41,3634.8571428571427,4634.483928571429,True
scssl,vs,42,3698.8333333333335,4634.483928571429,True
scssl,vs,43,3700.1428571428573,4711.310265417642,True
scssl,vs,44,3844.3333333333335,4711.310265417642,True
scssl,vs,45,3845.5714285714284,5289.669992441423,True
scssl,vs,46,4125.0,5289.669992441423,True
scssl,vs,47,4128.333333333333,5389.644419306184,True
scssl,vs,48,4524.0,5389.644419306184,True
scssl,vs,49,4525.142857142857,5670.105400696864,True
scssl,vs,50,4584.428571428572,5670.105400696864,True
scssl,vs,51,4584.714285714285,5873.895471938777,True
scssl,vs,52,4761.0,5873.895471938777,True
scssl,vs,53,4763.857142857143,6109.0883256528405,True
scssl,vs,54,5048.285714285715,6109.0883256528405,True
scssl,vs,55,5049.571428571428,6140.897126436781,True
scssl,vs,56,5203.0,6140.897126436781,True
scssl,vs,57,5203.666666666667,6471.443452380951,True
scssl,vs,58,5247.285714285715,6471.443452380951,True
scssl,vs,59,5251.857142857143,6667.098015873016,True
scssl,vs,60,5543.714285714285,6667.098015873016,True
scssl,vs,61,5543.857142857143,6805.346486175114,True
scssl,vs,62,5900.0,6805.346486175114,True
scssl,vs,63,5903.857142857143,6832.577179487181,True
scssl,vs,64,5981.571428571428,6832.577179487181,True
scssl,vs,65,5982.428571428572,7097.612448979591,True
scssl,vs,66,6026.285714285715,7097.612448979591,True
scssl,vs,67,6026.857142857143,7112.5,True
scssl,vs,68,6029.666666666667,7112.5,True
scssl,vs,69,6030.571428571428,7344.347805059524,True
scssl,vs,70,6131.714285714285,7344.347805059524,True
scssl,vs,71,6132.333333333333,7449.458646616542,True
scssl,vs,72,6153.428571428572,7449.458646616542,True
scssl,vs,73,6156.857142857143,7522.160860805861,True
scssl,vs,74,6753.714285714285,7522.160860805861,True
scssl,vs,75,6754.0,7685.477528089887,True
scssl,vs,76,6868.166666666667,7685.477528089887,True
scssl,vs,77,6868.857142857143,7901.427081592871,True
scssl,vs,78,7074.714285714285,7901.427081592871,True
scssl,vs,79,7079.428571428572,7998.5684499710815,True
scssl,vs,80,7390.142857142857,7998.5684499710815,True
scssl,vs,81,7392.285714285715,8194.131972789115,True
scssl,vs,82,7421.5,8194.131972789115,True
scssl,vs,83,7422.285714285715,8488.199269005847,True
scssl,vs,84,7698.0,8488.199269005847,True
scssl,vs,85,7698.714285714285,8561.019047619047,True
scssl,vs,86,7705.333333333333,8561.019047619047,True
scssl,vs,87,7706.428571428572,8693.377739529544,True
scssl,vs,88,7816.857142857143,8693.377739529544,True
scssl,vs,89,7817.142857142857,8895.397183551078,True
scssl,vs,90,8628.42857142857,8895.397183551078,True
scssl,vs,91,8628.857142857143,9368.857142857143,True
scssl,vs,92,8629.142857142857,9441.09147869674,True
scssl,vs,93,8645.0,9441.09147869674,True
scssl,vs,94,8646.57142857143,9683.70634920635,True
scssl,vs,95,8665.0,9683.70634920635,True
scssl,vs,96,8665.142857142857,9754.48341836735,True
scssl,vs,97,8745.714285714286,9754.48341836735,True
scssl,vs,98,8747.285714285714,9806.860861105217,True
scssl,vs,99,9635.5,9806.860861105217,True
scssl,vs,100,9637.285714285714,9900.0,True
scssl,vs,101,9637.714285714286,9900.0,True
scssl,vs,102,9639.142857142857,9935.640476190478,True
scssl,vs,103,9706.857142857143,9935.640476190478,True
scssl,vs,104,9707.0,9964.37894736842,True
scssl,vs,105,9876.57142857143,9964.37894736842,True
scssl,vs,106,9877.42857142857,10019.222098214286,True
scssl,vs,107,9981.142857142857,10019.222098214286,True
scssl,vs,108,9983.2,10316.810330261136,True
scssl,vs,109,10071.42857142857,10316.810330261136,True
scssl,vs,110,10071.57142857143,10483.785714285714,True
scssl,vs,111,10071.714285714286,10483.785714285714,True
scssl,vs,112,10072.714285714286,10651.559113756613,True
scssl,vs,113,10352.857142857143,10651.559113756613,True
scssl,vs,114,10353.0,10737.748461218549,True
scssl,vs,115,10689.42857142857,10737.748461218549,True
scssl,vs,116,10693.0,11087.480438311684,True
scssl,vs,117,10973.0,11087.480438311684,True
scssl,vs,118,10974.142857142857,11174.335795191864,True
scssl,vs,119,11346.142857142857,11174.335795191864,True
scssl,vs,120,11348.42857142857,11475.812142857141,True
scssl,vs,121,11820.285714285714,11475.812142857141,True
scssl,vs,122,11821.142857142857,11768.181076388892,True
scssl,vs,123,11977.714285714286,11768.181076388892,True
scssl,vs,124,11979.0,12058.949571078434,True
scssl,vs,125,12508.142857142857,12058.949571078434,True
scssl,vs,126,12510.166666666666,12453.231174438688,True
scssl,vs,127,13017.666666666666,12453.231174438688,True
scssl,vs,128,13022.42857142857,12600.299493414384,True
scssl,vs,129,13143.0,12600.299493414384,True
scssl,vs,130,13146.0,12691.77998768473,True
scssl,vs,131,13422.857142857143,12691.77998768473,True
scssl,vs,132,13424.857142857143,12830.42857142857,True
scssl,vs,133,13429.57142857143,12876.278501400562,True
scssl,vs,134,13519.2,12876.278501400562,True
scssl,vs,135,13520.285714285714,13304.803295739348,True
scssl,vs,136,14164.0,13304.803295739348,True
scssl,vs,137,14167.714285714286,13357.795031055899,True
scssl,vs,138,14298.714285714286,13357.795031055899,True
scssl,vs,139,14299.42857142857,13370.142857142857,True
scssl,vs,140,14306.5,13370.142857142857,True
scssl,vs,141,14321.857142857143,14037.240293040293,True
scssl,vs,142,14387.166666666666,14037.240293040293,True
scssl,vs,143,14387.714285714286,14045.724634740262,True
scssl,vs,144,15136.857142857143,14045.724634740262,True
scssl,vs,145,15137.0,14078.07142857143,True
scssl,vs,146,15153.25,14078.07142857143,True
scssl,vs,147,15160.142857142857,14352.681246325692,True
scssl,vs,148,15529.857142857143,14352.681246325692,True
scssl,vs,149,15530.857142857143,14396.101984126986,True
scssl,vs,150,15698.42857142857,14396.101984126986,True
scssl,vs,151,15703.0,14561.63911564626,True
scssl,vs,152,16040.285714285714,14561.63911564626,True
scssl,vs,153,16044.42857142857,15049.42857142857,True
scssl,vs,154,16056.57142857143,15291.974199843868,True
scssl,vs,155,16880.0,15291.974199843868,True
scssl,vs,156,16881.14285714286,15507.620879120881,True
scssl,vs,157,16941.428571428572,15507.620879120881,True
scssl,vs,158,16942.571428571428,15837.869047619046,True
scssl,vs,159,17035.0,15837.869047619046,False
scssl,vs,160,17035.428571428572,15855.076719576717,False
scssl,vs,161,17217.428571428572,15855.076719576717,False
scssl,vs,162,17218.428571428572,15916.676,False
scssl,vs,163,17995.428571428572,15916.676,False
scssl,vs,164,18004.4,15919.2,False
scssl,vs,165,18048.85714285714,16294.572793650785,False
scssl,vs,166,18708.0,16294.572793650785,False
scssl,vs,167,18716.85714285714,16520.630102040817,False
scssl,vs,168,18893.85714285714,16520.630102040817,False
scssl,vs,169,18899.85714285714,17165.047619047622,False
scssl,vs,170,19007.85714285714,17165.047619047622,False
scssl,vs,171,19008.85714285714,17319.30200501253,False
scssl,vs,172,19488.714285714286,17319.30200501253,False
scssl,vs,173,19502.285714285714,17565.911772486772,False
scssl,vs,174,20187.85714285714,17565.911772486772,False
scssl,vs,175,20198.85714285714,17768.83942857143,False
scssl,vs,176,20694.714285714286,17768.83942857143,False
scssl,vs,177,20749.714285714286,18706.94542606516,False
scssl,vs,178,21770.8,18706.94542606516,False
scssl,vs,179,21799.85714285714,19347.11923076923,False
scssl,vs,180,22134.14285714286,19347.11923076923,False
scssl,vs,181,22148.14285714286,19596.034632034633,False
scssl,vs,182,22568.85714285714,19596.034632034633,False
scssl,vs,183,22569.571428571428,20109.20282738095,False
scssl,vs,184,24819.0,20109.20282738095,False
scssl,vs,185,24915.5,20660.86095238095,False
scssl,vs,186,25104.428571428572,20660.86095238095,False
scssl,vs,187,25234.285714285714,22314.463227513228,False
scssl,vs,188,26400.571428571428,22314.463227513228,False
scssl,vs,189,26443.0,22568.428571428572,False
scssl,vs,190,26831.85714285714,22568.428571428572,False
scssl,vs,191,27172.714285714286,23128.12380952381,False
scssl,vs,192,28097.85714285714,23128.12380952381,False
scssl,vs,193,28231.0,23550.75,False
scssl,vs,194,28396.14285714286,24120.219047619048,False
scssl,vs,195,29174.428571428572,24120.219047619048,False
scssl,vs,196,29586.571428571428,25078.9708994709,False
scssl,vs,197,32888.71428571428,25078.9708994709,False
scssl,vs,198,33164.28571428572,31859.571428571428,False
scssl,vsrev,1,0.0,403.0688034188033,False
scssl,vsrev,2,11.666666666666666,403.0688034188033,False
scssl,vsrev,3,11.857142857142858,726.4285714285714,False
scssl,vsrev,4,12.571428571428571,726.4285714285714,False
scssl,vsrev,5,13.0,1025.2896825396826,False
scssl,vsrev,6,13.571428571428571,1025.2896825396826,False
scssl,vsrev,7,14.0,1033.6796536796537,False
scssl,vsrev,8,19.0,1033.6796536796537,False
scssl,vsrev,9,19.166666666666668,1321.1666666666667,False
scssl,vsrev,10,21.142857142857142,1321.1666666666667,False
scssl,vsrev,11,21.285714285714285,1510.2938775510204,False
scssl,vsrev,12,29.2,1510.2938775510204,False
scssl,vsrev,13,29.285714285714285,1510.4322981366456,False
scssl,vsrev,14,109.85714285714286,1510.4322981366456,False
scssl,vsrev,15,110.57142857142857,1578.2142857142858,False
scssl,vsrev,16,112.28571428571429,1578.2142857142858,False
scssl,vsrev,17,115.14285714285714,1859.7918650793652,False
scssl,vsrev,18,340.14285714285717,1859.7918650793652,False
scssl,vsrev,19,354.1666666666667,1869.097619047619,False
scssl,vsrev,20,372.6666666666667,1869.097619047619,False
scssl,vsrev,21,373.6666666666667,1900.1873590225557,False
scssl,vsrev,22,1370.0,1900.1873590225557,False
scssl,vsrev,23,1372.2857142857142,2179.826639712489,False
scssl,vsrev,24,1692.0,2179.826639712489,False
scssl,vsrev,25,1700.7142857142858,2232.9757142857147,False
scssl,vsrev,26,1895.0,2232.9757142857147,False
scssl,vsrev,27,1896.0,2233.569264069264,False
scssl,vsrev,28,2016.0,2233.569264069264,True
scssl,vsrev,29,2018.5714285714287,2273.4565476190483,True
scssl,vsrev,30,2215.0,2273.4565476190483,True
scssl,vsrev,31,2215.1666666666665,2342.1556776556777,True
scssl,vsrev,32,2255.285714285714,2342.1556776556777,True
scssl,vsrev,33,2258.4285714285716,2436.0179487179485,True
scssl,vsrev,34,2442.0,2436.0179487179485,True
scssl,vsrev,35,2447.285714285714,2624.3392857142853,True
scssl,vsrev,36,2503.1428571428573,2624.3392857142853,True
scssl,vsrev,37,2510.285714285714,2881.099641577061,True
scssl,vsrev,38,2795.285714285714,2881.099641577061,True
scssl,vsrev,39,2795.714285714286,3181.3253968253966,True
scssl,vsrev,40,2834.1428571428573,3181.3253968253966,True
scssl,vsrev,41,2835.5714285714284,3209.285714285714,True
scssl,vsrev,42,2849.8571428571427,3209.285714285714,True
scssl,vsrev,43,2852.285714285714,3236.4310394889667,True
scssl,vsrev,44,3063.4285714285716,3236.4310394889667,True
scssl,vsrev,45,3067.8571428571427,3573.2251198465974,True
scssl,vsrev,46,3407.1666666666665,3573.2251198465974,True
scssl,vsrev,47,3414.285714285714,3735.222972972973,True
scssl,vsrev,48,3614.8333333333335,3735.222972972973,True
scssl,vsrev,49,3616.4285714285716,3863.4226190476193,True
scssl,vsrev,50,3839.6666666666665,3863.4226190476193,True
scssl,vsrev,51,3840.0,4285.916666666667,True
scssl,vsrev,52,3844.3333333333335,4285.916666666667,True
scssl,vsrev,53,3845.5714285714284,4364.997014361301,True
scssl,vsrev,54,4125.0,4364.997014361301,True
scssl,vsrev,55,4128.333333333333,4463.740382615928,True
scssl,vsrev,56,4543.0,4463.740382615928,True
scssl,vsrev,57,4544.714285714285,4602.997113997114,True
scssl,vsrev,58,4584.428571428572,4602.997113997114,True
scssl,vsrev,59,4584.714285714285,4707.857142857143,True
scssl,vsrev,60,4586.857142857143,4707.857142857143,True
scssl,vsrev,61,4587.285714285715,5070.532051282052,True
scssl,vsrev,62,4633.0,5070.532051282052,True
scssl,vsrev,63,4635.714285714285,5072.07601835915,True
scssl,vsrev,64,4761.0,5072.07601835915,True
scssl,vsrev,65,4763.857142857143,5254.930427547363,True
scssl,vsrev,66,5048.285714285715,5254.930427547363,True
scssl,vsrev,67,5049.571428571428,5339.531219211823,True
scssl,vsrev,68,5203.0,5339.531219211823,True
scssl,vsrev,69,5203.666666666667,5747.369191919192,True
scssl,vsrev,70,5371.0,5747.369191919192,True
scssl,vsrev,71,5371.142857142857,5827.6801940035275,True
scssl,vsrev,72,5543.714285714285,5827.6801940035275,True
scssl,vsrev,73,5543.857142857143,5971.66652265745,True
scssl,vsrev,74,5900.0,5971.66652265745,True
scssl,vsrev,75,5903.857142857143,5993.00923076923,True
scssl,vsrev,76,5981.571428571428,5993.00923076923,True
scssl,vsrev,77,5982.428571428572,6065.506493506493,True
scssl,vsrev,78,5995.285714285715,6065.506493506493,True
scssl,vsrev,79,5997.0,6360.666071428571,True
scssl,vsrev,80,6026.285714285715,6360.666071428571,True
scssl,vsrev,81,6026.857142857143,6720.162345679012,True
scssl,vsrev,82,6077.571428571428,6720.162345679012,True
scssl,vsrev,83,6078.5,6738.972142857141,True
scssl,vsrev,84,6131.714285714285,6738.972142857141,True
scssl,vsrev,85,6132.333333333333,6827.336995753718,True
scssl,vsrev,86,6868.166666666667,6827.336995753718,True
scssl,vsrev,87,6868.857142857143,7126.295861148197,True
scssl,vsrev,88,6999.857142857143,7126.295861148197,True
scssl,vsrev,89,7001.571428571428,7139.509130434783,True
scssl,vsrev,90,7155.571428571428,7139.509130434783,True
scssl,vsrev,91,7156.666666666667,7175.104664224663,True
scssl,vsrev,92,7389.714285714285,7175.104664224663,True
scssl,vsrev,93,7390.142857142857,7302.912499999999,True
scssl,vsrev,94,7396.0,7302.912499999999,True
scssl,vsrev,95,7397.0,7599.854761904762,True
scssl,vsrev,96,7421.5,7599.854761904762,True
scssl,vsrev,97,7422.285714285715,7822.872602280349,True
scssl,vsrev,98,7506.714285714285,7822.872602280349,True
scssl,vsrev,99,7507.0,7872.9020169851365,True
scssl,vsrev,100,7698.0,7872.9020169851365,True
scssl,vsrev,101,7698.714285714285,7977.584307359308,True
scssl,vsrev,102,7816.857142857143,7977.584307359308,True
scssl,vsrev,103,7817.142857142857,8215.706668094525,True
scssl,vsrev,104,8628.42857142857,8215.706668094525,True
scssl,vsrev,105,8628.857142857143,8928.115259740262,True
scssl,vsrev,106,8647.142857142857,8928.115259740262,True
scssl,vsrev,107,8648.0,9274.60286901464,True
scssl,vsrev,108,9618.42857142857,9274.60286901464,True
scssl,vsrev,109,9619.57142857143,9380.510204081631,True
scssl,vsrev,110,9628.714285714286,9380.510204081631,True
scssl,vsrev,111,9630.57142857143,9448.06486828774,True
scssl,vsrev,112,9876.57142857143,9448.06486828774,True
scssl,vsrev,113,9877.42857142857,9573.247985347987,True
scssl,vsrev,114,9983.2,9573.247985347987,True
scssl,vsrev,115,9986.0,9746.473067915693,True
scssl,vsrev,116,10071.42857142857,9746.473067915693,True
scssl,vsrev,117,10071.57142857143,10025.714285714286,True
scssl,vsrev,118,10071.714285714286,10025.714285714286,True
scssl,vsrev,119,10072.714285714286,10152.995701058202,True
scssl,vsrev,120,10240.57142857143,10152.995701058202,True
scssl,vsrev,121,10240.6,10262.593612078976,True
scssl,vsrev,122,10364.5,10262.593612078976,True
scssl,vsrev,123,10368.333333333334,10268.5986863711,True
scssl,vsrev,124,10410.142857142857,10268.5986863711,True
scssl,vsrev,125,10412.142857142857,10275.983682058682,True
scssl,vsrev,126,10703.57142857143,10275.983682058682,True
scssl,vsrev,127,10704.142857142857,10620.31308106576,True
scssl,vsrev,128,10973.0,10620.31308106576,True
scssl,vsrev,129,10974.142857142857,10865.788650023116,True
scssl,vsrev,130,11346.142857142857,10865.788650023116,True
scssl,vsrev,131,11348.42857142857,11103.977202380951,True
scssl,vsrev,132,11820.285714285714,11103.977202380951,True
scssl,vsrev,133,11821.142857142857,11419.556398809524,True
scssl,vsrev,134,11977.714285714286,11419.556398809524,True
scssl,vsrev,135,11979.0,11747.426741946776,True
scssl,vsrev,136,12508.142857142857,11747.426741946776,True
scssl,vsrev,137,12510.166666666666,12143.231818181821,True
scssl,vsrev,138,12869.285714285714,12143.231818181821,True
scssl,vsrev,139,12871.0,12182.217541302236,True
scssl,vsrev,140,13017.57142857143,12182.217541302236,True
scssl,vsrev,141,13017.666666666666,12252.567212301588,True
scssl,vsrev,142,13143.0,12252.567212301588,True
scssl,vsrev,143,13146.0,12514.917582417585,True
scssl,vsrev,144,13424.857142857143,12514.917582417585,True
scssl,vsrev,145,13429.57142857143,12817.944887955184,True
scssl,vsrev,146,13519.2,12817.944887955184,True
scssl,vsrev,147,13520.285714285714,13215.867869674184,True
scssl,vsrev,148,14164.0,13215.867869674184,True
scssl,vsrev,149,14167.714285714286,13494.067609126983,True
scssl,vsrev,150,14306.5,13494.067609126983,True
scssl,vsrev,151,14321.857142857143,13879.184920634922,True
scssl,vsrev,152,14394.42857142857,13879.184920634922,True
scssl,vsrev,153,14398.4,14010.338401559451,True
scssl,vsrev,154,15136.857142857143,14010.338401559451,True
scssl,vsrev,155,15137.0,14120.175810904077,True
scssl,vsrev,156,15470.57142857143,14120.175810904077,True
scssl,vsrev,157,15473.57142857143,14579.90982142857,True
scssl,vsrev,158,15529.857142857143,14579.90982142857,True
scssl,vsrev,159,15530.857142857143,14746.914285714285,True
scssl,vsrev,160,15698.42857142857,14746.914285714285,True
scssl,vsrev,161,15703.0,14756.146109993293,True
scssl,vsrev,162,16044.42857142857,14756.146109993293,True
scssl,vsrev,163,16056.57142857143,15383.834250440921,True
scssl,vsrev,164,16941.428571428572,15383.834250440921,True
scssl,vsrev,165,16942.571428571428,16281.871068427372,True
scssl,vsrev,166,18004.4,16281.871068427372,False
scssl,vsrev,167,18048.85714285714,16487.957428571422,False
scssl,vsrev,168,18708.0,16487.957428571422,False
scssl,vsrev,169,18716.85714285714,17489.287414965984,False
scssl,vsrev,170,19007.85714285714,17489.287414965984,False
scssl,vsrev,171,19008.85714285714,17760.384711779447,False
scssl,vsrev,172,19488.714285714286,17760.384711779447,False
scssl,vsrev,173,19502.285714285714,17789.258403361342,False
scssl,vsrev,174,20155.285714285714,17789.258403361342,False
scssl,vsrev,175,20160.428571428572,18982.58257142857,False
scssl,vsrev,176,20656.166666666668,18982.58257142857,False
scssl,vsrev,177,20694.285714285714,19546.071428571428,False
scssl,vsrev,178,20694.714285714286,19546.071428571428,False
scssl,vsrev,179,20749.714285714286,20078.562548262547,False
scssl,vsrev,180,21746.714285714286,20078.562548262547,False
scssl,vsrev,181,21770.8,20216.670408163267,False
scssl,vsrev,182,22134.14285714286,20216.670408163267,False
scssl,vsrev,183,22148.14285714286,20628.25396825397,False
scssl,vsrev,184,22415.0,20628.25396825397,False
scssl,vsrev,185,22543.833333333332,20784.583333333332,False
scssl,vsrev,186,22749.85714285714,20784.583333333332,False
scssl,vsrev,187,22794.666666666668,20939.541666666664,False
scssl,vsrev,188,23202.0,20939.541666666664,False
scssl,vsrev,189,23226.428571428572,20964.328857142857,False
scssl,vsrev,190,25104.428571428572,20964.328857142857,False
scssl,vsrev,191,25234.285714285714,25457.86233766234,False
scssl,vsrev,192,26831.85714285714,25457.86233766234,False
scssl,vsrev,193,27172.714285714286,26266.571428571428,False
scssl,vsrev,194,27609.285714285714,26625.44761904762,False
scssl,vsrev,195,28231.0,26625.44761904762,False
scssl,vsrev,196,28396.14285714286,26784.44444444444,False
scssl,vsrev,197,29586.571428571428,26784.44444444444,False
scssl,vsrev,198,29675.428571428572,30089.854166666668,False
scssl,vsrev,199,32888.71428571428,30089.854166666668,False
scssl,vsrev,200,33164.28571428572,35803.0,False
vs,acti,1,0.0,1074.7142857142858,False
vs,acti,2,63.333333333333336,1094.7777777777778,False
vs,acti,3,87.28571428571429,1094.7777777777778,False
vs,acti,4,144.0,1429.9047619047622,False
vs,acti,5,171.14285714285714,1429.9047619047622,False
vs,acti,6,171.28571428571428,1947.9285714285713,False
vs,acti,7,205.57142857142858,1947.9285714285713,False
vs,acti,8,228.42857142857142,2098.0507936507934,False
vs,acti,9,349.0,2098.0507936507934,False
vs,acti,10,367.0,2334.5680272108843,False
vs,acti,11,511.2857142857143,2334.5680272108843,False
vs,acti,12,518.2857142857143,2545.623015873016,False
vs,acti,13,599.5714285714286,2545.623015873016,False
vs,acti,14,616.0,2823.0890109890115,False
vs,acti,15,693.0,2823.0890109890115,False
vs,acti,16,696.0,3076.5,False
vs,acti,17,699.2857142857143,3076.5,False
vs,acti,18,726.1428571428571,3522.351587301587,False
vs,acti,19,1017.0,3522.351587301587,False
vs,acti,20,1023.0,3712.610317460317,False
vs,acti,21,1052.142857142857,3712.610317460317,False
vs,acti,22,1059.2857142857142,3789.0124223602484,False
vs,acti,23,1181.142857142857,3789.0124223602484,False
vs,acti,24,1181.4285714285713,3891.146886446886,False
vs,acti,25,1333.2857142857142,3891.146886446886,False
vs,acti,26,1336.0,3891.5930735930738,False
vs,acti,27,1416.2857142857142,3891.5930735930738,False
vs,acti,28,1425.0,4116.928571428572,False
vs,acti,29,1457.2857142857142,4116.928571428572,False
vs,acti,30,1459.0,4139.612053571429,False
vs,acti,31,1535.142857142857,4139.612053571429,False
vs,acti,32,1552.857142857143,4335.904761904762,False
vs,acti,33,1564.857142857143,4335.904761904762,False
vs,acti,34,1566.2857142857142,4443.345238095238,False
vs,acti,35,1598.25,4443.345238095238,False
vs,acti,36,1611.0,4499.644841269841,False
vs,acti,37,1669.5714285714287,4499.644841269841,False
vs,acti,38,1677.4285714285713,4822.948571428572,False
vs,acti,39,1711.7142857142858,4822.948571428572,False
vs,acti,40,1718.5714285714287,4880.365952380952,False
vs,acti,41,1818.4285714285713,4880.365952380952,False
vs,acti,42,1819.5714285714287,4896.0,False
vs,acti,43,1843.142857142857,4896.0,False
vs,acti,44,1845.0,4908.169642857144,False
vs,acti,45,1905.7142857142858,4908.169642857144,False
vs,acti,46,1925.4285714285713,5089.522489959839,False
vs,acti,47,2230.0,5089.522489959839,False
vs,acti,48,2237.714285714286,5150.807769423559,False
vs,acti,49,2302.285714285714,5150.807769423559,False
vs,acti,50,2308.714285714286,5318.107142857142,False
vs,acti,51,2318.4285714285716,5318.107142857142,False
vs,acti,52,2327.714285714286,5346.276190476191,False
vs,acti,53,2422.285714285714,5346.276190476191,False
vs,acti,54,2429.4285714285716,5532.046428571428,False
vs,acti,55,2486.5,5532.046428571428,False
vs,acti,56,2488.8571428571427,5567.714285714285,False
vs,acti,57,2492.8571428571427,5640.963499768839,False
vs,acti,58,2893.6666666666665,5640.963499768839,True
vs,acti,59,2896.8571428571427,5643.666300366302,True
vs,acti,60,2915.8571428571427,5643.666300366302,True
vs,acti,61,2927.8571428571427,6117.410952380951,True
vs,acti,62,3207.4285714285716,6117.410952380951,True
vs,acti,63,3208.8571428571427,6390.142857142857,True
vs,acti,64,3209.6,6440.905454545452,True
vs,acti,65,3378.0,6440.905454545452,True
vs,acti,66,3383.0,6600.274603174603,True
vs,acti,67,3450.1428571428573,6600.274603174603,True
vs,acti,68,3450.4285714285716,6613.460829493088,True
vs,acti,69,3538.0,6613.460829493088,True
vs,acti,70,3540.4285714285716,6691.414740502943,True
vs,acti,71,3975.0,6691.414740502943,True
vs,acti,72,3981.285714285714,6843.013392857142,True
vs,acti,73,4025.8333333333335,6843.013392857142,True
vs,acti,74,4026.4285714285716,6955.255693581782,True
vs,acti,75,4073.285714285714,6955.255693581782,True
vs,acti,76,4076.1428571428573,7219.919490586933,True
vs,acti,77,4184.714285714285,7219.919490586933,True
vs,acti,78,4185.0,7249.6869565217385,True
vs,acti,79,4248.142857142857,7249.6869565217385,True
vs,acti,80,4250.285714285715,7398.024980483997,True
vs,acti,81,4392.857142857143,7398.024980483997,True
vs,acti,82,4396.142857142857,7532.865755693581,True
vs,acti,83,4616.5,7532.865755693581,True
vs,acti,84,4618.142857142857,7621.200216450216,True
vs,acti,85,4648.285714285715,7621.200216450216,True
vs,acti,86,4648.571428571428,7708.14634920635,True
vs,acti,87,4829.0,7708.14634920635,True
vs,acti,88,4829.142857142857,7731.264880952382,True
vs,acti,89,4893.714285714285,7731.264880952382,True
vs,acti,90,4894.285714285715,7735.3425595238095,True
vs,acti,91,4953.0,7735.3425595238095,True
vs,acti,92,4954.857142857143,8051.4606782106775,True
vs,acti,93,5062.0,8051.4606782106775,True
vs,acti,94,5063.285714285715,8153.3410364145675,True
vs,acti,95,5231.714285714285,8153.3410364145675,True
vs,acti,96,5232.0,8362.737964176496,True
vs,acti,97,5461.714285714285,8362.737964176496,True
vs,acti,98,5462.0,8424.642857142857,True
vs,acti,99,5462.857142857143,8424.642857142857,True
vs,acti,100,5465.25,8478.93974025974,True
vs,acti,101,5544.571428571428,8478.93974025974,True
vs,acti,102,5551.0,8595.00869163199,True
vs,acti,103,5692.333333333333,8595.00869163199,True
vs,acti,104,5698.857142857143,8719.72619047619,True
vs,acti,105,5704.5,8719.72619047619,True
vs,acti,106,5705.428571428572,8963.92857142857,True
vs,acti,107,5705.571428571428,8963.92857142857,True
vs,acti,108,5707.142857142857,9077.132928325973,True
vs,acti,109,6274.833333333333,9077.132928325973,True
vs,acti,110,6274.857142857143,9298.054938271604,True
vs,acti,111,6392.5,9298.054938271604,True
vs,acti,112,6393.285714285715,9425.010047619051,True
vs,acti,113,6463.857142857143,9425.010047619051,True
vs,acti,114,6470.714285714285,9427.068452380952,True
vs,acti,115,6483.0,9427.068452380952,True
vs,acti,116,6484.0,9467.65397830018,True
vs,acti,117,6574.714285714285,9467.65397830018,True
vs,acti,118,6575.428571428572,9584.001700680268,True
vs,acti,119,6793.857142857143,9584.001700680268,True
vs,acti,120,6795.0,9633.196808510638,True
vs,acti,121,6852.857142857143,9633.196808510638,True
vs,acti,122,6853.714285714285,9664.757142857143,True
vs,acti,123,6870.714285714285,9664.757142857143,True
vs,acti,124,6876.0,9884.325457875459,True
vs,acti,125,6917.6,9884.325457875459,True
vs,acti,126,6921.285714285715,9972.971253699221,True
vs,acti,127,7165.428571428572,9972.971253699221,True
vs,acti,128,7165.857142857143,10049.77790868925,True
vs,acti,129,7281.857142857143,10049.77790868925,True
vs,acti,130,7283.285714285715,10092.412770562769,True
vs,acti,131,7405.833333333333,10092.412770562769,True
vs,acti,132,7406.0,10108.28253968254,True
vs,acti,133,7418.857142857143,10108.28253968254,True
vs,acti,134,7419.428571428572,10109.9,True
vs,acti,135,7421.4,10109.9,True
vs,acti,136,7424.857142857143,10488.24797657082,True
vs,acti,137,7786.571428571428,10488.24797657082,True
vs,acti,138,7788.428571428572,10641.123015873018,True
vs,acti,139,7794.0,10641.123015873018,True
vs,acti,140,7797.142857142857,10750.730357142857,True
vs,acti,141,7821.142857142857,10750.730357142857,True
vs,acti,142,7824.571428571428,10779.053327417927,True
vs,acti,143,7992.571428571428,10779.053327417927,True
vs,acti,144,7993.714285714285,10891.978376759513,True
vs,acti,145,8175.142857142857,10891.978376759513,True
vs,acti,146,8175.714285714285,11087.583751608752,True
vs,acti,147,8271.5,11087.583751608752,True
vs,acti,148,8272.0,11256.428571428572,True
vs,acti,149,8275.142857142857,11256.428571428572,True
vs,acti,150,8275.285714285714,11280.011848607372,True
vs,acti,151,8522.142857142857,11280.011848607372,True
vs,acti,152,8523.0,11359.944444444445,True
vs,acti,153,8527.166666666666,11359.944444444445,True
vs,acti,154,8527.285714285714,11366.309523809523,True
vs,acti,155,8540.57142857143,11366.309523809523,True
vs,acti,156,8542.833333333334,11458.33080808081,True
vs,acti,157,8582.57142857143,11458.33080808081,True
vs,acti,158,8585.285714285714,11483.149580952384,True
vs,acti,159,8880.42857142857,11483.149580952384,True
vs,acti,160,8881.142857142857,11739.801020408162,True
vs,acti,161,8887.714285714286,11739.801020408162,True
vs,acti,162,8889.42857142857,11859.977241527244,True
vs,acti,163,9013.285714285714,11859.977241527244,True
vs,acti,164,9013.714285714286,11889.031746031746,True
vs,acti,165,9025.0,11889.031746031746,True
vs,acti,166,9025.57142857143,11991.081931779801,True
vs,acti,167,9183.57142857143,11991.081931779801,True
vs,acti,168,9184.42857142857,12007.869523809524,True
vs,acti,169,9205.142857142857,12007.869523809524,True
vs,acti,170,9205.42857142857,12039.421691297212,True
vs,acti,171,9360.8,12039.421691297212,True
vs,acti,172,9361.57142857143,12055.983011583014,True
vs,acti,173,9503.714285714286,12055.983011583014,True
vs,acti,174,9504.42857142857,12131.761269841269,True
vs,acti,175,9587.285714285714,12131.761269841269,True
vs,acti,176,9587.75,12292.77304526749,True
vs,acti,177,9687.42857142857,12292.77304526749,True
vs,acti,178,9688.0,12378.031009070297,True
vs,acti,179,9849.857142857143,12378.031009070297,True
vs,acti,180,9850.0,12608.389586754241,True
vs,acti,181,10081.0,12608.389586754241,True
vs,acti,182,10082.857142857143,12748.04588235294,True
vs,acti,183,10180.57142857143,12748.04588235294,True
vs,acti,184,10181.42857142857,12832.872294372295,True
vs,acti,185,10190.714285714286,12832.872294372295,True
vs,acti,186,10195.714285714286,13026.040382819796,True
vs,acti,187,10263.285714285714,13026.040382819796,True
vs,acti,188,10264.666666666666,13083.72996920161,True
vs,acti,189,10521.142857142857,13083.72996920161,True
vs,acti,190,10521.57142857143,13292.967086834731,True
vs,acti,191,10567.285714285714,13292.967086834731,True
vs,acti,192,10567.714285714286,13403.357142857143,True
vs,acti,193,10570.142857142857,13403.357142857143,True
vs,acti,194,10570.285714285714,13568.619791666668,True
vs,acti,195,10670.0,13568.619791666668,True
vs,acti,196,10673.285714285714,13587.889890109891,True
vs,acti,197,10760.57142857143,13587.889890109891,True
vs,acti,198,10761.142857142857,13610.594198139022,True
vs,acti,199,10870.142857142857,13610.594198139022,True
vs,acti,200,10870.285714285714,13712.609890833803,True
vs,acti,201,11237.142857142857,13712.609890833803,True
vs,acti,202,11238.57142857143,13714.22077922078,True
vs,acti,203,11256.285714285714,13714.22077922078,True
vs,acti,204,11257.5,13904.623034330009,True
vs,acti,205,11381.0,13904.623034330009,True
vs,acti,206,11381.166666666666,14203.18398268398,True
vs,acti,207,11403.333333333334,14203.18398268398,True
vs,acti,208,11404.333333333334,14203.551639344261,True
vs,acti,209,11512.0,14203.551639344261,True
vs,acti,210,11513.714285714286,14326.273430735931,True
vs,acti,211,11578.57142857143,14326.273430735931,True
vs,acti,212,11581.57142857143,14412.4,True
vs,acti,213,11599.142857142857,14412.4,True
vs,acti,214,11600.0,14428.898809523811,True
vs,acti,215,11604.57142857143,14428.898809523811,True
vs,acti,216,11609.285714285714,14442.870646766169,True
vs,acti,217,11823.142857142857,14442.870646766169,True
vs,acti,218,11824.0,14462.722099712366,True
vs,acti,219,12103.285714285714,14462.722099712366,True
vs,acti,220,12103.857142857143,14880.56828774063,True
vs,acti,221,12194.42857142857,14880.56828774063,True
vs,acti,222,12194.857142857143,15007.50476190476,True
vs,acti,223,12262.57142857143,15007.50476190476,True
vs,acti,224,12263.0,15076.72893772894,True
vs,acti,225,12290.857142857143,15076.72893772894,True
vs,acti,226,12292.285714285714,15081.47185185185,True
vs,acti,227,12521.714285714286,15081.47185185185,True
vs,acti,228,12522.142857142857,15255.680272108844,True
vs,acti,229,12539.0,15255.680272108844,True
vs,acti,230,12541.57142857143,15268.622495894908,True
vs,acti,231,12669.0,15268.622495894908,True
vs,acti,232,12678.42857142857,15362.610178571427,True
vs,acti,233,12830.42857142857,15362.610178571427,True
vs,acti,234,12831.0,15442.264835164837,True
vs,acti,235,13059.285714285714,15442.264835164837,True
vs,acti,236,13064.714285714286,15452.865989326767,True
vs,acti,237,13325.4,15452.865989326767,True
vs,acti,238,13328.857142857143,15906.286428571431,True
vs,acti,239,13340.5,15906.286428571431,True
vs,acti,240,13344.57142857143,15965.069444444447,True
vs,acti,241,13459.42857142857,15965.069444444447,True
vs,acti,242,13460.714285714286,15997.514463729418,True
vs,acti,243,13721.666666666666,15997.514463729418,True
vs,acti,244,13725.285714285714,16236.747705627708,True
vs,acti,245,14013.142857142857,16236.747705627708,True
vs,acti,246,14016.57142857143,16619.186734693878,True
vs,acti,247,14121.285714285714,16619.186734693878,True
vs,acti,248,14122.0,16807.573740006956,True
vs,acti,249,15057.5,16807.573740006956,True
vs,acti,250,15066.166666666666,17209.253530377664,True
vs,acti,251,15138.714285714286,17209.253530377664,True
vs,acti,252,15145.0,17822.768854568854,True
vs,acti,253,15335.714285714286,17822.768854568854,True
vs,acti,254,15336.285714285714,17861.52447226313,True
vs,acti,255,15704.285714285714,17861.52447226313,True
vs,acti,256,15706.42857142857,18004.57142857143,True
vs,acti,257,15711.0,18004.57142857143,True
vs,acti,258,15711.57142857143,18141.680641821946,True
vs,acti,259,15900.285714285714,18141.680641821946,True
vs,acti,260,15912.57142857143,18181.428571428572,True
vs,acti,261,15919.2,18374.769642857143,True
vs,acti,262,16129.857142857143,18374.769642857143,True
vs,acti,263,16130.42857142857,18586.33597883598,True
vs,acti,264,16176.0,18586.33597883598,True
vs,acti,265,16176.57142857143,18644.52210884354,True
vs,acti,266,16321.714285714286,18644.52210884354,True
vs,acti,267,16331.0,18928.547670807453,True
vs,acti,268,16564.14285714286,18928.547670807453,True
vs,acti,269,16564.428571428572,18958.37737306843,True
vs,acti,270,17621.5,18958.37737306843,False
vs,acti,271,17623.571428571428,19475.90936238902,False
vs,acti,272,18191.428571428572,19475.90936238902,False
vs,acti,273,18192.428571428572,19519.698412698413,False
vs,acti,274,18222.285714285714,19519.698412698413,False
vs,acti,275,18251.285714285714,19622.9246031746,False
vs,acti,276,18349.666666666668,19622.9246031746,False
vs,acti,277,18355.85714285714,20301.65353641457,False
vs,acti,278,19202.0,20301.65353641457,False
vs,acti,279,19209.4,20913.700865800867,False
vs,acti,280,19813.85714285714,20913.700865800867,False
vs,acti,281,19822.714285714286,21263.786992945326,False
vs,acti,282,21265.571428571428,21263.786992945326,False
vs,acti,283,21384.14285714286,22761.636243386245,False
vs,acti,284,22561.0,22761.636243386245,False
vs,acti,285,22585.14285714286,23632.28209109731,False
vs,acti,286,23805.428571428572,23632.28209109731,False
vs,acti,287,23888.571428571428,23647.738095238095,False
vs,acti,288,24393.428571428572,23647.738095238095,False
vs,acti,289,24415.85714285714,25806.51984126984,False
vs,acti,290,24579.333333333332,25806.51984126984,False
vs,acti,291,24642.85714285714,26028.79369747899,False
vs,acti,292,27321.714285714286,26028.79369747899,False
vs,acti,293,27548.571428571428,26302.214285714286,False
vs,acti,294,29398.14285714286,26302.214285714286,False
vs,acti,295,31763.166666666668,28378.333333333332,False
vs,acti,296,31859.571428571428,30248.714285714286,False
vs,adept,1,0.0,17.281980616800748,False
vs,adept,2,68.0,17.281980616800748,False
vs,adept,3,87.28571428571429,27.07202812112456,False
vs,adept,4,228.42857142857142,27.07202812112456,False
vs,adept,5,239.71428571428572,32.14437509421351,False
vs,adept,6,242.71428571428572,48.45054253870412,False
vs,adept,7,288.0,48.45054253870412,False
vs,adept,8,298.0,65.65870944819068,False
vs,adept,9,347.8,65.65870944819068,False
vs,adept,10,349.0,84.10596562197047,False
vs,adept,11,490.5,84.10596562197047,False
vs,adept,12,511.2857142857143,87.01860664856535,False
vs,adept,13,616.0,87.01860664856535,False
vs,adept,14,624.0,90.64518065545053,False
vs,adept,15,645.2857142857143,90.64518065545053,False
vs,adept,16,648.4,107.95205568908001,False
vs,adept,17,699.2857142857143,107.95205568908001,False
vs,adept,18,726.1428571428571,136.5373734406791,False
vs,adept,19,800.8571428571429,136.5373734406791,False
vs,adept,20,804.2857142857143,154.67731678206243,False
vs,adept,21,898.5714285714286,154.67731678206243,False
vs,adept,22,902.4285714285714,181.12527664009113,False
vs,adept,23,1087.5714285714287,181.12527664009113,False
vs,adept,24,1093.2857142857142,228.96462798223578,False
vs,adept,25,1533.0,228.96462798223578,False
vs,adept,26,1535.142857142857,283.74711436039627,False
vs,adept,27,1666.142857142857,283.74711436039627,False
vs,adept,28,1668.7142857142858,284.4704216565367,False
vs,adept,29,1702.2857142857142,284.4704216565367,False
vs,adept,30,1704.2857142857142,332.92782849698074,False
vs,adept,31,1952.857142857143,332.92782849698074,False
vs,adept,32,1954.142857142857,392.16219208399576,False
vs,adept,33,1969.2857142857142,392.16219208399576,False
vs,adept,34,1976.857142857143,393.15361121948666,False
vs,adept,35,2033.4285714285713,393.15361121948666,False
vs,adept,36,2036.5714285714287,412.5355412747553,False
vs,adept,37,2422.285714285714,412.5355412747553,False
vs,adept,38,2429.4285714285716,444.48111154434616,False
vs,adept,39,2510.8571428571427,444.48111154434616,False
vs,adept,40,2518.3333333333335,469.6953613185174,False
vs,adept,41,2612.714285714286,469.6953613185174,True
vs,adept,42,2612.8571428571427,535.7844804494267,True
vs,adept,43,2897.6666666666665,535.7844804494267,True
vs,adept,44,2904.3333333333335,538.7023921633612,True
vs,adept,45,2906.6,538.7023921633612,True
vs,adept,46,2909.1428571428573,565.5515674168679,True
vs,adept,47,3066.0,565.5515674168679,True
vs,adept,48,3066.1428571428573,589.9123422079759,True
vs,adept,49,3074.8571428571427,589.9123422079759,True
vs,adept,50,3075.0,648.5711467179622,True
vs,adept,51,3099.1428571428573,648.5711467179622,True
vs,adept,52,3104.8571428571427,686.1081114405573,True
vs,adept,53,3306.6666666666665,686.1081114405573,True
vs,adept,54,3306.714285714286,706.2298645696588,True
vs,adept,55,3514.1666666666665,706.2298645696588,True
vs,adept,56,3515.714285714286,765.5417971194424,True
vs,adept,57,3780.1428571428573,765.5417971194424,True
vs,adept,58,3780.8571428571427,787.2822041714483,True
vs,adept,59,3787.6666666666665,787.2822041714483,True
vs,adept,60,3787.714285714286,804.398767715192,True
vs,adept,61,3858.6666666666665,804.398767715192,True
vs,adept,62,3862.285714285714,880.3110701564807,True
vs,adept,63,3985.5714285714284,880.3110701564807,True
vs,adept,64,3990.5714285714284,925.7651432758381,True
vs,adept,65,4155.428571428572,925.7651432758381,True
vs,adept,66,4157.0,974.453214164246,True
vs,adept,67,4499.142857142857,974.453214164246,True
vs,adept,68,4502.0,982.9187528877866,True
vs,adept,69,4531.714285714285,982.9187528877866,True
vs,adept,70,4531.857142857143,1052.2581941099236,True
vs,adept,71,4536.142857142857,1084.6097426564447,True
vs,adept,72,4771.857142857143,1084.6097426564447,True
vs,adept,73,4778.0,1156.8520127485742,True
vs,adept,74,4940.0,1156.8520127485742,True
vs,adept,75,4940.857142857143,1205.9007087800746,True
vs,adept,76,5190.428571428572,1205.9007087800746,True
vs,adept,77,5190.714285714285,1268.0574028551962,True
vs,adept,78,5345.714285714285,1268.0574028551962,True
vs,adept,79,5351.0,1277.6343056509227,True
vs,adept,80,5379.714285714285,1277.6343056509227,True
vs,adept,81,5384.142857142857,1303.3410958161192,True
vs,adept,82,5530.571428571428,1303.3410958161192,True
vs,adept,83,5530.714285714285,1351.4456948719585,True
vs,adept,84,5560.142857142857,1351.4456948719585,True
vs,adept,85,5561.714285714285,1396.6556458564937,True
vs,adept,86,5655.142857142857,1396.6556458564937,True
vs,adept,87,5655.5,1437.176174793109,True
vs,adept,88,5954.714285714285,1437.176174793109,True
vs,adept,89,5955.0,1556.5665817370489,True
vs,adept,90,6260.285714285715,1556.5665817370489,True
vs,adept,91,6262.428571428572,1570.6594520582269,True
vs,adept,92,6561.0,1570.6594520582269,True
vs,adept,93,6562.0,1595.7078266364665,True
vs,adept,94,6602.142857142857,1595.7078266364665,True
vs,adept,95,6602.285714285715,1656.579248022587,True
vs,adept,96,6723.714285714285,1656.579248022587,True
vs,adept,97,6724.857142857143,1737.0849854329394,True
vs,adept,98,6786.428571428572,1737.0849854329394,True
vs,adept,99,6792.142857142857,1745.3797742009597,True
vs,adept,100,6977.428571428572,1745.3797742009597,True
vs,adept,101,6978.333333333333,1817.0566323562255,True
vs,adept,102,7010.0,1817.0566323562255,True
vs,adept,103,7013.571428571428,1882.7104839880951,True
vs,adept,104,7015.0,1882.7104839880951,True
vs,adept,105,7016.857142857143,1891.1654082512935,True
vs,adept,106,7208.0,1891.1654082512935,True
vs,adept,107,7208.571428571428,1958.459165501495,True
vs,adept,108,7403.571428571428,1958.459165501495,True
vs,adept,109,7405.142857142857,1961.6040455993839,True
vs,adept,110,7549.333333333333,1961.6040455993839,True
vs,adept,111,7550.571428571428,2013.081518008694,True
vs,adept,112,7958.0,2013.081518008694,True
vs,adept,113,7961.0,2075.5868542714297,True
vs,adept,114,8017.571428571428,2075.5868542714297,True
vs,adept,115,8017.714285714285,2091.371659499558,True
vs,adept,116,8064.428571428572,2091.371659499558,True
vs,adept,117,8066.428571428572,2117.4275286459456,True
vs,adept,118,8066.666666666667,2154.872436568637,True
vs,adept,119,8086.714285714285,2154.872436568637,True
vs,adept,120,8088.857142857143,2238.6106940939544,True
vs,adept,121,8090.0,2238.6106940939544,True
vs,adept,122,8090.714285714285,2241.664679368828,True
vs,adept,123,8482.285714285714,2241.664679368828,True
vs,adept,124,8482.5,2317.48093516626,True
vs,adept,125,8863.0,2317.48093516626,True
vs,adept,126,8863.285714285714,2481.191251859804,True
vs,adept,127,8971.57142857143,2481.191251859804,True
vs,adept,128,8973.42857142857,2513.4053576123442,True
vs,adept,129,9001.42857142857,2513.4053576123442,True
vs,adept,130,9001.57142857143,2528.9971657175442,True
vs,adept,131,9094.142857142857,2528.9971657175442,True
vs,adept,132,9094.857142857143,2533.0807430810914,True
vs,adept,133,9220.285714285714,2533.0807430810914,True
vs,adept,134,9221.142857142857,2541.784104346866,True
vs,adept,135,9285.0,2541.784104346866,True
vs,adept,136,9285.142857142857,2578.520301602169,True
vs,adept,137,9420.0,2578.520301602169,True
vs,adept,138,9420.57142857143,2580.6341986519687,True
vs,adept,139,9638.42857142857,2580.6341986519687,True
vs,adept,140,9640.142857142857,2683.328538157124,True
vs,adept,141,9931.8,2683.328538157124,True
vs,adept,142,9932.0,2697.9170326329277,True
vs,adept,143,10079.857142857143,2697.9170326329277,True
vs,adept,144,10080.142857142857,2739.628367537099,True
vs,adept,145,10240.142857142857,2739.628367537099,True
vs,adept,146,10244.0,2757.7421103368606,True
vs,adept,147,10352.142857142857,2757.7421103368606,True
vs,adept,148,10352.42857142857,2801.2821195531287,True
vs,adept,149,10704.285714285714,2801.2821195531287,True
vs,adept,150,10705.285714285714,2847.8142528445055,True
vs,adept,151,10727.857142857143,2847.8142528445055,True
vs,adept,152,10728.42857142857,2946.178290138048,True
vs,adept,153,11040.166666666666,2946.178290138048,True
vs,adept,154,11045.857142857143,3017.2484815888615,True
vs,adept,155,11237.142857142857,3017.2484815888615,True
vs,adept,156,11238.57142857143,3018.3872293949107,True
vs,adept,157,11555.0,3018.3872293949107,True
vs,adept,158,11558.57142857143,3063.51601334017,True
vs,adept,159,11630.142857142857,3063.51601334017,True
vs,adept,160,11630.714285714286,3267.358380692453,True
vs,adept,161,11638.666666666666,3267.358380692453,True
vs,adept,162,11641.857142857143,3273.556928448851,True
vs,adept,163,11724.142857142857,3273.556928448851,True
vs,adept,164,11725.42857142857,3311.433766276954,True
vs,adept,165,12339.714285714286,3311.433766276954,True
vs,adept,166,12340.8,3376.504477863127,True
vs,adept,167,12430.57142857143,3376.504477863127,True
vs,adept,168,12432.0,3411.106171473403,True
vs,adept,169,12465.0,3411.106171473403,True
vs,adept,170,12465.857142857143,3525.882345722683,True
vs,adept,171,12811.8,3525.882345722683,True
vs,adept,172,12814.0,3645.1364548452084,True
vs,adept,173,12819.57142857143,3702.3065990201853,True
vs,adept,174,13365.285714285714,3702.3065990201853,True
vs,adept,175,13365.714285714286,3731.1100130349437,True
vs,adept,176,13412.5,3731.1100130349437,True
vs,adept,177,13419.285714285714,3743.523038666852,True
vs,adept,178,13582.57142857143,3743.523038666852,True
vs,adept,179,13584.42857142857,3757.810921065612,True
vs,adept,180,13628.142857142857,3757.810921065612,True
vs,adept,181,13629.0,3768.4223610256977,True
vs,adept,182,14484.285714285714,3768.4223610256977,True
vs,adept,183,14497.57142857143,4165.672768510114,True
vs,adept,184,14900.285714285714,4165.672768510114,True
vs,adept,185,14906.57142857143,4179.658713417816,True
vs,adept,186,14974.42857142857,4179.658713417816,True
vs,adept,187,14974.57142857143,4297.604154661048,True
vs,adept,188,16203.714285714286,4297.604154661048,True
vs,adept,189,16205.285714285714,4588.346494471119,True
vs,adept,190,16524.25,4588.346494471119,True
vs,adept,191,16525.0,4715.195867986439,True
vs,adept,192,17118.285714285714,4715.195867986439,False
vs,adept,193,17127.85714285714,4719.737980829804,False
vs,adept,194,17372.714285714286,4719.737980829804,False
vs,adept,195,17380.0,5072.762480451074,False
vs,adept,196,18287.285714285714,5072.762480451074,False
vs,adept,197,18296.285714285714,5131.39750474758,False
vs,adept,198,18933.85714285714,5131.39750474758,False
vs,adept,199,18937.75,5398.413057325117,False
vs,adept,200,20404.833333333332,5398.413057325117,False
vs,adept,201,20424.571428571428,5418.423491833049,False
vs,adept,202,20426.428571428572,5418.423491833049,False
vs,adept,203,20434.6,5755.104378591609,False
vs,adept,204,20473.333333333332,5880.485847399852,False
vs,adept,205,23417.5,5880.485847399852,False
vs,adept,206,23430.666666666668,6732.260589922992,False
vs,adept,207,23795.85714285714,6732.260589922992,False
vs,adept,208,23805.428571428572,7178.799454244274,False
vs,adept,209,23888.571428571428,7178.799454244274,False
vs,adept,210,23931.285714285714,7485.314169315453,False
vs,adept,211,24683.333333333332,7485.314169315453,False
vs,adept,212,24820.714285714286,7650.057656868919,False
vs,adept,213,24958.166666666668,7650.057656868919,False
vs,adept,214,25247.85714285714,7907.249194135934,False
vs,adept,215,31763.166666666668,7907.249194135934,False
vs,adept,216,31859.571428571428,7980.181411396879,False
vs,oak,1,0.0,117.74583333333342,False
vs,oak,2,68.0,117.74583333333342,False
vs,oak,3,87.28571428571429,176.62142857142868,False
vs,oak,4,144.0,206.31250000000017,False
vs,oak,5,167.42857142857142,212.6142857142859,False
vs,oak,6,171.14285714285714,212.6142857142859,False
vs,oak,7,171.28571428571428,215.55000000000015,False
vs,oak,8,228.42857142857142,215.55000000000015,False
vs,oak,9,239.71428571428572,292.50714285714304,False
vs,oak,10,288.0,292.50714285714304,False
vs,oak,11,298.0,408.3855654761908,False
vs,oak,12,345.57142857142856,408.3855654761908,False
vs,oak,13,347.8,460.92753968253993,False
vs,oak,14,388.14285714285717,460.92753968253993,False
vs,oak,15,400.14285714285717,550.4428571428574,False
vs,oak,16,404.14285714285717,550.4428571428574,False
vs,oak,17,424.0,618.9300000000003,False
vs,oak,18,475.7142857142857,618.9300000000003,False
vs,oak,19,481.0,666.5375661375666,False
vs,oak,20,599.5714285714286,666.5375661375666,False
vs,oak,21,616.0,798.0142857142863,False
vs,oak,22,624.0,807.1962770562775,False
vs,oak,23,690.5,807.1962770562775,False
vs,oak,24,693.0,871.8083333333335,False
vs,oak,25,696.0,871.8083333333335,False
vs,oak,26,699.2857142857143,878.1785714285719,False
vs,oak,27,726.1428571428571,1014.8678571428574,False
vs,oak,28,753.0,1014.8678571428574,False
vs,oak,29,758.0,1093.2301587301592,False
vs,oak,30,775.0,1093.2301587301592,False
vs,oak,31,789.4285714285714,1096.0504464285718,False
vs,oak,32,814.7142857142857,1096.0504464285718,False
vs,oak,33,837.4285714285714,1101.4846825396828,False
vs,oak,34,915.8571428571429,1101.4846825396828,False
vs,oak,35,916.0,1158.55,False
vs,oak,36,916.8571428571429,1239.8071428571436,False
vs,oak,37,919.7142857142857,1254.2233766233771,False
vs,oak,38,1017.0,1254.2233766233771,False
vs,oak,39,1023.0,1328.5750000000005,False
vs,oak,40,1070.3333333333333,1328.5750000000005,False
vs,oak,41,1080.0,1516.7650451559941,False
vs,oak,42,1233.8333333333333,1516.7650451559941,False
vs,oak,43,1237.2857142857142,1595.2851658163272,False
vs,oak,44,1416.2857142857142,1595.2851658163272,False
vs,oak,45,1425.0,1612.5979166666673,False
vs,oak,46,1496.7142857142858,1612.5979166666673,False
vs,oak,47,1503.1666666666667,1793.6430476190485,False
vs,oak,48,1533.0,1793.6430476190485,False
vs,oak,49,1535.142857142857,1884.7214285714297,False
vs,oak,50,1552.857142857143,1965.4654047619056,False
vs,oak,51,1693.0,1965.4654047619056,False
vs,oak,52,1696.8,2174.258095238096,False
vs,oak,53,1711.7142857142858,2174.258095238096,False
vs,oak,54,1718.5714285714287,2225.848604497355,False
vs,oak,55,1805.857142857143,2225.848604497355,False
vs,oak,56,1810.2857142857142,2375.185311059908,False
vs,oak,57,1964.2857142857142,2375.185311059908,False
vs,oak,58,1964.7142857142858,2605.652380952381,False
vs,oak,59,1990.7142857142858,2605.652380952381,False
vs,oak,60,1992.7142857142858,2616.5124542124545,False
vs,oak,61,2033.4285714285713,2616.5124542124545,False
vs,oak,62,2036.5714285714287,2663.964831932774,False
vs,oak,63,2105.6,2663.964831932774,False
vs,oak,64,2112.5714285714284,2763.906325247081,False
vs,oak,65,2308.714285714286,2763.906325247081,False
vs,oak,66,2308.8571428571427,2878.5191428571434,False
vs,oak,67,2415.8,2878.5191428571434,False
vs,oak,68,2417.5714285714284,3046.1392857142864,False
vs,oak,69,2422.285714285714,3046.1392857142864,False
vs,oak,70,2429.4285714285716,3082.75515873016,False
vs,oak,71,2451.8333333333335,3082.75515873016,False
vs,oak,72,2459.25,3126.9993738977073,False
vs,oak,73,2567.714285714286,3126.9993738977073,False
vs,oak,74,2584.714285714286,3253.046590909092,False
vs,oak,75,2629.5714285714284,3253.046590909092,True
vs,oak,76,2630.8571428571427,3377.9685154061626,True
vs,oak,77,2897.6666666666665,3377.9685154061626,True
vs,oak,78,2904.3333333333335,3764.898752587993,True
vs,oak,79,2960.714285714286,3764.898752587993,True
vs,oak,80,2962.1428571428573,3863.317640692642,True
vs,oak,81,3066.0,3863.317640692642,True
vs,oak,82,3066.1428571428573,3959.4251082251085,True
vs,oak,83,3207.4285714285716,3959.4251082251085,True
vs,oak,84,3208.8571428571427,4082.3781333333345,True
vs,oak,85,3285.1428571428573,4082.3781333333345,True
vs,oak,86,3287.1428571428573,4145.71048979592,True
vs,oak,87,3387.0,4145.71048979592,True
vs,oak,88,3391.714285714286,4175.0579794973555,True
vs,oak,89,3503.714285714286,4175.0579794973555,True
vs,oak,90,3506.0,4386.268707482994,True
vs,oak,91,3526.8571428571427,4386.268707482994,True
vs,oak,92,3527.4285714285716,4453.30385361552,True
vs,oak,93,3780.8571428571427,4453.30385361552,True
vs,oak,94,3782.5714285714284,4523.714285714287,True
vs,oak,95,3790.0,4523.714285714287,True
vs,oak,96,3790.1666666666665,4687.073864468866,True
vs,oak,97,3880.1428571428573,4687.073864468866,True
vs,oak,98,3882.0,4873.451150793651,True
vs,oak,99,3939.4285714285716,4873.451150793651,True
vs,oak,100,3947.0,4892.991836734695,True
vs,oak,101,3964.285714285714,4892.991836734695,True
vs,oak,102,3967.714285714286,5062.793268398269,True
vs,oak,103,4073.285714285714,5062.793268398269,True
vs,oak,104,4076.1428571428573,5096.539820044298,True
vs,oak,105,4184.714285714285,5096.539820044298,True
vs,oak,106,4185.0,5294.62142857143,True
vs,oak,107,4185.833333333333,5467.79016563147,True
vs,oak,108,4250.285714285715,5467.79016563147,True
vs,oak,109,4252.142857142857,5564.75868415508,True
vs,oak,110,4492.0,5564.75868415508,True
vs,oak,111,4492.714285714285,5582.955119047621,True
vs,oak,112,4527.571428571428,5582.955119047621,True
vs,oak,113,4528.142857142857,5608.706696428573,True
vs,oak,114,4550.833333333333,5608.706696428573,True
vs,oak,115,4550.857142857143,5660.352471042473,True
vs,oak,116,4627.285714285715,5660.352471042473,True
vs,oak,117,4631.428571428572,5858.650623162847,True
vs,oak,118,4752.571428571428,5858.650623162847,True
vs,oak,119,4752.857142857143,5962.382297178131,True
vs,oak,120,4795.857142857143,5962.382297178131,True
vs,oak,121,4800.571428571428,6071.059542606517,True
vs,oak,122,4935.333333333333,6071.059542606517,True
vs,oak,123,4935.571428571428,6188.1296296296305,True
vs,oak,124,4973.428571428572,6188.1296296296305,True
vs,oak,125,4974.428571428572,6308.478765031264,True
vs,oak,126,5149.857142857143,6308.478765031264,True
vs,oak,127,5152.857142857143,6479.169376026273,True
vs,oak,128,5214.857142857143,6479.169376026273,True
vs,oak,129,5216.142857142857,6547.15247835498,True
vs,oak,130,5252.142857142857,6547.15247835498,True
vs,oak,131,5253.75,6848.564280920423,True
vs,oak,132,5539.857142857143,6848.564280920423,True
vs,oak,133,5541.428571428572,6983.14586309524,True
vs,oak,134,5562.428571428572,6983.14586309524,True
vs,oak,135,5562.857142857143,7056.1176249265145,True
vs,oak,136,5681.142857142857,7056.1176249265145,True
vs,oak,137,5682.428571428572,7142.47375,True
vs,oak,138,5691.428571428572,7142.47375,True
vs,oak,139,5692.333333333333,7358.77750915751,True
vs,oak,140,5870.0,7358.77750915751,True
vs,oak,141,5872.0,7474.681804388425,True
vs,oak,142,5941.333333333333,7474.681804388425,True
vs,oak,143,5944.285714285715,7545.914835164837,True
vs,oak,144,6038.857142857143,7545.914835164837,True
vs,oak,145,6039.142857142857,7683.785989583336,True
vs,oak,146,6265.4,7683.785989583336,True
vs,oak,147,6265.428571428572,7780.435639880954,True
vs,oak,148,6300.0,7780.435639880954,True
vs,oak,149,6301.285714285715,7910.029010989013,True
vs,oak,150,6326.571428571428,7910.029010989013,True
vs,oak,151,6328.285714285715,7925.671428571428,True
vs,oak,152,6333.428571428572,7925.671428571428,True
vs,oak,153,6333.75,7959.06293154762,True
vs,oak,154,6387.857142857143,7959.06293154762,True
vs,oak,155,6391.857142857143,8020.36521825397,True
vs,oak,156,6471.142857142857,8020.36521825397,True
vs,oak,157,6474.857142857143,8128.496613577864,True
vs,oak,158,6561.0,8128.496613577864,True
vs,oak,159,6562.0,8262.368080168779,True
vs,oak,160,6688.714285714285,8262.368080168779,True
vs,oak,161,6688.857142857143,8280.930122767859,True
vs,oak,162,6777.5,8280.930122767859,True
vs,oak,163,6778.142857142857,8380.24758799172,True
vs,oak,164,6868.0,8380.24758799172,True
vs,oak,165,6870.714285714285,8552.774386823223,True
vs,oak,166,6977.428571428572,8552.774386823223,True
vs,oak,167,6978.333333333333,8733.49537202381,True
vs,oak,168,7067.4,8733.49537202381,True
vs,oak,169,7071.166666666667,8881.35171973609,True
vs,oak,170,7176.714285714285,8881.35171973609,True
vs,oak,171,7177.285714285715,8982.829940476191,True
vs,oak,172,7183.75,8982.829940476191,True
vs,oak,173,7187.0,9048.104823481117,True
vs,oak,174,7216.142857142857,9048.104823481117,True
vs,oak,175,7216.428571428572,9120.918100000003,True
vs,oak,176,7246.428571428572,9120.918100000003,True
vs,oak,177,7248.571428571428,9128.075166187282,True
vs,oak,178,7405.142857142857,9128.075166187282,True
vs,oak,179,7405.833333333333,9179.546190476192,True
vs,oak,180,7425.0,9179.546190476192,True
vs,oak,181,7425.714285714285,9283.237023809525,True
vs,oak,182,7501.571428571428,9283.237023809525,True
vs,oak,183,7502.0,9484.202630208334,True
vs,oak,184,7563.571428571428,9484.202630208334,True
vs,oak,185,7566.857142857143,9486.961666666666,True
vs,oak,186,7586.0,9486.961666666666,True
vs,oak,187,7587.857142857143,9494.42142857143,True
vs,oak,188,7606.0,9494.42142857143,True
vs,oak,189,7606.714285714285,9602.79166666667,True
vs,oak,190,7620.428571428572,9602.79166666667,True
vs,oak,191,7621.142857142857,9636.6541385894,True
vs,oak,192,7740.142857142857,9636.6541385894,True
vs,oak,193,7742.8,9668.146324404763,True
vs,oak,194,7756.428571428572,9668.146324404763,True
vs,oak,195,7757.25,9839.63046902972,True
vs,oak,196,7918.571428571428,9839.63046902972,True
vs,oak,197,7919.285714285715,9845.353519668737,True
vs,oak,198,8008.6,9845.353519668737,True
vs,oak,199,8009.0,10081.860702614382,True
vs,oak,200,8068.666666666667,10081.860702614382,True
vs,oak,201,8069.0,10146.094372710624,True
vs,oak,202,8147.666666666667,10146.094372710624,True
vs,oak,203,8150.666666666667,10169.095094130678,True
vs,oak,204,8262.0,10169.095094130678,True
vs,oak,205,8264.0,10223.377529761907,True
vs,oak,206,8272.0,10223.377529761907,True
vs,oak,207,8273.0,10232.133928571431,True
vs,oak,208,8275.285714285714,10232.133928571431,True
vs,oak,209,8275.42857142857,10499.344262906097,True
vs,oak,210,8527.166666666666,10499.344262906097,True
vs,oak,211,8527.285714285714,10527.604927536235,True
vs,oak,212,8551.857142857143,10527.604927536235,True
vs,oak,213,8554.0,10553.975476190477,True
vs,oak,214,8558.714285714286,10553.975476190477,True
vs,oak,215,8563.857142857143,10561.064285714283,True
vs,oak,216,8564.0,10770.670756835058,True
vs,oak,217,8880.0,10770.670756835058,True
vs,oak,218,8880.42857142857,10856.231205357146,True
vs,oak,219,8887.714285714286,10856.231205357146,True
vs,oak,220,8889.42857142857,11187.302409951162,True
vs,oak,221,8980.142857142857,11187.302409951162,True
vs,oak,222,8980.714285714286,11222.539932712216,True
vs,oak,223,9007.142857142857,11222.539932712216,True
vs,oak,224,9007.666666666666,11422.237313147,True
vs,oak,225,9250.5,11422.237313147,True
vs,oak,226,9250.833333333334,11535.634771929823,True
vs,oak,227,9360.8,11535.634771929823,True
vs,oak,228,9361.57142857143,11593.792857142858,True
vs,oak,229,9366.857142857143,11593.792857142858,True
vs,oak,230,9368.57142857143,11659.492542989423,True
vs,oak,231,9503.714285714286,11659.492542989423,True
vs,oak,232,9504.42857142857,11866.829240196077,True
vs,oak,233,9713.42857142857,11866.829240196077,True
vs,oak,234,9714.0,12164.638336522112,True
vs,oak,235,9849.857142857143,12164.638336522112,True
vs,oak,236,9850.0,12357.153329408695,True
vs,oak,237,9960.714285714286,12357.153329408695,True
vs,oak,238,9961.42857142857,12385.030176470591,True
vs,oak,239,10084.285714285714,12385.030176470591,True
vs,oak,240,10086.0,12401.316479015335,True
vs,oak,241,10153.0,12401.316479015335,True
vs,oak,242,10153.42857142857,12451.800000000003,True
vs,oak,243,10155.285714285714,12473.035507246379,True
vs,oak,244,10180.57142857143,12473.035507246379,True
vs,oak,245,10181.42857142857,12676.319777265746,True
vs,oak,246,10263.285714285714,12676.319777265746,True
vs,oak,247,10264.666666666666,12792.331676764457,True
vs,oak,248,10551.6,12792.331676764457,True
vs,oak,249,10554.57142857143,12975.560863095241,True
vs,oak,250,10570.285714285714,12975.560863095241,True
vs,oak,251,10571.0,13315.77610102605,True
vs,oak,252,10820.0,13315.77610102605,True
vs,oak,253,10822.142857142857,13567.422972789116,True
vs,oak,254,10977.5,13567.422972789116,True
vs,oak,255,10982.57142857143,13716.840716765872,True
vs,oak,256,11062.0,13716.840716765872,True
vs,oak,257,11062.42857142857,13742.421256157635,True
vs,oak,258,11256.285714285714,13742.421256157635,True
vs,oak,259,11257.5,13886.320473214288,True
vs,oak,260,11309.42857142857,13886.320473214288,True
vs,oak,261,11310.42857142857,13893.226388888892,True
vs,oak,262,11379.5,13893.226388888892,True
vs,oak,263,11381.0,13904.916323129253,True
vs,oak,264,11426.142857142857,13904.916323129253,True
vs,oak,265,11427.142857142857,14142.49865646259,True
vs,oak,266,11512.0,14142.49865646259,True
vs,oak,267,11513.714285714286,14356.80278792913,True
vs,oak,268,11659.25,14356.80278792913,True
vs,oak,269,11659.42857142857,14641.669592903832,True
vs,oak,270,12103.285714285714,14641.669592903832,True
vs,oak,271,12103.857142857143,15018.235714285718,True
vs,oak,272,12105.142857142857,15018.235714285718,True
vs,oak,273,12106.857142857143,15096.541498778999,True
vs,oak,274,12184.42857142857,15096.541498778999,True
vs,oak,275,12187.0,15251.949094122027,True
vs,oak,276,12521.714285714286,15251.949094122027,True
vs,oak,277,12522.142857142857,15291.937959183677,True
vs,oak,278,12539.0,15291.937959183677,True
vs,oak,279,12541.57142857143,15761.931383647798,True
vs,oak,280,12763.42857142857,15761.931383647798,True
vs,oak,281,12764.666666666666,15782.428138873083,True
vs,oak,282,13322.333333333334,15782.428138873083,True
vs,oak,283,13325.4,16304.93325669643,True
vs,oak,284,13721.666666666666,16304.93325669643,True
vs,oak,285,13725.285714285714,16533.158380952384,True
vs,oak,286,13781.142857142857,16533.158380952384,True
vs,oak,287,13782.142857142857,16652.31994047619,True
vs,oak,288,13798.833333333334,16652.31994047619,True
vs,oak,289,13799.57142857143,16841.33928571429,True
vs,oak,290,13800.714285714286,16841.33928571429,True
vs,oak,291,13801.857142857143,16867.24084325397,True
vs,oak,292,13924.142857142857,16867.24084325397,True
vs,oak,293,13926.57142857143,16953.79763012182,True
vs,oak,294,14013.142857142857,16953.79763012182,True
vs,oak,295,14016.57142857143,17590.707796143255,True
vs,oak,296,14431.0,17590.707796143255,True
vs,oak,297,14433.0,17628.905775261326,True
vs,oak,298,14575.285714285714,17628.905775261326,True
vs,oak,299,14596.42857142857,17658.810002560163,True
vs,oak,300,14868.857142857143,17658.810002560163,True
vs,oak,301,14872.0,17958.150498713003,True
vs,oak,302,15015.714285714286,17958.150498713003,True
vs,oak,303,15017.857142857143,18403.0230191799,True
vs,oak,304,15124.57142857143,18403.0230191799,True
vs,oak,305,15126.142857142857,18692.414285714287,True
vs,oak,306,15136.857142857143,18783.52875283447,True
vs,oak,307,15232.42857142857,18783.52875283447,True
vs,oak,308,15235.285714285714,18811.591917293234,True
vs,oak,309,15336.285714285714,18811.591917293234,True
vs,oak,310,15342.42857142857,19058.269047619047,True
vs,oak,311,15343.142857142857,19058.269047619047,True
vs,oak,312,15343.42857142857,19073.442259344596,True
vs,oak,313,15704.285714285714,19073.442259344596,True
vs,oak,314,15706.42857142857,19214.921428571426,True
vs,oak,315,15709.42857142857,19320.68765432099,True
vs,oak,316,15953.333333333334,19320.68765432099,True
vs,oak,317,15954.5,19492.33894869215,True
vs,oak,318,16320.285714285714,19492.33894869215,True
vs,oak,319,16321.714285714286,20413.74629351741,True
vs,oak,320,17025.0,20413.74629351741,False
vs,oak,321,17028.285714285714,21114.683916202845,False
vs,oak,322,17595.0,21114.683916202845,False
vs,oak,323,17595.571428571428,21227.04285714287,False
vs,oak,324,17621.5,21424.533399470904,False
vs,oak,325,18222.285714285714,21424.533399470904,False
vs,oak,326,18251.285714285714,22129.38541666667,False
vs,oak,327,18357.428571428572,22129.38541666667,False
vs,oak,328,18411.428571428572,22232.024955908288,False
vs,oak,329,18686.0,22232.024955908288,False
vs,oak,330,18702.0,22612.780297619047,False
vs,oak,331,19230.0,22612.780297619047,False
vs,oak,332,19240.571428571428,22919.464761904772,False
vs,oak,333,19308.0,22919.464761904772,False
vs,oak,334,19332.85714285714,22961.941865079363,False
vs,oak,335,19499.666666666668,22961.941865079363,False
vs,oak,336,19502.0,23424.89392453592,False
vs,oak,337,20835.2,23424.89392453592,False
vs,oak,338,20895.428571428572,23879.350695970697,False
vs,oak,339,21265.571428571428,23879.350695970697,False
vs,oak,340,21384.14285714286,25161.486428571436,False
vs,oak,341,21907.0,25161.486428571436,False
vs,oak,342,21989.285714285714,25368.56428571429,False
vs,oak,343,22044.571428571428,25608.292460317465,False
vs,oak,344,22364.428571428572,25608.292460317465,False
vs,oak,345,22561.0,26293.842775974026,False
vs,oak,346,23639.285714285714,26293.842775974026,False
vs,oak,347,23795.85714285714,28009.12589285714,False
vs,oak,348,24393.428571428572,28009.12589285714,False
vs,oak,349,24415.85714285714,29304.367797619056,False
vs,oak,350,31763.166666666668,29304.367797619056,False
vs,oak,351,31859.571428571428,38448.01428571427,False
vs,scrf,1,0.0,43.35714285714286,False
vs,scrf,2,63.333333333333336,65.11011904761905,False
vs,scrf,3,205.57142857142858,65.11011904761905,False
vs,scrf,4,228.42857142857142,65.28571428571429,False
vs,scrf,5,239.71428571428572,121.71428571428571,False
vs,scrf,6,242.71428571428572,209.60119047619048,False
vs,scrf,7,347.8,209.60119047619048,False
vs,scrf,8,349.0,286.2063492063492,False
vs,scrf,9,475.7142857142857,286.2063492063492,False
vs,scrf,10,481.0,459.81168831168833,False
vs,scrf,11,624.0,459.81168831168833,False
vs,scrf,12,631.0,464.4175824175824,False
vs,scrf,13,699.2857142857143,464.4175824175824,False
vs,scrf,14,726.1428571428571,863.1414718614718,False
vs,scrf,15,1080.0,863.1414718614718,False
vs,scrf,16,1085.7142857142858,1244.6050967261904,False
vs,scrf,17,1466.857142857143,1244.6050967261904,False
vs,scrf,18,1467.5714285714287,1271.759706959707,False
vs,scrf,19,1533.0,1271.759706959707,False
vs,scrf,20,1535.142857142857,1313.7142857142858,False
vs,scrf,21,1552.857142857143,1522.5238095238094,False
vs,scrf,22,1564.857142857143,1522.5238095238094,False
vs,scrf,23,1566.2857142857142,1710.2857142857142,False
vs,scrf,24,1582.2857142857142,1710.2857142857142,False
vs,scrf,25,1584.857142857143,1754.522902494331,False
vs,scrf,26,1696.8,1754.522902494331,False
vs,scrf,27,1698.0,1795.2142857142858,False
vs,scrf,28,1702.2857142857142,1795.2142857142858,False
vs,scrf,29,1704.2857142857142,1860.6607142857142,False
vs,scrf,30,1789.142857142857,1860.6607142857142,False
vs,scrf,31,1795.25,2089.9296313364057,False
vs,scrf,32,2422.285714285714,2089.9296313364057,False
vs,scrf,33,2429.4285714285716,2326.714285714286,False
vs,scrf,34,2433.4285714285716,2571.607401032702,False
vs,scrf,35,2709.8571428571427,2571.607401032702,True
vs,scrf,36,2713.714285714286,2675.7044579533945,True
vs,scrf,37,2911.1428571428573,2675.7044579533945,True
vs,scrf,38,2911.4285714285716,2765.2380952380954,True
vs,scrf,39,2915.8571428571427,2765.2380952380954,True
vs,scrf,40,2927.8571428571427,2978.6952380952375,True
vs,scrf,41,2964.5714285714284,2978.6952380952375,True
vs,scrf,42,2970.1428571428573,3166.101075268817,True
vs,scrf,43,3066.1428571428573,3166.101075268817,True
vs,scrf,44,3068.1428571428573,3387.2629072681702,True
vs,scrf,45,3154.8571428571427,3387.2629072681702,True
vs,scrf,46,3155.6666666666665,3589.3923809523812,True
vs,scrf,47,3276.8571428571427,3589.3923809523812,True
vs,scrf,48,3285.1428571428573,3681.0791208791206,True
vs,scrf,49,3437.1428571428573,3681.0791208791206,True
vs,scrf,50,3440.714285714286,3694.9285714285716,True
vs,scrf,51,3503.714285714286,3694.9285714285716,True
vs,scrf,52,3506.0,3872.9574428196474,True
vs,scrf,53,3790.0,3872.9574428196474,True
vs,scrf,54,3790.1666666666665,4056.059887566137,True
vs,scrf,55,3985.5714285714284,4056.059887566137,True
vs,scrf,56,3990.5714285714284,4482.322092115533,True
vs,scrf,57,4128.714285714285,4482.322092115533,True
vs,scrf,58,4134.142857142857,4783.986394557824,True
vs,scrf,59,4155.428571428572,4783.986394557824,True
vs,scrf,60,4157.0,4804.158585858585,True
vs,scrf,61,4242.857142857143,4804.158585858585,True
vs,scrf,62,4248.142857142857,4814.428571428572,True
vs,scrf,63,4250.285714285715,4930.479058441557,True
vs,scrf,64,4522.166666666667,4930.479058441557,True
vs,scrf,65,4526.285714285715,5089.564285714286,True
vs,scrf,66,4550.833333333333,5089.564285714286,True
vs,scrf,67,4550.857142857143,5283.18712998713,True
vs,scrf,68,4627.285714285715,5283.18712998713,True
vs,scrf,69,4631.428571428572,5299.521080139372,True
vs,scrf,70,4828.857142857143,5299.521080139372,True
vs,scrf,71,4829.0,5330.3965608465605,True
vs,scrf,72,4890.285714285715,5330.3965608465605,True
vs,scrf,73,4891.2,5414.503316326531,True
vs,scrf,74,4937.142857142857,5414.503316326531,True
vs,scrf,75,4940.0,5728.841809523809,True
vs,scrf,76,5153.0,5728.841809523809,True
vs,scrf,77,5153.857142857143,6017.714285714285,True
vs,scrf,78,5156.428571428572,6041.857142857143,True
vs,scrf,79,5157.714285714285,6168.0548835592635,True
vs,scrf,80,5455.0,6168.0548835592635,True
vs,scrf,81,5456.714285714285,6220.790692640693,True
vs,scrf,82,5533.142857142857,6220.790692640693,True
vs,scrf,83,5536.166666666667,6329.9702380952385,True
vs,scrf,84,5539.857142857143,6329.9702380952385,True
vs,scrf,85,5541.428571428572,6496.484415584416,True
vs,scrf,86,5557.428571428572,6496.484415584416,True
vs,scrf,87,5559.0,6599.609523809524,True
vs,scrf,88,5562.428571428572,6599.609523809524,True
vs,scrf,89,5562.857142857143,6822.133526383527,True
vs,scrf,90,6008.857142857143,6822.133526383527,True
vs,scrf,91,6009.6,6941.511160714285,True
vs,scrf,92,6027.4,6941.511160714285,True
vs,scrf,93,6028.571428571428,7183.785714285715,True
vs,scrf,94,6031.142857142857,7183.785714285715,True
vs,scrf,95,6031.571428571428,7211.806645862226,True
vs,scrf,96,6328.285714285715,7211.806645862226,True
vs,scrf,97,6328.857142857143,7287.904761904761,True
vs,scrf,98,6333.428571428572,7287.904761904761,True
vs,scrf,99,6333.75,7524.191505376344,True
vs,scrf,100,6543.857142857143,7524.191505376344,True
vs,scrf,101,6544.142857142857,7530.622321428572,True
vs,scrf,102,6584.714285714285,7530.622321428572,True
vs,scrf,103,6587.428571428572,7782.4613919413905,True
vs,scrf,104,6784.4,7782.4613919413905,True
vs,scrf,105,6784.571428571428,8028.334346504557,True
vs,scrf,106,6842.0,8028.334346504557,True
vs,scrf,107,6843.857142857143,8038.424649859945,True
vs,scrf,108,6870.714285714285,8038.424649859945,True
vs,scrf,109,6876.0,8336.101518883415,True
vs,scrf,110,6963.428571428572,8336.101518883415,True
vs,scrf,111,6964.428571428572,8506.951303088801,True
vs,scrf,112,7168.142857142857,8506.951303088801,True
vs,scrf,113,7168.285714285715,8560.952281746031,True
vs,scrf,114,7257.857142857143,8560.952281746031,True
vs,scrf,115,7259.0,8818.79258886653,True
vs,scrf,116,7405.142857142857,8818.79258886653,True
vs,scrf,117,7405.833333333333,9104.336789267943,True
vs,scrf,118,7720.428571428572,9104.336789267943,True
vs,scrf,119,7724.142857142857,9222.681212121213,True
vs,scrf,120,7783.0,9222.681212121213,True
vs,scrf,121,7786.0,9224.128253968254,True
vs,scrf,122,7827.142857142857,9224.128253968254,True
vs,scrf,123,7827.857142857143,9335.732634032634,True
vs,scrf,124,7986.5,9335.732634032634,True
vs,scrf,125,7987.0,9463.022222222224,True
vs,scrf,126,7995.857142857143,9463.022222222224,True
vs,scrf,127,7999.428571428572,9518.094685374148,True
vs,scrf,128,8066.428571428572,9518.094685374148,True
vs,scrf,129,8066.666666666667,9666.830586080587,True
vs,scrf,130,8080.5,9666.830586080587,True
vs,scrf,131,8080.714285714285,9793.226901208242,True
vs,scrf,132,8147.428571428572,9793.226901208242,True
vs,scrf,133,8147.666666666667,9799.26512605042,True
vs,scrf,134,8218.42857142857,9799.26512605042,True
vs,scrf,135,8219.57142857143,9825.31746031746,True
vs,scrf,136,8228.714285714286,9825.31746031746,True
vs,scrf,137,8229.142857142857,9842.562830687828,True
vs,scrf,138,8275.285714285714,9842.562830687828,True
vs,scrf,139,8275.42857142857,10267.381904761904,True
vs,scrf,140,8482.285714285714,10267.381904761904,True
vs,scrf,141,8482.5,10306.510341151386,True
vs,scrf,142,8558.714285714286,10306.510341151386,True
vs,scrf,143,8563.857142857143,10326.614285714284,True
vs,scrf,144,8582.57142857143,10326.614285714284,True
vs,scrf,145,8585.285714285714,10432.04795105293,True
vs,scrf,146,8881.142857142857,10432.04795105293,True
vs,scrf,147,8882.857142857143,10786.918231768232,True
vs,scrf,148,9203.166666666666,10786.918231768232,True
vs,scrf,149,9205.142857142857,10858.857142857141,True
vs,scrf,150,9205.42857142857,10858.857142857141,True
vs,scrf,151,9206.285714285714,10984.313839285714,True
vs,scrf,152,9248.857142857143,10984.313839285714,True
vs,scrf,153,9250.5,11033.630784030785,True
vs,scrf,154,9366.857142857143,11033.630784030785,True
vs,scrf,155,9368.57142857143,11179.11794532628,True
vs,scrf,156,9503.714285714286,11179.11794532628,True
vs,scrf,157,9504.42857142857,11185.455218525765,True
vs,scrf,158,9583.714285714286,11185.455218525765,True
vs,scrf,159,9584.42857142857,11435.341666666667,True
vs,scrf,160,9602.0,11435.341666666667,True
vs,scrf,161,9604.42857142857,11615.496031746034,True
vs,scrf,162,9619.857142857143,11615.496031746034,True
vs,scrf,163,9620.285714285714,11634.801047619048,True
vs,scrf,164,9668.57142857143,11634.801047619048,True
vs,scrf,165,9670.714285714286,11878.447619047618,True
vs,scrf,166,9687.42857142857,11878.447619047618,True
vs,scrf,167,9688.0,11909.059298245613,True
vs,scrf,168,9814.42857142857,11909.059298245613,True
vs,scrf,169,9816.42857142857,11973.836328725038,True
vs,scrf,170,9849.857142857143,11973.836328725038,True
vs,scrf,171,9850.0,12006.074291219378,True
vs,scrf,172,10080.42857142857,12006.074291219378,True
vs,scrf,173,10081.0,12156.471744527198,True
vs,scrf,174,10339.42857142857,12156.471744527198,True
vs,scrf,175,10339.857142857143,12304.50307219662,True
vs,scrf,176,10386.42857142857,12304.50307219662,True
vs,scrf,177,10386.57142857143,12476.706030262576,True
vs,scrf,178,10521.142857142857,12476.706030262576,True
vs,scrf,179,10521.57142857143,12905.140476190474,True
vs,scrf,180,10561.0,12905.140476190474,True
vs,scrf,181,10562.42857142857,12945.308564139948,True
vs,scrf,182,10826.285714285714,12945.308564139948,True
vs,scrf,183,10829.4,13174.881159420293,True
vs,scrf,184,10859.4,13174.881159420293,True
vs,scrf,185,10859.714285714286,13276.802827380952,True
vs,scrf,186,10933.0,13276.802827380952,True
vs,scrf,187,10933.6,13326.218610937824,True
vs,scrf,188,11266.0,13326.218610937824,True
vs,scrf,189,11267.42857142857,13890.680639555094,True
vs,scrf,190,11462.57142857143,13890.680639555094,True
vs,scrf,191,11465.42857142857,14019.77507936508,True
vs,scrf,192,11539.0,14019.77507936508,True
vs,scrf,193,11539.6,14218.346861471859,True
vs,scrf,194,11659.25,14218.346861471859,True
vs,scrf,195,11659.42857142857,14532.564870689657,True
vs,scrf,196,12075.666666666666,14532.564870689657,True
vs,scrf,197,12076.285714285714,14803.58465201465,True
vs,scrf,198,12187.0,14803.58465201465,True
vs,scrf,199,12187.857142857143,14898.91296859169,True
vs,scrf,200,12269.333333333334,14898.91296859169,True
vs,scrf,201,12271.333333333334,15011.309523809523,True
vs,scrf,202,12281.142857142857,15011.309523809523,True
vs,scrf,203,12287.142857142857,15313.457142857142,True
vs,scrf,204,12292.285714285714,15313.457142857142,True
vs,scrf,205,12293.5,15330.004832977967,True
vs,scrf,206,12521.714285714286,15330.004832977967,True
vs,scrf,207,12522.142857142857,15730.331972789118,True
vs,scrf,208,12539.0,15730.331972789118,True
vs,scrf,209,12541.57142857143,15860.416666666668,True
vs,scrf,210,12569.42857142857,15860.416666666668,True
vs,scrf,211,12574.57142857143,15910.537788018433,True
vs,scrf,212,12635.833333333334,15910.537788018433,True
vs,scrf,213,12641.714285714286,15974.564880952381,True
vs,scrf,214,12802.142857142857,15974.564880952381,True
vs,scrf,215,12802.333333333334,16084.478095238097,True
vs,scrf,216,12819.57142857143,16084.478095238097,True
vs,scrf,217,12820.666666666666,16096.414823670055,True
vs,scrf,218,13351.42857142857,16096.414823670055,True
vs,scrf,219,13352.0,16517.576500326162,True
vs,scrf,220,13721.666666666666,16517.576500326162,True
vs,scrf,221,13725.285714285714,16919.629047619048,True
vs,scrf,222,13781.142857142857,16919.629047619048,True
vs,scrf,223,13782.142857142857,17205.275510204086,True
vs,scrf,224,13871.0,17205.275510204086,True
vs,scrf,225,13871.42857142857,17575.703842940682,True
vs,scrf,226,14013.142857142857,17575.703842940682,True
vs,scrf,227,14016.57142857143,18227.796967327075,True
vs,scrf,228,14956.833333333334,18227.796967327075,True
vs,scrf,229,14974.42857142857,18231.530803571426,True
vs,scrf,230,15005.166666666666,18231.530803571426,True
vs,scrf,231,15010.0,18248.65079365079,True
vs,scrf,232,15029.333333333334,18248.65079365079,True
vs,scrf,233,15031.857142857143,18440.61021303258,True
vs,scrf,234,15177.25,18440.61021303258,True
vs,scrf,235,15178.285714285714,18767.64241071429,True
vs,scrf,236,15232.42857142857,18767.64241071429,True
vs,scrf,237,15235.285714285714,19170.00453514739,True
vs,scrf,238,15342.42857142857,19170.00453514739,True
vs,scrf,239,15343.142857142857,19667.69681444992,True
vs,scrf,240,15919.2,19667.69681444992,True
vs,scrf,241,15925.714285714286,20120.691196741856,True
vs,scrf,242,16321.714285714286,20120.691196741856,True
vs,scrf,243,16331.0,21234.401700680268,True
vs,scrf,244,16997.0,21234.401700680268,False
vs,scrf,245,17004.428571428572,21773.699633699634,False
vs,scrf,246,17091.714285714286,21773.699633699634,False
vs,scrf,247,17092.0,21848.725223214286,False
vs,scrf,248,17302.75,21848.725223214286,False
vs,scrf,249,17314.285714285714,22086.831238095237,False
vs,scrf,250,18192.428571428572,22086.831238095237,False
vs,scrf,251,18205.333333333332,23243.44444444445,False
vs,scrf,252,18251.285714285714,23243.44444444445,False
vs,scrf,253,18287.285714285714,23544.0,False
vs,scrf,254,18296.285714285714,23991.16061140506,False
vs,scrf,255,19308.0,23991.16061140506,False
vs,scrf,256,19332.85714285714,24864.632105654768,False
vs,scrf,257,20833.0,24864.632105654768,False
vs,scrf,258,20835.2,27519.992666666665,False
vs,scrf,259,21814.714285714286,27519.992666666665,False
vs,scrf,260,21839.571428571428,28897.51523809524,False
vs,scrf,261,22364.428571428572,28897.51523809524,False
vs,scrf,262,22561.0,28942.997023809523,False
vs,scrf,263,23805.428571428572,28942.997023809523,False
vs,scrf,264,23888.571428571428,29390.785714285714,False
vs,scrf,265,24393.428571428572,29390.785714285714,False
vs,scrf,266,24415.85714285714,32781.03571428571,False
vs,scrf,267,24579.333333333332,32781.03571428571,False
vs,scrf,268,24642.85714285714,32863.15457875457,False
vs,scrf,269,26777.2,32863.15457875457,False
vs,scrf,270,26942.85714285714,33485.13809523809,False
vs,scrf,271,27321.714285714286,33485.13809523809,False
vs,scrf,272,27548.571428571428,34740.57142857143,False
vs,scrf,273,29398.14285714286,34740.57142857143,False
vs,scrf,274,31763.166666666668,39622.51190476191,False
vs,scrf,275,31859.571428571428,39622.51190476191,False
vs,scssl,1,0.0,0.0,False
vs,scssl,2,63.333333333333336,50.0026455026455,False
vs,scssl,3,228.42857142857142,50.0026455026455,False
vs,scssl,4,239.71428571428572,102.42857142857143,False
vs,scssl,5,242.71428571428572,215.98901098901098,False
vs,scssl,6,349.0,215.98901098901098,False
vs,scssl,7,367.0,219.4642857142857,False
vs,scssl,8,404.14285714285717,219.4642857142857,False
vs,scssl,9,424.0,277.0666666666667,False
vs,scssl,10,475.7142857142857,277.0666666666667,False
vs,scssl,11,481.0,581.2630952380952,False
vs,scssl,12,699.2857142857143,581.2630952380952,False
vs,scssl,13,726.1428571428571,995.5315934065934,False
vs,scssl,14,887.5,995.5315934065934,False
vs,scssl,15,888.8571428571429,1016.9020089285718,False
vs,scssl,16,1093.2857142857142,1016.9020089285718,False
vs,scssl,17,1100.857142857143,1402.9374495560937,False
vs,scssl,18,1457.2857142857142,1402.9374495560937,False
vs,scssl,19,1459.0,1654.3153388278386,False
vs,scssl,20,1738.142857142857,1654.3153388278386,False
vs,scssl,21,1741.142857142857,2047.422619047619,False
vs,scssl,22,1789.142857142857,2047.422619047619,False
vs,scssl,23,1795.25,2248.931213517665,False
vs,scssl,24,2422.285714285714,2248.931213517665,False
vs,scssl,25,2429.4285714285716,2462.216869918699,False
vs,scssl,26,2702.714285714286,2462.216869918699,True
vs,scssl,27,2708.8571428571427,2576.357142857143,True
vs,scssl,28,2709.8571428571427,2576.357142857143,True
vs,scssl,29,2713.714285714286,2587.566490299824,True
vs,scssl,30,2824.1428571428573,2587.566490299824,True
vs,scssl,31,2824.4285714285716,2661.238095238095,True
vs,scssl,32,2892.0,2661.238095238095,True
vs,scssl,33,2893.6666666666665,2718.0,True
vs,scssl,34,2896.8571428571427,2958.5736394557825,True
vs,scssl,35,2964.5714285714284,2958.5736394557825,True
vs,scssl,36,2970.1428571428573,3266.974545454545,True
vs,scssl,37,3128.1428571428573,3266.974545454545,True
vs,scssl,38,3130.714285714286,3296.691836734694,True
vs,scssl,39,3154.8571428571427,3296.691836734694,True
vs,scssl,40,3155.6666666666665,3513.7192622950824,True
vs,scssl,41,3514.1666666666665,3513.7192622950824,True
vs,scssl,42,3515.714285714286,3584.5691290191294,True
vs,scssl,43,3790.0,3584.5691290191294,True
vs,scssl,44,3790.1666666666665,3711.0246031746033,True
vs,scssl,45,3985.5714285714284,3711.0246031746033,True
vs,scssl,46,3990.5714285714284,4238.545430107528,True
vs,scssl,47,4134.142857142857,4238.545430107528,True
vs,scssl,48,4136.285714285715,4307.651545086119,True
vs,scssl,49,4379.25,4307.651545086119,True
vs,scssl,50,4379.285714285715,4366.477011494253,True
vs,scssl,51,4491.428571428572,4366.477011494253,True
vs,scssl,52,4491.714285714285,4446.165714285715,True
vs,scssl,53,4522.166666666667,4446.165714285715,True
vs,scssl,54,4526.285714285715,4458.214285714286,True
vs,scssl,55,4527.571428571428,4458.214285714286,True
vs,scssl,56,4528.142857142857,4584.783634085213,True
vs,scssl,57,4694.75,4584.783634085213,True
vs,scssl,58,4694.857142857143,4617.315439371626,True
vs,scssl,59,4864.0,4617.315439371626,True
vs,scssl,60,4868.0,4745.178103741498,True
vs,scssl,61,5157.714285714285,4745.178103741498,True
vs,scssl,62,5158.142857142857,5017.588888888888,True
vs,scssl,63,5190.714285714285,5017.588888888888,True
vs,scssl,64,5199.428571428572,5031.652473237358,True
vs,scssl,65,5465.25,5031.652473237358,True
vs,scssl,66,5466.714285714285,5146.938775510204,True
vs,scssl,67,5476.0,5146.938775510204,True
vs,scssl,68,5476.428571428572,5150.0714285714275,True
vs,scssl,69,5486.714285714285,5150.0714285714275,True
vs,scssl,70,5488.142857142857,5164.454190476191,True
vs,scssl,71,5525.714285714285,5164.454190476191,True
vs,scssl,72,5529.571428571428,5232.285714285715,True
vs,scssl,73,5530.0,5232.285714285715,True
vs,scssl,74,5530.571428571428,5291.386580086581,True
vs,scssl,75,5560.142857142857,5291.386580086581,True
vs,scssl,76,5561.714285714285,5531.333333333333,True
vs,scssl,77,5562.428571428572,5531.333333333333,True
vs,scssl,78,5562.857142857143,5735.03558897243,True
vs,scssl,79,5954.714285714285,5735.03558897243,True
vs,scssl,80,5955.0,5763.407142857144,True
vs,scssl,81,6008.857142857143,5763.407142857144,True
vs,scssl,82,6009.6,5879.81284815813,True
vs,scssl,83,6152.857142857143,5879.81284815813,True
vs,scssl,84,6153.2,5981.597411003236,True
vs,scssl,85,6298.285714285715,5981.597411003236,True
vs,scssl,86,6300.0,6074.197549361209,True
vs,scssl,87,6584.714285714285,6074.197549361209,True
vs,scssl,88,6587.428571428572,6474.368772893774,True
vs,scssl,89,6784.4,6474.368772893774,True
vs,scssl,90,6784.571428571428,6848.455059523809,True
vs,scssl,91,6870.714285714285,6848.455059523809,True
vs,scssl,92,6876.0,6852.8704761904755,True
vs,scssl,93,6966.714285714285,6852.8704761904755,True
vs,scssl,94,6967.571428571428,6888.348208824816,True
vs,scssl,95,7257.857142857143,6888.348208824816,True
vs,scssl,96,7259.0,7191.857142857143,True
vs,scssl,97,7261.25,7226.788839285714,True
vs,scssl,98,7277.714285714285,7226.788839285714,True
vs,scssl,99,7279.285714285715,7436.3402125700895,True
vs,scssl,100,7934.428571428572,7436.3402125700895,True
vs,scssl,101,7935.285714285715,7438.658263305321,True
vs,scssl,102,7955.0,7438.658263305321,True
vs,scssl,103,7955.857142857143,7640.946986607144,True
vs,scssl,104,8017.0,7640.946986607144,True
vs,scssl,105,8017.571428571428,7974.575228712175,True
vs,scssl,106,8249.42857142857,7974.575228712175,True
vs,scssl,107,8250.285714285714,8013.413376623375,True
vs,scssl,108,8582.57142857143,8013.413376623375,True
vs,scssl,109,8585.285714285714,8393.932102425877,True
vs,scssl,110,8899.285714285714,8393.932102425877,True
vs,scssl,111,8900.57142857143,8631.432875457875,True
vs,scssl,112,9191.285714285714,8631.432875457875,True
vs,scssl,113,9192.714285714286,8687.620408163264,True
vs,scssl,114,9198.57142857143,8687.620408163264,True
vs,scssl,115,9200.857142857143,8754.014821428573,True
vs,scssl,116,9276.857142857143,8754.014821428573,True
vs,scssl,117,9277.142857142857,8952.648455598455,True
vs,scssl,118,9366.857142857143,8952.648455598455,True
vs,scssl,119,9368.57142857143,8995.318693009121,True
vs,scssl,120,9592.857142857143,8995.318693009121,True
vs,scssl,121,9600.714285714286,9011.599702380952,True
vs,scssl,122,9631.5,9011.599702380952,True
vs,scssl,123,9631.8,9482.455784493284,True
vs,scssl,124,9835.0,9482.455784493284,True
vs,scssl,125,9835.57142857143,9565.02093776107,True
vs,scssl,126,10129.57142857143,9565.02093776107,True
vs,scssl,127,10130.857142857143,9613.704272486772,True
vs,scssl,128,10352.142857142857,9613.704272486772,True
vs,scssl,129,10352.42857142857,10001.156065400846,True
vs,scssl,130,10784.0,10001.156065400846,True
vs,scssl,131,10784.142857142857,10229.501913265309,True
vs,scssl,132,11039.42857142857,10229.501913265309,True
vs,scssl,133,11040.166666666666,10378.558901918977,True
vs,scssl,134,11222.285714285714,10378.558901918977,True
vs,scssl,135,11223.0,10873.320408163267,True
vs,scssl,136,11611.857142857143,10873.320408163267,True
vs,scssl,137,11615.857142857143,11435.420877684406,True
vs,scssl,138,12074.666666666666,11435.420877684406,True
vs,scssl,139,12075.666666666666,11499.308033442388,True
vs,scssl,140,12304.714285714286,11499.308033442388,True
vs,scssl,141,12313.285714285714,11604.514285714286,True
vs,scssl,142,12338.0,11604.514285714286,True
vs,scssl,143,12338.285714285714,11609.142857142859,True
vs,scssl,144,12339.285714285714,11609.142857142859,True
vs,scssl,145,12339.666666666666,11758.059166666666,True
vs,scssl,146,12373.57142857143,11758.059166666666,True
vs,scssl,147,12376.142857142857,11797.158333333331,True
vs,scssl,148,12563.833333333334,11797.158333333331,True
vs,scssl,149,12564.285714285714,11900.691540020263,True
vs,scssl,150,12764.666666666666,11900.691540020263,True
vs,scssl,151,12766.0,12031.289737274219,True
vs,scssl,152,12829.57142857143,12031.289737274219,True
vs,scssl,153,12830.0,12547.162473347551,True
vs,scssl,154,12977.857142857143,12547.162473347551,True
vs,scssl,155,12979.666666666666,12567.923451692814,True
vs,scssl,156,13365.714285714286,12567.923451692814,True
vs,scssl,157,13369.42857142857,12673.747023809525,True
vs,scssl,158,13383.285714285714,12673.747023809525,True
vs,scssl,159,13383.6,12992.66157455683,True
vs,scssl,160,13729.57142857143,12992.66157455683,True
vs,scssl,161,13729.714285714286,13145.01832922824,True
vs,scssl,162,14454.285714285714,13145.01832922824,True
vs,scssl,163,14455.285714285714,13969.252911840415,True
vs,scssl,164,14956.833333333334,13969.252911840415,True
vs,scssl,165,14974.42857142857,14216.598639455782,True
vs,scssl,166,14987.142857142857,14216.598639455782,True
vs,scssl,167,14988.4,14401.68201058201,True
vs,scssl,168,15005.166666666666,14401.68201058201,True
vs,scssl,169,15010.0,14402.652217873449,True
vs,scssl,170,15320.0,14402.652217873449,True
vs,scssl,171,15320.857142857143,14618.340162907265,True
vs,scssl,172,15912.57142857143,14618.340162907265,True
vs,scssl,173,15919.2,15371.00385714286,True
vs,scssl,174,16176.57142857143,15371.00385714286,True
vs,scssl,175,16182.57142857143,15500.548095238099,True
vs,scssl,176,16598.714285714286,15500.548095238099,True
vs,scssl,177,16609.285714285714,15520.972108843534,True
vs,scssl,178,17008.714285714286,15520.972108843534,False
vs,scssl,179,17014.0,15900.980417881437,False
vs,scssl,180,17329.5,15900.980417881437,False
vs,scssl,181,17340.428571428572,16405.020019436346,False
vs,scssl,182,18287.285714285714,16405.020019436346,False
vs,scssl,183,18296.285714285714,17392.601794340928,False
vs,scssl,184,19184.5,17392.601794340928,False
vs,scssl,185,19188.285714285714,18240.377120535715,False
vs,scssl,186,20404.833333333332,18240.377120535715,False
vs,scssl,187,20424.571428571428,18802.15307219662,False
vs,scssl,188,21541.285714285714,18802.15307219662,False
vs,scssl,189,21660.85714285714,19334.49534632035,False
vs,scssl,190,23795.85714285714,19334.49534632035,False
vs,scssl,191,23805.428571428572,23407.142857142855,False
vs,scssl,192,23888.571428571428,23407.142857142855,False
vs,scssl,193,23931.285714285714,24031.828571428574,False
vs,scssl,194,24393.428571428572,24031.828571428574,False
vs,scssl,195,24415.85714285714,24290.57417582418,False
vs,scssl,196,31763.166666666668,24290.57417582418,False
vs,scssl,197,31859.571428571428,33164.28571428572,False
vs,vsrev,1,0.0,0.0,False
vs,vsrev,2,63.333333333333336,1.5,False
vs,vsrev,3,68.0,7.333333333333333,False
vs,vsrev,4,87.28571428571429,25.928571428571427,False
vs,vsrev,5,144.0,25.928571428571427,False
vs,vsrev,6,167.42857142857142,38.82857142857142,False
vs,vsrev,7,228.42857142857142,38.82857142857142,False
vs,vsrev,8,239.71428571428572,63.40136054421769,False
vs,vsrev,9,304.14285714285717,63.40136054421769,False
vs,vsrev,10,305.2857142857143,95.35714285714286,False
vs,vsrev,11,309.57142857142856,95.35714285714286,False
vs,vsrev,12,329.0,103.14285714285712,False
vs,vsrev,13,345.57142857142856,103.14285714285712,False
vs,vsrev,14,347.8,132.8987012987013,False
vs,vsrev,15,442.85714285714283,132.8987012987013,False
vs,vsrev,16,450.57142857142856,195.2857142857143,False
vs,vsrev,17,481.0,195.2857142857143,False
vs,vsrev,18,490.5,222.66666666666666,False
vs,vsrev,19,511.2857142857143,226.00892857142858,False
vs,vsrev,20,616.0,226.00892857142858,False
vs,vsrev,21,624.0,235.12244897959184,False
vs,vsrev,22,645.2857142857143,235.12244897959184,False
vs,vsrev,23,648.4,258.30476190476185,False
vs,vsrev,24,690.4,258.30476190476185,False
vs,vsrev,25,690.5,265.23571428571427,False
vs,vsrev,26,753.0,265.23571428571427,False
vs,vsrev,27,758.0,288.8730158730159,False
vs,vsrev,28,775.0,288.8730158730159,False
vs,vsrev,29,789.4285714285714,306.9682539682539,False
vs,vsrev,30,811.1428571428571,306.9682539682539,False
vs,vsrev,31,811.6666666666666,321.4047619047619,False
vs,vsrev,32,849.2857142857143,321.4047619047619,False
vs,vsrev,33,850.5714285714286,416.9111832611833,False
vs,vsrev,34,1059.2857142857142,416.9111832611833,False
vs,vsrev,35,1065.7142857142858,511.70238095238096,False
vs,vsrev,36,1070.3333333333333,511.70238095238096,False
vs,vsrev,37,1080.0,517.5408163265307,False
vs,vsrev,38,1149.142857142857,517.5408163265307,False
vs,vsrev,39,1152.2857142857142,573.4761904761905,False
vs,vsrev,40,1159.2857142857142,573.4761904761905,False
vs,vsrev,41,1168.4285714285713,595.1071428571429,False
vs,vsrev,42,1191.2857142857142,595.1071428571429,False
vs,vsrev,43,1205.142857142857,627.0833333333333,False
vs,vsrev,44,1209.6666666666667,627.0833333333333,False
vs,vsrev,45,1212.7142857142858,641.6666666666666,False
vs,vsrev,46,1233.8333333333333,641.6666666666666,False
vs,vsrev,47,1237.2857142857142,671.1086666666666,False
vs,vsrev,48,1413.7142857142858,671.1086666666666,False
vs,vsrev,49,1414.6666666666667,671.953869047619,False
vs,vsrev,50,1485.75,671.953869047619,False
vs,vsrev,51,1486.0,797.014880952381,False
vs,vsrev,52,1533.0,797.014880952381,False
vs,vsrev,53,1535.142857142857,876.6428571428571,False
vs,vsrev,54,1552.857142857143,876.6428571428571,False
vs,vsrev,55,1562.4285714285713,884.4761904761905,False
vs,vsrev,56,1566.2857142857142,884.4761904761905,False
vs,vsrev,57,1582.2857142857142,894.7520562770562,False
vs,vsrev,58,1696.8,894.7520562770562,False
vs,vsrev,59,1698.0,933.1428571428571,False
vs,vsrev,60,1702.2857142857142,966.5158730158729,False
vs,vsrev,61,1769.142857142857,966.5158730158729,False
vs,vsrev,62,1779.857142857143,971.4285714285716,False
vs,vsrev,63,1789.142857142857,971.4285714285716,False
vs,vsrev,64,1795.25,997.0482142857145,False
vs,vsrev,65,1964.2857142857142,997.0482142857145,False
vs,vsrev,66,1964.7142857142858,997.2857142857143,False
vs,vsrev,67,1966.142857142857,1141.5238095238094,False
vs,vsrev,68,1969.2857142857142,1141.5238095238094,False
vs,vsrev,69,1976.857142857143,1175.6084656084656,False
vs,vsrev,70,2033.4285714285713,1175.6084656084656,False
vs,vsrev,71,2036.5714285714287,1210.8208616780046,False
vs,vsrev,72,2138.1428571428573,1210.8208616780046,False
vs,vsrev,73,2141.4285714285716,1349.5714285714287,False
vs,vsrev,74,2143.714285714286,1404.3673469387754,False
vs,vsrev,75,2175.8571428571427,1404.3673469387754,False
vs,vsrev,76,2180.1666666666665,1425.8480889724312,False
vs,vsrev,77,2448.8571428571427,1425.8480889724312,False
vs,vsrev,78,2451.8333333333335,1601.6497619047618,False
vs,vsrev,79,2509.5714285714284,1601.6497619047618,False
vs,vsrev,80,2510.5714285714284,1621.2608225108224,False
vs,vsrev,81,2612.8571428571427,1621.2608225108224,True
vs,vsrev,82,2614.1666666666665,1787.8103448275863,True
vs,vsrev,83,2700.0,1787.8103448275863,True
vs,vsrev,84,2701.285714285714,1794.5925925925926,True
vs,vsrev,85,2799.8571428571427,1794.5925925925926,True
vs,vsrev,86,2800.8571428571427,1880.9838905775073,True
vs,vsrev,87,2970.1428571428573,1880.9838905775073,True
vs,vsrev,88,2971.0,2036.8837742504406,True
vs,vsrev,89,3063.285714285714,2036.8837742504406,True
vs,vsrev,90,3064.4285714285716,2083.666666666667,True
vs,vsrev,91,3066.0,2083.666666666667,True
vs,vsrev,92,3066.1428571428573,2185.7535409035413,True
vs,vsrev,93,3276.714285714286,2185.7535409035413,True
vs,vsrev,94,3276.8571428571427,2341.401700680272,True
vs,vsrev,95,3308.8571428571427,2341.401700680272,True
vs,vsrev,96,3309.0,2397.095238095238,True
vs,vsrev,97,3339.285714285714,2397.095238095238,True
vs,vsrev,98,3342.4285714285716,2434.7283121169266,True
vs,vsrev,99,3586.4285714285716,2434.7283121169266,True
vs,vsrev,100,3587.4285714285716,2553.953645833333,True
vs,vsrev,101,3666.4285714285716,2553.953645833333,True
vs,vsrev,102,3667.285714285714,2565.594047619048,True
vs,vsrev,103,3694.0,2565.594047619048,True
vs,vsrev,104,3696.1428571428573,2571.896703296703,True
vs,vsrev,105,3774.8571428571427,2571.896703296703,True
vs,vsrev,106,3776.5714285714284,2590.667989417989,True
vs,vsrev,107,3804.4285714285716,2590.667989417989,True
vs,vsrev,108,3805.0,2750.75,True
vs,vsrev,109,3805.285714285714,2750.75,True
vs,vsrev,110,3806.3333333333335,2846.477954144621,True
vs,vsrev,111,3872.714285714286,2846.477954144621,True
vs,vsrev,112,3880.1428571428573,3007.8630952380954,True
vs,vsrev,113,3891.4285714285716,3007.8630952380954,True
vs,vsrev,114,3892.1666666666665,3016.3464285714285,True
vs,vsrev,115,4163.8,3016.3464285714285,True
vs,vsrev,116,4167.0,3198.1520146520147,True
vs,vsrev,117,4202.142857142857,3198.1520146520147,True
vs,vsrev,118,4202.5,3228.868707482993,True
vs,vsrev,119,4212.571428571428,3228.868707482993,True
vs,vsrev,120,4213.714285714285,3287.6802721088434,True
vs,vsrev,121,4234.857142857143,3287.6802721088434,True
vs,vsrev,122,4235.571428571428,3330.969221835075,True
vs,vsrev,123,4350.142857142857,3330.969221835075,True
vs,vsrev,124,4350.666666666667,3368.295918367347,True
vs,vsrev,125,4377.571428571428,3368.295918367347,True
vs,vsrev,126,4379.142857142857,3395.548563869993,True
vs,vsrev,127,4492.714285714285,3395.548563869993,True
vs,vsrev,128,4493.142857142857,3451.2753501400557,True
vs,vsrev,129,4522.166666666667,3451.2753501400557,True
vs,vsrev,130,4526.285714285715,3459.6080459770114,True
vs,vsrev,131,4591.857142857143,3459.6080459770114,True
vs,vsrev,132,4593.857142857143,3614.618807118807,True
vs,vsrev,133,4752.571428571428,3614.618807118807,True
vs,vsrev,134,4752.857142857143,3666.0959183673467,True
vs,vsrev,135,4778.0,3666.0959183673467,True
vs,vsrev,136,4778.714285714285,3840.4754681647946,True
vs,vsrev,137,4935.333333333333,3840.4754681647946,True
vs,vsrev,138,4935.571428571428,3914.5991181657846,True
vs,vsrev,139,4973.428571428572,3914.5991181657846,True
vs,vsrev,140,4974.428571428572,3986.4253968253965,True
vs,vsrev,141,4977.428571428572,3986.4253968253965,True
vs,vsrev,142,4982.857142857143,3997.823345701918,True
vs,vsrev,143,5124.714285714285,3997.823345701918,True
vs,vsrev,144,5125.0,4158.6107142857145,True
vs,vsrev,145,5165.666666666667,4158.6107142857145,True
vs,vsrev,146,5169.142857142857,4215.575824175824,True
vs,vsrev,147,5243.428571428572,4215.575824175824,True
vs,vsrev,148,5246.0,4245.999999999999,True
vs,vsrev,149,5248.333333333333,4245.999999999999,True
vs,vsrev,150,5252.142857142857,4416.494285714285,True
vs,vsrev,151,5353.857142857143,4416.494285714285,True
vs,vsrev,152,5354.166666666667,4453.056862745098,True
vs,vsrev,153,5389.571428571428,4453.056862745098,True
vs,vsrev,154,5391.285714285715,4474.357142857143,True
vs,vsrev,155,5394.142857142857,4474.357142857143,True
vs,vsrev,156,5396.857142857143,4493.142857142857,True
vs,vsrev,157,5403.75,4493.142857142857,True
vs,vsrev,158,5404.428571428572,4552.080882864094,True
vs,vsrev,159,5620.285714285715,4552.080882864094,True
vs,vsrev,160,5620.714285714285,4598.382916666666,True
vs,vsrev,161,5683.285714285715,4598.382916666666,True
vs,vsrev,162,5684.4,4605.119047619048,True
vs,vsrev,163,5691.428571428572,4605.119047619048,True
vs,vsrev,164,5692.333333333333,4758.8626373626375,True
vs,vsrev,165,5713.571428571428,4758.8626373626375,True
vs,vsrev,166,5716.0,4808.0567185289965,True
vs,vsrev,167,5867.857142857143,4808.0567185289965,True
vs,vsrev,168,5869.0,4880.985714285714,True
vs,vsrev,169,5902.0,4880.985714285714,True
vs,vsrev,170,5902.666666666667,4923.752867383512,True
vs,vsrev,171,6038.571428571428,4923.752867383512,True
vs,vsrev,172,6038.857142857143,5002.775462962963,True
vs,vsrev,173,6096.0,5002.775462962963,True
vs,vsrev,174,6097.0,5176.212925170067,True
vs,vsrev,175,6203.857142857143,5176.212925170067,True
vs,vsrev,176,6204.857142857143,5270.563078930203,True
vs,vsrev,177,6319.142857142857,5270.563078930203,True
vs,vsrev,178,6319.714285714285,5339.666666666667,True
vs,vsrev,179,6322.142857142857,5339.666666666667,True
vs,vsrev,180,6323.857142857143,5357.571428571428,True
vs,vsrev,181,6328.285714285715,5357.571428571428,True
vs,vsrev,182,6328.857142857143,5417.1962732919255,True
vs,vsrev,183,6355.428571428572,5417.1962732919255,True
vs,vsrev,184,6356.285714285715,5445.7135610766045,True
vs,vsrev,185,6430.857142857143,5445.7135610766045,True
vs,vsrev,186,6432.571428571428,5513.536840411842,True
vs,vsrev,187,6524.666666666667,5513.536840411842,True
vs,vsrev,188,6528.333333333333,5698.456981981981,True
vs,vsrev,189,6637.571428571428,5698.456981981981,True
vs,vsrev,190,6638.285714285715,5715.156620209059,True
vs,vsrev,191,6691.857142857143,5715.156620209059,True
vs,vsrev,192,6693.142857142857,5782.142857142857,True
vs,vsrev,193,6705.0,5782.142857142857,True
vs,vsrev,194,6707.571428571428,5864.053296703296,True
vs,vsrev,195,6868.0,5864.053296703296,True
vs,vsrev,196,6870.714285714285,5918.964285714286,True
vs,vsrev,197,6884.0,5918.964285714286,True
vs,vsrev,198,6884.571428571428,6021.114714285713,True
vs,vsrev,199,7038.714285714285,6021.114714285713,True
vs,vsrev,200,7039.428571428572,6154.461215538848,True
vs,vsrev,201,7083.285714285715,6154.461215538848,True
vs,vsrev,202,7084.142857142857,6163.190476190476,True
vs,vsrev,203,7087.0,6163.190476190476,True
vs,vsrev,204,7087.142857142857,6296.835444280805,True
vs,vsrev,205,7211.857142857143,6296.835444280805,True
vs,vsrev,206,7214.285714285715,6386.807748917749,True
vs,vsrev,207,7339.0,6386.807748917749,True
vs,vsrev,208,7339.857142857143,6451.97284798535,True
vs,vsrev,209,7446.0,6451.97284798535,True
vs,vsrev,210,7447.333333333333,6459.5,True
vs,vsrev,211,7449.666666666667,6632.380952380952,True
vs,vsrev,212,7456.0,6632.380952380952,True
vs,vsrev,213,7457.833333333333,6707.828571428571,True
vs,vsrev,214,7459.0,6707.828571428571,True
vs,vsrev,215,7465.714285714285,6719.535714285714,True
vs,vsrev,216,7472.285714285715,6719.535714285714,True
vs,vsrev,217,7474.714285714285,6728.632653061226,True
vs,vsrev,218,7482.142857142857,6728.632653061226,True
vs,vsrev,219,7484.0,6741.75643738977,True
vs,vsrev,220,7505.714285714285,6741.75643738977,True
vs,vsrev,221,7508.666666666667,6785.557823129252,True
vs,vsrev,222,7516.0,6785.557823129252,True
vs,vsrev,223,7516.571428571428,6798.001041666666,True
vs,vsrev,224,7595.428571428572,6798.001041666666,True
vs,vsrev,225,7597.428571428572,6853.653077816492,True
vs,vsrev,226,7740.142857142857,6853.653077816492,True
vs,vsrev,227,7742.8,7077.502898550724,True
vs,vsrev,228,7979.285714285715,7077.502898550724,True
vs,vsrev,229,7979.857142857143,7163.05805860806,True
vs,vsrev,230,7995.857142857143,7163.05805860806,True
vs,vsrev,231,7999.428571428572,7238.709154929578,True
vs,vsrev,232,8080.857142857143,7238.709154929578,True
vs,vsrev,233,8081.714285714285,7390.900257400257,True
vs,vsrev,234,8157.571428571428,7390.900257400257,True
vs,vsrev,235,8158.6,7496.072544642857,True
vs,vsrev,236,8199.0,7496.072544642857,True
vs,vsrev,237,8202.57142857143,7497.713287250384,True
vs,vsrev,238,8277.57142857143,7497.713287250384,True
vs,vsrev,239,8282.833333333334,7658.913614163613,True
vs,vsrev,240,8332.57142857143,7658.913614163613,True
vs,vsrev,241,8334.0,7659.41856261023,True
vs,vsrev,242,8393.142857142857,7659.41856261023,True
vs,vsrev,243,8397.285714285714,7660.899891774891,True
vs,vsrev,244,8440.42857142857,7660.899891774891,True
vs,vsrev,245,8440.57142857143,7741.776617826617,True
vs,vsrev,246,8487.142857142857,7741.776617826617,True
vs,vsrev,247,8488.5,7961.548196248197,True
vs,vsrev,248,8568.42857142857,7961.548196248197,True
vs,vsrev,249,8568.5,8004.054640997023,True
vs,vsrev,250,8877.142857142857,8004.054640997023,True
vs,vsrev,251,8877.4,8208.17730331263,True
vs,vsrev,252,8981.666666666666,8208.17730331263,True
vs,vsrev,253,8982.0,8245.399659863944,True
vs,vsrev,254,9007.142857142857,8245.399659863944,True
vs,vsrev,255,9007.666666666666,8255.483882783885,True
vs,vsrev,256,9031.57142857143,8255.483882783885,True
vs,vsrev,257,9033.6,8325.136286919831,True
vs,vsrev,258,9112.714285714286,8325.136286919831,True
vs,vsrev,259,9113.142857142857,8365.502380952381,True
vs,vsrev,260,9163.714285714286,8365.502380952381,True
vs,vsrev,261,9165.333333333334,8478.955913978492,True
vs,vsrev,262,9205.142857142857,8478.955913978492,True
vs,vsrev,263,9205.42857142857,8503.071296296295,True
vs,vsrev,264,9218.0,8503.071296296295,True
vs,vsrev,265,9219.285714285714,8646.501680672269,True
vs,vsrev,266,9251.0,8646.501680672269,True
vs,vsrev,267,9252.0,8658.69178113553,True
vs,vsrev,268,9508.0,8658.69178113553,True
vs,vsrev,269,9508.57142857143,8939.963435374151,True
vs,vsrev,270,9519.0,8939.963435374151,True
vs,vsrev,271,9520.0,8973.520927318295,True
vs,vsrev,272,9619.0,8973.520927318295,True
vs,vsrev,273,9619.857142857143,9029.2408994709,True
vs,vsrev,274,9736.42857142857,9029.2408994709,True
vs,vsrev,275,9736.857142857143,9200.0,True
vs,vsrev,276,9738.42857142857,9256.52632275132,True
vs,vsrev,277,9771.142857142857,9256.52632275132,True
vs,vsrev,278,9771.42857142857,9415.108354218883,True
vs,vsrev,279,9917.857142857143,9415.108354218883,True
vs,vsrev,280,9919.142857142857,9420.590043290043,True
vs,vsrev,281,9955.0,9420.590043290043,True
vs,vsrev,282,9958.0,9453.511766334443,True
vs,vsrev,283,10080.142857142857,9453.511766334443,True
vs,vsrev,284,10080.42857142857,9569.189729225023,True
vs,vsrev,285,10197.0,9569.189729225023,True
vs,vsrev,286,10197.57142857143,9611.047619047618,True
vs,vsrev,287,10219.285714285714,9611.047619047618,True
vs,vsrev,288,10219.42857142857,9768.38095238095,True
vs,vsrev,289,10224.857142857143,9768.38095238095,True
vs,vsrev,290,10228.714285714286,9810.24926829268,True
vs,vsrev,291,10503.666666666666,9810.24926829268,True
vs,vsrev,292,10504.42857142857,9978.29806547619,True
vs,vsrev,293,10521.142857142857,9978.29806547619,True
vs,vsrev,294,10521.57142857143,10149.731092436976,True
vs,vsrev,295,10543.857142857143,10149.731092436976,True
vs,vsrev,296,10548.285714285714,10150.749433106577,True
vs,vsrev,297,10570.142857142857,10150.749433106577,True
vs,vsrev,298,10570.285714285714,10218.65746031746,True
vs,vsrev,299,10584.333333333334,10218.65746031746,True
vs,vsrev,300,10584.5,10235.905472013368,True
vs,vsrev,301,10760.57142857143,10235.905472013368,True
vs,vsrev,302,10761.142857142857,10406.807738095238,True
vs,vsrev,303,10858.857142857143,10406.807738095238,True
vs,vsrev,304,10859.4,10463.55257936508,True
vs,vsrev,305,10894.285714285714,10463.55257936508,True
vs,vsrev,306,10900.57142857143,10479.06798029557,True
vs,vsrev,307,10937.333333333334,10479.06798029557,True
vs,vsrev,308,10938.5,10688.926441102756,True
vs,vsrev,309,11012.0,10688.926441102756,True
vs,vsrev,310,11014.857142857143,10727.372023809525,True
vs,vsrev,311,11052.714285714286,10727.372023809525,True
vs,vsrev,312,11052.857142857143,10761.72619047619,True
vs,vsrev,313,11062.42857142857,10761.72619047619,True
vs,vsrev,314,11063.285714285714,10772.8587359944,True
vs,vsrev,315,11241.857142857143,10772.8587359944,True
vs,vsrev,316,11242.0,10823.111141060197,True
vs,vsrev,317,11316.42857142857,10823.111141060197,True
vs,vsrev,318,11317.57142857143,10826.848861283643,True
vs,vsrev,319,11352.857142857143,10826.848861283643,True
vs,vsrev,320,11357.857142857143,10997.385040431263,True
vs,vsrev,321,11427.142857142857,10997.385040431263,True
vs,vsrev,322,11429.57142857143,11061.79294217687,True
vs,vsrev,323,11471.714285714286,11061.79294217687,True
vs,vsrev,324,11473.857142857143,11061.845098039215,True
vs,vsrev,325,11533.0,11061.845098039215,True
vs,vsrev,326,11534.0,11305.02781954887,True
vs,vsrev,327,11636.142857142857,11305.02781954887,True
vs,vsrev,328,11637.0,11364.934896401306,True
vs,vsrev,329,11830.857142857143,11364.934896401306,True
vs,vsrev,330,11832.0,11537.141585127198,True
vs,vsrev,331,11989.857142857143,11537.141585127198,True
vs,vsrev,332,11997.2,11553.634474885841,True
vs,vsrev,333,12118.42857142857,11553.634474885841,True
vs,vsrev,334,12119.0,12009.523197278913,True
vs,vsrev,335,12187.0,12009.523197278913,True
vs,vsrev,336,12187.857142857143,12108.531972789116,True
vs,vsrev,337,12239.4,12108.531972789116,True
vs,vsrev,338,12239.857142857143,12212.457788944721,True
vs,vsrev,339,12598.333333333334,12212.457788944721,True
vs,vsrev,340,12601.0,12355.624025974026,True
vs,vsrev,341,12622.57142857143,12355.624025974026,True
vs,vsrev,342,12627.42857142857,12437.395833333332,True
vs,vsrev,343,12641.714285714286,12437.395833333332,True
vs,vsrev,344,12642.666666666666,12532.0,True
vs,vsrev,345,12645.857142857143,12588.59121395037,True
vs,vsrev,346,12792.57142857143,12588.59121395037,True
vs,vsrev,347,12793.0,12830.77747079964,True
vs,vsrev,348,13031.142857142857,12830.77747079964,True
vs,vsrev,349,13034.57142857143,12883.180164835165,True
vs,vsrev,350,13322.0,12883.180164835165,True
vs,vsrev,351,13322.333333333334,13109.333333333334,True
vs,vsrev,352,13325.4,13362.717644557824,True
vs,vsrev,353,13468.0,13362.717644557824,True
vs,vsrev,354,13468.833333333334,13367.333333333334,True
vs,vsrev,355,13469.57142857143,13629.539507389158,True
vs,vsrev,356,13841.0,13629.539507389158,True
vs,vsrev,357,13843.285714285714,13779.268285714283,True
vs,vsrev,358,13924.142857142857,13779.268285714283,True
vs,vsrev,359,13926.57142857143,13792.0,True
vs,vsrev,360,13934.166666666666,13949.517582417582,True
vs,vsrev,361,13973.714285714286,13949.517582417582,True
vs,vsrev,362,13974.0,14063.128798185939,True
vs,vsrev,363,14047.857142857143,14063.128798185939,True
vs,vsrev,364,14049.0,14258.891923436042,True
vs,vsrev,365,14231.833333333334,14258.891923436042,True
vs,vsrev,366,14236.285714285714,14367.714285714286,True
vs,vsrev,367,14237.42857142857,14716.87592458303,True
vs,vsrev,368,14866.0,14716.87592458303,True
vs,vsrev,369,14868.857142857143,15144.107496782495,True
vs,vsrev,370,15124.57142857143,15144.107496782495,True
vs,vsrev,371,15126.142857142857,15854.225729646694,True
vs,vsrev,372,15302.142857142857,15854.225729646694,True
vs,vsrev,373,15312.142857142857,15979.87338551859,True
vs,vsrev,374,15571.166666666666,15979.87338551859,True
vs,vsrev,375,15579.857142857143,16222.770012870016,True
vs,vsrev,376,15711.57142857143,16222.770012870016,True
vs,vsrev,377,15713.0,16275.625925925928,True
vs,vsrev,378,15900.285714285714,16275.625925925928,True
vs,vsrev,379,15912.57142857143,16425.84365079365,True
vs,vsrev,380,15953.333333333334,16425.84365079365,True
vs,vsrev,381,15954.5,16769.734708994707,True
vs,vsrev,382,16176.57142857143,16769.734708994707,True
vs,vsrev,383,16182.57142857143,16813.28781512605,True
vs,vsrev,384,16361.57142857143,16813.28781512605,True
vs,vsrev,385,16361.666666666666,17319.127932636467,True
vs,vsrev,386,16564.571428571428,17319.127932636467,True
vs,vsrev,387,16569.666666666668,17513.017742987606,True
vs,vsrev,388,17061.833333333332,17513.017742987606,False
vs,vsrev,389,17072.166666666668,17829.02380952381,False
vs,vsrev,390,17091.714285714286,17829.02380952381,False
vs,vsrev,391,17092.0,17884.191666666662,False
vs,vsrev,392,17149.428571428572,17884.191666666662,False
vs,vsrev,393,17156.85714285714,17907.714285714286,False
vs,vsrev,394,17170.428571428572,18250.150793650795,False
vs,vsrev,395,17182.285714285714,18250.150793650795,False
vs,vsrev,396,17185.166666666668,18255.392121212124,False
vs,vsrev,397,17595.571428571428,18255.392121212124,False
vs,vsrev,398,17621.5,18663.10176366843,False
vs,vsrev,399,17800.4,18663.10176366843,False
vs,vsrev,400,17805.285714285714,18830.440476190473,False
vs,vsrev,401,18004.285714285714,18830.440476190473,False
vs,vsrev,402,18006.285714285714,19413.25686813187,False
vs,vsrev,403,18609.714285714286,19413.25686813187,False
vs,vsrev,404,18622.571428571428,19577.892857142855,False
vs,vsrev,405,18684.0,19577.892857142855,False
vs,vsrev,406,18686.0,19886.0,False
vs,vsrev,407,18702.0,20040.16820436508,False
vs,vsrev,408,19308.0,20040.16820436508,False
vs,vsrev,409,19332.85714285714,20724.41371428571,False
vs,vsrev,410,19822.714285714286,20724.41371428571,False
vs,vsrev,411,19830.14285714286,21054.639194139196,False
vs,vsrev,412,20833.0,21054.639194139196,False
vs,vsrev,413,20835.2,21398.07857142857,False
vs,vsrev,414,20897.75,21398.07857142857,False
vs,vsrev,415,20934.428571428572,21653.936147186145,False
vs,vsrev,416,21265.571428571428,21653.936147186145,False
vs,vsrev,417,21384.14285714286,22399.428571428572,False
vs,vsrev,418,21395.14285714286,23310.961904761905,False
vs,vsrev,419,21808.571428571428,23310.961904761905,False
vs,vsrev,420,21814.714285714286,23401.87755102041,False
vs,vsrev,421,21989.285714285714,23401.87755102041,False
vs,vsrev,422,22044.571428571428,23864.861111111113,False
vs,vsrev,423,22364.428571428572,23864.861111111113,False
vs,vsrev,424,22561.0,25100.84871031746,False
vs,vsrev,425,23805.428571428572,25100.84871031746,False
vs,vsrev,426,23888.571428571428,26301.404761904763,False
vs,vsrev,427,24393.428571428572,26301.404761904763,False
vs,vsrev,428,24415.85714285714,26780.396825396823,False
vs,vsrev,429,24579.333333333332,26780.396825396823,False
vs,vsrev,430,24642.85714285714,28739.03655462185,False
vs,vsrev,431,27321.714285714286,28739.03655462185,False
vs,vsrev,432,27548.571428571428,31321.785714285714,False
vs,vsrev,433,29398.14285714286,31321.785714285714,False
vs,vsrev,434,31763.166666666668,34930.333333333336,False
vs,vsrev,435,31859.571428571428,35803.0,False
vsrev,acti,1,0.0,1074.7142857142858,False
vsrev,acti,2,1.5,1234.6666666666667,False
vsrev,acti,3,5.0,1508.3333333333335,False
vsrev,acti,4,7.333333333333333,1508.3333333333335,False
vsrev,acti,5,14.285714285714286,2059.3939393939395,False
vsrev,acti,6,57.285714285714285,2059.3939393939395,False
vsrev,acti,7,66.57142857142857,2326.2509157509157,False
vsrev,acti,8,107.14285714285714,2326.2509157509157,False
vsrev,acti,9,119.5,2634.345238095238,False
vsrev,acti,10,173.0,2634.345238095238,False
vsrev,acti,11,175.85714285714286,3220.406862745098,False
vsrev,acti,12,234.14285714285714,3220.406862745098,False
vsrev,acti,13,236.0,3265.0834325396827,False
vsrev,acti,14,330.0,3265.0834325396827,False
vsrev,acti,15,331.7142857142857,3702.0714285714284,False
vsrev,acti,16,336.14285714285717,3702.0714285714284,False
vsrev,acti,17,344.0,3705.702801120448,False
vsrev,acti,18,396.2,3705.702801120448,False
vsrev,acti,19,398.42857142857144,3715.8650793650795,False
vsrev,acti,20,412.3333333333333,3715.8650793650795,False
vsrev,acti,21,414.42857142857144,3839.8934523809526,False
vsrev,acti,22,585.4285714285714,3839.8934523809526,False
vsrev,acti,23,588.5714285714286,4075.970695970696,False
vsrev,acti,24,634.0,4075.970695970696,False
vsrev,acti,25,639.2857142857143,4197.489417989417,False
vsrev,acti,26,677.5714285714286,4197.489417989417,False
vsrev,acti,27,678.2857142857143,4550.25,False
vsrev,acti,28,690.4285714285714,4550.25,False
vsrev,acti,29,694.0,4751.000680272109,False
vsrev,acti,30,738.5714285714286,4751.000680272109,False
vsrev,acti,31,740.75,4803.391439909296,False
vsrev,acti,32,898.5714285714286,4803.391439909296,False
vsrev,acti,33,900.8571428571429,5123.634432234433,False
vsrev,acti,34,1162.2857142857142,5123.634432234433,False
vsrev,acti,35,1162.4285714285713,5173.751322751323,False
vsrev,acti,36,1264.5714285714287,5173.751322751323,False
vsrev,acti,37,1264.7142857142858,5506.103641456582,False
vsrev,acti,38,1327.6666666666667,5506.103641456582,False
vsrev,acti,39,1328.0,5551.888481338481,False
vsrev,acti,40,1563.0,5551.888481338481,False
vsrev,acti,41,1563.6,5691.116184041183,False
vsrev,acti,42,1780.5,5691.116184041183,True
vsrev,acti,43,1783.4285714285713,6044.38181818182,True
vsrev,acti,44,1818.2857142857142,6044.38181818182,True
vsrev,acti,45,1820.142857142857,6235.138095238095,True
vsrev,acti,46,2060.5714285714284,6235.138095238095,True
vsrev,acti,47,2066.4285714285716,6271.057580174927,True
vsrev,acti,48,2202.285714285714,6271.057580174927,True
vsrev,acti,49,2204.4285714285716,6415.649206349207,True
vsrev,acti,50,2261.285714285714,6415.649206349207,True
vsrev,acti,51,2261.5714285714284,6424.333421516755,True
vsrev,acti,52,2387.8571428571427,6424.333421516755,True
vsrev,acti,53,2389.6666666666665,6650.47619047619,True
vsrev,acti,54,2565.4285714285716,6650.47619047619,True
vsrev,acti,55,2567.285714285714,6780.999912625601,True
vsrev,acti,56,2843.5,6780.999912625601,True
vsrev,acti,57,2843.5714285714284,6794.571428571428,True
vsrev,acti,58,2846.1666666666665,7098.988095238095,True
vsrev,acti,59,2924.4285714285716,7098.988095238095,True
vsrev,acti,60,2925.4285714285716,7192.250075187969,True
vsrev,acti,61,3135.5,7192.250075187969,True
vsrev,acti,62,3136.5714285714284,7367.688348530904,True
vsrev,acti,63,3233.4285714285716,7367.688348530904,True
vsrev,acti,64,3233.8571428571427,7842.5906239737305,True
vsrev,acti,65,3542.4285714285716,7842.5906239737305,True
vsrev,acti,66,3542.5714285714284,7845.897959183673,True
vsrev,acti,67,3546.8333333333335,7845.897959183673,True
vsrev,acti,68,3548.714285714286,7898.262631154156,True
vsrev,acti,69,3905.5714285714284,7898.262631154156,True
vsrev,acti,70,3905.8571428571427,8363.781092436973,True
vsrev,acti,71,3973.4285714285716,8363.781092436973,True
vsrev,acti,72,3974.0,8423.483869701728,True
vsrev,acti,73,4287.0,8423.483869701728,True
vsrev,acti,74,4287.333333333333,8479.180731922397,True
vsrev,acti,75,4481.714285714285,8479.180731922397,True
vsrev,acti,76,4482.571428571428,8523.981704260652,True
vsrev,acti,77,4577.166666666667,8523.981704260652,True
vsrev,acti,78,4578.571428571428,8710.373015873016,True
vsrev,acti,79,4612.166666666667,8710.373015873016,True
vsrev,acti,80,4613.4,8768.523809523811,True
vsrev,acti,81,4659.857142857143,8768.523809523811,True
vsrev,acti,82,4662.857142857143,9050.05838095238,True
vsrev,acti,83,4909.0,9050.05838095238,True
vsrev,acti,84,4910.142857142857,9276.974253430186,True
vsrev,acti,85,5276.5,9276.974253430186,True
vsrev,acti,86,5278.571428571428,9403.289818295741,True
vsrev,acti,87,5640.666666666667,9403.289818295741,True
vsrev,acti,88,5641.0,9419.245271867616,True
vsrev,acti,89,5856.428571428572,9419.245271867616,True
vsrev,acti,90,5857.0,9596.784571428572,True
vsrev,acti,91,5892.0,9596.784571428572,True
vsrev,acti,92,5892.142857142857,9655.436958874458,True
vsrev,acti,93,5941.571428571428,9655.436958874458,True
vsrev,acti,94,5942.0,9809.834571428572,True
vsrev,acti,95,5983.714285714285,9809.834571428572,True
vsrev,acti,96,5984.571428571428,9852.308571428572,True
vsrev,acti,97,5986.285714285715,9852.308571428572,True
vsrev,acti,98,5987.714285714285,9933.857142857143,True
vsrev,acti,99,5992.142857142857,9989.680995670995,True
vsrev,acti,100,6224.428571428572,9989.680995670995,True
vsrev,acti,101,6225.428571428572,10031.016575091573,True
vsrev,acti,102,6323.75,10031.016575091573,True
vsrev,acti,103,6324.142857142857,10208.36974789916,True
vsrev,acti,104,6340.857142857143,10208.36974789916,True
vsrev,acti,105,6341.428571428572,10375.936383092563,True
vsrev,acti,106,6461.285714285715,10375.936383092563,True
vsrev,acti,107,6463.857142857143,10423.392857142857,True
vsrev,acti,108,6467.0,10423.392857142857,True
vsrev,acti,109,6467.142857142857,10507.513954451346,True
vsrev,acti,110,6624.0,10507.513954451346,True
vsrev,acti,111,6624.571428571428,10697.76728896104,True
vsrev,acti,112,6734.833333333333,10697.76728896104,True
vsrev,acti,113,6734.857142857143,10718.526446886444,True
vsrev,acti,114,7089.857142857143,10718.526446886444,True
vsrev,acti,115,7090.142857142857,10862.680065856131,True
vsrev,acti,116,7223.666666666667,10862.680065856131,True
vsrev,acti,117,7224.0,10921.233909774435,True
vsrev,acti,118,7352.0,10921.233909774435,True
vsrev,acti,119,7353.428571428572,10927.818470418471,True
vsrev,acti,120,7396.0,10927.818470418471,True
vsrev,acti,121,7396.6,11192.535365353036,True
vsrev,acti,122,7687.142857142857,11192.535365353036,True
vsrev,acti,123,7689.428571428572,11235.91061432206,True
vsrev,acti,124,7860.833333333333,11235.91061432206,True
vsrev,acti,125,7865.857142857143,11352.234523809524,True
vsrev,acti,126,7920.142857142857,11352.234523809524,True
vsrev,acti,127,7922.428571428572,11536.495464852605,True
vsrev,acti,128,8092.428571428572,11536.495464852605,True
vsrev,acti,129,8093.142857142857,11544.738931475033,True
vsrev,acti,130,8329.142857142857,11544.738931475033,True
vsrev,acti,131,8329.42857142857,11684.523339598998,True
vsrev,acti,132,8428.4,11684.523339598998,True
vsrev,acti,133,8428.666666666666,11701.865735930738,True
vsrev,acti,134,8573.42857142857,11701.865735930738,True
vsrev,acti,135,8575.0,11783.291666666668,True
vsrev,acti,136,8576.75,11783.291666666668,True
vsrev,acti,137,8577.57142857143,11895.819444444445,True
vsrev,acti,138,8607.5,11895.819444444445,True
vsrev,acti,139,8607.714285714286,11902.35939153439,True
vsrev,acti,140,8750.57142857143,11902.35939153439,True
vsrev,acti,141,8750.857142857143,12148.40873015873,True
vsrev,acti,142,8764.8,12148.40873015873,True
vsrev,acti,143,8765.333333333334,12257.508956916097,True
vsrev,acti,144,8797.57142857143,12257.508956916097,True
vsrev,acti,145,8799.57142857143,12262.018354655294,True
vsrev,acti,146,9171.666666666666,12262.018354655294,True
vsrev,acti,147,9172.142857142857,12263.634948979592,True
vsrev,acti,148,9251.166666666666,12263.634948979592,True
vsrev,acti,149,9252.285714285714,12667.044952380951,True
vsrev,acti,150,9293.142857142857,12667.044952380951,True
vsrev,acti,151,9293.57142857143,12699.09606046366,True
vsrev,acti,152,9761.0,12699.09606046366,True
vsrev,acti,153,9762.285714285714,12964.0,True
vsrev,acti,154,9764.714285714286,12964.0,True
vsrev,acti,155,9765.285714285714,13021.958720238097,True
vsrev,acti,156,9980.285714285714,13021.958720238097,True
vsrev,acti,157,9981.285714285714,13218.089285714286,True
vsrev,acti,158,9982.75,13218.089285714286,True
vsrev,acti,159,9984.5,13238.928571428572,True
vsrev,acti,160,9997.857142857143,13238.928571428572,True
vsrev,acti,161,9998.57142857143,13282.137351190477,True
vsrev,acti,162,10051.166666666666,13282.137351190477,True
vsrev,acti,163,10051.57142857143,13307.42857142857,True
vsrev,acti,164,10078.857142857143,13307.42857142857,True
vsrev,acti,165,10080.333333333334,13336.535754134287,True
vsrev,acti,166,10476.285714285714,13336.535754134287,True
vsrev,acti,167,10477.75,13640.721848739497,True
vsrev,acti,168,10504.714285714286,13640.721848739497,True
vsrev,acti,169,10505.714285714286,13930.175213109935,True
vsrev,acti,170,11075.5,13930.175213109935,True
vsrev,acti,171,11077.142857142857,13980.17619047619,True
vsrev,acti,172,11104.285714285714,13980.17619047619,True
vsrev,acti,173,11104.57142857143,14252.818430583498,True
vsrev,acti,174,11777.0,14252.818430583498,True
vsrev,acti,175,11777.666666666666,14699.411210317458,True
vsrev,acti,176,11838.285714285714,14699.411210317458,True
vsrev,acti,177,11842.0,14825.00900718778,True
vsrev,acti,178,12306.857142857143,14825.00900718778,True
vsrev,acti,179,12308.5,14890.612698412702,True
vsrev,acti,180,12470.42857142857,14890.612698412702,True
vsrev,acti,181,12472.333333333334,15172.203605442179,True
vsrev,acti,182,12547.285714285714,15172.203605442179,True
vsrev,acti,183,12553.4,15413.80332911926,True
vsrev,acti,184,12869.714285714286,15413.80332911926,True
vsrev,acti,185,12870.6,15465.8,True
vsrev,acti,186,12874.0,15484.891746031744,True
vsrev,acti,187,13083.0,15484.891746031744,True
vsrev,acti,188,13087.42857142857,15586.457142857142,True
vsrev,acti,189,13101.833333333334,15586.457142857142,True
vsrev,acti,190,13105.0,15597.405555555559,True
vsrev,acti,191,13406.714285714286,15597.405555555559,True
vsrev,acti,192,13417.57142857143,15751.257101086047,True
vsrev,acti,193,13754.6,15751.257101086047,True
vsrev,acti,194,13755.42857142857,15898.972445157839,True
vsrev,acti,195,14052.285714285714,15898.972445157839,True
vsrev,acti,196,14059.42857142857,16163.82857142857,True
vsrev,acti,197,14070.0,16163.82857142857,True
vsrev,acti,198,14071.2,16167.319841269838,True
vsrev,acti,199,14273.285714285714,16167.319841269838,True
vsrev,acti,200,14279.57142857143,16246.714285714286,True
vsrev,acti,201,14288.0,16489.6158008658,True
vsrev,acti,202,14310.0,16489.6158008658,True
vsrev,acti,203,14312.857142857143,16652.983809523812,True
vsrev,acti,204,14415.0,16652.983809523812,True
vsrev,acti,205,14421.285714285714,16718.428571428572,True
vsrev,acti,206,14433.714285714286,16849.070309050774,True
vsrev,acti,207,14975.0,16849.070309050774,True
vsrev,acti,208,14975.142857142857,17249.611163153786,True
vsrev,acti,209,15220.42857142857,17249.611163153786,True
vsrev,acti,210,15224.285714285714,17254.14232309747,True
vsrev,acti,211,15669.142857142857,17254.14232309747,True
vsrev,acti,212,15670.2,17398.74701542589,True
vsrev,acti,213,16086.142857142857,17398.74701542589,True
vsrev,acti,214,16086.285714285714,17819.428571428572,True
vsrev,acti,215,16089.857142857143,17925.35238095238,True
vsrev,acti,216,16165.42857142857,17925.35238095238,True
vsrev,acti,217,16166.285714285714,17985.443939393946,True
vsrev,acti,218,16517.714285714286,17985.443939393946,True
vsrev,acti,219,16525.85714285714,18222.72857142857,True
vsrev,acti,220,16550.285714285714,18222.72857142857,True
vsrev,acti,221,16559.428571428572,18339.327887788782,True
vsrev,acti,222,17191.428571428572,18339.327887788782,True
vsrev,acti,223,17198.571428571428,18742.176785714284,True
vsrev,acti,224,17502.14285714286,18742.176785714284,True
vsrev,acti,225,17503.85714285714,18891.571428571428,True
vsrev,acti,226,17512.833333333332,18924.14484126984,True
vsrev,acti,227,17578.571428571428,18924.14484126984,False
vsrev,acti,228,17579.0,18988.110644257704,False
vsrev,acti,229,17718.428571428572,18988.110644257704,False
vsrev,acti,230,17730.25,19050.5,False
vsrev,acti,231,17736.14285714286,19112.72711038961,False
vsrev,acti,232,18547.571428571428,19112.72711038961,False
vsrev,acti,233,18561.714285714286,19233.025132275136,False
vsrev,acti,234,18729.571428571428,19233.025132275136,False
vsrev,acti,235,18752.666666666668,19698.440336134456,False
vsrev,acti,236,19367.285714285714,19698.440336134456,False
vsrev,acti,237,19370.14285714286,19741.714285714286,False
vsrev,acti,238,19380.0,20042.34126984127,False
vsrev,acti,239,19450.14285714286,20042.34126984127,False
vsrev,acti,240,19454.666666666668,20108.462797619046,False
vsrev,acti,241,19696.333333333332,20108.462797619046,False
vsrev,acti,242,19702.0,20222.534722222223,False
vsrev,acti,243,20426.85714285714,20222.534722222223,False
vsrev,acti,244,20427.8,20832.94761904762,False
vsrev,acti,245,20505.14285714286,20832.94761904762,False
vsrev,acti,246,20517.571428571428,20970.39285714286,False
vsrev,acti,247,20643.571428571428,20970.39285714286,False
vsrev,acti,248,20657.714285714286,21191.609473150962,False
vsrev,acti,249,21769.714285714286,21191.609473150962,False
vsrev,acti,250,21840.428571428572,21615.39423558897,False
vsrev,acti,251,22493.0,21615.39423558897,False
vsrev,acti,252,22584.0,22810.285714285714,False
vsrev,acti,253,22643.4,22964.080320699704,False
vsrev,acti,254,24922.714285714286,22964.080320699704,False
vsrev,acti,255,25002.428571428572,24136.28,False
vsrev,acti,256,25305.714285714286,24136.28,False
vsrev,acti,257,25392.428571428572,24256.0025,False
vsrev,acti,258,26679.0,24256.0025,False
vsrev,acti,259,26765.571428571428,24799.850549450548,False
vsrev,acti,260,28540.85714285714,24799.850549450548,False
vsrev,acti,261,29330.428571428572,26026.857142857145,False
vsrev,acti,262,29760.714285714286,26026.857142857145,False
vsrev,acti,263,30080.285714285714,26605.690476190473,False
vsrev,acti,264,30292.166666666668,26605.690476190473,False
vsrev,acti,265,30786.285714285714,27969.0,False
vsrev,acti,266,30833.25,28596.93005952381,False
vsrev,acti,267,34930.333333333336,28596.93005952381,False
vsrev,acti,268,35111.142857142855,30482.071428571428,False
vsrev,acti,269,35803.0,30482.071428571428,False
vsrev,acti,270,38310.28571428572,32746.14285714286,False
vsrev,adept,1,0.0,17.754895213933224,False
vsrev,adept,2,14.285714285714286,17.754895213933224,False
vsrev,adept,3,22.571428571428573,21.65194630970054,False
vsrev,adept,4,33.666666666666664,41.41276402838052,False
vsrev,adept,5,51.857142857142854,41.41276402838052,False
vsrev,adept,6,53.142857142857146,57.038847221217544,False
vsrev,adept,7,57.285714285714285,57.038847221217544,False
vsrev,adept,8,66.57142857142857,59.48772374028075,False
vsrev,adept,9,90.85714285714286,59.48772374028075,False
vsrev,adept,10,93.28571428571429,73.54302729561873,False
vsrev,adept,11,131.85714285714286,73.54302729561873,False
vsrev,adept,12,141.85714285714286,75.94350576520637,False
vsrev,adept,13,149.0,95.92779539859416,False
vsrev,adept,14,175.85714285714286,95.92779539859416,False
vsrev,adept,15,180.33333333333334,99.78885990808658,False
vsrev,adept,16,184.57142857142858,101.1880619563148,False
vsrev,adept,17,184.66666666666666,101.97120987493385,False
vsrev,adept,18,228.42857142857142,101.97120987493385,False
vsrev,adept,19,232.5,110.21336761583359,False
vsrev,adept,20,234.14285714285714,110.21336761583359,False
vsrev,adept,21,236.0,123.3653941210055,False
vsrev,adept,22,336.14285714285717,123.3653941210055,False
vsrev,adept,23,344.0,127.83224348838027,False
vsrev,adept,24,357.42857142857144,127.83224348838027,False
vsrev,adept,25,358.0,143.8300999739369,False
vsrev,adept,26,393.0,143.8300999739369,False
vsrev,adept,27,396.2,199.51073891708828,False
vsrev,adept,28,448.85714285714283,199.51073891708828,False
vsrev,adept,29,456.0,215.33202005457156,False
vsrev,adept,30,479.0,215.33202005457156,False
vsrev,adept,31,485.85714285714283,216.65540218518416,False
vsrev,adept,32,578.2857142857143,216.65540218518416,False
vsrev,adept,33,583.0,232.24832394074883,False
vsrev,adept,34,730.0,232.24832394074883,False
vsrev,adept,35,735.8571428571429,261.45209800857805,False
vsrev,adept,36,822.8571428571429,261.45209800857805,False
vsrev,adept,37,826.2857142857143,277.48952450203467,False
vsrev,adept,38,868.0,277.48952450203467,False
vsrev,adept,39,880.2857142857143,317.43814965267416,False
vsrev,adept,40,983.7142857142857,317.43814965267416,False
vsrev,adept,41,987.2857142857143,349.0293557992809,False
vsrev,adept,42,987.5714285714286,349.0293557992809,False
vsrev,adept,43,989.1666666666666,364.98634704215794,False
vsrev,adept,44,1264.7142857142858,364.98634704215794,False
vsrev,adept,45,1273.5714285714287,381.1333111535699,False
vsrev,adept,46,1307.2857142857142,381.1333111535699,False
vsrev,adept,47,1307.7142857142858,426.31402258738643,False
vsrev,adept,48,1351.0,426.31402258738643,False
vsrev,adept,49,1354.7142857142858,458.48670551993297,False
vsrev,adept,50,1756.7142857142858,458.48670551993297,True
vsrev,adept,51,1763.142857142857,506.72722865342007,True
vsrev,adept,52,1763.8333333333333,506.72722865342007,True
vsrev,adept,53,1766.857142857143,535.739307938659,True
vsrev,adept,54,1774.3333333333333,535.739307938659,True
vsrev,adept,55,1774.7142857142858,547.0439624227059,True
vsrev,adept,56,1839.5,547.0439624227059,True
vsrev,adept,57,1841.5714285714287,569.5158293291814,True
vsrev,adept,58,1955.1666666666667,569.5158293291814,True
vsrev,adept,59,1957.5714285714287,675.5938449224132,True
vsrev,adept,60,2262.4285714285716,675.5938449224132,True
vsrev,adept,61,2264.1428571428573,687.1118531720991,True
vsrev,adept,62,2378.5714285714284,687.1118531720991,True
vsrev,adept,63,2380.1428571428573,728.4999859226076,True
vsrev,adept,64,2517.1428571428573,728.4999859226076,True
vsrev,adept,65,2518.714285714286,735.2659762205408,True
vsrev,adept,66,2520.5714285714284,735.2659762205408,True
vsrev,adept,67,2526.1428571428573,762.812286742268,True
vsrev,adept,68,2551.5,762.812286742268,True
vsrev,adept,69,2552.8571428571427,775.942632085933,True
vsrev,adept,70,2610.4285714285716,775.942632085933,True
vsrev,adept,71,2610.8571428571427,793.8246937758447,True
vsrev,adept,72,2688.4285714285716,793.8246937758447,True
vsrev,adept,73,2689.285714285714,793.9852605250899,True
vsrev,adept,74,2752.3333333333335,793.9852605250899,True
vsrev,adept,75,2759.0,886.5169586730051,True
vsrev,adept,76,2900.714285714286,886.5169586730051,True
vsrev,adept,77,2904.4285714285716,913.5236382377077,True
vsrev,adept,78,3094.4285714285716,913.5236382377077,True
vsrev,adept,79,3098.1666666666665,922.0119472583228,True
vsrev,adept,80,3124.1428571428573,922.0119472583228,True
vsrev,adept,81,3126.8333333333335,1046.48455982903,True
vsrev,adept,82,3151.285714285714,1046.48455982903,True
vsrev,adept,83,3154.0,1054.4562277595903,True
vsrev,adept,84,3441.5714285714284,1054.4562277595903,True
vsrev,adept,85,3442.4285714285716,1094.5059816554563,True
vsrev,adept,86,3875.5,1094.5059816554563,True
vsrev,adept,87,3875.714285714286,1102.6236380327298,True
vsrev,adept,88,4021.8571428571427,1102.6236380327298,True
vsrev,adept,89,4022.5714285714284,1276.3440297390964,True
vsrev,adept,90,4027.1666666666665,1276.3440297390964,True
vsrev,adept,91,4028.1428571428573,1307.7358944109185,True
vsrev,adept,92,4108.142857142857,1307.7358944109185,True
vsrev,adept,93,4110.428571428572,1313.6752731841639,True
vsrev,adept,94,4575.428571428572,1313.6752731841639,True
vsrev,adept,95,4576.428571428572,1424.290208382155,True
vsrev,adept,96,4839.714285714285,1424.290208382155,True
vsrev,adept,97,4843.0,1470.924677160378,True
vsrev,adept,98,4932.833333333333,1470.924677160378,True
vsrev,adept,99,4932.857142857143,1525.8134531562239,True
vsrev,adept,100,5047.142857142857,1525.8134531562239,True
vsrev,adept,101,5048.0,1548.8228660734264,True
vsrev,adept,102,5296.0,1548.8228660734264,True
vsrev,adept,103,5296.571428571428,1643.7359209258755,True
vsrev,adept,104,5354.142857142857,1643.7359209258755,True
vsrev,adept,105,5355.857142857143,1656.892023467867,True
vsrev,adept,106,5813.833333333333,1656.892023467867,True
vsrev,adept,107,5815.0,1797.1416114698648,True
vsrev,adept,108,5887.5,1797.1416114698648,True
vsrev,adept,109,5888.571428571428,1798.5927786644475,True
vsrev,adept,110,6042.0,1798.5927786644475,True
vsrev,adept,111,6042.571428571428,1817.4908053617203,True
vsrev,adept,112,6058.428571428572,1817.4908053617203,True
vsrev,adept,113,6059.428571428572,1819.1084696038843,True
vsrev,adept,114,6333.857142857143,1819.1084696038843,True
vsrev,adept,115,6334.714285714285,1941.7093931748814,True
vsrev,adept,116,6734.833333333333,1941.7093931748814,True
vsrev,adept,117,6734.857142857143,1970.5816794567586,True
vsrev,adept,118,6742.142857142857,1970.5816794567586,True
vsrev,adept,119,6742.714285714285,1984.477404893983,True
vsrev,adept,120,6808.333333333333,1984.477404893983,True
vsrev,adept,121,6809.571428571428,2123.1527108706355,True
vsrev,adept,122,6955.285714285715,2123.1527108706355,True
vsrev,adept,123,6955.428571428572,2148.8890827561004,True
vsrev,adept,124,6956.428571428572,2148.8890827561004,True
vsrev,adept,125,6957.857142857143,2228.3901114675264,True
vsrev,adept,126,7427.0,2228.3901114675264,True
vsrev,adept,127,7428.857142857143,2338.680661242134,True
vsrev,adept,128,7713.428571428572,2338.680661242134,True
vsrev,adept,129,7714.142857142857,2365.4149656769105,True
vsrev,adept,130,7841.857142857143,2365.4149656769105,True
vsrev,adept,131,7843.857142857143,2463.22593961435,True
vsrev,adept,132,8454.42857142857,2463.22593961435,True
vsrev,adept,133,8458.0,2512.480695486006,True
vsrev,adept,134,8555.285714285714,2512.480695486006,True
vsrev,adept,135,8557.857142857143,2615.6893090342232,True
vsrev,adept,136,9025.0,2615.6893090342232,True
vsrev,adept,137,9028.666666666666,2647.0627227914615,True
vsrev,adept,138,9351.142857142857,2647.0627227914615,True
vsrev,adept,139,9352.0,2674.6267903653156,True
vsrev,adept,140,9458.5,2674.6267903653156,True
vsrev,adept,141,9460.833333333334,2699.4262478585892,True
vsrev,adept,142,9468.142857142857,2699.4262478585892,True
vsrev,adept,143,9468.42857142857,2745.082478915181,True
vsrev,adept,144,9507.42857142857,2745.082478915181,True
vsrev,adept,145,9509.333333333334,2799.316960014536,True
vsrev,adept,146,9631.57142857143,2799.316960014536,True
vsrev,adept,147,9632.142857142857,2879.721221756942,True
vsrev,adept,148,9758.42857142857,2879.721221756942,True
vsrev,adept,149,9760.714285714286,2912.7233326628448,True
vsrev,adept,150,10175.857142857143,2912.7233326628448,True
vsrev,adept,151,10176.285714285714,2959.629362826362,True
vsrev,adept,152,10504.714285714286,2959.629362826362,True
vsrev,adept,153,10505.714285714286,3040.3239350865565,True
vsrev,adept,154,10637.142857142857,3040.3239350865565,True
vsrev,adept,155,10642.57142857143,3075.0280257069194,True
vsrev,adept,156,10698.57142857143,3075.0280257069194,True
vsrev,adept,157,10698.857142857143,3088.2345103154485,True
vsrev,adept,158,10915.857142857143,3088.2345103154485,True
vsrev,adept,159,10917.0,3253.948985340319,True
vsrev,adept,160,11644.857142857143,3253.948985340319,True
vsrev,adept,161,11646.142857142857,3303.1112637603756,True
vsrev,adept,162,11661.0,3303.1112637603756,True
vsrev,adept,163,11662.142857142857,3370.3290769607056,True
vsrev,adept,164,12169.142857142857,3370.3290769607056,True
vsrev,adept,165,12170.142857142857,3435.535204420727,True
vsrev,adept,166,12801.42857142857,3435.535204420727,True
vsrev,adept,167,12808.25,3562.1664370268245,True
vsrev,adept,168,12874.0,3562.1664370268245,True
vsrev,adept,169,12876.857142857143,3582.426109127418,True
vsrev,adept,170,13202.166666666666,3582.426109127418,True
vsrev,adept,171,13202.42857142857,3638.5180979315887,True
vsrev,adept,172,13370.57142857143,3638.5180979315887,True
vsrev,adept,173,13372.42857142857,3672.5035338130474,True
vsrev,adept,174,13687.714285714286,3672.5035338130474,True
vsrev,adept,175,13688.0,3672.7720327220427,True
vsrev,adept,176,13758.714285714286,3672.7720327220427,True
vsrev,adept,177,13764.285714285714,3720.4555278525445,True
vsrev,adept,178,14680.42857142857,3720.4555278525445,True
vsrev,adept,179,14680.5,3799.905140344669,True
vsrev,adept,180,14682.0,3799.905140344669,True
vsrev,adept,181,14688.285714285714,3831.5786354006473,True
vsrev,adept,182,14723.857142857143,3831.5786354006473,True
vsrev,adept,183,14728.857142857143,4139.0735753695835,True
vsrev,adept,184,15279.0,4139.0735753695835,True
vsrev,adept,185,15290.142857142857,4153.868291331307,True
vsrev,adept,186,15378.833333333334,4153.868291331307,True
vsrev,adept,187,15384.4,4266.942283445443,True
vsrev,adept,188,16549.714285714286,4266.942283445443,True
vsrev,adept,189,16550.285714285714,4525.426055917569,True
vsrev,adept,190,17057.14285714286,4525.426055917569,True
vsrev,adept,191,17061.14285714286,4671.217974345536,True
vsrev,adept,192,17718.428571428572,4671.217974345536,False
vsrev,adept,193,17730.25,4801.445258968038,False
vsrev,adept,194,18957.285714285714,4801.445258968038,False
vsrev,adept,195,18976.428571428572,4890.922813077774,False
vsrev,adept,196,19132.0,4890.922813077774,False
vsrev,adept,197,19152.571428571428,4923.6328424539115,False
vsrev,adept,198,22205.571428571428,4923.6328424539115,False
vsrev,adept,199,22207.571428571428,5511.577503686141,False
vsrev,adept,200,24514.85714285714,5511.577503686141,False
vsrev,adept,201,24623.833333333332,6099.573176839789,False
vsrev,adept,202,24672.428571428572,6099.573176839789,False
vsrev,adept,203,24747.0,6186.1313806381195,False
vsrev,adept,204,27788.8,6186.1313806381195,False
vsrev,adept,205,28247.8,6407.868325586982,False
vsrev,adept,206,38310.28571428572,6407.868325586982,False
vsrev,oak,1,0.0,125.16944444444454,False
vsrev,oak,2,1.5,125.16944444444454,False
vsrev,oak,3,5.0,150.89375000000013,False
vsrev,oak,4,7.333333333333333,150.89375000000013,False
vsrev,oak,5,14.285714285714286,196.5928571428573,False
vsrev,oak,6,22.571428571428573,243.3050595238097,False
vsrev,oak,7,46.857142857142854,243.3050595238097,False
vsrev,oak,8,50.714285714285715,301.1178571428574,False
vsrev,oak,9,55.285714285714285,301.1178571428574,False
vsrev,oak,10,56.142857142857146,308.5428571428574,False
vsrev,oak,11,66.57142857142857,308.5428571428574,False
vsrev,oak,12,66.71428571428571,406.7482142857144,False
vsrev,oak,13,83.57142857142857,406.7482142857144,False
vsrev,oak,14,84.14285714285714,438.18809523809546,False
vsrev,oak,15,96.14285714285714,438.18809523809546,False
vsrev,oak,16,103.83333333333333,568.6500000000003,False
vsrev,oak,17,107.14285714285714,568.6500000000003,False
vsrev,oak,18,119.5,675.8885714285717,False
vsrev,oak,19,141.85714285714286,675.8885714285717,False
vsrev,oak,20,149.0,682.3428571428574,False
vsrev,oak,21,161.42857142857142,682.3428571428574,False
vsrev,oak,22,173.0,716.2271428571432,False
vsrev,oak,23,184.66666666666666,716.2271428571432,False
vsrev,oak,24,194.8,798.9292216117221,False
vsrev,oak,25,234.14285714285714,798.9292216117221,False
vsrev,oak,26,236.0,907.871428571429,False
vsrev,oak,27,237.0,949.4257142857148,False
vsrev,oak,28,257.14285714285717,949.4257142857148,False
vsrev,oak,29,265.7142857142857,949.7951417233566,False
vsrev,oak,30,344.0,949.7951417233566,False
vsrev,oak,31,345.8333333333333,1041.4208333333336,False
vsrev,oak,32,348.2857142857143,1041.4208333333336,False
vsrev,oak,33,354.0,1076.5450000000005,False
vsrev,oak,34,375.7142857142857,1076.5450000000005,False
vsrev,oak,35,380.14285714285717,1081.8583333333333,False
vsrev,oak,36,391.0,1081.8583333333333,False
vsrev,oak,37,393.0,1171.3452976190479,False
vsrev,oak,38,424.75,1171.3452976190479,False
vsrev,oak,39,426.0,1239.8071428571436,False
vsrev,oak,40,429.85714285714283,1327.9928571428577,False
vsrev,oak,41,431.57142857142856,1372.500793650794,False
vsrev,oak,42,462.42857142857144,1372.500793650794,False
vsrev,oak,43,465.42857142857144,1389.4353698979594,False
vsrev,oak,44,574.0,1389.4353698979594,False
vsrev,oak,45,576.5714285714286,1431.196428571429,False
vsrev,oak,46,578.2857142857143,1431.196428571429,False
vsrev,oak,47,583.0,1464.2571428571432,False
vsrev,oak,48,585.4285714285714,1464.2571428571432,False
vsrev,oak,49,588.5714285714286,1678.8809027777781,False
vsrev,oak,50,678.8571428571429,1678.8809027777781,False
vsrev,oak,51,680.5714285714286,1907.0321428571438,False
vsrev,oak,52,690.4285714285714,1907.0321428571438,False
vsrev,oak,53,694.0,1973.5382900432903,False
vsrev,oak,54,730.0,1973.5382900432903,False
vsrev,oak,55,735.8571428571429,1974.9094047619055,False
vsrev,oak,56,747.3333333333334,1974.9094047619055,False
vsrev,oak,57,747.7142857142857,2026.3189583333337,False
vsrev,oak,58,898.5714285714286,2026.3189583333337,False
vsrev,oak,59,900.8571428571429,2254.6545238095246,False
vsrev,oak,60,977.7142857142857,2254.6545238095246,False
vsrev,oak,61,981.4285714285714,2360.661428571429,False
vsrev,oak,62,987.5714285714286,2360.661428571429,False
vsrev,oak,63,989.1666666666666,2411.9175595238103,False
vsrev,oak,64,1120.6666666666667,2411.9175595238103,False
vsrev,oak,65,1124.142857142857,2447.0695238095245,False
vsrev,oak,66,1159.142857142857,2447.0695238095245,False
vsrev,oak,67,1160.7142857142858,2471.4785714285713,False
vsrev,oak,68,1161.2857142857142,2520.755423280424,False
vsrev,oak,69,1175.4285714285713,2520.755423280424,False
vsrev,oak,70,1175.7142857142858,2532.2764285714293,False
vsrev,oak,71,1264.5714285714287,2532.2764285714293,False
vsrev,oak,72,1264.7142857142858,2812.5714285714284,False
vsrev,oak,73,1296.142857142857,2812.5714285714284,False
vsrev,oak,74,1297.2857142857142,2887.5062641723366,False
vsrev,oak,75,1354.7142857142858,2887.5062641723366,False
vsrev,oak,76,1368.0,3090.352345741114,False
vsrev,oak,77,1584.7142857142858,3090.352345741114,True
vsrev,oak,78,1587.6666666666667,3187.586355311357,True
vsrev,oak,79,1626.5714285714287,3187.586355311357,True
vsrev,oak,80,1626.7142857142858,3265.60587912088,True
vsrev,oak,81,1774.7142857142858,3265.60587912088,True
vsrev,oak,82,1780.5,3475.8517559523816,True
vsrev,oak,83,1805.2857142857142,3475.8517559523816,True
vsrev,oak,84,1809.4285714285713,3487.835714285715,True
vsrev,oak,85,1818.2857142857142,3487.835714285715,True
vsrev,oak,86,1820.142857142857,3590.480000000001,True
vsrev,oak,87,1845.4285714285713,3590.480000000001,True
vsrev,oak,88,1854.2857142857142,3597.161261904763,True
vsrev,oak,89,1943.2857142857142,3597.161261904763,True
vsrev,oak,90,1947.2857142857142,3659.1080357142864,True
vsrev,oak,91,1958.5714285714287,3659.1080357142864,True
vsrev,oak,92,1964.5714285714287,3858.030714285715,True
vsrev,oak,93,1990.7142857142858,3858.030714285715,True
vsrev,oak,94,1992.0,3878.440702947847,True
vsrev,oak,95,2060.5714285714284,3878.440702947847,True
vsrev,oak,96,2066.4285714285716,4049.9073200442976,True
vsrev,oak,97,2179.5714285714284,4049.9073200442976,True
vsrev,oak,98,2193.5714285714284,4077.1040476190487,True
vsrev,oak,99,2227.285714285714,4077.1040476190487,True
vsrev,oak,100,2235.0,4091.2367724867727,True
vsrev,oak,101,2266.714285714286,4091.2367724867727,True
vsrev,oak,102,2267.8571428571427,4189.725793650794,True
vsrev,oak,103,2299.8571428571427,4189.725793650794,True
vsrev,oak,104,2305.4285714285716,4264.728761904763,True
vsrev,oak,105,2387.8571428571427,4264.728761904763,True
vsrev,oak,106,2389.6666666666665,4395.965191409898,True
vsrev,oak,107,2499.5714285714284,4395.965191409898,True
vsrev,oak,108,2503.4285714285716,4400.14884479718,True
vsrev,oak,109,2565.4285714285716,4400.14884479718,True
vsrev,oak,110,2567.285714285714,4673.369793956045,True
vsrev,oak,111,2705.1428571428573,4673.369793956045,True
vsrev,oak,112,2706.714285714286,4803.870699665833,True
vsrev,oak,113,2843.5,4803.870699665833,True
vsrev,oak,114,2843.5714285714284,4884.415929705217,True
vsrev,oak,115,2917.8333333333335,4884.415929705217,True
vsrev,oak,116,2920.5714285714284,5068.932233436854,True
vsrev,oak,117,3121.714285714286,5068.932233436854,True
vsrev,oak,118,3122.285714285714,5197.745714285716,True
vsrev,oak,119,3144.2,5197.745714285716,True
vsrev,oak,120,3146.2,5203.680714285716,True
vsrev,oak,121,3146.4285714285716,5203.680714285716,True
vsrev,oak,122,3148.4285714285716,5265.857142857145,True
vsrev,oak,123,3151.285714285714,5265.857142857145,True
vsrev,oak,124,3154.0,5327.885714285716,True
vsrev,oak,125,3154.5714285714284,5327.885714285716,True
vsrev,oak,126,3154.6666666666665,5337.791666666668,True
vsrev,oak,127,3155.5714285714284,5407.87142857143,True
vsrev,oak,128,3159.8571428571427,5493.488740079367,True
vsrev,oak,129,3203.714285714286,5493.488740079367,True
vsrev,oak,130,3206.1428571428573,5537.325238095238,True
vsrev,oak,131,3230.0,5537.325238095238,True
vsrev,oak,132,3233.4285714285716,5619.034027777779,True
vsrev,oak,133,3250.8571428571427,5619.034027777779,True
vsrev,oak,134,3254.5714285714284,5638.629658385095,True
vsrev,oak,135,3355.8571428571427,5638.629658385095,True
vsrev,oak,136,3359.4285714285716,5818.597544642859,True
vsrev,oak,137,3542.4285714285716,5818.597544642859,True
vsrev,oak,138,3542.5714285714284,5936.201785714287,True
vsrev,oak,139,3543.1666666666665,5936.201785714287,True
vsrev,oak,140,3544.1428571428573,5963.4285714285725,True
vsrev,oak,141,3544.4285714285716,5963.4285714285725,True
vsrev,oak,142,3544.8571428571427,5985.4664481615455,True
vsrev,oak,143,3729.8571428571427,5985.4664481615455,True
vsrev,oak,144,3731.0,6025.2995714285735,True
vsrev,oak,145,3754.1428571428573,6025.2995714285735,True
vsrev,oak,146,3755.285714285714,6077.354189765459,True
vsrev,oak,147,3875.5,6077.354189765459,True
vsrev,oak,148,3875.714285714286,6165.501817042607,True
vsrev,oak,149,3905.5714285714284,6165.501817042607,True
vsrev,oak,150,3905.8571428571427,6309.289251984128,True
vsrev,oak,151,4018.714285714286,6309.289251984128,True
vsrev,oak,152,4020.0,6398.690250965252,True
vsrev,oak,153,4102.166666666667,6398.690250965252,True
vsrev,oak,154,4102.857142857143,6448.515000000003,True
vsrev,oak,155,4105.857142857143,6448.515000000003,True
vsrev,oak,156,4108.142857142857,6602.41626984127,True
vsrev,oak,157,4111.333333333333,6602.41626984127,True
vsrev,oak,158,4113.285714285715,6614.250000000003,True
vsrev,oak,159,4115.142857142857,6614.250000000003,True
vsrev,oak,160,4118.0,6654.894167675544,True
vsrev,oak,161,4302.0,6654.894167675544,True
vsrev,oak,162,4303.0,6833.830713032583,True
vsrev,oak,163,4475.857142857143,6833.830713032583,True
vsrev,oak,164,4476.285714285715,6850.792857142862,True
vsrev,oak,165,4476.428571428572,6889.8876984127,True
vsrev,oak,166,4577.166666666667,6889.8876984127,True
vsrev,oak,167,4578.571428571428,6945.435699404763,True
vsrev,oak,168,4601.714285714285,6945.435699404763,True
vsrev,oak,169,4604.857142857143,7101.508914565828,True
vsrev,oak,170,4664.428571428572,7101.508914565828,True
vsrev,oak,171,4664.571428571428,7442.859648580588,True
vsrev,oak,172,4839.714285714285,7442.859648580588,True
vsrev,oak,173,4843.0,7564.496272578,True
vsrev,oak,174,4932.857142857143,7564.496272578,True
vsrev,oak,175,4934.0,7602.671952380953,True
vsrev,oak,176,4962.428571428572,7602.671952380953,True
vsrev,oak,177,4963.166666666667,7660.170642857143,True
vsrev,oak,178,5040.571428571428,7660.170642857143,True
vsrev,oak,179,5043.142857142857,7679.560019841271,True
vsrev,oak,180,5047.142857142857,7679.560019841271,True
vsrev,oak,181,5048.0,7780.078325343562,True
vsrev,oak,182,5296.0,7780.078325343562,True
vsrev,oak,183,5296.571428571428,7966.8910836201985,True
vsrev,oak,184,5551.333333333333,7966.8910836201985,True
vsrev,oak,185,5553.285714285715,8165.656339285717,True
vsrev,oak,186,5647.142857142857,8165.656339285717,True
vsrev,oak,187,5648.285714285715,8168.918628117915,True
vsrev,oak,188,5676.285714285715,8168.918628117915,True
vsrev,oak,189,5676.428571428572,8255.987248035137,True
vsrev,oak,190,5842.142857142857,8255.987248035137,True
vsrev,oak,191,5843.4,8309.97,True
vsrev,oak,192,5844.571428571428,8369.814087301587,True
vsrev,oak,193,5856.428571428572,8369.814087301587,True
vsrev,oak,194,5857.0,8498.336190476191,True
vsrev,oak,195,5888.571428571428,8498.336190476191,True
vsrev,oak,196,5889.714285714285,8516.389619047619,True
vsrev,oak,197,5925.0,8516.389619047619,True
vsrev,oak,198,5925.428571428572,8520.85097505669,True
vsrev,oak,199,5953.857142857143,8520.85097505669,True
vsrev,oak,200,5957.714285714285,8570.916437728936,True
vsrev,oak,201,5973.857142857143,8570.916437728936,True
vsrev,oak,202,5975.833333333333,8840.391354166668,True
vsrev,oak,203,5986.285714285715,8840.391354166668,True
vsrev,oak,204,5987.714285714285,8887.145922260472,True
vsrev,oak,205,6224.428571428572,8887.145922260472,True
vsrev,oak,206,6225.428571428572,8909.752976190477,True
vsrev,oak,207,6235.0,8909.752976190477,True
vsrev,oak,208,6239.428571428572,9052.810050829321,True
vsrev,oak,209,6346.142857142857,9052.810050829321,True
vsrev,oak,210,6347.0,9127.825500541128,True
vsrev,oak,211,6392.857142857143,9127.825500541128,True
vsrev,oak,212,6393.25,9150.525000000007,True
vsrev,oak,213,6394.0,9157.09492481203,True
vsrev,oak,214,6459.285714285715,9157.09492481203,True
vsrev,oak,215,6459.5,9261.205357142855,True
vsrev,oak,216,6461.285714285715,9261.205357142855,True
vsrev,oak,217,6463.857142857143,9311.88973214286,True
vsrev,oak,218,6467.0,9311.88973214286,True
vsrev,oak,219,6467.142857142857,9356.90754338176,True
vsrev,oak,220,6631.166666666667,9356.90754338176,True
vsrev,oak,221,6631.285714285715,9441.576125541127,True
vsrev,oak,222,6650.571428571428,9441.576125541127,True
vsrev,oak,223,6651.285714285715,9547.45888888889,True
vsrev,oak,224,6734.833333333333,9547.45888888889,True
vsrev,oak,225,6734.857142857143,9635.61361003861,True
vsrev,oak,226,6791.285714285715,9635.61361003861,True
vsrev,oak,227,6792.142857142857,9678.265306224901,True
vsrev,oak,228,7000.166666666667,9678.265306224901,True
vsrev,oak,229,7001.142857142857,9770.857279761905,True
vsrev,oak,230,7063.285714285715,9770.857279761905,True
vsrev,oak,231,7064.142857142857,10012.225116514692,True
vsrev,oak,232,7124.6,10012.225116514692,True
vsrev,oak,233,7125.0,10095.071426553675,True
vsrev,oak,234,7218.5,10095.071426553675,True
vsrev,oak,235,7220.0,10145.018026556778,True
vsrev,oak,236,7282.333333333333,10145.018026556778,True
vsrev,oak,237,7284.714285714285,10248.166086142322,True
vsrev,oak,238,7403.428571428572,10248.166086142322,True
vsrev,oak,239,7404.857142857143,10478.846091613119,True
vsrev,oak,240,7765.666666666667,10478.846091613119,True
vsrev,oak,241,7766.428571428572,10572.381244384547,True
vsrev,oak,242,7838.0,10572.381244384547,True
vsrev,oak,243,7841.428571428572,10580.796153846157,True
vsrev,oak,244,7860.833333333333,10580.796153846157,True
vsrev,oak,245,7865.857142857143,10844.409133333336,True
vsrev,oak,246,7931.0,10844.409133333336,True
vsrev,oak,247,7931.428571428572,11068.189415900864,True
vsrev,oak,248,8381.714285714286,11068.189415900864,True
vsrev,oak,249,8382.57142857143,11222.883333333335,True
vsrev,oak,250,8406.42857142857,11222.883333333335,True
vsrev,oak,251,8407.714285714286,11293.39792517007,True
vsrev,oak,252,8428.666666666666,11293.39792517007,True
vsrev,oak,253,8429.0,11353.166850064348,True
vsrev,oak,254,8576.75,11353.166850064348,True
vsrev,oak,255,8577.57142857143,11490.432034344709,True
vsrev,oak,256,8708.142857142857,11490.432034344709,True
vsrev,oak,257,8709.42857142857,11750.603192161821,True
vsrev,oak,258,8854.0,11750.603192161821,True
vsrev,oak,259,8855.142857142857,11936.203645833335,True
vsrev,oak,260,8929.0,11936.203645833335,True
vsrev,oak,261,8933.0,11943.077216553293,True
vsrev,oak,262,9117.142857142857,11943.077216553293,True
vsrev,oak,263,9117.857142857143,12059.943353858787,True
vsrev,oak,264,9192.0,12059.943353858787,True
vsrev,oak,265,9192.142857142857,12084.146216216219,True
vsrev,oak,266,9252.42857142857,12084.146216216219,True
vsrev,oak,267,9253.57142857143,12145.050616246497,True
vsrev,oak,268,9285.142857142857,12145.050616246497,True
vsrev,oak,269,9287.0,12365.092857142858,True
vsrev,oak,270,9287.5,12365.092857142858,True
vsrev,oak,271,9287.57142857143,12402.249925135004,True
vsrev,oak,272,9733.0,12402.249925135004,True
vsrev,oak,273,9734.142857142857,12469.073586309525,True
vsrev,oak,274,9761.0,12469.073586309525,True
vsrev,oak,275,9762.285714285714,12830.931373152709,True
vsrev,oak,276,9832.333333333334,12830.931373152709,True
vsrev,oak,277,9834.142857142857,12888.643873626375,True
vsrev,oak,278,9997.857142857143,12888.643873626375,True
vsrev,oak,279,9998.57142857143,13093.93195707071,True
vsrev,oak,280,10093.42857142857,13093.93195707071,True
vsrev,oak,281,10097.285714285714,13190.349900793655,True
vsrev,oak,282,10212.857142857143,13190.349900793655,True
vsrev,oak,283,10213.57142857143,13289.482738095243,True
vsrev,oak,284,10213.666666666666,13289.482738095243,True
vsrev,oak,285,10215.42857142857,13294.955274356877,True
vsrev,oak,286,10504.714285714286,13294.955274356877,True
vsrev,oak,287,10505.714285714286,13732.999624060152,True
vsrev,oak,288,10572.285714285714,13732.999624060152,True
vsrev,oak,289,10573.0,13765.454917091834,True
vsrev,oak,290,10774.42857142857,13765.454917091834,True
vsrev,oak,291,10776.285714285714,13830.814285714288,True
vsrev,oak,292,10779.142857142857,13830.814285714288,True
vsrev,oak,293,10781.0,13995.334104128993,True
vsrev,oak,294,11043.57142857143,13995.334104128993,True
vsrev,oak,295,11043.714285714286,14128.588622448982,True
vsrev,oak,296,11075.5,14128.588622448982,True
vsrev,oak,297,11077.142857142857,14420.59088180549,True
vsrev,oak,298,11646.142857142857,14420.59088180549,True
vsrev,oak,299,11647.142857142857,14660.609957983193,True
vsrev,oak,300,11777.0,14660.609957983193,True
vsrev,oak,301,11777.666666666666,14840.698549107148,True
vsrev,oak,302,11854.166666666666,14840.698549107148,True
vsrev,oak,303,11854.285714285714,14887.73928571429,True
vsrev,oak,304,11862.142857142857,14887.73928571429,True
vsrev,oak,305,11863.0,14927.936708890453,True
vsrev,oak,306,12312.5,14927.936708890453,True
vsrev,oak,307,12324.285714285714,15072.467692640696,True
vsrev,oak,308,12457.666666666666,15072.467692640696,True
vsrev,oak,309,12462.42857142857,15077.27857142857,True
vsrev,oak,310,12470.42857142857,15298.34942857143,True
vsrev,oak,311,12489.857142857143,15298.34942857143,True
vsrev,oak,312,12491.75,15525.201920995674,True
vsrev,oak,313,12534.42857142857,15525.201920995674,True
vsrev,oak,314,12541.666666666666,15773.971270177566,True
vsrev,oak,315,12870.6,15773.971270177566,True
vsrev,oak,316,12874.0,15879.662582539686,True
vsrev,oak,317,13083.0,15879.662582539686,True
vsrev,oak,318,13087.42857142857,15953.489965986397,True
vsrev,oak,319,13105.285714285714,15953.489965986397,True
vsrev,oak,320,13105.714285714286,16170.431759259263,True
vsrev,oak,321,13404.285714285714,16170.431759259263,True
vsrev,oak,322,13406.714285714286,16260.90714285715,True
vsrev,oak,323,13417.57142857143,16502.653659003834,True
vsrev,oak,324,13971.142857142857,16502.653659003834,True
vsrev,oak,325,13973.57142857143,16830.528858024692,True
vsrev,oak,326,14044.42857142857,16830.528858024692,True
vsrev,oak,327,14050.57142857143,17202.39285714287,True
vsrev,oak,328,14052.285714285714,17202.39285714287,True
vsrev,oak,329,14059.42857142857,17220.51806096681,True
vsrev,oak,330,14279.57142857143,17220.51806096681,True
vsrev,oak,331,14288.0,17259.339157014165,True
vsrev,oak,332,14421.285714285714,17259.339157014165,True
vsrev,oak,333,14433.714285714286,17479.98247619047,True
vsrev,oak,334,14467.333333333334,17479.98247619047,True
vsrev,oak,335,14471.714285714286,17491.48669848112,True
vsrev,oak,336,14860.42857142857,17491.48669848112,True
vsrev,oak,337,14861.2,17645.57935592186,True
vsrev,oak,338,15005.4,17645.57935592186,True
vsrev,oak,339,15009.166666666666,17979.091666666664,True
vsrev,oak,340,15022.42857142857,18127.324126984124,True
vsrev,oak,341,15116.714285714286,18127.324126984124,True
vsrev,oak,342,15118.285714285714,18147.14201863354,True
vsrev,oak,343,15232.5,18147.14201863354,True
vsrev,oak,344,15236.714285714286,18269.458511904762,True
vsrev,oak,345,15712.42857142857,18269.458511904762,True
vsrev,oak,346,15720.57142857143,18545.417857142864,True
vsrev,oak,347,15726.285714285714,18545.417857142864,True
vsrev,oak,348,15745.142857142857,18546.95,True
vsrev,oak,349,15748.0,18747.456190476194,True
vsrev,oak,350,16059.57142857143,18747.456190476194,True
vsrev,oak,351,16072.0,18833.109353354983,True
vsrev,oak,352,16341.285714285714,18833.109353354983,True
vsrev,oak,353,16348.57142857143,19078.88141472869,True
vsrev,oak,354,16581.14285714286,19078.88141472869,True
vsrev,oak,355,16588.5,19241.631972789117,True
vsrev,oak,356,16726.571428571428,19241.631972789117,True
vsrev,oak,357,16741.85714285714,19603.32142857143,True
vsrev,oak,358,16743.428571428572,19807.440401533495,True
vsrev,oak,359,17061.14285714286,19807.440401533495,True
vsrev,oak,360,17066.8,20084.771804915516,True
vsrev,oak,361,17286.571428571428,20084.771804915516,True
vsrev,oak,362,17304.166666666668,20534.859267857148,True
vsrev,oak,363,17579.0,20534.859267857148,False
vsrev,oak,364,17585.428571428572,20577.980654761905,False
vsrev,oak,365,17687.333333333332,20577.980654761905,False
vsrev,oak,366,17698.0,20913.040476190472,False
vsrev,oak,367,17736.14285714286,20913.040476190472,False
vsrev,oak,368,17741.85714285714,20919.46636699508,False
vsrev,oak,369,18547.571428571428,20919.46636699508,False
vsrev,oak,370,18561.714285714286,21152.101845238096,False
vsrev,oak,371,18761.428571428572,21152.101845238096,False
vsrev,oak,372,18762.714285714286,21241.345529100527,False
vsrev,oak,373,18976.428571428572,21241.345529100527,False
vsrev,oak,374,18976.714285714286,21596.330937500003,False
vsrev,oak,375,19370.14285714286,21596.330937500003,False
vsrev,oak,376,19380.0,21999.06884920635,False
vsrev,oak,377,19608.571428571428,21999.06884920635,False
vsrev,oak,378,19609.428571428572,22219.359077380952,False
vsrev,oak,379,19702.0,22219.359077380952,False
vsrev,oak,380,19706.714285714286,22274.68833333333,False
vsrev,oak,381,19806.428571428572,22274.68833333333,False
vsrev,oak,382,19857.5,22390.699858276646,False
vsrev,oak,383,20071.285714285714,22390.699858276646,False
vsrev,oak,384,20082.428571428572,22524.385714285716,False
vsrev,oak,385,20086.714285714286,22586.20920238096,False
vsrev,oak,386,20426.85714285714,22586.20920238096,False
vsrev,oak,387,20427.8,23248.630773809535,False
vsrev,oak,388,20505.14285714286,23248.630773809535,False
vsrev,oak,389,20517.571428571428,23493.845714285715,False
vsrev,oak,390,20866.85714285714,23493.845714285715,False
vsrev,oak,391,20884.2,23814.529628684806,False
vsrev,oak,392,21875.85714285714,23814.529628684806,False
vsrev,oak,393,21879.714285714286,23863.713214285715,False
vsrev,oak,394,22205.571428571428,23863.713214285715,False
vsrev,oak,395,22207.571428571428,23974.73571428571,False
vsrev,oak,396,22222.714285714286,25098.88196428572,False
vsrev,oak,397,22493.0,25098.88196428572,False
vsrev,oak,398,22584.0,25191.31734693877,False
vsrev,oak,399,22808.0,25191.31734693877,False
vsrev,oak,400,22863.333333333332,25203.2262585034,False
vsrev,oak,401,23330.571428571428,25203.2262585034,False
vsrev,oak,402,23364.0,25509.88169642857,False
vsrev,oak,403,23481.428571428572,25509.88169642857,False
vsrev,oak,404,23601.85714285714,25804.704034391536,False
vsrev,oak,405,24156.14285714286,25804.704034391536,False
vsrev,oak,406,24188.714285714286,26080.025,False
vsrev,oak,407,24292.0,26080.025,False
vsrev,oak,408,24307.833333333332,26541.914495798323,False
vsrev,oak,409,25305.714285714286,26541.914495798323,False
vsrev,oak,410,25392.428571428572,27223.66642857143,False
vsrev,oak,411,26204.6,27223.66642857143,False
vsrev,oak,412,26266.571428571428,27762.089867724873,False
vsrev,oak,413,27532.428571428572,27762.089867724873,False
vsrev,oak,414,27661.8,28742.717619047624,False
vsrev,oak,415,30080.285714285714,28742.717619047624,False
vsrev,oak,416,30229.833333333332,31615.435317460306,False
vsrev,oak,417,30786.285714285714,31615.435317460306,False
vsrev,oak,418,30833.25,32437.359449404765,False
vsrev,oak,419,34930.333333333336,32437.359449404765,False
vsrev,oak,420,35111.142857142855,33159.22857142857,False
vsrev,oak,421,35803.0,37045.13571428571,False
vsrev,oak,422,38310.28571428572,37045.13571428571,False
vsrev,scrf,1,0.0,43.35714285714286,False
vsrev,scrf,2,1.5,61.766666666666666,False
vsrev,scrf,3,51.857142857142854,61.766666666666666,False
vsrev,scrf,4,53.142857142857146,70.28571428571428,False
vsrev,scrf,5,57.285714285714285,70.28571428571428,False
vsrev,scrf,6,66.57142857142857,263.8350340136054,False
vsrev,scrf,7,119.5,263.8350340136054,False
vsrev,scrf,8,128.0,366.56666666666666,False
vsrev,scrf,9,184.57142857142858,366.56666666666666,False
vsrev,scrf,10,184.66666666666666,570.55,False
vsrev,scrf,11,194.8,570.55,False
vsrev,scrf,12,197.66666666666666,582.7789115646258,False
vsrev,scrf,13,215.6,582.7789115646258,False
vsrev,scrf,14,220.42857142857142,613.5953933747412,False
vsrev,scrf,15,391.0,613.5953933747412,False
vsrev,scrf,16,393.0,820.1333333333333,False
vsrev,scrf,17,398.42857142857144,820.1333333333333,False
vsrev,scrf,18,412.0,873.4126984126984,False
vsrev,scrf,19,414.42857142857144,873.4126984126984,False
vsrev,scrf,20,421.85714285714283,1133.5157738095236,False
vsrev,scrf,21,588.5714285714286,1133.5157738095236,False
vsrev,scrf,22,593.0,1197.7142857142858,False
vsrev,scrf,23,594.8333333333334,1317.5,False
vsrev,scrf,24,597.8571428571429,1450.0218253968253,False
vsrev,scrf,25,644.7142857142857,1450.0218253968253,False
vsrev,scrf,26,654.0,1471.376984126984,False
vsrev,scrf,27,694.0,1471.376984126984,False
vsrev,scrf,28,695.8571428571429,1572.5714285714287,False
vsrev,scrf,29,696.4285714285714,1644.4382653061225,False
vsrev,scrf,30,747.3333333333334,1644.4382653061225,False
vsrev,scrf,31,747.7142857142857,1704.0,False
vsrev,scrf,32,765.0,1704.0,False
vsrev,scrf,33,771.0,1745.6217338217334,False
vsrev,scrf,34,905.7142857142857,1745.6217338217334,False
vsrev,scrf,35,932.3333333333334,1800.2952380952381,False
vsrev,scrf,36,965.0,1800.2952380952381,False
vsrev,scrf,37,968.1428571428571,1892.0163690476193,False
vsrev,scrf,38,1005.4285714285714,1892.0163690476193,False
vsrev,scrf,39,1006.8571428571429,2024.1613756613754,False
vsrev,scrf,40,1045.2857142857142,2024.1613756613754,False
vsrev,scrf,41,1047.0,2291.3376220053237,False
vsrev,scrf,42,1575.142857142857,2291.3376220053237,False
vsrev,scrf,43,1578.5714285714287,2637.227992277993,False
vsrev,scrf,44,1790.2,2637.227992277993,True
vsrev,scrf,45,1792.4285714285713,2697.3214285714284,True
vsrev,scrf,46,1805.2857142857142,2697.3214285714284,True
vsrev,scrf,47,1809.4285714285713,2777.511904761905,True
vsrev,scrf,48,1841.5714285714287,2777.511904761905,True
vsrev,scrf,49,1843.75,2990.4814589665652,True
vsrev,scrf,50,1955.1666666666667,2990.4814589665652,True
vsrev,scrf,51,1957.5714285714287,3132.047619047619,True
vsrev,scrf,52,1968.4285714285713,3132.047619047619,True
vsrev,scrf,53,1974.0,3444.6578825705037,True
vsrev,scrf,54,2262.4285714285716,3444.6578825705037,True
vsrev,scrf,55,2264.1428571428573,3625.9852182539685,True
vsrev,scrf,56,2378.5714285714284,3625.9852182539685,True
vsrev,scrf,57,2380.1428571428573,3737.808270676692,True
vsrev,scrf,58,2429.1428571428573,3737.808270676692,True
vsrev,scrf,59,2436.8571428571427,3988.0315536315534,True
vsrev,scrf,60,2658.1428571428573,3988.0315536315534,True
vsrev,scrf,61,2665.5714285714284,4188.638528138529,True
vsrev,scrf,62,2686.285714285714,4188.638528138529,True
vsrev,scrf,63,2688.4285714285716,4289.7184265010355,True
vsrev,scrf,64,2751.714285714286,4289.7184265010355,True
vsrev,scrf,65,2751.8333333333335,4376.16726844584,True
vsrev,scrf,66,2942.4285714285716,4376.16726844584,True
vsrev,scrf,67,2945.0,4513.864109347443,True
vsrev,scrf,68,3121.2,4513.864109347443,True
vsrev,scrf,69,3121.714285714286,4627.374149659864,True
vsrev,scrf,70,3135.5,4627.374149659864,True
vsrev,scrf,71,3136.5714285714284,4807.558095238096,True
vsrev,scrf,72,3203.5714285714284,4807.558095238096,True
vsrev,scrf,73,3203.714285714286,4974.80586080586,True
vsrev,scrf,74,3262.1428571428573,4974.80586080586,True
vsrev,scrf,75,3270.1428571428573,5290.90847029077,True
vsrev,scrf,76,3496.285714285714,5290.90847029077,True
vsrev,scrf,77,3498.1428571428573,5319.832956152758,True
vsrev,scrf,78,3729.8571428571427,5319.832956152758,True
vsrev,scrf,79,3731.0,5548.974705327676,True
vsrev,scrf,80,3905.5714285714284,5548.974705327676,True
vsrev,scrf,81,3905.8571428571427,5837.613865546219,True
vsrev,scrf,82,3973.4285714285716,5837.613865546219,True
vsrev,scrf,83,3974.0,5868.916739926739,True
vsrev,scrf,84,4103.0,5868.916739926739,True
vsrev,scrf,85,4104.6,6068.463541666667,True
vsrev,scrf,86,4304.285714285715,6068.463541666667,True
vsrev,scrf,87,4306.0,6209.046616541353,True
vsrev,scrf,88,4476.428571428572,6209.046616541353,True
vsrev,scrf,89,4477.428571428572,6214.140646258503,True
vsrev,scrf,90,4575.428571428572,6214.140646258503,True
vsrev,scrf,91,4576.428571428572,6683.491765873016,True
vsrev,scrf,92,4693.833333333333,6683.491765873016,True
vsrev,scrf,93,4694.571428571428,6791.578117913833,True
vsrev,scrf,94,4771.142857142857,6791.578117913833,True
vsrev,scrf,95,4771.5,6940.500830564783,True
vsrev,scrf,96,4839.714285714285,6940.500830564783,True
vsrev,scrf,97,4843.0,6965.481724581725,True
vsrev,scrf,98,4898.714285714285,6965.481724581725,True
vsrev,scrf,99,4899.714285714285,7194.907453416149,True
vsrev,scrf,100,4962.428571428572,7194.907453416149,True
vsrev,scrf,101,4963.166666666667,7243.731762917934,True
vsrev,scrf,102,5266.428571428572,7243.731762917934,True
vsrev,scrf,103,5267.666666666667,7355.29131652661,True
vsrev,scrf,104,5296.0,7355.29131652661,True
vsrev,scrf,105,5296.571428571428,7466.176794598437,True
vsrev,scrf,106,5400.714285714285,7466.176794598437,True
vsrev,scrf,107,5401.428571428572,7763.6093639575965,True
vsrev,scrf,108,5842.142857142857,7763.6093639575965,True
vsrev,scrf,109,5843.4,7966.2,True
vsrev,scrf,110,5844.571428571428,8228.501432785504,True
vsrev,scrf,111,5996.0,8228.501432785504,True
vsrev,scrf,112,5996.714285714285,8390.225730635599,True
vsrev,scrf,113,6316.571428571428,8390.225730635599,True
vsrev,scrf,114,6319.333333333333,8543.760204081633,True
vsrev,scrf,115,6324.142857142857,8543.760204081633,True
vsrev,scrf,116,6324.571428571428,8933.5371917517,True
vsrev,scrf,117,6624.0,8933.5371917517,True
vsrev,scrf,118,6624.571428571428,9197.383238851095,True
vsrev,scrf,119,6792.142857142857,9197.383238851095,True
vsrev,scrf,120,6792.571428571428,9224.85426065163,True
vsrev,scrf,121,6819.428571428572,9224.85426065163,True
vsrev,scrf,122,6820.666666666667,9450.158374384235,True
vsrev,scrf,123,7089.857142857143,9450.158374384235,True
vsrev,scrf,124,7090.142857142857,9686.657306684143,True
vsrev,scrf,125,7389.428571428572,9686.657306684143,True
vsrev,scrf,126,7391.714285714285,9729.567032967032,True
vsrev,scrf,127,7404.857142857143,9729.567032967032,True
vsrev,scrf,128,7406.857142857143,10051.843995252062,True
vsrev,scrf,129,7838.0,10051.843995252062,True
vsrev,scrf,130,7841.428571428572,10512.464285714286,True
vsrev,scrf,131,7857.857142857143,10512.464285714286,True
vsrev,scrf,132,7860.833333333333,10541.187215320911,True
vsrev,scrf,133,7996.285714285715,10541.187215320911,True
vsrev,scrf,134,7997.714285714285,10548.857054673721,True
vsrev,scrf,135,8092.428571428572,10548.857054673721,True
vsrev,scrf,136,8093.142857142857,10602.770442176872,True
vsrev,scrf,137,8248.857142857143,10602.770442176872,True
vsrev,scrf,138,8249.857142857143,10662.0,True
vsrev,scrf,139,8262.42857142857,10662.0,True
vsrev,scrf,140,8262.5,10675.972945326279,True
vsrev,scrf,141,8428.4,10675.972945326279,True
vsrev,scrf,142,8428.666666666666,10936.138233812044,True
vsrev,scrf,143,8667.0,10936.138233812044,True
vsrev,scrf,144,8667.714285714286,11389.96607142857,True
vsrev,scrf,145,8739.285714285714,11389.96607142857,True
vsrev,scrf,146,8742.42857142857,11417.240327380954,True
vsrev,scrf,147,8761.42857142857,11417.240327380954,True
vsrev,scrf,148,8762.42857142857,11451.284429327288,True
vsrev,scrf,149,9108.142857142857,11451.284429327288,True
vsrev,scrf,150,9109.857142857143,11545.145810729353,True
vsrev,scrf,151,9226.857142857143,11545.145810729353,True
vsrev,scrf,152,9230.0,11613.857142857141,True
vsrev,scrf,153,9235.57142857143,11613.857142857141,True
vsrev,scrf,154,9238.0,11663.737535014005,True
vsrev,scrf,155,9285.142857142857,11663.737535014005,True
vsrev,scrf,156,9287.0,11979.465697278913,True
vsrev,scrf,157,9484.57142857143,11979.465697278913,True
vsrev,scrf,158,9487.285714285714,12026.384963151926,True
vsrev,scrf,159,9758.42857142857,12026.384963151926,True
vsrev,scrf,160,9760.714285714286,12035.0,True
vsrev,scrf,161,9764.714285714286,12035.0,True
vsrev,scrf,162,9765.285714285714,12361.625,True
vsrev,scrf,163,9778.857142857143,12361.625,True
vsrev,scrf,164,9779.57142857143,12435.310220673638,True
vsrev,scrf,165,9997.42857142857,12435.310220673638,True
vsrev,scrf,166,9997.857142857143,12983.122496738422,True
vsrev,scrf,167,10476.285714285714,12983.122496738422,True
vsrev,scrf,168,10477.75,13485.180692640692,True
vsrev,scrf,169,10572.285714285714,13485.180692640692,True
vsrev,scrf,170,10573.0,13752.019238945582,True
vsrev,scrf,171,10774.42857142857,13752.019238945582,True
vsrev,scrf,172,10776.285714285714,13861.302209042462,True
vsrev,scrf,173,11268.166666666666,13861.302209042462,True
vsrev,scrf,174,11268.666666666666,14008.892857142857,True
vsrev,scrf,175,11276.857142857143,14008.892857142857,True
vsrev,scrf,176,11281.57142857143,14115.027605386418,True
vsrev,scrf,177,11719.142857142857,14115.027605386418,True
vsrev,scrf,178,11719.857142857143,14354.371031746034,True
vsrev,scrf,179,11777.0,14354.371031746034,True
vsrev,scrf,180,11777.666666666666,14604.892339544513,True
vsrev,scrf,181,11834.5,14604.892339544513,True
vsrev,scrf,182,11838.285714285714,14805.714285714286,True
vsrev,scrf,183,11842.0,14914.238571428574,True
vsrev,scrf,184,11986.0,14914.238571428574,True
vsrev,scrf,185,11988.142857142857,14917.375170068028,True
vsrev,scrf,186,12048.714285714286,14917.375170068028,True
vsrev,scrf,187,12049.75,14968.543266978926,True
vsrev,scrf,188,12312.5,14968.543266978926,True
vsrev,scrf,189,12324.285714285714,15694.154208194906,True
vsrev,scrf,190,12531.285714285714,15694.154208194906,True
vsrev,scrf,191,12532.0,16090.865670289855,True
vsrev,scrf,192,13051.42857142857,16090.865670289855,True
vsrev,scrf,193,13051.857142857143,16304.492731829574,True
vsrev,scrf,194,13402.0,16304.492731829574,True
vsrev,scrf,195,13402.166666666666,16754.44922779923,True
vsrev,scrf,196,13728.4,16754.44922779923,True
vsrev,scrf,197,13735.57142857143,16971.874060150378,True
vsrev,scrf,198,13870.0,16971.874060150378,True
vsrev,scrf,199,13876.285714285714,16973.14285714286,True
vsrev,scrf,200,13888.142857142857,16973.14285714286,True
vsrev,scrf,201,13890.333333333334,17205.38095238095,True
vsrev,scrf,202,13971.142857142857,17205.38095238095,True
vsrev,scrf,203,13973.57142857143,17254.935359675786,True
vsrev,scrf,204,14273.285714285714,17254.935359675786,True
vsrev,scrf,205,14279.57142857143,17565.394787644793,True
vsrev,scrf,206,14415.0,17565.394787644793,True
vsrev,scrf,207,14421.285714285714,17687.45873015873,True
vsrev,scrf,208,14467.333333333334,17687.45873015873,True
vsrev,scrf,209,14471.714285714286,18138.792977392975,True
vsrev,scrf,210,14811.0,18138.792977392975,True
vsrev,scrf,211,14811.42857142857,18243.962316017314,True
vsrev,scrf,212,15232.5,18243.962316017314,True
vsrev,scrf,213,15236.714285714286,18453.113095238095,True
vsrev,scrf,214,15275.285714285714,18453.113095238095,True
vsrev,scrf,215,15278.714285714286,18592.419696969697,True
vsrev,scrf,216,15384.4,18592.419696969697,True
vsrev,scrf,217,15385.57142857143,18610.06390977444,True
vsrev,scrf,218,15471.0,18610.06390977444,True
vsrev,scrf,219,15479.285714285714,19077.118744588744,True
vsrev,scrf,220,15720.57142857143,19077.118744588744,True
vsrev,scrf,221,15726.285714285714,19135.554479418883,True
vsrev,scrf,222,16059.57142857143,19135.554479418883,True
vsrev,scrf,223,16072.0,19334.03678571429,True
vsrev,scrf,224,16176.57142857143,19334.03678571429,True
vsrev,scrf,225,16182.42857142857,19669.116233766235,True
vsrev,scrf,226,16331.0,19669.116233766235,True
vsrev,scrf,227,16340.0,19859.484380952385,True
vsrev,scrf,228,16509.0,19859.484380952385,True
vsrev,scrf,229,16513.285714285714,19925.067919799498,True
vsrev,scrf,230,16918.85714285714,19925.067919799498,True
vsrev,scrf,231,16920.714285714286,20195.75830429733,True
vsrev,scrf,232,17208.14285714286,20195.75830429733,True
vsrev,scrf,233,17218.428571428572,20637.285714285714,True
vsrev,scrf,234,17219.428571428572,20919.59054834055,True
vsrev,scrf,235,17687.333333333332,20919.59054834055,False
vsrev,scrf,236,17698.0,20978.89880952381,False
vsrev,scrf,237,17736.14285714286,20978.89880952381,False
vsrev,scrf,238,17741.85714285714,21502.649206349208,False
vsrev,scrf,239,17920.714285714286,21502.649206349208,False
vsrev,scrf,240,17931.0,21741.341478696744,False
vsrev,scrf,241,18059.0,21741.341478696744,False
vsrev,scrf,242,18065.428571428572,21790.200156985873,False
vsrev,scrf,243,18976.428571428572,21790.200156985873,False
vsrev,scrf,244,18976.714285714286,22733.33836734694,False
vsrev,scrf,245,19450.14285714286,22733.33836734694,False
vsrev,scrf,246,19454.666666666668,23859.84884672619,False
vsrev,scrf,247,20426.85714285714,23859.84884672619,False
vsrev,scrf,248,20427.8,24296.964285714286,False
vsrev,scrf,249,20643.571428571428,24296.964285714286,False
vsrev,scrf,250,20657.714285714286,25221.551428571423,False
vsrev,scrf,251,21055.666666666668,25221.551428571423,False
vsrev,scrf,252,21061.75,25506.27333333333,False
vsrev,scrf,253,21555.0,25506.27333333333,False
vsrev,scrf,254,21589.285714285714,26479.490828924165,False
vsrev,scrf,255,22584.0,26479.490828924165,False
vsrev,scrf,256,22643.4,27078.2,False
vsrev,scrf,257,22727.571428571428,27447.61904761905,False
vsrev,scrf,258,22783.571428571428,27447.61904761905,False
vsrev,scrf,259,22801.85714285714,28061.94404761904,False
vsrev,scrf,260,23601.85714285714,28061.94404761904,False
vsrev,scrf,261,23631.14285714286,28587.663210445466,False
vsrev,scrf,262,24922.714285714286,28587.663210445466,False
vsrev,scrf,263,25002.428571428572,29014.088520408164,False
vsrev,scrf,264,26878.714285714286,29014.088520408164,False
vsrev,scrf,265,27005.85714285714,29103.571428571428,False
vsrev,scrf,266,27037.285714285714,30238.463492063496,False
vsrev,scrf,267,28540.85714285714,30238.463492063496,False
vsrev,scrf,268,29330.428571428572,31011.571428571428,False
vsrev,scrf,269,30080.285714285714,31011.571428571428,False
vsrev,scrf,270,30229.833333333332,37088.968253968254,False
vsrev,scrf,271,30786.285714285714,37088.968253968254,False
vsrev,scrf,272,30833.25,39707.31428571428,False
vsrev,scrf,273,31563.714285714286,39707.31428571428,False
vsrev,scrf,274,33328.0,41316.119047619046,False
vsrev,scrf,275,35803.0,41316.119047619046,False
vsrev,scrf,276,38310.28571428572,48312.28571428572,False
vsrev,scssl,1,0.0,0.0,False
vsrev,scssl,2,1.5,33.11394557823129,False
vsrev,scssl,3,57.285714285714285,33.11394557823129,False
vsrev,scssl,4,66.57142857142857,319.64625850340144,False
vsrev,scssl,5,119.5,319.64625850340144,False
vsrev,scssl,6,128.0,425.2186507936508,False
vsrev,scssl,7,194.8,425.2186507936508,False
vsrev,scssl,8,197.66666666666666,812.6149234693876,False
vsrev,scssl,9,398.42857142857144,812.6149234693876,False
vsrev,scssl,10,412.0,1281.2738095238096,False
vsrev,scssl,11,424.75,1281.2738095238096,False
vsrev,scssl,12,426.0,1459.678201058201,False
vsrev,scssl,13,593.0,1459.678201058201,False
vsrev,scssl,14,594.8333333333334,1706.137362637363,False
vsrev,scssl,15,644.7142857142857,1706.137362637363,False
vsrev,scssl,16,654.0,1713.3455908289243,False
vsrev,scssl,17,747.3333333333334,1713.3455908289243,False
vsrev,scssl,18,747.7142857142857,2075.0328490718316,False
vsrev,scssl,19,983.7142857142857,2075.0328490718316,False
vsrev,scssl,20,987.2857142857143,2237.7248677248676,False
vsrev,scssl,21,1004.3333333333334,2237.7248677248676,False
vsrev,scssl,22,1005.4285714285714,2318.9761904761904,False
vsrev,scssl,23,1030.2857142857142,2318.9761904761904,False
vsrev,scssl,24,1031.0,2396.2916666666665,False
vsrev,scssl,25,1045.2857142857142,2396.2916666666665,False
vsrev,scssl,26,1047.0,2402.084345238095,False
vsrev,scssl,27,1162.2857142857142,2402.084345238095,False
vsrev,scssl,28,1162.4285714285713,2471.8627705627705,False
vsrev,scssl,29,1575.142857142857,2471.8627705627705,False
vsrev,scssl,30,1578.5714285714287,2806.5216867469876,False
vsrev,scssl,31,1820.142857142857,2806.5216867469876,True
vsrev,scssl,32,1837.6,2862.015873015873,True
vsrev,scssl,33,1841.5714285714287,2862.015873015873,True
vsrev,scssl,34,1843.75,2970.6636778115503,True
vsrev,scssl,35,1955.1666666666667,2970.6636778115503,True
vsrev,scssl,36,1957.5714285714287,3366.261904761905,True
vsrev,scssl,37,1968.4285714285713,3366.261904761905,True
vsrev,scssl,38,1974.0,3376.8247665732965,True
vsrev,scssl,39,2261.5714285714284,3376.8247665732965,True
vsrev,scssl,40,2262.4285714285716,3386.5402332361514,True
vsrev,scssl,41,2378.5714285714284,3386.5402332361514,True
vsrev,scssl,42,2380.1428571428573,3527.680555555555,True
vsrev,scssl,43,2412.0,3527.680555555555,True
vsrev,scssl,44,2412.8571428571427,3711.7347619047614,True
vsrev,scssl,45,2645.0,3711.7347619047614,True
vsrev,scssl,46,2645.1428571428573,3851.496078431372,True
vsrev,scssl,47,2686.285714285714,3851.496078431372,True
vsrev,scssl,48,2688.4285714285716,4027.7057142857143,True
vsrev,scssl,49,2752.3333333333335,4027.7057142857143,True
vsrev,scssl,50,2759.0,4140.585565476191,True
vsrev,scssl,51,2782.1666666666665,4140.585565476191,True
vsrev,scssl,52,2789.4285714285716,4219.546575342464,True
vsrev,scssl,53,2942.4285714285716,4219.546575342464,True
vsrev,scssl,54,2945.0,4386.876279761904,True
vsrev,scssl,55,3120.714285714286,4386.876279761904,True
vsrev,scssl,56,3121.2,4844.222271825397,True
vsrev,scssl,57,3905.5714285714284,4844.222271825397,True
vsrev,scssl,58,3905.8571428571427,5205.179767149149,True
vsrev,scssl,59,4304.285714285715,5205.179767149149,True
vsrev,scssl,60,4306.0,5353.258546199937,True
vsrev,scssl,61,4575.428571428572,5353.258546199937,True
vsrev,scssl,62,4576.428571428572,5558.545238095239,True
vsrev,scssl,63,4839.714285714285,5558.545238095239,True
vsrev,scssl,64,4843.0,5642.509523809524,True
vsrev,scssl,65,4854.142857142857,5642.509523809524,True
vsrev,scssl,66,4856.0,5927.163265306122,True
vsrev,scssl,67,4872.5,5927.163265306122,True
vsrev,scssl,68,4872.857142857143,6154.115860517437,True
vsrev,scssl,69,5266.428571428572,6154.115860517437,True
vsrev,scssl,70,5267.666666666667,6219.169075630251,True
vsrev,scssl,71,5401.428571428572,6219.169075630251,True
vsrev,scssl,72,5403.714285714285,6427.523468069399,True
vsrev,scssl,73,5813.285714285715,6427.523468069399,True
vsrev,scssl,74,5813.833333333333,6630.798571428571,True
vsrev,scssl,75,5843.4,6630.798571428571,True
vsrev,scssl,76,5844.571428571428,6987.250819418676,True
vsrev,scssl,77,6044.714285714285,6987.250819418676,True
vsrev,scssl,78,6045.666666666667,6997.868562182155,True
vsrev,scssl,79,6333.857142857143,6997.868562182155,True
vsrev,scssl,80,6334.714285714285,7422.133506872137,True
vsrev,scssl,81,6792.142857142857,7422.133506872137,True
vsrev,scssl,82,6792.571428571428,7446.691341991342,True
vsrev,scssl,83,6801.333333333333,7446.691341991342,True
vsrev,scssl,84,6802.0,7501.103968253968,True
vsrev,scssl,85,6832.666666666667,7501.103968253968,True
vsrev,scssl,86,6833.571428571428,7767.905516265913,True
vsrev,scssl,87,6955.285714285715,7767.905516265913,True
vsrev,scssl,88,6955.428571428572,7802.715262515261,True
vsrev,scssl,89,7073.0,7802.715262515261,True
vsrev,scssl,90,7076.857142857143,7924.280322707596,True
vsrev,scssl,91,7404.857142857143,7924.280322707596,True
vsrev,scssl,92,7406.857142857143,7998.321428571429,True
vsrev,scssl,93,7427.0,7998.321428571429,True
vsrev,scssl,94,7428.857142857143,8068.440689728807,True
vsrev,scssl,95,7698.333333333333,8068.440689728807,True
vsrev,scssl,96,7700.4,8078.047619047619,True
vsrev,scssl,97,7701.6,8078.047619047619,True
vsrev,scssl,98,7701.75,8252.16817538897,True
vsrev,scssl,99,7838.0,8252.16817538897,True
vsrev,scssl,100,7841.428571428572,8376.666666666666,True
vsrev,scssl,101,7841.857142857143,8376.666666666666,True
vsrev,scssl,102,7843.857142857143,8473.768853914446,True
vsrev,scssl,103,8248.857142857143,8473.768853914446,True
vsrev,scssl,104,8249.857142857143,8492.354852320677,True
vsrev,scssl,105,8343.142857142857,8492.354852320677,True
vsrev,scssl,106,8343.57142857143,8577.49872568746,True
vsrev,scssl,107,8531.285714285714,8577.49872568746,True
vsrev,scssl,108,8533.666666666666,8913.867582417583,True
vsrev,scssl,109,8706.2,8913.867582417583,True
vsrev,scssl,110,8706.42857142857,9041.436904761906,True
vsrev,scssl,111,8747.333333333334,9041.436904761906,True
vsrev,scssl,112,8748.0,9154.092518978608,True
vsrev,scssl,113,9235.57142857143,9154.092518978608,True
vsrev,scssl,114,9238.0,9426.931428571428,True
vsrev,scssl,115,9293.142857142857,9426.931428571428,True
vsrev,scssl,116,9293.57142857143,9603.080234833662,True
vsrev,scssl,117,9507.42857142857,9603.080234833662,True
vsrev,scssl,118,9509.333333333334,9708.079639804639,True
vsrev,scssl,119,9758.42857142857,9708.079639804639,True
vsrev,scssl,120,9760.714285714286,10076.659294381565,True
vsrev,scssl,121,10475.857142857143,10076.659294381565,True
vsrev,scssl,122,10476.285714285714,10529.3458994709,True
vsrev,scssl,123,10504.714285714286,10529.3458994709,True
vsrev,scssl,124,10505.714285714286,10729.363772175537,True
vsrev,scssl,125,10593.142857142857,10729.363772175537,True
vsrev,scssl,126,10593.714285714286,10788.473658830622,True
vsrev,scssl,127,10877.0,10788.473658830622,True
vsrev,scssl,128,10878.42857142857,10822.24337121212,True
vsrev,scssl,129,11362.57142857143,10822.24337121212,True
vsrev,scssl,130,11363.714285714286,10838.683849483848,True
vsrev,scssl,131,11617.57142857143,10838.683849483848,True
vsrev,scssl,132,11618.857142857143,10839.052455357143,True
vsrev,scssl,133,11669.142857142857,10839.052455357143,True
vsrev,scssl,134,11670.57142857143,11212.406603773587,True
vsrev,scssl,135,12022.857142857143,11212.406603773587,True
vsrev,scssl,136,12028.0,11312.4,True
vsrev,scssl,137,12032.57142857143,11337.910714285714,True
vsrev,scssl,138,12048.714285714286,11337.910714285714,True
vsrev,scssl,139,12049.75,11714.215767477206,True
vsrev,scssl,140,12489.857142857143,11714.215767477206,True
vsrev,scssl,141,12491.75,12057.899891774894,True
vsrev,scssl,142,12662.42857142857,12057.899891774894,True
vsrev,scssl,143,12662.57142857143,12075.48539783002,True
vsrev,scssl,144,13107.857142857143,12075.48539783002,True
vsrev,scssl,145,13109.333333333334,12414.414999999997,True
vsrev,scssl,146,13193.0,12414.414999999997,True
vsrev,scssl,147,13202.166666666666,12451.752240896356,True
vsrev,scssl,148,13301.142857142857,12451.752240896356,True
vsrev,scssl,149,13302.142857142857,12488.284632034634,True
vsrev,scssl,150,13368.714285714286,12488.284632034634,True
vsrev,scssl,151,13370.57142857143,12558.471986607141,True
vsrev,scssl,152,13755.857142857143,12558.471986607141,True
vsrev,scssl,153,13757.285714285714,12841.285658263309,True
vsrev,scssl,154,14044.42857142857,12841.285658263309,True
vsrev,scssl,155,14050.57142857143,12913.776353276351,True
vsrev,scssl,156,14485.42857142857,12913.776353276351,True
vsrev,scssl,157,14486.857142857143,13328.613756613755,True
vsrev,scssl,158,14623.57142857143,13328.613756613755,True
vsrev,scssl,159,14631.285714285714,13390.73015873016,True
vsrev,scssl,160,14679.57142857143,13390.73015873016,True
vsrev,scssl,161,14680.42857142857,13447.801948051947,True
vsrev,scssl,162,14701.285714285714,13447.801948051947,True
vsrev,scssl,163,14704.75,13759.550756859035,True
vsrev,scssl,164,15275.285714285714,13759.550756859035,True
vsrev,scssl,165,15278.714285714286,13866.173379231208,True
vsrev,scssl,166,15630.42857142857,13866.173379231208,True
vsrev,scssl,167,15638.42857142857,14081.205555555556,True
vsrev,scssl,168,15662.0,14081.205555555556,True
vsrev,scssl,169,15663.833333333334,14671.203424657533,True
vsrev,scssl,170,16540.85714285714,14671.203424657533,True
vsrev,scssl,171,16541.285714285714,14769.26021505376,True
vsrev,scssl,172,17061.14285714286,14769.26021505376,True
vsrev,scssl,173,17066.8,14866.47633390706,True
vsrev,scssl,174,17687.333333333332,14866.47633390706,False
vsrev,scssl,175,17698.0,15174.339285714286,False
vsrev,scssl,176,17718.428571428572,15174.339285714286,False
vsrev,scssl,177,17730.25,15379.480952380953,False
vsrev,scssl,178,17781.285714285714,15379.480952380953,False
vsrev,scssl,179,17781.714285714286,15811.659714285714,False
vsrev,scssl,180,18278.14285714286,15811.659714285714,False
vsrev,scssl,181,18288.5,16016.985311871227,False
vsrev,scssl,182,18957.285714285714,16016.985311871227,False
vsrev,scssl,183,18976.428571428572,16872.461815476192,False
vsrev,scssl,184,20082.428571428572,16872.461815476192,False
vsrev,scssl,185,20086.714285714286,17178.70050658561,False
vsrev,scssl,186,21055.666666666668,17178.70050658561,False
vsrev,scssl,187,21061.75,17540.44336734694,False
vsrev,scssl,188,22205.571428571428,17540.44336734694,False
vsrev,scssl,189,22207.571428571428,19403.283306878307,False
vsrev,scssl,190,27149.571428571428,19403.283306878307,False
vsrev,scssl,191,27524.85714285714,20279.595918367348,False
vsrev,scssl,192,28540.85714285714,20279.595918367348,False
vsrev,scssl,193,29330.428571428572,22249.904761904763,False
vsrev,scssl,194,29760.714285714286,22249.904761904763,False
vsrev,scssl,195,30080.285714285714,26419.087301587304,False
vsrev,scssl,196,34930.333333333336,26419.087301587304,False
vsrev,scssl,197,35111.142857142855,28396.14285714286,False
vsrev,scssl,198,35803.0,31419.857142857145,False
vsrev,scssl,199,38310.28571428572,31419.857142857145,False
vsrev,vs,1,0.0,0.0,False
vsrev,vs,2,1.5,63.333333333333336,False
vsrev,vs,3,5.0,106.0,False
vsrev,vs,4,7.333333333333333,106.0,False
vsrev,vs,5,14.285714285714286,198.71428571428572,False
vsrev,vs,6,46.857142857142854,198.71428571428572,False
vsrev,vs,7,50.714285714285715,246.0,False
vsrev,vs,8,51.857142857142854,267.7142857142857,False
vsrev,vs,9,66.57142857142857,267.7142857142857,False
vsrev,vs,10,66.71428571428571,315.6428571428571,False
vsrev,vs,11,83.57142857142857,315.6428571428571,False
vsrev,vs,12,84.14285714285714,360.9047619047619,False
vsrev,vs,13,88.42857142857143,360.9047619047619,False
vsrev,vs,14,90.85714285714286,370.42857142857144,False
vsrev,vs,15,107.14285714285714,370.42857142857144,False
vsrev,vs,16,119.5,431.8333333333333,False
vsrev,vs,17,128.0,481.0,False
vsrev,vs,18,131.42857142857142,555.2142857142857,False
vsrev,vs,19,173.0,555.2142857142857,False
vsrev,vs,20,175.85714285714286,625.4047619047619,False
vsrev,vs,21,184.66666666666666,625.4047619047619,False
vsrev,vs,22,194.8,649.7001984126983,False
vsrev,vs,23,232.5,649.7001984126983,False
vsrev,vs,24,234.14285714285714,764.7755102040817,False
vsrev,vs,25,257.14285714285717,764.7755102040817,False
vsrev,vs,26,265.7142857142857,811.1428571428571,False
vsrev,vs,27,268.5,815.9101503759398,False
vsrev,vs,28,336.14285714285717,815.9101503759398,False
vsrev,vs,29,344.0,1037.5180124223602,False
vsrev,vs,30,424.14285714285717,1037.5180124223602,False
vsrev,vs,31,424.6666666666667,1143.219696969697,False
vsrev,vs,32,456.0,1143.219696969697,False
vsrev,vs,33,457.0,1165.5532581453633,False
vsrev,vs,34,532.4285714285714,1165.5532581453633,False
vsrev,vs,35,542.1428571428571,1241.142857142857,False
vsrev,vs,36,549.7142857142857,1272.8891774891777,False
vsrev,vs,37,605.7142857142857,1272.8891774891777,False
vsrev,vs,38,616.8571428571429,1328.3086734693877,False
vsrev,vs,39,677.5714285714286,1328.3086734693877,False
vsrev,vs,40,678.2857142857143,1506.242857142857,False
vsrev,vs,41,738.5714285714286,1506.242857142857,False
vsrev,vs,42,740.75,1618.5904761904762,False
vsrev,vs,43,760.1428571428571,1618.5904761904762,False
vsrev,vs,44,765.0,1721.0900900900901,False
vsrev,vs,45,898.5714285714286,1721.0900900900901,False
vsrev,vs,46,900.8571428571429,1855.2857142857142,False
vsrev,vs,47,901.4,1976.282380952381,False
vsrev,vs,48,1056.857142857143,1976.282380952381,False
vsrev,vs,49,1059.142857142857,1980.775396825397,False
vsrev,vs,50,1104.5,1980.775396825397,False
vsrev,vs,51,1105.5714285714287,2098.6229691876747,False
vsrev,vs,52,1145.2857142857142,2098.6229691876747,False
vsrev,vs,53,1149.2857142857142,2107.5714285714284,False
vsrev,vs,54,1162.2857142857142,2107.5714285714284,False
vsrev,vs,55,1162.4285714285713,2129.686507936508,False
vsrev,vs,56,1168.5714285714287,2129.686507936508,False
vsrev,vs,57,1175.4285714285713,2158.72619047619,False
vsrev,vs,58,1208.142857142857,2158.72619047619,False
vsrev,vs,59,1211.0,2215.591836734694,False
vsrev,vs,60,1247.0,2215.591836734694,False
vsrev,vs,61,1259.2857142857142,2324.1795112781956,False
vsrev,vs,62,1389.0,2324.1795112781956,False
vsrev,vs,63,1394.5714285714287,2462.7414835164836,False
vsrev,vs,64,1472.2,2462.7414835164836,False
vsrev,vs,65,1473.857142857143,2470.87249589491,False
vsrev,vs,66,1563.0,2470.87249589491,False
vsrev,vs,67,1563.6,2509.557142857143,False
vsrev,vs,68,1571.5714285714287,2509.557142857143,False
vsrev,vs,69,1575.142857142857,2726.532210884353,False
vsrev,vs,70,1774.3333333333333,2726.532210884353,True
vsrev,vs,71,1774.7142857142858,2959.3216117216116,True
vsrev,vs,72,1818.2857142857142,2959.3216117216116,True
vsrev,vs,73,1820.142857142857,3035.508333333333,True
vsrev,vs,74,1895.4285714285713,3035.508333333333,True
vsrev,vs,75,1895.5714285714287,3068.456221198157,True
vsrev,vs,76,1968.4285714285713,3068.456221198157,True
vsrev,vs,77,1974.0,3119.220779220779,True
vsrev,vs,78,1996.2857142857142,3119.220779220779,True
vsrev,vs,79,2002.7142857142858,3150.5251322751324,True
vsrev,vs,80,2066.4285714285716,3150.5251322751324,True
vsrev,vs,81,2070.0,3198.8785714285714,True
vsrev,vs,82,2085.714285714286,3198.8785714285714,True
vsrev,vs,83,2086.1428571428573,3208.38356374808,True
vsrev,vs,84,2160.1428571428573,3208.38356374808,True
vsrev,vs,85,2176.5714285714284,3309.794372294373,True
vsrev,vs,86,2201.4285714285716,3309.794372294373,True
vsrev,vs,87,2202.285714285714,3312.4006802721087,True
vsrev,vs,88,2250.714285714286,3312.4006802721087,True
vsrev,vs,89,2254.714285714286,3543.2489177489174,True
vsrev,vs,90,2380.1428571428573,3543.2489177489174,True
vsrev,vs,91,2382.8571428571427,3599.0,True
vsrev,vs,92,2384.285714285714,3599.0,True
vsrev,vs,93,2387.8571428571427,3621.2619047619046,True
vsrev,vs,94,2412.8571428571427,3621.2619047619046,True
vsrev,vs,95,2414.8571428571427,3666.4285714285716,True
vsrev,vs,96,2416.4285714285716,3668.639455782313,True
vsrev,vs,97,2465.1428571428573,3668.639455782313,True
vsrev,vs,98,2465.4285714285716,3684.6540178571427,True
vsrev,vs,99,2528.1428571428573,3684.6540178571427,True
vsrev,vs,100,2529.714285714286,3692.646540880504,True
vsrev,vs,101,2673.0,3692.646540880504,True
vsrev,vs,102,2673.714285714286,3716.7015873015876,True
vsrev,vs,103,2706.714285714286,3716.7015873015876,True
vsrev,vs,104,2710.5714285714284,3755.9285714285716,True
vsrev,vs,105,2711.8571428571427,3755.9285714285716,True
vsrev,vs,106,2713.4285714285716,3805.0,True
vsrev,vs,107,2721.4285714285716,3805.0,True
vsrev,vs,108,2722.0,3826.714285714286,True
vsrev,vs,109,2730.8571428571427,3920.241883116883,True
vsrev,vs,110,2773.5,3920.241883116883,True
vsrev,vs,111,2775.714285714286,3973.688095238095,True
vsrev,vs,112,2801.8571428571427,3973.688095238095,True
vsrev,vs,113,2804.25,3974.084375,True
vsrev,vs,114,2843.5714285714284,3974.084375,True
vsrev,vs,115,2846.1666666666665,4098.833511016347,True
vsrev,vs,116,2980.8571428571427,4098.833511016347,True
vsrev,vs,117,2985.285714285714,4122.214285714286,True
vsrev,vs,118,2992.4285714285716,4122.214285714286,True
vsrev,vs,119,2994.5714285714284,4160.091710758377,True
vsrev,vs,120,3048.285714285714,4160.091710758377,True
vsrev,vs,121,3049.1428571428573,4357.419642857143,True
vsrev,vs,122,3072.8571428571427,4357.419642857143,True
vsrev,vs,123,3073.8571428571427,4373.74025974026,True
vsrev,vs,124,3099.8571428571427,4373.74025974026,True
vsrev,vs,125,3101.714285714286,4422.041496598639,True
vsrev,vs,126,3151.285714285714,4422.041496598639,True
vsrev,vs,127,3154.0,4515.605952380954,True
vsrev,vs,128,3233.8571428571427,4515.605952380954,True
vsrev,vs,129,3235.714285714286,4624.674908424909,True
vsrev,vs,130,3295.5714285714284,4624.674908424909,True
vsrev,vs,131,3297.285714285714,4629.128306878306,True
vsrev,vs,132,3323.714285714286,4629.128306878306,True
vsrev,vs,133,3325.1428571428573,4638.571428571428,True
vsrev,vs,134,3327.714285714286,4662.187552213868,True
vsrev,vs,135,3446.0,4662.187552213868,True
vsrev,vs,136,3446.1428571428573,4713.897222222222,True
vsrev,vs,137,3542.4285714285716,4713.897222222222,True
vsrev,vs,138,3542.5714285714284,4764.2,True
vsrev,vs,139,3591.0,4764.2,True
vsrev,vs,140,3592.6666666666665,4820.056311413455,True
vsrev,vs,141,3729.8571428571427,4820.056311413455,True
vsrev,vs,142,3731.0,4906.709013605442,True
vsrev,vs,143,3786.285714285714,4906.709013605442,True
vsrev,vs,144,3786.6666666666665,4993.396781305115,True
vsrev,vs,145,3875.5,4993.396781305115,True
vsrev,vs,146,3875.714285714286,5002.942857142857,True
vsrev,vs,147,3884.4285714285716,5002.942857142857,True
vsrev,vs,148,3885.285714285714,5037.485347985348,True
vsrev,vs,149,3901.5714285714284,5037.485347985348,True
vsrev,vs,150,3905.5714285714284,5215.7179723502295,True
vsrev,vs,151,3966.4285714285716,5215.7179723502295,True
vsrev,vs,152,3966.5714285714284,5390.2935374149665,True
vsrev,vs,153,4015.4285714285716,5390.2935374149665,True
vsrev,vs,154,4016.1428571428573,5436.401904761906,True
vsrev,vs,155,4160.0,5436.401904761906,True
vsrev,vs,156,4162.142857142857,5446.199649122806,True
vsrev,vs,157,4310.571428571428,5446.199649122806,True
vsrev,vs,158,4311.857142857143,5566.935916061339,True
vsrev,vs,159,4421.285714285715,5566.935916061339,True
vsrev,vs,160,4421.571428571428,5646.137499999999,True
vsrev,vs,161,4461.714285714285,5646.137499999999,True
vsrev,vs,162,4463.571428571428,5653.740203373017,True
vsrev,vs,163,4616.0,5653.740203373017,True
vsrev,vs,164,4617.142857142857,5824.35304136253,True
vsrev,vs,165,4854.142857142857,5824.35304136253,True
vsrev,vs,166,4856.0,5901.865367965367,True
vsrev,vs,167,4909.0,5901.865367965367,True
vsrev,vs,168,4910.142857142857,6196.979824561404,True
vsrev,vs,169,4961.142857142857,6196.979824561404,True
vsrev,vs,170,4962.166666666667,6199.677213064713,True
vsrev,vs,171,5207.142857142857,6199.677213064713,True
vsrev,vs,172,5212.714285714285,6282.642857142857,True
vsrev,vs,173,5214.75,6282.642857142857,True
vsrev,vs,174,5218.142857142857,6288.774229691877,True
vsrev,vs,175,5269.428571428572,6288.774229691877,True
vsrev,vs,176,5271.166666666667,6356.538690476191,True
vsrev,vs,177,5283.714285714285,6356.538690476191,True
vsrev,vs,178,5284.714285714285,6366.133432539682,True
vsrev,vs,179,5328.285714285715,6366.133432539682,True
vsrev,vs,180,5339.714285714285,6410.956043956044,True
vsrev,vs,181,5357.142857142857,6410.956043956044,True
vsrev,vs,182,5358.5,6434.2157509157505,True
vsrev,vs,183,5376.0,6434.2157509157505,True
vsrev,vs,184,5378.571428571428,6443.8973727422,True
vsrev,vs,185,5405.428571428572,6443.8973727422,True
vsrev,vs,186,5406.833333333333,6579.333333333333,True
vsrev,vs,187,5407.142857142857,6594.006316812441,True
vsrev,vs,188,5559.285714285715,6594.006316812441,True
vsrev,vs,189,5562.571428571428,6712.179255319149,True
vsrev,vs,190,5701.142857142857,6712.179255319149,True
vsrev,vs,191,5706.0,6830.292814625851,True
vsrev,vs,192,5810.25,6830.292814625851,True
vsrev,vs,193,5810.571428571428,6988.399999999999,True
vsrev,vs,194,5813.285714285715,6988.399999999999,True
vsrev,vs,195,5813.833333333333,6996.837400793652,True
vsrev,vs,196,6002.142857142857,6996.837400793652,True
vsrev,vs,197,6003.5,7025.881453634083,True
vsrev,vs,198,6029.142857142857,7025.881453634083,True
vsrev,vs,199,6030.166666666667,7047.383597883598,True
vsrev,vs,200,6046.0,7047.383597883598,True
vsrev,vs,201,6047.571428571428,7156.072879036672,True
vsrev,vs,202,6180.571428571428,7156.072879036672,True
vsrev,vs,203,6181.428571428572,7211.2963203463205,True
vsrev,vs,204,6337.0,7211.2963203463205,True
vsrev,vs,205,6337.833333333333,7378.426406926408,True
vsrev,vs,206,6347.0,7378.426406926408,True
vsrev,vs,207,6347.333333333333,7469.794817927172,True
vsrev,vs,208,6364.5,7469.794817927172,True
vsrev,vs,209,6364.571428571428,7533.807079365078,True
vsrev,vs,210,6470.428571428572,7533.807079365078,True
vsrev,vs,211,6470.571428571428,7647.164661654135,True
vsrev,vs,212,6608.142857142857,7647.164661654135,True
vsrev,vs,213,6608.5,7673.286893203884,True
vsrev,vs,214,6734.833333333333,7673.286893203884,True
vsrev,vs,215,6734.857142857143,7728.248677248677,True
vsrev,vs,216,6742.833333333333,7728.248677248677,True
vsrev,vs,217,6745.714285714285,7728.945887445886,True
vsrev,vs,218,6781.5,7728.945887445886,True
vsrev,vs,219,6782.333333333333,7797.250719822812,True
vsrev,vs,220,6834.857142857143,7797.250719822812,True
vsrev,vs,221,6837.285714285715,7813.09828178694,True
vsrev,vs,222,6955.285714285715,7813.09828178694,True
vsrev,vs,223,6955.428571428572,7850.680776014109,True
vsrev,vs,224,6989.714285714285,7850.680776014109,True
vsrev,vs,225,6993.0,7957.095238095238,True
vsrev,vs,226,6998.142857142857,7957.095238095238,True
vsrev,vs,227,6999.714285714285,8067.23247863248,True
vsrev,vs,228,7058.428571428572,8067.23247863248,True
vsrev,vs,229,7058.571428571428,8123.334778911566,True
vsrev,vs,230,7101.857142857143,8123.334778911566,True
vsrev,vs,231,7102.0,8170.927583586626,True
vsrev,vs,232,7360.857142857143,8170.927583586626,True
vsrev,vs,233,7361.285714285715,8198.697802197803,True
vsrev,vs,234,7396.0,8198.697802197803,True
vsrev,vs,235,7396.6,8320.994037615046,True
vsrev,vs,236,7553.714285714285,8320.994037615046,True
vsrev,vs,237,7555.571428571428,8331.213315696647,True
vsrev,vs,238,7580.142857142857,8331.213315696647,True
vsrev,vs,239,7585.714285714285,8385.653769841269,True
vsrev,vs,240,7616.857142857143,8385.653769841269,True
vsrev,vs,241,7618.571428571428,8500.369206349207,True
vsrev,vs,242,7671.166666666667,8500.369206349207,True
vsrev,vs,243,7671.5,8587.92787114846,True
vsrev,vs,244,7687.142857142857,8587.92787114846,True
vsrev,vs,245,7689.428571428572,8646.540238095238,True
vsrev,vs,246,7702.4,8646.540238095238,True
vsrev,vs,247,7704.142857142857,8666.041522762953,True
vsrev,vs,248,7830.571428571428,8666.041522762953,True
vsrev,vs,249,7832.714285714285,8767.734687636525,True
vsrev,vs,250,7985.714285714285,8767.734687636525,True
vsrev,vs,251,7989.142857142857,8790.071532091099,True
vsrev,vs,252,8031.714285714285,8790.071532091099,True
vsrev,vs,253,8033.666666666667,8851.652014652016,True
vsrev,vs,254,8056.0,8851.652014652016,True
vsrev,vs,255,8056.571428571428,8889.035632183908,True
vsrev,vs,256,8168.428571428572,8889.035632183908,True
vsrev,vs,257,8168.571428571428,8904.36714929215,True
vsrev,vs,258,8249.857142857143,8904.36714929215,True
vsrev,vs,259,8252.57142857143,8955.827154195014,True
vsrev,vs,260,8302.0,8955.827154195014,True
vsrev,vs,261,8305.142857142857,9060.02380952381,True
vsrev,vs,262,8312.142857142857,9060.02380952381,True
vsrev,vs,263,8313.285714285714,9066.593492063494,True
vsrev,vs,264,8343.142857142857,9066.593492063494,True
vsrev,vs,265,8343.57142857143,9081.916502463055,True
vsrev,vs,266,8382.57142857143,9081.916502463055,True
vsrev,vs,267,8383.42857142857,9103.499999999998,True
vsrev,vs,268,8491.857142857143,9103.499999999998,True
vsrev,vs,269,8492.142857142857,9175.286349206352,True
vsrev,vs,270,8543.714285714286,9175.286349206352,True
vsrev,vs,271,8543.857142857143,9205.42857142857,True
vsrev,vs,272,8544.6,9388.602003484322,True
vsrev,vs,273,8750.57142857143,9388.602003484322,True
vsrev,vs,274,8750.857142857143,9548.035353535353,True
vsrev,vs,275,8797.57142857143,9548.035353535353,True
vsrev,vs,276,8799.57142857143,9553.103211517162,True
vsrev,vs,277,8847.857142857143,9553.103211517162,True
vsrev,vs,278,8850.142857142857,9636.44486607143,True
vsrev,vs,279,9071.857142857143,9636.44486607143,True
vsrev,vs,280,9075.142857142857,9648.7726984127,True
vsrev,vs,281,9119.285714285714,9648.7726984127,True
vsrev,vs,282,9120.142857142857,9686.156410256408,True
vsrev,vs,283,9238.285714285714,9686.156410256408,True
vsrev,vs,284,9239.0,9975.38540564374,True
vsrev,vs,285,9398.42857142857,9975.38540564374,True
vsrev,vs,286,9403.857142857143,10079.194829931972,True
vsrev,vs,287,9725.285714285714,10079.194829931972,True
vsrev,vs,288,9726.5,10122.812003968254,True
vsrev,vs,289,9761.0,10122.812003968254,True
vsrev,vs,290,9762.285714285714,10417.250106609808,True
vsrev,vs,291,9841.0,10417.250106609808,True
vsrev,vs,292,9847.714285714286,10477.392857142857,True
vsrev,vs,293,9851.57142857143,10477.392857142857,True
vsrev,vs,294,9858.0,10552.33693379791,True
vsrev,vs,295,10153.142857142857,10552.33693379791,True
vsrev,vs,296,10153.57142857143,10593.799603174602,True
vsrev,vs,297,10170.333333333334,10593.799603174602,True
vsrev,vs,298,10171.142857142857,10806.18253968254,True
vsrev,vs,299,10192.333333333334,10806.18253968254,True
vsrev,vs,300,10192.857142857143,10911.98866213152,True
vsrev,vs,301,10236.714285714286,10911.98866213152,True
vsrev,vs,302,10239.0,10938.102721088435,True
vsrev,vs,303,10315.142857142857,10938.102721088435,True
vsrev,vs,304,10317.714285714286,11003.430897009968,True
vsrev,vs,305,10453.714285714286,11003.430897009968,True
vsrev,vs,306,10454.57142857143,11046.858764665285,True
vsrev,vs,307,10559.42857142857,11046.858764665285,True
vsrev,vs,308,10560.714285714286,11069.32976190476,True
vsrev,vs,309,10593.142857142857,11069.32976190476,True
vsrev,vs,310,10593.714285714286,11077.348544973544,True
vsrev,vs,311,10627.714285714286,11077.348544973544,True
vsrev,vs,312,10628.0,11130.474937343359,True
vsrev,vs,313,10666.42857142857,11130.474937343359,True
vsrev,vs,314,10667.714285714286,11212.591215106735,True
vsrev,vs,315,10766.857142857143,11212.591215106735,True
vsrev,vs,316,10768.8,11259.85700483092,True
vsrev,vs,317,10889.42857142857,11259.85700483092,True
vsrev,vs,318,10895.42857142857,11299.606211180124,True
vsrev,vs,319,10938.0,11299.606211180124,True
vsrev,vs,320,10938.714285714286,11404.649457802921,True
vsrev,vs,321,11094.857142857143,11404.649457802921,True
vsrev,vs,322,11097.714285714286,11518.48649105032,True
vsrev,vs,323,11375.57142857143,11518.48649105032,True
vsrev,vs,324,11378.285714285714,11614.533333333333,True
vsrev,vs,325,11380.0,11614.533333333333,True
vsrev,vs,326,11380.142857142857,11735.282809086937,True
vsrev,vs,327,11564.42857142857,11735.282809086937,True
vsrev,vs,328,11567.57142857143,11755.143939393938,True
vsrev,vs,329,11658.285714285714,11755.143939393938,True
vsrev,vs,330,11659.0,11820.394208494208,True
vsrev,vs,331,11708.2,11820.394208494208,True
vsrev,vs,332,11708.714285714286,11859.403333333332,True
vsrev,vs,333,11838.285714285714,11859.403333333332,True
vsrev,vs,334,11842.0,12115.049243697476,True
vsrev,vs,335,12028.0,12115.049243697476,True
vsrev,vs,336,12032.57142857143,12209.70068027211,True
vsrev,vs,337,12064.142857142857,12209.70068027211,True
vsrev,vs,338,12070.5,12260.404040404039,True
vsrev,vs,339,12233.57142857143,12260.404040404039,True
vsrev,vs,340,12235.142857142857,12325.219571865438,True
vsrev,vs,341,12489.857142857143,12325.219571865438,True
vsrev,vs,342,12491.75,12530.718657298985,True
vsrev,vs,343,12821.142857142857,12530.718657298985,True
vsrev,vs,344,12826.857142857143,13004.17551020408,True
vsrev,vs,345,12848.285714285714,13004.17551020408,True
vsrev,vs,346,12848.42857142857,13012.346428571427,True
vsrev,vs,347,13140.857142857143,13012.346428571427,True
vsrev,vs,348,13141.857142857143,13184.753726708075,True
vsrev,vs,349,13292.57142857143,13184.753726708075,True
vsrev,vs,350,13295.833333333334,13194.257556935816,True
vsrev,vs,351,13649.714285714286,13194.257556935816,True
vsrev,vs,352,13650.666666666666,13563.05516717325,True
vsrev,vs,353,13777.714285714286,13563.05516717325,True
vsrev,vs,354,13782.0,13656.857142857143,True
vsrev,vs,355,13786.5,13687.020408163266,True
vsrev,vs,356,13802.285714285714,13687.020408163266,True
vsrev,vs,357,13812.5,13720.751247165534,True
vsrev,vs,358,13946.142857142857,13720.751247165534,True
vsrev,vs,359,13971.142857142857,13730.847701149425,True
vsrev,vs,360,14246.833333333334,13730.847701149425,True
vsrev,vs,361,14252.0,13836.510797342193,True
vsrev,vs,362,14411.285714285714,13836.510797342193,True
vsrev,vs,363,14414.42857142857,14158.745303326812,True
vsrev,vs,364,14698.5,14158.745303326812,True
vsrev,vs,365,14701.285714285714,14606.584875541126,True
vsrev,vs,366,14998.142857142857,14606.584875541126,True
vsrev,vs,367,15001.0,14647.54013605442,True
vsrev,vs,368,15050.857142857143,14647.54013605442,True
vsrev,vs,369,15056.0,14844.469223985889,True
vsrev,vs,370,15378.0,14844.469223985889,True
vsrev,vs,371,15378.833333333334,14893.559637188207,True
vsrev,vs,372,15578.0,14893.559637188207,True
vsrev,vs,373,15583.0,15244.564583333335,True
vsrev,vs,374,15620.42857142857,15244.564583333335,True
vsrev,vs,375,15630.333333333334,15264.575529100528,True
vsrev,vs,376,15783.142857142857,15264.575529100528,True
vsrev,vs,377,15783.714285714286,15338.238095238094,True
vsrev,vs,378,15816.0,15338.238095238094,True
vsrev,vs,379,15821.285714285714,15398.044805194804,True
vsrev,vs,380,16053.57142857143,15398.044805194804,True
vsrev,vs,381,16059.285714285714,15532.655538302279,True
vsrev,vs,382,16341.285714285714,15532.655538302279,True
vsrev,vs,383,16348.57142857143,15564.982993197278,True
vsrev,vs,384,16373.857142857143,15564.982993197278,True
vsrev,vs,385,16386.428571428572,15625.457142857142,True
vsrev,vs,386,16459.428571428572,15625.457142857142,True
vsrev,vs,387,16461.714285714286,15633.48869047619,True
vsrev,vs,388,16543.714285714286,15633.48869047619,True
vsrev,vs,389,16547.85714285714,15737.857142857143,True
vsrev,vs,390,16549.714285714286,15935.493121693124,True
vsrev,vs,391,16832.14285714286,15935.493121693124,True
vsrev,vs,392,16842.0,16315.836469221838,True
vsrev,vs,393,17016.666666666668,16315.836469221838,True
vsrev,vs,394,17018.14285714286,16357.279551820728,True
vsrev,vs,395,17279.571428571428,16357.279551820728,True
vsrev,vs,396,17286.571428571428,16434.87030812325,True
vsrev,vs,397,17674.571428571428,16434.87030812325,False
vsrev,vs,398,17681.285714285714,16564.04523809524,False
vsrev,vs,399,17756.166666666668,16564.04523809524,False
vsrev,vs,400,17781.285714285714,16766.571428571428,False
vsrev,vs,401,17781.714285714286,17023.03138528139,False
vsrev,vs,402,18070.285714285714,17023.03138528139,False
vsrev,vs,403,18071.0,17212.29081632653,False
vsrev,vs,404,18400.0,17212.29081632653,False
vsrev,vs,405,18411.166666666668,17247.11497695852,False
vsrev,vs,406,18632.571428571428,17247.11497695852,False
vsrev,vs,407,18636.0,17414.163300492615,False
vsrev,vs,408,18957.285714285714,17414.163300492615,False
vsrev,vs,409,18976.428571428572,17809.31097883598,False
vsrev,vs,410,19450.14285714286,17809.31097883598,False
vsrev,vs,411,19454.666666666668,17920.180272108846,False
vsrev,vs,412,19781.5,17920.180272108846,False
vsrev,vs,413,19806.428571428572,17978.046130952385,False
vsrev,vs,414,20086.714285714286,17978.046130952385,False
vsrev,vs,415,20127.714285714286,18347.045486111114,False
vsrev,vs,416,21070.714285714286,18347.045486111114,False
vsrev,vs,417,21094.2,19039.78333333333,False
vsrev,vs,418,21555.0,19039.78333333333,False
vsrev,vs,419,21589.285714285714,19130.982993197278,False
vsrev,vs,420,21769.714285714286,19130.982993197278,False
vsrev,vs,421,21840.428571428572,19998.857142857145,False
vsrev,vs,422,21851.428571428572,19998.857142857145,False
vsrev,vs,423,21858.0,20399.6,False
vsrev,vs,424,21875.85714285714,20551.531077694235,False
vsrev,vs,425,22727.571428571428,20551.531077694235,False
vsrev,vs,426,22751.428571428572,20585.620238095238,False
vsrev,vs,427,24031.714285714286,20585.620238095238,False
vsrev,vs,428,24156.14285714286,20919.359307359307,False
vsrev,vs,429,24514.85714285714,20919.359307359307,False
vsrev,vs,430,24623.833333333332,22461.083333333336,False
vsrev,vs,431,24672.428571428572,22461.083333333336,False
vsrev,vs,432,24747.0,22789.055844155842,False
vsrev,vs,433,27149.571428571428,22789.055844155842,False
vsrev,vs,434,27524.85714285714,24114.285714285714,False
vsrev,vs,435,27532.428571428572,24817.332034632036,False
vsrev,vs,436,30229.833333333332,24817.332034632036,False
vsrev,vs,437,30292.166666666668,25033.071428571428,False
vsrev,vs,438,30786.285714285714,25033.071428571428,False
vsrev,vs,439,30833.25,25077.67517006802,False
vsrev,vs,440,33939.57142857143,25077.67517006802,False
vsrev,vs,441,34930.333333333336,28953.541666666664,False
vsrev,vs,442,38310.28571428572,28953.541666666664,False
