exposure,method,validation,source_algorithm,target_algorithm,threshold_target_steps,analysis_weighting,n_rows,measure_unit,both_positive,mapped_positive_target_negative,mapped_negative_target_positive,both_negative,denominator_measure,observed_target_attainment_pct,mapped_source_attainment_pct,attainment_difference_pp,discordant_reclassification_pct,cohen_kappa,positive_agreement,negative_agreement,target_threshold_degenerate,note
daily_steps,isotonic,whole_cohort_subject_grouped_5fold_oof,acti,adept,7000.0,unweighted_primary,8646,subjects,1.0,4.0,123.0,8518.0,8646.0,1.4341892204487623,0.0578302105019662,-1.3763590099467962,1.468887346749942,0.0144081199611455,0.0155038759689922,0.9926003612422072,True,"Mapped source is the grouped five-fold OOF isotonic prediction on the target algorithm scale. Positive/negative agreement are symmetric: 2a/(2a+b+c) and 2d/(2d+b+c). Cohen kappa uses the observed agreement minus agreement expected from the mapped/target marginals, divided by one minus expected agreement; every cell and marginal is WTMEC4YR-weighted in the weighted sensitivity. Attainment difference is mapped minus observed target percentage points. WTMEC4YR changes evaluation weights only; the D7 headline crosswalk fit remains unweighted."
daily_steps,isotonic,whole_cohort_subject_grouped_5fold_oof,acti,adept,7000.0,WTMEC4YR_weighted_sensitivity,8646,WTMEC4YR,5247.9862795,81755.2292805,2269354.8150059995,178555627.9611475,180911985.99171352,1.257298010862412,0.0480914601003744,-1.2092065507620375,1.2995877699303957,0.0035212888625819,0.004444421501356,0.993459370807944,True,"Mapped source is the grouped five-fold OOF isotonic prediction on the target algorithm scale. Positive/negative agreement are symmetric: 2a/(2a+b+c) and 2d/(2d+b+c). Cohen kappa uses the observed agreement minus agreement expected from the mapped/target marginals, divided by one minus expected agreement; every cell and marginal is WTMEC4YR-weighted in the weighted sensitivity. Attainment difference is mapped minus observed target percentage points. WTMEC4YR changes evaluation weights only; the D7 headline crosswalk fit remains unweighted."
daily_steps,isotonic,whole_cohort_subject_grouped_5fold_oof,acti,adept,8000.0,unweighted_primary,8646,subjects,0.0,4.0,68.0,8574.0,8646.0,0.7864908628267407,0.0462641684015729,-0.7402266944251678,0.8327550312283136,-0.0008746430684563,0.0,0.9958188153310104,True,"Mapped source is the grouped five-fold OOF isotonic prediction on the target algorithm scale. Positive/negative agreement are symmetric: 2a/(2a+b+c) and 2d/(2d+b+c). Cohen kappa uses the observed agreement minus agreement expected from the mapped/target marginals, divided by one minus expected agreement; every cell and marginal is WTMEC4YR-weighted in the weighted sensitivity. Attainment difference is mapped minus observed target percentage points. WTMEC4YR changes evaluation weights only; the D7 headline crosswalk fit remains unweighted."
daily_steps,isotonic,whole_cohort_subject_grouped_5fold_oof,acti,adept,8000.0,WTMEC4YR_weighted_sensitivity,8646,WTMEC4YR,0.0,44689.6040085,1152390.2130999998,179714906.174605,180911985.99171352,0.636989421559268,0.0247024008738409,-0.612287020685427,0.6616918224331089,-0.0004758304329222,0.0,0.9966805586518588,True,"Mapped source is the grouped five-fold OOF isotonic prediction on the target algorithm scale. Positive/negative agreement are symmetric: 2a/(2a+b+c) and 2d/(2d+b+c). Cohen kappa uses the observed agreement minus agreement expected from the mapped/target marginals, divided by one minus expected agreement; every cell and marginal is WTMEC4YR-weighted in the weighted sensitivity. Attainment difference is mapped minus observed target percentage points. WTMEC4YR changes evaluation weights only; the D7 headline crosswalk fit remains unweighted."
daily_steps,isotonic,whole_cohort_subject_grouped_5fold_oof,acti,adept,10000.0,unweighted_primary,8646,subjects,0.0,1.0,17.0,8628.0,8646.0,0.1966227157066851,0.0115660421003932,-0.1850566736062919,0.2081887578070784,-0.000218517423545,0.0,0.998957971517888,True,"Mapped source is the grouped five-fold OOF isotonic prediction on the target algorithm scale. Positive/negative agreement are symmetric: 2a/(2a+b+c) and 2d/(2d+b+c). Cohen kappa uses the observed agreement minus agreement expected from the mapped/target marginals, divided by one minus expected agreement; every cell and marginal is WTMEC4YR-weighted in the weighted sensitivity. Attainment difference is mapped minus observed target percentage points. WTMEC4YR changes evaluation weights only; the D7 headline crosswalk fit remains unweighted."
daily_steps,isotonic,whole_cohort_subject_grouped_5fold_oof,acti,adept,10000.0,WTMEC4YR_weighted_sensitivity,8646,WTMEC4YR,0.0,15702.225833,283497.14612499997,180612786.6197555,180911985.99171352,0.1567044574581063,0.0086794834222422,-0.148024974035864,0.1653839408803485,-0.0001645065997972,0.0,0.9991723959334882,True,"Mapped source is the grouped five-fold OOF isotonic prediction on the target algorithm scale. Positive/negative agreement are symmetric: 2a/(2a+b+c) and 2d/(2d+b+c). Cohen kappa uses the observed agreement minus agreement expected from the mapped/target marginals, divided by one minus expected agreement; every cell and marginal is WTMEC4YR-weighted in the weighted sensitivity. Attainment difference is mapped minus observed target percentage points. WTMEC4YR changes evaluation weights only; the D7 headline crosswalk fit remains unweighted."
daily_steps,isotonic,whole_cohort_subject_grouped_5fold_oof,acti,oak,7000.0,unweighted_primary,8646,subjects,6629.0,304.0,197.0,1516.0,8646.0,78.94980337728428,80.18736988202637,1.2375665047420823,5.794587092297016,0.8218236042798406,0.9635874700196236,0.858194169261251,False,"Mapped source is the grouped five-fold OOF isotonic prediction on the target algorithm scale. Positive/negative agreement are symmetric: 2a/(2a+b+c) and 2d/(2d+b+c). Cohen kappa uses the observed agreement minus agreement expected from the mapped/target marginals, divided by one minus expected agreement; every cell and marginal is WTMEC4YR-weighted in the weighted sensitivity. Attainment difference is mapped minus observed target percentage points. WTMEC4YR changes evaluation weights only; the D7 headline crosswalk fit remains unweighted."
daily_steps,isotonic,whole_cohort_subject_grouped_5fold_oof,acti,oak,7000.0,WTMEC4YR_weighted_sensitivity,8646,WTMEC4YR,143229013.327659,5412141.524315,4030792.603731,28240038.5360085,180911985.99171352,81.39859010675782,82.16213759257629,0.7635474858184721,5.219628802526397,0.8248627989052746,0.9680875178537884,0.8567581492995123,False,"Mapped source is the grouped five-fold OOF isotonic prediction on the target algorithm scale. Positive/negative agreement are symmetric: 2a/(2a+b+c) and 2d/(2d+b+c). Cohen kappa uses the observed agreement minus agreement expected from the mapped/target marginals, divided by one minus expected agreement; every cell and marginal is WTMEC4YR-weighted in the weighted sensitivity. Attainment difference is mapped minus observed target percentage points. WTMEC4YR changes evaluation weights only; the D7 headline crosswalk fit remains unweighted."
daily_steps,isotonic,whole_cohort_subject_grouped_5fold_oof,acti,oak,8000.0,unweighted_primary,8646,subjects,6010.0,370.0,267.0,1999.0,8646.0,72.60004626416841,73.79134860050891,1.191302336340505,7.367568817950497,0.812273488404181,0.9496721181954648,0.8625674217907228,False,"Mapped source is the grouped five-fold OOF isotonic prediction on the target algorithm scale. Positive/negative agreement are symmetric: 2a/(2a+b+c) and 2d/(2d+b+c). Cohen kappa uses the observed agreement minus agreement expected from the mapped/target marginals, divided by one minus expected agreement; every cell and marginal is WTMEC4YR-weighted in the weighted sensitivity. Attainment difference is mapped minus observed target percentage points. WTMEC4YR changes evaluation weights only; the D7 headline crosswalk fit remains unweighted."
daily_steps,isotonic,whole_cohort_subject_grouped_5fold_oof,acti,oak,8000.0,WTMEC4YR_weighted_sensitivity,8646,WTMEC4YR,129865289.348467,6943711.339467,6132496.5923045,37970488.711475,180911985.99171352,75.17345254669901,75.62185553266791,0.4484029859689098,7.227938967167407,0.8051778382230038,0.9520678789066622,0.8531046799596665,False,"Mapped source is the grouped five-fold OOF isotonic prediction on the target algorithm scale. Positive/negative agreement are symmetric: 2a/(2a+b+c) and 2d/(2d+b+c). Cohen kappa uses the observed agreement minus agreement expected from the mapped/target marginals, divided by one minus expected agreement; every cell and marginal is WTMEC4YR-weighted in the weighted sensitivity. Attainment difference is mapped minus observed target percentage points. WTMEC4YR changes evaluation weights only; the D7 headline crosswalk fit remains unweighted."
daily_steps,isotonic,whole_cohort_subject_grouped_5fold_oof,acti,oak,10000.0,unweighted_primary,8646,subjects,4674.0,403.0,327.0,3242.0,8646.0,57.841776544066626,58.720795743696506,0.8790191996298824,8.443210733287069,0.8263866596666568,0.9275649930541774,0.8988078735791516,False,"Mapped source is the grouped five-fold OOF isotonic prediction on the target algorithm scale. Positive/negative agreement are symmetric: 2a/(2a+b+c) and 2d/(2d+b+c). Cohen kappa uses the observed agreement minus agreement expected from the mapped/target marginals, divided by one minus expected agreement; every cell and marginal is WTMEC4YR-weighted in the weighted sensitivity. Attainment difference is mapped minus observed target percentage points. WTMEC4YR changes evaluation weights only; the D7 headline crosswalk fit remains unweighted."
daily_steps,isotonic,whole_cohort_subject_grouped_5fold_oof,acti,oak,10000.0,WTMEC4YR_weighted_sensitivity,8646,WTMEC4YR,101491760.67371,7410656.915061001,7304342.61701,64705225.785932496,180911985.99171352,60.1375871777248,60.196352934713325,0.0587657569885213,8.133789174557515,0.8303080364167069,0.9324065249840784,0.8979014503034632,False,"Mapped source is the grouped five-fold OOF isotonic prediction on the target algorithm scale. Positive/negative agreement are symmetric: 2a/(2a+b+c) and 2d/(2d+b+c). Cohen kappa uses the observed agreement minus agreement expected from the mapped/target marginals, divided by one minus expected agreement; every cell and marginal is WTMEC4YR-weighted in the weighted sensitivity. Attainment difference is mapped minus observed target percentage points. WTMEC4YR changes evaluation weights only; the D7 headline crosswalk fit remains unweighted."
daily_steps,isotonic,whole_cohort_subject_grouped_5fold_oof,acti,scrf,7000.0,unweighted_primary,8646,subjects,6228.0,447.0,237.0,1734.0,8646.0,74.77446217904233,77.2033310201249,2.4288688410825765,7.91117279666898,0.7833804200553174,0.947945205479452,0.8352601156069365,False,"Mapped source is the grouped five-fold OOF isotonic prediction on the target algorithm scale. Positive/negative agreement are symmetric: 2a/(2a+b+c) and 2d/(2d+b+c). Cohen kappa uses the observed agreement minus agreement expected from the mapped/target marginals, divided by one minus expected agreement; every cell and marginal is WTMEC4YR-weighted in the weighted sensitivity. Attainment difference is mapped minus observed target percentage points. WTMEC4YR changes evaluation weights only; the D7 headline crosswalk fit remains unweighted."
daily_steps,isotonic,whole_cohort_subject_grouped_5fold_oof,acti,scrf,7000.0,WTMEC4YR_weighted_sensitivity,8646,WTMEC4YR,134595670.0769505,8352810.8021335,5136028.951886,32827476.160743497,180911985.99171352,77.23739157627551,79.01548374226105,1.7780921659855342,7.456023259087622,0.7819485924872674,0.95228232924426,0.8295654099926046,False,"Mapped source is the grouped five-fold OOF isotonic prediction on the target algorithm scale. Positive/negative agreement are symmetric: 2a/(2a+b+c) and 2d/(2d+b+c). Cohen kappa uses the observed agreement minus agreement expected from the mapped/target marginals, divided by one minus expected agreement; every cell and marginal is WTMEC4YR-weighted in the weighted sensitivity. Attainment difference is mapped minus observed target percentage points. WTMEC4YR changes evaluation weights only; the D7 headline crosswalk fit remains unweighted."
daily_steps,isotonic,whole_cohort_subject_grouped_5fold_oof,acti,scrf,8000.0,unweighted_primary,8646,subjects,5547.0,455.0,365.0,2279.0,8646.0,68.37844089752487,69.41938468656026,1.0409437890353868,9.48415452232246,0.7787283437028218,0.931173409434279,0.8475269616957977,False,"Mapped source is the grouped five-fold OOF isotonic prediction on the target algorithm scale. Positive/negative agreement are symmetric: 2a/(2a+b+c) and 2d/(2d+b+c). Cohen kappa uses the observed agreement minus agreement expected from the mapped/target marginals, divided by one minus expected agreement; every cell and marginal is WTMEC4YR-weighted in the weighted sensitivity. Attainment difference is mapped minus observed target percentage points. WTMEC4YR changes evaluation weights only; the D7 headline crosswalk fit remains unweighted."
daily_steps,isotonic,whole_cohort_subject_grouped_5fold_oof,acti,scrf,8000.0,WTMEC4YR_weighted_sensitivity,8646,WTMEC4YR,120183318.272464,8412125.444086501,8075428.395934001,44241113.879229,180911985.99171352,70.89566009975302,71.08177106763985,0.1861109678868433,9.113577383853215,0.7787410797723838,0.9358096754609666,0.8429304739997717,False,"Mapped source is the grouped five-fold OOF isotonic prediction on the target algorithm scale. Positive/negative agreement are symmetric: 2a/(2a+b+c) and 2d/(2d+b+c). Cohen kappa uses the observed agreement minus agreement expected from the mapped/target marginals, divided by one minus expected agreement; every cell and marginal is WTMEC4YR-weighted in the weighted sensitivity. Attainment difference is mapped minus observed target percentage points. WTMEC4YR changes evaluation weights only; the D7 headline crosswalk fit remains unweighted."
daily_steps,isotonic,whole_cohort_subject_grouped_5fold_oof,acti,scrf,10000.0,unweighted_primary,8646,subjects,4235.0,456.0,413.0,3542.0,8646.0,53.7589636826278,54.25630349294471,0.4973398103169102,10.05089058524173,0.7976874453819645,0.9069493521790342,0.8907330567081605,False,"Mapped source is the grouped five-fold OOF isotonic prediction on the target algorithm scale. Positive/negative agreement are symmetric: 2a/(2a+b+c) and 2d/(2d+b+c). Cohen kappa uses the observed agreement minus agreement expected from the mapped/target marginals, divided by one minus expected agreement; every cell and marginal is WTMEC4YR-weighted in the weighted sensitivity. Attainment difference is mapped minus observed target percentage points. WTMEC4YR changes evaluation weights only; the D7 headline crosswalk fit remains unweighted."
daily_steps,isotonic,whole_cohort_subject_grouped_5fold_oof,acti,scrf,10000.0,WTMEC4YR_weighted_sensitivity,8646,WTMEC4YR,91929990.6863555,8693471.0696065,9942163.895040002,70346360.3407115,180911985.99171352,56.31034009325487,55.620118923779295,-0.69022116947558,10.300939908702397,0.7910165745067161,0.907970180778632,0.8830362938908154,False,"Mapped source is the grouped five-fold OOF isotonic prediction on the target algorithm scale. Positive/negative agreement are symmetric: 2a/(2a+b+c) and 2d/(2d+b+c). Cohen kappa uses the observed agreement minus agreement expected from the mapped/target marginals, divided by one minus expected agreement; every cell and marginal is WTMEC4YR-weighted in the weighted sensitivity. Attainment difference is mapped minus observed target percentage points. WTMEC4YR changes evaluation weights only; the D7 headline crosswalk fit remains unweighted."
daily_steps,isotonic,whole_cohort_subject_grouped_5fold_oof,acti,scssl,7000.0,unweighted_primary,8646,subjects,4882.0,808.0,490.0,2466.0,8646.0,62.13277816331251,65.81077955123756,3.678001387925045,15.012722646310433,0.6747918466454771,0.8826613632254565,0.791653290529695,False,"Mapped source is the grouped five-fold OOF isotonic prediction on the target algorithm scale. Positive/negative agreement are symmetric: 2a/(2a+b+c) and 2d/(2d+b+c). Cohen kappa uses the observed agreement minus agreement expected from the mapped/target marginals, divided by one minus expected agreement; every cell and marginal is WTMEC4YR-weighted in the weighted sensitivity. Attainment difference is mapped minus observed target percentage points. WTMEC4YR changes evaluation weights only; the D7 headline crosswalk fit remains unweighted."
daily_steps,isotonic,whole_cohort_subject_grouped_5fold_oof,acti,scssl,7000.0,WTMEC4YR_weighted_sensitivity,8646,WTMEC4YR,106393050.030628,15623508.811938,10518988.686804,48376438.4623435,180911985.99171352,64.62371084842717,67.44525973428583,2.8215488858586713,14.450395508863314,0.6781485050303933,0.890584476844898,0.7872784258855056,False,"Mapped source is the grouped five-fold OOF isotonic prediction on the target algorithm scale. Positive/negative agreement are symmetric: 2a/(2a+b+c) and 2d/(2d+b+c). Cohen kappa uses the observed agreement minus agreement expected from the mapped/target marginals, divided by one minus expected agreement; every cell and marginal is WTMEC4YR-weighted in the weighted sensitivity. Attainment difference is mapped minus observed target percentage points. WTMEC4YR changes evaluation weights only; the D7 headline crosswalk fit remains unweighted."
daily_steps,isotonic,whole_cohort_subject_grouped_5fold_oof,acti,scssl,8000.0,unweighted_primary,8646,subjects,4004.0,861.0,562.0,3219.0,8646.0,52.81054823039556,56.268794818413134,3.4582465880175772,16.45847790885959,0.6684941543512523,0.8491146219913053,0.8189797735657041,False,"Mapped source is the grouped five-fold OOF isotonic prediction on the target algorithm scale. Positive/negative agreement are symmetric: 2a/(2a+b+c) and 2d/(2d+b+c). Cohen kappa uses the observed agreement minus agreement expected from the mapped/target marginals, divided by one minus expected agreement; every cell and marginal is WTMEC4YR-weighted in the weighted sensitivity. Attainment difference is mapped minus observed target percentage points. WTMEC4YR changes evaluation weights only; the D7 headline crosswalk fit remains unweighted."
daily_steps,isotonic,whole_cohort_subject_grouped_5fold_oof,acti,scssl,8000.0,WTMEC4YR_weighted_sensitivity,8646,WTMEC4YR,86965902.0008545,17208056.64504,13260237.231712,63477790.114107,180911985.99171352,55.40049692293868,57.58267373764062,2.1821768147019416,16.84150097061428,0.6575607982198444,0.850937968264238,0.8064569681696654,False,"Mapped source is the grouped five-fold OOF isotonic prediction on the target algorithm scale. Positive/negative agreement are symmetric: 2a/(2a+b+c) and 2d/(2d+b+c). Cohen kappa uses the observed agreement minus agreement expected from the mapped/target marginals, divided by one minus expected agreement; every cell and marginal is WTMEC4YR-weighted in the weighted sensitivity. Attainment difference is mapped minus observed target percentage points. WTMEC4YR changes evaluation weights only; the D7 headline crosswalk fit remains unweighted."
daily_steps,isotonic,whole_cohort_subject_grouped_5fold_oof,acti,scssl,10000.0,unweighted_primary,8646,subjects,2260.0,599.0,770.0,5017.0,8646.0,35.04510756419153,33.06731436502429,-1.9777931991672493,15.833911635438351,0.6476299996123932,0.7675326880624894,0.8799438744190126,False,"Mapped source is the grouped five-fold OOF isotonic prediction on the target algorithm scale. Positive/negative agreement are symmetric: 2a/(2a+b+c) and 2d/(2d+b+c). Cohen kappa uses the observed agreement minus agreement expected from the mapped/target marginals, divided by one minus expected agreement; every cell and marginal is WTMEC4YR-weighted in the weighted sensitivity. Attainment difference is mapped minus observed target percentage points. WTMEC4YR changes evaluation weights only; the D7 headline crosswalk fit remains unweighted."
daily_steps,isotonic,whole_cohort_subject_grouped_5fold_oof,acti,scssl,10000.0,WTMEC4YR_weighted_sensitivity,8646,WTMEC4YR,47341349.2924535,11882913.4225845,18343871.2783115,103343851.998364,180911985.99171352,36.30783234769952,32.73650576018258,-3.571326587516943,16.708005572544266,0.6309458712517172,0.7580104896300414,0.8724147903867766,False,"Mapped source is the grouped five-fold OOF isotonic prediction on the target algorithm scale. Positive/negative agreement are symmetric: 2a/(2a+b+c) and 2d/(2d+b+c). Cohen kappa uses the observed agreement minus agreement expected from the mapped/target marginals, divided by one minus expected agreement; every cell and marginal is WTMEC4YR-weighted in the weighted sensitivity. Attainment difference is mapped minus observed target percentage points. WTMEC4YR changes evaluation weights only; the D7 headline crosswalk fit remains unweighted."
daily_steps,isotonic,whole_cohort_subject_grouped_5fold_oof,acti,vs,7000.0,unweighted_primary,8646,subjects,5569.0,447.0,361.0,2269.0,8646.0,68.58662965533195,69.58130927596576,0.9946796206338204,9.345362017117742,0.7812465907691776,0.932362297003181,0.8488589599700711,False,"Mapped source is the grouped five-fold OOF isotonic prediction on the target algorithm scale. Positive/negative agreement are symmetric: 2a/(2a+b+c) and 2d/(2d+b+c). Cohen kappa uses the observed agreement minus agreement expected from the mapped/target marginals, divided by one minus expected agreement; every cell and marginal is WTMEC4YR-weighted in the weighted sensitivity. Attainment difference is mapped minus observed target percentage points. WTMEC4YR changes evaluation weights only; the D7 headline crosswalk fit remains unweighted."
daily_steps,isotonic,whole_cohort_subject_grouped_5fold_oof,acti,vs,7000.0,WTMEC4YR_weighted_sensitivity,8646,WTMEC4YR,120131510.5130115,8724700.6253745,7815222.360037499,44240552.49329001,180911985.99171352,70.72319292261237,71.22591155695352,0.5027186343411483,9.142524689419744,0.7781082081373757,0.9355929385892262,0.8425084642113481,False,"Mapped source is the grouped five-fold OOF isotonic prediction on the target algorithm scale. Positive/negative agreement are symmetric: 2a/(2a+b+c) and 2d/(2d+b+c). Cohen kappa uses the observed agreement minus agreement expected from the mapped/target marginals, divided by one minus expected agreement; every cell and marginal is WTMEC4YR-weighted in the weighted sensitivity. Attainment difference is mapped minus observed target percentage points. WTMEC4YR changes evaluation weights only; the D7 headline crosswalk fit remains unweighted."
daily_steps,isotonic,whole_cohort_subject_grouped_5fold_oof,acti,vs,8000.0,unweighted_primary,8646,subjects,4702.0,502.0,377.0,3065.0,8646.0,58.74392782789729,60.18968309044645,1.4457552625491532,10.166551006245662,0.7891546319882825,0.9145191092093748,0.8745898130974461,False,"Mapped source is the grouped five-fold OOF isotonic prediction on the target algorithm scale. Positive/negative agreement are symmetric: 2a/(2a+b+c) and 2d/(2d+b+c). Cohen kappa uses the observed agreement minus agreement expected from the mapped/target marginals, divided by one minus expected agreement; every cell and marginal is WTMEC4YR-weighted in the weighted sensitivity. Attainment difference is mapped minus observed target percentage points. WTMEC4YR changes evaluation weights only; the D7 headline crosswalk fit remains unweighted."
daily_steps,isotonic,whole_cohort_subject_grouped_5fold_oof,acti,vs,8000.0,WTMEC4YR_weighted_sensitivity,8646,WTMEC4YR,101445637.2277755,10238824.0828935,7638814.7331685,61588709.947876,180911985.99171352,60.29697333925708,61.73414143813809,1.4371680988810145,9.8819537677735,0.7923238410537717,0.9190210317606308,0.8732577265974745,False,"Mapped source is the grouped five-fold OOF isotonic prediction on the target algorithm scale. Positive/negative agreement are symmetric: 2a/(2a+b+c) and 2d/(2d+b+c). Cohen kappa uses the observed agreement minus agreement expected from the mapped/target marginals, divided by one minus expected agreement; every cell and marginal is WTMEC4YR-weighted in the weighted sensitivity. Attainment difference is mapped minus observed target percentage points. WTMEC4YR changes evaluation weights only; the D7 headline crosswalk fit remains unweighted."
daily_steps,isotonic,whole_cohort_subject_grouped_5fold_oof,acti,vs,10000.0,unweighted_primary,8646,subjects,2892.0,363.0,505.0,4886.0,8646.0,39.28984501503586,37.647467036780014,-1.6423779782558434,10.039324543141335,0.7879943801360965,0.8695129284425737,0.9184210526315788,False,"Mapped source is the grouped five-fold OOF isotonic prediction on the target algorithm scale. Positive/negative agreement are symmetric: 2a/(2a+b+c) and 2d/(2d+b+c). Cohen kappa uses the observed agreement minus agreement expected from the mapped/target marginals, divided by one minus expected agreement; every cell and marginal is WTMEC4YR-weighted in the weighted sensitivity. Attainment difference is mapped minus observed target percentage points. WTMEC4YR changes evaluation weights only; the D7 headline crosswalk fit remains unweighted."
daily_steps,isotonic,whole_cohort_subject_grouped_5fold_oof,acti,vs,10000.0,WTMEC4YR_weighted_sensitivity,8646,WTMEC4YR,60103418.970971,7835425.728980999,11583219.4793785,101389921.812383,180911985.99171352,39.62514592793926,37.5535342932247,-2.07161163471456,10.73375271511803,0.7736325923232826,0.8609233445770349,0.9126067629427346,False,"Mapped source is the grouped five-fold OOF isotonic prediction on the target algorithm scale. Positive/negative agreement are symmetric: 2a/(2a+b+c) and 2d/(2d+b+c). Cohen kappa uses the observed agreement minus agreement expected from the mapped/target marginals, divided by one minus expected agreement; every cell and marginal is WTMEC4YR-weighted in the weighted sensitivity. Attainment difference is mapped minus observed target percentage points. WTMEC4YR changes evaluation weights only; the D7 headline crosswalk fit remains unweighted."
daily_steps,isotonic,whole_cohort_subject_grouped_5fold_oof,acti,vsrev,7000.0,unweighted_primary,8646,subjects,4736.0,568.0,443.0,2899.0,8646.0,59.900532037936614,61.34628730048577,1.4457552625491532,11.69326856349757,0.7551317910605054,0.9035581417533148,0.8515200469966221,False,"Mapped source is the grouped five-fold OOF isotonic prediction on the target algorithm scale. Positive/negative agreement are symmetric: 2a/(2a+b+c) and 2d/(2d+b+c). Cohen kappa uses the observed agreement minus agreement expected from the mapped/target marginals, divided by one minus expected agreement; every cell and marginal is WTMEC4YR-weighted in the weighted sensitivity. Attainment difference is mapped minus observed target percentage points. WTMEC4YR changes evaluation weights only; the D7 headline crosswalk fit remains unweighted."
daily_steps,isotonic,whole_cohort_subject_grouped_5fold_oof,acti,vsrev,7000.0,WTMEC4YR_weighted_sensitivity,8646,WTMEC4YR,102950476.31536,10964242.611181,9945037.7314985,57052229.333674,180911985.99171352,62.40355686108578,62.966927427217975,0.563370566132193,11.55770869910036,0.7529521485858401,0.9078115653400358,0.8451322028706533,False,"Mapped source is the grouped five-fold OOF isotonic prediction on the target algorithm scale. Positive/negative agreement are symmetric: 2a/(2a+b+c) and 2d/(2d+b+c). Cohen kappa uses the observed agreement minus agreement expected from the mapped/target marginals, divided by one minus expected agreement; every cell and marginal is WTMEC4YR-weighted in the weighted sensitivity. Attainment difference is mapped minus observed target percentage points. WTMEC4YR changes evaluation weights only; the D7 headline crosswalk fit remains unweighted."
daily_steps,isotonic,whole_cohort_subject_grouped_5fold_oof,acti,vsrev,8000.0,unweighted_primary,8646,subjects,3968.0,591.0,474.0,3613.0,8646.0,51.3763590099468,52.7295859356928,1.3532269257460094,12.317834836918806,0.7532725320594665,0.8816798133540718,0.8715474611024002,False,"Mapped source is the grouped five-fold OOF isotonic prediction on the target algorithm scale. Positive/negative agreement are symmetric: 2a/(2a+b+c) and 2d/(2d+b+c). Cohen kappa uses the observed agreement minus agreement expected from the mapped/target marginals, divided by one minus expected agreement; every cell and marginal is WTMEC4YR-weighted in the weighted sensitivity. Attainment difference is mapped minus observed target percentage points. WTMEC4YR changes evaluation weights only; the D7 headline crosswalk fit remains unweighted."
daily_steps,isotonic,whole_cohort_subject_grouped_5fold_oof,acti,vsrev,8000.0,WTMEC4YR_weighted_sensitivity,8646,WTMEC4YR,86243508.175904,11696224.2409445,10249642.046284,72722611.528581,180911985.99171352,53.33706868189915,54.13667418439291,0.799605502493772,12.130686735280054,0.7560391755028757,0.8871288334084371,0.8688946563811586,False,"Mapped source is the grouped five-fold OOF isotonic prediction on the target algorithm scale. Positive/negative agreement are symmetric: 2a/(2a+b+c) and 2d/(2d+b+c). Cohen kappa uses the observed agreement minus agreement expected from the mapped/target marginals, divided by one minus expected agreement; every cell and marginal is WTMEC4YR-weighted in the weighted sensitivity. Attainment difference is mapped minus observed target percentage points. WTMEC4YR changes evaluation weights only; the D7 headline crosswalk fit remains unweighted."
daily_steps,isotonic,whole_cohort_subject_grouped_5fold_oof,acti,vsrev,10000.0,unweighted_primary,8646,subjects,2543.0,438.0,449.0,5216.0,8646.0,34.605597964376585,34.478371501272264,-0.127226463104324,10.259079343048809,0.7731350024763156,0.8514984095094592,0.9216361869423094,False,"Mapped source is the grouped five-fold OOF isotonic prediction on the target algorithm scale. Positive/negative agreement are symmetric: 2a/(2a+b+c) and 2d/(2d+b+c). Cohen kappa uses the observed agreement minus agreement expected from the mapped/target marginals, divided by one minus expected agreement; every cell and marginal is WTMEC4YR-weighted in the weighted sensitivity. Attainment difference is mapped minus observed target percentage points. WTMEC4YR changes evaluation weights only; the D7 headline crosswalk fit remains unweighted."
daily_steps,isotonic,whole_cohort_subject_grouped_5fold_oof,acti,vsrev,10000.0,WTMEC4YR_weighted_sensitivity,8646,WTMEC4YR,52664968.5308105,8832878.722896,11132189.0402815,108281949.6977255,180911985.99171352,35.26419613458566,33.99324092131925,-1.270955213266417,11.035790499857749,0.7562904404429057,0.8406555170248415,0.915591447411226,False,"Mapped source is the grouped five-fold OOF isotonic prediction on the target algorithm scale. Positive/negative agreement are symmetric: 2a/(2a+b+c) and 2d/(2d+b+c). Cohen kappa uses the observed agreement minus agreement expected from the mapped/target marginals, divided by one minus expected agreement; every cell and marginal is WTMEC4YR-weighted in the weighted sensitivity. Attainment difference is mapped minus observed target percentage points. WTMEC4YR changes evaluation weights only; the D7 headline crosswalk fit remains unweighted."
daily_steps,isotonic,whole_cohort_subject_grouped_5fold_oof,adept,acti,7000.0,unweighted_primary,8646,subjects,7525.0,482.0,93.0,546.0,8646.0,88.11010872079575,92.60929909784872,4.499190377052975,6.650474207726116,0.6204738677426487,0.9632,0.6550689862027594,False,"Mapped source is the grouped five-fold OOF isotonic prediction on the target algorithm scale. Positive/negative agreement are symmetric: 2a/(2a+b+c) and 2d/(2d+b+c). Cohen kappa uses the observed agreement minus agreement expected from the mapped/target marginals, divided by one minus expected agreement; every cell and marginal is WTMEC4YR-weighted in the weighted sensitivity. Attainment difference is mapped minus observed target percentage points. WTMEC4YR changes evaluation weights only; the D7 headline crosswalk fit remains unweighted."
daily_steps,isotonic,whole_cohort_subject_grouped_5fold_oof,adept,acti,7000.0,WTMEC4YR_weighted_sensitivity,8646,WTMEC4YR,160251377.1410625,10180036.671381,1599334.6415054998,8881237.5377645,180911985.99171352,89.46378588203736,94.20681160409676,4.743025722059402,6.51110607642439,0.569047422586422,0.9645500904034684,0.6012648919092056,False,"Mapped source is the grouped five-fold OOF isotonic prediction on the target algorithm scale. Positive/negative agreement are symmetric: 2a/(2a+b+c) and 2d/(2d+b+c). Cohen kappa uses the observed agreement minus agreement expected from the mapped/target marginals, divided by one minus expected agreement; every cell and marginal is WTMEC4YR-weighted in the weighted sensitivity. Attainment difference is mapped minus observed target percentage points. WTMEC4YR changes evaluation weights only; the D7 headline crosswalk fit remains unweighted."
daily_steps,isotonic,whole_cohort_subject_grouped_5fold_oof,adept,acti,8000.0,unweighted_primary,8646,subjects,6939.0,595.0,207.0,905.0,8646.0,82.65093684941013,87.1385611843627,4.487624334952578,9.275965764515384,0.6397378714744761,0.9453678474114442,0.6929555895865237,False,"Mapped source is the grouped five-fold OOF isotonic prediction on the target algorithm scale. Positive/negative agreement are symmetric: 2a/(2a+b+c) and 2d/(2d+b+c). Cohen kappa uses the observed agreement minus agreement expected from the mapped/target marginals, divided by one minus expected agreement; every cell and marginal is WTMEC4YR-weighted in the weighted sensitivity. Attainment difference is mapped minus observed target percentage points. WTMEC4YR changes evaluation weights only; the D7 headline crosswalk fit remains unweighted."
daily_steps,isotonic,whole_cohort_subject_grouped_5fold_oof,adept,acti,8000.0,WTMEC4YR_weighted_sensitivity,8646,WTMEC4YR,149380417.298934,12593054.070440002,3376082.0134985,15562432.608841,180911985.99171352,84.43691471024445,89.5316418541738,5.094727143929346,8.827019390893177,0.6123917721657955,0.9492608344564576,0.6609093378653089,False,"Mapped source is the grouped five-fold OOF isotonic prediction on the target algorithm scale. Positive/negative agreement are symmetric: 2a/(2a+b+c) and 2d/(2d+b+c). Cohen kappa uses the observed agreement minus agreement expected from the mapped/target marginals, divided by one minus expected agreement; every cell and marginal is WTMEC4YR-weighted in the weighted sensitivity. Attainment difference is mapped minus observed target percentage points. WTMEC4YR changes evaluation weights only; the D7 headline crosswalk fit remains unweighted."
daily_steps,isotonic,whole_cohort_subject_grouped_5fold_oof,adept,acti,10000.0,unweighted_primary,8646,subjects,5314.0,1053.0,398.0,1881.0,8646.0,66.06523247744622,73.6409900532038,7.575757575757569,16.7823270876706,0.6042281089919102,0.8798741617683583,0.7216573949741032,False,"Mapped source is the grouped five-fold OOF isotonic prediction on the target algorithm scale. Positive/negative agreement are symmetric: 2a/(2a+b+c) and 2d/(2d+b+c). Cohen kappa uses the observed agreement minus agreement expected from the mapped/target marginals, divided by one minus expected agreement; every cell and marginal is WTMEC4YR-weighted in the weighted sensitivity. Attainment difference is mapped minus observed target percentage points. WTMEC4YR changes evaluation weights only; the D7 headline crosswalk fit remains unweighted."
daily_steps,isotonic,whole_cohort_subject_grouped_5fold_oof,adept,acti,10000.0,WTMEC4YR_weighted_sensitivity,8646,WTMEC4YR,115430361.44791,23305720.222403,7023214.332043501,35152689.989357,180911985.99171352,67.68682301987573,76.68705912977356,9.00023610989783,16.7644694121238,0.5866729235020961,0.8838815638776912,0.6986223367730828,False,"Mapped source is the grouped five-fold OOF isotonic prediction on the target algorithm scale. Positive/negative agreement are symmetric: 2a/(2a+b+c) and 2d/(2d+b+c). Cohen kappa uses the observed agreement minus agreement expected from the mapped/target marginals, divided by one minus expected agreement; every cell and marginal is WTMEC4YR-weighted in the weighted sensitivity. Attainment difference is mapped minus observed target percentage points. WTMEC4YR changes evaluation weights only; the D7 headline crosswalk fit remains unweighted."
daily_steps,isotonic,whole_cohort_subject_grouped_5fold_oof,adept,oak,7000.0,unweighted_primary,8646,subjects,6668.0,581.0,158.0,1239.0,8646.0,78.94980337728428,83.84223918575063,4.892435808466344,8.547305112190609,0.7188892900388235,0.9474955595026644,0.7702828722412185,False,"Mapped source is the grouped five-fold OOF isotonic prediction on the target algorithm scale. Positive/negative agreement are symmetric: 2a/(2a+b+c) and 2d/(2d+b+c). Cohen kappa uses the observed agreement minus agreement expected from the mapped/target marginals, divided by one minus expected agreement; every cell and marginal is WTMEC4YR-weighted in the weighted sensitivity. Attainment difference is mapped minus observed target percentage points. WTMEC4YR changes evaluation weights only; the D7 headline crosswalk fit remains unweighted."
daily_steps,isotonic,whole_cohort_subject_grouped_5fold_oof,adept,oak,7000.0,WTMEC4YR_weighted_sensitivity,8646,WTMEC4YR,144208810.79516748,12165369.0438575,3050995.1362225004,21486811.016466,180911985.99171352,81.39859010675781,86.43660561339894,5.038015506641136,8.410920977218707,0.6898495196151331,0.9498858332954024,0.7385054513610207,False,"Mapped source is the grouped five-fold OOF isotonic prediction on the target algorithm scale. Positive/negative agreement are symmetric: 2a/(2a+b+c) and 2d/(2d+b+c). Cohen kappa uses the observed agreement minus agreement expected from the mapped/target marginals, divided by one minus expected agreement; every cell and marginal is WTMEC4YR-weighted in the weighted sensitivity. Attainment difference is mapped minus observed target percentage points. WTMEC4YR changes evaluation weights only; the D7 headline crosswalk fit remains unweighted."
daily_steps,isotonic,whole_cohort_subject_grouped_5fold_oof,adept,oak,8000.0,unweighted_primary,8646,subjects,5981.0,674.0,296.0,1695.0,8646.0,72.60004626416841,76.97201017811705,4.37196391394864,11.219060837381448,0.7032671669685552,0.9249922672440458,0.7775229357798165,False,"Mapped source is the grouped five-fold OOF isotonic prediction on the target algorithm scale. Positive/negative agreement are symmetric: 2a/(2a+b+c) and 2d/(2d+b+c). Cohen kappa uses the observed agreement minus agreement expected from the mapped/target marginals, divided by one minus expected agreement; every cell and marginal is WTMEC4YR-weighted in the weighted sensitivity. Attainment difference is mapped minus observed target percentage points. WTMEC4YR changes evaluation weights only; the D7 headline crosswalk fit remains unweighted."
daily_steps,isotonic,whole_cohort_subject_grouped_5fold_oof,adept,oak,8000.0,WTMEC4YR_weighted_sensitivity,8646,WTMEC4YR,130109676.0836925,14145413.582427502,5888109.857079,30768786.468514506,180911985.99171352,75.17345254669901,79.73771824755018,4.564265700851178,11.073629715404326,0.68386330119662,0.9285162609085684,0.7544041415475042,False,"Mapped source is the grouped five-fold OOF isotonic prediction on the target algorithm scale. Positive/negative agreement are symmetric: 2a/(2a+b+c) and 2d/(2d+b+c). Cohen kappa uses the observed agreement minus agreement expected from the mapped/target marginals, divided by one minus expected agreement; every cell and marginal is WTMEC4YR-weighted in the weighted sensitivity. Attainment difference is mapped minus observed target percentage points. WTMEC4YR changes evaluation weights only; the D7 headline crosswalk fit remains unweighted."
daily_steps,isotonic,whole_cohort_subject_grouped_5fold_oof,adept,oak,10000.0,unweighted_primary,8646,subjects,4495.0,903.0,506.0,2742.0,8646.0,57.841776544066626,62.43349525792274,4.591718713856119,16.296553319454084,0.6608416647275791,0.8645062025194731,0.7955897287102858,False,"Mapped source is the grouped five-fold OOF isotonic prediction on the target algorithm scale. Positive/negative agreement are symmetric: 2a/(2a+b+c) and 2d/(2d+b+c). Cohen kappa uses the observed agreement minus agreement expected from the mapped/target marginals, divided by one minus expected agreement; every cell and marginal is WTMEC4YR-weighted in the weighted sensitivity. Attainment difference is mapped minus observed target percentage points. WTMEC4YR changes evaluation weights only; the D7 headline crosswalk fit remains unweighted."
daily_steps,isotonic,whole_cohort_subject_grouped_5fold_oof,adept,oak,10000.0,WTMEC4YR_weighted_sensitivity,8646,WTMEC4YR,98614734.543609,20090522.519146506,10181368.747111,52025360.181847,180911985.99171352,60.1375871777248,65.61492120715133,5.477334029426539,16.732938450879686,0.6427185062116002,0.8669375373438507,0.7746329460176501,False,"Mapped source is the grouped five-fold OOF isotonic prediction on the target algorithm scale. Positive/negative agreement are symmetric: 2a/(2a+b+c) and 2d/(2d+b+c). Cohen kappa uses the observed agreement minus agreement expected from the mapped/target marginals, divided by one minus expected agreement; every cell and marginal is WTMEC4YR-weighted in the weighted sensitivity. Attainment difference is mapped minus observed target percentage points. WTMEC4YR changes evaluation weights only; the D7 headline crosswalk fit remains unweighted."
daily_steps,isotonic,whole_cohort_subject_grouped_5fold_oof,adept,scrf,7000.0,unweighted_primary,8646,subjects,6268.0,711.0,197.0,1470.0,8646.0,74.77446217904233,80.71940781864446,5.944945639602128,10.501966227157066,0.6980359602765621,0.932460577209164,0.764033264033264,False,"Mapped source is the grouped five-fold OOF isotonic prediction on the target algorithm scale. Positive/negative agreement are symmetric: 2a/(2a+b+c) and 2d/(2d+b+c). Cohen kappa uses the observed agreement minus agreement expected from the mapped/target marginals, divided by one minus expected agreement; every cell and marginal is WTMEC4YR-weighted in the weighted sensitivity. Attainment difference is mapped minus observed target percentage points. WTMEC4YR changes evaluation weights only; the D7 headline crosswalk fit remains unweighted."
daily_steps,isotonic,whole_cohort_subject_grouped_5fold_oof,adept,scrf,7000.0,WTMEC4YR_weighted_sensitivity,8646,WTMEC4YR,136323340.58922848,14789189.6356185,3408358.439608,26391097.327258497,180911985.99171352,77.23739157627551,83.5282026210074,6.290811044731881,10.05878520180527,0.6830439579092414,0.9374319782038584,0.7436233582232896,False,"Mapped source is the grouped five-fold OOF isotonic prediction on the target algorithm scale. Positive/negative agreement are symmetric: 2a/(2a+b+c) and 2d/(2d+b+c). Cohen kappa uses the observed agreement minus agreement expected from the mapped/target marginals, divided by one minus expected agreement; every cell and marginal is WTMEC4YR-weighted in the weighted sensitivity. Attainment difference is mapped minus observed target percentage points. WTMEC4YR changes evaluation weights only; the D7 headline crosswalk fit remains unweighted."
daily_steps,isotonic,whole_cohort_subject_grouped_5fold_oof,adept,scrf,8000.0,unweighted_primary,8646,subjects,5616.0,825.0,296.0,1909.0,8646.0,68.37844089752487,74.49687716863289,6.118436271108019,12.965533194540829,0.6837344048849472,0.9092528130818424,0.7730309779307553,False,"Mapped source is the grouped five-fold OOF isotonic prediction on the target algorithm scale. Positive/negative agreement are symmetric: 2a/(2a+b+c) and 2d/(2d+b+c). Cohen kappa uses the observed agreement minus agreement expected from the mapped/target marginals, divided by one minus expected agreement; every cell and marginal is WTMEC4YR-weighted in the weighted sensitivity. Attainment difference is mapped minus observed target percentage points. WTMEC4YR changes evaluation weights only; the D7 headline crosswalk fit remains unweighted."
daily_steps,isotonic,whole_cohort_subject_grouped_5fold_oof,adept,scrf,8000.0,WTMEC4YR_weighted_sensitivity,8646,WTMEC4YR,122888540.96157353,17325838.1573815,5370205.7068245,35327401.165934004,180911985.99171352,70.89566009975302,77.50419539663744,6.608535296884432,12.545351121868492,0.6741943986358363,0.915462511200534,0.7568737211386894,False,"Mapped source is the grouped five-fold OOF isotonic prediction on the target algorithm scale. Positive/negative agreement are symmetric: 2a/(2a+b+c) and 2d/(2d+b+c). Cohen kappa uses the observed agreement minus agreement expected from the mapped/target marginals, divided by one minus expected agreement; every cell and marginal is WTMEC4YR-weighted in the weighted sensitivity. Attainment difference is mapped minus observed target percentage points. WTMEC4YR changes evaluation weights only; the D7 headline crosswalk fit remains unweighted."
daily_steps,isotonic,whole_cohort_subject_grouped_5fold_oof,adept,scrf,10000.0,unweighted_primary,8646,subjects,4112.0,1037.0,536.0,2961.0,8646.0,53.7589636826278,59.55355077492482,5.7945870922970215,18.193384223918574,0.63082933389519,0.8394406450954374,0.790126751167445,False,"Mapped source is the grouped five-fold OOF isotonic prediction on the target algorithm scale. Positive/negative agreement are symmetric: 2a/(2a+b+c) and 2d/(2d+b+c). Cohen kappa uses the observed agreement minus agreement expected from the mapped/target marginals, divided by one minus expected agreement; every cell and marginal is WTMEC4YR-weighted in the weighted sensitivity. Attainment difference is mapped minus observed target percentage points. WTMEC4YR changes evaluation weights only; the D7 headline crosswalk fit remains unweighted."
daily_steps,isotonic,whole_cohort_subject_grouped_5fold_oof,adept,scrf,10000.0,WTMEC4YR_weighted_sensitivity,8646,WTMEC4YR,91218637.011726,22071020.6464435,10653517.5696695,56968810.7638745,180911985.99171352,56.31034009325487,62.621421702461774,6.311081609206903,18.088651250344416,0.6263222809544184,0.8479073127545659,0.7768712920001675,False,"Mapped source is the grouped five-fold OOF isotonic prediction on the target algorithm scale. Positive/negative agreement are symmetric: 2a/(2a+b+c) and 2d/(2d+b+c). Cohen kappa uses the observed agreement minus agreement expected from the mapped/target marginals, divided by one minus expected agreement; every cell and marginal is WTMEC4YR-weighted in the weighted sensitivity. Attainment difference is mapped minus observed target percentage points. WTMEC4YR changes evaluation weights only; the D7 headline crosswalk fit remains unweighted."
daily_steps,isotonic,whole_cohort_subject_grouped_5fold_oof,adept,scssl,7000.0,unweighted_primary,8646,subjects,4902.0,818.0,470.0,2456.0,8646.0,62.13277816331251,66.15776081424937,4.024982650936848,14.8970622253065,0.6767076532397956,0.8838802740714028,0.792258064516129,False,"Mapped source is the grouped five-fold OOF isotonic prediction on the target algorithm scale. Positive/negative agreement are symmetric: 2a/(2a+b+c) and 2d/(2d+b+c). Cohen kappa uses the observed agreement minus agreement expected from the mapped/target marginals, divided by one minus expected agreement; every cell and marginal is WTMEC4YR-weighted in the weighted sensitivity. Attainment difference is mapped minus observed target percentage points. WTMEC4YR changes evaluation weights only; the D7 headline crosswalk fit remains unweighted."
daily_steps,isotonic,whole_cohort_subject_grouped_5fold_oof,adept,scssl,7000.0,WTMEC4YR_weighted_sensitivity,8646,WTMEC4YR,107969471.109277,16793654.1364585,8942567.608155001,47206293.137823,180911985.99171352,64.62371084842717,68.96343797334143,4.339727124914273,14.225824565207262,0.6799854702627546,0.893509033685663,0.7857971113598242,False,"Mapped source is the grouped five-fold OOF isotonic prediction on the target algorithm scale. Positive/negative agreement are symmetric: 2a/(2a+b+c) and 2d/(2d+b+c). Cohen kappa uses the observed agreement minus agreement expected from the mapped/target marginals, divided by one minus expected agreement; every cell and marginal is WTMEC4YR-weighted in the weighted sensitivity. Attainment difference is mapped minus observed target percentage points. WTMEC4YR changes evaluation weights only; the D7 headline crosswalk fit remains unweighted."
daily_steps,isotonic,whole_cohort_subject_grouped_5fold_oof,adept,scssl,8000.0,unweighted_primary,8646,subjects,3973.0,815.0,593.0,3265.0,8646.0,52.81054823039556,55.378209576682856,2.5676613462872977,16.28498727735369,0.6723190011011376,0.8494761599315801,0.8226253464348703,False,"Mapped source is the grouped five-fold OOF isotonic prediction on the target algorithm scale. Positive/negative agreement are symmetric: 2a/(2a+b+c) and 2d/(2d+b+c). Cohen kappa uses the observed agreement minus agreement expected from the mapped/target marginals, divided by one minus expected agreement; every cell and marginal is WTMEC4YR-weighted in the weighted sensitivity. Attainment difference is mapped minus observed target percentage points. WTMEC4YR changes evaluation weights only; the D7 headline crosswalk fit remains unweighted."
daily_steps,isotonic,whole_cohort_subject_grouped_5fold_oof,adept,scssl,8000.0,WTMEC4YR_weighted_sensitivity,8646,WTMEC4YR,88615456.78321949,17227078.8987675,11610682.449347,63458767.8603795,180911985.99171352,55.40049692293867,58.50498799279943,3.1044910698607597,15.940216006160798,0.6752288331120153,0.8600575203384402,0.8148521309335457,False,"Mapped source is the grouped five-fold OOF isotonic prediction on the target algorithm scale. Positive/negative agreement are symmetric: 2a/(2a+b+c) and 2d/(2d+b+c). Cohen kappa uses the observed agreement minus agreement expected from the mapped/target marginals, divided by one minus expected agreement; every cell and marginal is WTMEC4YR-weighted in the weighted sensitivity. Attainment difference is mapped minus observed target percentage points. WTMEC4YR changes evaluation weights only; the D7 headline crosswalk fit remains unweighted."
daily_steps,isotonic,whole_cohort_subject_grouped_5fold_oof,adept,scssl,10000.0,unweighted_primary,8646,subjects,2253.0,666.0,777.0,4950.0,8646.0,35.04510756419153,33.76127689104788,-1.2838306731436544,16.689798750867453,0.6302907071949511,0.7574382249117498,0.8727849775191748,False,"Mapped source is the grouped five-fold OOF isotonic prediction on the target algorithm scale. Positive/negative agreement are symmetric: 2a/(2a+b+c) and 2d/(2d+b+c). Cohen kappa uses the observed agreement minus agreement expected from the mapped/target marginals, divided by one minus expected agreement; every cell and marginal is WTMEC4YR-weighted in the weighted sensitivity. Attainment difference is mapped minus observed target percentage points. WTMEC4YR changes evaluation weights only; the D7 headline crosswalk fit remains unweighted."
daily_steps,isotonic,whole_cohort_subject_grouped_5fold_oof,adept,scssl,10000.0,WTMEC4YR_weighted_sensitivity,8646,WTMEC4YR,50444195.1100975,15573768.4317615,15241025.460667498,99652996.989187,180911985.99171352,36.30783234769952,36.49175767982719,0.1839253321276601,17.033030577554122,0.6321227845511755,0.7660284821506047,0.8660929584956515,False,"Mapped source is the grouped five-fold OOF isotonic prediction on the target algorithm scale. Positive/negative agreement are symmetric: 2a/(2a+b+c) and 2d/(2d+b+c). Cohen kappa uses the observed agreement minus agreement expected from the mapped/target marginals, divided by one minus expected agreement; every cell and marginal is WTMEC4YR-weighted in the weighted sensitivity. Attainment difference is mapped minus observed target percentage points. WTMEC4YR changes evaluation weights only; the D7 headline crosswalk fit remains unweighted."
daily_steps,isotonic,whole_cohort_subject_grouped_5fold_oof,adept,vs,7000.0,unweighted_primary,8646,subjects,5600.0,846.0,330.0,1870.0,8646.0,68.58662965533195,74.55470737913485,5.968077723802912,13.60166551006246,0.6672148664879017,0.9049773755656108,0.7607811228641171,False,"Mapped source is the grouped five-fold OOF isotonic prediction on the target algorithm scale. Positive/negative agreement are symmetric: 2a/(2a+b+c) and 2d/(2d+b+c). Cohen kappa uses the observed agreement minus agreement expected from the mapped/target marginals, divided by one minus expected agreement; every cell and marginal is WTMEC4YR-weighted in the weighted sensitivity. Attainment difference is mapped minus observed target percentage points. WTMEC4YR changes evaluation weights only; the D7 headline crosswalk fit remains unweighted."
daily_steps,isotonic,whole_cohort_subject_grouped_5fold_oof,adept,vs,7000.0,WTMEC4YR_weighted_sensitivity,8646,WTMEC4YR,122017241.3382765,18269683.762484,5929491.5347725,34695569.356180504,180911985.99171352,70.72319292261237,77.54429554887878,6.821102626266418,13.376214497122882,0.653321211663298,0.909783226012526,0.741435045353414,False,"Mapped source is the grouped five-fold OOF isotonic prediction on the target algorithm scale. Positive/negative agreement are symmetric: 2a/(2a+b+c) and 2d/(2d+b+c). Cohen kappa uses the observed agreement minus agreement expected from the mapped/target marginals, divided by one minus expected agreement; every cell and marginal is WTMEC4YR-weighted in the weighted sensitivity. Attainment difference is mapped minus observed target percentage points. WTMEC4YR changes evaluation weights only; the D7 headline crosswalk fit remains unweighted."
daily_steps,isotonic,whole_cohort_subject_grouped_5fold_oof,adept,vs,8000.0,unweighted_primary,8646,subjects,4662.0,1055.0,417.0,2512.0,8646.0,58.74392782789729,66.12306268794819,7.379134860050895,17.025213971778857,0.6391466369974934,0.8636532048907003,0.7733990147783252,False,"Mapped source is the grouped five-fold OOF isotonic prediction on the target algorithm scale. Positive/negative agreement are symmetric: 2a/(2a+b+c) and 2d/(2d+b+c). Cohen kappa uses the observed agreement minus agreement expected from the mapped/target marginals, divided by one minus expected agreement; every cell and marginal is WTMEC4YR-weighted in the weighted sensitivity. Attainment difference is mapped minus observed target percentage points. WTMEC4YR changes evaluation weights only; the D7 headline crosswalk fit remains unweighted."
daily_steps,isotonic,whole_cohort_subject_grouped_5fold_oof,adept,vs,8000.0,WTMEC4YR_weighted_sensitivity,8646,WTMEC4YR,101327122.350611,23385786.9034545,7757329.610333,48441747.127315,180911985.99171352,60.29697333925708,68.93568083420291,8.63870749494583,17.21451253938143,0.6265864496112484,0.8667944054118428,0.7567449741357201,False,"Mapped source is the grouped five-fold OOF isotonic prediction on the target algorithm scale. Positive/negative agreement are symmetric: 2a/(2a+b+c) and 2d/(2d+b+c). Cohen kappa uses the observed agreement minus agreement expected from the mapped/target marginals, divided by one minus expected agreement; every cell and marginal is WTMEC4YR-weighted in the weighted sensitivity. Attainment difference is mapped minus observed target percentage points. WTMEC4YR changes evaluation weights only; the D7 headline crosswalk fit remains unweighted."
daily_steps,isotonic,whole_cohort_subject_grouped_5fold_oof,adept,vs,10000.0,unweighted_primary,8646,subjects,2647.0,1006.0,750.0,4243.0,8646.0,39.28984501503586,42.25075179273652,2.960906777700667,20.30996992829054,0.5798524333944786,0.7509219858156029,0.8285491115016599,False,"Mapped source is the grouped five-fold OOF isotonic prediction on the target algorithm scale. Positive/negative agreement are symmetric: 2a/(2a+b+c) and 2d/(2d+b+c). Cohen kappa uses the observed agreement minus agreement expected from the mapped/target marginals, divided by one minus expected agreement; every cell and marginal is WTMEC4YR-weighted in the weighted sensitivity. Attainment difference is mapped minus observed target percentage points. WTMEC4YR changes evaluation weights only; the D7 headline crosswalk fit remains unweighted."
daily_steps,isotonic,whole_cohort_subject_grouped_5fold_oof,adept,vs,10000.0,WTMEC4YR_weighted_sensitivity,8646,WTMEC4YR,57729532.2178455,24045444.024717003,13957106.232504,85179903.516647,180911985.99171352,39.62514592793925,45.201524815668165,5.576378887728916,21.006098655598013,0.5713419919735595,0.752364457175386,0.817613167985833,False,"Mapped source is the grouped five-fold OOF isotonic prediction on the target algorithm scale. Positive/negative agreement are symmetric: 2a/(2a+b+c) and 2d/(2d+b+c). Cohen kappa uses the observed agreement minus agreement expected from the mapped/target marginals, divided by one minus expected agreement; every cell and marginal is WTMEC4YR-weighted in the weighted sensitivity. Attainment difference is mapped minus observed target percentage points. WTMEC4YR changes evaluation weights only; the D7 headline crosswalk fit remains unweighted."
daily_steps,isotonic,whole_cohort_subject_grouped_5fold_oof,adept,vsrev,7000.0,unweighted_primary,8646,subjects,4765.0,1029.0,414.0,2438.0,8646.0,59.900532037936614,67.01364792967847,7.113115891741851,16.689798750867453,0.642088803741639,0.8684953977945867,0.7716410824497547,False,"Mapped source is the grouped five-fold OOF isotonic prediction on the target algorithm scale. Positive/negative agreement are symmetric: 2a/(2a+b+c) and 2d/(2d+b+c). Cohen kappa uses the observed agreement minus agreement expected from the mapped/target marginals, divided by one minus expected agreement; every cell and marginal is WTMEC4YR-weighted in the weighted sensitivity. Attainment difference is mapped minus observed target percentage points. WTMEC4YR changes evaluation weights only; the D7 headline crosswalk fit remains unweighted."
daily_steps,isotonic,whole_cohort_subject_grouped_5fold_oof,adept,vsrev,7000.0,WTMEC4YR_weighted_sensitivity,8646,WTMEC4YR,104811954.9884485,21535092.112487,8083559.05841,46481379.832368,180911985.99171352,62.40355686108578,69.83895865624,7.435401795154217,16.371856739361455,0.6368147354919846,0.876198235678476,0.7583756707563754,False,"Mapped source is the grouped five-fold OOF isotonic prediction on the target algorithm scale. Positive/negative agreement are symmetric: 2a/(2a+b+c) and 2d/(2d+b+c). Cohen kappa uses the observed agreement minus agreement expected from the mapped/target marginals, divided by one minus expected agreement; every cell and marginal is WTMEC4YR-weighted in the weighted sensitivity. Attainment difference is mapped minus observed target percentage points. WTMEC4YR changes evaluation weights only; the D7 headline crosswalk fit remains unweighted."
daily_steps,isotonic,whole_cohort_subject_grouped_5fold_oof,adept,vsrev,8000.0,unweighted_primary,8646,subjects,3905.0,1163.0,537.0,3041.0,8646.0,51.3763590099468,58.616701364792966,7.240342354846174,19.66227157066852,0.604880171555695,0.8212407991587802,0.7815471601130815,False,"Mapped source is the grouped five-fold OOF isotonic prediction on the target algorithm scale. Positive/negative agreement are symmetric: 2a/(2a+b+c) and 2d/(2d+b+c). Cohen kappa uses the observed agreement minus agreement expected from the mapped/target marginals, divided by one minus expected agreement; every cell and marginal is WTMEC4YR-weighted in the weighted sensitivity. Attainment difference is mapped minus observed target percentage points. WTMEC4YR changes evaluation weights only; the D7 headline crosswalk fit remains unweighted."
daily_steps,isotonic,whole_cohort_subject_grouped_5fold_oof,adept,vsrev,8000.0,WTMEC4YR_weighted_sensitivity,8646,WTMEC4YR,85995804.64485401,25947931.848384,10497345.577334002,58470903.9211415,180911985.99171352,53.33706868189915,61.87745708477572,8.540388402876575,20.145308353083543,0.5906031088715537,0.8251495788484123,0.762396701377824,False,"Mapped source is the grouped five-fold OOF isotonic prediction on the target algorithm scale. Positive/negative agreement are symmetric: 2a/(2a+b+c) and 2d/(2d+b+c). Cohen kappa uses the observed agreement minus agreement expected from the mapped/target marginals, divided by one minus expected agreement; every cell and marginal is WTMEC4YR-weighted in the weighted sensitivity. Attainment difference is mapped minus observed target percentage points. WTMEC4YR changes evaluation weights only; the D7 headline crosswalk fit remains unweighted."
daily_steps,isotonic,whole_cohort_subject_grouped_5fold_oof,adept,vsrev,10000.0,unweighted_primary,8646,subjects,2236.0,1052.0,756.0,4602.0,8646.0,34.605597964376585,38.02914642609299,3.4235484617164023,20.911404117510987,0.5484894236781503,0.7121019108280254,0.8358154740283328,False,"Mapped source is the grouped five-fold OOF isotonic prediction on the target algorithm scale. Positive/negative agreement are symmetric: 2a/(2a+b+c) and 2d/(2d+b+c). Cohen kappa uses the observed agreement minus agreement expected from the mapped/target marginals, divided by one minus expected agreement; every cell and marginal is WTMEC4YR-weighted in the weighted sensitivity. Attainment difference is mapped minus observed target percentage points. WTMEC4YR changes evaluation weights only; the D7 headline crosswalk fit remains unweighted."
daily_steps,isotonic,whole_cohort_subject_grouped_5fold_oof,adept,vsrev,10000.0,WTMEC4YR_weighted_sensitivity,8646,WTMEC4YR,48655051.972939,25064244.494694,15142105.598153,92050583.9259275,180911985.99171352,35.26419613458567,40.74870775616251,5.484511621576843,22.224259975062463,0.5298790629236664,0.7076251683923963,0.8207534439271047,False,"Mapped source is the grouped five-fold OOF isotonic prediction on the target algorithm scale. Positive/negative agreement are symmetric: 2a/(2a+b+c) and 2d/(2d+b+c). Cohen kappa uses the observed agreement minus agreement expected from the mapped/target marginals, divided by one minus expected agreement; every cell and marginal is WTMEC4YR-weighted in the weighted sensitivity. Attainment difference is mapped minus observed target percentage points. WTMEC4YR changes evaluation weights only; the D7 headline crosswalk fit remains unweighted."
daily_steps,isotonic,whole_cohort_subject_grouped_5fold_oof,oak,acti,7000.0,unweighted_primary,8646,subjects,7467.0,214.0,151.0,814.0,8646.0,88.11010872079575,88.83876937312051,0.7286606523247752,4.2216053666435345,0.7930281795538372,0.9761422315183998,0.81685900652283,False,"Mapped source is the grouped five-fold OOF isotonic prediction on the target algorithm scale. Positive/negative agreement are symmetric: 2a/(2a+b+c) and 2d/(2d+b+c). Cohen kappa uses the observed agreement minus agreement expected from the mapped/target marginals, divided by one minus expected agreement; every cell and marginal is WTMEC4YR-weighted in the weighted sensitivity. Attainment difference is mapped minus observed target percentage points. WTMEC4YR changes evaluation weights only; the D7 headline crosswalk fit remains unweighted."
daily_steps,isotonic,whole_cohort_subject_grouped_5fold_oof,oak,acti,7000.0,WTMEC4YR_weighted_sensitivity,8646,WTMEC4YR,159287193.2217195,5149222.1577795,2563518.5608485006,13912052.051366,180911985.99171352,89.46378588203736,90.89304640491362,1.4292605228762634,4.2632557905706,0.759465753639768,0.9763621054078636,0.7829649548968362,False,"Mapped source is the grouped five-fold OOF isotonic prediction on the target algorithm scale. Positive/negative agreement are symmetric: 2a/(2a+b+c) and 2d/(2d+b+c). Cohen kappa uses the observed agreement minus agreement expected from the mapped/target marginals, divided by one minus expected agreement; every cell and marginal is WTMEC4YR-weighted in the weighted sensitivity. Attainment difference is mapped minus observed target percentage points. WTMEC4YR changes evaluation weights only; the D7 headline crosswalk fit remains unweighted."
daily_steps,isotonic,whole_cohort_subject_grouped_5fold_oof,oak,acti,8000.0,unweighted_primary,8646,subjects,6972.0,271.0,174.0,1229.0,8646.0,82.65093684941013,83.77284293314827,1.1219060837381445,5.146888734674994,0.8158253830072065,0.969073597887275,0.8467102996899759,False,"Mapped source is the grouped five-fold OOF isotonic prediction on the target algorithm scale. Positive/negative agreement are symmetric: 2a/(2a+b+c) and 2d/(2d+b+c). Cohen kappa uses the observed agreement minus agreement expected from the mapped/target marginals, divided by one minus expected agreement; every cell and marginal is WTMEC4YR-weighted in the weighted sensitivity. Attainment difference is mapped minus observed target percentage points. WTMEC4YR changes evaluation weights only; the D7 headline crosswalk fit remains unweighted."
daily_steps,isotonic,whole_cohort_subject_grouped_5fold_oof,oak,acti,8000.0,WTMEC4YR_weighted_sensitivity,8646,WTMEC4YR,149779672.70033097,6045156.9199870005,2976826.6121015,22110329.759293996,180911985.99171352,84.43691471024441,86.13294954788422,1.6960348376398038,4.986946267065877,0.8014264845907569,0.9707630284590072,0.8305496681766652,False,"Mapped source is the grouped five-fold OOF isotonic prediction on the target algorithm scale. Positive/negative agreement are symmetric: 2a/(2a+b+c) and 2d/(2d+b+c). Cohen kappa uses the observed agreement minus agreement expected from the mapped/target marginals, divided by one minus expected agreement; every cell and marginal is WTMEC4YR-weighted in the weighted sensitivity. Attainment difference is mapped minus observed target percentage points. WTMEC4YR changes evaluation weights only; the D7 headline crosswalk fit remains unweighted."
daily_steps,isotonic,whole_cohort_subject_grouped_5fold_oof,oak,acti,10000.0,unweighted_primary,8646,subjects,5373.0,355.0,339.0,2579.0,8646.0,66.06523247744622,66.25028915105251,0.1850566736062875,8.026833217672912,0.8207444154145742,0.9393356643356644,0.881408065618592,False,"Mapped source is the grouped five-fold OOF isotonic prediction on the target algorithm scale. Positive/negative agreement are symmetric: 2a/(2a+b+c) and 2d/(2d+b+c). Cohen kappa uses the observed agreement minus agreement expected from the mapped/target marginals, divided by one minus expected agreement; every cell and marginal is WTMEC4YR-weighted in the weighted sensitivity. Attainment difference is mapped minus observed target percentage points. WTMEC4YR changes evaluation weights only; the D7 headline crosswalk fit remains unweighted."
daily_steps,isotonic,whole_cohort_subject_grouped_5fold_oof,oak,acti,10000.0,WTMEC4YR_weighted_sensitivity,8646,WTMEC4YR,116265830.7476725,8658071.115588,6187745.032281,49800339.096172,180911985.99171352,67.68682301987572,69.05230804828072,1.3654850284050002,8.206098709539896,0.8103096831303043,0.9399871957249044,0.8702815998562865,False,"Mapped source is the grouped five-fold OOF isotonic prediction on the target algorithm scale. Positive/negative agreement are symmetric: 2a/(2a+b+c) and 2d/(2d+b+c). Cohen kappa uses the observed agreement minus agreement expected from the mapped/target marginals, divided by one minus expected agreement; every cell and marginal is WTMEC4YR-weighted in the weighted sensitivity. Attainment difference is mapped minus observed target percentage points. WTMEC4YR changes evaluation weights only; the D7 headline crosswalk fit remains unweighted."
daily_steps,isotonic,whole_cohort_subject_grouped_5fold_oof,oak,adept,7000.0,unweighted_primary,8646,subjects,8.0,12.0,116.0,8510.0,8646.0,1.4341892204487623,0.2313208420078649,-1.2028683784408976,1.4804533888503355,0.1075557390586304,0.1111111111111111,0.9925355726615348,True,"Mapped source is the grouped five-fold OOF isotonic prediction on the target algorithm scale. Positive/negative agreement are symmetric: 2a/(2a+b+c) and 2d/(2d+b+c). Cohen kappa uses the observed agreement minus agreement expected from the mapped/target marginals, divided by one minus expected agreement; every cell and marginal is WTMEC4YR-weighted in the weighted sensitivity. Attainment difference is mapped minus observed target percentage points. WTMEC4YR changes evaluation weights only; the D7 headline crosswalk fit remains unweighted."
daily_steps,isotonic,whole_cohort_subject_grouped_5fold_oof,oak,adept,7000.0,WTMEC4YR_weighted_sensitivity,8646,WTMEC4YR,112626.6434475,181180.685584,2161976.157838,178456202.50484398,180911985.99171352,1.2572980108624123,0.1624034623360762,-1.0948945485263362,1.295191598598296,0.0850696378773392,0.0877014477696358,0.993477743722782,True,"Mapped source is the grouped five-fold OOF isotonic prediction on the target algorithm scale. Positive/negative agreement are symmetric: 2a/(2a+b+c) and 2d/(2d+b+c). Cohen kappa uses the observed agreement minus agreement expected from the mapped/target marginals, divided by one minus expected agreement; every cell and marginal is WTMEC4YR-weighted in the weighted sensitivity. Attainment difference is mapped minus observed target percentage points. WTMEC4YR changes evaluation weights only; the D7 headline crosswalk fit remains unweighted."
daily_steps,isotonic,whole_cohort_subject_grouped_5fold_oof,oak,adept,8000.0,unweighted_primary,8646,subjects,0.0,0.0,68.0,8578.0,8646.0,0.7864908628267407,0.0,-0.7864908628267407,0.7864908628267407,0.0,0.0,0.9960520204366,True,"Mapped source is the grouped five-fold OOF isotonic prediction on the target algorithm scale. Positive/negative agreement are symmetric: 2a/(2a+b+c) and 2d/(2d+b+c). Cohen kappa uses the observed agreement minus agreement expected from the mapped/target marginals, divided by one minus expected agreement; every cell and marginal is WTMEC4YR-weighted in the weighted sensitivity. Attainment difference is mapped minus observed target percentage points. WTMEC4YR changes evaluation weights only; the D7 headline crosswalk fit remains unweighted."
daily_steps,isotonic,whole_cohort_subject_grouped_5fold_oof,oak,adept,8000.0,WTMEC4YR_weighted_sensitivity,8646,WTMEC4YR,0.0,0.0,1152390.2130999998,179759595.7786135,180911985.99171352,0.636989421559268,0.0,-0.636989421559268,0.636989421559268,-1.742922232377863e-14,0.0,0.99680487659315,True,"Mapped source is the grouped five-fold OOF isotonic prediction on the target algorithm scale. Positive/negative agreement are symmetric: 2a/(2a+b+c) and 2d/(2d+b+c). Cohen kappa uses the observed agreement minus agreement expected from the mapped/target marginals, divided by one minus expected agreement; every cell and marginal is WTMEC4YR-weighted in the weighted sensitivity. Attainment difference is mapped minus observed target percentage points. WTMEC4YR changes evaluation weights only; the D7 headline crosswalk fit remains unweighted."
daily_steps,isotonic,whole_cohort_subject_grouped_5fold_oof,oak,adept,10000.0,unweighted_primary,8646,subjects,0.0,0.0,17.0,8629.0,8646.0,0.1966227157066851,0.0,-0.1966227157066851,0.1966227157066851,0.0,0.0,0.999015918958032,True,"Mapped source is the grouped five-fold OOF isotonic prediction on the target algorithm scale. Positive/negative agreement are symmetric: 2a/(2a+b+c) and 2d/(2d+b+c). Cohen kappa uses the observed agreement minus agreement expected from the mapped/target marginals, divided by one minus expected agreement; every cell and marginal is WTMEC4YR-weighted in the weighted sensitivity. Attainment difference is mapped minus observed target percentage points. WTMEC4YR changes evaluation weights only; the D7 headline crosswalk fit remains unweighted."
daily_steps,isotonic,whole_cohort_subject_grouped_5fold_oof,oak,adept,10000.0,WTMEC4YR_weighted_sensitivity,8646,WTMEC4YR,0.0,0.0,283497.14612499997,180628488.8455885,180911985.99171352,0.1567044574581063,0.0,-0.1567044574581063,0.1567044574581063,-7.084820959365515e-14,0.0,0.9992158633241476,True,"Mapped source is the grouped five-fold OOF isotonic prediction on the target algorithm scale. Positive/negative agreement are symmetric: 2a/(2a+b+c) and 2d/(2d+b+c). Cohen kappa uses the observed agreement minus agreement expected from the mapped/target marginals, divided by one minus expected agreement; every cell and marginal is WTMEC4YR-weighted in the weighted sensitivity. Attainment difference is mapped minus observed target percentage points. WTMEC4YR changes evaluation weights only; the D7 headline crosswalk fit remains unweighted."
daily_steps,isotonic,whole_cohort_subject_grouped_5fold_oof,oak,scrf,7000.0,unweighted_primary,8646,subjects,6244.0,332.0,221.0,1849.0,8646.0,74.77446217904233,76.05829285218599,1.2838306731436488,6.3960212815174655,0.8275465660607328,0.9575952764358562,0.8699129616560809,False,"Mapped source is the grouped five-fold OOF isotonic prediction on the target algorithm scale. Positive/negative agreement are symmetric: 2a/(2a+b+c) and 2d/(2d+b+c). Cohen kappa uses the observed agreement minus agreement expected from the mapped/target marginals, divided by one minus expected agreement; every cell and marginal is WTMEC4YR-weighted in the weighted sensitivity. Attainment difference is mapped minus observed target percentage points. WTMEC4YR changes evaluation weights only; the D7 headline crosswalk fit remains unweighted."
daily_steps,isotonic,whole_cohort_subject_grouped_5fold_oof,oak,scrf,7000.0,WTMEC4YR_weighted_sensitivity,8646,WTMEC4YR,135587818.456541,6563964.6999160005,4143880.572295501,34616322.262961,180911985.99171352,77.23739157627551,78.57510511380275,1.3377135375272298,5.918814728340864,0.8281101913994623,0.9620132219554008,0.8660522934091215,False,"Mapped source is the grouped five-fold OOF isotonic prediction on the target algorithm scale. Positive/negative agreement are symmetric: 2a/(2a+b+c) and 2d/(2d+b+c). Cohen kappa uses the observed agreement minus agreement expected from the mapped/target marginals, divided by one minus expected agreement; every cell and marginal is WTMEC4YR-weighted in the weighted sensitivity. Attainment difference is mapped minus observed target percentage points. WTMEC4YR changes evaluation weights only; the D7 headline crosswalk fit remains unweighted."
daily_steps,isotonic,whole_cohort_subject_grouped_5fold_oof,oak,scrf,8000.0,unweighted_primary,8646,subjects,5688.0,403.0,224.0,2331.0,8646.0,68.37844089752487,70.44876243349526,2.0703215359703875,7.251908396946565,0.8293012830738404,0.9477630592351912,0.8814520703346569,False,"Mapped source is the grouped five-fold OOF isotonic prediction on the target algorithm scale. Positive/negative agreement are symmetric: 2a/(2a+b+c) and 2d/(2d+b+c). Cohen kappa uses the observed agreement minus agreement expected from the mapped/target marginals, divided by one minus expected agreement; every cell and marginal is WTMEC4YR-weighted in the weighted sensitivity. Attainment difference is mapped minus observed target percentage points. WTMEC4YR changes evaluation weights only; the D7 headline crosswalk fit remains unweighted."
daily_steps,isotonic,whole_cohort_subject_grouped_5fold_oof,oak,scrf,8000.0,WTMEC4YR_weighted_sensitivity,8646,WTMEC4YR,124131492.62437253,8137358.4283015,4127254.0440255,44515880.895014,180911985.99171352,70.89566009975302,73.11226524191295,2.216605142159944,6.779325540591195,0.8319498221062019,0.952923941342069,0.8789234801182324,False,"Mapped source is the grouped five-fold OOF isotonic prediction on the target algorithm scale. Positive/negative agreement are symmetric: 2a/(2a+b+c) and 2d/(2d+b+c). Cohen kappa uses the observed agreement minus agreement expected from the mapped/target marginals, divided by one minus expected agreement; every cell and marginal is WTMEC4YR-weighted in the weighted sensitivity. Attainment difference is mapped minus observed target percentage points. WTMEC4YR changes evaluation weights only; the D7 headline crosswalk fit remains unweighted."
daily_steps,isotonic,whole_cohort_subject_grouped_5fold_oof,oak,scrf,10000.0,unweighted_primary,8646,subjects,4368.0,529.0,280.0,3469.0,8646.0,53.7589636826278,56.63890816562572,2.8799444829979204,9.356928059218134,0.8109745554738276,0.9152435830277632,0.8955724796695494,False,"Mapped source is the grouped five-fold OOF isotonic prediction on the target algorithm scale. Positive/negative agreement are symmetric: 2a/(2a+b+c) and 2d/(2d+b+c). Cohen kappa uses the observed agreement minus agreement expected from the mapped/target marginals, divided by one minus expected agreement; every cell and marginal is WTMEC4YR-weighted in the weighted sensitivity. Attainment difference is mapped minus observed target percentage points. WTMEC4YR changes evaluation weights only; the D7 headline crosswalk fit remains unweighted."
daily_steps,isotonic,whole_cohort_subject_grouped_5fold_oof,oak,scrf,10000.0,WTMEC4YR_weighted_sensitivity,8646,WTMEC4YR,95549387.244363,10951765.425193,6322767.3370325,68088065.985125,180911985.99171352,56.31034009325487,58.869041808227216,2.558701714972345,9.54858389704303,0.8046552029329828,0.9170981495176772,0.8874261457756356,False,"Mapped source is the grouped five-fold OOF isotonic prediction on the target algorithm scale. Positive/negative agreement are symmetric: 2a/(2a+b+c) and 2d/(2d+b+c). Cohen kappa uses the observed agreement minus agreement expected from the mapped/target marginals, divided by one minus expected agreement; every cell and marginal is WTMEC4YR-weighted in the weighted sensitivity. Attainment difference is mapped minus observed target percentage points. WTMEC4YR changes evaluation weights only; the D7 headline crosswalk fit remains unweighted."
daily_steps,isotonic,whole_cohort_subject_grouped_5fold_oof,oak,scssl,7000.0,unweighted_primary,8646,subjects,4858.0,788.0,514.0,2486.0,8646.0,62.13277816331251,65.30187369882027,3.169095535507749,15.058986814712004,0.6746599607340874,0.8818297331639136,0.7924768887472107,False,"Mapped source is the grouped five-fold OOF isotonic prediction on the target algorithm scale. Positive/negative agreement are symmetric: 2a/(2a+b+c) and 2d/(2d+b+c). Cohen kappa uses the observed agreement minus agreement expected from the mapped/target marginals, divided by one minus expected agreement; every cell and marginal is WTMEC4YR-weighted in the weighted sensitivity. Attainment difference is mapped minus observed target percentage points. WTMEC4YR changes evaluation weights only; the D7 headline crosswalk fit remains unweighted."
daily_steps,isotonic,whole_cohort_subject_grouped_5fold_oof,oak,scssl,7000.0,WTMEC4YR_weighted_sensitivity,8646,WTMEC4YR,106924296.00220498,16044094.3516125,9987742.715227,47955852.922669,180911985.99171352,64.62371084842715,67.97138933594479,3.3476784875176357,14.389227404773424,0.6784086930138447,0.891479946206418,0.7865254982333312,False,"Mapped source is the grouped five-fold OOF isotonic prediction on the target algorithm scale. Positive/negative agreement are symmetric: 2a/(2a+b+c) and 2d/(2d+b+c). Cohen kappa uses the observed agreement minus agreement expected from the mapped/target marginals, divided by one minus expected agreement; every cell and marginal is WTMEC4YR-weighted in the weighted sensitivity. Attainment difference is mapped minus observed target percentage points. WTMEC4YR changes evaluation weights only; the D7 headline crosswalk fit remains unweighted."
daily_steps,isotonic,whole_cohort_subject_grouped_5fold_oof,oak,scssl,8000.0,unweighted_primary,8646,subjects,3995.0,858.0,571.0,3222.0,8646.0,52.81054823039556,56.130002313208415,3.319454082812856,16.52787416146195,0.6671486829495064,0.8482853806136532,0.8184935856725517,False,"Mapped source is the grouped five-fold OOF isotonic prediction on the target algorithm scale. Positive/negative agreement are symmetric: 2a/(2a+b+c) and 2d/(2d+b+c). Cohen kappa uses the observed agreement minus agreement expected from the mapped/target marginals, divided by one minus expected agreement; every cell and marginal is WTMEC4YR-weighted in the weighted sensitivity. Attainment difference is mapped minus observed target percentage points. WTMEC4YR changes evaluation weights only; the D7 headline crosswalk fit remains unweighted."
daily_steps,isotonic,whole_cohort_subject_grouped_5fold_oof,oak,scssl,8000.0,WTMEC4YR_weighted_sensitivity,8646,WTMEC4YR,87697195.6815895,17747285.1887535,12528943.550977,62938561.5703935,180911985.99171352,55.40049692293868,58.28496121598752,2.8844642930488384,16.735336010913766,0.6591938159470122,0.852792641337973,0.8061122071660897,False,"Mapped source is the grouped five-fold OOF isotonic prediction on the target algorithm scale. Positive/negative agreement are symmetric: 2a/(2a+b+c) and 2d/(2d+b+c). Cohen kappa uses the observed agreement minus agreement expected from the mapped/target marginals, divided by one minus expected agreement; every cell and marginal is WTMEC4YR-weighted in the weighted sensitivity. Attainment difference is mapped minus observed target percentage points. WTMEC4YR changes evaluation weights only; the D7 headline crosswalk fit remains unweighted."
daily_steps,isotonic,whole_cohort_subject_grouped_5fold_oof,oak,scssl,10000.0,unweighted_primary,8646,subjects,2276.0,631.0,754.0,4985.0,8646.0,35.04510756419153,33.622484385843165,-1.42262317834837,16.018968309044645,0.6448242055244328,0.7667171972376621,0.8780273007485689,False,"Mapped source is the grouped five-fold OOF isotonic prediction on the target algorithm scale. Positive/negative agreement are symmetric: 2a/(2a+b+c) and 2d/(2d+b+c). Cohen kappa uses the observed agreement minus agreement expected from the mapped/target marginals, divided by one minus expected agreement; every cell and marginal is WTMEC4YR-weighted in the weighted sensitivity. Attainment difference is mapped minus observed target percentage points. WTMEC4YR changes evaluation weights only; the D7 headline crosswalk fit remains unweighted."
daily_steps,isotonic,whole_cohort_subject_grouped_5fold_oof,oak,scssl,10000.0,WTMEC4YR_weighted_sensitivity,8646,WTMEC4YR,48312973.3719555,13066875.141607,17372247.1988095,102159890.2793415,180911985.99171352,36.30783234769953,33.92801653085271,-2.3798158168468255,16.825376258823855,0.6310126929891972,0.7604446087365254,0.8703387945482971,False,"Mapped source is the grouped five-fold OOF isotonic prediction on the target algorithm scale. Positive/negative agreement are symmetric: 2a/(2a+b+c) and 2d/(2d+b+c). Cohen kappa uses the observed agreement minus agreement expected from the mapped/target marginals, divided by one minus expected agreement; every cell and marginal is WTMEC4YR-weighted in the weighted sensitivity. Attainment difference is mapped minus observed target percentage points. WTMEC4YR changes evaluation weights only; the D7 headline crosswalk fit remains unweighted."
daily_steps,isotonic,whole_cohort_subject_grouped_5fold_oof,oak,vs,7000.0,unweighted_primary,8646,subjects,5773.0,383.0,157.0,2333.0,8646.0,68.58662965533195,71.20055517002082,2.613925514688875,6.2456627342123525,0.8517141089792868,0.9553202051960946,0.8962735305416827,False,"Mapped source is the grouped five-fold OOF isotonic prediction on the target algorithm scale. Positive/negative agreement are symmetric: 2a/(2a+b+c) and 2d/(2d+b+c). Cohen kappa uses the observed agreement minus agreement expected from the mapped/target marginals, divided by one minus expected agreement; every cell and marginal is WTMEC4YR-weighted in the weighted sensitivity. Attainment difference is mapped minus observed target percentage points. WTMEC4YR changes evaluation weights only; the D7 headline crosswalk fit remains unweighted."
daily_steps,isotonic,whole_cohort_subject_grouped_5fold_oof,oak,vs,7000.0,WTMEC4YR_weighted_sensitivity,8646,WTMEC4YR,125329396.880376,8155079.144492501,2617335.9926730003,44810173.974172,180911985.99171352,70.72319292261237,73.78420799105186,3.0610150684394988,5.954506042324316,0.8516650704263986,0.9587944561684988,0.8926972940470809,False,"Mapped source is the grouped five-fold OOF isotonic prediction on the target algorithm scale. Positive/negative agreement are symmetric: 2a/(2a+b+c) and 2d/(2d+b+c). Cohen kappa uses the observed agreement minus agreement expected from the mapped/target marginals, divided by one minus expected agreement; every cell and marginal is WTMEC4YR-weighted in the weighted sensitivity. Attainment difference is mapped minus observed target percentage points. WTMEC4YR changes evaluation weights only; the D7 headline crosswalk fit remains unweighted."
daily_steps,isotonic,whole_cohort_subject_grouped_5fold_oof,oak,vs,8000.0,unweighted_primary,8646,subjects,4836.0,365.0,243.0,3202.0,8646.0,58.74392782789729,60.15498496414528,1.411057136247984,7.032153597039094,0.8541776412751467,0.9408560311284048,0.9132915002852252,False,"Mapped source is the grouped five-fold OOF isotonic prediction on the target algorithm scale. Positive/negative agreement are symmetric: 2a/(2a+b+c) and 2d/(2d+b+c). Cohen kappa uses the observed agreement minus agreement expected from the mapped/target marginals, divided by one minus expected agreement; every cell and marginal is WTMEC4YR-weighted in the weighted sensitivity. Attainment difference is mapped minus observed target percentage points. WTMEC4YR changes evaluation weights only; the D7 headline crosswalk fit remains unweighted."
daily_steps,isotonic,whole_cohort_subject_grouped_5fold_oof,oak,vs,8000.0,WTMEC4YR_weighted_sensitivity,8646,WTMEC4YR,104409189.6523855,8652710.205656,4675262.308558499,63174823.8251135,180911985.99171352,60.29697333925708,62.49552744571616,2.198554106459083,7.367103092232359,0.8446633109634619,0.9400036399198908,0.9045804725300762,False,"Mapped source is the grouped five-fold OOF isotonic prediction on the target algorithm scale. Positive/negative agreement are symmetric: 2a/(2a+b+c) and 2d/(2d+b+c). Cohen kappa uses the observed agreement minus agreement expected from the mapped/target marginals, divided by one minus expected agreement; every cell and marginal is WTMEC4YR-weighted in the weighted sensitivity. Attainment difference is mapped minus observed target percentage points. WTMEC4YR changes evaluation weights only; the D7 headline crosswalk fit remains unweighted."
daily_steps,isotonic,whole_cohort_subject_grouped_5fold_oof,oak,vs,10000.0,unweighted_primary,8646,subjects,3053.0,358.0,344.0,4891.0,8646.0,39.28984501503586,39.45176960444136,0.1619245894055043,8.119361554476058,0.829927307593437,0.8968860164512339,0.933040824112934,False,"Mapped source is the grouped five-fold OOF isotonic prediction on the target algorithm scale. Positive/negative agreement are symmetric: 2a/(2a+b+c) and 2d/(2d+b+c). Cohen kappa uses the observed agreement minus agreement expected from the mapped/target marginals, divided by one minus expected agreement; every cell and marginal is WTMEC4YR-weighted in the weighted sensitivity. Attainment difference is mapped minus observed target percentage points. WTMEC4YR changes evaluation weights only; the D7 headline crosswalk fit remains unweighted."
daily_steps,isotonic,whole_cohort_subject_grouped_5fold_oof,oak,vs,10000.0,WTMEC4YR_weighted_sensitivity,8646,WTMEC4YR,64541794.639076,8292281.173705,7144843.8112735,100933066.367659,180911985.99171352,39.62514592793926,40.25939763665913,0.6342517087198685,8.532947610052538,0.8221519065465689,0.8931839974380978,0.9289604530234492,False,"Mapped source is the grouped five-fold OOF isotonic prediction on the target algorithm scale. Positive/negative agreement are symmetric: 2a/(2a+b+c) and 2d/(2d+b+c). Cohen kappa uses the observed agreement minus agreement expected from the mapped/target marginals, divided by one minus expected agreement; every cell and marginal is WTMEC4YR-weighted in the weighted sensitivity. Attainment difference is mapped minus observed target percentage points. WTMEC4YR changes evaluation weights only; the D7 headline crosswalk fit remains unweighted."
daily_steps,isotonic,whole_cohort_subject_grouped_5fold_oof,oak,vsrev,7000.0,unweighted_primary,8646,subjects,4950.0,326.0,229.0,3141.0,8646.0,59.900532037936614,61.02243812167476,1.1219060837381445,6.419153365718251,0.8657570674958109,0.9469153515064562,0.91882404563405,False,"Mapped source is the grouped five-fold OOF isotonic prediction on the target algorithm scale. Positive/negative agreement are symmetric: 2a/(2a+b+c) and 2d/(2d+b+c). Cohen kappa uses the observed agreement minus agreement expected from the mapped/target marginals, divided by one minus expected agreement; every cell and marginal is WTMEC4YR-weighted in the weighted sensitivity. Attainment difference is mapped minus observed target percentage points. WTMEC4YR changes evaluation weights only; the D7 headline crosswalk fit remains unweighted."
daily_steps,isotonic,whole_cohort_subject_grouped_5fold_oof,oak,vsrev,7000.0,WTMEC4YR_weighted_sensitivity,8646,WTMEC4YR,107882648.09925248,7013084.841837999,5012865.947605999,61003387.103017,180911985.99171352,62.40355686108578,63.50918780271041,1.1056309416246246,6.647404108423658,0.8575009486052924,0.9472062647337796,0.9102760106544896,False,"Mapped source is the grouped five-fold OOF isotonic prediction on the target algorithm scale. Positive/negative agreement are symmetric: 2a/(2a+b+c) and 2d/(2d+b+c). Cohen kappa uses the observed agreement minus agreement expected from the mapped/target marginals, divided by one minus expected agreement; every cell and marginal is WTMEC4YR-weighted in the weighted sensitivity. Attainment difference is mapped minus observed target percentage points. WTMEC4YR changes evaluation weights only; the D7 headline crosswalk fit remains unweighted."
daily_steps,isotonic,whole_cohort_subject_grouped_5fold_oof,oak,vsrev,8000.0,unweighted_primary,8646,subjects,4146.0,379.0,296.0,3825.0,8646.0,51.3763590099468,52.336340504279434,0.95998149433264,7.807078417765441,0.8436573347468703,0.924723987955838,0.918918918918919,False,"Mapped source is the grouped five-fold OOF isotonic prediction on the target algorithm scale. Positive/negative agreement are symmetric: 2a/(2a+b+c) and 2d/(2d+b+c). Cohen kappa uses the observed agreement minus agreement expected from the mapped/target marginals, divided by one minus expected agreement; every cell and marginal is WTMEC4YR-weighted in the weighted sensitivity. Attainment difference is mapped minus observed target percentage points. WTMEC4YR changes evaluation weights only; the D7 headline crosswalk fit remains unweighted."
daily_steps,isotonic,whole_cohort_subject_grouped_5fold_oof,oak,vsrev,8000.0,WTMEC4YR_weighted_sensitivity,8646,WTMEC4YR,89971673.2148475,8579082.835813,6521477.0073405,75839752.9337125,180911985.99171352,53.33706868189915,54.474420536831936,1.1373518549327888,8.346909554044233,0.8320587665582364,0.922578663790556,0.909458245031764,False,"Mapped source is the grouped five-fold OOF isotonic prediction on the target algorithm scale. Positive/negative agreement are symmetric: 2a/(2a+b+c) and 2d/(2d+b+c). Cohen kappa uses the observed agreement minus agreement expected from the mapped/target marginals, divided by one minus expected agreement; every cell and marginal is WTMEC4YR-weighted in the weighted sensitivity. Attainment difference is mapped minus observed target percentage points. WTMEC4YR changes evaluation weights only; the D7 headline crosswalk fit remains unweighted."
daily_steps,isotonic,whole_cohort_subject_grouped_5fold_oof,oak,vsrev,10000.0,unweighted_primary,8646,subjects,2734.0,348.0,258.0,5306.0,8646.0,34.605597964376585,35.64654175341198,1.0409437890353923,7.009021512838307,0.8462284459102595,0.9002304906157392,0.9459796755214832,False,"Mapped source is the grouped five-fold OOF isotonic prediction on the target algorithm scale. Positive/negative agreement are symmetric: 2a/(2a+b+c) and 2d/(2d+b+c). Cohen kappa uses the observed agreement minus agreement expected from the mapped/target marginals, divided by one minus expected agreement; every cell and marginal is WTMEC4YR-weighted in the weighted sensitivity. Attainment difference is mapped minus observed target percentage points. WTMEC4YR changes evaluation weights only; the D7 headline crosswalk fit remains unweighted."
daily_steps,isotonic,whole_cohort_subject_grouped_5fold_oof,oak,vsrev,10000.0,WTMEC4YR_weighted_sensitivity,8646,WTMEC4YR,57655258.557849504,7878484.317366,6141899.0132425,109236344.1032555,180911985.99171352,35.26419613458567,36.22410229812921,0.9599061635435446,7.749836614612526,0.8313053331934793,0.891592935004507,0.9396954789322828,False,"Mapped source is the grouped five-fold OOF isotonic prediction on the target algorithm scale. Positive/negative agreement are symmetric: 2a/(2a+b+c) and 2d/(2d+b+c). Cohen kappa uses the observed agreement minus agreement expected from the mapped/target marginals, divided by one minus expected agreement; every cell and marginal is WTMEC4YR-weighted in the weighted sensitivity. Attainment difference is mapped minus observed target percentage points. WTMEC4YR changes evaluation weights only; the D7 headline crosswalk fit remains unweighted."
daily_steps,isotonic,whole_cohort_subject_grouped_5fold_oof,scrf,acti,7000.0,unweighted_primary,8646,subjects,7453.0,313.0,165.0,715.0,8646.0,88.11010872079575,89.82188295165395,1.7117742308581985,5.528568123987972,0.7186146278332662,0.968928757150286,0.749475890985325,False,"Mapped source is the grouped five-fold OOF isotonic prediction on the target algorithm scale. Positive/negative agreement are symmetric: 2a/(2a+b+c) and 2d/(2d+b+c). Cohen kappa uses the observed agreement minus agreement expected from the mapped/target marginals, divided by one minus expected agreement; every cell and marginal is WTMEC4YR-weighted in the weighted sensitivity. Attainment difference is mapped minus observed target percentage points. WTMEC4YR changes evaluation weights only; the D7 headline crosswalk fit remains unweighted."
daily_steps,isotonic,whole_cohort_subject_grouped_5fold_oof,scrf,acti,7000.0,WTMEC4YR_weighted_sensitivity,8646,WTMEC4YR,159200753.2736495,7014310.367589,2649958.5089184996,12046963.8415565,180911985.99171352,89.46378588203736,91.87620307747426,2.4124171954369,5.341972685519112,0.6848045914257886,0.9705416730409536,0.7137208186035828,False,"Mapped source is the grouped five-fold OOF isotonic prediction on the target algorithm scale. Positive/negative agreement are symmetric: 2a/(2a+b+c) and 2d/(2d+b+c). Cohen kappa uses the observed agreement minus agreement expected from the mapped/target marginals, divided by one minus expected agreement; every cell and marginal is WTMEC4YR-weighted in the weighted sensitivity. Attainment difference is mapped minus observed target percentage points. WTMEC4YR changes evaluation weights only; the D7 headline crosswalk fit remains unweighted."
daily_steps,isotonic,whole_cohort_subject_grouped_5fold_oof,scrf,acti,8000.0,unweighted_primary,8646,subjects,6888.0,289.0,258.0,1211.0,8646.0,82.65093684941013,83.00948415452231,0.358547305112189,6.326625028915105,0.7775775862774419,0.961809676743699,0.8157628831256315,False,"Mapped source is the grouped five-fold OOF isotonic prediction on the target algorithm scale. Positive/negative agreement are symmetric: 2a/(2a+b+c) and 2d/(2d+b+c). Cohen kappa uses the observed agreement minus agreement expected from the mapped/target marginals, divided by one minus expected agreement; every cell and marginal is WTMEC4YR-weighted in the weighted sensitivity. Attainment difference is mapped minus observed target percentage points. WTMEC4YR changes evaluation weights only; the D7 headline crosswalk fit remains unweighted."
daily_steps,isotonic,whole_cohort_subject_grouped_5fold_oof,scrf,acti,8000.0,WTMEC4YR_weighted_sensitivity,8646,WTMEC4YR,148222604.20308352,5995721.374712501,4533895.109348999,22159765.3045685,180911985.99171352,84.43691471024445,85.24494644863377,0.8080317383893143,5.8202978792924185,0.7737533614041207,0.9656987621449844,0.8080258847750212,False,"Mapped source is the grouped five-fold OOF isotonic prediction on the target algorithm scale. Positive/negative agreement are symmetric: 2a/(2a+b+c) and 2d/(2d+b+c). Cohen kappa uses the observed agreement minus agreement expected from the mapped/target marginals, divided by one minus expected agreement; every cell and marginal is WTMEC4YR-weighted in the weighted sensitivity. Attainment difference is mapped minus observed target percentage points. WTMEC4YR changes evaluation weights only; the D7 headline crosswalk fit remains unweighted."
daily_steps,isotonic,whole_cohort_subject_grouped_5fold_oof,scrf,acti,10000.0,unweighted_primary,8646,subjects,5352.0,453.0,360.0,2481.0,8646.0,66.06523247744622,67.14087439278279,1.075641915336567,9.403192227619709,0.7886569622986548,0.9294087001823392,0.8592207792207792,False,"Mapped source is the grouped five-fold OOF isotonic prediction on the target algorithm scale. Positive/negative agreement are symmetric: 2a/(2a+b+c) and 2d/(2d+b+c). Cohen kappa uses the observed agreement minus agreement expected from the mapped/target marginals, divided by one minus expected agreement; every cell and marginal is WTMEC4YR-weighted in the weighted sensitivity. Attainment difference is mapped minus observed target percentage points. WTMEC4YR changes evaluation weights only; the D7 headline crosswalk fit remains unweighted."
daily_steps,isotonic,whole_cohort_subject_grouped_5fold_oof,scrf,acti,10000.0,WTMEC4YR_weighted_sensitivity,8646,WTMEC4YR,116179161.5052345,9902585.7859705,6274414.274719,48555824.42578949,180911985.99171352,67.68682301987572,69.69231286697611,2.0054898471003946,8.941917237827719,0.792213268949771,0.9349106603407924,0.8572054639541418,False,"Mapped source is the grouped five-fold OOF isotonic prediction on the target algorithm scale. Positive/negative agreement are symmetric: 2a/(2a+b+c) and 2d/(2d+b+c). Cohen kappa uses the observed agreement minus agreement expected from the mapped/target marginals, divided by one minus expected agreement; every cell and marginal is WTMEC4YR-weighted in the weighted sensitivity. Attainment difference is mapped minus observed target percentage points. WTMEC4YR changes evaluation weights only; the D7 headline crosswalk fit remains unweighted."
daily_steps,isotonic,whole_cohort_subject_grouped_5fold_oof,scrf,adept,7000.0,unweighted_primary,8646,subjects,0.0,0.0,124.0,8522.0,8646.0,1.4341892204487623,0.0,-1.4341892204487623,1.4341892204487623,0.0,0.0,0.9927772600186392,True,"Mapped source is the grouped five-fold OOF isotonic prediction on the target algorithm scale. Positive/negative agreement are symmetric: 2a/(2a+b+c) and 2d/(2d+b+c). Cohen kappa uses the observed agreement minus agreement expected from the mapped/target marginals, divided by one minus expected agreement; every cell and marginal is WTMEC4YR-weighted in the weighted sensitivity. Attainment difference is mapped minus observed target percentage points. WTMEC4YR changes evaluation weights only; the D7 headline crosswalk fit remains unweighted."
daily_steps,isotonic,whole_cohort_subject_grouped_5fold_oof,scrf,adept,7000.0,WTMEC4YR_weighted_sensitivity,8646,WTMEC4YR,0.0,0.0,2274602.8012854997,178637383.19042802,180911985.99171352,1.257298010862412,0.0,-1.257298010862412,1.257298010862412,-8.830229707145021e-15,0.0,0.9936737399749596,True,"Mapped source is the grouped five-fold OOF isotonic prediction on the target algorithm scale. Positive/negative agreement are symmetric: 2a/(2a+b+c) and 2d/(2d+b+c). Cohen kappa uses the observed agreement minus agreement expected from the mapped/target marginals, divided by one minus expected agreement; every cell and marginal is WTMEC4YR-weighted in the weighted sensitivity. Attainment difference is mapped minus observed target percentage points. WTMEC4YR changes evaluation weights only; the D7 headline crosswalk fit remains unweighted."
daily_steps,isotonic,whole_cohort_subject_grouped_5fold_oof,scrf,adept,8000.0,unweighted_primary,8646,subjects,0.0,0.0,68.0,8578.0,8646.0,0.7864908628267407,0.0,-0.7864908628267407,0.7864908628267407,0.0,0.0,0.9960520204366,True,"Mapped source is the grouped five-fold OOF isotonic prediction on the target algorithm scale. Positive/negative agreement are symmetric: 2a/(2a+b+c) and 2d/(2d+b+c). Cohen kappa uses the observed agreement minus agreement expected from the mapped/target marginals, divided by one minus expected agreement; every cell and marginal is WTMEC4YR-weighted in the weighted sensitivity. Attainment difference is mapped minus observed target percentage points. WTMEC4YR changes evaluation weights only; the D7 headline crosswalk fit remains unweighted."
daily_steps,isotonic,whole_cohort_subject_grouped_5fold_oof,scrf,adept,8000.0,WTMEC4YR_weighted_sensitivity,8646,WTMEC4YR,0.0,0.0,1152390.2130999998,179759595.7786135,180911985.99171352,0.636989421559268,0.0,-0.636989421559268,0.636989421559268,-1.742922232377863e-14,0.0,0.99680487659315,True,"Mapped source is the grouped five-fold OOF isotonic prediction on the target algorithm scale. Positive/negative agreement are symmetric: 2a/(2a+b+c) and 2d/(2d+b+c). Cohen kappa uses the observed agreement minus agreement expected from the mapped/target marginals, divided by one minus expected agreement; every cell and marginal is WTMEC4YR-weighted in the weighted sensitivity. Attainment difference is mapped minus observed target percentage points. WTMEC4YR changes evaluation weights only; the D7 headline crosswalk fit remains unweighted."
daily_steps,isotonic,whole_cohort_subject_grouped_5fold_oof,scrf,adept,10000.0,unweighted_primary,8646,subjects,0.0,0.0,17.0,8629.0,8646.0,0.1966227157066851,0.0,-0.1966227157066851,0.1966227157066851,0.0,0.0,0.999015918958032,True,"Mapped source is the grouped five-fold OOF isotonic prediction on the target algorithm scale. Positive/negative agreement are symmetric: 2a/(2a+b+c) and 2d/(2d+b+c). Cohen kappa uses the observed agreement minus agreement expected from the mapped/target marginals, divided by one minus expected agreement; every cell and marginal is WTMEC4YR-weighted in the weighted sensitivity. Attainment difference is mapped minus observed target percentage points. WTMEC4YR changes evaluation weights only; the D7 headline crosswalk fit remains unweighted."
daily_steps,isotonic,whole_cohort_subject_grouped_5fold_oof,scrf,adept,10000.0,WTMEC4YR_weighted_sensitivity,8646,WTMEC4YR,0.0,0.0,283497.14612499997,180628488.8455885,180911985.99171352,0.1567044574581063,0.0,-0.1567044574581063,0.1567044574581063,-7.084820959365515e-14,0.0,0.9992158633241476,True,"Mapped source is the grouped five-fold OOF isotonic prediction on the target algorithm scale. Positive/negative agreement are symmetric: 2a/(2a+b+c) and 2d/(2d+b+c). Cohen kappa uses the observed agreement minus agreement expected from the mapped/target marginals, divided by one minus expected agreement; every cell and marginal is WTMEC4YR-weighted in the weighted sensitivity. Attainment difference is mapped minus observed target percentage points. WTMEC4YR changes evaluation weights only; the D7 headline crosswalk fit remains unweighted."
daily_steps,isotonic,whole_cohort_subject_grouped_5fold_oof,scrf,oak,7000.0,unweighted_primary,8646,subjects,6625.0,270.0,201.0,1550.0,8646.0,78.94980337728428,79.74786028221142,0.7980569049271358,5.4476058292852185,0.8337933783395166,0.9656730558997156,0.8681041725007,False,"Mapped source is the grouped five-fold OOF isotonic prediction on the target algorithm scale. Positive/negative agreement are symmetric: 2a/(2a+b+c) and 2d/(2d+b+c). Cohen kappa uses the observed agreement minus agreement expected from the mapped/target marginals, divided by one minus expected agreement; every cell and marginal is WTMEC4YR-weighted in the weighted sensitivity. Attainment difference is mapped minus observed target percentage points. WTMEC4YR changes evaluation weights only; the D7 headline crosswalk fit remains unweighted."
daily_steps,isotonic,whole_cohort_subject_grouped_5fold_oof,scrf,oak,7000.0,WTMEC4YR_weighted_sensitivity,8646,WTMEC4YR,143209760.74883,5247543.041087,4050045.18256,28404637.019236498,180911985.99171352,81.39859010675781,82.06051300366407,0.661922896906264,5.139288131010216,0.8279269757176279,0.9685591806561028,0.8593551727386307,False,"Mapped source is the grouped five-fold OOF isotonic prediction on the target algorithm scale. Positive/negative agreement are symmetric: 2a/(2a+b+c) and 2d/(2d+b+c). Cohen kappa uses the observed agreement minus agreement expected from the mapped/target marginals, divided by one minus expected agreement; every cell and marginal is WTMEC4YR-weighted in the weighted sensitivity. Attainment difference is mapped minus observed target percentage points. WTMEC4YR changes evaluation weights only; the D7 headline crosswalk fit remains unweighted."
daily_steps,isotonic,whole_cohort_subject_grouped_5fold_oof,scrf,oak,8000.0,unweighted_primary,8646,subjects,6018.0,334.0,259.0,2035.0,8646.0,72.60004626416841,73.4674994216979,0.8674531575294853,6.858662965533195,0.8258898617823568,0.95304457993507,0.8728286510829938,False,"Mapped source is the grouped five-fold OOF isotonic prediction on the target algorithm scale. Positive/negative agreement are symmetric: 2a/(2a+b+c) and 2d/(2d+b+c). Cohen kappa uses the observed agreement minus agreement expected from the mapped/target marginals, divided by one minus expected agreement; every cell and marginal is WTMEC4YR-weighted in the weighted sensitivity. Attainment difference is mapped minus observed target percentage points. WTMEC4YR changes evaluation weights only; the D7 headline crosswalk fit remains unweighted."
daily_steps,isotonic,whole_cohort_subject_grouped_5fold_oof,scrf,oak,8000.0,WTMEC4YR_weighted_sensitivity,8646,WTMEC4YR,130956150.880783,6515698.557159,5041635.059988501,38398501.493783,180911985.99171352,75.173452546699,75.98824847582998,0.8147959291309848,6.3883736358280165,0.8269470722121466,0.9577381466825654,0.8691933632091698,False,"Mapped source is the grouped five-fold OOF isotonic prediction on the target algorithm scale. Positive/negative agreement are symmetric: 2a/(2a+b+c) and 2d/(2d+b+c). Cohen kappa uses the observed agreement minus agreement expected from the mapped/target marginals, divided by one minus expected agreement; every cell and marginal is WTMEC4YR-weighted in the weighted sensitivity. Attainment difference is mapped minus observed target percentage points. WTMEC4YR changes evaluation weights only; the D7 headline crosswalk fit remains unweighted."
daily_steps,isotonic,whole_cohort_subject_grouped_5fold_oof,scrf,oak,10000.0,unweighted_primary,8646,subjects,4643.0,419.0,358.0,3226.0,8646.0,57.841776544066626,58.54730511219061,0.7055285681239809,8.986814712005552,0.8153121463360643,0.9227864453940176,0.8925162539770369,False,"Mapped source is the grouped five-fold OOF isotonic prediction on the target algorithm scale. Positive/negative agreement are symmetric: 2a/(2a+b+c) and 2d/(2d+b+c). Cohen kappa uses the observed agreement minus agreement expected from the mapped/target marginals, divided by one minus expected agreement; every cell and marginal is WTMEC4YR-weighted in the weighted sensitivity. Attainment difference is mapped minus observed target percentage points. WTMEC4YR changes evaluation weights only; the D7 headline crosswalk fit remains unweighted."
daily_steps,isotonic,whole_cohort_subject_grouped_5fold_oof,scrf,oak,10000.0,WTMEC4YR_weighted_sensitivity,8646,WTMEC4YR,101637913.04952247,8648129.596603,7158190.2411975,63467753.1043905,180911985.99171352,60.1375871777248,60.961158566451765,0.8235713887269736,8.737021901094211,0.8171314422272316,0.9278520859369482,0.8892663749961951,False,"Mapped source is the grouped five-fold OOF isotonic prediction on the target algorithm scale. Positive/negative agreement are symmetric: 2a/(2a+b+c) and 2d/(2d+b+c). Cohen kappa uses the observed agreement minus agreement expected from the mapped/target marginals, divided by one minus expected agreement; every cell and marginal is WTMEC4YR-weighted in the weighted sensitivity. Attainment difference is mapped minus observed target percentage points. WTMEC4YR changes evaluation weights only; the D7 headline crosswalk fit remains unweighted."
daily_steps,isotonic,whole_cohort_subject_grouped_5fold_oof,scrf,scssl,7000.0,unweighted_primary,8646,subjects,5047.0,652.0,325.0,2622.0,8646.0,62.13277816331251,65.9148739301411,3.782095766828586,11.3000231320842,0.7550829650844698,0.911751422635715,0.8429512940041793,False,"Mapped source is the grouped five-fold OOF isotonic prediction on the target algorithm scale. Positive/negative agreement are symmetric: 2a/(2a+b+c) and 2d/(2d+b+c). Cohen kappa uses the observed agreement minus agreement expected from the mapped/target marginals, divided by one minus expected agreement; every cell and marginal is WTMEC4YR-weighted in the weighted sensitivity. Attainment difference is mapped minus observed target percentage points. WTMEC4YR changes evaluation weights only; the D7 headline crosswalk fit remains unweighted."
daily_steps,isotonic,whole_cohort_subject_grouped_5fold_oof,scrf,scssl,7000.0,WTMEC4YR_weighted_sensitivity,8646,WTMEC4YR,110511880.4017545,13600449.705468502,6400158.315677499,50399497.568813,180911985.99171352,64.62371084842717,68.60370772388063,3.979996875453462,11.055435554204852,0.7518916140805684,0.9170183159541996,0.8344315088944592,False,"Mapped source is the grouped five-fold OOF isotonic prediction on the target algorithm scale. Positive/negative agreement are symmetric: 2a/(2a+b+c) and 2d/(2d+b+c). Cohen kappa uses the observed agreement minus agreement expected from the mapped/target marginals, divided by one minus expected agreement; every cell and marginal is WTMEC4YR-weighted in the weighted sensitivity. Attainment difference is mapped minus observed target percentage points. WTMEC4YR changes evaluation weights only; the D7 headline crosswalk fit remains unweighted."
daily_steps,isotonic,whole_cohort_subject_grouped_5fold_oof,scrf,scssl,8000.0,unweighted_primary,8646,subjects,4119.0,630.0,447.0,3450.0,8646.0,52.81054823039556,54.927133934767525,2.116585704371965,12.456627342123523,0.7494797767919189,0.8843800322061192,0.8649868371568259,False,"Mapped source is the grouped five-fold OOF isotonic prediction on the target algorithm scale. Positive/negative agreement are symmetric: 2a/(2a+b+c) and 2d/(2d+b+c). Cohen kappa uses the observed agreement minus agreement expected from the mapped/target marginals, divided by one minus expected agreement; every cell and marginal is WTMEC4YR-weighted in the weighted sensitivity. Attainment difference is mapped minus observed target percentage points. WTMEC4YR changes evaluation weights only; the D7 headline crosswalk fit remains unweighted."
daily_steps,isotonic,whole_cohort_subject_grouped_5fold_oof,scrf,scssl,8000.0,WTMEC4YR_weighted_sensitivity,8646,WTMEC4YR,90934841.9564915,13297182.256436,9291297.276075002,67388664.502711,180911985.99171352,55.40049692293868,57.61476976859993,2.214272845661247,12.485894402566364,0.7461056988983034,0.8895202854615644,0.8564587838846451,False,"Mapped source is the grouped five-fold OOF isotonic prediction on the target algorithm scale. Positive/negative agreement are symmetric: 2a/(2a+b+c) and 2d/(2d+b+c). Cohen kappa uses the observed agreement minus agreement expected from the mapped/target marginals, divided by one minus expected agreement; every cell and marginal is WTMEC4YR-weighted in the weighted sensitivity. Attainment difference is mapped minus observed target percentage points. WTMEC4YR changes evaluation weights only; the D7 headline crosswalk fit remains unweighted."
daily_steps,isotonic,whole_cohort_subject_grouped_5fold_oof,scrf,scssl,10000.0,unweighted_primary,8646,subjects,2508.0,560.0,522.0,5056.0,8646.0,35.04510756419153,35.48461716400648,0.4395095998149412,12.51445755262549,0.7259116490036631,0.8225647753361758,0.9033410755762016,False,"Mapped source is the grouped five-fold OOF isotonic prediction on the target algorithm scale. Positive/negative agreement are symmetric: 2a/(2a+b+c) and 2d/(2d+b+c). Cohen kappa uses the observed agreement minus agreement expected from the mapped/target marginals, divided by one minus expected agreement; every cell and marginal is WTMEC4YR-weighted in the weighted sensitivity. Attainment difference is mapped minus observed target percentage points. WTMEC4YR changes evaluation weights only; the D7 headline crosswalk fit remains unweighted."
daily_steps,isotonic,whole_cohort_subject_grouped_5fold_oof,scrf,scssl,10000.0,WTMEC4YR_weighted_sensitivity,8646,WTMEC4YR,54038352.809845,12025072.1333515,11646867.76092,103201693.287597,180911985.99171352,36.30783234769953,36.516886695513065,0.2090543478135365,13.084782505983746,0.7174385367038306,0.8203249847319077,0.8971122186045746,False,"Mapped source is the grouped five-fold OOF isotonic prediction on the target algorithm scale. Positive/negative agreement are symmetric: 2a/(2a+b+c) and 2d/(2d+b+c). Cohen kappa uses the observed agreement minus agreement expected from the mapped/target marginals, divided by one minus expected agreement; every cell and marginal is WTMEC4YR-weighted in the weighted sensitivity. Attainment difference is mapped minus observed target percentage points. WTMEC4YR changes evaluation weights only; the D7 headline crosswalk fit remains unweighted."
daily_steps,isotonic,whole_cohort_subject_grouped_5fold_oof,scrf,vs,7000.0,unweighted_primary,8646,subjects,5603.0,465.0,327.0,2251.0,8646.0,68.58662965533195,70.18274346518622,1.5961138098542715,9.16030534351145,0.7844503004700166,0.933988998166361,0.8503966754816774,False,"Mapped source is the grouped five-fold OOF isotonic prediction on the target algorithm scale. Positive/negative agreement are symmetric: 2a/(2a+b+c) and 2d/(2d+b+c). Cohen kappa uses the observed agreement minus agreement expected from the mapped/target marginals, divided by one minus expected agreement; every cell and marginal is WTMEC4YR-weighted in the weighted sensitivity. Attainment difference is mapped minus observed target percentage points. WTMEC4YR changes evaluation weights only; the D7 headline crosswalk fit remains unweighted."
daily_steps,isotonic,whole_cohort_subject_grouped_5fold_oof,scrf,vs,7000.0,WTMEC4YR_weighted_sensitivity,8646,WTMEC4YR,121770278.10454153,9715002.3797635,6176454.7685075,43250250.73890101,180911985.99171352,70.72319292261237,72.67914271325702,1.955949790644651,8.78408197287652,0.7836449798021218,0.9387451959277616,0.8447978009063652,False,"Mapped source is the grouped five-fold OOF isotonic prediction on the target algorithm scale. Positive/negative agreement are symmetric: 2a/(2a+b+c) and 2d/(2d+b+c). Cohen kappa uses the observed agreement minus agreement expected from the mapped/target marginals, divided by one minus expected agreement; every cell and marginal is WTMEC4YR-weighted in the weighted sensitivity. Attainment difference is mapped minus observed target percentage points. WTMEC4YR changes evaluation weights only; the D7 headline crosswalk fit remains unweighted."
daily_steps,isotonic,whole_cohort_subject_grouped_5fold_oof,scrf,vs,8000.0,unweighted_primary,8646,subjects,4675.0,534.0,404.0,3033.0,8646.0,58.74392782789729,60.24751330094842,1.5035854730511278,10.848947490168865,0.7749551253202749,0.9088258164852256,0.866076527698458,False,"Mapped source is the grouped five-fold OOF isotonic prediction on the target algorithm scale. Positive/negative agreement are symmetric: 2a/(2a+b+c) and 2d/(2d+b+c). Cohen kappa uses the observed agreement minus agreement expected from the mapped/target marginals, divided by one minus expected agreement; every cell and marginal is WTMEC4YR-weighted in the weighted sensitivity. Attainment difference is mapped minus observed target percentage points. WTMEC4YR changes evaluation weights only; the D7 headline crosswalk fit remains unweighted."
daily_steps,isotonic,whole_cohort_subject_grouped_5fold_oof,scrf,vs,8000.0,WTMEC4YR_weighted_sensitivity,8646,WTMEC4YR,101639783.7938755,12049429.069321,7444668.1670685,59778104.9614485,180911985.99171352,60.29697333925708,62.84227782917816,2.5453044899210853,10.775459198862814,0.7724549005956884,0.9124937085728768,0.8598054356395027,False,"Mapped source is the grouped five-fold OOF isotonic prediction on the target algorithm scale. Positive/negative agreement are symmetric: 2a/(2a+b+c) and 2d/(2d+b+c). Cohen kappa uses the observed agreement minus agreement expected from the mapped/target marginals, divided by one minus expected agreement; every cell and marginal is WTMEC4YR-weighted in the weighted sensitivity. Attainment difference is mapped minus observed target percentage points. WTMEC4YR changes evaluation weights only; the D7 headline crosswalk fit remains unweighted."
daily_steps,isotonic,whole_cohort_subject_grouped_5fold_oof,scrf,vs,10000.0,unweighted_primary,8646,subjects,2912.0,501.0,485.0,4748.0,8646.0,39.28984501503586,39.47490168864214,0.1850566736062875,11.40411751098774,0.7611477608376574,0.8552129221732746,0.9059339820644916,False,"Mapped source is the grouped five-fold OOF isotonic prediction on the target algorithm scale. Positive/negative agreement are symmetric: 2a/(2a+b+c) and 2d/(2d+b+c). Cohen kappa uses the observed agreement minus agreement expected from the mapped/target marginals, divided by one minus expected agreement; every cell and marginal is WTMEC4YR-weighted in the weighted sensitivity. Attainment difference is mapped minus observed target percentage points. WTMEC4YR changes evaluation weights only; the D7 headline crosswalk fit remains unweighted."
daily_steps,isotonic,whole_cohort_subject_grouped_5fold_oof,scrf,vs,10000.0,WTMEC4YR_weighted_sensitivity,8646,WTMEC4YR,62293503.3835745,11982060.602258,9393135.066775002,97243286.939106,180911985.99171352,39.62514592793926,41.05618739337404,1.4310414654347792,11.81524571291372,0.7545862347433464,0.8535566378674047,0.9009773906983808,False,"Mapped source is the grouped five-fold OOF isotonic prediction on the target algorithm scale. Positive/negative agreement are symmetric: 2a/(2a+b+c) and 2d/(2d+b+c). Cohen kappa uses the observed agreement minus agreement expected from the mapped/target marginals, divided by one minus expected agreement; every cell and marginal is WTMEC4YR-weighted in the weighted sensitivity. Attainment difference is mapped minus observed target percentage points. WTMEC4YR changes evaluation weights only; the D7 headline crosswalk fit remains unweighted."
daily_steps,isotonic,whole_cohort_subject_grouped_5fold_oof,scrf,vsrev,7000.0,unweighted_primary,8646,subjects,4812.0,549.0,367.0,2918.0,8646.0,59.900532037936614,62.00555170020819,2.105019662271568,10.594494563960213,0.7775330184871169,0.9130929791271348,0.8643364928909952,False,"Mapped source is the grouped five-fold OOF isotonic prediction on the target algorithm scale. Positive/negative agreement are symmetric: 2a/(2a+b+c) and 2d/(2d+b+c). Cohen kappa uses the observed agreement minus agreement expected from the mapped/target marginals, divided by one minus expected agreement; every cell and marginal is WTMEC4YR-weighted in the weighted sensitivity. Attainment difference is mapped minus observed target percentage points. WTMEC4YR changes evaluation weights only; the D7 headline crosswalk fit remains unweighted."
daily_steps,isotonic,whole_cohort_subject_grouped_5fold_oof,scrf,vsrev,7000.0,WTMEC4YR_weighted_sensitivity,8646,WTMEC4YR,105581341.05047552,11367920.397582,7314172.996383,56648551.547273,180911985.99171352,62.40355686108578,64.644285897903,2.240729036817213,10.326620036563366,0.7772859795737074,0.9187186510820724,0.8584466803024422,False,"Mapped source is the grouped five-fold OOF isotonic prediction on the target algorithm scale. Positive/negative agreement are symmetric: 2a/(2a+b+c) and 2d/(2d+b+c). Cohen kappa uses the observed agreement minus agreement expected from the mapped/target marginals, divided by one minus expected agreement; every cell and marginal is WTMEC4YR-weighted in the weighted sensitivity. Attainment difference is mapped minus observed target percentage points. WTMEC4YR changes evaluation weights only; the D7 headline crosswalk fit remains unweighted."
daily_steps,isotonic,whole_cohort_subject_grouped_5fold_oof,scrf,vsrev,8000.0,unweighted_primary,8646,subjects,4019.0,573.0,423.0,3631.0,8646.0,51.3763590099468,53.11126532500579,1.7349063150589927,11.519777931991673,0.7692091226146552,0.8897498339605933,0.8793896827318963,False,"Mapped source is the grouped five-fold OOF isotonic prediction on the target algorithm scale. Positive/negative agreement are symmetric: 2a/(2a+b+c) and 2d/(2d+b+c). Cohen kappa uses the observed agreement minus agreement expected from the mapped/target marginals, divided by one minus expected agreement; every cell and marginal is WTMEC4YR-weighted in the weighted sensitivity. Attainment difference is mapped minus observed target percentage points. WTMEC4YR changes evaluation weights only; the D7 headline crosswalk fit remains unweighted."
daily_steps,isotonic,whole_cohort_subject_grouped_5fold_oof,scrf,vsrev,8000.0,WTMEC4YR_weighted_sensitivity,8646,WTMEC4YR,87485510.5680425,13171338.4545655,9007639.654145502,71247497.31496,180911985.99171352,53.33706868189915,55.63857390146525,2.3015052195661023,12.259540453956925,0.7529497615321976,0.8875020127128078,0.8653158253252731,False,"Mapped source is the grouped five-fold OOF isotonic prediction on the target algorithm scale. Positive/negative agreement are symmetric: 2a/(2a+b+c) and 2d/(2d+b+c). Cohen kappa uses the observed agreement minus agreement expected from the mapped/target marginals, divided by one minus expected agreement; every cell and marginal is WTMEC4YR-weighted in the weighted sensitivity. Attainment difference is mapped minus observed target percentage points. WTMEC4YR changes evaluation weights only; the D7 headline crosswalk fit remains unweighted."
daily_steps,isotonic,whole_cohort_subject_grouped_5fold_oof,scrf,vsrev,10000.0,unweighted_primary,8646,subjects,2521.0,442.0,471.0,5212.0,8646.0,34.605597964376585,34.27018274346519,-0.3354152209114003,10.559796437659031,0.7661536035099542,0.8466834592779178,0.9194672311899093,False,"Mapped source is the grouped five-fold OOF isotonic prediction on the target algorithm scale. Positive/negative agreement are symmetric: 2a/(2a+b+c) and 2d/(2d+b+c). Cohen kappa uses the observed agreement minus agreement expected from the mapped/target marginals, divided by one minus expected agreement; every cell and marginal is WTMEC4YR-weighted in the weighted sensitivity. Attainment difference is mapped minus observed target percentage points. WTMEC4YR changes evaluation weights only; the D7 headline crosswalk fit remains unweighted."
daily_steps,isotonic,whole_cohort_subject_grouped_5fold_oof,scrf,vsrev,10000.0,WTMEC4YR_weighted_sensitivity,8646,WTMEC4YR,53297023.779593006,10364272.7424345,10500133.791499,106750555.678187,180911985.99171352,35.26419613458567,35.18909826402737,-0.0750978705582938,11.532904478141749,0.7472793421070018,0.8363042555130141,0.9109749304345238,False,"Mapped source is the grouped five-fold OOF isotonic prediction on the target algorithm scale. Positive/negative agreement are symmetric: 2a/(2a+b+c) and 2d/(2d+b+c). Cohen kappa uses the observed agreement minus agreement expected from the mapped/target marginals, divided by one minus expected agreement; every cell and marginal is WTMEC4YR-weighted in the weighted sensitivity. Attainment difference is mapped minus observed target percentage points. WTMEC4YR changes evaluation weights only; the D7 headline crosswalk fit remains unweighted."
daily_steps,isotonic,whole_cohort_subject_grouped_5fold_oof,scssl,acti,7000.0,unweighted_primary,8646,subjects,7448.0,492.0,170.0,536.0,8646.0,88.11010872079575,91.83437427712236,3.7242655563266225,7.656719870460328,0.5772978919441552,0.9574495436431418,0.6182237600922722,False,"Mapped source is the grouped five-fold OOF isotonic prediction on the target algorithm scale. Positive/negative agreement are symmetric: 2a/(2a+b+c) and 2d/(2d+b+c). Cohen kappa uses the observed agreement minus agreement expected from the mapped/target marginals, divided by one minus expected agreement; every cell and marginal is WTMEC4YR-weighted in the weighted sensitivity. Attainment difference is mapped minus observed target percentage points. WTMEC4YR changes evaluation weights only; the D7 headline crosswalk fit remains unweighted."
daily_steps,isotonic,whole_cohort_subject_grouped_5fold_oof,scssl,acti,7000.0,WTMEC4YR_weighted_sensitivity,8646,WTMEC4YR,159040849.465985,10402560.728778,2809862.316583,8658713.4803675,180911985.99171352,89.46378588203736,93.66068769071175,4.196901808674392,7.303232548652791,0.5300268193919878,0.9601187519823696,0.5672293495473174,False,"Mapped source is the grouped five-fold OOF isotonic prediction on the target algorithm scale. Positive/negative agreement are symmetric: 2a/(2a+b+c) and 2d/(2d+b+c). Cohen kappa uses the observed agreement minus agreement expected from the mapped/target marginals, divided by one minus expected agreement; every cell and marginal is WTMEC4YR-weighted in the weighted sensitivity. Attainment difference is mapped minus observed target percentage points. WTMEC4YR changes evaluation weights only; the D7 headline crosswalk fit remains unweighted."
daily_steps,isotonic,whole_cohort_subject_grouped_5fold_oof,scssl,acti,8000.0,unweighted_primary,8646,subjects,6868.0,545.0,278.0,955.0,8646.0,82.65093684941013,85.73907009021514,3.088133240805002,9.51885264862364,0.6429767655813061,0.9434713922659524,0.698865715331138,False,"Mapped source is the grouped five-fold OOF isotonic prediction on the target algorithm scale. Positive/negative agreement are symmetric: 2a/(2a+b+c) and 2d/(2d+b+c). Cohen kappa uses the observed agreement minus agreement expected from the mapped/target marginals, divided by one minus expected agreement; every cell and marginal is WTMEC4YR-weighted in the weighted sensitivity. Attainment difference is mapped minus observed target percentage points. WTMEC4YR changes evaluation weights only; the D7 headline crosswalk fit remains unweighted."
daily_steps,isotonic,whole_cohort_subject_grouped_5fold_oof,scssl,acti,8000.0,WTMEC4YR_weighted_sensitivity,8646,WTMEC4YR,147555976.68686652,11009647.217455,5200522.625566,17145839.461826,180911985.99171352,84.43691471024445,87.64793721936393,3.2110225091194766,8.96025199997721,0.62774847578052,0.9479311984785131,0.6790182886588034,False,"Mapped source is the grouped five-fold OOF isotonic prediction on the target algorithm scale. Positive/negative agreement are symmetric: 2a/(2a+b+c) and 2d/(2d+b+c). Cohen kappa uses the observed agreement minus agreement expected from the mapped/target marginals, divided by one minus expected agreement; every cell and marginal is WTMEC4YR-weighted in the weighted sensitivity. Attainment difference is mapped minus observed target percentage points. WTMEC4YR changes evaluation weights only; the D7 headline crosswalk fit remains unweighted."
daily_steps,isotonic,whole_cohort_subject_grouped_5fold_oof,scssl,acti,10000.0,unweighted_primary,8646,subjects,5285.0,851.0,427.0,2083.0,8646.0,66.06523247744622,70.96923432801296,4.904001850566731,14.781401804302568,0.6583321335860473,0.8921336934503714,0.7652461425422483,False,"Mapped source is the grouped five-fold OOF isotonic prediction on the target algorithm scale. Positive/negative agreement are symmetric: 2a/(2a+b+c) and 2d/(2d+b+c). Cohen kappa uses the observed agreement minus agreement expected from the mapped/target marginals, divided by one minus expected agreement; every cell and marginal is WTMEC4YR-weighted in the weighted sensitivity. Attainment difference is mapped minus observed target percentage points. WTMEC4YR changes evaluation weights only; the D7 headline crosswalk fit remains unweighted."
daily_steps,isotonic,whole_cohort_subject_grouped_5fold_oof,scssl,acti,10000.0,WTMEC4YR_weighted_sensitivity,8646,WTMEC4YR,114328067.22646748,18323054.8661135,8125508.553486001,40135355.3456465,180911985.99171352,67.68682301987572,73.32356746039864,5.636744440522912,14.619574968797783,0.6498272166154844,0.896322711262594,0.7521669479112397,False,"Mapped source is the grouped five-fold OOF isotonic prediction on the target algorithm scale. Positive/negative agreement are symmetric: 2a/(2a+b+c) and 2d/(2d+b+c). Cohen kappa uses the observed agreement minus agreement expected from the mapped/target marginals, divided by one minus expected agreement; every cell and marginal is WTMEC4YR-weighted in the weighted sensitivity. Attainment difference is mapped minus observed target percentage points. WTMEC4YR changes evaluation weights only; the D7 headline crosswalk fit remains unweighted."
daily_steps,isotonic,whole_cohort_subject_grouped_5fold_oof,scssl,adept,7000.0,unweighted_primary,8646,subjects,33.0,34.0,91.0,8488.0,8646.0,1.4341892204487623,0.7749248207263475,-0.659264399722415,1.4457552625491557,0.3388978266055812,0.3455497382198952,0.9926904859364948,True,"Mapped source is the grouped five-fold OOF isotonic prediction on the target algorithm scale. Positive/negative agreement are symmetric: 2a/(2a+b+c) and 2d/(2d+b+c). Cohen kappa uses the observed agreement minus agreement expected from the mapped/target marginals, divided by one minus expected agreement; every cell and marginal is WTMEC4YR-weighted in the weighted sensitivity. Attainment difference is mapped minus observed target percentage points. WTMEC4YR changes evaluation weights only; the D7 headline crosswalk fit remains unweighted."
daily_steps,isotonic,whole_cohort_subject_grouped_5fold_oof,scssl,adept,7000.0,WTMEC4YR_weighted_sensitivity,8646,WTMEC4YR,517164.1282515,551256.60614,1757438.673034,178086126.584288,180911985.99171352,1.257298010862412,0.5905748745914701,-0.666723136270942,1.276142797569945,0.3038040025953172,0.3093990351741681,0.9935597824956364,True,"Mapped source is the grouped five-fold OOF isotonic prediction on the target algorithm scale. Positive/negative agreement are symmetric: 2a/(2a+b+c) and 2d/(2d+b+c). Cohen kappa uses the observed agreement minus agreement expected from the mapped/target marginals, divided by one minus expected agreement; every cell and marginal is WTMEC4YR-weighted in the weighted sensitivity. Attainment difference is mapped minus observed target percentage points. WTMEC4YR changes evaluation weights only; the D7 headline crosswalk fit remains unweighted."
daily_steps,isotonic,whole_cohort_subject_grouped_5fold_oof,scssl,adept,8000.0,unweighted_primary,8646,subjects,8.0,22.0,60.0,8556.0,8646.0,0.7864908628267407,0.3469812630117973,-0.4395095998149433,0.948415452232246,0.1592167243023168,0.1632653061224489,0.9952308944980808,True,"Mapped source is the grouped five-fold OOF isotonic prediction on the target algorithm scale. Positive/negative agreement are symmetric: 2a/(2a+b+c) and 2d/(2d+b+c). Cohen kappa uses the observed agreement minus agreement expected from the mapped/target marginals, divided by one minus expected agreement; every cell and marginal is WTMEC4YR-weighted in the weighted sensitivity. Attainment difference is mapped minus observed target percentage points. WTMEC4YR changes evaluation weights only; the D7 headline crosswalk fit remains unweighted."
daily_steps,isotonic,whole_cohort_subject_grouped_5fold_oof,scssl,adept,8000.0,WTMEC4YR_weighted_sensitivity,8646,WTMEC4YR,151012.76100250002,298145.10012399993,1001377.4520975,179461450.6784895,180911985.99171352,0.6369894215592681,0.2482742415679816,-0.3887151799912864,0.7183175537529188,0.1856739799962856,0.1885834879798218,0.996392444040216,True,"Mapped source is the grouped five-fold OOF isotonic prediction on the target algorithm scale. Positive/negative agreement are symmetric: 2a/(2a+b+c) and 2d/(2d+b+c). Cohen kappa uses the observed agreement minus agreement expected from the mapped/target marginals, divided by one minus expected agreement; every cell and marginal is WTMEC4YR-weighted in the weighted sensitivity. Attainment difference is mapped minus observed target percentage points. WTMEC4YR changes evaluation weights only; the D7 headline crosswalk fit remains unweighted."
daily_steps,isotonic,whole_cohort_subject_grouped_5fold_oof,scssl,adept,10000.0,unweighted_primary,8646,subjects,0.0,0.0,17.0,8629.0,8646.0,0.1966227157066851,0.0,-0.1966227157066851,0.1966227157066851,0.0,0.0,0.999015918958032,True,"Mapped source is the grouped five-fold OOF isotonic prediction on the target algorithm scale. Positive/negative agreement are symmetric: 2a/(2a+b+c) and 2d/(2d+b+c). Cohen kappa uses the observed agreement minus agreement expected from the mapped/target marginals, divided by one minus expected agreement; every cell and marginal is WTMEC4YR-weighted in the weighted sensitivity. Attainment difference is mapped minus observed target percentage points. WTMEC4YR changes evaluation weights only; the D7 headline crosswalk fit remains unweighted."
daily_steps,isotonic,whole_cohort_subject_grouped_5fold_oof,scssl,adept,10000.0,WTMEC4YR_weighted_sensitivity,8646,WTMEC4YR,0.0,0.0,283497.14612499997,180628488.8455885,180911985.99171352,0.1567044574581063,0.0,-0.1567044574581063,0.1567044574581063,-7.084820959365515e-14,0.0,0.9992158633241476,True,"Mapped source is the grouped five-fold OOF isotonic prediction on the target algorithm scale. Positive/negative agreement are symmetric: 2a/(2a+b+c) and 2d/(2d+b+c). Cohen kappa uses the observed agreement minus agreement expected from the mapped/target marginals, divided by one minus expected agreement; every cell and marginal is WTMEC4YR-weighted in the weighted sensitivity. Attainment difference is mapped minus observed target percentage points. WTMEC4YR changes evaluation weights only; the D7 headline crosswalk fit remains unweighted."
daily_steps,isotonic,whole_cohort_subject_grouped_5fold_oof,scssl,oak,7000.0,unweighted_primary,8646,subjects,6533.0,617.0,293.0,1203.0,8646.0,78.94980337728428,82.69720101781171,3.7473976405274168,10.525098311357851,0.6612287196353399,0.9348883800801374,0.7255729794933655,False,"Mapped source is the grouped five-fold OOF isotonic prediction on the target algorithm scale. Positive/negative agreement are symmetric: 2a/(2a+b+c) and 2d/(2d+b+c). Cohen kappa uses the observed agreement minus agreement expected from the mapped/target marginals, divided by one minus expected agreement; every cell and marginal is WTMEC4YR-weighted in the weighted sensitivity. Attainment difference is mapped minus observed target percentage points. WTMEC4YR changes evaluation weights only; the D7 headline crosswalk fit remains unweighted."
daily_steps,isotonic,whole_cohort_subject_grouped_5fold_oof,scssl,oak,7000.0,WTMEC4YR_weighted_sensitivity,8646,WTMEC4YR,141052149.500371,12194440.282515,6207656.431019,21457739.777808495,180911985.99171352,81.39859010675782,84.70781465519111,3.3092245484332983,10.171850478926746,0.6393532625000194,0.938763044727238,0.6998887132661807,False,"Mapped source is the grouped five-fold OOF isotonic prediction on the target algorithm scale. Positive/negative agreement are symmetric: 2a/(2a+b+c) and 2d/(2d+b+c). Cohen kappa uses the observed agreement minus agreement expected from the mapped/target marginals, divided by one minus expected agreement; every cell and marginal is WTMEC4YR-weighted in the weighted sensitivity. Attainment difference is mapped minus observed target percentage points. WTMEC4YR changes evaluation weights only; the D7 headline crosswalk fit remains unweighted."
daily_steps,isotonic,whole_cohort_subject_grouped_5fold_oof,scssl,oak,8000.0,unweighted_primary,8646,subjects,5948.0,776.0,329.0,1593.0,8646.0,72.60004626416841,77.77006708304418,5.170020818875775,12.780476520934537,0.658713167854738,0.9150065379586184,0.742484269401072,False,"Mapped source is the grouped five-fold OOF isotonic prediction on the target algorithm scale. Positive/negative agreement are symmetric: 2a/(2a+b+c) and 2d/(2d+b+c). Cohen kappa uses the observed agreement minus agreement expected from the mapped/target marginals, divided by one minus expected agreement; every cell and marginal is WTMEC4YR-weighted in the weighted sensitivity. Attainment difference is mapped minus observed target percentage points. WTMEC4YR changes evaluation weights only; the D7 headline crosswalk fit remains unweighted."
daily_steps,isotonic,whole_cohort_subject_grouped_5fold_oof,scssl,oak,8000.0,WTMEC4YR_weighted_sensitivity,8646,WTMEC4YR,129136919.697012,15444940.520327,6860866.2437595,29469259.530615,180911985.99171352,75.17345254669901,79.91834229488887,4.744889748189863,12.329645623982149,0.6470895813585812,0.9205009804898076,0.7254478200478119,False,"Mapped source is the grouped five-fold OOF isotonic prediction on the target algorithm scale. Positive/negative agreement are symmetric: 2a/(2a+b+c) and 2d/(2d+b+c). Cohen kappa uses the observed agreement minus agreement expected from the mapped/target marginals, divided by one minus expected agreement; every cell and marginal is WTMEC4YR-weighted in the weighted sensitivity. Attainment difference is mapped minus observed target percentage points. WTMEC4YR changes evaluation weights only; the D7 headline crosswalk fit remains unweighted."
daily_steps,isotonic,whole_cohort_subject_grouped_5fold_oof,scssl,oak,10000.0,unweighted_primary,8646,subjects,4362.0,719.0,639.0,2926.0,8646.0,57.841776544066626,58.76705991209808,0.9252833680314598,15.706685172334028,0.6769834280682092,0.8653045030747868,0.8116504854368932,False,"Mapped source is the grouped five-fold OOF isotonic prediction on the target algorithm scale. Positive/negative agreement are symmetric: 2a/(2a+b+c) and 2d/(2d+b+c). Cohen kappa uses the observed agreement minus agreement expected from the mapped/target marginals, divided by one minus expected agreement; every cell and marginal is WTMEC4YR-weighted in the weighted sensitivity. Attainment difference is mapped minus observed target percentage points. WTMEC4YR changes evaluation weights only; the D7 headline crosswalk fit remains unweighted."
daily_steps,isotonic,whole_cohort_subject_grouped_5fold_oof,scssl,oak,10000.0,WTMEC4YR_weighted_sensitivity,8646,WTMEC4YR,95926115.562242,15076563.130967502,12869987.728478,57039319.570025995,180911985.99171352,60.1375871777248,61.357282705576985,1.2196955278521826,15.447594976225378,0.6761326563742163,0.8728539320955436,0.8032282100129958,False,"Mapped source is the grouped five-fold OOF isotonic prediction on the target algorithm scale. Positive/negative agreement are symmetric: 2a/(2a+b+c) and 2d/(2d+b+c). Cohen kappa uses the observed agreement minus agreement expected from the mapped/target marginals, divided by one minus expected agreement; every cell and marginal is WTMEC4YR-weighted in the weighted sensitivity. Attainment difference is mapped minus observed target percentage points. WTMEC4YR changes evaluation weights only; the D7 headline crosswalk fit remains unweighted."
daily_steps,isotonic,whole_cohort_subject_grouped_5fold_oof,scssl,scrf,7000.0,unweighted_primary,8646,subjects,6208.0,507.0,257.0,1674.0,8646.0,74.77446217904233,77.66597270414064,2.8915105250983064,8.836456164700438,0.7565165081481925,0.9420333839150228,0.8142023346303502,False,"Mapped source is the grouped five-fold OOF isotonic prediction on the target algorithm scale. Positive/negative agreement are symmetric: 2a/(2a+b+c) and 2d/(2d+b+c). Cohen kappa uses the observed agreement minus agreement expected from the mapped/target marginals, divided by one minus expected agreement; every cell and marginal is WTMEC4YR-weighted in the weighted sensitivity. Attainment difference is mapped minus observed target percentage points. WTMEC4YR changes evaluation weights only; the D7 headline crosswalk fit remains unweighted."
daily_steps,isotonic,whole_cohort_subject_grouped_5fold_oof,scssl,scrf,7000.0,WTMEC4YR_weighted_sensitivity,8646,WTMEC4YR,134390804.6789045,10039537.1791885,5340894.349932,31140749.7836885,180911985.99171352,77.23739157627551,79.83458976825807,2.5971981919825526,8.501610020369235,0.7480830665682098,0.945874433189194,0.80195661745766,False,"Mapped source is the grouped five-fold OOF isotonic prediction on the target algorithm scale. Positive/negative agreement are symmetric: 2a/(2a+b+c) and 2d/(2d+b+c). Cohen kappa uses the observed agreement minus agreement expected from the mapped/target marginals, divided by one minus expected agreement; every cell and marginal is WTMEC4YR-weighted in the weighted sensitivity. Attainment difference is mapped minus observed target percentage points. WTMEC4YR changes evaluation weights only; the D7 headline crosswalk fit remains unweighted."
daily_steps,isotonic,whole_cohort_subject_grouped_5fold_oof,scssl,scrf,8000.0,unweighted_primary,8646,subjects,5604.0,588.0,308.0,2146.0,8646.0,68.37844089752487,71.61693268563496,3.2384917881100983,10.363173721952348,0.7535762981782982,0.9259748843357568,0.8272937548188126,False,"Mapped source is the grouped five-fold OOF isotonic prediction on the target algorithm scale. Positive/negative agreement are symmetric: 2a/(2a+b+c) and 2d/(2d+b+c). Cohen kappa uses the observed agreement minus agreement expected from the mapped/target marginals, divided by one minus expected agreement; every cell and marginal is WTMEC4YR-weighted in the weighted sensitivity. Attainment difference is mapped minus observed target percentage points. WTMEC4YR changes evaluation weights only; the D7 headline crosswalk fit remains unweighted."
daily_steps,isotonic,whole_cohort_subject_grouped_5fold_oof,scssl,scrf,8000.0,WTMEC4YR_weighted_sensitivity,8646,WTMEC4YR,122223447.663203,11681055.2098895,6035299.005195,40972184.113426,180911985.99171352,70.89566009975302,74.01637992035855,3.120719820605533,9.792802902454444,0.7549547171449797,0.9324224343188092,0.8222333354506208,False,"Mapped source is the grouped five-fold OOF isotonic prediction on the target algorithm scale. Positive/negative agreement are symmetric: 2a/(2a+b+c) and 2d/(2d+b+c). Cohen kappa uses the observed agreement minus agreement expected from the mapped/target marginals, divided by one minus expected agreement; every cell and marginal is WTMEC4YR-weighted in the weighted sensitivity. Attainment difference is mapped minus observed target percentage points. WTMEC4YR changes evaluation weights only; the D7 headline crosswalk fit remains unweighted."
daily_steps,isotonic,whole_cohort_subject_grouped_5fold_oof,scssl,scrf,10000.0,unweighted_primary,8646,subjects,4208.0,664.0,440.0,3334.0,8646.0,53.7589636826278,56.34975711311589,2.590793430488092,12.768910478834142,0.7421600889988409,0.8840336134453781,0.8579516212043232,False,"Mapped source is the grouped five-fold OOF isotonic prediction on the target algorithm scale. Positive/negative agreement are symmetric: 2a/(2a+b+c) and 2d/(2d+b+c). Cohen kappa uses the observed agreement minus agreement expected from the mapped/target marginals, divided by one minus expected agreement; every cell and marginal is WTMEC4YR-weighted in the weighted sensitivity. Attainment difference is mapped minus observed target percentage points. WTMEC4YR changes evaluation weights only; the D7 headline crosswalk fit remains unweighted."
daily_steps,isotonic,whole_cohort_subject_grouped_5fold_oof,scssl,scrf,10000.0,WTMEC4YR_weighted_sensitivity,8646,WTMEC4YR,92836016.22307847,13834750.9910775,9036138.358317,65205080.4192405,180911985.99171352,56.31034009325487,58.962797091311536,2.6524569980566626,12.641997833378534,0.7413075617444264,0.8903300617806805,0.8507911491905764,False,"Mapped source is the grouped five-fold OOF isotonic prediction on the target algorithm scale. Positive/negative agreement are symmetric: 2a/(2a+b+c) and 2d/(2d+b+c). Cohen kappa uses the observed agreement minus agreement expected from the mapped/target marginals, divided by one minus expected agreement; every cell and marginal is WTMEC4YR-weighted in the weighted sensitivity. Attainment difference is mapped minus observed target percentage points. WTMEC4YR changes evaluation weights only; the D7 headline crosswalk fit remains unweighted."
daily_steps,isotonic,whole_cohort_subject_grouped_5fold_oof,scssl,vs,7000.0,unweighted_primary,8646,subjects,5483.0,715.0,447.0,2001.0,8646.0,68.58662965533195,71.68632893823734,3.099699282905388,13.43974092065695,0.679536802200469,0.904188654353562,0.7749806351665376,False,"Mapped source is the grouped five-fold OOF isotonic prediction on the target algorithm scale. Positive/negative agreement are symmetric: 2a/(2a+b+c) and 2d/(2d+b+c). Cohen kappa uses the observed agreement minus agreement expected from the mapped/target marginals, divided by one minus expected agreement; every cell and marginal is WTMEC4YR-weighted in the weighted sensitivity. Attainment difference is mapped minus observed target percentage points. WTMEC4YR changes evaluation weights only; the D7 headline crosswalk fit remains unweighted."
daily_steps,isotonic,whole_cohort_subject_grouped_5fold_oof,scssl,vs,7000.0,WTMEC4YR_weighted_sensitivity,8646,WTMEC4YR,119501516.886565,14537292.108626,8445215.986484,38427961.0100385,180911985.99171352,70.72319292261237,74.09061829730314,3.367425374690769,12.703695650194613,0.6825291158687264,0.9122756624994652,0.7698029900050082,False,"Mapped source is the grouped five-fold OOF isotonic prediction on the target algorithm scale. Positive/negative agreement are symmetric: 2a/(2a+b+c) and 2d/(2d+b+c). Cohen kappa uses the observed agreement minus agreement expected from the mapped/target marginals, divided by one minus expected agreement; every cell and marginal is WTMEC4YR-weighted in the weighted sensitivity. Attainment difference is mapped minus observed target percentage points. WTMEC4YR changes evaluation weights only; the D7 headline crosswalk fit remains unweighted."
daily_steps,isotonic,whole_cohort_subject_grouped_5fold_oof,scssl,vs,8000.0,unweighted_primary,8646,subjects,4472.0,769.0,607.0,2798.0,8646.0,58.74392782789729,60.61762664816099,1.8736988202637028,15.914873930141106,0.6694263706866184,0.8666666666666667,0.8026391279403328,False,"Mapped source is the grouped five-fold OOF isotonic prediction on the target algorithm scale. Positive/negative agreement are symmetric: 2a/(2a+b+c) and 2d/(2d+b+c). Cohen kappa uses the observed agreement minus agreement expected from the mapped/target marginals, divided by one minus expected agreement; every cell and marginal is WTMEC4YR-weighted in the weighted sensitivity. Attainment difference is mapped minus observed target percentage points. WTMEC4YR changes evaluation weights only; the D7 headline crosswalk fit remains unweighted."
daily_steps,isotonic,whole_cohort_subject_grouped_5fold_oof,scssl,vs,8000.0,WTMEC4YR_weighted_sensitivity,8646,WTMEC4YR,97022428.817024,17076341.406289,12062023.14392,54751192.6244805,180911985.99171352,60.29697333925708,63.06866269686474,2.771689357607665,16.10637592113087,0.6595468886134874,0.8694419577554411,0.7898282821434696,False,"Mapped source is the grouped five-fold OOF isotonic prediction on the target algorithm scale. Positive/negative agreement are symmetric: 2a/(2a+b+c) and 2d/(2d+b+c). Cohen kappa uses the observed agreement minus agreement expected from the mapped/target marginals, divided by one minus expected agreement; every cell and marginal is WTMEC4YR-weighted in the weighted sensitivity. Attainment difference is mapped minus observed target percentage points. WTMEC4YR changes evaluation weights only; the D7 headline crosswalk fit remains unweighted."
daily_steps,isotonic,whole_cohort_subject_grouped_5fold_oof,scssl,vs,10000.0,unweighted_primary,8646,subjects,2566.0,566.0,831.0,4683.0,8646.0,39.28984501503586,36.22484385843164,-3.0650011566042137,16.157760814249365,0.6565782203175429,0.7860315515392863,0.870203474867602,False,"Mapped source is the grouped five-fold OOF isotonic prediction on the target algorithm scale. Positive/negative agreement are symmetric: 2a/(2a+b+c) and 2d/(2d+b+c). Cohen kappa uses the observed agreement minus agreement expected from the mapped/target marginals, divided by one minus expected agreement; every cell and marginal is WTMEC4YR-weighted in the weighted sensitivity. Attainment difference is mapped minus observed target percentage points. WTMEC4YR changes evaluation weights only; the D7 headline crosswalk fit remains unweighted."
daily_steps,isotonic,whole_cohort_subject_grouped_5fold_oof,scssl,vs,10000.0,WTMEC4YR_weighted_sensitivity,8646,WTMEC4YR,54878884.345953,12923748.2080755,16807754.1043965,96301599.33328848,180911985.99171352,39.62514592793926,37.47824235213146,-2.1469035758078014,16.43423576911804,0.6532991250448325,0.7868545580717901,0.8662759246237787,False,"Mapped source is the grouped five-fold OOF isotonic prediction on the target algorithm scale. Positive/negative agreement are symmetric: 2a/(2a+b+c) and 2d/(2d+b+c). Cohen kappa uses the observed agreement minus agreement expected from the mapped/target marginals, divided by one minus expected agreement; every cell and marginal is WTMEC4YR-weighted in the weighted sensitivity. Attainment difference is mapped minus observed target percentage points. WTMEC4YR changes evaluation weights only; the D7 headline crosswalk fit remains unweighted."
daily_steps,isotonic,whole_cohort_subject_grouped_5fold_oof,scssl,vsrev,7000.0,unweighted_primary,8646,subjects,4545.0,878.0,634.0,2589.0,8646.0,59.900532037936614,62.72264631043257,2.822114272495957,17.487855655794586,0.6316855911869732,0.8573853989813243,0.7739910313901345,False,"Mapped source is the grouped five-fold OOF isotonic prediction on the target algorithm scale. Positive/negative agreement are symmetric: 2a/(2a+b+c) and 2d/(2d+b+c). Cohen kappa uses the observed agreement minus agreement expected from the mapped/target marginals, divided by one minus expected agreement; every cell and marginal is WTMEC4YR-weighted in the weighted sensitivity. Attainment difference is mapped minus observed target percentage points. WTMEC4YR changes evaluation weights only; the D7 headline crosswalk fit remains unweighted."
daily_steps,isotonic,whole_cohort_subject_grouped_5fold_oof,scssl,vsrev,7000.0,WTMEC4YR_weighted_sensitivity,8646,WTMEC4YR,99775423.0904665,18027393.162011,13120090.956392,49989078.782844,180911985.99171352,62.40355686108578,65.11609256109395,2.7125357000081673,17.21692675455438,0.627743200575364,0.8649860877710365,0.7624607687835474,False,"Mapped source is the grouped five-fold OOF isotonic prediction on the target algorithm scale. Positive/negative agreement are symmetric: 2a/(2a+b+c) and 2d/(2d+b+c). Cohen kappa uses the observed agreement minus agreement expected from the mapped/target marginals, divided by one minus expected agreement; every cell and marginal is WTMEC4YR-weighted in the weighted sensitivity. Attainment difference is mapped minus observed target percentage points. WTMEC4YR changes evaluation weights only; the D7 headline crosswalk fit remains unweighted."
daily_steps,isotonic,whole_cohort_subject_grouped_5fold_oof,scssl,vsrev,8000.0,unweighted_primary,8646,subjects,3799.0,966.0,643.0,3238.0,8646.0,51.3763590099468,55.112190608373815,3.735831598427019,18.609761739532733,0.626754271136453,0.8252416639513414,0.8009894867037725,False,"Mapped source is the grouped five-fold OOF isotonic prediction on the target algorithm scale. Positive/negative agreement are symmetric: 2a/(2a+b+c) and 2d/(2d+b+c). Cohen kappa uses the observed agreement minus agreement expected from the mapped/target marginals, divided by one minus expected agreement; every cell and marginal is WTMEC4YR-weighted in the weighted sensitivity. Attainment difference is mapped minus observed target percentage points. WTMEC4YR changes evaluation weights only; the D7 headline crosswalk fit remains unweighted."
daily_steps,isotonic,whole_cohort_subject_grouped_5fold_oof,scssl,vsrev,8000.0,WTMEC4YR_weighted_sensitivity,8646,WTMEC4YR,83240653.8689415,21096696.909746494,13252496.3532465,63322138.859779,180911985.99171352,53.33706868189915,57.672989551652506,4.335920869753362,18.986687407525512,0.6163367276286745,0.8289642604494465,0.7866423212484444,False,"Mapped source is the grouped five-fold OOF isotonic prediction on the target algorithm scale. Positive/negative agreement are symmetric: 2a/(2a+b+c) and 2d/(2d+b+c). Cohen kappa uses the observed agreement minus agreement expected from the mapped/target marginals, divided by one minus expected agreement; every cell and marginal is WTMEC4YR-weighted in the weighted sensitivity. Attainment difference is mapped minus observed target percentage points. WTMEC4YR changes evaluation weights only; the D7 headline crosswalk fit remains unweighted."
daily_steps,isotonic,whole_cohort_subject_grouped_5fold_oof,scssl,vsrev,10000.0,unweighted_primary,8646,subjects,2223.0,739.0,769.0,4915.0,8646.0,34.605597964376585,34.258616701364794,-0.3469812630117974,17.441591487393012,0.61372598350473,0.7467248908296943,0.8669959428470629,False,"Mapped source is the grouped five-fold OOF isotonic prediction on the target algorithm scale. Positive/negative agreement are symmetric: 2a/(2a+b+c) and 2d/(2d+b+c). Cohen kappa uses the observed agreement minus agreement expected from the mapped/target marginals, divided by one minus expected agreement; every cell and marginal is WTMEC4YR-weighted in the weighted sensitivity. Attainment difference is mapped minus observed target percentage points. WTMEC4YR changes evaluation weights only; the D7 headline crosswalk fit remains unweighted."
daily_steps,isotonic,whole_cohort_subject_grouped_5fold_oof,scssl,vsrev,10000.0,WTMEC4YR_weighted_sensitivity,8646,WTMEC4YR,47447831.99915551,16873617.650204003,16349325.5719365,100241210.77041753,180911985.99171352,35.26419613458567,35.55400118834895,0.2898050537632812,18.364147096180925,0.5985323432170426,0.7406860412947328,0.8578426162538662,False,"Mapped source is the grouped five-fold OOF isotonic prediction on the target algorithm scale. Positive/negative agreement are symmetric: 2a/(2a+b+c) and 2d/(2d+b+c). Cohen kappa uses the observed agreement minus agreement expected from the mapped/target marginals, divided by one minus expected agreement; every cell and marginal is WTMEC4YR-weighted in the weighted sensitivity. Attainment difference is mapped minus observed target percentage points. WTMEC4YR changes evaluation weights only; the D7 headline crosswalk fit remains unweighted."
daily_steps,isotonic,whole_cohort_subject_grouped_5fold_oof,vs,acti,7000.0,unweighted_primary,8646,subjects,7453.0,243.0,165.0,785.0,8646.0,88.11010872079575,89.01226000462643,0.9021512838306768,4.718945176960444,0.7671355244462389,0.97335771189761,0.7937310414560161,False,"Mapped source is the grouped five-fold OOF isotonic prediction on the target algorithm scale. Positive/negative agreement are symmetric: 2a/(2a+b+c) and 2d/(2d+b+c). Cohen kappa uses the observed agreement minus agreement expected from the mapped/target marginals, divided by one minus expected agreement; every cell and marginal is WTMEC4YR-weighted in the weighted sensitivity. Attainment difference is mapped minus observed target percentage points. WTMEC4YR changes evaluation weights only; the D7 headline crosswalk fit remains unweighted."
daily_steps,isotonic,whole_cohort_subject_grouped_5fold_oof,vs,acti,7000.0,WTMEC4YR_weighted_sensitivity,8646,WTMEC4YR,159125442.455265,5790160.31258,2725269.327303,13271113.8965655,180911985.99171352,89.46378588203734,91.15791961700025,1.6941337349629104,4.706946083867014,0.7312628194234875,0.9739403076121874,0.7571021493334585,False,"Mapped source is the grouped five-fold OOF isotonic prediction on the target algorithm scale. Positive/negative agreement are symmetric: 2a/(2a+b+c) and 2d/(2d+b+c). Cohen kappa uses the observed agreement minus agreement expected from the mapped/target marginals, divided by one minus expected agreement; every cell and marginal is WTMEC4YR-weighted in the weighted sensitivity. Attainment difference is mapped minus observed target percentage points. WTMEC4YR changes evaluation weights only; the D7 headline crosswalk fit remains unweighted."
daily_steps,isotonic,whole_cohort_subject_grouped_5fold_oof,vs,acti,8000.0,unweighted_primary,8646,subjects,6933.0,282.0,213.0,1218.0,8646.0,82.65093684941013,83.44899375433727,0.7980569049271358,5.7251908396946565,0.7966703068438465,0.9655316482139128,0.8311156601842374,False,"Mapped source is the grouped five-fold OOF isotonic prediction on the target algorithm scale. Positive/negative agreement are symmetric: 2a/(2a+b+c) and 2d/(2d+b+c). Cohen kappa uses the observed agreement minus agreement expected from the mapped/target marginals, divided by one minus expected agreement; every cell and marginal is WTMEC4YR-weighted in the weighted sensitivity. Attainment difference is mapped minus observed target percentage points. WTMEC4YR changes evaluation weights only; the D7 headline crosswalk fit remains unweighted."
daily_steps,isotonic,whole_cohort_subject_grouped_5fold_oof,vs,acti,8000.0,WTMEC4YR_weighted_sensitivity,8646,WTMEC4YR,148694607.821988,5636310.414339,4061891.490444501,22519176.264942,180911985.99171352,84.43691471024442,85.30718260060223,0.870267890357812,5.360729335660333,0.7912699198963943,0.9684187584688532,0.8228203801837931,False,"Mapped source is the grouped five-fold OOF isotonic prediction on the target algorithm scale. Positive/negative agreement are symmetric: 2a/(2a+b+c) and 2d/(2d+b+c). Cohen kappa uses the observed agreement minus agreement expected from the mapped/target marginals, divided by one minus expected agreement; every cell and marginal is WTMEC4YR-weighted in the weighted sensitivity. Attainment difference is mapped minus observed target percentage points. WTMEC4YR changes evaluation weights only; the D7 headline crosswalk fit remains unweighted."
daily_steps,isotonic,whole_cohort_subject_grouped_5fold_oof,vs,acti,10000.0,unweighted_primary,8646,subjects,5374.0,472.0,338.0,2462.0,8646.0,66.06523247744622,67.61508211889891,1.549849641452694,9.368494101318529,0.788713272682446,0.9299186710503548,0.8587373561213812,False,"Mapped source is the grouped five-fold OOF isotonic prediction on the target algorithm scale. Positive/negative agreement are symmetric: 2a/(2a+b+c) and 2d/(2d+b+c). Cohen kappa uses the observed agreement minus agreement expected from the mapped/target marginals, divided by one minus expected agreement; every cell and marginal is WTMEC4YR-weighted in the weighted sensitivity. Attainment difference is mapped minus observed target percentage points. WTMEC4YR changes evaluation weights only; the D7 headline crosswalk fit remains unweighted."
daily_steps,isotonic,whole_cohort_subject_grouped_5fold_oof,vs,acti,10000.0,WTMEC4YR_weighted_sensitivity,8646,WTMEC4YR,115980733.7004795,10264136.325584,6472842.079473999,48194273.886176005,180911985.99171352,67.68682301987573,69.78247976993963,2.095656750063901,9.251448052659496,0.7848611305838876,0.9327017169294548,0.8520494978400357,False,"Mapped source is the grouped five-fold OOF isotonic prediction on the target algorithm scale. Positive/negative agreement are symmetric: 2a/(2a+b+c) and 2d/(2d+b+c). Cohen kappa uses the observed agreement minus agreement expected from the mapped/target marginals, divided by one minus expected agreement; every cell and marginal is WTMEC4YR-weighted in the weighted sensitivity. Attainment difference is mapped minus observed target percentage points. WTMEC4YR changes evaluation weights only; the D7 headline crosswalk fit remains unweighted."
daily_steps,isotonic,whole_cohort_subject_grouped_5fold_oof,vs,adept,7000.0,unweighted_primary,8646,subjects,9.0,19.0,115.0,8503.0,8646.0,1.4341892204487623,0.3238491788110109,-1.1103400416377516,1.549849641452695,0.1137381736288805,0.1184210526315789,0.9921820303383896,True,"Mapped source is the grouped five-fold OOF isotonic prediction on the target algorithm scale. Positive/negative agreement are symmetric: 2a/(2a+b+c) and 2d/(2d+b+c). Cohen kappa uses the observed agreement minus agreement expected from the mapped/target marginals, divided by one minus expected agreement; every cell and marginal is WTMEC4YR-weighted in the weighted sensitivity. Attainment difference is mapped minus observed target percentage points. WTMEC4YR changes evaluation weights only; the D7 headline crosswalk fit remains unweighted."
daily_steps,isotonic,whole_cohort_subject_grouped_5fold_oof,vs,adept,7000.0,WTMEC4YR_weighted_sensitivity,8646,WTMEC4YR,138466.8338275,405212.575112,2136135.967458,178232170.61531597,180911985.99171352,1.257298010862412,0.3005214972126848,-0.9567765136497274,1.4047430459839203,0.0938676840112462,0.0982632848656028,0.992921146892754,True,"Mapped source is the grouped five-fold OOF isotonic prediction on the target algorithm scale. Positive/negative agreement are symmetric: 2a/(2a+b+c) and 2d/(2d+b+c). Cohen kappa uses the observed agreement minus agreement expected from the mapped/target marginals, divided by one minus expected agreement; every cell and marginal is WTMEC4YR-weighted in the weighted sensitivity. Attainment difference is mapped minus observed target percentage points. WTMEC4YR changes evaluation weights only; the D7 headline crosswalk fit remains unweighted."
daily_steps,isotonic,whole_cohort_subject_grouped_5fold_oof,vs,adept,8000.0,unweighted_primary,8646,subjects,1.0,11.0,67.0,8567.0,8646.0,0.7864908628267407,0.1387925052047189,-0.6476983576220218,0.9021512838306732,0.0226940734557489,0.025,0.9954682779456192,True,"Mapped source is the grouped five-fold OOF isotonic prediction on the target algorithm scale. Positive/negative agreement are symmetric: 2a/(2a+b+c) and 2d/(2d+b+c). Cohen kappa uses the observed agreement minus agreement expected from the mapped/target marginals, divided by one minus expected agreement; every cell and marginal is WTMEC4YR-weighted in the weighted sensitivity. Attainment difference is mapped minus observed target percentage points. WTMEC4YR changes evaluation weights only; the D7 headline crosswalk fit remains unweighted."
daily_steps,isotonic,whole_cohort_subject_grouped_5fold_oof,vs,adept,8000.0,WTMEC4YR_weighted_sensitivity,8646,WTMEC4YR,9301.006394,224350.838153,1143089.2067059998,179535244.9404605,180911985.99171352,0.636989421559268,0.1291522191115088,-0.5078372024477591,0.7558592855874313,0.0112976131994093,0.0134209583939895,0.9962061705183454,True,"Mapped source is the grouped five-fold OOF isotonic prediction on the target algorithm scale. Positive/negative agreement are symmetric: 2a/(2a+b+c) and 2d/(2d+b+c). Cohen kappa uses the observed agreement minus agreement expected from the mapped/target marginals, divided by one minus expected agreement; every cell and marginal is WTMEC4YR-weighted in the weighted sensitivity. Attainment difference is mapped minus observed target percentage points. WTMEC4YR changes evaluation weights only; the D7 headline crosswalk fit remains unweighted."
daily_steps,isotonic,whole_cohort_subject_grouped_5fold_oof,vs,adept,10000.0,unweighted_primary,8646,subjects,0.0,0.0,17.0,8629.0,8646.0,0.1966227157066851,0.0,-0.1966227157066851,0.1966227157066851,0.0,0.0,0.999015918958032,True,"Mapped source is the grouped five-fold OOF isotonic prediction on the target algorithm scale. Positive/negative agreement are symmetric: 2a/(2a+b+c) and 2d/(2d+b+c). Cohen kappa uses the observed agreement minus agreement expected from the mapped/target marginals, divided by one minus expected agreement; every cell and marginal is WTMEC4YR-weighted in the weighted sensitivity. Attainment difference is mapped minus observed target percentage points. WTMEC4YR changes evaluation weights only; the D7 headline crosswalk fit remains unweighted."
daily_steps,isotonic,whole_cohort_subject_grouped_5fold_oof,vs,adept,10000.0,WTMEC4YR_weighted_sensitivity,8646,WTMEC4YR,0.0,0.0,283497.14612499997,180628488.8455885,180911985.99171352,0.1567044574581063,0.0,-0.1567044574581063,0.1567044574581063,-7.084820959365515e-14,0.0,0.9992158633241476,True,"Mapped source is the grouped five-fold OOF isotonic prediction on the target algorithm scale. Positive/negative agreement are symmetric: 2a/(2a+b+c) and 2d/(2d+b+c). Cohen kappa uses the observed agreement minus agreement expected from the mapped/target marginals, divided by one minus expected agreement; every cell and marginal is WTMEC4YR-weighted in the weighted sensitivity. Attainment difference is mapped minus observed target percentage points. WTMEC4YR changes evaluation weights only; the D7 headline crosswalk fit remains unweighted."
daily_steps,isotonic,whole_cohort_subject_grouped_5fold_oof,vs,oak,7000.0,unweighted_primary,8646,subjects,6664.0,226.0,162.0,1594.0,8646.0,78.94980337728428,79.69003007170946,0.7402266944251723,4.48762433495258,0.8632221730051257,0.9717118693496646,0.8914988814317674,False,"Mapped source is the grouped five-fold OOF isotonic prediction on the target algorithm scale. Positive/negative agreement are symmetric: 2a/(2a+b+c) and 2d/(2d+b+c). Cohen kappa uses the observed agreement minus agreement expected from the mapped/target marginals, divided by one minus expected agreement; every cell and marginal is WTMEC4YR-weighted in the weighted sensitivity. Attainment difference is mapped minus observed target percentage points. WTMEC4YR changes evaluation weights only; the D7 headline crosswalk fit remains unweighted."
daily_steps,isotonic,whole_cohort_subject_grouped_5fold_oof,vs,oak,7000.0,WTMEC4YR_weighted_sensitivity,8646,WTMEC4YR,143725821.049823,4392438.008407,3533984.881567,29259742.0519165,180911985.99171352,81.39859010675781,81.8731043420276,0.4745142352697962,4.381369673503591,0.8538792831084406,0.973165160756766,0.8807086358123943,False,"Mapped source is the grouped five-fold OOF isotonic prediction on the target algorithm scale. Positive/negative agreement are symmetric: 2a/(2a+b+c) and 2d/(2d+b+c). Cohen kappa uses the observed agreement minus agreement expected from the mapped/target marginals, divided by one minus expected agreement; every cell and marginal is WTMEC4YR-weighted in the weighted sensitivity. Attainment difference is mapped minus observed target percentage points. WTMEC4YR changes evaluation weights only; the D7 headline crosswalk fit remains unweighted."
daily_steps,isotonic,whole_cohort_subject_grouped_5fold_oof,vs,oak,8000.0,unweighted_primary,8646,subjects,6072.0,278.0,205.0,2091.0,8646.0,72.60004626416841,73.44436733749711,0.8443210733287021,5.586398334489938,0.8582244825029192,0.9617486338797814,0.8964630225080386,False,"Mapped source is the grouped five-fold OOF isotonic prediction on the target algorithm scale. Positive/negative agreement are symmetric: 2a/(2a+b+c) and 2d/(2d+b+c). Cohen kappa uses the observed agreement minus agreement expected from the mapped/target marginals, divided by one minus expected agreement; every cell and marginal is WTMEC4YR-weighted in the weighted sensitivity. Attainment difference is mapped minus observed target percentage points. WTMEC4YR changes evaluation weights only; the D7 headline crosswalk fit remains unweighted."
daily_steps,isotonic,whole_cohort_subject_grouped_5fold_oof,vs,oak,8000.0,WTMEC4YR_weighted_sensitivity,8646,WTMEC4YR,131725273.438496,4854842.0279225,4272512.5022755,40059358.0230195,180911985.99171352,75.17345254669901,75.49533808814326,0.3218855414442556,5.045190610320351,0.8642448056808135,0.9665146936597656,0.8977282196149903,False,"Mapped source is the grouped five-fold OOF isotonic prediction on the target algorithm scale. Positive/negative agreement are symmetric: 2a/(2a+b+c) and 2d/(2d+b+c). Cohen kappa uses the observed agreement minus agreement expected from the mapped/target marginals, divided by one minus expected agreement; every cell and marginal is WTMEC4YR-weighted in the weighted sensitivity. Attainment difference is mapped minus observed target percentage points. WTMEC4YR changes evaluation weights only; the D7 headline crosswalk fit remains unweighted."
daily_steps,isotonic,whole_cohort_subject_grouped_5fold_oof,vs,oak,10000.0,unweighted_primary,8646,subjects,4729.0,338.0,272.0,3307.0,8646.0,57.841776544066626,58.60513532269257,0.7633587786259444,7.05528568123988,0.8549799308696041,0.9394119984108064,0.9155592469545958,False,"Mapped source is the grouped five-fold OOF isotonic prediction on the target algorithm scale. Positive/negative agreement are symmetric: 2a/(2a+b+c) and 2d/(2d+b+c). Cohen kappa uses the observed agreement minus agreement expected from the mapped/target marginals, divided by one minus expected agreement; every cell and marginal is WTMEC4YR-weighted in the weighted sensitivity. Attainment difference is mapped minus observed target percentage points. WTMEC4YR changes evaluation weights only; the D7 headline crosswalk fit remains unweighted."
daily_steps,isotonic,whole_cohort_subject_grouped_5fold_oof,vs,oak,10000.0,WTMEC4YR_weighted_sensitivity,8646,WTMEC4YR,102440198.059851,6323416.5458065,6355905.230869,65792466.155187,180911985.99171352,60.1375871777248,60.11962889547811,-0.0179582822466994,7.00855817107456,0.8538307144544651,0.9417202692700928,0.9121104402686976,False,"Mapped source is the grouped five-fold OOF isotonic prediction on the target algorithm scale. Positive/negative agreement are symmetric: 2a/(2a+b+c) and 2d/(2d+b+c). Cohen kappa uses the observed agreement minus agreement expected from the mapped/target marginals, divided by one minus expected agreement; every cell and marginal is WTMEC4YR-weighted in the weighted sensitivity. Attainment difference is mapped minus observed target percentage points. WTMEC4YR changes evaluation weights only; the D7 headline crosswalk fit remains unweighted."
daily_steps,isotonic,whole_cohort_subject_grouped_5fold_oof,vs,scrf,7000.0,unweighted_primary,8646,subjects,6203.0,405.0,262.0,1776.0,8646.0,74.77446217904233,76.42840619939857,1.653944020356235,7.714550080962295,0.7909619780802458,0.948978811290446,0.8419056648494904,False,"Mapped source is the grouped five-fold OOF isotonic prediction on the target algorithm scale. Positive/negative agreement are symmetric: 2a/(2a+b+c) and 2d/(2d+b+c). Cohen kappa uses the observed agreement minus agreement expected from the mapped/target marginals, divided by one minus expected agreement; every cell and marginal is WTMEC4YR-weighted in the weighted sensitivity. Attainment difference is mapped minus observed target percentage points. WTMEC4YR changes evaluation weights only; the D7 headline crosswalk fit remains unweighted."
daily_steps,isotonic,whole_cohort_subject_grouped_5fold_oof,vs,scrf,7000.0,WTMEC4YR_weighted_sensitivity,8646,WTMEC4YR,134519169.08419,7701682.824473,5212529.9446465,33478604.138404,180911985.99171352,77.23739157627554,78.61328321008939,1.3758916338138527,7.138395335348882,0.7925667535549432,0.954197212523244,0.8383124702176816,False,"Mapped source is the grouped five-fold OOF isotonic prediction on the target algorithm scale. Positive/negative agreement are symmetric: 2a/(2a+b+c) and 2d/(2d+b+c). Cohen kappa uses the observed agreement minus agreement expected from the mapped/target marginals, divided by one minus expected agreement; every cell and marginal is WTMEC4YR-weighted in the weighted sensitivity. Attainment difference is mapped minus observed target percentage points. WTMEC4YR changes evaluation weights only; the D7 headline crosswalk fit remains unweighted."
daily_steps,isotonic,whole_cohort_subject_grouped_5fold_oof,vs,scrf,8000.0,unweighted_primary,8646,subjects,5602.0,454.0,310.0,2280.0,8646.0,68.37844089752487,70.04395095998149,1.665510062456621,8.836456164700438,0.7927294279012604,0.936163101604278,0.8564988730277987,False,"Mapped source is the grouped five-fold OOF isotonic prediction on the target algorithm scale. Positive/negative agreement are symmetric: 2a/(2a+b+c) and 2d/(2d+b+c). Cohen kappa uses the observed agreement minus agreement expected from the mapped/target marginals, divided by one minus expected agreement; every cell and marginal is WTMEC4YR-weighted in the weighted sensitivity. Attainment difference is mapped minus observed target percentage points. WTMEC4YR changes evaluation weights only; the D7 headline crosswalk fit remains unweighted."
daily_steps,isotonic,whole_cohort_subject_grouped_5fold_oof,vs,scrf,8000.0,WTMEC4YR_weighted_sensitivity,8646,WTMEC4YR,121733347.610909,8531920.493231,6525399.057489,44121318.8300845,180911985.99171352,70.89566009975302,72.00477480254219,1.1091147027891823,8.323008267351442,0.7960242675169903,0.9417565924621426,0.854236923641893,False,"Mapped source is the grouped five-fold OOF isotonic prediction on the target algorithm scale. Positive/negative agreement are symmetric: 2a/(2a+b+c) and 2d/(2d+b+c). Cohen kappa uses the observed agreement minus agreement expected from the mapped/target marginals, divided by one minus expected agreement; every cell and marginal is WTMEC4YR-weighted in the weighted sensitivity. Attainment difference is mapped minus observed target percentage points. WTMEC4YR changes evaluation weights only; the D7 headline crosswalk fit remains unweighted."
daily_steps,isotonic,whole_cohort_subject_grouped_5fold_oof,vs,scrf,10000.0,unweighted_primary,8646,subjects,4272.0,580.0,376.0,3418.0,8646.0,53.7589636826278,56.11843627110803,2.359472588480227,11.057136247975944,0.7768039625836637,0.8993684210526316,0.8773100616016427,False,"Mapped source is the grouped five-fold OOF isotonic prediction on the target algorithm scale. Positive/negative agreement are symmetric: 2a/(2a+b+c) and 2d/(2d+b+c). Cohen kappa uses the observed agreement minus agreement expected from the mapped/target marginals, divided by one minus expected agreement; every cell and marginal is WTMEC4YR-weighted in the weighted sensitivity. Attainment difference is mapped minus observed target percentage points. WTMEC4YR changes evaluation weights only; the D7 headline crosswalk fit remains unweighted."
daily_steps,isotonic,whole_cohort_subject_grouped_5fold_oof,vs,scrf,10000.0,WTMEC4YR_weighted_sensitivity,8646,WTMEC4YR,92938881.9332785,11387275.453737,8933272.648116998,67652555.956581,180911985.99171352,56.31034009325487,57.66680234873661,1.3564622554817385,11.232284024998076,0.7709211741268912,0.9014514332931732,0.8694267507049075,False,"Mapped source is the grouped five-fold OOF isotonic prediction on the target algorithm scale. Positive/negative agreement are symmetric: 2a/(2a+b+c) and 2d/(2d+b+c). Cohen kappa uses the observed agreement minus agreement expected from the mapped/target marginals, divided by one minus expected agreement; every cell and marginal is WTMEC4YR-weighted in the weighted sensitivity. Attainment difference is mapped minus observed target percentage points. WTMEC4YR changes evaluation weights only; the D7 headline crosswalk fit remains unweighted."
daily_steps,isotonic,whole_cohort_subject_grouped_5fold_oof,vs,scssl,7000.0,unweighted_primary,8646,subjects,4933.0,807.0,439.0,2467.0,8646.0,62.13277816331251,66.38908165625723,4.256303492944713,14.411288457089984,0.6868683545116189,0.8878689704823615,0.7983818770226537,False,"Mapped source is the grouped five-fold OOF isotonic prediction on the target algorithm scale. Positive/negative agreement are symmetric: 2a/(2a+b+c) and 2d/(2d+b+c). Cohen kappa uses the observed agreement minus agreement expected from the mapped/target marginals, divided by one minus expected agreement; every cell and marginal is WTMEC4YR-weighted in the weighted sensitivity. Attainment difference is mapped minus observed target percentage points. WTMEC4YR changes evaluation weights only; the D7 headline crosswalk fit remains unweighted."
daily_steps,isotonic,whole_cohort_subject_grouped_5fold_oof,vs,scssl,7000.0,WTMEC4YR_weighted_sensitivity,8646,WTMEC4YR,108007534.589622,15664094.3844465,8904504.127810001,48335852.889835,180911985.99171352,64.62371084842717,68.36010798075763,3.736397132330471,13.580415016494175,0.6957120351776432,0.89787919209977,0.7973561790714464,False,"Mapped source is the grouped five-fold OOF isotonic prediction on the target algorithm scale. Positive/negative agreement are symmetric: 2a/(2a+b+c) and 2d/(2d+b+c). Cohen kappa uses the observed agreement minus agreement expected from the mapped/target marginals, divided by one minus expected agreement; every cell and marginal is WTMEC4YR-weighted in the weighted sensitivity. Attainment difference is mapped minus observed target percentage points. WTMEC4YR changes evaluation weights only; the D7 headline crosswalk fit remains unweighted."
daily_steps,isotonic,whole_cohort_subject_grouped_5fold_oof,vs,scssl,8000.0,unweighted_primary,8646,subjects,3956.0,822.0,610.0,3258.0,8646.0,52.81054823039556,55.26254915567893,2.4520009252833708,16.56257228776313,0.6667771212940374,0.8467465753424658,0.8198288877705083,False,"Mapped source is the grouped five-fold OOF isotonic prediction on the target algorithm scale. Positive/negative agreement are symmetric: 2a/(2a+b+c) and 2d/(2d+b+c). Cohen kappa uses the observed agreement minus agreement expected from the mapped/target marginals, divided by one minus expected agreement; every cell and marginal is WTMEC4YR-weighted in the weighted sensitivity. Attainment difference is mapped minus observed target percentage points. WTMEC4YR changes evaluation weights only; the D7 headline crosswalk fit remains unweighted."
daily_steps,isotonic,whole_cohort_subject_grouped_5fold_oof,vs,scssl,8000.0,WTMEC4YR_weighted_sensitivity,8646,WTMEC4YR,85992794.88410601,16767573.9983555,14233344.3484605,63918272.760791495,180911985.99171352,55.40049692293868,56.801304965591584,1.4008080426529013,17.135911795383176,0.6521714070599263,0.8472759660989465,0.8048261562996178,False,"Mapped source is the grouped five-fold OOF isotonic prediction on the target algorithm scale. Positive/negative agreement are symmetric: 2a/(2a+b+c) and 2d/(2d+b+c). Cohen kappa uses the observed agreement minus agreement expected from the mapped/target marginals, divided by one minus expected agreement; every cell and marginal is WTMEC4YR-weighted in the weighted sensitivity. Attainment difference is mapped minus observed target percentage points. WTMEC4YR changes evaluation weights only; the D7 headline crosswalk fit remains unweighted."
daily_steps,isotonic,whole_cohort_subject_grouped_5fold_oof,vs,scssl,10000.0,unweighted_primary,8646,subjects,2300.0,628.0,730.0,4988.0,8646.0,35.04510756419153,33.865371269951424,-1.1797362942401135,15.706685172334028,0.652308252126169,0.7720711648204095,0.880183518616552,False,"Mapped source is the grouped five-fold OOF isotonic prediction on the target algorithm scale. Positive/negative agreement are symmetric: 2a/(2a+b+c) and 2d/(2d+b+c). Cohen kappa uses the observed agreement minus agreement expected from the mapped/target marginals, divided by one minus expected agreement; every cell and marginal is WTMEC4YR-weighted in the weighted sensitivity. Attainment difference is mapped minus observed target percentage points. WTMEC4YR changes evaluation weights only; the D7 headline crosswalk fit remains unweighted."
daily_steps,isotonic,whole_cohort_subject_grouped_5fold_oof,vs,scssl,10000.0,WTMEC4YR_weighted_sensitivity,8646,WTMEC4YR,48703880.16911699,12673637.7523,16981340.401648,102553127.66864853,180911985.99171352,36.30783234769952,33.926728284453375,-2.3811040632461533,16.39193665991059,0.6405154175409704,0.766611529817039,0.8736802592449577,False,"Mapped source is the grouped five-fold OOF isotonic prediction on the target algorithm scale. Positive/negative agreement are symmetric: 2a/(2a+b+c) and 2d/(2d+b+c). Cohen kappa uses the observed agreement minus agreement expected from the mapped/target marginals, divided by one minus expected agreement; every cell and marginal is WTMEC4YR-weighted in the weighted sensitivity. Attainment difference is mapped minus observed target percentage points. WTMEC4YR changes evaluation weights only; the D7 headline crosswalk fit remains unweighted."
daily_steps,isotonic,whole_cohort_subject_grouped_5fold_oof,vs,vsrev,7000.0,unweighted_primary,8646,subjects,4989.0,319.0,190.0,3148.0,8646.0,59.900532037936614,61.39255146888735,1.4920194309507306,5.887115429100162,0.8766945272415183,0.9514637169829312,0.9252020573108009,False,"Mapped source is the grouped five-fold OOF isotonic prediction on the target algorithm scale. Positive/negative agreement are symmetric: 2a/(2a+b+c) and 2d/(2d+b+c). Cohen kappa uses the observed agreement minus agreement expected from the mapped/target marginals, divided by one minus expected agreement; every cell and marginal is WTMEC4YR-weighted in the weighted sensitivity. Attainment difference is mapped minus observed target percentage points. WTMEC4YR changes evaluation weights only; the D7 headline crosswalk fit remains unweighted."
daily_steps,isotonic,whole_cohort_subject_grouped_5fold_oof,vs,vsrev,7000.0,WTMEC4YR_weighted_sensitivity,8646,WTMEC4YR,108190485.4838645,5711096.778283501,4705028.562994,62305375.1665715,180911985.99171352,62.40355686108578,62.9596660706412,0.556109209555411,5.757565085684593,0.8769358741088762,0.9540729334246602,0.9228588731743074,False,"Mapped source is the grouped five-fold OOF isotonic prediction on the target algorithm scale. Positive/negative agreement are symmetric: 2a/(2a+b+c) and 2d/(2d+b+c). Cohen kappa uses the observed agreement minus agreement expected from the mapped/target marginals, divided by one minus expected agreement; every cell and marginal is WTMEC4YR-weighted in the weighted sensitivity. Attainment difference is mapped minus observed target percentage points. WTMEC4YR changes evaluation weights only; the D7 headline crosswalk fit remains unweighted."
daily_steps,isotonic,whole_cohort_subject_grouped_5fold_oof,vs,vsrev,8000.0,unweighted_primary,8646,subjects,4180.0,337.0,262.0,3867.0,8646.0,51.3763590099468,52.24381216747629,0.8674531575294964,6.928059218135554,0.8612674370218486,0.9331398593593035,0.9281171246849874,False,"Mapped source is the grouped five-fold OOF isotonic prediction on the target algorithm scale. Positive/negative agreement are symmetric: 2a/(2a+b+c) and 2d/(2d+b+c). Cohen kappa uses the observed agreement minus agreement expected from the mapped/target marginals, divided by one minus expected agreement; every cell and marginal is WTMEC4YR-weighted in the weighted sensitivity. Attainment difference is mapped minus observed target percentage points. WTMEC4YR changes evaluation weights only; the D7 headline crosswalk fit remains unweighted."
daily_steps,isotonic,whole_cohort_subject_grouped_5fold_oof,vs,vsrev,8000.0,WTMEC4YR_weighted_sensitivity,8646,WTMEC4YR,90174770.5213815,6710247.5253665,6318379.7008065,77708588.24415901,180911985.99171352,53.33706868189915,53.55367557083017,0.2166068889310257,7.201638495511162,0.8552807479818433,0.9326261731466308,0.922653892594107,False,"Mapped source is the grouped five-fold OOF isotonic prediction on the target algorithm scale. Positive/negative agreement are symmetric: 2a/(2a+b+c) and 2d/(2d+b+c). Cohen kappa uses the observed agreement minus agreement expected from the mapped/target marginals, divided by one minus expected agreement; every cell and marginal is WTMEC4YR-weighted in the weighted sensitivity. Attainment difference is mapped minus observed target percentage points. WTMEC4YR changes evaluation weights only; the D7 headline crosswalk fit remains unweighted."
daily_steps,isotonic,whole_cohort_subject_grouped_5fold_oof,vs,vsrev,10000.0,unweighted_primary,8646,subjects,2728.0,267.0,264.0,5387.0,8646.0,34.605597964376585,34.64029609067777,0.0346981263011803,6.141568355308814,0.8643374845847654,0.9113078336395524,0.953029632905794,False,"Mapped source is the grouped five-fold OOF isotonic prediction on the target algorithm scale. Positive/negative agreement are symmetric: 2a/(2a+b+c) and 2d/(2d+b+c). Cohen kappa uses the observed agreement minus agreement expected from the mapped/target marginals, divided by one minus expected agreement; every cell and marginal is WTMEC4YR-weighted in the weighted sensitivity. Attainment difference is mapped minus observed target percentage points. WTMEC4YR changes evaluation weights only; the D7 headline crosswalk fit remains unweighted."
daily_steps,isotonic,whole_cohort_subject_grouped_5fold_oof,vs,vsrev,10000.0,WTMEC4YR_weighted_sensitivity,8646,WTMEC4YR,57315235.069542006,5440151.89079,6481922.50155,111674676.5298315,180911985.99171352,35.26419613458567,34.68835224837255,-0.5758438862131121,6.589985913308187,0.8551250613296424,0.905793483359162,0.949326297198702,False,"Mapped source is the grouped five-fold OOF isotonic prediction on the target algorithm scale. Positive/negative agreement are symmetric: 2a/(2a+b+c) and 2d/(2d+b+c). Cohen kappa uses the observed agreement minus agreement expected from the mapped/target marginals, divided by one minus expected agreement; every cell and marginal is WTMEC4YR-weighted in the weighted sensitivity. Attainment difference is mapped minus observed target percentage points. WTMEC4YR changes evaluation weights only; the D7 headline crosswalk fit remains unweighted."
daily_steps,isotonic,whole_cohort_subject_grouped_5fold_oof,vsrev,acti,7000.0,unweighted_primary,8646,subjects,7428.0,289.0,190.0,739.0,8646.0,88.11010872079575,89.25514688873467,1.1450381679389277,5.5401341660883645,0.7240919806654118,0.9687642647538312,0.7552376085845682,False,"Mapped source is the grouped five-fold OOF isotonic prediction on the target algorithm scale. Positive/negative agreement are symmetric: 2a/(2a+b+c) and 2d/(2d+b+c). Cohen kappa uses the observed agreement minus agreement expected from the mapped/target marginals, divided by one minus expected agreement; every cell and marginal is WTMEC4YR-weighted in the weighted sensitivity. Attainment difference is mapped minus observed target percentage points. WTMEC4YR changes evaluation weights only; the D7 headline crosswalk fit remains unweighted."
daily_steps,isotonic,whole_cohort_subject_grouped_5fold_oof,vsrev,acti,7000.0,WTMEC4YR_weighted_sensitivity,8646,WTMEC4YR,158707447.712897,6813212.4357035,3143264.0696709994,12248061.773442,180911985.99171352,89.46378588203736,91.49236809338989,2.028582211352526,5.503491905633353,0.680976990418832,0.9695865999319332,0.7110094306301329,False,"Mapped source is the grouped five-fold OOF isotonic prediction on the target algorithm scale. Positive/negative agreement are symmetric: 2a/(2a+b+c) and 2d/(2d+b+c). Cohen kappa uses the observed agreement minus agreement expected from the mapped/target marginals, divided by one minus expected agreement; every cell and marginal is WTMEC4YR-weighted in the weighted sensitivity. Attainment difference is mapped minus observed target percentage points. WTMEC4YR changes evaluation weights only; the D7 headline crosswalk fit remains unweighted."
daily_steps,isotonic,whole_cohort_subject_grouped_5fold_oof,vsrev,acti,8000.0,unweighted_primary,8646,subjects,6885.0,335.0,261.0,1165.0,8646.0,82.65093684941013,83.50682396483923,0.8558871154290992,6.893361091834374,0.7548540460802555,0.9585131560629264,0.7963089542036911,False,"Mapped source is the grouped five-fold OOF isotonic prediction on the target algorithm scale. Positive/negative agreement are symmetric: 2a/(2a+b+c) and 2d/(2d+b+c). Cohen kappa uses the observed agreement minus agreement expected from the mapped/target marginals, divided by one minus expected agreement; every cell and marginal is WTMEC4YR-weighted in the weighted sensitivity. Attainment difference is mapped minus observed target percentage points. WTMEC4YR changes evaluation weights only; the D7 headline crosswalk fit remains unweighted."
daily_steps,isotonic,whole_cohort_subject_grouped_5fold_oof,vsrev,acti,8000.0,WTMEC4YR_weighted_sensitivity,8646,WTMEC4YR,148064140.256577,7141138.12705,4692359.0558555,21014348.552231003,180911985.99171352,84.43691471024445,85.7904895205429,1.3535748102984524,6.541024420265621,0.7419685660756444,0.9615747860937974,0.7803004994603265,False,"Mapped source is the grouped five-fold OOF isotonic prediction on the target algorithm scale. Positive/negative agreement are symmetric: 2a/(2a+b+c) and 2d/(2d+b+c). Cohen kappa uses the observed agreement minus agreement expected from the mapped/target marginals, divided by one minus expected agreement; every cell and marginal is WTMEC4YR-weighted in the weighted sensitivity. Attainment difference is mapped minus observed target percentage points. WTMEC4YR changes evaluation weights only; the D7 headline crosswalk fit remains unweighted."
daily_steps,isotonic,whole_cohort_subject_grouped_5fold_oof,vsrev,acti,10000.0,unweighted_primary,8646,subjects,5291.0,524.0,421.0,2410.0,8646.0,66.06523247744622,67.25653481378671,1.191302336340494,10.929909784871615,0.7541376079753774,0.9180185651080072,0.8360797918473547,False,"Mapped source is the grouped five-fold OOF isotonic prediction on the target algorithm scale. Positive/negative agreement are symmetric: 2a/(2a+b+c) and 2d/(2d+b+c). Cohen kappa uses the observed agreement minus agreement expected from the mapped/target marginals, divided by one minus expected agreement; every cell and marginal is WTMEC4YR-weighted in the weighted sensitivity. Attainment difference is mapped minus observed target percentage points. WTMEC4YR changes evaluation weights only; the D7 headline crosswalk fit remains unweighted."
daily_steps,isotonic,whole_cohort_subject_grouped_5fold_oof,vsrev,acti,10000.0,WTMEC4YR_weighted_sensitivity,8646,WTMEC4YR,114791332.530268,11651566.6141155,7662243.2496855,46806843.5976445,180911985.99171352,67.68682301987572,69.89194134996399,2.2051183300882737,10.675804457027876,0.7515145255748759,0.9224022362322636,0.8289715935730434,False,"Mapped source is the grouped five-fold OOF isotonic prediction on the target algorithm scale. Positive/negative agreement are symmetric: 2a/(2a+b+c) and 2d/(2d+b+c). Cohen kappa uses the observed agreement minus agreement expected from the mapped/target marginals, divided by one minus expected agreement; every cell and marginal is WTMEC4YR-weighted in the weighted sensitivity. Attainment difference is mapped minus observed target percentage points. WTMEC4YR changes evaluation weights only; the D7 headline crosswalk fit remains unweighted."
daily_steps,isotonic,whole_cohort_subject_grouped_5fold_oof,vsrev,adept,7000.0,unweighted_primary,8646,subjects,0.0,1.0,124.0,8521.0,8646.0,1.4341892204487623,0.0115660421003932,-1.4226231783483692,1.4457552625491557,-0.0002295229439581,0.0,0.9927185879885828,True,"Mapped source is the grouped five-fold OOF isotonic prediction on the target algorithm scale. Positive/negative agreement are symmetric: 2a/(2a+b+c) and 2d/(2d+b+c). Cohen kappa uses the observed agreement minus agreement expected from the mapped/target marginals, divided by one minus expected agreement; every cell and marginal is WTMEC4YR-weighted in the weighted sensitivity. Attainment difference is mapped minus observed target percentage points. WTMEC4YR changes evaluation weights only; the D7 headline crosswalk fit remains unweighted."
daily_steps,isotonic,whole_cohort_subject_grouped_5fold_oof,vsrev,adept,7000.0,WTMEC4YR_weighted_sensitivity,8646,WTMEC4YR,0.0,15702.225833,2274602.8012854997,178621680.96459502,180911985.99171352,1.257298010862412,0.0086794834222422,-1.2486185274401698,1.2659774942846544,-0.0001724292724039,0.0,0.993629789814936,True,"Mapped source is the grouped five-fold OOF isotonic prediction on the target algorithm scale. Positive/negative agreement are symmetric: 2a/(2a+b+c) and 2d/(2d+b+c). Cohen kappa uses the observed agreement minus agreement expected from the mapped/target marginals, divided by one minus expected agreement; every cell and marginal is WTMEC4YR-weighted in the weighted sensitivity. Attainment difference is mapped minus observed target percentage points. WTMEC4YR changes evaluation weights only; the D7 headline crosswalk fit remains unweighted."
daily_steps,isotonic,whole_cohort_subject_grouped_5fold_oof,vsrev,adept,8000.0,unweighted_primary,8646,subjects,0.0,0.0,68.0,8578.0,8646.0,0.7864908628267407,0.0,-0.7864908628267407,0.7864908628267407,0.0,0.0,0.9960520204366,True,"Mapped source is the grouped five-fold OOF isotonic prediction on the target algorithm scale. Positive/negative agreement are symmetric: 2a/(2a+b+c) and 2d/(2d+b+c). Cohen kappa uses the observed agreement minus agreement expected from the mapped/target marginals, divided by one minus expected agreement; every cell and marginal is WTMEC4YR-weighted in the weighted sensitivity. Attainment difference is mapped minus observed target percentage points. WTMEC4YR changes evaluation weights only; the D7 headline crosswalk fit remains unweighted."
daily_steps,isotonic,whole_cohort_subject_grouped_5fold_oof,vsrev,adept,8000.0,WTMEC4YR_weighted_sensitivity,8646,WTMEC4YR,0.0,0.0,1152390.2130999998,179759595.7786135,180911985.99171352,0.636989421559268,0.0,-0.636989421559268,0.636989421559268,-1.742922232377863e-14,0.0,0.99680487659315,True,"Mapped source is the grouped five-fold OOF isotonic prediction on the target algorithm scale. Positive/negative agreement are symmetric: 2a/(2a+b+c) and 2d/(2d+b+c). Cohen kappa uses the observed agreement minus agreement expected from the mapped/target marginals, divided by one minus expected agreement; every cell and marginal is WTMEC4YR-weighted in the weighted sensitivity. Attainment difference is mapped minus observed target percentage points. WTMEC4YR changes evaluation weights only; the D7 headline crosswalk fit remains unweighted."
daily_steps,isotonic,whole_cohort_subject_grouped_5fold_oof,vsrev,adept,10000.0,unweighted_primary,8646,subjects,0.0,0.0,17.0,8629.0,8646.0,0.1966227157066851,0.0,-0.1966227157066851,0.1966227157066851,0.0,0.0,0.999015918958032,True,"Mapped source is the grouped five-fold OOF isotonic prediction on the target algorithm scale. Positive/negative agreement are symmetric: 2a/(2a+b+c) and 2d/(2d+b+c). Cohen kappa uses the observed agreement minus agreement expected from the mapped/target marginals, divided by one minus expected agreement; every cell and marginal is WTMEC4YR-weighted in the weighted sensitivity. Attainment difference is mapped minus observed target percentage points. WTMEC4YR changes evaluation weights only; the D7 headline crosswalk fit remains unweighted."
daily_steps,isotonic,whole_cohort_subject_grouped_5fold_oof,vsrev,adept,10000.0,WTMEC4YR_weighted_sensitivity,8646,WTMEC4YR,0.0,0.0,283497.14612499997,180628488.8455885,180911985.99171352,0.1567044574581063,0.0,-0.1567044574581063,0.1567044574581063,-7.084820959365515e-14,0.0,0.9992158633241476,True,"Mapped source is the grouped five-fold OOF isotonic prediction on the target algorithm scale. Positive/negative agreement are symmetric: 2a/(2a+b+c) and 2d/(2d+b+c). Cohen kappa uses the observed agreement minus agreement expected from the mapped/target marginals, divided by one minus expected agreement; every cell and marginal is WTMEC4YR-weighted in the weighted sensitivity. Attainment difference is mapped minus observed target percentage points. WTMEC4YR changes evaluation weights only; the D7 headline crosswalk fit remains unweighted."
daily_steps,isotonic,whole_cohort_subject_grouped_5fold_oof,vsrev,oak,7000.0,unweighted_primary,8646,subjects,6640.0,177.0,186.0,1643.0,8646.0,78.94980337728428,78.84570899838076,-0.1040943789035298,4.198473282442748,0.8739138445137562,0.9733929487649344,0.9005206906001644,False,"Mapped source is the grouped five-fold OOF isotonic prediction on the target algorithm scale. Positive/negative agreement are symmetric: 2a/(2a+b+c) and 2d/(2d+b+c). Cohen kappa uses the observed agreement minus agreement expected from the mapped/target marginals, divided by one minus expected agreement; every cell and marginal is WTMEC4YR-weighted in the weighted sensitivity. Attainment difference is mapped minus observed target percentage points. WTMEC4YR changes evaluation weights only; the D7 headline crosswalk fit remains unweighted."
daily_steps,isotonic,whole_cohort_subject_grouped_5fold_oof,vsrev,oak,7000.0,WTMEC4YR_weighted_sensitivity,8646,WTMEC4YR,143360977.0699875,3666093.8026475,3898828.861402501,29986086.257676,180911985.99171352,81.39859010675782,81.26994464555236,-0.1286454612054677,4.181548625748048,0.8622830573882798,0.9742940536587784,0.8879886284129495,False,"Mapped source is the grouped five-fold OOF isotonic prediction on the target algorithm scale. Positive/negative agreement are symmetric: 2a/(2a+b+c) and 2d/(2d+b+c). Cohen kappa uses the observed agreement minus agreement expected from the mapped/target marginals, divided by one minus expected agreement; every cell and marginal is WTMEC4YR-weighted in the weighted sensitivity. Attainment difference is mapped minus observed target percentage points. WTMEC4YR changes evaluation weights only; the D7 headline crosswalk fit remains unweighted."
daily_steps,isotonic,whole_cohort_subject_grouped_5fold_oof,vsrev,oak,8000.0,unweighted_primary,8646,subjects,6044.0,207.0,233.0,2162.0,8646.0,72.60004626416841,72.29932916955818,-0.3007170946102255,5.089058524173027,0.8725207537797188,0.9648786717752236,0.9076406381192276,False,"Mapped source is the grouped five-fold OOF isotonic prediction on the target algorithm scale. Positive/negative agreement are symmetric: 2a/(2a+b+c) and 2d/(2d+b+c). Cohen kappa uses the observed agreement minus agreement expected from the mapped/target marginals, divided by one minus expected agreement; every cell and marginal is WTMEC4YR-weighted in the weighted sensitivity. Attainment difference is mapped minus observed target percentage points. WTMEC4YR changes evaluation weights only; the D7 headline crosswalk fit remains unweighted."
daily_steps,isotonic,whole_cohort_subject_grouped_5fold_oof,vsrev,oak,8000.0,WTMEC4YR_weighted_sensitivity,8646,WTMEC4YR,131473484.2957395,4043052.724841,4524301.645032,40871147.326101005,180911985.99171352,75.173452546699,74.90743981263225,-0.2660127340667451,4.73564773661012,0.873580791521955,0.9684460315889396,0.905133565874242,False,"Mapped source is the grouped five-fold OOF isotonic prediction on the target algorithm scale. Positive/negative agreement are symmetric: 2a/(2a+b+c) and 2d/(2d+b+c). Cohen kappa uses the observed agreement minus agreement expected from the mapped/target marginals, divided by one minus expected agreement; every cell and marginal is WTMEC4YR-weighted in the weighted sensitivity. Attainment difference is mapped minus observed target percentage points. WTMEC4YR changes evaluation weights only; the D7 headline crosswalk fit remains unweighted."
daily_steps,isotonic,whole_cohort_subject_grouped_5fold_oof,vsrev,oak,10000.0,unweighted_primary,8646,subjects,4768.0,353.0,233.0,3292.0,8646.0,57.841776544066626,59.22970159611381,1.3879250520471895,6.777700670830441,0.8604045729154526,0.9421063031021536,0.9182705718270572,False,"Mapped source is the grouped five-fold OOF isotonic prediction on the target algorithm scale. Positive/negative agreement are symmetric: 2a/(2a+b+c) and 2d/(2d+b+c). Cohen kappa uses the observed agreement minus agreement expected from the mapped/target marginals, divided by one minus expected agreement; every cell and marginal is WTMEC4YR-weighted in the weighted sensitivity. Attainment difference is mapped minus observed target percentage points. WTMEC4YR changes evaluation weights only; the D7 headline crosswalk fit remains unweighted."
daily_steps,isotonic,whole_cohort_subject_grouped_5fold_oof,vsrev,oak,10000.0,WTMEC4YR_weighted_sensitivity,8646,WTMEC4YR,104082992.2424635,7538268.7182035,4713111.0482565,64577613.98278999,180911985.99171352,60.1375871777248,61.69920713035547,1.5616199526306662,6.772011096612007,0.8578143944218997,0.944417356554145,0.9133606274632098,False,"Mapped source is the grouped five-fold OOF isotonic prediction on the target algorithm scale. Positive/negative agreement are symmetric: 2a/(2a+b+c) and 2d/(2d+b+c). Cohen kappa uses the observed agreement minus agreement expected from the mapped/target marginals, divided by one minus expected agreement; every cell and marginal is WTMEC4YR-weighted in the weighted sensitivity. Attainment difference is mapped minus observed target percentage points. WTMEC4YR changes evaluation weights only; the D7 headline crosswalk fit remains unweighted."
daily_steps,isotonic,whole_cohort_subject_grouped_5fold_oof,vsrev,scrf,7000.0,unweighted_primary,8646,subjects,6245.0,476.0,220.0,1705.0,8646.0,74.77446217904233,77.735368956743,2.960906777700667,8.0499653018737,0.7779774558577514,0.9472167450326104,0.8304919629810034,False,"Mapped source is the grouped five-fold OOF isotonic prediction on the target algorithm scale. Positive/negative agreement are symmetric: 2a/(2a+b+c) and 2d/(2d+b+c). Cohen kappa uses the observed agreement minus agreement expected from the mapped/target marginals, divided by one minus expected agreement; every cell and marginal is WTMEC4YR-weighted in the weighted sensitivity. Attainment difference is mapped minus observed target percentage points. WTMEC4YR changes evaluation weights only; the D7 headline crosswalk fit remains unweighted."
daily_steps,isotonic,whole_cohort_subject_grouped_5fold_oof,vsrev,scrf,7000.0,WTMEC4YR_weighted_sensitivity,8646,WTMEC4YR,135700775.0837835,9716840.89335,4030923.945053001,31463446.069527,180911985.99171352,77.23739157627554,80.38031044764176,3.1429188713662293,7.599145387212045,0.7728234263697303,0.9517874877654356,0.8207000150982747,False,"Mapped source is the grouped five-fold OOF isotonic prediction on the target algorithm scale. Positive/negative agreement are symmetric: 2a/(2a+b+c) and 2d/(2d+b+c). Cohen kappa uses the observed agreement minus agreement expected from the mapped/target marginals, divided by one minus expected agreement; every cell and marginal is WTMEC4YR-weighted in the weighted sensitivity. Attainment difference is mapped minus observed target percentage points. WTMEC4YR changes evaluation weights only; the D7 headline crosswalk fit remains unweighted."
daily_steps,isotonic,whole_cohort_subject_grouped_5fold_oof,vsrev,scrf,8000.0,unweighted_primary,8646,subjects,5598.0,447.0,314.0,2287.0,8646.0,68.37844089752487,69.91672449687717,1.538283599352297,8.80175803839926,0.7937695362564523,0.9363552730618048,0.857357075913777,False,"Mapped source is the grouped five-fold OOF isotonic prediction on the target algorithm scale. Positive/negative agreement are symmetric: 2a/(2a+b+c) and 2d/(2d+b+c). Cohen kappa uses the observed agreement minus agreement expected from the mapped/target marginals, divided by one minus expected agreement; every cell and marginal is WTMEC4YR-weighted in the weighted sensitivity. Attainment difference is mapped minus observed target percentage points. WTMEC4YR changes evaluation weights only; the D7 headline crosswalk fit remains unweighted."
daily_steps,isotonic,whole_cohort_subject_grouped_5fold_oof,vsrev,scrf,8000.0,WTMEC4YR_weighted_sensitivity,8646,WTMEC4YR,122293645.7999605,9186867.900662,5965100.8684375,43466371.422653496,180911985.99171352,70.89566009975302,72.67650784986951,1.7808477501164988,8.375326093536732,0.7933201579625174,0.9416646957892596,0.8515745548037458,False,"Mapped source is the grouped five-fold OOF isotonic prediction on the target algorithm scale. Positive/negative agreement are symmetric: 2a/(2a+b+c) and 2d/(2d+b+c). Cohen kappa uses the observed agreement minus agreement expected from the mapped/target marginals, divided by one minus expected agreement; every cell and marginal is WTMEC4YR-weighted in the weighted sensitivity. Attainment difference is mapped minus observed target percentage points. WTMEC4YR changes evaluation weights only; the D7 headline crosswalk fit remains unweighted."
daily_steps,isotonic,whole_cohort_subject_grouped_5fold_oof,vsrev,scrf,10000.0,unweighted_primary,8646,subjects,4236.0,589.0,412.0,3409.0,8646.0,53.7589636826278,55.806153134397405,2.0471894517696043,11.577608142493638,0.7664085728942216,0.8943312572574686,0.8719785138764548,False,"Mapped source is the grouped five-fold OOF isotonic prediction on the target algorithm scale. Positive/negative agreement are symmetric: 2a/(2a+b+c) and 2d/(2d+b+c). Cohen kappa uses the observed agreement minus agreement expected from the mapped/target marginals, divided by one minus expected agreement; every cell and marginal is WTMEC4YR-weighted in the weighted sensitivity. Attainment difference is mapped minus observed target percentage points. WTMEC4YR changes evaluation weights only; the D7 headline crosswalk fit remains unweighted."
daily_steps,isotonic,whole_cohort_subject_grouped_5fold_oof,vsrev,scrf,10000.0,WTMEC4YR_weighted_sensitivity,8646,WTMEC4YR,92814251.4803215,12061942.592356,9057903.101074,66977888.817962,180911985.99171352,56.31034009325487,57.97083786227477,1.6604977690198974,11.674099743948071,0.761724016451027,0.8978475725154773,0.863809377386315,False,"Mapped source is the grouped five-fold OOF isotonic prediction on the target algorithm scale. Positive/negative agreement are symmetric: 2a/(2a+b+c) and 2d/(2d+b+c). Cohen kappa uses the observed agreement minus agreement expected from the mapped/target marginals, divided by one minus expected agreement; every cell and marginal is WTMEC4YR-weighted in the weighted sensitivity. Attainment difference is mapped minus observed target percentage points. WTMEC4YR changes evaluation weights only; the D7 headline crosswalk fit remains unweighted."
daily_steps,isotonic,whole_cohort_subject_grouped_5fold_oof,vsrev,scssl,7000.0,unweighted_primary,8646,subjects,4901.0,977.0,471.0,2297.0,8646.0,62.13277816331251,67.98519546611149,5.852417302798973,16.747628961369422,0.6330154878304878,0.8712888888888889,0.7603442568685865,False,"Mapped source is the grouped five-fold OOF isotonic prediction on the target algorithm scale. Positive/negative agreement are symmetric: 2a/(2a+b+c) and 2d/(2d+b+c). Cohen kappa uses the observed agreement minus agreement expected from the mapped/target marginals, divided by one minus expected agreement; every cell and marginal is WTMEC4YR-weighted in the weighted sensitivity. Attainment difference is mapped minus observed target percentage points. WTMEC4YR changes evaluation weights only; the D7 headline crosswalk fit remains unweighted."
daily_steps,isotonic,whole_cohort_subject_grouped_5fold_oof,vsrev,scssl,7000.0,WTMEC4YR_weighted_sensitivity,8646,WTMEC4YR,107591722.1466265,20460911.8353445,9320316.5708055,43539035.43893699,180911985.99171352,64.62371084842717,70.78173028725487,6.158019438827711,16.461722114705047,0.6252045170988522,0.8784264356244762,0.745153114997144,False,"Mapped source is the grouped five-fold OOF isotonic prediction on the target algorithm scale. Positive/negative agreement are symmetric: 2a/(2a+b+c) and 2d/(2d+b+c). Cohen kappa uses the observed agreement minus agreement expected from the mapped/target marginals, divided by one minus expected agreement; every cell and marginal is WTMEC4YR-weighted in the weighted sensitivity. Attainment difference is mapped minus observed target percentage points. WTMEC4YR changes evaluation weights only; the D7 headline crosswalk fit remains unweighted."
daily_steps,isotonic,whole_cohort_subject_grouped_5fold_oof,vsrev,scssl,8000.0,unweighted_primary,8646,subjects,3895.0,927.0,671.0,3153.0,8646.0,52.81054823039556,55.771455008096225,2.960906777700667,18.482535276428404,0.6279351962441898,0.8297827013208351,0.7978238866396761,False,"Mapped source is the grouped five-fold OOF isotonic prediction on the target algorithm scale. Positive/negative agreement are symmetric: 2a/(2a+b+c) and 2d/(2d+b+c). Cohen kappa uses the observed agreement minus agreement expected from the mapped/target marginals, divided by one minus expected agreement; every cell and marginal is WTMEC4YR-weighted in the weighted sensitivity. Attainment difference is mapped minus observed target percentage points. WTMEC4YR changes evaluation weights only; the D7 headline crosswalk fit remains unweighted."
daily_steps,isotonic,whole_cohort_subject_grouped_5fold_oof,vsrev,scssl,8000.0,WTMEC4YR_weighted_sensitivity,8646,WTMEC4YR,85642046.7344525,19081263.2180995,14584092.498114,61604583.5410475,180911985.99171352,55.40049692293868,57.886330404525395,2.485833481586719,18.60869280256285,0.6213758879642302,0.8357382474065319,0.7853994701262192,False,"Mapped source is the grouped five-fold OOF isotonic prediction on the target algorithm scale. Positive/negative agreement are symmetric: 2a/(2a+b+c) and 2d/(2d+b+c). Cohen kappa uses the observed agreement minus agreement expected from the mapped/target marginals, divided by one minus expected agreement; every cell and marginal is WTMEC4YR-weighted in the weighted sensitivity. Attainment difference is mapped minus observed target percentage points. WTMEC4YR changes evaluation weights only; the D7 headline crosswalk fit remains unweighted."
daily_steps,isotonic,whole_cohort_subject_grouped_5fold_oof,vsrev,scssl,10000.0,unweighted_primary,8646,subjects,2263.0,787.0,767.0,4829.0,8646.0,35.04510756419153,35.2764284061994,0.2313208420078649,17.973629424011104,0.6058087093673755,0.7444078947368421,0.8613985016054228,False,"Mapped source is the grouped five-fold OOF isotonic prediction on the target algorithm scale. Positive/negative agreement are symmetric: 2a/(2a+b+c) and 2d/(2d+b+c). Cohen kappa uses the observed agreement minus agreement expected from the mapped/target marginals, divided by one minus expected agreement; every cell and marginal is WTMEC4YR-weighted in the weighted sensitivity. Attainment difference is mapped minus observed target percentage points. WTMEC4YR changes evaluation weights only; the D7 headline crosswalk fit remains unweighted."
daily_steps,isotonic,whole_cohort_subject_grouped_5fold_oof,vsrev,scssl,10000.0,WTMEC4YR_weighted_sensitivity,8646,WTMEC4YR,48440396.1476235,16521637.9734385,17244824.4231415,98705127.44751,180911985.99171352,36.30783234769953,35.90808744094906,-0.399744906750471,18.66458002297683,0.5954883823119895,0.7415447995732561,0.8539365780768142,False,"Mapped source is the grouped five-fold OOF isotonic prediction on the target algorithm scale. Positive/negative agreement are symmetric: 2a/(2a+b+c) and 2d/(2d+b+c). Cohen kappa uses the observed agreement minus agreement expected from the mapped/target marginals, divided by one minus expected agreement; every cell and marginal is WTMEC4YR-weighted in the weighted sensitivity. Attainment difference is mapped minus observed target percentage points. WTMEC4YR changes evaluation weights only; the D7 headline crosswalk fit remains unweighted."
daily_steps,isotonic,whole_cohort_subject_grouped_5fold_oof,vsrev,vs,7000.0,unweighted_primary,8646,subjects,5747.0,251.0,183.0,2465.0,8646.0,68.58662965533195,69.37312051815869,0.7864908628267386,5.0196622715706685,0.8827137309894025,0.9636150234741784,0.919090231170768,False,"Mapped source is the grouped five-fold OOF isotonic prediction on the target algorithm scale. Positive/negative agreement are symmetric: 2a/(2a+b+c) and 2d/(2d+b+c). Cohen kappa uses the observed agreement minus agreement expected from the mapped/target marginals, divided by one minus expected agreement; every cell and marginal is WTMEC4YR-weighted in the weighted sensitivity. Attainment difference is mapped minus observed target percentage points. WTMEC4YR changes evaluation weights only; the D7 headline crosswalk fit remains unweighted."
daily_steps,isotonic,whole_cohort_subject_grouped_5fold_oof,vsrev,vs,7000.0,WTMEC4YR_weighted_sensitivity,8646,WTMEC4YR,124504849.38335948,6056012.827803,3441883.4896895,46909240.2908615,180911985.99171352,70.72319292261236,72.16816591529911,1.444972992686755,5.250009426090509,0.8713614372545183,0.9632587339865258,0.908069789102674,False,"Mapped source is the grouped five-fold OOF isotonic prediction on the target algorithm scale. Positive/negative agreement are symmetric: 2a/(2a+b+c) and 2d/(2d+b+c). Cohen kappa uses the observed agreement minus agreement expected from the mapped/target marginals, divided by one minus expected agreement; every cell and marginal is WTMEC4YR-weighted in the weighted sensitivity. Attainment difference is mapped minus observed target percentage points. WTMEC4YR changes evaluation weights only; the D7 headline crosswalk fit remains unweighted."
daily_steps,isotonic,whole_cohort_subject_grouped_5fold_oof,vsrev,vs,8000.0,unweighted_primary,8646,subjects,4865.0,304.0,214.0,3263.0,8646.0,58.74392782789729,59.78487161693269,1.040943789035398,5.991209808003701,0.8759297110443031,0.9494535519125684,0.9264622373651334,False,"Mapped source is the grouped five-fold OOF isotonic prediction on the target algorithm scale. Positive/negative agreement are symmetric: 2a/(2a+b+c) and 2d/(2d+b+c). Cohen kappa uses the observed agreement minus agreement expected from the mapped/target marginals, divided by one minus expected agreement; every cell and marginal is WTMEC4YR-weighted in the weighted sensitivity. Attainment difference is mapped minus observed target percentage points. WTMEC4YR changes evaluation weights only; the D7 headline crosswalk fit remains unweighted."
daily_steps,isotonic,whole_cohort_subject_grouped_5fold_oof,vsrev,vs,8000.0,WTMEC4YR_weighted_sensitivity,8646,WTMEC4YR,105606242.185745,7150202.925292,3478209.7751990003,64677331.105477504,180911985.99171352,60.29697333925708,62.32668581516854,2.0297124759114604,5.874907979274421,0.876217264412886,0.9520899309335088,0.9240735874160888,False,"Mapped source is the grouped five-fold OOF isotonic prediction on the target algorithm scale. Positive/negative agreement are symmetric: 2a/(2a+b+c) and 2d/(2d+b+c). Cohen kappa uses the observed agreement minus agreement expected from the mapped/target marginals, divided by one minus expected agreement; every cell and marginal is WTMEC4YR-weighted in the weighted sensitivity. Attainment difference is mapped minus observed target percentage points. WTMEC4YR changes evaluation weights only; the D7 headline crosswalk fit remains unweighted."
daily_steps,isotonic,whole_cohort_subject_grouped_5fold_oof,vsrev,vs,10000.0,unweighted_primary,8646,subjects,3122.0,287.0,275.0,4962.0,8646.0,39.28984501503586,39.42863752024057,0.1387925052047156,6.500115660421003,0.8638308056315547,0.9174258007640316,0.9464047301163456,False,"Mapped source is the grouped five-fold OOF isotonic prediction on the target algorithm scale. Positive/negative agreement are symmetric: 2a/(2a+b+c) and 2d/(2d+b+c). Cohen kappa uses the observed agreement minus agreement expected from the mapped/target marginals, divided by one minus expected agreement; every cell and marginal is WTMEC4YR-weighted in the weighted sensitivity. Attainment difference is mapped minus observed target percentage points. WTMEC4YR changes evaluation weights only; the D7 headline crosswalk fit remains unweighted."
daily_steps,isotonic,whole_cohort_subject_grouped_5fold_oof,vsrev,vs,10000.0,WTMEC4YR_weighted_sensitivity,8646,WTMEC4YR,66342415.852455,6946494.630246,5344222.5978945,102278852.911118,180911985.99171352,39.62514592793925,40.51080976252061,0.8856638345813628,6.793755074195837,0.8585548470074738,0.915222136983828,0.9433211592906756,False,"Mapped source is the grouped five-fold OOF isotonic prediction on the target algorithm scale. Positive/negative agreement are symmetric: 2a/(2a+b+c) and 2d/(2d+b+c). Cohen kappa uses the observed agreement minus agreement expected from the mapped/target marginals, divided by one minus expected agreement; every cell and marginal is WTMEC4YR-weighted in the weighted sensitivity. Attainment difference is mapped minus observed target percentage points. WTMEC4YR changes evaluation weights only; the D7 headline crosswalk fit remains unweighted."
