source_algorithm,target_algorithm,threshold_target_steps,analysis_weighting,metric,metric_unit,point_estimate,ci_low,ci_high,bootstrap_success,bootstrap_requested,ci_method
acti,adept,7000.0,unweighted_primary,observed_target_attainment_pct,percent,1.4341892204487623,1.164071105268029,1.68782658863265,300,300,Percentile CI from PSU-within-stratum design bootstrap; grouped OOF isotonic mapping and the classification metric were recomputed in each replicate.
acti,adept,7000.0,unweighted_primary,mapped_source_attainment_pct,percent,0.0578302105019662,0.0,0.3395492438919157,300,300,Percentile CI from PSU-within-stratum design bootstrap; grouped OOF isotonic mapping and the classification metric were recomputed in each replicate.
acti,adept,7000.0,unweighted_primary,attainment_difference_pp,percentage_points,-1.3763590099467962,-1.5725063795831906,-1.0196621739707878,300,300,Percentile CI from PSU-within-stratum design bootstrap; grouped OOF isotonic mapping and the classification metric were recomputed in each replicate.
acti,adept,7000.0,unweighted_primary,discordant_reclassification_pct,percent,1.468887346749942,1.1990166673327491,1.7558879619546124,300,300,Percentile CI from PSU-within-stratum design bootstrap; grouped OOF isotonic mapping and the classification metric were recomputed in each replicate.
acti,adept,7000.0,unweighted_primary,cohen_kappa,coefficient,0.0144081199611455,-0.0018379429749442,0.1297631679902974,300,300,Percentile CI from PSU-within-stratum design bootstrap; grouped OOF isotonic mapping and the classification metric were recomputed in each replicate.
acti,adept,7000.0,unweighted_primary,positive_agreement,proportion,0.0155038759689922,0.0,0.1346172849672664,300,300,Percentile CI from PSU-within-stratum design bootstrap; grouped OOF isotonic mapping and the classification metric were recomputed in each replicate.
acti,adept,7000.0,unweighted_primary,negative_agreement,proportion,0.9926003612422072,0.9911387466706172,0.9939680218355916,300,300,Percentile CI from PSU-within-stratum design bootstrap; grouped OOF isotonic mapping and the classification metric were recomputed in each replicate.
acti,adept,7000.0,WTMEC4YR_weighted_sensitivity,observed_target_attainment_pct,percent,1.257298010862412,0.9877888153089456,1.5252543971542611,300,300,Percentile CI from PSU-within-stratum design bootstrap; grouped OOF isotonic mapping and the classification metric were recomputed in each replicate.
acti,adept,7000.0,WTMEC4YR_weighted_sensitivity,mapped_source_attainment_pct,percent,0.0480914601003744,0.0,0.2994654896982192,300,300,Percentile CI from PSU-within-stratum design bootstrap; grouped OOF isotonic mapping and the classification metric were recomputed in each replicate.
acti,adept,7000.0,WTMEC4YR_weighted_sensitivity,attainment_difference_pp,percentage_points,-1.2092065507620375,-1.381623838571807,-0.8456750329492541,300,300,Percentile CI from PSU-within-stratum design bootstrap; grouped OOF isotonic mapping and the classification metric were recomputed in each replicate.
acti,adept,7000.0,WTMEC4YR_weighted_sensitivity,discordant_reclassification_pct,percent,1.2995877699303957,1.0268700052938091,1.6072783791622662,300,300,Percentile CI from PSU-within-stratum design bootstrap; grouped OOF isotonic mapping and the classification metric were recomputed in each replicate.
acti,adept,7000.0,WTMEC4YR_weighted_sensitivity,cohen_kappa,coefficient,0.0035212888625819,-0.0018852434542044,0.15374090248028,300,300,Percentile CI from PSU-within-stratum design bootstrap; grouped OOF isotonic mapping and the classification metric were recomputed in each replicate.
acti,adept,7000.0,WTMEC4YR_weighted_sensitivity,positive_agreement,proportion,0.004444421501356,0.0,0.1577016382814516,300,300,Percentile CI from PSU-within-stratum design bootstrap; grouped OOF isotonic mapping and the classification metric were recomputed in each replicate.
acti,adept,7000.0,WTMEC4YR_weighted_sensitivity,negative_agreement,proportion,0.993459370807944,0.991892991026588,0.9948390062565516,300,300,Percentile CI from PSU-within-stratum design bootstrap; grouped OOF isotonic mapping and the classification metric were recomputed in each replicate.
acti,adept,8000.0,unweighted_primary,observed_target_attainment_pct,percent,0.7864908628267407,0.6136729862567414,0.9493834384179236,300,300,Percentile CI from PSU-within-stratum design bootstrap; grouped OOF isotonic mapping and the classification metric were recomputed in each replicate.
acti,adept,8000.0,unweighted_primary,mapped_source_attainment_pct,percent,0.0462641684015729,0.0,0.0815064948072668,300,300,Percentile CI from PSU-within-stratum design bootstrap; grouped OOF isotonic mapping and the classification metric were recomputed in each replicate.
acti,adept,8000.0,unweighted_primary,attainment_difference_pp,percentage_points,-0.7402266944251678,-0.9078780316959986,-0.5805863393549631,300,300,Percentile CI from PSU-within-stratum design bootstrap; grouped OOF isotonic mapping and the classification metric were recomputed in each replicate.
acti,adept,8000.0,unweighted_primary,discordant_reclassification_pct,percent,0.8327550312283136,0.6328780175516453,0.9939679361787912,300,300,Percentile CI from PSU-within-stratum design bootstrap; grouped OOF isotonic mapping and the classification metric were recomputed in each replicate.
acti,adept,8000.0,unweighted_primary,cohen_kappa,coefficient,-0.0008746430684563,-0.0014790112684696,0.0277476509676631,300,300,Percentile CI from PSU-within-stratum design bootstrap; grouped OOF isotonic mapping and the classification metric were recomputed in each replicate.
acti,adept,8000.0,unweighted_primary,positive_agreement,proportion,0.0,0.0,0.0286853404211817,300,300,Percentile CI from PSU-within-stratum design bootstrap; grouped OOF isotonic mapping and the classification metric were recomputed in each replicate.
acti,adept,8000.0,unweighted_primary,negative_agreement,proportion,0.9958188153310104,0.9950053365452484,0.9968255645894384,300,300,Percentile CI from PSU-within-stratum design bootstrap; grouped OOF isotonic mapping and the classification metric were recomputed in each replicate.
acti,adept,8000.0,WTMEC4YR_weighted_sensitivity,observed_target_attainment_pct,percent,0.636989421559268,0.4707325895446129,0.8157902000506926,300,300,Percentile CI from PSU-within-stratum design bootstrap; grouped OOF isotonic mapping and the classification metric were recomputed in each replicate.
acti,adept,8000.0,WTMEC4YR_weighted_sensitivity,mapped_source_attainment_pct,percent,0.0247024008738409,0.0,0.0768679399397142,300,300,Percentile CI from PSU-within-stratum design bootstrap; grouped OOF isotonic mapping and the classification metric were recomputed in each replicate.
acti,adept,8000.0,WTMEC4YR_weighted_sensitivity,attainment_difference_pp,percentage_points,-0.612287020685427,-0.7831749430614744,-0.4624699004664111,300,300,Percentile CI from PSU-within-stratum design bootstrap; grouped OOF isotonic mapping and the classification metric were recomputed in each replicate.
acti,adept,8000.0,WTMEC4YR_weighted_sensitivity,discordant_reclassification_pct,percent,0.6616918224331089,0.4821399380706097,0.8434387613229839,300,300,Percentile CI from PSU-within-stratum design bootstrap; grouped OOF isotonic mapping and the classification metric were recomputed in each replicate.
acti,adept,8000.0,WTMEC4YR_weighted_sensitivity,cohen_kappa,coefficient,-0.0004758304329222,-0.0013187652919303,0.0344944288525796,300,300,Percentile CI from PSU-within-stratum design bootstrap; grouped OOF isotonic mapping and the classification metric were recomputed in each replicate.
acti,adept,8000.0,WTMEC4YR_weighted_sensitivity,positive_agreement,proportion,0.0,0.0,0.035731770000228,300,300,Percentile CI from PSU-within-stratum design bootstrap; grouped OOF isotonic mapping and the classification metric were recomputed in each replicate.
acti,adept,8000.0,WTMEC4YR_weighted_sensitivity,negative_agreement,proportion,0.9966805586518588,0.9957647680504071,0.9975834745861988,300,300,Percentile CI from PSU-within-stratum design bootstrap; grouped OOF isotonic mapping and the classification metric were recomputed in each replicate.
acti,adept,10000.0,unweighted_primary,observed_target_attainment_pct,percent,0.1966227157066851,0.1275551225008112,0.2634193972435134,300,300,Percentile CI from PSU-within-stratum design bootstrap; grouped OOF isotonic mapping and the classification metric were recomputed in each replicate.
acti,adept,10000.0,unweighted_primary,mapped_source_attainment_pct,percent,0.0115660421003932,0.0,0.06423267360722,300,300,Percentile CI from PSU-within-stratum design bootstrap; grouped OOF isotonic mapping and the classification metric were recomputed in each replicate.
acti,adept,10000.0,unweighted_primary,attainment_difference_pp,percentage_points,-0.1850566736062919,-0.2537203251237184,-0.0936354782571236,300,300,Percentile CI from PSU-within-stratum design bootstrap; grouped OOF isotonic mapping and the classification metric were recomputed in each replicate.
acti,adept,10000.0,unweighted_primary,discordant_reclassification_pct,percent,0.2081887578070784,0.137288223547463,0.3011953053806898,300,300,Percentile CI from PSU-within-stratum design bootstrap; grouped OOF isotonic mapping and the classification metric were recomputed in each replicate.
acti,adept,10000.0,unweighted_primary,cohen_kappa,coefficient,-0.000218517423545,-0.0009193230008527,0.0,300,300,Percentile CI from PSU-within-stratum design bootstrap; grouped OOF isotonic mapping and the classification metric were recomputed in each replicate.
acti,adept,10000.0,unweighted_primary,positive_agreement,proportion,0.0,0.0,0.0,300,300,Percentile CI from PSU-within-stratum design bootstrap; grouped OOF isotonic mapping and the classification metric were recomputed in each replicate.
acti,adept,10000.0,unweighted_primary,negative_agreement,proportion,0.998957971517888,0.9984917520865256,0.999313087348271,300,300,Percentile CI from PSU-within-stratum design bootstrap; grouped OOF isotonic mapping and the classification metric were recomputed in each replicate.
acti,adept,10000.0,WTMEC4YR_weighted_sensitivity,observed_target_attainment_pct,percent,0.1567044574581063,0.0955464616585368,0.2244250691921725,300,300,Percentile CI from PSU-within-stratum design bootstrap; grouped OOF isotonic mapping and the classification metric were recomputed in each replicate.
acti,adept,10000.0,WTMEC4YR_weighted_sensitivity,mapped_source_attainment_pct,percent,0.0086794834222422,0.0,0.0614382618952962,300,300,Percentile CI from PSU-within-stratum design bootstrap; grouped OOF isotonic mapping and the classification metric were recomputed in each replicate.
acti,adept,10000.0,WTMEC4YR_weighted_sensitivity,attainment_difference_pp,percentage_points,-0.148024974035864,-0.2072217828284681,-0.0795361656375032,300,300,Percentile CI from PSU-within-stratum design bootstrap; grouped OOF isotonic mapping and the classification metric were recomputed in each replicate.
acti,adept,10000.0,WTMEC4YR_weighted_sensitivity,discordant_reclassification_pct,percent,0.1653839408803485,0.098086947100438,0.2584967571957008,300,300,Percentile CI from PSU-within-stratum design bootstrap; grouped OOF isotonic mapping and the classification metric were recomputed in each replicate.
acti,adept,10000.0,WTMEC4YR_weighted_sensitivity,cohen_kappa,coefficient,-0.0001645065997972,-0.0008589908095636,1.0236943693473617e-13,300,300,Percentile CI from PSU-within-stratum design bootstrap; grouped OOF isotonic mapping and the classification metric were recomputed in each replicate.
acti,adept,10000.0,WTMEC4YR_weighted_sensitivity,positive_agreement,proportion,0.0,0.0,0.0,300,300,Percentile CI from PSU-within-stratum design bootstrap; grouped OOF isotonic mapping and the classification metric were recomputed in each replicate.
acti,adept,10000.0,WTMEC4YR_weighted_sensitivity,negative_agreement,proportion,0.9991723959334882,0.9987058435338608,0.9995093246202222,300,300,Percentile CI from PSU-within-stratum design bootstrap; grouped OOF isotonic mapping and the classification metric were recomputed in each replicate.
acti,oak,7000.0,unweighted_primary,observed_target_attainment_pct,percent,78.94980337728428,78.08902994263754,79.79065121869183,300,300,Percentile CI from PSU-within-stratum design bootstrap; grouped OOF isotonic mapping and the classification metric were recomputed in each replicate.
acti,oak,7000.0,unweighted_primary,mapped_source_attainment_pct,percent,80.18736988202637,79.12399945816811,81.21082946878492,300,300,Percentile CI from PSU-within-stratum design bootstrap; grouped OOF isotonic mapping and the classification metric were recomputed in each replicate.
acti,oak,7000.0,unweighted_primary,attainment_difference_pp,percentage_points,1.2375665047420823,0.665679704094026,1.8715994761975276,300,300,Percentile CI from PSU-within-stratum design bootstrap; grouped OOF isotonic mapping and the classification metric were recomputed in each replicate.
acti,oak,7000.0,unweighted_primary,discordant_reclassification_pct,percent,5.794587092297016,5.402272874618007,6.112047318351792,300,300,Percentile CI from PSU-within-stratum design bootstrap; grouped OOF isotonic mapping and the classification metric were recomputed in each replicate.
acti,oak,7000.0,unweighted_primary,cohen_kappa,coefficient,0.8218236042798406,0.8146040893111182,0.8315807111292092,300,300,Percentile CI from PSU-within-stratum design bootstrap; grouped OOF isotonic mapping and the classification metric were recomputed in each replicate.
acti,oak,7000.0,unweighted_primary,positive_agreement,proportion,0.9635874700196236,0.9613681429386224,0.9662960774164204,300,300,Percentile CI from PSU-within-stratum design bootstrap; grouped OOF isotonic mapping and the classification metric were recomputed in each replicate.
acti,oak,7000.0,unweighted_primary,negative_agreement,proportion,0.858194169261251,0.8522906293076772,0.8667140742238231,300,300,Percentile CI from PSU-within-stratum design bootstrap; grouped OOF isotonic mapping and the classification metric were recomputed in each replicate.
acti,oak,7000.0,WTMEC4YR_weighted_sensitivity,observed_target_attainment_pct,percent,81.39859010675782,80.62792708439603,82.0816446031128,300,300,Percentile CI from PSU-within-stratum design bootstrap; grouped OOF isotonic mapping and the classification metric were recomputed in each replicate.
acti,oak,7000.0,WTMEC4YR_weighted_sensitivity,mapped_source_attainment_pct,percent,82.16213759257629,81.20494831993734,83.16234797827195,300,300,Percentile CI from PSU-within-stratum design bootstrap; grouped OOF isotonic mapping and the classification metric were recomputed in each replicate.
acti,oak,7000.0,WTMEC4YR_weighted_sensitivity,attainment_difference_pp,percentage_points,0.7635474858184721,0.0984351779121767,1.3866870506329387,300,300,Percentile CI from PSU-within-stratum design bootstrap; grouped OOF isotonic mapping and the classification metric were recomputed in each replicate.
acti,oak,7000.0,WTMEC4YR_weighted_sensitivity,discordant_reclassification_pct,percent,5.219628802526397,4.863099432967053,5.690395489936568,300,300,Percentile CI from PSU-within-stratum design bootstrap; grouped OOF isotonic mapping and the classification metric were recomputed in each replicate.
acti,oak,7000.0,WTMEC4YR_weighted_sensitivity,cohen_kappa,coefficient,0.8248627989052746,0.8107442293190844,0.8356418617405419,300,300,Percentile CI from PSU-within-stratum design bootstrap; grouped OOF isotonic mapping and the classification metric were recomputed in each replicate.
acti,oak,7000.0,WTMEC4YR_weighted_sensitivity,positive_agreement,proportion,0.9680875178537884,0.9649533925868378,0.9704039339827832,300,300,Percentile CI from PSU-within-stratum design bootstrap; grouped OOF isotonic mapping and the classification metric were recomputed in each replicate.
acti,oak,7000.0,WTMEC4YR_weighted_sensitivity,negative_agreement,proportion,0.8567581492995123,0.8454970360414695,0.8657696172206558,300,300,Percentile CI from PSU-within-stratum design bootstrap; grouped OOF isotonic mapping and the classification metric were recomputed in each replicate.
acti,oak,8000.0,unweighted_primary,observed_target_attainment_pct,percent,72.60004626416841,71.58833045185226,73.37633713468321,300,300,Percentile CI from PSU-within-stratum design bootstrap; grouped OOF isotonic mapping and the classification metric were recomputed in each replicate.
acti,oak,8000.0,unweighted_primary,mapped_source_attainment_pct,percent,73.79134860050891,72.37352566138085,75.06560148532506,300,300,Percentile CI from PSU-within-stratum design bootstrap; grouped OOF isotonic mapping and the classification metric were recomputed in each replicate.
acti,oak,8000.0,unweighted_primary,attainment_difference_pp,percentage_points,1.191302336340505,0.4099611272733874,2.029563173690987,300,300,Percentile CI from PSU-within-stratum design bootstrap; grouped OOF isotonic mapping and the classification metric were recomputed in each replicate.
acti,oak,8000.0,unweighted_primary,discordant_reclassification_pct,percent,7.367568817950497,6.9429574725441245,7.82136959901343,300,300,Percentile CI from PSU-within-stratum design bootstrap; grouped OOF isotonic mapping and the classification metric were recomputed in each replicate.
acti,oak,8000.0,unweighted_primary,cohen_kappa,coefficient,0.812273488404181,0.8028565053585026,0.8221425096375574,300,300,Percentile CI from PSU-within-stratum design bootstrap; grouped OOF isotonic mapping and the classification metric were recomputed in each replicate.
acti,oak,8000.0,unweighted_primary,positive_agreement,proportion,0.9496721181954648,0.9462293031976736,0.9528035436884178,300,300,Percentile CI from PSU-within-stratum design bootstrap; grouped OOF isotonic mapping and the classification metric were recomputed in each replicate.
acti,oak,8000.0,unweighted_primary,negative_agreement,proportion,0.8625674217907228,0.8556698068549372,0.8701873594509604,300,300,Percentile CI from PSU-within-stratum design bootstrap; grouped OOF isotonic mapping and the classification metric were recomputed in each replicate.
acti,oak,8000.0,WTMEC4YR_weighted_sensitivity,observed_target_attainment_pct,percent,75.17345254669901,74.32953238478373,75.94232029252395,300,300,Percentile CI from PSU-within-stratum design bootstrap; grouped OOF isotonic mapping and the classification metric were recomputed in each replicate.
acti,oak,8000.0,WTMEC4YR_weighted_sensitivity,mapped_source_attainment_pct,percent,75.62185553266791,74.28010696520366,76.7209966345432,300,300,Percentile CI from PSU-within-stratum design bootstrap; grouped OOF isotonic mapping and the classification metric were recomputed in each replicate.
acti,oak,8000.0,WTMEC4YR_weighted_sensitivity,attainment_difference_pp,percentage_points,0.4484029859689098,-0.4305979317268638,1.4228229527216794,300,300,Percentile CI from PSU-within-stratum design bootstrap; grouped OOF isotonic mapping and the classification metric were recomputed in each replicate.
acti,oak,8000.0,WTMEC4YR_weighted_sensitivity,discordant_reclassification_pct,percent,7.227938967167407,6.485825529956404,7.750615328119879,300,300,Percentile CI from PSU-within-stratum design bootstrap; grouped OOF isotonic mapping and the classification metric were recomputed in each replicate.
acti,oak,8000.0,WTMEC4YR_weighted_sensitivity,cohen_kappa,coefficient,0.8051778382230038,0.7918858572939512,0.8259801351751825,300,300,Percentile CI from PSU-within-stratum design bootstrap; grouped OOF isotonic mapping and the classification metric were recomputed in each replicate.
acti,oak,8000.0,WTMEC4YR_weighted_sensitivity,positive_agreement,proportion,0.9520678789066622,0.9482769397027334,0.957216551042605,300,300,Percentile CI from PSU-within-stratum design bootstrap; grouped OOF isotonic mapping and the classification metric were recomputed in each replicate.
acti,oak,8000.0,WTMEC4YR_weighted_sensitivity,negative_agreement,proportion,0.8531046799596665,0.8431171551628771,0.8687104104880367,300,300,Percentile CI from PSU-within-stratum design bootstrap; grouped OOF isotonic mapping and the classification metric were recomputed in each replicate.
acti,oak,10000.0,unweighted_primary,observed_target_attainment_pct,percent,57.841776544066626,56.63778796570831,58.865995545855206,300,300,Percentile CI from PSU-within-stratum design bootstrap; grouped OOF isotonic mapping and the classification metric were recomputed in each replicate.
acti,oak,10000.0,unweighted_primary,mapped_source_attainment_pct,percent,58.720795743696506,56.86013378048421,60.28130765749399,300,300,Percentile CI from PSU-within-stratum design bootstrap; grouped OOF isotonic mapping and the classification metric were recomputed in each replicate.
acti,oak,10000.0,unweighted_primary,attainment_difference_pp,percentage_points,0.8790191996298824,-0.2451359840881322,1.8037491591697823,300,300,Percentile CI from PSU-within-stratum design bootstrap; grouped OOF isotonic mapping and the classification metric were recomputed in each replicate.
acti,oak,10000.0,unweighted_primary,discordant_reclassification_pct,percent,8.443210733287069,7.895386186760392,9.101523127413488,300,300,Percentile CI from PSU-within-stratum design bootstrap; grouped OOF isotonic mapping and the classification metric were recomputed in each replicate.
acti,oak,10000.0,unweighted_primary,cohen_kappa,coefficient,0.8263866596666568,0.8125708764955694,0.8369489376214319,300,300,Percentile CI from PSU-within-stratum design bootstrap; grouped OOF isotonic mapping and the classification metric were recomputed in each replicate.
acti,oak,10000.0,unweighted_primary,positive_agreement,proportion,0.9275649930541774,0.9217989841722606,0.9322527877047908,300,300,Percentile CI from PSU-within-stratum design bootstrap; grouped OOF isotonic mapping and the classification metric were recomputed in each replicate.
acti,oak,10000.0,unweighted_primary,negative_agreement,proportion,0.8988078735791516,0.8905189188592427,0.9053055545222658,300,300,Percentile CI from PSU-within-stratum design bootstrap; grouped OOF isotonic mapping and the classification metric were recomputed in each replicate.
acti,oak,10000.0,WTMEC4YR_weighted_sensitivity,observed_target_attainment_pct,percent,60.1375871777248,59.08271739738929,61.08940692812005,300,300,Percentile CI from PSU-within-stratum design bootstrap; grouped OOF isotonic mapping and the classification metric were recomputed in each replicate.
acti,oak,10000.0,WTMEC4YR_weighted_sensitivity,mapped_source_attainment_pct,percent,60.196352934713325,58.321037810150926,61.879296405987574,300,300,Percentile CI from PSU-within-stratum design bootstrap; grouped OOF isotonic mapping and the classification metric were recomputed in each replicate.
acti,oak,10000.0,WTMEC4YR_weighted_sensitivity,attainment_difference_pp,percentage_points,0.0587657569885213,-1.1849760222911236,1.1419509784630166,300,300,Percentile CI from PSU-within-stratum design bootstrap; grouped OOF isotonic mapping and the classification metric were recomputed in each replicate.
acti,oak,10000.0,WTMEC4YR_weighted_sensitivity,discordant_reclassification_pct,percent,8.133789174557515,7.504855443246738,8.911587428677908,300,300,Percentile CI from PSU-within-stratum design bootstrap; grouped OOF isotonic mapping and the classification metric were recomputed in each replicate.
acti,oak,10000.0,WTMEC4YR_weighted_sensitivity,cohen_kappa,coefficient,0.8303080364167069,0.8140461440454088,0.8439054603342274,300,300,Percentile CI from PSU-within-stratum design bootstrap; grouped OOF isotonic mapping and the classification metric were recomputed in each replicate.
acti,oak,10000.0,WTMEC4YR_weighted_sensitivity,positive_agreement,proportion,0.9324065249840784,0.9251448601774872,0.938205750001075,300,300,Percentile CI from PSU-within-stratum design bootstrap; grouped OOF isotonic mapping and the classification metric were recomputed in each replicate.
acti,oak,10000.0,WTMEC4YR_weighted_sensitivity,negative_agreement,proportion,0.8979014503034632,0.8881536078497748,0.9060458460400828,300,300,Percentile CI from PSU-within-stratum design bootstrap; grouped OOF isotonic mapping and the classification metric were recomputed in each replicate.
acti,scrf,7000.0,unweighted_primary,observed_target_attainment_pct,percent,74.77446217904233,73.77716623569303,75.67536184955327,300,300,Percentile CI from PSU-within-stratum design bootstrap; grouped OOF isotonic mapping and the classification metric were recomputed in each replicate.
acti,scrf,7000.0,unweighted_primary,mapped_source_attainment_pct,percent,77.2033310201249,76.02330902557598,78.72545566537869,300,300,Percentile CI from PSU-within-stratum design bootstrap; grouped OOF isotonic mapping and the classification metric were recomputed in each replicate.
acti,scrf,7000.0,unweighted_primary,attainment_difference_pp,percentage_points,2.4288688410825765,1.5196345518941696,3.474097076528764,300,300,Percentile CI from PSU-within-stratum design bootstrap; grouped OOF isotonic mapping and the classification metric were recomputed in each replicate.
acti,scrf,7000.0,unweighted_primary,discordant_reclassification_pct,percent,7.91117279666898,7.471614354356355,8.274363937511099,300,300,Percentile CI from PSU-within-stratum design bootstrap; grouped OOF isotonic mapping and the classification metric were recomputed in each replicate.
acti,scrf,7000.0,unweighted_primary,cohen_kappa,coefficient,0.7833804200553174,0.772720335841423,0.7934541742087364,300,300,Percentile CI from PSU-within-stratum design bootstrap; grouped OOF isotonic mapping and the classification metric were recomputed in each replicate.
acti,scrf,7000.0,unweighted_primary,positive_agreement,proportion,0.947945205479452,0.9452571115041706,0.9512254953262762,300,300,Percentile CI from PSU-within-stratum design bootstrap; grouped OOF isotonic mapping and the classification metric were recomputed in each replicate.
acti,scrf,7000.0,unweighted_primary,negative_agreement,proportion,0.8352601156069365,0.8262858623158311,0.8432825532624825,300,300,Percentile CI from PSU-within-stratum design bootstrap; grouped OOF isotonic mapping and the classification metric were recomputed in each replicate.
acti,scrf,7000.0,WTMEC4YR_weighted_sensitivity,observed_target_attainment_pct,percent,77.23739157627551,76.27229889575919,78.09131536665248,300,300,Percentile CI from PSU-within-stratum design bootstrap; grouped OOF isotonic mapping and the classification metric were recomputed in each replicate.
acti,scrf,7000.0,WTMEC4YR_weighted_sensitivity,mapped_source_attainment_pct,percent,79.01548374226105,77.92358865067304,80.4874184598571,300,300,Percentile CI from PSU-within-stratum design bootstrap; grouped OOF isotonic mapping and the classification metric were recomputed in each replicate.
acti,scrf,7000.0,WTMEC4YR_weighted_sensitivity,attainment_difference_pp,percentage_points,1.7780921659855342,0.705794085324099,2.9844857454061224,300,300,Percentile CI from PSU-within-stratum design bootstrap; grouped OOF isotonic mapping and the classification metric were recomputed in each replicate.
acti,scrf,7000.0,WTMEC4YR_weighted_sensitivity,discordant_reclassification_pct,percent,7.456023259087622,6.792980067622745,8.006983035562317,300,300,Percentile CI from PSU-within-stratum design bootstrap; grouped OOF isotonic mapping and the classification metric were recomputed in each replicate.
acti,scrf,7000.0,WTMEC4YR_weighted_sensitivity,cohen_kappa,coefficient,0.7819485924872674,0.7657256681667967,0.7981884440680127,300,300,Percentile CI from PSU-within-stratum design bootstrap; grouped OOF isotonic mapping and the classification metric were recomputed in each replicate.
acti,scrf,7000.0,WTMEC4YR_weighted_sensitivity,positive_agreement,proportion,0.95228232924426,0.94835043236475,0.9567837109614368,300,300,Percentile CI from PSU-within-stratum design bootstrap; grouped OOF isotonic mapping and the classification metric were recomputed in each replicate.
acti,scrf,7000.0,WTMEC4YR_weighted_sensitivity,negative_agreement,proportion,0.8295654099926046,0.8169167709216975,0.842130219537023,300,300,Percentile CI from PSU-within-stratum design bootstrap; grouped OOF isotonic mapping and the classification metric were recomputed in each replicate.
acti,scrf,8000.0,unweighted_primary,observed_target_attainment_pct,percent,68.37844089752487,67.31137341252126,69.25740524778148,300,300,Percentile CI from PSU-within-stratum design bootstrap; grouped OOF isotonic mapping and the classification metric were recomputed in each replicate.
acti,scrf,8000.0,unweighted_primary,mapped_source_attainment_pct,percent,69.41938468656026,67.6277197353942,71.27190929778516,300,300,Percentile CI from PSU-within-stratum design bootstrap; grouped OOF isotonic mapping and the classification metric were recomputed in each replicate.
acti,scrf,8000.0,unweighted_primary,attainment_difference_pp,percentage_points,1.0409437890353868,-0.4516243071497772,2.6377884489792156,300,300,Percentile CI from PSU-within-stratum design bootstrap; grouped OOF isotonic mapping and the classification metric were recomputed in each replicate.
acti,scrf,8000.0,unweighted_primary,discordant_reclassification_pct,percent,9.48415452232246,8.95074029763041,10.057218566239523,300,300,Percentile CI from PSU-within-stratum design bootstrap; grouped OOF isotonic mapping and the classification metric were recomputed in each replicate.
acti,scrf,8000.0,unweighted_primary,cohen_kappa,coefficient,0.7787283437028218,0.7654805662030384,0.7893570332657487,300,300,Percentile CI from PSU-within-stratum design bootstrap; grouped OOF isotonic mapping and the classification metric were recomputed in each replicate.
acti,scrf,8000.0,unweighted_primary,positive_agreement,proportion,0.931173409434279,0.9264021745294762,0.9358821674567174,300,300,Percentile CI from PSU-within-stratum design bootstrap; grouped OOF isotonic mapping and the classification metric were recomputed in each replicate.
acti,scrf,8000.0,unweighted_primary,negative_agreement,proportion,0.8475269616957977,0.8381546302535531,0.8554634523677631,300,300,Percentile CI from PSU-within-stratum design bootstrap; grouped OOF isotonic mapping and the classification metric were recomputed in each replicate.
acti,scrf,8000.0,WTMEC4YR_weighted_sensitivity,observed_target_attainment_pct,percent,70.89566009975302,69.9129321909603,71.74513063171686,300,300,Percentile CI from PSU-within-stratum design bootstrap; grouped OOF isotonic mapping and the classification metric were recomputed in each replicate.
acti,scrf,8000.0,WTMEC4YR_weighted_sensitivity,mapped_source_attainment_pct,percent,71.08177106763985,69.49912120038081,72.9870040264237,300,300,Percentile CI from PSU-within-stratum design bootstrap; grouped OOF isotonic mapping and the classification metric were recomputed in each replicate.
acti,scrf,8000.0,WTMEC4YR_weighted_sensitivity,attainment_difference_pp,percentage_points,0.1861109678868433,-1.2712357010669333,1.76837321527424,300,300,Percentile CI from PSU-within-stratum design bootstrap; grouped OOF isotonic mapping and the classification metric were recomputed in each replicate.
acti,scrf,8000.0,WTMEC4YR_weighted_sensitivity,discordant_reclassification_pct,percent,9.113577383853215,8.490972156691454,9.83535185283195,300,300,Percentile CI from PSU-within-stratum design bootstrap; grouped OOF isotonic mapping and the classification metric were recomputed in each replicate.
acti,scrf,8000.0,WTMEC4YR_weighted_sensitivity,cohen_kappa,coefficient,0.7787410797723838,0.7620683665342475,0.791156801238757,300,300,Percentile CI from PSU-within-stratum design bootstrap; grouped OOF isotonic mapping and the classification metric were recomputed in each replicate.
acti,scrf,8000.0,WTMEC4YR_weighted_sensitivity,positive_agreement,proportion,0.9358096754609666,0.9299795450640403,0.9408769109420164,300,300,Percentile CI from PSU-within-stratum design bootstrap; grouped OOF isotonic mapping and the classification metric were recomputed in each replicate.
acti,scrf,8000.0,WTMEC4YR_weighted_sensitivity,negative_agreement,proportion,0.8429304739997717,0.8302824931216757,0.8518551536610866,300,300,Percentile CI from PSU-within-stratum design bootstrap; grouped OOF isotonic mapping and the classification metric were recomputed in each replicate.
acti,scrf,10000.0,unweighted_primary,observed_target_attainment_pct,percent,53.7589636826278,52.64474740675752,54.86160029504605,300,300,Percentile CI from PSU-within-stratum design bootstrap; grouped OOF isotonic mapping and the classification metric were recomputed in each replicate.
acti,scrf,10000.0,unweighted_primary,mapped_source_attainment_pct,percent,54.25630349294471,52.668385110225486,55.53621691269488,300,300,Percentile CI from PSU-within-stratum design bootstrap; grouped OOF isotonic mapping and the classification metric were recomputed in each replicate.
acti,scrf,10000.0,unweighted_primary,attainment_difference_pp,percentage_points,0.4973398103169102,-0.6073783861405996,1.393892960292551,300,300,Percentile CI from PSU-within-stratum design bootstrap; grouped OOF isotonic mapping and the classification metric were recomputed in each replicate.
acti,scrf,10000.0,unweighted_primary,discordant_reclassification_pct,percent,10.05089058524173,9.563372116744642,10.753756747122925,300,300,Percentile CI from PSU-within-stratum design bootstrap; grouped OOF isotonic mapping and the classification metric were recomputed in each replicate.
acti,scrf,10000.0,unweighted_primary,cohen_kappa,coefficient,0.7976874453819645,0.7832743626457109,0.8069583302709448,300,300,Percentile CI from PSU-within-stratum design bootstrap; grouped OOF isotonic mapping and the classification metric were recomputed in each replicate.
acti,scrf,10000.0,unweighted_primary,positive_agreement,proportion,0.9069493521790342,0.8993774642248321,0.9129385796891126,300,300,Percentile CI from PSU-within-stratum design bootstrap; grouped OOF isotonic mapping and the classification metric were recomputed in each replicate.
acti,scrf,10000.0,unweighted_primary,negative_agreement,proportion,0.8907330567081605,0.8831361933091001,0.8958359855759656,300,300,Percentile CI from PSU-within-stratum design bootstrap; grouped OOF isotonic mapping and the classification metric were recomputed in each replicate.
acti,scrf,10000.0,WTMEC4YR_weighted_sensitivity,observed_target_attainment_pct,percent,56.31034009325487,55.15246600743693,57.5822514719748,300,300,Percentile CI from PSU-within-stratum design bootstrap; grouped OOF isotonic mapping and the classification metric were recomputed in each replicate.
acti,scrf,10000.0,WTMEC4YR_weighted_sensitivity,mapped_source_attainment_pct,percent,55.620118923779295,54.12854992298851,56.957142719312216,300,300,Percentile CI from PSU-within-stratum design bootstrap; grouped OOF isotonic mapping and the classification metric were recomputed in each replicate.
acti,scrf,10000.0,WTMEC4YR_weighted_sensitivity,attainment_difference_pp,percentage_points,-0.69022116947558,-1.8603700014983513,0.2286187536887844,300,300,Percentile CI from PSU-within-stratum design bootstrap; grouped OOF isotonic mapping and the classification metric were recomputed in each replicate.
acti,scrf,10000.0,WTMEC4YR_weighted_sensitivity,discordant_reclassification_pct,percent,10.300939908702397,9.59847167134037,11.261831516885511,300,300,Percentile CI from PSU-within-stratum design bootstrap; grouped OOF isotonic mapping and the classification metric were recomputed in each replicate.
acti,scrf,10000.0,WTMEC4YR_weighted_sensitivity,cohen_kappa,coefficient,0.7910165745067161,0.7723438288663212,0.8047787611060511,300,300,Percentile CI from PSU-within-stratum design bootstrap; grouped OOF isotonic mapping and the classification metric were recomputed in each replicate.
acti,scrf,10000.0,WTMEC4YR_weighted_sensitivity,positive_agreement,proportion,0.907970180778632,0.8982017237087655,0.9150138648546668,300,300,Percentile CI from PSU-within-stratum design bootstrap; grouped OOF isotonic mapping and the classification metric were recomputed in each replicate.
acti,scrf,10000.0,WTMEC4YR_weighted_sensitivity,negative_agreement,proportion,0.8830362938908154,0.8724347634830675,0.8899338867805254,300,300,Percentile CI from PSU-within-stratum design bootstrap; grouped OOF isotonic mapping and the classification metric were recomputed in each replicate.
acti,scssl,7000.0,unweighted_primary,observed_target_attainment_pct,percent,62.13277816331251,61.12787800001555,63.103229193778304,300,300,Percentile CI from PSU-within-stratum design bootstrap; grouped OOF isotonic mapping and the classification metric were recomputed in each replicate.
acti,scssl,7000.0,unweighted_primary,mapped_source_attainment_pct,percent,65.81077955123756,64.06695507128474,67.15253414813543,300,300,Percentile CI from PSU-within-stratum design bootstrap; grouped OOF isotonic mapping and the classification metric were recomputed in each replicate.
acti,scssl,7000.0,unweighted_primary,attainment_difference_pp,percentage_points,3.678001387925045,1.9399007819173388,4.542950790964588,300,300,Percentile CI from PSU-within-stratum design bootstrap; grouped OOF isotonic mapping and the classification metric were recomputed in each replicate.
acti,scssl,7000.0,unweighted_primary,discordant_reclassification_pct,percent,15.012722646310433,14.549363731229615,15.696507208744052,300,300,Percentile CI from PSU-within-stratum design bootstrap; grouped OOF isotonic mapping and the classification metric were recomputed in each replicate.
acti,scssl,7000.0,unweighted_primary,cohen_kappa,coefficient,0.6747918466454771,0.6597990172482537,0.6838873631500478,300,300,Percentile CI from PSU-within-stratum design bootstrap; grouped OOF isotonic mapping and the classification metric were recomputed in each replicate.
acti,scssl,7000.0,unweighted_primary,positive_agreement,proportion,0.8826613632254565,0.8756970687617642,0.8871320473206873,300,300,Percentile CI from PSU-within-stratum design bootstrap; grouped OOF isotonic mapping and the classification metric were recomputed in each replicate.
acti,scssl,7000.0,unweighted_primary,negative_agreement,proportion,0.791653290529695,0.7807198298806123,0.7979511453705984,300,300,Percentile CI from PSU-within-stratum design bootstrap; grouped OOF isotonic mapping and the classification metric were recomputed in each replicate.
acti,scssl,7000.0,WTMEC4YR_weighted_sensitivity,observed_target_attainment_pct,percent,64.62371084842717,63.506571438927786,65.61417390409693,300,300,Percentile CI from PSU-within-stratum design bootstrap; grouped OOF isotonic mapping and the classification metric were recomputed in each replicate.
acti,scssl,7000.0,WTMEC4YR_weighted_sensitivity,mapped_source_attainment_pct,percent,67.44525973428583,65.84606943316834,68.6285355075313,300,300,Percentile CI from PSU-within-stratum design bootstrap; grouped OOF isotonic mapping and the classification metric were recomputed in each replicate.
acti,scssl,7000.0,WTMEC4YR_weighted_sensitivity,attainment_difference_pp,percentage_points,2.8215488858586713,1.0739741758585208,3.907913892096451,300,300,Percentile CI from PSU-within-stratum design bootstrap; grouped OOF isotonic mapping and the classification metric were recomputed in each replicate.
acti,scssl,7000.0,WTMEC4YR_weighted_sensitivity,discordant_reclassification_pct,percent,14.450395508863314,13.86497728899018,15.463166452799618,300,300,Percentile CI from PSU-within-stratum design bootstrap; grouped OOF isotonic mapping and the classification metric were recomputed in each replicate.
acti,scssl,7000.0,WTMEC4YR_weighted_sensitivity,cohen_kappa,coefficient,0.6781485050303933,0.6567847037011741,0.6906138300489286,300,300,Percentile CI from PSU-within-stratum design bootstrap; grouped OOF isotonic mapping and the classification metric were recomputed in each replicate.
acti,scssl,7000.0,WTMEC4YR_weighted_sensitivity,positive_agreement,proportion,0.890584476844898,0.8818834509159642,0.895362736200035,300,300,Percentile CI from PSU-within-stratum design bootstrap; grouped OOF isotonic mapping and the classification metric were recomputed in each replicate.
acti,scssl,7000.0,WTMEC4YR_weighted_sensitivity,negative_agreement,proportion,0.7872784258855056,0.7721104568200912,0.7959403494445999,300,300,Percentile CI from PSU-within-stratum design bootstrap; grouped OOF isotonic mapping and the classification metric were recomputed in each replicate.
acti,scssl,8000.0,unweighted_primary,observed_target_attainment_pct,percent,52.81054823039556,51.59860921348168,53.73777872455072,300,300,Percentile CI from PSU-within-stratum design bootstrap; grouped OOF isotonic mapping and the classification metric were recomputed in each replicate.
acti,scssl,8000.0,unweighted_primary,mapped_source_attainment_pct,percent,56.268794818413134,53.65566977543616,58.89414315840588,300,300,Percentile CI from PSU-within-stratum design bootstrap; grouped OOF isotonic mapping and the classification metric were recomputed in each replicate.
acti,scssl,8000.0,unweighted_primary,attainment_difference_pp,percentage_points,3.4582465880175772,1.0110578328752686,6.045446484477888,300,300,Percentile CI from PSU-within-stratum design bootstrap; grouped OOF isotonic mapping and the classification metric were recomputed in each replicate.
acti,scssl,8000.0,unweighted_primary,discordant_reclassification_pct,percent,16.45847790885959,15.910766404333527,17.032612905724687,300,300,Percentile CI from PSU-within-stratum design bootstrap; grouped OOF isotonic mapping and the classification metric were recomputed in each replicate.
acti,scssl,8000.0,unweighted_primary,cohen_kappa,coefficient,0.6684941543512523,0.6567793891742404,0.6797435463481576,300,300,Percentile CI from PSU-within-stratum design bootstrap; grouped OOF isotonic mapping and the classification metric were recomputed in each replicate.
acti,scssl,8000.0,unweighted_primary,positive_agreement,proportion,0.8491146219913053,0.8424027336689022,0.8555793498920179,300,300,Percentile CI from PSU-within-stratum design bootstrap; grouped OOF isotonic mapping and the classification metric were recomputed in each replicate.
acti,scssl,8000.0,unweighted_primary,negative_agreement,proportion,0.8189797735657041,0.8099540531330995,0.8285761647456287,300,300,Percentile CI from PSU-within-stratum design bootstrap; grouped OOF isotonic mapping and the classification metric were recomputed in each replicate.
acti,scssl,8000.0,WTMEC4YR_weighted_sensitivity,observed_target_attainment_pct,percent,55.40049692293868,54.33949253531537,56.30662695001249,300,300,Percentile CI from PSU-within-stratum design bootstrap; grouped OOF isotonic mapping and the classification metric were recomputed in each replicate.
acti,scssl,8000.0,WTMEC4YR_weighted_sensitivity,mapped_source_attainment_pct,percent,57.58267373764062,54.81528568824721,60.578702859360256,300,300,Percentile CI from PSU-within-stratum design bootstrap; grouped OOF isotonic mapping and the classification metric were recomputed in each replicate.
acti,scssl,8000.0,WTMEC4YR_weighted_sensitivity,attainment_difference_pp,percentage_points,2.1821768147019416,-0.3232386700386383,5.081178896825388,300,300,Percentile CI from PSU-within-stratum design bootstrap; grouped OOF isotonic mapping and the classification metric were recomputed in each replicate.
acti,scssl,8000.0,WTMEC4YR_weighted_sensitivity,discordant_reclassification_pct,percent,16.84150097061428,15.877684565647373,17.534433054187723,300,300,Percentile CI from PSU-within-stratum design bootstrap; grouped OOF isotonic mapping and the classification metric were recomputed in each replicate.
acti,scssl,8000.0,WTMEC4YR_weighted_sensitivity,cohen_kappa,coefficient,0.6575607982198444,0.6441103578018703,0.6759818579917681,300,300,Percentile CI from PSU-within-stratum design bootstrap; grouped OOF isotonic mapping and the classification metric were recomputed in each replicate.
acti,scssl,8000.0,WTMEC4YR_weighted_sensitivity,positive_agreement,proportion,0.850937968264238,0.8424606423527574,0.8625033626132493,300,300,Percentile CI from PSU-within-stratum design bootstrap; grouped OOF isotonic mapping and the classification metric were recomputed in each replicate.
acti,scssl,8000.0,WTMEC4YR_weighted_sensitivity,negative_agreement,proportion,0.8064569681696654,0.7989066522280714,0.8160671685739154,300,300,Percentile CI from PSU-within-stratum design bootstrap; grouped OOF isotonic mapping and the classification metric were recomputed in each replicate.
acti,scssl,10000.0,unweighted_primary,observed_target_attainment_pct,percent,35.04510756419153,33.88214930770203,35.98673116318163,300,300,Percentile CI from PSU-within-stratum design bootstrap; grouped OOF isotonic mapping and the classification metric were recomputed in each replicate.
acti,scssl,10000.0,unweighted_primary,mapped_source_attainment_pct,percent,33.06731436502429,31.52455146606213,36.28638412105285,300,300,Percentile CI from PSU-within-stratum design bootstrap; grouped OOF isotonic mapping and the classification metric were recomputed in each replicate.
acti,scssl,10000.0,unweighted_primary,attainment_difference_pp,percentage_points,-1.9777931991672493,-3.0896258826014713,0.8473955232983467,300,300,Percentile CI from PSU-within-stratum design bootstrap; grouped OOF isotonic mapping and the classification metric were recomputed in each replicate.
acti,scssl,10000.0,unweighted_primary,discordant_reclassification_pct,percent,15.833911635438351,15.320832308534367,16.69115192956291,300,300,Percentile CI from PSU-within-stratum design bootstrap; grouped OOF isotonic mapping and the classification metric were recomputed in each replicate.
acti,scssl,10000.0,unweighted_primary,cohen_kappa,coefficient,0.6476299996123932,0.6317387415637048,0.658048371951666,300,300,Percentile CI from PSU-within-stratum design bootstrap; grouped OOF isotonic mapping and the classification metric were recomputed in each replicate.
acti,scssl,10000.0,unweighted_primary,positive_agreement,proportion,0.7675326880624894,0.7558605490287573,0.7762332550412937,300,300,Percentile CI from PSU-within-stratum design bootstrap; grouped OOF isotonic mapping and the classification metric were recomputed in each replicate.
acti,scssl,10000.0,unweighted_primary,negative_agreement,proportion,0.8799438744190126,0.8705948665496259,0.8847766517912276,300,300,Percentile CI from PSU-within-stratum design bootstrap; grouped OOF isotonic mapping and the classification metric were recomputed in each replicate.
acti,scssl,10000.0,WTMEC4YR_weighted_sensitivity,observed_target_attainment_pct,percent,36.30783234769952,35.10723786089843,37.25055361446744,300,300,Percentile CI from PSU-within-stratum design bootstrap; grouped OOF isotonic mapping and the classification metric were recomputed in each replicate.
acti,scssl,10000.0,WTMEC4YR_weighted_sensitivity,mapped_source_attainment_pct,percent,32.73650576018258,31.054314153155246,35.95635230440633,300,300,Percentile CI from PSU-within-stratum design bootstrap; grouped OOF isotonic mapping and the classification metric were recomputed in each replicate.
acti,scssl,10000.0,WTMEC4YR_weighted_sensitivity,attainment_difference_pp,percentage_points,-3.571326587516943,-5.002312188868514,-0.3079292496715594,300,300,Percentile CI from PSU-within-stratum design bootstrap; grouped OOF isotonic mapping and the classification metric were recomputed in each replicate.
acti,scssl,10000.0,WTMEC4YR_weighted_sensitivity,discordant_reclassification_pct,percent,16.708005572544266,15.968125386946612,17.8509969602603,300,300,Percentile CI from PSU-within-stratum design bootstrap; grouped OOF isotonic mapping and the classification metric were recomputed in each replicate.
acti,scssl,10000.0,WTMEC4YR_weighted_sensitivity,cohen_kappa,coefficient,0.6309458712517172,0.6090778712065483,0.6481557770593885,300,300,Percentile CI from PSU-within-stratum design bootstrap; grouped OOF isotonic mapping and the classification metric were recomputed in each replicate.
acti,scssl,10000.0,WTMEC4YR_weighted_sensitivity,positive_agreement,proportion,0.7580104896300414,0.7434544056458615,0.7711220780361195,300,300,Percentile CI from PSU-within-stratum design bootstrap; grouped OOF isotonic mapping and the classification metric were recomputed in each replicate.
acti,scssl,10000.0,WTMEC4YR_weighted_sensitivity,negative_agreement,proportion,0.8724147903867766,0.8615176093194069,0.879336443893943,300,300,Percentile CI from PSU-within-stratum design bootstrap; grouped OOF isotonic mapping and the classification metric were recomputed in each replicate.
acti,vs,7000.0,unweighted_primary,observed_target_attainment_pct,percent,68.58662965533195,67.66499673025642,69.38805623420735,300,300,Percentile CI from PSU-within-stratum design bootstrap; grouped OOF isotonic mapping and the classification metric were recomputed in each replicate.
acti,vs,7000.0,unweighted_primary,mapped_source_attainment_pct,percent,69.58130927596576,67.67618579879004,71.4146420660212,300,300,Percentile CI from PSU-within-stratum design bootstrap; grouped OOF isotonic mapping and the classification metric were recomputed in each replicate.
acti,vs,7000.0,unweighted_primary,attainment_difference_pp,percentage_points,0.9946796206338204,-0.7801000707282854,2.391622194549331,300,300,Percentile CI from PSU-within-stratum design bootstrap; grouped OOF isotonic mapping and the classification metric were recomputed in each replicate.
acti,vs,7000.0,unweighted_primary,discordant_reclassification_pct,percent,9.345362017117742,8.795650182882158,9.797838283178931,300,300,Percentile CI from PSU-within-stratum design bootstrap; grouped OOF isotonic mapping and the classification metric were recomputed in each replicate.
acti,vs,7000.0,unweighted_primary,cohen_kappa,coefficient,0.7812465907691776,0.771127279566844,0.7933584208744446,300,300,Percentile CI from PSU-within-stratum design bootstrap; grouped OOF isotonic mapping and the classification metric were recomputed in each replicate.
acti,vs,7000.0,unweighted_primary,positive_agreement,proportion,0.932362297003181,0.9290157121201932,0.9368417973591604,300,300,Percentile CI from PSU-within-stratum design bootstrap; grouped OOF isotonic mapping and the classification metric were recomputed in each replicate.
acti,vs,7000.0,unweighted_primary,negative_agreement,proportion,0.8488589599700711,0.8406084361423007,0.8583362070891556,300,300,Percentile CI from PSU-within-stratum design bootstrap; grouped OOF isotonic mapping and the classification metric were recomputed in each replicate.
acti,vs,7000.0,WTMEC4YR_weighted_sensitivity,observed_target_attainment_pct,percent,70.72319292261237,69.90559351280027,71.51314460984133,300,300,Percentile CI from PSU-within-stratum design bootstrap; grouped OOF isotonic mapping and the classification metric were recomputed in each replicate.
acti,vs,7000.0,WTMEC4YR_weighted_sensitivity,mapped_source_attainment_pct,percent,71.22591155695352,69.50504180702188,72.87890173265264,300,300,Percentile CI from PSU-within-stratum design bootstrap; grouped OOF isotonic mapping and the classification metric were recomputed in each replicate.
acti,vs,7000.0,WTMEC4YR_weighted_sensitivity,attainment_difference_pp,percentage_points,0.5027186343411483,-1.2697115747581529,2.041591727677043,300,300,Percentile CI from PSU-within-stratum design bootstrap; grouped OOF isotonic mapping and the classification metric were recomputed in each replicate.
acti,vs,7000.0,WTMEC4YR_weighted_sensitivity,discordant_reclassification_pct,percent,9.142524689419744,8.471799745936778,9.85709855067958,300,300,Percentile CI from PSU-within-stratum design bootstrap; grouped OOF isotonic mapping and the classification metric were recomputed in each replicate.
acti,vs,7000.0,WTMEC4YR_weighted_sensitivity,cohen_kappa,coefficient,0.7781082081373757,0.7583077440900096,0.7932084648052308,300,300,Percentile CI from PSU-within-stratum design bootstrap; grouped OOF isotonic mapping and the classification metric were recomputed in each replicate.
acti,vs,7000.0,WTMEC4YR_weighted_sensitivity,positive_agreement,proportion,0.9355929385892262,0.9303212709467324,0.9406271578292464,300,300,Percentile CI from PSU-within-stratum design bootstrap; grouped OOF isotonic mapping and the classification metric were recomputed in each replicate.
acti,vs,7000.0,WTMEC4YR_weighted_sensitivity,negative_agreement,proportion,0.8425084642113481,0.8273543773515274,0.8537915669044708,300,300,Percentile CI from PSU-within-stratum design bootstrap; grouped OOF isotonic mapping and the classification metric were recomputed in each replicate.
acti,vs,8000.0,unweighted_primary,observed_target_attainment_pct,percent,58.74392782789729,57.51066872551518,59.77673495990216,300,300,Percentile CI from PSU-within-stratum design bootstrap; grouped OOF isotonic mapping and the classification metric were recomputed in each replicate.
acti,vs,8000.0,unweighted_primary,mapped_source_attainment_pct,percent,60.18968309044645,58.82641461424187,61.834044311748926,300,300,Percentile CI from PSU-within-stratum design bootstrap; grouped OOF isotonic mapping and the classification metric were recomputed in each replicate.
acti,vs,8000.0,unweighted_primary,attainment_difference_pp,percentage_points,1.4457552625491532,0.4594493812431249,2.5692760795103116,300,300,Percentile CI from PSU-within-stratum design bootstrap; grouped OOF isotonic mapping and the classification metric were recomputed in each replicate.
acti,vs,8000.0,unweighted_primary,discordant_reclassification_pct,percent,10.166551006245662,9.509160472239108,10.701164972141424,300,300,Percentile CI from PSU-within-stratum design bootstrap; grouped OOF isotonic mapping and the classification metric were recomputed in each replicate.
acti,vs,8000.0,unweighted_primary,cohen_kappa,coefficient,0.7891546319882825,0.7779890064661369,0.8023378393954969,300,300,Percentile CI from PSU-within-stratum design bootstrap; grouped OOF isotonic mapping and the classification metric were recomputed in each replicate.
acti,vs,8000.0,unweighted_primary,positive_agreement,proportion,0.9145191092093748,0.9094848825442216,0.9206649442200392,300,300,Percentile CI from PSU-within-stratum design bootstrap; grouped OOF isotonic mapping and the classification metric were recomputed in each replicate.
acti,vs,8000.0,unweighted_primary,negative_agreement,proportion,0.8745898130974461,0.8664045338703085,0.8827351732607764,300,300,Percentile CI from PSU-within-stratum design bootstrap; grouped OOF isotonic mapping and the classification metric were recomputed in each replicate.
acti,vs,8000.0,WTMEC4YR_weighted_sensitivity,observed_target_attainment_pct,percent,60.29697333925708,59.19588029743518,61.335595892844125,300,300,Percentile CI from PSU-within-stratum design bootstrap; grouped OOF isotonic mapping and the classification metric were recomputed in each replicate.
acti,vs,8000.0,WTMEC4YR_weighted_sensitivity,mapped_source_attainment_pct,percent,61.73414143813809,60.48025047691741,63.270730731240015,300,300,Percentile CI from PSU-within-stratum design bootstrap; grouped OOF isotonic mapping and the classification metric were recomputed in each replicate.
acti,vs,8000.0,WTMEC4YR_weighted_sensitivity,attainment_difference_pp,percentage_points,1.4371680988810145,0.3306644258513989,2.7171472938122707,300,300,Percentile CI from PSU-within-stratum design bootstrap; grouped OOF isotonic mapping and the classification metric were recomputed in each replicate.
acti,vs,8000.0,WTMEC4YR_weighted_sensitivity,discordant_reclassification_pct,percent,9.8819537677735,8.928889228506906,10.689434059380352,300,300,Percentile CI from PSU-within-stratum design bootstrap; grouped OOF isotonic mapping and the classification metric were recomputed in each replicate.
acti,vs,8000.0,WTMEC4YR_weighted_sensitivity,cohen_kappa,coefficient,0.7923238410537717,0.7747513846731479,0.8125982189726577,300,300,Percentile CI from PSU-within-stratum design bootstrap; grouped OOF isotonic mapping and the classification metric were recomputed in each replicate.
acti,vs,8000.0,WTMEC4YR_weighted_sensitivity,positive_agreement,proportion,0.9190210317606308,0.9122783731408632,0.9270315930549744,300,300,Percentile CI from PSU-within-stratum design bootstrap; grouped OOF isotonic mapping and the classification metric were recomputed in each replicate.
acti,vs,8000.0,WTMEC4YR_weighted_sensitivity,negative_agreement,proportion,0.8732577265974745,0.8617466537475852,0.8850429085435555,300,300,Percentile CI from PSU-within-stratum design bootstrap; grouped OOF isotonic mapping and the classification metric were recomputed in each replicate.
acti,vs,10000.0,unweighted_primary,observed_target_attainment_pct,percent,39.28984501503586,38.10149177247623,40.41448668759446,300,300,Percentile CI from PSU-within-stratum design bootstrap; grouped OOF isotonic mapping and the classification metric were recomputed in each replicate.
acti,vs,10000.0,unweighted_primary,mapped_source_attainment_pct,percent,37.647467036780014,36.48589465053642,40.26152617542543,300,300,Percentile CI from PSU-within-stratum design bootstrap; grouped OOF isotonic mapping and the classification metric were recomputed in each replicate.
acti,vs,10000.0,unweighted_primary,attainment_difference_pp,percentage_points,-1.6423779782558434,-2.3132721496465254,0.7064781464218317,300,300,Percentile CI from PSU-within-stratum design bootstrap; grouped OOF isotonic mapping and the classification metric were recomputed in each replicate.
acti,vs,10000.0,unweighted_primary,discordant_reclassification_pct,percent,10.039324543141335,9.613470174803794,10.74184021039374,300,300,Percentile CI from PSU-within-stratum design bootstrap; grouped OOF isotonic mapping and the classification metric were recomputed in each replicate.
acti,vs,10000.0,unweighted_primary,cohen_kappa,coefficient,0.7879943801360965,0.7741046914357139,0.7975644421505909,300,300,Percentile CI from PSU-within-stratum design bootstrap; grouped OOF isotonic mapping and the classification metric were recomputed in each replicate.
acti,vs,10000.0,unweighted_primary,positive_agreement,proportion,0.8695129284425737,0.8606373209534856,0.876177636190224,300,300,Percentile CI from PSU-within-stratum design bootstrap; grouped OOF isotonic mapping and the classification metric were recomputed in each replicate.
acti,vs,10000.0,unweighted_primary,negative_agreement,proportion,0.9184210526315788,0.911773099520476,0.9218998487619336,300,300,Percentile CI from PSU-within-stratum design bootstrap; grouped OOF isotonic mapping and the classification metric were recomputed in each replicate.
acti,vs,10000.0,WTMEC4YR_weighted_sensitivity,observed_target_attainment_pct,percent,39.62514592793926,38.57368229205559,40.69993307540425,300,300,Percentile CI from PSU-within-stratum design bootstrap; grouped OOF isotonic mapping and the classification metric were recomputed in each replicate.
acti,vs,10000.0,WTMEC4YR_weighted_sensitivity,mapped_source_attainment_pct,percent,37.5535342932247,36.27261038099997,39.956450175562786,300,300,Percentile CI from PSU-within-stratum design bootstrap; grouped OOF isotonic mapping and the classification metric were recomputed in each replicate.
acti,vs,10000.0,WTMEC4YR_weighted_sensitivity,attainment_difference_pp,percentage_points,-2.07161163471456,-2.8577337225475956,0.4689010430694285,300,300,Percentile CI from PSU-within-stratum design bootstrap; grouped OOF isotonic mapping and the classification metric were recomputed in each replicate.
acti,vs,10000.0,WTMEC4YR_weighted_sensitivity,discordant_reclassification_pct,percent,10.73375271511803,10.106331086259672,11.616446043642012,300,300,Percentile CI from PSU-within-stratum design bootstrap; grouped OOF isotonic mapping and the classification metric were recomputed in each replicate.
acti,vs,10000.0,WTMEC4YR_weighted_sensitivity,cohen_kappa,coefficient,0.7736325923232826,0.7561258380052689,0.7871587313923855,300,300,Percentile CI from PSU-within-stratum design bootstrap; grouped OOF isotonic mapping and the classification metric were recomputed in each replicate.
acti,vs,10000.0,WTMEC4YR_weighted_sensitivity,positive_agreement,proportion,0.8609233445770349,0.8499133575128296,0.8700458112285581,300,300,Percentile CI from PSU-within-stratum design bootstrap; grouped OOF isotonic mapping and the classification metric were recomputed in each replicate.
acti,vs,10000.0,WTMEC4YR_weighted_sensitivity,negative_agreement,proportion,0.9126067629427346,0.9049422168444085,0.9179174315086543,300,300,Percentile CI from PSU-within-stratum design bootstrap; grouped OOF isotonic mapping and the classification metric were recomputed in each replicate.
acti,vsrev,7000.0,unweighted_primary,observed_target_attainment_pct,percent,59.900532037936614,58.72569837053813,60.88825624004186,300,300,Percentile CI from PSU-within-stratum design bootstrap; grouped OOF isotonic mapping and the classification metric were recomputed in each replicate.
acti,vsrev,7000.0,unweighted_primary,mapped_source_attainment_pct,percent,61.34628730048577,59.915161531080074,62.70439879347225,300,300,Percentile CI from PSU-within-stratum design bootstrap; grouped OOF isotonic mapping and the classification metric were recomputed in each replicate.
acti,vsrev,7000.0,unweighted_primary,attainment_difference_pp,percentage_points,1.4457552625491532,0.4624744342084999,2.3076427711537955,300,300,Percentile CI from PSU-within-stratum design bootstrap; grouped OOF isotonic mapping and the classification metric were recomputed in each replicate.
acti,vsrev,7000.0,unweighted_primary,discordant_reclassification_pct,percent,11.69326856349757,11.133657330217138,12.364856281092772,300,300,Percentile CI from PSU-within-stratum design bootstrap; grouped OOF isotonic mapping and the classification metric were recomputed in each replicate.
acti,vsrev,7000.0,unweighted_primary,cohen_kappa,coefficient,0.7551317910605054,0.7420489547393361,0.7674249399253311,300,300,Percentile CI from PSU-within-stratum design bootstrap; grouped OOF isotonic mapping and the classification metric were recomputed in each replicate.
acti,vsrev,7000.0,unweighted_primary,positive_agreement,proportion,0.9035581417533148,0.8976469126311419,0.9080641246718184,300,300,Percentile CI from PSU-within-stratum design bootstrap; grouped OOF isotonic mapping and the classification metric were recomputed in each replicate.
acti,vsrev,7000.0,unweighted_primary,negative_agreement,proportion,0.8515200469966221,0.8427010485355796,0.8595323811322017,300,300,Percentile CI from PSU-within-stratum design bootstrap; grouped OOF isotonic mapping and the classification metric were recomputed in each replicate.
acti,vsrev,7000.0,WTMEC4YR_weighted_sensitivity,observed_target_attainment_pct,percent,62.40355686108578,61.37241350048272,63.34047599772472,300,300,Percentile CI from PSU-within-stratum design bootstrap; grouped OOF isotonic mapping and the classification metric were recomputed in each replicate.
acti,vsrev,7000.0,WTMEC4YR_weighted_sensitivity,mapped_source_attainment_pct,percent,62.966927427217975,61.88003040134296,64.09561960561167,300,300,Percentile CI from PSU-within-stratum design bootstrap; grouped OOF isotonic mapping and the classification metric were recomputed in each replicate.
acti,vsrev,7000.0,WTMEC4YR_weighted_sensitivity,attainment_difference_pp,percentage_points,0.563370566132193,-0.3588255385506067,1.561447132153967,300,300,Percentile CI from PSU-within-stratum design bootstrap; grouped OOF isotonic mapping and the classification metric were recomputed in each replicate.
acti,vsrev,7000.0,WTMEC4YR_weighted_sensitivity,discordant_reclassification_pct,percent,11.55770869910036,10.757233407902952,12.31867348515296,300,300,Percentile CI from PSU-within-stratum design bootstrap; grouped OOF isotonic mapping and the classification metric were recomputed in each replicate.
acti,vsrev,7000.0,WTMEC4YR_weighted_sensitivity,cohen_kappa,coefficient,0.7529521485858401,0.7367650830730063,0.76981614671781,300,300,Percentile CI from PSU-within-stratum design bootstrap; grouped OOF isotonic mapping and the classification metric were recomputed in each replicate.
acti,vsrev,7000.0,WTMEC4YR_weighted_sensitivity,positive_agreement,proportion,0.9078115653400358,0.9006058327779799,0.9145594443599948,300,300,Percentile CI from PSU-within-stratum design bootstrap; grouped OOF isotonic mapping and the classification metric were recomputed in each replicate.
acti,vsrev,7000.0,WTMEC4YR_weighted_sensitivity,negative_agreement,proportion,0.8451322028706533,0.8354109259739894,0.8553411006443993,300,300,Percentile CI from PSU-within-stratum design bootstrap; grouped OOF isotonic mapping and the classification metric were recomputed in each replicate.
acti,vsrev,8000.0,unweighted_primary,observed_target_attainment_pct,percent,51.3763590099468,50.200312918192054,52.50989656420521,300,300,Percentile CI from PSU-within-stratum design bootstrap; grouped OOF isotonic mapping and the classification metric were recomputed in each replicate.
acti,vsrev,8000.0,unweighted_primary,mapped_source_attainment_pct,percent,52.7295859356928,50.329340512656394,53.80211489868184,300,300,Percentile CI from PSU-within-stratum design bootstrap; grouped OOF isotonic mapping and the classification metric were recomputed in each replicate.
acti,vsrev,8000.0,unweighted_primary,attainment_difference_pp,percentage_points,1.3532269257460094,-0.5419421042762426,1.877837545964162,300,300,Percentile CI from PSU-within-stratum design bootstrap; grouped OOF isotonic mapping and the classification metric were recomputed in each replicate.
acti,vsrev,8000.0,unweighted_primary,discordant_reclassification_pct,percent,12.317834836918806,11.783118266684266,13.027653325424309,300,300,Percentile CI from PSU-within-stratum design bootstrap; grouped OOF isotonic mapping and the classification metric were recomputed in each replicate.
acti,vsrev,8000.0,unweighted_primary,cohen_kappa,coefficient,0.7532725320594665,0.7388474848289783,0.7639242358267719,300,300,Percentile CI from PSU-within-stratum design bootstrap; grouped OOF isotonic mapping and the classification metric were recomputed in each replicate.
acti,vsrev,8000.0,unweighted_primary,positive_agreement,proportion,0.8816798133540718,0.8729740155035649,0.8874574430600563,300,300,Percentile CI from PSU-within-stratum design bootstrap; grouped OOF isotonic mapping and the classification metric were recomputed in each replicate.
acti,vsrev,8000.0,unweighted_primary,negative_agreement,proportion,0.8715474611024002,0.8635142591178121,0.8785091335216794,300,300,Percentile CI from PSU-within-stratum design bootstrap; grouped OOF isotonic mapping and the classification metric were recomputed in each replicate.
acti,vsrev,8000.0,WTMEC4YR_weighted_sensitivity,observed_target_attainment_pct,percent,53.33706868189915,52.20903438071168,54.385002446841035,300,300,Percentile CI from PSU-within-stratum design bootstrap; grouped OOF isotonic mapping and the classification metric were recomputed in each replicate.
acti,vsrev,8000.0,WTMEC4YR_weighted_sensitivity,mapped_source_attainment_pct,percent,54.13667418439291,51.13330924144425,54.98342944374777,300,300,Percentile CI from PSU-within-stratum design bootstrap; grouped OOF isotonic mapping and the classification metric were recomputed in each replicate.
acti,vsrev,8000.0,WTMEC4YR_weighted_sensitivity,attainment_difference_pp,percentage_points,0.799605502493772,-1.6695829477513848,1.550956897199068,300,300,Percentile CI from PSU-within-stratum design bootstrap; grouped OOF isotonic mapping and the classification metric were recomputed in each replicate.
acti,vsrev,8000.0,WTMEC4YR_weighted_sensitivity,discordant_reclassification_pct,percent,12.130686735280054,11.428911031943375,13.066081355846428,300,300,Percentile CI from PSU-within-stratum design bootstrap; grouped OOF isotonic mapping and the classification metric were recomputed in each replicate.
acti,vsrev,8000.0,WTMEC4YR_weighted_sensitivity,cohen_kappa,coefficient,0.7560391755028757,0.7382330344661735,0.7699169859934609,300,300,Percentile CI from PSU-within-stratum design bootstrap; grouped OOF isotonic mapping and the classification metric were recomputed in each replicate.
acti,vsrev,8000.0,WTMEC4YR_weighted_sensitivity,positive_agreement,proportion,0.8871288334084371,0.8753155779866814,0.8944183447799151,300,300,Percentile CI from PSU-within-stratum design bootstrap; grouped OOF isotonic mapping and the classification metric were recomputed in each replicate.
acti,vsrev,8000.0,WTMEC4YR_weighted_sensitivity,negative_agreement,proportion,0.8688946563811586,0.8611307208993241,0.8762843536379232,300,300,Percentile CI from PSU-within-stratum design bootstrap; grouped OOF isotonic mapping and the classification metric were recomputed in each replicate.
acti,vsrev,10000.0,unweighted_primary,observed_target_attainment_pct,percent,34.605597964376585,33.42330005652741,35.6798181701706,300,300,Percentile CI from PSU-within-stratum design bootstrap; grouped OOF isotonic mapping and the classification metric were recomputed in each replicate.
acti,vsrev,10000.0,unweighted_primary,mapped_source_attainment_pct,percent,34.478371501272264,32.97449406782222,35.75337485849154,300,300,Percentile CI from PSU-within-stratum design bootstrap; grouped OOF isotonic mapping and the classification metric were recomputed in each replicate.
acti,vsrev,10000.0,unweighted_primary,attainment_difference_pp,percentage_points,-0.127226463104324,-1.1758460654734404,0.6279335806149682,300,300,Percentile CI from PSU-within-stratum design bootstrap; grouped OOF isotonic mapping and the classification metric were recomputed in each replicate.
acti,vsrev,10000.0,unweighted_primary,discordant_reclassification_pct,percent,10.259079343048809,9.72028720363533,10.729705774802168,300,300,Percentile CI from PSU-within-stratum design bootstrap; grouped OOF isotonic mapping and the classification metric were recomputed in each replicate.
acti,vsrev,10000.0,unweighted_primary,cohen_kappa,coefficient,0.7731350024763156,0.7628232985939188,0.7853904581215869,300,300,Percentile CI from PSU-within-stratum design bootstrap; grouped OOF isotonic mapping and the classification metric were recomputed in each replicate.
acti,vsrev,10000.0,unweighted_primary,positive_agreement,proportion,0.8514984095094592,0.8442010528660269,0.860028256990493,300,300,Percentile CI from PSU-within-stratum design bootstrap; grouped OOF isotonic mapping and the classification metric were recomputed in each replicate.
acti,vsrev,10000.0,unweighted_primary,negative_agreement,proportion,0.9216361869423094,0.9175757886415394,0.9263200715650898,300,300,Percentile CI from PSU-within-stratum design bootstrap; grouped OOF isotonic mapping and the classification metric were recomputed in each replicate.
acti,vsrev,10000.0,WTMEC4YR_weighted_sensitivity,observed_target_attainment_pct,percent,35.26419613458566,34.05812760510732,36.34594931887302,300,300,Percentile CI from PSU-within-stratum design bootstrap; grouped OOF isotonic mapping and the classification metric were recomputed in each replicate.
acti,vsrev,10000.0,WTMEC4YR_weighted_sensitivity,mapped_source_attainment_pct,percent,33.99324092131925,32.62485825103123,35.392428227468976,300,300,Percentile CI from PSU-within-stratum design bootstrap; grouped OOF isotonic mapping and the classification metric were recomputed in each replicate.
acti,vsrev,10000.0,WTMEC4YR_weighted_sensitivity,attainment_difference_pp,percentage_points,-1.270955213266417,-2.225492338431632,-0.2909968925713139,300,300,Percentile CI from PSU-within-stratum design bootstrap; grouped OOF isotonic mapping and the classification metric were recomputed in each replicate.
acti,vsrev,10000.0,WTMEC4YR_weighted_sensitivity,discordant_reclassification_pct,percent,11.035790499857749,10.124194657961858,11.834424942680778,300,300,Percentile CI from PSU-within-stratum design bootstrap; grouped OOF isotonic mapping and the classification metric were recomputed in each replicate.
acti,vsrev,10000.0,WTMEC4YR_weighted_sensitivity,cohen_kappa,coefficient,0.7562904404429057,0.739702607504219,0.7754044328445908,300,300,Percentile CI from PSU-within-stratum design bootstrap; grouped OOF isotonic mapping and the classification metric were recomputed in each replicate.
acti,vsrev,10000.0,WTMEC4YR_weighted_sensitivity,positive_agreement,proportion,0.8406555170248415,0.8297741052055972,0.8523668453832586,300,300,Percentile CI from PSU-within-stratum design bootstrap; grouped OOF isotonic mapping and the classification metric were recomputed in each replicate.
acti,vsrev,10000.0,WTMEC4YR_weighted_sensitivity,negative_agreement,proportion,0.915591447411226,0.909111537244141,0.9231924795314108,300,300,Percentile CI from PSU-within-stratum design bootstrap; grouped OOF isotonic mapping and the classification metric were recomputed in each replicate.
adept,acti,7000.0,unweighted_primary,observed_target_attainment_pct,percent,88.11010872079575,87.4748649376959,88.68003991228,300,300,Percentile CI from PSU-within-stratum design bootstrap; grouped OOF isotonic mapping and the classification metric were recomputed in each replicate.
adept,acti,7000.0,unweighted_primary,mapped_source_attainment_pct,percent,92.60929909784872,91.45677120245688,93.08711929562124,300,300,Percentile CI from PSU-within-stratum design bootstrap; grouped OOF isotonic mapping and the classification metric were recomputed in each replicate.
adept,acti,7000.0,unweighted_primary,attainment_difference_pp,percentage_points,4.499190377052975,3.4603484190654137,5.059305237074304,300,300,Percentile CI from PSU-within-stratum design bootstrap; grouped OOF isotonic mapping and the classification metric were recomputed in each replicate.
adept,acti,7000.0,unweighted_primary,discordant_reclassification_pct,percent,6.650474207726116,6.229384090860638,7.187166248078141,300,300,Percentile CI from PSU-within-stratum design bootstrap; grouped OOF isotonic mapping and the classification metric were recomputed in each replicate.
adept,acti,7000.0,unweighted_primary,cohen_kappa,coefficient,0.6204738677426487,0.5944665979661471,0.6457330064140279,300,300,Percentile CI from PSU-within-stratum design bootstrap; grouped OOF isotonic mapping and the classification metric were recomputed in each replicate.
adept,acti,7000.0,unweighted_primary,positive_agreement,proportion,0.9632,0.9600093884112698,0.965476573596037,300,300,Percentile CI from PSU-within-stratum design bootstrap; grouped OOF isotonic mapping and the classification metric were recomputed in each replicate.
adept,acti,7000.0,unweighted_primary,negative_agreement,proportion,0.6550689862027594,0.6300367647058823,0.678699828624806,300,300,Percentile CI from PSU-within-stratum design bootstrap; grouped OOF isotonic mapping and the classification metric were recomputed in each replicate.
adept,acti,7000.0,WTMEC4YR_weighted_sensitivity,observed_target_attainment_pct,percent,89.46378588203736,88.85393293798258,90.1208112158426,300,300,Percentile CI from PSU-within-stratum design bootstrap; grouped OOF isotonic mapping and the classification metric were recomputed in each replicate.
adept,acti,7000.0,WTMEC4YR_weighted_sensitivity,mapped_source_attainment_pct,percent,94.20681160409676,93.21594258470552,94.74820235806152,300,300,Percentile CI from PSU-within-stratum design bootstrap; grouped OOF isotonic mapping and the classification metric were recomputed in each replicate.
adept,acti,7000.0,WTMEC4YR_weighted_sensitivity,attainment_difference_pp,percentage_points,4.743025722059402,3.7595060549025745,5.258221948831513,300,300,Percentile CI from PSU-within-stratum design bootstrap; grouped OOF isotonic mapping and the classification metric were recomputed in each replicate.
adept,acti,7000.0,WTMEC4YR_weighted_sensitivity,discordant_reclassification_pct,percent,6.51110607642439,5.976243784875255,7.026481723431636,300,300,Percentile CI from PSU-within-stratum design bootstrap; grouped OOF isotonic mapping and the classification metric were recomputed in each replicate.
adept,acti,7000.0,WTMEC4YR_weighted_sensitivity,cohen_kappa,coefficient,0.569047422586422,0.5302743720345151,0.6052409449734256,300,300,Percentile CI from PSU-within-stratum design bootstrap; grouped OOF isotonic mapping and the classification metric were recomputed in each replicate.
adept,acti,7000.0,WTMEC4YR_weighted_sensitivity,positive_agreement,proportion,0.9645500904034684,0.961735404898341,0.9673557928244952,300,300,Percentile CI from PSU-within-stratum design bootstrap; grouped OOF isotonic mapping and the classification metric were recomputed in each replicate.
adept,acti,7000.0,WTMEC4YR_weighted_sensitivity,negative_agreement,proportion,0.6012648919092056,0.5646553582540211,0.6382083549822755,300,300,Percentile CI from PSU-within-stratum design bootstrap; grouped OOF isotonic mapping and the classification metric were recomputed in each replicate.
adept,acti,8000.0,unweighted_primary,observed_target_attainment_pct,percent,82.65093684941013,81.84912972558652,83.36384855540018,300,300,Percentile CI from PSU-within-stratum design bootstrap; grouped OOF isotonic mapping and the classification metric were recomputed in each replicate.
adept,acti,8000.0,unweighted_primary,mapped_source_attainment_pct,percent,87.1385611843627,86.09618204025605,88.44323626766673,300,300,Percentile CI from PSU-within-stratum design bootstrap; grouped OOF isotonic mapping and the classification metric were recomputed in each replicate.
adept,acti,8000.0,unweighted_primary,attainment_difference_pp,percentage_points,4.487624334952578,3.737907314993377,5.586297314945272,300,300,Percentile CI from PSU-within-stratum design bootstrap; grouped OOF isotonic mapping and the classification metric were recomputed in each replicate.
adept,acti,8000.0,unweighted_primary,discordant_reclassification_pct,percent,9.275965764515384,8.623338113990092,9.902338708323738,300,300,Percentile CI from PSU-within-stratum design bootstrap; grouped OOF isotonic mapping and the classification metric were recomputed in each replicate.
adept,acti,8000.0,unweighted_primary,cohen_kappa,coefficient,0.6397378714744761,0.6152918611538951,0.6640238249594094,300,300,Percentile CI from PSU-within-stratum design bootstrap; grouped OOF isotonic mapping and the classification metric were recomputed in each replicate.
adept,acti,8000.0,unweighted_primary,positive_agreement,proportion,0.9453678474114442,0.9415079436865268,0.9492865935819728,300,300,Percentile CI from PSU-within-stratum design bootstrap; grouped OOF isotonic mapping and the classification metric were recomputed in each replicate.
adept,acti,8000.0,unweighted_primary,negative_agreement,proportion,0.6929555895865237,0.669876146619058,0.715387075690591,300,300,Percentile CI from PSU-within-stratum design bootstrap; grouped OOF isotonic mapping and the classification metric were recomputed in each replicate.
adept,acti,8000.0,WTMEC4YR_weighted_sensitivity,observed_target_attainment_pct,percent,84.43691471024445,83.81862982612454,84.98121422713734,300,300,Percentile CI from PSU-within-stratum design bootstrap; grouped OOF isotonic mapping and the classification metric were recomputed in each replicate.
adept,acti,8000.0,WTMEC4YR_weighted_sensitivity,mapped_source_attainment_pct,percent,89.5316418541738,88.52181920813094,90.62234130807472,300,300,Percentile CI from PSU-within-stratum design bootstrap; grouped OOF isotonic mapping and the classification metric were recomputed in each replicate.
adept,acti,8000.0,WTMEC4YR_weighted_sensitivity,attainment_difference_pp,percentage_points,5.094727143929346,4.248005803644669,6.061730178104993,300,300,Percentile CI from PSU-within-stratum design bootstrap; grouped OOF isotonic mapping and the classification metric were recomputed in each replicate.
adept,acti,8000.0,WTMEC4YR_weighted_sensitivity,discordant_reclassification_pct,percent,8.827019390893177,8.191447302482072,9.4568005573447,300,300,Percentile CI from PSU-within-stratum design bootstrap; grouped OOF isotonic mapping and the classification metric were recomputed in each replicate.
adept,acti,8000.0,WTMEC4YR_weighted_sensitivity,cohen_kappa,coefficient,0.6123917721657955,0.5762853777401056,0.6458983384730494,300,300,Percentile CI from PSU-within-stratum design bootstrap; grouped OOF isotonic mapping and the classification metric were recomputed in each replicate.
adept,acti,8000.0,WTMEC4YR_weighted_sensitivity,positive_agreement,proportion,0.9492608344564576,0.9455090447562016,0.952850138338364,300,300,Percentile CI from PSU-within-stratum design bootstrap; grouped OOF isotonic mapping and the classification metric were recomputed in each replicate.
adept,acti,8000.0,WTMEC4YR_weighted_sensitivity,negative_agreement,proportion,0.6609093378653089,0.6261315183265073,0.6920285368372617,300,300,Percentile CI from PSU-within-stratum design bootstrap; grouped OOF isotonic mapping and the classification metric were recomputed in each replicate.
adept,acti,10000.0,unweighted_primary,observed_target_attainment_pct,percent,66.06523247744622,65.060654672783,66.91249500015132,300,300,Percentile CI from PSU-within-stratum design bootstrap; grouped OOF isotonic mapping and the classification metric were recomputed in each replicate.
adept,acti,10000.0,unweighted_primary,mapped_source_attainment_pct,percent,73.6409900532038,72.53951380218547,75.60294220021669,300,300,Percentile CI from PSU-within-stratum design bootstrap; grouped OOF isotonic mapping and the classification metric were recomputed in each replicate.
adept,acti,10000.0,unweighted_primary,attainment_difference_pp,percentage_points,7.575757575757569,6.951144279292079,9.43191993938549,300,300,Percentile CI from PSU-within-stratum design bootstrap; grouped OOF isotonic mapping and the classification metric were recomputed in each replicate.
adept,acti,10000.0,unweighted_primary,discordant_reclassification_pct,percent,16.7823270876706,16.302366369233916,17.58925049688902,300,300,Percentile CI from PSU-within-stratum design bootstrap; grouped OOF isotonic mapping and the classification metric were recomputed in each replicate.
adept,acti,10000.0,unweighted_primary,cohen_kappa,coefficient,0.6042281089919102,0.584397888603962,0.6141124448288023,300,300,Percentile CI from PSU-within-stratum design bootstrap; grouped OOF isotonic mapping and the classification metric were recomputed in each replicate.
adept,acti,10000.0,unweighted_primary,positive_agreement,proportion,0.8798741617683583,0.8729838882612678,0.8843924383768123,300,300,Percentile CI from PSU-within-stratum design bootstrap; grouped OOF isotonic mapping and the classification metric were recomputed in each replicate.
adept,acti,10000.0,unweighted_primary,negative_agreement,proportion,0.7216573949741032,0.7040318417546865,0.7299160559464537,300,300,Percentile CI from PSU-within-stratum design bootstrap; grouped OOF isotonic mapping and the classification metric were recomputed in each replicate.
adept,acti,10000.0,WTMEC4YR_weighted_sensitivity,observed_target_attainment_pct,percent,67.68682301987573,66.80945461795672,68.45494539727659,300,300,Percentile CI from PSU-within-stratum design bootstrap; grouped OOF isotonic mapping and the classification metric were recomputed in each replicate.
adept,acti,10000.0,WTMEC4YR_weighted_sensitivity,mapped_source_attainment_pct,percent,76.68705912977356,75.43086093164577,78.64924638099357,300,300,Percentile CI from PSU-within-stratum design bootstrap; grouped OOF isotonic mapping and the classification metric were recomputed in each replicate.
adept,acti,10000.0,WTMEC4YR_weighted_sensitivity,attainment_difference_pp,percentage_points,9.00023610989783,8.043076736481027,10.99100578289917,300,300,Percentile CI from PSU-within-stratum design bootstrap; grouped OOF isotonic mapping and the classification metric were recomputed in each replicate.
adept,acti,10000.0,WTMEC4YR_weighted_sensitivity,discordant_reclassification_pct,percent,16.7644694121238,15.999092683074725,17.83450144427461,300,300,Percentile CI from PSU-within-stratum design bootstrap; grouped OOF isotonic mapping and the classification metric were recomputed in each replicate.
adept,acti,10000.0,WTMEC4YR_weighted_sensitivity,cohen_kappa,coefficient,0.5866729235020961,0.5567514463109254,0.6064520351903092,300,300,Percentile CI from PSU-within-stratum design bootstrap; grouped OOF isotonic mapping and the classification metric were recomputed in each replicate.
adept,acti,10000.0,WTMEC4YR_weighted_sensitivity,positive_agreement,proportion,0.8838815638776912,0.8762880217805928,0.8895317830396916,300,300,Percentile CI from PSU-within-stratum design bootstrap; grouped OOF isotonic mapping and the classification metric were recomputed in each replicate.
adept,acti,10000.0,WTMEC4YR_weighted_sensitivity,negative_agreement,proportion,0.6986223367730828,0.6724102567817636,0.7152592512092936,300,300,Percentile CI from PSU-within-stratum design bootstrap; grouped OOF isotonic mapping and the classification metric were recomputed in each replicate.
adept,oak,7000.0,unweighted_primary,observed_target_attainment_pct,percent,78.94980337728428,78.08902994263754,79.79065121869183,300,300,Percentile CI from PSU-within-stratum design bootstrap; grouped OOF isotonic mapping and the classification metric were recomputed in each replicate.
adept,oak,7000.0,unweighted_primary,mapped_source_attainment_pct,percent,83.84223918575063,82.30785723460252,84.72878340613532,300,300,Percentile CI from PSU-within-stratum design bootstrap; grouped OOF isotonic mapping and the classification metric were recomputed in each replicate.
adept,oak,7000.0,unweighted_primary,attainment_difference_pp,percentage_points,4.892435808466344,3.598753872871049,5.78331471915864,300,300,Percentile CI from PSU-within-stratum design bootstrap; grouped OOF isotonic mapping and the classification metric were recomputed in each replicate.
adept,oak,7000.0,unweighted_primary,discordant_reclassification_pct,percent,8.547305112190609,8.095276653171391,9.18002652907496,300,300,Percentile CI from PSU-within-stratum design bootstrap; grouped OOF isotonic mapping and the classification metric were recomputed in each replicate.
adept,oak,7000.0,unweighted_primary,cohen_kappa,coefficient,0.7188892900388235,0.700613281801337,0.7331788643230651,300,300,Percentile CI from PSU-within-stratum design bootstrap; grouped OOF isotonic mapping and the classification metric were recomputed in each replicate.
adept,oak,7000.0,unweighted_primary,positive_agreement,proportion,0.9474955595026644,0.9431265042997352,0.9504872918006922,300,300,Percentile CI from PSU-within-stratum design bootstrap; grouped OOF isotonic mapping and the classification metric were recomputed in each replicate.
adept,oak,7000.0,unweighted_primary,negative_agreement,proportion,0.7702828722412185,0.7546114309563376,0.7824292669269687,300,300,Percentile CI from PSU-within-stratum design bootstrap; grouped OOF isotonic mapping and the classification metric were recomputed in each replicate.
adept,oak,7000.0,WTMEC4YR_weighted_sensitivity,observed_target_attainment_pct,percent,81.39859010675781,80.627927084396,82.08164460311282,300,300,Percentile CI from PSU-within-stratum design bootstrap; grouped OOF isotonic mapping and the classification metric were recomputed in each replicate.
adept,oak,7000.0,WTMEC4YR_weighted_sensitivity,mapped_source_attainment_pct,percent,86.43660561339894,84.94464994303009,87.3817560467626,300,300,Percentile CI from PSU-within-stratum design bootstrap; grouped OOF isotonic mapping and the classification metric were recomputed in each replicate.
adept,oak,7000.0,WTMEC4YR_weighted_sensitivity,attainment_difference_pp,percentage_points,5.038015506641136,3.825808408367159,5.938314229176067,300,300,Percentile CI from PSU-within-stratum design bootstrap; grouped OOF isotonic mapping and the classification metric were recomputed in each replicate.
adept,oak,7000.0,WTMEC4YR_weighted_sensitivity,discordant_reclassification_pct,percent,8.410920977218707,7.717497841992006,9.184662134284794,300,300,Percentile CI from PSU-within-stratum design bootstrap; grouped OOF isotonic mapping and the classification metric were recomputed in each replicate.
adept,oak,7000.0,WTMEC4YR_weighted_sensitivity,cohen_kappa,coefficient,0.6898495196151331,0.6610578621657691,0.7136169488816229,300,300,Percentile CI from PSU-within-stratum design bootstrap; grouped OOF isotonic mapping and the classification metric were recomputed in each replicate.
adept,oak,7000.0,WTMEC4YR_weighted_sensitivity,positive_agreement,proportion,0.9498858332954024,0.945132390900448,0.9540243605245728,300,300,Percentile CI from PSU-within-stratum design bootstrap; grouped OOF isotonic mapping and the classification metric were recomputed in each replicate.
adept,oak,7000.0,WTMEC4YR_weighted_sensitivity,negative_agreement,proportion,0.7385054513610207,0.7134043111393776,0.7603149318253812,300,300,Percentile CI from PSU-within-stratum design bootstrap; grouped OOF isotonic mapping and the classification metric were recomputed in each replicate.
adept,oak,8000.0,unweighted_primary,observed_target_attainment_pct,percent,72.60004626416841,71.58833045185226,73.37633713468321,300,300,Percentile CI from PSU-within-stratum design bootstrap; grouped OOF isotonic mapping and the classification metric were recomputed in each replicate.
adept,oak,8000.0,unweighted_primary,mapped_source_attainment_pct,percent,76.97201017811705,75.7981663791259,78.58816702514932,300,300,Percentile CI from PSU-within-stratum design bootstrap; grouped OOF isotonic mapping and the classification metric were recomputed in each replicate.
adept,oak,8000.0,unweighted_primary,attainment_difference_pp,percentage_points,4.37196391394864,3.624829606603894,5.617059417580624,300,300,Percentile CI from PSU-within-stratum design bootstrap; grouped OOF isotonic mapping and the classification metric were recomputed in each replicate.
adept,oak,8000.0,unweighted_primary,discordant_reclassification_pct,percent,11.219060837381448,10.7494810417611,11.925711174945825,300,300,Percentile CI from PSU-within-stratum design bootstrap; grouped OOF isotonic mapping and the classification metric were recomputed in each replicate.
adept,oak,8000.0,unweighted_primary,cohen_kappa,coefficient,0.7032671669685552,0.6841695595491228,0.7144583950123015,300,300,Percentile CI from PSU-within-stratum design bootstrap; grouped OOF isotonic mapping and the classification metric were recomputed in each replicate.
adept,oak,8000.0,unweighted_primary,positive_agreement,proportion,0.9249922672440458,0.9198019835826828,0.9283921453526937,300,300,Percentile CI from PSU-within-stratum design bootstrap; grouped OOF isotonic mapping and the classification metric were recomputed in each replicate.
adept,oak,8000.0,unweighted_primary,negative_agreement,proportion,0.7775229357798165,0.7600678666794307,0.7865296759456425,300,300,Percentile CI from PSU-within-stratum design bootstrap; grouped OOF isotonic mapping and the classification metric were recomputed in each replicate.
adept,oak,8000.0,WTMEC4YR_weighted_sensitivity,observed_target_attainment_pct,percent,75.17345254669901,74.32953238478372,75.94232029252395,300,300,Percentile CI from PSU-within-stratum design bootstrap; grouped OOF isotonic mapping and the classification metric were recomputed in each replicate.
adept,oak,8000.0,WTMEC4YR_weighted_sensitivity,mapped_source_attainment_pct,percent,79.73771824755018,78.66236847876814,81.31576141608089,300,300,Percentile CI from PSU-within-stratum design bootstrap; grouped OOF isotonic mapping and the classification metric were recomputed in each replicate.
adept,oak,8000.0,WTMEC4YR_weighted_sensitivity,attainment_difference_pp,percentage_points,4.564265700851178,3.964598017680774,5.8278761882862264,300,300,Percentile CI from PSU-within-stratum design bootstrap; grouped OOF isotonic mapping and the classification metric were recomputed in each replicate.
adept,oak,8000.0,WTMEC4YR_weighted_sensitivity,discordant_reclassification_pct,percent,11.073629715404326,10.646462487623806,11.875187270699625,300,300,Percentile CI from PSU-within-stratum design bootstrap; grouped OOF isotonic mapping and the classification metric were recomputed in each replicate.
adept,oak,8000.0,WTMEC4YR_weighted_sensitivity,cohen_kappa,coefficient,0.68386330119662,0.6569128146650962,0.6968466759481735,300,300,Percentile CI from PSU-within-stratum design bootstrap; grouped OOF isotonic mapping and the classification metric were recomputed in each replicate.
adept,oak,8000.0,WTMEC4YR_weighted_sensitivity,positive_agreement,proportion,0.9285162609085684,0.9231363845983754,0.9314022376203404,300,300,Percentile CI from PSU-within-stratum design bootstrap; grouped OOF isotonic mapping and the classification metric were recomputed in each replicate.
adept,oak,8000.0,WTMEC4YR_weighted_sensitivity,negative_agreement,proportion,0.7544041415475042,0.730776865249186,0.7645308395400983,300,300,Percentile CI from PSU-within-stratum design bootstrap; grouped OOF isotonic mapping and the classification metric were recomputed in each replicate.
adept,oak,10000.0,unweighted_primary,observed_target_attainment_pct,percent,57.841776544066626,56.63778796570831,58.865995545855206,300,300,Percentile CI from PSU-within-stratum design bootstrap; grouped OOF isotonic mapping and the classification metric were recomputed in each replicate.
adept,oak,10000.0,unweighted_primary,mapped_source_attainment_pct,percent,62.43349525792274,61.11639562325494,66.20694369734743,300,300,Percentile CI from PSU-within-stratum design bootstrap; grouped OOF isotonic mapping and the classification metric were recomputed in each replicate.
adept,oak,10000.0,unweighted_primary,attainment_difference_pp,percentage_points,4.591718713856119,3.641057976176027,7.958739224377786,300,300,Percentile CI from PSU-within-stratum design bootstrap; grouped OOF isotonic mapping and the classification metric were recomputed in each replicate.
adept,oak,10000.0,unweighted_primary,discordant_reclassification_pct,percent,16.296553319454084,15.7541152274761,16.990880573270044,300,300,Percentile CI from PSU-within-stratum design bootstrap; grouped OOF isotonic mapping and the classification metric were recomputed in each replicate.
adept,oak,10000.0,unweighted_primary,cohen_kappa,coefficient,0.6608416647275791,0.6441701763193499,0.6724585367935092,300,300,Percentile CI from PSU-within-stratum design bootstrap; grouped OOF isotonic mapping and the classification metric were recomputed in each replicate.
adept,oak,10000.0,unweighted_primary,positive_agreement,proportion,0.8645062025194731,0.8594535286629561,0.870653349092846,300,300,Percentile CI from PSU-within-stratum design bootstrap; grouped OOF isotonic mapping and the classification metric were recomputed in each replicate.
adept,oak,10000.0,unweighted_primary,negative_agreement,proportion,0.7955897287102858,0.7799618354273122,0.8050410563544557,300,300,Percentile CI from PSU-within-stratum design bootstrap; grouped OOF isotonic mapping and the classification metric were recomputed in each replicate.
adept,oak,10000.0,WTMEC4YR_weighted_sensitivity,observed_target_attainment_pct,percent,60.1375871777248,59.08271739738929,61.08940692812004,300,300,Percentile CI from PSU-within-stratum design bootstrap; grouped OOF isotonic mapping and the classification metric were recomputed in each replicate.
adept,oak,10000.0,WTMEC4YR_weighted_sensitivity,mapped_source_attainment_pct,percent,65.61492120715133,64.292849286955,68.89301552433137,300,300,Percentile CI from PSU-within-stratum design bootstrap; grouped OOF isotonic mapping and the classification metric were recomputed in each replicate.
adept,oak,10000.0,WTMEC4YR_weighted_sensitivity,attainment_difference_pp,percentage_points,5.477334029426539,4.41542675537977,8.736288201299184,300,300,Percentile CI from PSU-within-stratum design bootstrap; grouped OOF isotonic mapping and the classification metric were recomputed in each replicate.
adept,oak,10000.0,WTMEC4YR_weighted_sensitivity,discordant_reclassification_pct,percent,16.732938450879686,15.877497389719723,17.758373550318467,300,300,Percentile CI from PSU-within-stratum design bootstrap; grouped OOF isotonic mapping and the classification metric were recomputed in each replicate.
adept,oak,10000.0,WTMEC4YR_weighted_sensitivity,cohen_kappa,coefficient,0.6427185062116002,0.6201852924616866,0.6596096076543353,300,300,Percentile CI from PSU-within-stratum design bootstrap; grouped OOF isotonic mapping and the classification metric were recomputed in each replicate.
adept,oak,10000.0,WTMEC4YR_weighted_sensitivity,positive_agreement,proportion,0.8669375373438507,0.8590495999867146,0.8759867642606479,300,300,Percentile CI from PSU-within-stratum design bootstrap; grouped OOF isotonic mapping and the classification metric were recomputed in each replicate.
adept,oak,10000.0,WTMEC4YR_weighted_sensitivity,negative_agreement,proportion,0.7746329460176501,0.7569439225484927,0.7872330476469814,300,300,Percentile CI from PSU-within-stratum design bootstrap; grouped OOF isotonic mapping and the classification metric were recomputed in each replicate.
adept,scrf,7000.0,unweighted_primary,observed_target_attainment_pct,percent,74.77446217904233,73.77716623569303,75.67536184955327,300,300,Percentile CI from PSU-within-stratum design bootstrap; grouped OOF isotonic mapping and the classification metric were recomputed in each replicate.
adept,scrf,7000.0,unweighted_primary,mapped_source_attainment_pct,percent,80.71940781864446,78.8197458561166,82.016823040717,300,300,Percentile CI from PSU-within-stratum design bootstrap; grouped OOF isotonic mapping and the classification metric were recomputed in each replicate.
adept,scrf,7000.0,unweighted_primary,attainment_difference_pp,percentage_points,5.944945639602128,4.408860448787653,6.945687084193619,300,300,Percentile CI from PSU-within-stratum design bootstrap; grouped OOF isotonic mapping and the classification metric were recomputed in each replicate.
adept,scrf,7000.0,unweighted_primary,discordant_reclassification_pct,percent,10.501966227157066,9.898667461079889,10.98730657098004,300,300,Percentile CI from PSU-within-stratum design bootstrap; grouped OOF isotonic mapping and the classification metric were recomputed in each replicate.
adept,scrf,7000.0,unweighted_primary,cohen_kappa,coefficient,0.6980359602765621,0.6827535902425037,0.7151837330496463,300,300,Percentile CI from PSU-within-stratum design bootstrap; grouped OOF isotonic mapping and the classification metric were recomputed in each replicate.
adept,scrf,7000.0,unweighted_primary,positive_agreement,proportion,0.932460577209164,0.928659644718364,0.9368709857395178,300,300,Percentile CI from PSU-within-stratum design bootstrap; grouped OOF isotonic mapping and the classification metric were recomputed in each replicate.
adept,scrf,7000.0,unweighted_primary,negative_agreement,proportion,0.764033264033264,0.7511571484554166,0.7793191714689266,300,300,Percentile CI from PSU-within-stratum design bootstrap; grouped OOF isotonic mapping and the classification metric were recomputed in each replicate.
adept,scrf,7000.0,WTMEC4YR_weighted_sensitivity,observed_target_attainment_pct,percent,77.23739157627551,76.2722988957592,78.09131536665248,300,300,Percentile CI from PSU-within-stratum design bootstrap; grouped OOF isotonic mapping and the classification metric were recomputed in each replicate.
adept,scrf,7000.0,WTMEC4YR_weighted_sensitivity,mapped_source_attainment_pct,percent,83.5282026210074,81.6382425612573,84.73481534375045,300,300,Percentile CI from PSU-within-stratum design bootstrap; grouped OOF isotonic mapping and the classification metric were recomputed in each replicate.
adept,scrf,7000.0,WTMEC4YR_weighted_sensitivity,attainment_difference_pp,percentage_points,6.290811044731881,4.746122862058466,7.219463367935601,300,300,Percentile CI from PSU-within-stratum design bootstrap; grouped OOF isotonic mapping and the classification metric were recomputed in each replicate.
adept,scrf,7000.0,WTMEC4YR_weighted_sensitivity,discordant_reclassification_pct,percent,10.05878520180527,9.491661295310063,10.7706517590784,300,300,Percentile CI from PSU-within-stratum design bootstrap; grouped OOF isotonic mapping and the classification metric were recomputed in each replicate.
adept,scrf,7000.0,WTMEC4YR_weighted_sensitivity,cohen_kappa,coefficient,0.6830439579092414,0.6583659234130546,0.7033862675201865,300,300,Percentile CI from PSU-within-stratum design bootstrap; grouped OOF isotonic mapping and the classification metric were recomputed in each replicate.
adept,scrf,7000.0,WTMEC4YR_weighted_sensitivity,positive_agreement,proportion,0.9374319782038584,0.93269270298524,0.9411981536920268,300,300,Percentile CI from PSU-within-stratum design bootstrap; grouped OOF isotonic mapping and the classification metric were recomputed in each replicate.
adept,scrf,7000.0,WTMEC4YR_weighted_sensitivity,negative_agreement,proportion,0.7436233582232896,0.7231511268587268,0.7631905211916141,300,300,Percentile CI from PSU-within-stratum design bootstrap; grouped OOF isotonic mapping and the classification metric were recomputed in each replicate.
adept,scrf,8000.0,unweighted_primary,observed_target_attainment_pct,percent,68.37844089752487,67.31137341252126,69.25740524778148,300,300,Percentile CI from PSU-within-stratum design bootstrap; grouped OOF isotonic mapping and the classification metric were recomputed in each replicate.
adept,scrf,8000.0,unweighted_primary,mapped_source_attainment_pct,percent,74.49687716863289,73.03145101576001,76.05475200271006,300,300,Percentile CI from PSU-within-stratum design bootstrap; grouped OOF isotonic mapping and the classification metric were recomputed in each replicate.
adept,scrf,8000.0,unweighted_primary,attainment_difference_pp,percentage_points,6.118436271108019,5.134010522105862,7.809970320398488,300,300,Percentile CI from PSU-within-stratum design bootstrap; grouped OOF isotonic mapping and the classification metric were recomputed in each replicate.
adept,scrf,8000.0,unweighted_primary,discordant_reclassification_pct,percent,12.965533194540829,12.39007257937276,13.69677237444311,300,300,Percentile CI from PSU-within-stratum design bootstrap; grouped OOF isotonic mapping and the classification metric were recomputed in each replicate.
adept,scrf,8000.0,unweighted_primary,cohen_kappa,coefficient,0.6837344048849472,0.6663593278232859,0.6979704310453677,300,300,Percentile CI from PSU-within-stratum design bootstrap; grouped OOF isotonic mapping and the classification metric were recomputed in each replicate.
adept,scrf,8000.0,unweighted_primary,positive_agreement,proportion,0.9092528130818424,0.9040200356825004,0.9139452501336128,300,300,Percentile CI from PSU-within-stratum design bootstrap; grouped OOF isotonic mapping and the classification metric were recomputed in each replicate.
adept,scrf,8000.0,unweighted_primary,negative_agreement,proportion,0.7730309779307553,0.7582103797533737,0.784040506010432,300,300,Percentile CI from PSU-within-stratum design bootstrap; grouped OOF isotonic mapping and the classification metric were recomputed in each replicate.
adept,scrf,8000.0,WTMEC4YR_weighted_sensitivity,observed_target_attainment_pct,percent,70.89566009975302,69.91293219096032,71.74513063171686,300,300,Percentile CI from PSU-within-stratum design bootstrap; grouped OOF isotonic mapping and the classification metric were recomputed in each replicate.
adept,scrf,8000.0,WTMEC4YR_weighted_sensitivity,mapped_source_attainment_pct,percent,77.50419539663744,75.8645428283526,79.31368852185506,300,300,Percentile CI from PSU-within-stratum design bootstrap; grouped OOF isotonic mapping and the classification metric were recomputed in each replicate.
adept,scrf,8000.0,WTMEC4YR_weighted_sensitivity,attainment_difference_pp,percentage_points,6.608535296884432,5.207486586300273,8.410619452583433,300,300,Percentile CI from PSU-within-stratum design bootstrap; grouped OOF isotonic mapping and the classification metric were recomputed in each replicate.
adept,scrf,8000.0,WTMEC4YR_weighted_sensitivity,discordant_reclassification_pct,percent,12.545351121868492,11.774922579730246,13.378231406476385,300,300,Percentile CI from PSU-within-stratum design bootstrap; grouped OOF isotonic mapping and the classification metric were recomputed in each replicate.
adept,scrf,8000.0,WTMEC4YR_weighted_sensitivity,cohen_kappa,coefficient,0.6741943986358363,0.6492549168893679,0.6943696919937175,300,300,Percentile CI from PSU-within-stratum design bootstrap; grouped OOF isotonic mapping and the classification metric were recomputed in each replicate.
adept,scrf,8000.0,WTMEC4YR_weighted_sensitivity,positive_agreement,proportion,0.915462511200534,0.9096793644633324,0.9208809366143648,300,300,Percentile CI from PSU-within-stratum design bootstrap; grouped OOF isotonic mapping and the classification metric were recomputed in each replicate.
adept,scrf,8000.0,WTMEC4YR_weighted_sensitivity,negative_agreement,proportion,0.7568737211386894,0.7351766516651499,0.7735332415009276,300,300,Percentile CI from PSU-within-stratum design bootstrap; grouped OOF isotonic mapping and the classification metric were recomputed in each replicate.
adept,scrf,10000.0,unweighted_primary,observed_target_attainment_pct,percent,53.7589636826278,52.64474740675752,54.86160029504605,300,300,Percentile CI from PSU-within-stratum design bootstrap; grouped OOF isotonic mapping and the classification metric were recomputed in each replicate.
adept,scrf,10000.0,unweighted_primary,mapped_source_attainment_pct,percent,59.55355077492482,58.13867181669475,61.92719783160174,300,300,Percentile CI from PSU-within-stratum design bootstrap; grouped OOF isotonic mapping and the classification metric were recomputed in each replicate.
adept,scrf,10000.0,unweighted_primary,attainment_difference_pp,percentage_points,5.7945870922970215,4.496072642801733,8.191504052866915,300,300,Percentile CI from PSU-within-stratum design bootstrap; grouped OOF isotonic mapping and the classification metric were recomputed in each replicate.
adept,scrf,10000.0,unweighted_primary,discordant_reclassification_pct,percent,18.193384223918574,17.42695401434231,18.75301735897245,300,300,Percentile CI from PSU-within-stratum design bootstrap; grouped OOF isotonic mapping and the classification metric were recomputed in each replicate.
adept,scrf,10000.0,unweighted_primary,cohen_kappa,coefficient,0.63082933389519,0.6190863338823394,0.646036394311898,300,300,Percentile CI from PSU-within-stratum design bootstrap; grouped OOF isotonic mapping and the classification metric were recomputed in each replicate.
adept,scrf,10000.0,unweighted_primary,positive_agreement,proportion,0.8394406450954374,0.8336660789706533,0.8478839750935074,300,300,Percentile CI from PSU-within-stratum design bootstrap; grouped OOF isotonic mapping and the classification metric were recomputed in each replicate.
adept,scrf,10000.0,unweighted_primary,negative_agreement,proportion,0.790126751167445,0.7801646720341102,0.7986727683448208,300,300,Percentile CI from PSU-within-stratum design bootstrap; grouped OOF isotonic mapping and the classification metric were recomputed in each replicate.
adept,scrf,10000.0,WTMEC4YR_weighted_sensitivity,observed_target_attainment_pct,percent,56.31034009325487,55.15246600743693,57.5822514719748,300,300,Percentile CI from PSU-within-stratum design bootstrap; grouped OOF isotonic mapping and the classification metric were recomputed in each replicate.
adept,scrf,10000.0,WTMEC4YR_weighted_sensitivity,mapped_source_attainment_pct,percent,62.621421702461774,61.154145519962576,65.2082435781015,300,300,Percentile CI from PSU-within-stratum design bootstrap; grouped OOF isotonic mapping and the classification metric were recomputed in each replicate.
adept,scrf,10000.0,WTMEC4YR_weighted_sensitivity,attainment_difference_pp,percentage_points,6.311081609206903,4.855021759633188,9.05006670136037,300,300,Percentile CI from PSU-within-stratum design bootstrap; grouped OOF isotonic mapping and the classification metric were recomputed in each replicate.
adept,scrf,10000.0,WTMEC4YR_weighted_sensitivity,discordant_reclassification_pct,percent,18.088651250344416,17.150825113043258,19.374857805112704,300,300,Percentile CI from PSU-within-stratum design bootstrap; grouped OOF isotonic mapping and the classification metric were recomputed in each replicate.
adept,scrf,10000.0,WTMEC4YR_weighted_sensitivity,cohen_kappa,coefficient,0.6263222809544184,0.5997126382574174,0.6449410583980411,300,300,Percentile CI from PSU-within-stratum design bootstrap; grouped OOF isotonic mapping and the classification metric were recomputed in each replicate.
adept,scrf,10000.0,WTMEC4YR_weighted_sensitivity,positive_agreement,proportion,0.8479073127545659,0.8375538442664265,0.8573724289251045,300,300,Percentile CI from PSU-within-stratum design bootstrap; grouped OOF isotonic mapping and the classification metric were recomputed in each replicate.
adept,scrf,10000.0,WTMEC4YR_weighted_sensitivity,negative_agreement,proportion,0.7768712920001675,0.7573484655073593,0.7888863282061759,300,300,Percentile CI from PSU-within-stratum design bootstrap; grouped OOF isotonic mapping and the classification metric were recomputed in each replicate.
adept,scssl,7000.0,unweighted_primary,observed_target_attainment_pct,percent,62.13277816331251,61.12787800001555,63.103229193778304,300,300,Percentile CI from PSU-within-stratum design bootstrap; grouped OOF isotonic mapping and the classification metric were recomputed in each replicate.
adept,scssl,7000.0,unweighted_primary,mapped_source_attainment_pct,percent,66.15776081424937,63.80986245056386,67.60449977429855,300,300,Percentile CI from PSU-within-stratum design bootstrap; grouped OOF isotonic mapping and the classification metric were recomputed in each replicate.
adept,scssl,7000.0,unweighted_primary,attainment_difference_pp,percentage_points,4.024982650936848,1.6918006368610228,5.024550335333252,300,300,Percentile CI from PSU-within-stratum design bootstrap; grouped OOF isotonic mapping and the classification metric were recomputed in each replicate.
adept,scssl,7000.0,unweighted_primary,discordant_reclassification_pct,percent,14.8970622253065,14.474208874104358,15.419188624727967,300,300,Percentile CI from PSU-within-stratum design bootstrap; grouped OOF isotonic mapping and the classification metric were recomputed in each replicate.
adept,scssl,7000.0,unweighted_primary,cohen_kappa,coefficient,0.6767076532397956,0.6635348249065178,0.6882870107288382,300,300,Percentile CI from PSU-within-stratum design bootstrap; grouped OOF isotonic mapping and the classification metric were recomputed in each replicate.
adept,scssl,7000.0,unweighted_primary,positive_agreement,proportion,0.8838802740714028,0.8790466716716717,0.8867740189338265,300,300,Percentile CI from PSU-within-stratum design bootstrap; grouped OOF isotonic mapping and the classification metric were recomputed in each replicate.
adept,scssl,7000.0,unweighted_primary,negative_agreement,proportion,0.792258064516129,0.780677356095128,0.8031245760405027,300,300,Percentile CI from PSU-within-stratum design bootstrap; grouped OOF isotonic mapping and the classification metric were recomputed in each replicate.
adept,scssl,7000.0,WTMEC4YR_weighted_sensitivity,observed_target_attainment_pct,percent,64.62371084842717,63.50657143892778,65.61417390409693,300,300,Percentile CI from PSU-within-stratum design bootstrap; grouped OOF isotonic mapping and the classification metric were recomputed in each replicate.
adept,scssl,7000.0,WTMEC4YR_weighted_sensitivity,mapped_source_attainment_pct,percent,68.96343797334143,66.91889919461538,70.24098704951221,300,300,Percentile CI from PSU-within-stratum design bootstrap; grouped OOF isotonic mapping and the classification metric were recomputed in each replicate.
adept,scssl,7000.0,WTMEC4YR_weighted_sensitivity,attainment_difference_pp,percentage_points,4.339727124914273,2.185442689345688,5.462389991823836,300,300,Percentile CI from PSU-within-stratum design bootstrap; grouped OOF isotonic mapping and the classification metric were recomputed in each replicate.
adept,scssl,7000.0,WTMEC4YR_weighted_sensitivity,discordant_reclassification_pct,percent,14.225824565207262,13.480191884123156,14.997551173102396,300,300,Percentile CI from PSU-within-stratum design bootstrap; grouped OOF isotonic mapping and the classification metric were recomputed in each replicate.
adept,scssl,7000.0,WTMEC4YR_weighted_sensitivity,cohen_kappa,coefficient,0.6799854702627546,0.659398848626934,0.6994070680594853,300,300,Percentile CI from PSU-within-stratum design bootstrap; grouped OOF isotonic mapping and the classification metric were recomputed in each replicate.
adept,scssl,7000.0,WTMEC4YR_weighted_sensitivity,positive_agreement,proportion,0.893509033685663,0.8873588251768211,0.8983989590417267,300,300,Percentile CI from PSU-within-stratum design bootstrap; grouped OOF isotonic mapping and the classification metric were recomputed in each replicate.
adept,scssl,7000.0,WTMEC4YR_weighted_sensitivity,negative_agreement,proportion,0.7857971113598242,0.7700472813760993,0.8016522848162311,300,300,Percentile CI from PSU-within-stratum design bootstrap; grouped OOF isotonic mapping and the classification metric were recomputed in each replicate.
adept,scssl,8000.0,unweighted_primary,observed_target_attainment_pct,percent,52.81054823039556,51.59860921348168,53.73777872455072,300,300,Percentile CI from PSU-within-stratum design bootstrap; grouped OOF isotonic mapping and the classification metric were recomputed in each replicate.
adept,scssl,8000.0,unweighted_primary,mapped_source_attainment_pct,percent,55.378209576682856,53.61225274641639,57.35523810942776,300,300,Percentile CI from PSU-within-stratum design bootstrap; grouped OOF isotonic mapping and the classification metric were recomputed in each replicate.
adept,scssl,8000.0,unweighted_primary,attainment_difference_pp,percentage_points,2.5676613462872977,1.318188636517594,3.990481463258724,300,300,Percentile CI from PSU-within-stratum design bootstrap; grouped OOF isotonic mapping and the classification metric were recomputed in each replicate.
adept,scssl,8000.0,unweighted_primary,discordant_reclassification_pct,percent,16.28498727735369,15.81541534128077,17.034801385263307,300,300,Percentile CI from PSU-within-stratum design bootstrap; grouped OOF isotonic mapping and the classification metric were recomputed in each replicate.
adept,scssl,8000.0,unweighted_primary,cohen_kappa,coefficient,0.6723190011011376,0.6568900804025346,0.6820457248715441,300,300,Percentile CI from PSU-within-stratum design bootstrap; grouped OOF isotonic mapping and the classification metric were recomputed in each replicate.
adept,scssl,8000.0,unweighted_primary,positive_agreement,proportion,0.8494761599315801,0.8408457814826483,0.8554658445424914,300,300,Percentile CI from PSU-within-stratum design bootstrap; grouped OOF isotonic mapping and the classification metric were recomputed in each replicate.
adept,scssl,8000.0,unweighted_primary,negative_agreement,proportion,0.8226253464348703,0.8132037573647345,0.8282283484855103,300,300,Percentile CI from PSU-within-stratum design bootstrap; grouped OOF isotonic mapping and the classification metric were recomputed in each replicate.
adept,scssl,8000.0,WTMEC4YR_weighted_sensitivity,observed_target_attainment_pct,percent,55.40049692293867,54.33949253531537,56.30662695001249,300,300,Percentile CI from PSU-within-stratum design bootstrap; grouped OOF isotonic mapping and the classification metric were recomputed in each replicate.
adept,scssl,8000.0,WTMEC4YR_weighted_sensitivity,mapped_source_attainment_pct,percent,58.50498799279943,56.87661948623795,60.094055965955995,300,300,Percentile CI from PSU-within-stratum design bootstrap; grouped OOF isotonic mapping and the classification metric were recomputed in each replicate.
adept,scssl,8000.0,WTMEC4YR_weighted_sensitivity,attainment_difference_pp,percentage_points,3.1044910698607597,1.8807788447559008,4.660757182740699,300,300,Percentile CI from PSU-within-stratum design bootstrap; grouped OOF isotonic mapping and the classification metric were recomputed in each replicate.
adept,scssl,8000.0,WTMEC4YR_weighted_sensitivity,discordant_reclassification_pct,percent,15.940216006160798,15.224315395488384,16.86991845595126,300,300,Percentile CI from PSU-within-stratum design bootstrap; grouped OOF isotonic mapping and the classification metric were recomputed in each replicate.
adept,scssl,8000.0,WTMEC4YR_weighted_sensitivity,cohen_kappa,coefficient,0.6752288331120153,0.6573051687435867,0.6889243337827976,300,300,Percentile CI from PSU-within-stratum design bootstrap; grouped OOF isotonic mapping and the classification metric were recomputed in each replicate.
adept,scssl,8000.0,WTMEC4YR_weighted_sensitivity,positive_agreement,proportion,0.8600575203384402,0.8503691403681416,0.8679274598619771,300,300,Percentile CI from PSU-within-stratum design bootstrap; grouped OOF isotonic mapping and the classification metric were recomputed in each replicate.
adept,scssl,8000.0,WTMEC4YR_weighted_sensitivity,negative_agreement,proportion,0.8148521309335457,0.8040883534734756,0.821964720639509,300,300,Percentile CI from PSU-within-stratum design bootstrap; grouped OOF isotonic mapping and the classification metric were recomputed in each replicate.
adept,scssl,10000.0,unweighted_primary,observed_target_attainment_pct,percent,35.04510756419153,33.88214930770203,35.98673116318163,300,300,Percentile CI from PSU-within-stratum design bootstrap; grouped OOF isotonic mapping and the classification metric were recomputed in each replicate.
adept,scssl,10000.0,unweighted_primary,mapped_source_attainment_pct,percent,33.76127689104788,31.757505032793222,36.783592506177634,300,300,Percentile CI from PSU-within-stratum design bootstrap; grouped OOF isotonic mapping and the classification metric were recomputed in each replicate.
adept,scssl,10000.0,unweighted_primary,attainment_difference_pp,percentage_points,-1.2838306731436544,-2.9899104477611935,1.5047012586744648,300,300,Percentile CI from PSU-within-stratum design bootstrap; grouped OOF isotonic mapping and the classification metric were recomputed in each replicate.
adept,scssl,10000.0,unweighted_primary,discordant_reclassification_pct,percent,16.689798750867453,16.120051032782683,17.278482265306454,300,300,Percentile CI from PSU-within-stratum design bootstrap; grouped OOF isotonic mapping and the classification metric were recomputed in each replicate.
adept,scssl,10000.0,unweighted_primary,cohen_kappa,coefficient,0.6302907071949511,0.6163406017927289,0.6428068679698804,300,300,Percentile CI from PSU-within-stratum design bootstrap; grouped OOF isotonic mapping and the classification metric were recomputed in each replicate.
adept,scssl,10000.0,unweighted_primary,positive_agreement,proportion,0.7574382249117498,0.7449630432918054,0.76898536151906,300,300,Percentile CI from PSU-within-stratum design bootstrap; grouped OOF isotonic mapping and the classification metric were recomputed in each replicate.
adept,scssl,10000.0,unweighted_primary,negative_agreement,proportion,0.8727849775191748,0.8664299519079328,0.8788310653512221,300,300,Percentile CI from PSU-within-stratum design bootstrap; grouped OOF isotonic mapping and the classification metric were recomputed in each replicate.
adept,scssl,10000.0,WTMEC4YR_weighted_sensitivity,observed_target_attainment_pct,percent,36.30783234769952,35.10723786089842,37.25055361446744,300,300,Percentile CI from PSU-within-stratum design bootstrap; grouped OOF isotonic mapping and the classification metric were recomputed in each replicate.
adept,scssl,10000.0,WTMEC4YR_weighted_sensitivity,mapped_source_attainment_pct,percent,36.49175767982719,33.93625444762899,39.63176509007689,300,300,Percentile CI from PSU-within-stratum design bootstrap; grouped OOF isotonic mapping and the classification metric were recomputed in each replicate.
adept,scssl,10000.0,WTMEC4YR_weighted_sensitivity,attainment_difference_pp,percentage_points,0.1839253321276601,-2.0023848966603404,3.235805770136056,300,300,Percentile CI from PSU-within-stratum design bootstrap; grouped OOF isotonic mapping and the classification metric were recomputed in each replicate.
adept,scssl,10000.0,WTMEC4YR_weighted_sensitivity,discordant_reclassification_pct,percent,17.033030577554122,16.346727412506894,18.021053283665196,300,300,Percentile CI from PSU-within-stratum design bootstrap; grouped OOF isotonic mapping and the classification metric were recomputed in each replicate.
adept,scssl,10000.0,WTMEC4YR_weighted_sensitivity,cohen_kappa,coefficient,0.6321227845511755,0.6129790830765107,0.6469651644356189,300,300,Percentile CI from PSU-within-stratum design bootstrap; grouped OOF isotonic mapping and the classification metric were recomputed in each replicate.
adept,scssl,10000.0,WTMEC4YR_weighted_sensitivity,positive_agreement,proportion,0.7660284821506047,0.751523555082017,0.7781864384654639,300,300,Percentile CI from PSU-within-stratum design bootstrap; grouped OOF isotonic mapping and the classification metric were recomputed in each replicate.
adept,scssl,10000.0,WTMEC4YR_weighted_sensitivity,negative_agreement,proportion,0.8660929584956515,0.856716757731173,0.873331664351454,300,300,Percentile CI from PSU-within-stratum design bootstrap; grouped OOF isotonic mapping and the classification metric were recomputed in each replicate.
adept,vs,7000.0,unweighted_primary,observed_target_attainment_pct,percent,68.58662965533195,67.66499673025642,69.38805623420735,300,300,Percentile CI from PSU-within-stratum design bootstrap; grouped OOF isotonic mapping and the classification metric were recomputed in each replicate.
adept,vs,7000.0,unweighted_primary,mapped_source_attainment_pct,percent,74.55470737913485,73.28448718765682,75.69241424831583,300,300,Percentile CI from PSU-within-stratum design bootstrap; grouped OOF isotonic mapping and the classification metric were recomputed in each replicate.
adept,vs,7000.0,unweighted_primary,attainment_difference_pp,percentage_points,5.968077723802912,5.16287411936298,6.855337589072021,300,300,Percentile CI from PSU-within-stratum design bootstrap; grouped OOF isotonic mapping and the classification metric were recomputed in each replicate.
adept,vs,7000.0,unweighted_primary,discordant_reclassification_pct,percent,13.60166551006246,13.062215203045996,14.252242770940246,300,300,Percentile CI from PSU-within-stratum design bootstrap; grouped OOF isotonic mapping and the classification metric were recomputed in each replicate.
adept,vs,7000.0,unweighted_primary,cohen_kappa,coefficient,0.6672148664879017,0.6520822412624088,0.678328430528892,300,300,Percentile CI from PSU-within-stratum design bootstrap; grouped OOF isotonic mapping and the classification metric were recomputed in each replicate.
adept,vs,7000.0,unweighted_primary,positive_agreement,proportion,0.9049773755656108,0.8997461617315637,0.9092570868800692,300,300,Percentile CI from PSU-within-stratum design bootstrap; grouped OOF isotonic mapping and the classification metric were recomputed in each replicate.
adept,vs,7000.0,unweighted_primary,negative_agreement,proportion,0.7607811228641171,0.7488904320855013,0.7697530650045571,300,300,Percentile CI from PSU-within-stratum design bootstrap; grouped OOF isotonic mapping and the classification metric were recomputed in each replicate.
adept,vs,7000.0,WTMEC4YR_weighted_sensitivity,observed_target_attainment_pct,percent,70.72319292261237,69.90559351280028,71.51314460984135,300,300,Percentile CI from PSU-within-stratum design bootstrap; grouped OOF isotonic mapping and the classification metric were recomputed in each replicate.
adept,vs,7000.0,WTMEC4YR_weighted_sensitivity,mapped_source_attainment_pct,percent,77.54429554887878,76.20858802175896,78.65181463993277,300,300,Percentile CI from PSU-within-stratum design bootstrap; grouped OOF isotonic mapping and the classification metric were recomputed in each replicate.
adept,vs,7000.0,WTMEC4YR_weighted_sensitivity,attainment_difference_pp,percentage_points,6.821102626266418,5.869153265136071,7.742953477979659,300,300,Percentile CI from PSU-within-stratum design bootstrap; grouped OOF isotonic mapping and the classification metric were recomputed in each replicate.
adept,vs,7000.0,WTMEC4YR_weighted_sensitivity,discordant_reclassification_pct,percent,13.376214497122882,12.786412641210232,14.21245639539132,300,300,Percentile CI from PSU-within-stratum design bootstrap; grouped OOF isotonic mapping and the classification metric were recomputed in each replicate.
adept,vs,7000.0,WTMEC4YR_weighted_sensitivity,cohen_kappa,coefficient,0.653321211663298,0.6294151828305659,0.6714981107413601,300,300,Percentile CI from PSU-within-stratum design bootstrap; grouped OOF isotonic mapping and the classification metric were recomputed in each replicate.
adept,vs,7000.0,WTMEC4YR_weighted_sensitivity,positive_agreement,proportion,0.909783226012526,0.9040993151894744,0.9138211911710764,300,300,Percentile CI from PSU-within-stratum design bootstrap; grouped OOF isotonic mapping and the classification metric were recomputed in each replicate.
adept,vs,7000.0,WTMEC4YR_weighted_sensitivity,negative_agreement,proportion,0.741435045353414,0.7219038704777994,0.7568239495546026,300,300,Percentile CI from PSU-within-stratum design bootstrap; grouped OOF isotonic mapping and the classification metric were recomputed in each replicate.
adept,vs,8000.0,unweighted_primary,observed_target_attainment_pct,percent,58.74392782789729,57.51066872551518,59.77673495990216,300,300,Percentile CI from PSU-within-stratum design bootstrap; grouped OOF isotonic mapping and the classification metric were recomputed in each replicate.
adept,vs,8000.0,unweighted_primary,mapped_source_attainment_pct,percent,66.12306268794819,62.51748497148183,66.80286539559812,300,300,Percentile CI from PSU-within-stratum design bootstrap; grouped OOF isotonic mapping and the classification metric were recomputed in each replicate.
adept,vs,8000.0,unweighted_primary,attainment_difference_pp,percentage_points,7.379134860050895,4.1473262690394055,7.936051628904045,300,300,Percentile CI from PSU-within-stratum design bootstrap; grouped OOF isotonic mapping and the classification metric were recomputed in each replicate.
adept,vs,8000.0,unweighted_primary,discordant_reclassification_pct,percent,17.025213971778857,16.526259632737776,17.754463090894674,300,300,Percentile CI from PSU-within-stratum design bootstrap; grouped OOF isotonic mapping and the classification metric were recomputed in each replicate.
adept,vs,8000.0,unweighted_primary,cohen_kappa,coefficient,0.6391466369974934,0.6259853129156503,0.6518064537427366,300,300,Percentile CI from PSU-within-stratum design bootstrap; grouped OOF isotonic mapping and the classification metric were recomputed in each replicate.
adept,vs,8000.0,unweighted_primary,positive_agreement,proportion,0.8636532048907003,0.855027737990683,0.8683079587244226,300,300,Percentile CI from PSU-within-stratum design bootstrap; grouped OOF isotonic mapping and the classification metric were recomputed in each replicate.
adept,vs,8000.0,unweighted_primary,negative_agreement,proportion,0.7733990147783252,0.766394269630823,0.7877738200770575,300,300,Percentile CI from PSU-within-stratum design bootstrap; grouped OOF isotonic mapping and the classification metric were recomputed in each replicate.
adept,vs,8000.0,WTMEC4YR_weighted_sensitivity,observed_target_attainment_pct,percent,60.29697333925708,59.19588029743519,61.335595892844125,300,300,Percentile CI from PSU-within-stratum design bootstrap; grouped OOF isotonic mapping and the classification metric were recomputed in each replicate.
adept,vs,8000.0,WTMEC4YR_weighted_sensitivity,mapped_source_attainment_pct,percent,68.93568083420291,65.56522970447782,69.83383882300166,300,300,Percentile CI from PSU-within-stratum design bootstrap; grouped OOF isotonic mapping and the classification metric were recomputed in each replicate.
adept,vs,8000.0,WTMEC4YR_weighted_sensitivity,attainment_difference_pp,percentage_points,8.63870749494583,5.377972717127911,9.559968778988116,300,300,Percentile CI from PSU-within-stratum design bootstrap; grouped OOF isotonic mapping and the classification metric were recomputed in each replicate.
adept,vs,8000.0,WTMEC4YR_weighted_sensitivity,discordant_reclassification_pct,percent,17.21451253938143,16.51889495272984,18.337179599514133,300,300,Percentile CI from PSU-within-stratum design bootstrap; grouped OOF isotonic mapping and the classification metric were recomputed in each replicate.
adept,vs,8000.0,WTMEC4YR_weighted_sensitivity,cohen_kappa,coefficient,0.6265864496112484,0.6050262770712199,0.6418236505334711,300,300,Percentile CI from PSU-within-stratum design bootstrap; grouped OOF isotonic mapping and the classification metric were recomputed in each replicate.
adept,vs,8000.0,WTMEC4YR_weighted_sensitivity,positive_agreement,proportion,0.8667944054118428,0.8561686852361481,0.8723304446389716,300,300,Percentile CI from PSU-within-stratum design bootstrap; grouped OOF isotonic mapping and the classification metric were recomputed in each replicate.
adept,vs,8000.0,WTMEC4YR_weighted_sensitivity,negative_agreement,proportion,0.7567449741357201,0.743905669847061,0.7717845643388027,300,300,Percentile CI from PSU-within-stratum design bootstrap; grouped OOF isotonic mapping and the classification metric were recomputed in each replicate.
adept,vs,10000.0,unweighted_primary,observed_target_attainment_pct,percent,39.28984501503586,38.10149177247623,40.41448668759446,300,300,Percentile CI from PSU-within-stratum design bootstrap; grouped OOF isotonic mapping and the classification metric were recomputed in each replicate.
adept,vs,10000.0,unweighted_primary,mapped_source_attainment_pct,percent,42.25075179273652,40.19518769641698,45.16079301795111,300,300,Percentile CI from PSU-within-stratum design bootstrap; grouped OOF isotonic mapping and the classification metric were recomputed in each replicate.
adept,vs,10000.0,unweighted_primary,attainment_difference_pp,percentage_points,2.960906777700667,1.5621403658157158,5.570069483573708,300,300,Percentile CI from PSU-within-stratum design bootstrap; grouped OOF isotonic mapping and the classification metric were recomputed in each replicate.
adept,vs,10000.0,unweighted_primary,discordant_reclassification_pct,percent,20.30996992829054,19.595073710112302,21.14849889747283,300,300,Percentile CI from PSU-within-stratum design bootstrap; grouped OOF isotonic mapping and the classification metric were recomputed in each replicate.
adept,vs,10000.0,unweighted_primary,cohen_kappa,coefficient,0.5798524333944786,0.5627539462154306,0.5957018337877095,300,300,Percentile CI from PSU-within-stratum design bootstrap; grouped OOF isotonic mapping and the classification metric were recomputed in each replicate.
adept,vs,10000.0,unweighted_primary,positive_agreement,proportion,0.7509219858156029,0.73787167437285,0.761756262080932,300,300,Percentile CI from PSU-within-stratum design bootstrap; grouped OOF isotonic mapping and the classification metric were recomputed in each replicate.
adept,vs,10000.0,unweighted_primary,negative_agreement,proportion,0.8285491115016599,0.8176141269505547,0.8362430600044597,300,300,Percentile CI from PSU-within-stratum design bootstrap; grouped OOF isotonic mapping and the classification metric were recomputed in each replicate.
adept,vs,10000.0,WTMEC4YR_weighted_sensitivity,observed_target_attainment_pct,percent,39.62514592793925,38.573682292055594,40.699933075404246,300,300,Percentile CI from PSU-within-stratum design bootstrap; grouped OOF isotonic mapping and the classification metric were recomputed in each replicate.
adept,vs,10000.0,WTMEC4YR_weighted_sensitivity,mapped_source_attainment_pct,percent,45.201524815668165,43.42852892902272,48.39135831304814,300,300,Percentile CI from PSU-within-stratum design bootstrap; grouped OOF isotonic mapping and the classification metric were recomputed in each replicate.
adept,vs,10000.0,WTMEC4YR_weighted_sensitivity,attainment_difference_pp,percentage_points,5.576378887728916,4.103320692719182,8.703443925092541,300,300,Percentile CI from PSU-within-stratum design bootstrap; grouped OOF isotonic mapping and the classification metric were recomputed in each replicate.
adept,vs,10000.0,WTMEC4YR_weighted_sensitivity,discordant_reclassification_pct,percent,21.006098655598013,20.07999062237284,22.428030187378393,300,300,Percentile CI from PSU-within-stratum design bootstrap; grouped OOF isotonic mapping and the classification metric were recomputed in each replicate.
adept,vs,10000.0,WTMEC4YR_weighted_sensitivity,cohen_kappa,coefficient,0.5713419919735595,0.5456945445912821,0.5899337230696353,300,300,Percentile CI from PSU-within-stratum design bootstrap; grouped OOF isotonic mapping and the classification metric were recomputed in each replicate.
adept,vs,10000.0,WTMEC4YR_weighted_sensitivity,positive_agreement,proportion,0.752364457175386,0.7385434310964349,0.7643643102856303,300,300,Percentile CI from PSU-within-stratum design bootstrap; grouped OOF isotonic mapping and the classification metric were recomputed in each replicate.
adept,vs,10000.0,WTMEC4YR_weighted_sensitivity,negative_agreement,proportion,0.817613167985833,0.8000609877138246,0.8278917531515819,300,300,Percentile CI from PSU-within-stratum design bootstrap; grouped OOF isotonic mapping and the classification metric were recomputed in each replicate.
adept,vsrev,7000.0,unweighted_primary,observed_target_attainment_pct,percent,59.900532037936614,58.72569837053813,60.88825624004186,300,300,Percentile CI from PSU-within-stratum design bootstrap; grouped OOF isotonic mapping and the classification metric were recomputed in each replicate.
adept,vsrev,7000.0,unweighted_primary,mapped_source_attainment_pct,percent,67.01364792967847,65.82793434101269,68.72202967691216,300,300,Percentile CI from PSU-within-stratum design bootstrap; grouped OOF isotonic mapping and the classification metric were recomputed in each replicate.
adept,vsrev,7000.0,unweighted_primary,attainment_difference_pp,percentage_points,7.113115891741851,5.999561148005745,8.775828529727072,300,300,Percentile CI from PSU-within-stratum design bootstrap; grouped OOF isotonic mapping and the classification metric were recomputed in each replicate.
adept,vsrev,7000.0,unweighted_primary,discordant_reclassification_pct,percent,16.689798750867453,15.917757605974955,17.37121461207923,300,300,Percentile CI from PSU-within-stratum design bootstrap; grouped OOF isotonic mapping and the classification metric were recomputed in each replicate.
adept,vsrev,7000.0,unweighted_primary,cohen_kappa,coefficient,0.642088803741639,0.6264536324605325,0.6580663443895547,300,300,Percentile CI from PSU-within-stratum design bootstrap; grouped OOF isotonic mapping and the classification metric were recomputed in each replicate.
adept,vsrev,7000.0,unweighted_primary,positive_agreement,proportion,0.8684953977945867,0.8626147792738709,0.8750932378629279,300,300,Percentile CI from PSU-within-stratum design bootstrap; grouped OOF isotonic mapping and the classification metric were recomputed in each replicate.
adept,vsrev,7000.0,unweighted_primary,negative_agreement,proportion,0.7716410824497547,0.7594035722780988,0.7834318969002859,300,300,Percentile CI from PSU-within-stratum design bootstrap; grouped OOF isotonic mapping and the classification metric were recomputed in each replicate.
adept,vsrev,7000.0,WTMEC4YR_weighted_sensitivity,observed_target_attainment_pct,percent,62.40355686108578,61.37241350048272,63.34047599772472,300,300,Percentile CI from PSU-within-stratum design bootstrap; grouped OOF isotonic mapping and the classification metric were recomputed in each replicate.
adept,vsrev,7000.0,WTMEC4YR_weighted_sensitivity,mapped_source_attainment_pct,percent,69.83895865624,68.60071657947795,71.61173841442674,300,300,Percentile CI from PSU-within-stratum design bootstrap; grouped OOF isotonic mapping and the classification metric were recomputed in each replicate.
adept,vsrev,7000.0,WTMEC4YR_weighted_sensitivity,attainment_difference_pp,percentage_points,7.435401795154217,6.279720267650223,9.46017304207358,300,300,Percentile CI from PSU-within-stratum design bootstrap; grouped OOF isotonic mapping and the classification metric were recomputed in each replicate.
adept,vsrev,7000.0,WTMEC4YR_weighted_sensitivity,discordant_reclassification_pct,percent,16.371856739361455,15.477348076319172,17.564180066348687,300,300,Percentile CI from PSU-within-stratum design bootstrap; grouped OOF isotonic mapping and the classification metric were recomputed in each replicate.
adept,vsrev,7000.0,WTMEC4YR_weighted_sensitivity,cohen_kappa,coefficient,0.6368147354919846,0.6093101581456681,0.6572108828587031,300,300,Percentile CI from PSU-within-stratum design bootstrap; grouped OOF isotonic mapping and the classification metric were recomputed in each replicate.
adept,vsrev,7000.0,WTMEC4YR_weighted_sensitivity,positive_agreement,proportion,0.876198235678476,0.8674091060764628,0.8826984228032602,300,300,Percentile CI from PSU-within-stratum design bootstrap; grouped OOF isotonic mapping and the classification metric were recomputed in each replicate.
adept,vsrev,7000.0,WTMEC4YR_weighted_sensitivity,negative_agreement,proportion,0.7583756707563754,0.7373142781065778,0.7722812939717394,300,300,Percentile CI from PSU-within-stratum design bootstrap; grouped OOF isotonic mapping and the classification metric were recomputed in each replicate.
adept,vsrev,8000.0,unweighted_primary,observed_target_attainment_pct,percent,51.3763590099468,50.200312918192054,52.50989656420521,300,300,Percentile CI from PSU-within-stratum design bootstrap; grouped OOF isotonic mapping and the classification metric were recomputed in each replicate.
adept,vsrev,8000.0,unweighted_primary,mapped_source_attainment_pct,percent,58.616701364792966,55.646808700180905,60.2201203054429,300,300,Percentile CI from PSU-within-stratum design bootstrap; grouped OOF isotonic mapping and the classification metric were recomputed in each replicate.
adept,vsrev,8000.0,unweighted_primary,attainment_difference_pp,percentage_points,7.240342354846174,4.476360895220762,8.951846036272572,300,300,Percentile CI from PSU-within-stratum design bootstrap; grouped OOF isotonic mapping and the classification metric were recomputed in each replicate.
adept,vsrev,8000.0,unweighted_primary,discordant_reclassification_pct,percent,19.66227157066852,18.827888643934777,20.158090270735,300,300,Percentile CI from PSU-within-stratum design bootstrap; grouped OOF isotonic mapping and the classification metric were recomputed in each replicate.
adept,vsrev,8000.0,unweighted_primary,cohen_kappa,coefficient,0.604880171555695,0.5951576675869462,0.6211768930760859,300,300,Percentile CI from PSU-within-stratum design bootstrap; grouped OOF isotonic mapping and the classification metric were recomputed in each replicate.
adept,vsrev,8000.0,unweighted_primary,positive_agreement,proportion,0.8212407991587802,0.8126880539420263,0.830266796758472,300,300,Percentile CI from PSU-within-stratum design bootstrap; grouped OOF isotonic mapping and the classification metric were recomputed in each replicate.
adept,vsrev,8000.0,unweighted_primary,negative_agreement,proportion,0.7815471601130815,0.7753991334554965,0.7948867049196656,300,300,Percentile CI from PSU-within-stratum design bootstrap; grouped OOF isotonic mapping and the classification metric were recomputed in each replicate.
adept,vsrev,8000.0,WTMEC4YR_weighted_sensitivity,observed_target_attainment_pct,percent,53.33706868189915,52.20903438071168,54.385002446841035,300,300,Percentile CI from PSU-within-stratum design bootstrap; grouped OOF isotonic mapping and the classification metric were recomputed in each replicate.
adept,vsrev,8000.0,WTMEC4YR_weighted_sensitivity,mapped_source_attainment_pct,percent,61.87745708477572,58.820760551488625,63.3956124304386,300,300,Percentile CI from PSU-within-stratum design bootstrap; grouped OOF isotonic mapping and the classification metric were recomputed in each replicate.
adept,vsrev,8000.0,WTMEC4YR_weighted_sensitivity,attainment_difference_pp,percentage_points,8.540388402876575,5.473278037038758,10.084388400006564,300,300,Percentile CI from PSU-within-stratum design bootstrap; grouped OOF isotonic mapping and the classification metric were recomputed in each replicate.
adept,vsrev,8000.0,WTMEC4YR_weighted_sensitivity,discordant_reclassification_pct,percent,20.145308353083543,18.94136211204497,20.896743842667668,300,300,Percentile CI from PSU-within-stratum design bootstrap; grouped OOF isotonic mapping and the classification metric were recomputed in each replicate.
adept,vsrev,8000.0,WTMEC4YR_weighted_sensitivity,cohen_kappa,coefficient,0.5906031088715537,0.5772470510686333,0.6144973168775894,300,300,Percentile CI from PSU-within-stratum design bootstrap; grouped OOF isotonic mapping and the classification metric were recomputed in each replicate.
adept,vsrev,8000.0,WTMEC4YR_weighted_sensitivity,positive_agreement,proportion,0.8251495788484123,0.81567014800794,0.8350913555009908,300,300,Percentile CI from PSU-within-stratum design bootstrap; grouped OOF isotonic mapping and the classification metric were recomputed in each replicate.
adept,vsrev,8000.0,WTMEC4YR_weighted_sensitivity,negative_agreement,proportion,0.762396701377824,0.7544327516641886,0.7803386884273851,300,300,Percentile CI from PSU-within-stratum design bootstrap; grouped OOF isotonic mapping and the classification metric were recomputed in each replicate.
adept,vsrev,10000.0,unweighted_primary,observed_target_attainment_pct,percent,34.605597964376585,33.42330005652741,35.6798181701706,300,300,Percentile CI from PSU-within-stratum design bootstrap; grouped OOF isotonic mapping and the classification metric were recomputed in each replicate.
adept,vsrev,10000.0,unweighted_primary,mapped_source_attainment_pct,percent,38.02914642609299,35.80909220558589,40.0047335110292,300,300,Percentile CI from PSU-within-stratum design bootstrap; grouped OOF isotonic mapping and the classification metric were recomputed in each replicate.
adept,vsrev,10000.0,unweighted_primary,attainment_difference_pp,percentage_points,3.4235484617164023,1.5004482758620716,5.379207724104461,300,300,Percentile CI from PSU-within-stratum design bootstrap; grouped OOF isotonic mapping and the classification metric were recomputed in each replicate.
adept,vsrev,10000.0,unweighted_primary,discordant_reclassification_pct,percent,20.911404117510987,20.031426691032124,21.554725880872265,300,300,Percentile CI from PSU-within-stratum design bootstrap; grouped OOF isotonic mapping and the classification metric were recomputed in each replicate.
adept,vsrev,10000.0,unweighted_primary,cohen_kappa,coefficient,0.5484894236781503,0.5343090513560689,0.5671187179576286,300,300,Percentile CI from PSU-within-stratum design bootstrap; grouped OOF isotonic mapping and the classification metric were recomputed in each replicate.
adept,vsrev,10000.0,unweighted_primary,positive_agreement,proportion,0.7121019108280254,0.6987160472606647,0.7245230880795764,300,300,Percentile CI from PSU-within-stratum design bootstrap; grouped OOF isotonic mapping and the classification metric were recomputed in each replicate.
adept,vsrev,10000.0,unweighted_primary,negative_agreement,proportion,0.8358154740283328,0.8288243529789784,0.8448956419671143,300,300,Percentile CI from PSU-within-stratum design bootstrap; grouped OOF isotonic mapping and the classification metric were recomputed in each replicate.
adept,vsrev,10000.0,WTMEC4YR_weighted_sensitivity,observed_target_attainment_pct,percent,35.26419613458567,34.05812760510733,36.345949318873025,300,300,Percentile CI from PSU-within-stratum design bootstrap; grouped OOF isotonic mapping and the classification metric were recomputed in each replicate.
adept,vsrev,10000.0,WTMEC4YR_weighted_sensitivity,mapped_source_attainment_pct,percent,40.74870775616251,38.490703671970635,42.81883830100416,300,300,Percentile CI from PSU-within-stratum design bootstrap; grouped OOF isotonic mapping and the classification metric were recomputed in each replicate.
adept,vsrev,10000.0,WTMEC4YR_weighted_sensitivity,attainment_difference_pp,percentage_points,5.484511621576843,3.215724128310911,7.48373111381951,300,300,Percentile CI from PSU-within-stratum design bootstrap; grouped OOF isotonic mapping and the classification metric were recomputed in each replicate.
adept,vsrev,10000.0,WTMEC4YR_weighted_sensitivity,discordant_reclassification_pct,percent,22.224259975062463,21.08017354171133,23.025417187156073,300,300,Percentile CI from PSU-within-stratum design bootstrap; grouped OOF isotonic mapping and the classification metric were recomputed in each replicate.
adept,vsrev,10000.0,WTMEC4YR_weighted_sensitivity,cohen_kappa,coefficient,0.5298790629236664,0.5096828015484979,0.5521263301805085,300,300,Percentile CI from PSU-within-stratum design bootstrap; grouped OOF isotonic mapping and the classification metric were recomputed in each replicate.
adept,vsrev,10000.0,WTMEC4YR_weighted_sensitivity,positive_agreement,proportion,0.7076251683923963,0.6916970849859849,0.7215490451838533,300,300,Percentile CI from PSU-within-stratum design bootstrap; grouped OOF isotonic mapping and the classification metric were recomputed in each replicate.
adept,vsrev,10000.0,WTMEC4YR_weighted_sensitivity,negative_agreement,proportion,0.8207534439271047,0.8122920457750378,0.8312778266639418,300,300,Percentile CI from PSU-within-stratum design bootstrap; grouped OOF isotonic mapping and the classification metric were recomputed in each replicate.
oak,acti,7000.0,unweighted_primary,observed_target_attainment_pct,percent,88.11010872079575,87.4748649376959,88.68003991228,300,300,Percentile CI from PSU-within-stratum design bootstrap; grouped OOF isotonic mapping and the classification metric were recomputed in each replicate.
oak,acti,7000.0,unweighted_primary,mapped_source_attainment_pct,percent,88.83876937312051,87.93280613356448,89.43341473398237,300,300,Percentile CI from PSU-within-stratum design bootstrap; grouped OOF isotonic mapping and the classification metric were recomputed in each replicate.
oak,acti,7000.0,unweighted_primary,attainment_difference_pp,percentage_points,0.7286606523247752,0.2647518192109177,1.0603598959674452,300,300,Percentile CI from PSU-within-stratum design bootstrap; grouped OOF isotonic mapping and the classification metric were recomputed in each replicate.
oak,acti,7000.0,unweighted_primary,discordant_reclassification_pct,percent,4.2216053666435345,3.8122653235707498,4.504946503731156,300,300,Percentile CI from PSU-within-stratum design bootstrap; grouped OOF isotonic mapping and the classification metric were recomputed in each replicate.
oak,acti,7000.0,unweighted_primary,cohen_kappa,coefficient,0.7930281795538372,0.7789478781974878,0.8117144967926442,300,300,Percentile CI from PSU-within-stratum design bootstrap; grouped OOF isotonic mapping and the classification metric were recomputed in each replicate.
oak,acti,7000.0,unweighted_primary,positive_agreement,proportion,0.9761422315183998,0.974454518246137,0.9784940530944404,300,300,Percentile CI from PSU-within-stratum design bootstrap; grouped OOF isotonic mapping and the classification metric were recomputed in each replicate.
oak,acti,7000.0,unweighted_primary,negative_agreement,proportion,0.81685900652283,0.8041678935936059,0.8337020738273901,300,300,Percentile CI from PSU-within-stratum design bootstrap; grouped OOF isotonic mapping and the classification metric were recomputed in each replicate.
oak,acti,7000.0,WTMEC4YR_weighted_sensitivity,observed_target_attainment_pct,percent,89.46378588203736,88.85393293798258,90.1208112158426,300,300,Percentile CI from PSU-within-stratum design bootstrap; grouped OOF isotonic mapping and the classification metric were recomputed in each replicate.
oak,acti,7000.0,WTMEC4YR_weighted_sensitivity,mapped_source_attainment_pct,percent,90.89304640491362,90.09644884346442,91.440875026362,300,300,Percentile CI from PSU-within-stratum design bootstrap; grouped OOF isotonic mapping and the classification metric were recomputed in each replicate.
oak,acti,7000.0,WTMEC4YR_weighted_sensitivity,attainment_difference_pp,percentage_points,1.4292605228762634,0.9097144730064166,1.812466825828169,300,300,Percentile CI from PSU-within-stratum design bootstrap; grouped OOF isotonic mapping and the classification metric were recomputed in each replicate.
oak,acti,7000.0,WTMEC4YR_weighted_sensitivity,discordant_reclassification_pct,percent,4.2632557905706,3.762809635148847,4.5543070159018235,300,300,Percentile CI from PSU-within-stratum design bootstrap; grouped OOF isotonic mapping and the classification metric were recomputed in each replicate.
oak,acti,7000.0,WTMEC4YR_weighted_sensitivity,cohen_kappa,coefficient,0.759465753639768,0.7389330852856223,0.793154735865492,300,300,Percentile CI from PSU-within-stratum design bootstrap; grouped OOF isotonic mapping and the classification metric were recomputed in each replicate.
oak,acti,7000.0,WTMEC4YR_weighted_sensitivity,positive_agreement,proportion,0.9763621054078636,0.974787923078216,0.9791544287625782,300,300,Percentile CI from PSU-within-stratum design bootstrap; grouped OOF isotonic mapping and the classification metric were recomputed in each replicate.
oak,acti,7000.0,WTMEC4YR_weighted_sensitivity,negative_agreement,proportion,0.7829649548968362,0.7637008624388404,0.8139903797509095,300,300,Percentile CI from PSU-within-stratum design bootstrap; grouped OOF isotonic mapping and the classification metric were recomputed in each replicate.
oak,acti,8000.0,unweighted_primary,observed_target_attainment_pct,percent,82.65093684941013,81.84912972558652,83.36384855540018,300,300,Percentile CI from PSU-within-stratum design bootstrap; grouped OOF isotonic mapping and the classification metric were recomputed in each replicate.
oak,acti,8000.0,unweighted_primary,mapped_source_attainment_pct,percent,83.77284293314827,82.79087551227198,84.58465967355427,300,300,Percentile CI from PSU-within-stratum design bootstrap; grouped OOF isotonic mapping and the classification metric were recomputed in each replicate.
oak,acti,8000.0,unweighted_primary,attainment_difference_pp,percentage_points,1.1219060837381445,0.6244910127832557,1.5464662742721955,300,300,Percentile CI from PSU-within-stratum design bootstrap; grouped OOF isotonic mapping and the classification metric were recomputed in each replicate.
oak,acti,8000.0,unweighted_primary,discordant_reclassification_pct,percent,5.146888734674994,4.868078573968221,5.542346057909358,300,300,Percentile CI from PSU-within-stratum design bootstrap; grouped OOF isotonic mapping and the classification metric were recomputed in each replicate.
oak,acti,8000.0,unweighted_primary,cohen_kappa,coefficient,0.8158253830072065,0.8029002404160017,0.8256009425478361,300,300,Percentile CI from PSU-within-stratum design bootstrap; grouped OOF isotonic mapping and the classification metric were recomputed in each replicate.
oak,acti,8000.0,unweighted_primary,positive_agreement,proportion,0.969073597887275,0.966579237407279,0.9708906747697016,300,300,Percentile CI from PSU-within-stratum design bootstrap; grouped OOF isotonic mapping and the classification metric were recomputed in each replicate.
oak,acti,8000.0,unweighted_primary,negative_agreement,proportion,0.8467102996899759,0.8361363415492828,0.8552908891530856,300,300,Percentile CI from PSU-within-stratum design bootstrap; grouped OOF isotonic mapping and the classification metric were recomputed in each replicate.
oak,acti,8000.0,WTMEC4YR_weighted_sensitivity,observed_target_attainment_pct,percent,84.43691471024441,83.81862982612454,84.98121422713734,300,300,Percentile CI from PSU-within-stratum design bootstrap; grouped OOF isotonic mapping and the classification metric were recomputed in each replicate.
oak,acti,8000.0,WTMEC4YR_weighted_sensitivity,mapped_source_attainment_pct,percent,86.13294954788422,85.38236123038833,86.83505515221245,300,300,Percentile CI from PSU-within-stratum design bootstrap; grouped OOF isotonic mapping and the classification metric were recomputed in each replicate.
oak,acti,8000.0,WTMEC4YR_weighted_sensitivity,attainment_difference_pp,percentage_points,1.6960348376398038,1.269253993117383,2.1887188797792425,300,300,Percentile CI from PSU-within-stratum design bootstrap; grouped OOF isotonic mapping and the classification metric were recomputed in each replicate.
oak,acti,8000.0,WTMEC4YR_weighted_sensitivity,discordant_reclassification_pct,percent,4.986946267065877,4.591310837670715,5.437904380398,300,300,Percentile CI from PSU-within-stratum design bootstrap; grouped OOF isotonic mapping and the classification metric were recomputed in each replicate.
oak,acti,8000.0,WTMEC4YR_weighted_sensitivity,cohen_kappa,coefficient,0.8014264845907569,0.7847602287574423,0.8173570757521986,300,300,Percentile CI from PSU-within-stratum design bootstrap; grouped OOF isotonic mapping and the classification metric were recomputed in each replicate.
oak,acti,8000.0,WTMEC4YR_weighted_sensitivity,positive_agreement,proportion,0.9707630284590072,0.9680472023585852,0.973055943120074,300,300,Percentile CI from PSU-within-stratum design bootstrap; grouped OOF isotonic mapping and the classification metric were recomputed in each replicate.
oak,acti,8000.0,WTMEC4YR_weighted_sensitivity,negative_agreement,proportion,0.8305496681766652,0.8152437299635383,0.8444422204751911,300,300,Percentile CI from PSU-within-stratum design bootstrap; grouped OOF isotonic mapping and the classification metric were recomputed in each replicate.
oak,acti,10000.0,unweighted_primary,observed_target_attainment_pct,percent,66.06523247744622,65.060654672783,66.91249500015132,300,300,Percentile CI from PSU-within-stratum design bootstrap; grouped OOF isotonic mapping and the classification metric were recomputed in each replicate.
oak,acti,10000.0,unweighted_primary,mapped_source_attainment_pct,percent,66.25028915105251,64.79546912531865,68.03793332676194,300,300,Percentile CI from PSU-within-stratum design bootstrap; grouped OOF isotonic mapping and the classification metric were recomputed in each replicate.
oak,acti,10000.0,unweighted_primary,attainment_difference_pp,percentage_points,0.1850566736062875,-0.9302964226269572,1.4700071593184354,300,300,Percentile CI from PSU-within-stratum design bootstrap; grouped OOF isotonic mapping and the classification metric were recomputed in each replicate.
oak,acti,10000.0,unweighted_primary,discordant_reclassification_pct,percent,8.026833217672912,7.552215510729579,8.535128547936717,300,300,Percentile CI from PSU-within-stratum design bootstrap; grouped OOF isotonic mapping and the classification metric were recomputed in each replicate.
oak,acti,10000.0,unweighted_primary,cohen_kappa,coefficient,0.8207444154145742,0.8090184541878829,0.8313035644041666,300,300,Percentile CI from PSU-within-stratum design bootstrap; grouped OOF isotonic mapping and the classification metric were recomputed in each replicate.
oak,acti,10000.0,unweighted_primary,positive_agreement,proportion,0.9393356643356644,0.9355225241016571,0.9431925757115311,300,300,Percentile CI from PSU-within-stratum design bootstrap; grouped OOF isotonic mapping and the classification metric were recomputed in each replicate.
oak,acti,10000.0,unweighted_primary,negative_agreement,proportion,0.881408065618592,0.8717237130701337,0.8890585255720348,300,300,Percentile CI from PSU-within-stratum design bootstrap; grouped OOF isotonic mapping and the classification metric were recomputed in each replicate.
oak,acti,10000.0,WTMEC4YR_weighted_sensitivity,observed_target_attainment_pct,percent,67.68682301987572,66.80945461795672,68.45494539727659,300,300,Percentile CI from PSU-within-stratum design bootstrap; grouped OOF isotonic mapping and the classification metric were recomputed in each replicate.
oak,acti,10000.0,WTMEC4YR_weighted_sensitivity,mapped_source_attainment_pct,percent,69.05230804828072,67.6537148934195,70.66207720468425,300,300,Percentile CI from PSU-within-stratum design bootstrap; grouped OOF isotonic mapping and the classification metric were recomputed in each replicate.
oak,acti,10000.0,WTMEC4YR_weighted_sensitivity,attainment_difference_pp,percentage_points,1.3654850284050002,0.0196323604217854,2.752509177107001,300,300,Percentile CI from PSU-within-stratum design bootstrap; grouped OOF isotonic mapping and the classification metric were recomputed in each replicate.
oak,acti,10000.0,WTMEC4YR_weighted_sensitivity,discordant_reclassification_pct,percent,8.206098709539896,7.28730480996128,8.982853988966916,300,300,Percentile CI from PSU-within-stratum design bootstrap; grouped OOF isotonic mapping and the classification metric were recomputed in each replicate.
oak,acti,10000.0,WTMEC4YR_weighted_sensitivity,cohen_kappa,coefficient,0.8103096831303043,0.7903015281034633,0.8319583228114316,300,300,Percentile CI from PSU-within-stratum design bootstrap; grouped OOF isotonic mapping and the classification metric were recomputed in each replicate.
oak,acti,10000.0,WTMEC4YR_weighted_sensitivity,positive_agreement,proportion,0.9399871957249044,0.9350055686150794,0.9464402298496688,300,300,Percentile CI from PSU-within-stratum design bootstrap; grouped OOF isotonic mapping and the classification metric were recomputed in each replicate.
oak,acti,10000.0,WTMEC4YR_weighted_sensitivity,negative_agreement,proportion,0.8702815998562865,0.8543172636038014,0.8853609613661563,300,300,Percentile CI from PSU-within-stratum design bootstrap; grouped OOF isotonic mapping and the classification metric were recomputed in each replicate.
oak,adept,7000.0,unweighted_primary,observed_target_attainment_pct,percent,1.4341892204487623,1.164071105268029,1.68782658863265,300,300,Percentile CI from PSU-within-stratum design bootstrap; grouped OOF isotonic mapping and the classification metric were recomputed in each replicate.
oak,adept,7000.0,unweighted_primary,mapped_source_attainment_pct,percent,0.2313208420078649,0.0,0.4015921964511244,300,300,Percentile CI from PSU-within-stratum design bootstrap; grouped OOF isotonic mapping and the classification metric were recomputed in each replicate.
oak,adept,7000.0,unweighted_primary,attainment_difference_pp,percentage_points,-1.2028683784408976,-1.4976773609489555,-0.9626982186986484,300,300,Percentile CI from PSU-within-stratum design bootstrap; grouped OOF isotonic mapping and the classification metric were recomputed in each replicate.
oak,adept,7000.0,unweighted_primary,discordant_reclassification_pct,percent,1.4804533888503355,1.2271297107921224,1.7865111864931718,300,300,Percentile CI from PSU-within-stratum design bootstrap; grouped OOF isotonic mapping and the classification metric were recomputed in each replicate.
oak,adept,7000.0,unweighted_primary,cohen_kappa,coefficient,0.1075557390586304,-0.0010103958206907,0.1994666035536212,300,300,Percentile CI from PSU-within-stratum design bootstrap; grouped OOF isotonic mapping and the classification metric were recomputed in each replicate.
oak,adept,7000.0,unweighted_primary,positive_agreement,proportion,0.1111111111111111,0.0,0.2040816326530612,300,300,Percentile CI from PSU-within-stratum design bootstrap; grouped OOF isotonic mapping and the classification metric were recomputed in each replicate.
oak,adept,7000.0,unweighted_primary,negative_agreement,proportion,0.9925355726615348,0.9909755253771324,0.993822869382261,300,300,Percentile CI from PSU-within-stratum design bootstrap; grouped OOF isotonic mapping and the classification metric were recomputed in each replicate.
oak,adept,7000.0,WTMEC4YR_weighted_sensitivity,observed_target_attainment_pct,percent,1.2572980108624123,0.9877888153089456,1.5252543971542611,300,300,Percentile CI from PSU-within-stratum design bootstrap; grouped OOF isotonic mapping and the classification metric were recomputed in each replicate.
oak,adept,7000.0,WTMEC4YR_weighted_sensitivity,mapped_source_attainment_pct,percent,0.1624034623360762,0.0,0.3204529037561619,300,300,Percentile CI from PSU-within-stratum design bootstrap; grouped OOF isotonic mapping and the classification metric were recomputed in each replicate.
oak,adept,7000.0,WTMEC4YR_weighted_sensitivity,attainment_difference_pp,percentage_points,-1.0948945485263362,-1.3690225993812246,-0.8155725471237831,300,300,Percentile CI from PSU-within-stratum design bootstrap; grouped OOF isotonic mapping and the classification metric were recomputed in each replicate.
oak,adept,7000.0,WTMEC4YR_weighted_sensitivity,discordant_reclassification_pct,percent,1.295191598598296,1.0213205087812385,1.554672990644086,300,300,Percentile CI from PSU-within-stratum design bootstrap; grouped OOF isotonic mapping and the classification metric were recomputed in each replicate.
oak,adept,7000.0,WTMEC4YR_weighted_sensitivity,cohen_kappa,coefficient,0.0850696378773392,-0.0008091748225796,0.2027797002271357,300,300,Percentile CI from PSU-within-stratum design bootstrap; grouped OOF isotonic mapping and the classification metric were recomputed in each replicate.
oak,adept,7000.0,WTMEC4YR_weighted_sensitivity,positive_agreement,proportion,0.0877014477696358,0.0,0.2062886873178605,300,300,Percentile CI from PSU-within-stratum design bootstrap; grouped OOF isotonic mapping and the classification metric were recomputed in each replicate.
oak,adept,7000.0,WTMEC4YR_weighted_sensitivity,negative_agreement,proportion,0.993477743722782,0.9921585163563068,0.9948641426253686,300,300,Percentile CI from PSU-within-stratum design bootstrap; grouped OOF isotonic mapping and the classification metric were recomputed in each replicate.
oak,adept,8000.0,unweighted_primary,observed_target_attainment_pct,percent,0.7864908628267407,0.6136729862567414,0.9493834384179236,300,300,Percentile CI from PSU-within-stratum design bootstrap; grouped OOF isotonic mapping and the classification metric were recomputed in each replicate.
oak,adept,8000.0,unweighted_primary,mapped_source_attainment_pct,percent,0.0,0.0,0.2268204019913659,300,300,Percentile CI from PSU-within-stratum design bootstrap; grouped OOF isotonic mapping and the classification metric were recomputed in each replicate.
oak,adept,8000.0,unweighted_primary,attainment_difference_pp,percentage_points,-0.7864908628267407,-0.902411127378838,-0.5369989074591254,300,300,Percentile CI from PSU-within-stratum design bootstrap; grouped OOF isotonic mapping and the classification metric were recomputed in each replicate.
oak,adept,8000.0,unweighted_primary,discordant_reclassification_pct,percent,0.7864908628267407,0.6251893307035252,1.075935060261431,300,300,Percentile CI from PSU-within-stratum design bootstrap; grouped OOF isotonic mapping and the classification metric were recomputed in each replicate.
oak,adept,8000.0,unweighted_primary,cohen_kappa,coefficient,0.0,-0.0022957634873374,0.0877442018248615,300,300,Percentile CI from PSU-within-stratum design bootstrap; grouped OOF isotonic mapping and the classification metric were recomputed in each replicate.
oak,adept,8000.0,unweighted_primary,positive_agreement,proportion,0.0,0.0,0.0904980842911876,300,300,Percentile CI from PSU-within-stratum design bootstrap; grouped OOF isotonic mapping and the classification metric were recomputed in each replicate.
oak,adept,8000.0,unweighted_primary,negative_agreement,proportion,0.9960520204366,0.9945883783669704,0.9968642511523432,300,300,Percentile CI from PSU-within-stratum design bootstrap; grouped OOF isotonic mapping and the classification metric were recomputed in each replicate.
oak,adept,8000.0,WTMEC4YR_weighted_sensitivity,observed_target_attainment_pct,percent,0.636989421559268,0.4707325895446129,0.8157902000506926,300,300,Percentile CI from PSU-within-stratum design bootstrap; grouped OOF isotonic mapping and the classification metric were recomputed in each replicate.
oak,adept,8000.0,WTMEC4YR_weighted_sensitivity,mapped_source_attainment_pct,percent,0.0,0.0,0.1563696853443322,300,300,Percentile CI from PSU-within-stratum design bootstrap; grouped OOF isotonic mapping and the classification metric were recomputed in each replicate.
oak,adept,8000.0,WTMEC4YR_weighted_sensitivity,attainment_difference_pp,percentage_points,-0.636989421559268,-0.7585126601993821,-0.4458908750796571,300,300,Percentile CI from PSU-within-stratum design bootstrap; grouped OOF isotonic mapping and the classification metric were recomputed in each replicate.
oak,adept,8000.0,WTMEC4YR_weighted_sensitivity,discordant_reclassification_pct,percent,0.636989421559268,0.4717101978857565,0.8888692566800281,300,300,Percentile CI from PSU-within-stratum design bootstrap; grouped OOF isotonic mapping and the classification metric were recomputed in each replicate.
oak,adept,8000.0,WTMEC4YR_weighted_sensitivity,cohen_kappa,coefficient,-1.742922232377863e-14,-0.0015781200666755,0.0728000995363508,300,300,Percentile CI from PSU-within-stratum design bootstrap; grouped OOF isotonic mapping and the classification metric were recomputed in each replicate.
oak,adept,8000.0,WTMEC4YR_weighted_sensitivity,positive_agreement,proportion,0.0,0.0,0.0753814647864694,300,300,Percentile CI from PSU-within-stratum design bootstrap; grouped OOF isotonic mapping and the classification metric were recomputed in each replicate.
oak,adept,8000.0,WTMEC4YR_weighted_sensitivity,negative_agreement,proportion,0.99680487659315,0.9955356252914176,0.997635873085859,300,300,Percentile CI from PSU-within-stratum design bootstrap; grouped OOF isotonic mapping and the classification metric were recomputed in each replicate.
oak,adept,10000.0,unweighted_primary,observed_target_attainment_pct,percent,0.1966227157066851,0.1275551225008112,0.2634193972435134,300,300,Percentile CI from PSU-within-stratum design bootstrap; grouped OOF isotonic mapping and the classification metric were recomputed in each replicate.
oak,adept,10000.0,unweighted_primary,mapped_source_attainment_pct,percent,0.0,0.0,0.0,300,300,Percentile CI from PSU-within-stratum design bootstrap; grouped OOF isotonic mapping and the classification metric were recomputed in each replicate.
oak,adept,10000.0,unweighted_primary,attainment_difference_pp,percentage_points,-0.1966227157066851,-0.2634193972435134,-0.1273448148813567,300,300,Percentile CI from PSU-within-stratum design bootstrap; grouped OOF isotonic mapping and the classification metric were recomputed in each replicate.
oak,adept,10000.0,unweighted_primary,discordant_reclassification_pct,percent,0.1966227157066851,0.1275551225008112,0.2647027134631161,300,300,Percentile CI from PSU-within-stratum design bootstrap; grouped OOF isotonic mapping and the classification metric were recomputed in each replicate.
oak,adept,10000.0,unweighted_primary,cohen_kappa,coefficient,0.0,0.0,0.0,300,300,Percentile CI from PSU-within-stratum design bootstrap; grouped OOF isotonic mapping and the classification metric were recomputed in each replicate.
oak,adept,10000.0,unweighted_primary,positive_agreement,proportion,0.0,0.0,0.0,300,300,Percentile CI from PSU-within-stratum design bootstrap; grouped OOF isotonic mapping and the classification metric were recomputed in each replicate.
oak,adept,10000.0,unweighted_primary,negative_agreement,proportion,0.999015918958032,0.9986747323912846,0.9993618173700676,300,300,Percentile CI from PSU-within-stratum design bootstrap; grouped OOF isotonic mapping and the classification metric were recomputed in each replicate.
oak,adept,10000.0,WTMEC4YR_weighted_sensitivity,observed_target_attainment_pct,percent,0.1567044574581063,0.0955464616585368,0.2244250691921725,300,300,Percentile CI from PSU-within-stratum design bootstrap; grouped OOF isotonic mapping and the classification metric were recomputed in each replicate.
oak,adept,10000.0,WTMEC4YR_weighted_sensitivity,mapped_source_attainment_pct,percent,0.0,0.0,0.0,300,300,Percentile CI from PSU-within-stratum design bootstrap; grouped OOF isotonic mapping and the classification metric were recomputed in each replicate.
oak,adept,10000.0,WTMEC4YR_weighted_sensitivity,attainment_difference_pp,percentage_points,-0.1567044574581063,-0.2244250691921726,-0.0955464616585368,300,300,Percentile CI from PSU-within-stratum design bootstrap; grouped OOF isotonic mapping and the classification metric were recomputed in each replicate.
oak,adept,10000.0,WTMEC4YR_weighted_sensitivity,discordant_reclassification_pct,percent,0.1567044574581063,0.0955464616585368,0.2261337133769103,300,300,Percentile CI from PSU-within-stratum design bootstrap; grouped OOF isotonic mapping and the classification metric were recomputed in each replicate.
oak,adept,10000.0,WTMEC4YR_weighted_sensitivity,cohen_kappa,coefficient,-7.084820959365515e-14,-1.7311050191727942e-13,1.5055967413718297e-13,300,300,Percentile CI from PSU-within-stratum design bootstrap; grouped OOF isotonic mapping and the classification metric were recomputed in each replicate.
oak,adept,10000.0,WTMEC4YR_weighted_sensitivity,positive_agreement,proportion,0.0,0.0,0.0,300,300,Percentile CI from PSU-within-stratum design bootstrap; grouped OOF isotonic mapping and the classification metric were recomputed in each replicate.
oak,adept,10000.0,WTMEC4YR_weighted_sensitivity,negative_agreement,proportion,0.9992158633241476,0.9988680515730372,0.9995220393537336,300,300,Percentile CI from PSU-within-stratum design bootstrap; grouped OOF isotonic mapping and the classification metric were recomputed in each replicate.
oak,scrf,7000.0,unweighted_primary,observed_target_attainment_pct,percent,74.77446217904233,73.77716623569303,75.67536184955327,300,300,Percentile CI from PSU-within-stratum design bootstrap; grouped OOF isotonic mapping and the classification metric were recomputed in each replicate.
oak,scrf,7000.0,unweighted_primary,mapped_source_attainment_pct,percent,76.05829285218599,74.86698565034466,77.34413127469207,300,300,Percentile CI from PSU-within-stratum design bootstrap; grouped OOF isotonic mapping and the classification metric were recomputed in each replicate.
oak,scrf,7000.0,unweighted_primary,attainment_difference_pp,percentage_points,1.2838306731436488,0.5661433584574055,2.0427326459236905,300,300,Percentile CI from PSU-within-stratum design bootstrap; grouped OOF isotonic mapping and the classification metric were recomputed in each replicate.
oak,scrf,7000.0,unweighted_primary,discordant_reclassification_pct,percent,6.3960212815174655,6.009411349806347,6.7233690743744114,300,300,Percentile CI from PSU-within-stratum design bootstrap; grouped OOF isotonic mapping and the classification metric were recomputed in each replicate.
oak,scrf,7000.0,unweighted_primary,cohen_kappa,coefficient,0.8275465660607328,0.8189595215056104,0.837118290617046,300,300,Percentile CI from PSU-within-stratum design bootstrap; grouped OOF isotonic mapping and the classification metric were recomputed in each replicate.
oak,scrf,7000.0,unweighted_primary,positive_agreement,proportion,0.9575952764358562,0.9553318505774824,0.9604227305376496,300,300,Percentile CI from PSU-within-stratum design bootstrap; grouped OOF isotonic mapping and the classification metric were recomputed in each replicate.
oak,scrf,7000.0,unweighted_primary,negative_agreement,proportion,0.8699129616560809,0.8631034675615212,0.8772717120619695,300,300,Percentile CI from PSU-within-stratum design bootstrap; grouped OOF isotonic mapping and the classification metric were recomputed in each replicate.
oak,scrf,7000.0,WTMEC4YR_weighted_sensitivity,observed_target_attainment_pct,percent,77.23739157627551,76.27229889575919,78.09131536665248,300,300,Percentile CI from PSU-within-stratum design bootstrap; grouped OOF isotonic mapping and the classification metric were recomputed in each replicate.
oak,scrf,7000.0,WTMEC4YR_weighted_sensitivity,mapped_source_attainment_pct,percent,78.57510511380275,77.48913629914854,79.88131133218477,300,300,Percentile CI from PSU-within-stratum design bootstrap; grouped OOF isotonic mapping and the classification metric were recomputed in each replicate.
oak,scrf,7000.0,WTMEC4YR_weighted_sensitivity,attainment_difference_pp,percentage_points,1.3377135375272298,0.6382104170782114,2.178383513791545,300,300,Percentile CI from PSU-within-stratum design bootstrap; grouped OOF isotonic mapping and the classification metric were recomputed in each replicate.
oak,scrf,7000.0,WTMEC4YR_weighted_sensitivity,discordant_reclassification_pct,percent,5.918814728340864,5.420607112929607,6.391648059737205,300,300,Percentile CI from PSU-within-stratum design bootstrap; grouped OOF isotonic mapping and the classification metric were recomputed in each replicate.
oak,scrf,7000.0,WTMEC4YR_weighted_sensitivity,cohen_kappa,coefficient,0.8281101913994623,0.8148575315901327,0.8419311232234838,300,300,Percentile CI from PSU-within-stratum design bootstrap; grouped OOF isotonic mapping and the classification metric were recomputed in each replicate.
oak,scrf,7000.0,WTMEC4YR_weighted_sensitivity,positive_agreement,proportion,0.9620132219554008,0.9589253267225792,0.965419302419051,300,300,Percentile CI from PSU-within-stratum design bootstrap; grouped OOF isotonic mapping and the classification metric were recomputed in each replicate.
oak,scrf,7000.0,WTMEC4YR_weighted_sensitivity,negative_agreement,proportion,0.8660522934091215,0.8549436830526711,0.8771810045157398,300,300,Percentile CI from PSU-within-stratum design bootstrap; grouped OOF isotonic mapping and the classification metric were recomputed in each replicate.
oak,scrf,8000.0,unweighted_primary,observed_target_attainment_pct,percent,68.37844089752487,67.31137341252126,69.25740524778148,300,300,Percentile CI from PSU-within-stratum design bootstrap; grouped OOF isotonic mapping and the classification metric were recomputed in each replicate.
oak,scrf,8000.0,unweighted_primary,mapped_source_attainment_pct,percent,70.44876243349526,68.80348869854117,71.50000277838747,300,300,Percentile CI from PSU-within-stratum design bootstrap; grouped OOF isotonic mapping and the classification metric were recomputed in each replicate.
oak,scrf,8000.0,unweighted_primary,attainment_difference_pp,percentage_points,2.0703215359703875,0.8924528687900827,2.5412562692609786,300,300,Percentile CI from PSU-within-stratum design bootstrap; grouped OOF isotonic mapping and the classification metric were recomputed in each replicate.
oak,scrf,8000.0,unweighted_primary,discordant_reclassification_pct,percent,7.251908396946565,6.850330975743615,7.7495562283369805,300,300,Percentile CI from PSU-within-stratum design bootstrap; grouped OOF isotonic mapping and the classification metric were recomputed in each replicate.
oak,scrf,8000.0,unweighted_primary,cohen_kappa,coefficient,0.8293012830738404,0.8174146232606386,0.8386130010498201,300,300,Percentile CI from PSU-within-stratum design bootstrap; grouped OOF isotonic mapping and the classification metric were recomputed in each replicate.
oak,scrf,8000.0,unweighted_primary,positive_agreement,proportion,0.9477630592351912,0.9436074259354976,0.9506464458638184,300,300,Percentile CI from PSU-within-stratum design bootstrap; grouped OOF isotonic mapping and the classification metric were recomputed in each replicate.
oak,scrf,8000.0,unweighted_primary,negative_agreement,proportion,0.8814520703346569,0.873035249309893,0.8885152090861409,300,300,Percentile CI from PSU-within-stratum design bootstrap; grouped OOF isotonic mapping and the classification metric were recomputed in each replicate.
oak,scrf,8000.0,WTMEC4YR_weighted_sensitivity,observed_target_attainment_pct,percent,70.89566009975302,69.9129321909603,71.74513063171686,300,300,Percentile CI from PSU-within-stratum design bootstrap; grouped OOF isotonic mapping and the classification metric were recomputed in each replicate.
oak,scrf,8000.0,WTMEC4YR_weighted_sensitivity,mapped_source_attainment_pct,percent,73.11226524191295,71.63078545705861,74.07929194575786,300,300,Percentile CI from PSU-within-stratum design bootstrap; grouped OOF isotonic mapping and the classification metric were recomputed in each replicate.
oak,scrf,8000.0,WTMEC4YR_weighted_sensitivity,attainment_difference_pp,percentage_points,2.216605142159944,1.202873608522602,2.6620202086597056,300,300,Percentile CI from PSU-within-stratum design bootstrap; grouped OOF isotonic mapping and the classification metric were recomputed in each replicate.
oak,scrf,8000.0,WTMEC4YR_weighted_sensitivity,discordant_reclassification_pct,percent,6.779325540591195,6.452635933727766,7.349002272342067,300,300,Percentile CI from PSU-within-stratum design bootstrap; grouped OOF isotonic mapping and the classification metric were recomputed in each replicate.
oak,scrf,8000.0,WTMEC4YR_weighted_sensitivity,cohen_kappa,coefficient,0.8319498221062019,0.8183575109418741,0.8404400108286793,300,300,Percentile CI from PSU-within-stratum design bootstrap; grouped OOF isotonic mapping and the classification metric were recomputed in each replicate.
oak,scrf,8000.0,WTMEC4YR_weighted_sensitivity,positive_agreement,proportion,0.952923941342069,0.9485393448213804,0.9553017179128126,300,300,Percentile CI from PSU-within-stratum design bootstrap; grouped OOF isotonic mapping and the classification metric were recomputed in each replicate.
oak,scrf,8000.0,WTMEC4YR_weighted_sensitivity,negative_agreement,proportion,0.8789234801182324,0.8692498907738812,0.8859293407183457,300,300,Percentile CI from PSU-within-stratum design bootstrap; grouped OOF isotonic mapping and the classification metric were recomputed in each replicate.
oak,scrf,10000.0,unweighted_primary,observed_target_attainment_pct,percent,53.7589636826278,52.64474740675752,54.86160029504605,300,300,Percentile CI from PSU-within-stratum design bootstrap; grouped OOF isotonic mapping and the classification metric were recomputed in each replicate.
oak,scrf,10000.0,unweighted_primary,mapped_source_attainment_pct,percent,56.63890816562572,54.705656894186035,58.01439906313716,300,300,Percentile CI from PSU-within-stratum design bootstrap; grouped OOF isotonic mapping and the classification metric were recomputed in each replicate.
oak,scrf,10000.0,unweighted_primary,attainment_difference_pp,percentage_points,2.8799444829979204,1.6545304545251691,3.584196577020907,300,300,Percentile CI from PSU-within-stratum design bootstrap; grouped OOF isotonic mapping and the classification metric were recomputed in each replicate.
oak,scrf,10000.0,unweighted_primary,discordant_reclassification_pct,percent,9.356928059218134,8.858548957418456,9.873025186637424,300,300,Percentile CI from PSU-within-stratum design bootstrap; grouped OOF isotonic mapping and the classification metric were recomputed in each replicate.
oak,scrf,10000.0,unweighted_primary,cohen_kappa,coefficient,0.8109745554738276,0.8001722500566865,0.8215174736702547,300,300,Percentile CI from PSU-within-stratum design bootstrap; grouped OOF isotonic mapping and the classification metric were recomputed in each replicate.
oak,scrf,10000.0,unweighted_primary,positive_agreement,proportion,0.9152435830277632,0.9104901851336712,0.9194861258618536,300,300,Percentile CI from PSU-within-stratum design bootstrap; grouped OOF isotonic mapping and the classification metric were recomputed in each replicate.
oak,scrf,10000.0,unweighted_primary,negative_agreement,proportion,0.8955724796695494,0.889018118901405,0.9031825969943592,300,300,Percentile CI from PSU-within-stratum design bootstrap; grouped OOF isotonic mapping and the classification metric were recomputed in each replicate.
oak,scrf,10000.0,WTMEC4YR_weighted_sensitivity,observed_target_attainment_pct,percent,56.31034009325487,55.15246600743693,57.58225147197481,300,300,Percentile CI from PSU-within-stratum design bootstrap; grouped OOF isotonic mapping and the classification metric were recomputed in each replicate.
oak,scrf,10000.0,WTMEC4YR_weighted_sensitivity,mapped_source_attainment_pct,percent,58.869041808227216,57.000829007480014,60.28559842237499,300,300,Percentile CI from PSU-within-stratum design bootstrap; grouped OOF isotonic mapping and the classification metric were recomputed in each replicate.
oak,scrf,10000.0,WTMEC4YR_weighted_sensitivity,attainment_difference_pp,percentage_points,2.558701714972345,1.328482145597438,3.3311585117677467,300,300,Percentile CI from PSU-within-stratum design bootstrap; grouped OOF isotonic mapping and the classification metric were recomputed in each replicate.
oak,scrf,10000.0,WTMEC4YR_weighted_sensitivity,discordant_reclassification_pct,percent,9.54858389704303,8.965826874089366,10.20507466404102,300,300,Percentile CI from PSU-within-stratum design bootstrap; grouped OOF isotonic mapping and the classification metric were recomputed in each replicate.
oak,scrf,10000.0,WTMEC4YR_weighted_sensitivity,cohen_kappa,coefficient,0.8046552029329828,0.7911900313136563,0.8161293276573304,300,300,Percentile CI from PSU-within-stratum design bootstrap; grouped OOF isotonic mapping and the classification metric were recomputed in each replicate.
oak,scrf,10000.0,WTMEC4YR_weighted_sensitivity,positive_agreement,proportion,0.9170981495176772,0.9107955959805356,0.9230243015814172,300,300,Percentile CI from PSU-within-stratum design bootstrap; grouped OOF isotonic mapping and the classification metric were recomputed in each replicate.
oak,scrf,10000.0,WTMEC4YR_weighted_sensitivity,negative_agreement,proportion,0.8874261457756356,0.8794478232486236,0.8945451707862044,300,300,Percentile CI from PSU-within-stratum design bootstrap; grouped OOF isotonic mapping and the classification metric were recomputed in each replicate.
oak,scssl,7000.0,unweighted_primary,observed_target_attainment_pct,percent,62.13277816331251,61.12787800001555,63.103229193778304,300,300,Percentile CI from PSU-within-stratum design bootstrap; grouped OOF isotonic mapping and the classification metric were recomputed in each replicate.
oak,scssl,7000.0,unweighted_primary,mapped_source_attainment_pct,percent,65.30187369882027,63.45322350067157,67.56386500018228,300,300,Percentile CI from PSU-within-stratum design bootstrap; grouped OOF isotonic mapping and the classification metric were recomputed in each replicate.
oak,scssl,7000.0,unweighted_primary,attainment_difference_pp,percentage_points,3.169095535507749,1.454027539533176,5.243104147663019,300,300,Percentile CI from PSU-within-stratum design bootstrap; grouped OOF isotonic mapping and the classification metric were recomputed in each replicate.
oak,scssl,7000.0,unweighted_primary,discordant_reclassification_pct,percent,15.058986814712004,14.620757223988932,15.8178385128794,300,300,Percentile CI from PSU-within-stratum design bootstrap; grouped OOF isotonic mapping and the classification metric were recomputed in each replicate.
oak,scssl,7000.0,unweighted_primary,cohen_kappa,coefficient,0.6746599607340874,0.6566139938055546,0.6842908480688235,300,300,Percentile CI from PSU-within-stratum design bootstrap; grouped OOF isotonic mapping and the classification metric were recomputed in each replicate.
oak,scssl,7000.0,unweighted_primary,positive_agreement,proportion,0.8818297331639136,0.875670558719336,0.8860562660582777,300,300,Percentile CI from PSU-within-stratum design bootstrap; grouped OOF isotonic mapping and the classification metric were recomputed in each replicate.
oak,scssl,7000.0,unweighted_primary,negative_agreement,proportion,0.7924768887472107,0.778058266158124,0.8003160997772072,300,300,Percentile CI from PSU-within-stratum design bootstrap; grouped OOF isotonic mapping and the classification metric were recomputed in each replicate.
oak,scssl,7000.0,WTMEC4YR_weighted_sensitivity,observed_target_attainment_pct,percent,64.62371084842715,63.50657143892778,65.61417390409692,300,300,Percentile CI from PSU-within-stratum design bootstrap; grouped OOF isotonic mapping and the classification metric were recomputed in each replicate.
oak,scssl,7000.0,WTMEC4YR_weighted_sensitivity,mapped_source_attainment_pct,percent,67.97138933594479,66.12976896374487,70.27061268183421,300,300,Percentile CI from PSU-within-stratum design bootstrap; grouped OOF isotonic mapping and the classification metric were recomputed in each replicate.
oak,scssl,7000.0,WTMEC4YR_weighted_sensitivity,attainment_difference_pp,percentage_points,3.3476784875176357,1.7889625813849428,5.660966362726236,300,300,Percentile CI from PSU-within-stratum design bootstrap; grouped OOF isotonic mapping and the classification metric were recomputed in each replicate.
oak,scssl,7000.0,WTMEC4YR_weighted_sensitivity,discordant_reclassification_pct,percent,14.389227404773424,13.75427484005617,15.409756709345096,300,300,Percentile CI from PSU-within-stratum design bootstrap; grouped OOF isotonic mapping and the classification metric were recomputed in each replicate.
oak,scssl,7000.0,WTMEC4YR_weighted_sensitivity,cohen_kappa,coefficient,0.6784086930138447,0.653071948206752,0.6923572154921854,300,300,Percentile CI from PSU-within-stratum design bootstrap; grouped OOF isotonic mapping and the classification metric were recomputed in each replicate.
oak,scssl,7000.0,WTMEC4YR_weighted_sensitivity,positive_agreement,proportion,0.891479946206418,0.8848582347591868,0.8967840518413339,300,300,Percentile CI from PSU-within-stratum design bootstrap; grouped OOF isotonic mapping and the classification metric were recomputed in each replicate.
oak,scssl,7000.0,WTMEC4YR_weighted_sensitivity,negative_agreement,proportion,0.7865254982333312,0.7659682753355989,0.7964598108308865,300,300,Percentile CI from PSU-within-stratum design bootstrap; grouped OOF isotonic mapping and the classification metric were recomputed in each replicate.
oak,scssl,8000.0,unweighted_primary,observed_target_attainment_pct,percent,52.81054823039556,51.59860921348168,53.73777872455072,300,300,Percentile CI from PSU-within-stratum design bootstrap; grouped OOF isotonic mapping and the classification metric were recomputed in each replicate.
oak,scssl,8000.0,unweighted_primary,mapped_source_attainment_pct,percent,56.130002313208415,54.16522555733421,58.16450607078215,300,300,Percentile CI from PSU-within-stratum design bootstrap; grouped OOF isotonic mapping and the classification metric were recomputed in each replicate.
oak,scssl,8000.0,unweighted_primary,attainment_difference_pp,percentage_points,3.319454082812856,1.845748587145973,4.916663696929929,300,300,Percentile CI from PSU-within-stratum design bootstrap; grouped OOF isotonic mapping and the classification metric were recomputed in each replicate.
oak,scssl,8000.0,unweighted_primary,discordant_reclassification_pct,percent,16.52787416146195,15.889900530131651,17.01695975032502,300,300,Percentile CI from PSU-within-stratum design bootstrap; grouped OOF isotonic mapping and the classification metric were recomputed in each replicate.
oak,scssl,8000.0,unweighted_primary,cohen_kappa,coefficient,0.6671486829495064,0.6566132422684919,0.6806039293758871,300,300,Percentile CI from PSU-within-stratum design bootstrap; grouped OOF isotonic mapping and the classification metric were recomputed in each replicate.
oak,scssl,8000.0,unweighted_primary,positive_agreement,proportion,0.8482853806136532,0.8434753776244434,0.8555660708668507,300,300,Percentile CI from PSU-within-stratum design bootstrap; grouped OOF isotonic mapping and the classification metric were recomputed in each replicate.
oak,scssl,8000.0,unweighted_primary,negative_agreement,proportion,0.8184935856725517,0.8109423086321499,0.827506831259175,300,300,Percentile CI from PSU-within-stratum design bootstrap; grouped OOF isotonic mapping and the classification metric were recomputed in each replicate.
oak,scssl,8000.0,WTMEC4YR_weighted_sensitivity,observed_target_attainment_pct,percent,55.40049692293868,54.339492535315365,56.306626950012486,300,300,Percentile CI from PSU-within-stratum design bootstrap; grouped OOF isotonic mapping and the classification metric were recomputed in each replicate.
oak,scssl,8000.0,WTMEC4YR_weighted_sensitivity,mapped_source_attainment_pct,percent,58.28496121598752,56.50509767038426,60.17542568536183,300,300,Percentile CI from PSU-within-stratum design bootstrap; grouped OOF isotonic mapping and the classification metric were recomputed in each replicate.
oak,scssl,8000.0,WTMEC4YR_weighted_sensitivity,attainment_difference_pp,percentage_points,2.8844642930488384,1.3651551501037218,4.529637609607592,300,300,Percentile CI from PSU-within-stratum design bootstrap; grouped OOF isotonic mapping and the classification metric were recomputed in each replicate.
oak,scssl,8000.0,WTMEC4YR_weighted_sensitivity,discordant_reclassification_pct,percent,16.735336010913766,15.989582432933364,17.331966335143658,300,300,Percentile CI from PSU-within-stratum design bootstrap; grouped OOF isotonic mapping and the classification metric were recomputed in each replicate.
oak,scssl,8000.0,WTMEC4YR_weighted_sensitivity,cohen_kappa,coefficient,0.6591938159470122,0.6469378799997537,0.6741977069289095,300,300,Percentile CI from PSU-within-stratum design bootstrap; grouped OOF isotonic mapping and the classification metric were recomputed in each replicate.
oak,scssl,8000.0,WTMEC4YR_weighted_sensitivity,positive_agreement,proportion,0.852792641337973,0.8465951919704046,0.8615743533751103,300,300,Percentile CI from PSU-within-stratum design bootstrap; grouped OOF isotonic mapping and the classification metric were recomputed in each replicate.
oak,scssl,8000.0,WTMEC4YR_weighted_sensitivity,negative_agreement,proportion,0.8061122071660897,0.7988831944112227,0.8161046871897437,300,300,Percentile CI from PSU-within-stratum design bootstrap; grouped OOF isotonic mapping and the classification metric were recomputed in each replicate.
oak,scssl,10000.0,unweighted_primary,observed_target_attainment_pct,percent,35.04510756419153,33.88214930770203,35.98673116318163,300,300,Percentile CI from PSU-within-stratum design bootstrap; grouped OOF isotonic mapping and the classification metric were recomputed in each replicate.
oak,scssl,10000.0,unweighted_primary,mapped_source_attainment_pct,percent,33.622484385843165,32.02927848851751,35.62803234102214,300,300,Percentile CI from PSU-within-stratum design bootstrap; grouped OOF isotonic mapping and the classification metric were recomputed in each replicate.
oak,scssl,10000.0,unweighted_primary,attainment_difference_pp,percentage_points,-1.42262317834837,-2.6181171641206733,0.1267479608325469,300,300,Percentile CI from PSU-within-stratum design bootstrap; grouped OOF isotonic mapping and the classification metric were recomputed in each replicate.
oak,scssl,10000.0,unweighted_primary,discordant_reclassification_pct,percent,16.018968309044645,15.355700525618674,16.63659242266186,300,300,Percentile CI from PSU-within-stratum design bootstrap; grouped OOF isotonic mapping and the classification metric were recomputed in each replicate.
oak,scssl,10000.0,unweighted_primary,cohen_kappa,coefficient,0.6448242055244328,0.6305635764373123,0.6600319877822108,300,300,Percentile CI from PSU-within-stratum design bootstrap; grouped OOF isotonic mapping and the classification metric were recomputed in each replicate.
oak,scssl,10000.0,unweighted_primary,positive_agreement,proportion,0.7667171972376621,0.7562837920903578,0.7796844672910549,300,300,Percentile CI from PSU-within-stratum design bootstrap; grouped OOF isotonic mapping and the classification metric were recomputed in each replicate.
oak,scssl,10000.0,unweighted_primary,negative_agreement,proportion,0.8780273007485689,0.8724731089111999,0.8838997343635366,300,300,Percentile CI from PSU-within-stratum design bootstrap; grouped OOF isotonic mapping and the classification metric were recomputed in each replicate.
oak,scssl,10000.0,WTMEC4YR_weighted_sensitivity,observed_target_attainment_pct,percent,36.30783234769953,35.10723786089842,37.25055361446744,300,300,Percentile CI from PSU-within-stratum design bootstrap; grouped OOF isotonic mapping and the classification metric were recomputed in each replicate.
oak,scssl,10000.0,WTMEC4YR_weighted_sensitivity,mapped_source_attainment_pct,percent,33.92801653085271,32.19593717074785,36.049856524685794,300,300,Percentile CI from PSU-within-stratum design bootstrap; grouped OOF isotonic mapping and the classification metric were recomputed in each replicate.
oak,scssl,10000.0,WTMEC4YR_weighted_sensitivity,attainment_difference_pp,percentage_points,-2.3798158168468255,-3.578993006462544,-0.5272192430946138,300,300,Percentile CI from PSU-within-stratum design bootstrap; grouped OOF isotonic mapping and the classification metric were recomputed in each replicate.
oak,scssl,10000.0,WTMEC4YR_weighted_sensitivity,discordant_reclassification_pct,percent,16.825376258823855,15.868190667750882,17.642554373157218,300,300,Percentile CI from PSU-within-stratum design bootstrap; grouped OOF isotonic mapping and the classification metric were recomputed in each replicate.
oak,scssl,10000.0,WTMEC4YR_weighted_sensitivity,cohen_kappa,coefficient,0.6310126929891972,0.612338330961804,0.652556834803564,300,300,Percentile CI from PSU-within-stratum design bootstrap; grouped OOF isotonic mapping and the classification metric were recomputed in each replicate.
oak,scssl,10000.0,WTMEC4YR_weighted_sensitivity,positive_agreement,proportion,0.7604446087365254,0.7456455615368323,0.7761864942994794,300,300,Percentile CI from PSU-within-stratum design bootstrap; grouped OOF isotonic mapping and the classification metric were recomputed in each replicate.
oak,scssl,10000.0,WTMEC4YR_weighted_sensitivity,negative_agreement,proportion,0.8703387945482971,0.8628055995401102,0.8783843261342692,300,300,Percentile CI from PSU-within-stratum design bootstrap; grouped OOF isotonic mapping and the classification metric were recomputed in each replicate.
oak,vs,7000.0,unweighted_primary,observed_target_attainment_pct,percent,68.58662965533195,67.66499673025642,69.38805623420735,300,300,Percentile CI from PSU-within-stratum design bootstrap; grouped OOF isotonic mapping and the classification metric were recomputed in each replicate.
oak,vs,7000.0,unweighted_primary,mapped_source_attainment_pct,percent,71.20055517002082,68.01719520671527,71.77804150302403,300,300,Percentile CI from PSU-within-stratum design bootstrap; grouped OOF isotonic mapping and the classification metric were recomputed in each replicate.
oak,vs,7000.0,unweighted_primary,attainment_difference_pp,percentage_points,2.613925514688875,-0.3065189893717221,2.788210077391608,300,300,Percentile CI from PSU-within-stratum design bootstrap; grouped OOF isotonic mapping and the classification metric were recomputed in each replicate.
oak,vs,7000.0,unweighted_primary,discordant_reclassification_pct,percent,6.2456627342123525,5.962943962079196,6.789613906487515,300,300,Percentile CI from PSU-within-stratum design bootstrap; grouped OOF isotonic mapping and the classification metric were recomputed in each replicate.
oak,vs,7000.0,unweighted_primary,cohen_kappa,coefficient,0.8517141089792868,0.8407804305851256,0.8601133206233217,300,300,Percentile CI from PSU-within-stratum design bootstrap; grouped OOF isotonic mapping and the classification metric were recomputed in each replicate.
oak,vs,7000.0,unweighted_primary,positive_agreement,proportion,0.9553202051960946,0.9511199450564822,0.957258019593369,300,300,Percentile CI from PSU-within-stratum design bootstrap; grouped OOF isotonic mapping and the classification metric were recomputed in each replicate.
oak,vs,7000.0,unweighted_primary,negative_agreement,proportion,0.8962735305416827,0.8895138419107621,0.9028176104714424,300,300,Percentile CI from PSU-within-stratum design bootstrap; grouped OOF isotonic mapping and the classification metric were recomputed in each replicate.
oak,vs,7000.0,WTMEC4YR_weighted_sensitivity,observed_target_attainment_pct,percent,70.72319292261237,69.90559351280028,71.51314460984133,300,300,Percentile CI from PSU-within-stratum design bootstrap; grouped OOF isotonic mapping and the classification metric were recomputed in each replicate.
oak,vs,7000.0,WTMEC4YR_weighted_sensitivity,mapped_source_attainment_pct,percent,73.78420799105186,70.98478626693202,74.34882896690554,300,300,Percentile CI from PSU-within-stratum design bootstrap; grouped OOF isotonic mapping and the classification metric were recomputed in each replicate.
oak,vs,7000.0,WTMEC4YR_weighted_sensitivity,attainment_difference_pp,percentage_points,3.0610150684394988,0.2546511292398437,3.394119552560855,300,300,Percentile CI from PSU-within-stratum design bootstrap; grouped OOF isotonic mapping and the classification metric were recomputed in each replicate.
oak,vs,7000.0,WTMEC4YR_weighted_sensitivity,discordant_reclassification_pct,percent,5.954506042324316,5.50022679543828,6.5836952218521745,300,300,Percentile CI from PSU-within-stratum design bootstrap; grouped OOF isotonic mapping and the classification metric were recomputed in each replicate.
oak,vs,7000.0,WTMEC4YR_weighted_sensitivity,cohen_kappa,coefficient,0.8516650704263986,0.8378747242029126,0.8623242831801325,300,300,Percentile CI from PSU-within-stratum design bootstrap; grouped OOF isotonic mapping and the classification metric were recomputed in each replicate.
oak,vs,7000.0,WTMEC4YR_weighted_sensitivity,positive_agreement,proportion,0.9587944561684988,0.9538410863477426,0.9618712415287792,300,300,Percentile CI from PSU-within-stratum design bootstrap; grouped OOF isotonic mapping and the classification metric were recomputed in each replicate.
oak,vs,7000.0,WTMEC4YR_weighted_sensitivity,negative_agreement,proportion,0.8926972940470809,0.8833622036132951,0.901397362405782,300,300,Percentile CI from PSU-within-stratum design bootstrap; grouped OOF isotonic mapping and the classification metric were recomputed in each replicate.
oak,vs,8000.0,unweighted_primary,observed_target_attainment_pct,percent,58.74392782789729,57.51066872551518,59.77673495990216,300,300,Percentile CI from PSU-within-stratum design bootstrap; grouped OOF isotonic mapping and the classification metric were recomputed in each replicate.
oak,vs,8000.0,unweighted_primary,mapped_source_attainment_pct,percent,60.15498496414528,59.22513592162843,61.73013994430518,300,300,Percentile CI from PSU-within-stratum design bootstrap; grouped OOF isotonic mapping and the classification metric were recomputed in each replicate.
oak,vs,8000.0,unweighted_primary,attainment_difference_pp,percentage_points,1.411057136247984,1.1294574296406676,2.3222642396046487,300,300,Percentile CI from PSU-within-stratum design bootstrap; grouped OOF isotonic mapping and the classification metric were recomputed in each replicate.
oak,vs,8000.0,unweighted_primary,discordant_reclassification_pct,percent,7.032153597039094,6.607063146651362,7.406998942290327,300,300,Percentile CI from PSU-within-stratum design bootstrap; grouped OOF isotonic mapping and the classification metric were recomputed in each replicate.
oak,vs,8000.0,unweighted_primary,cohen_kappa,coefficient,0.8541776412751467,0.8466329222610967,0.862566120615116,300,300,Percentile CI from PSU-within-stratum design bootstrap; grouped OOF isotonic mapping and the classification metric were recomputed in each replicate.
oak,vs,8000.0,unweighted_primary,positive_agreement,proportion,0.9408560311284048,0.937451742536735,0.944804159844526,300,300,Percentile CI from PSU-within-stratum design bootstrap; grouped OOF isotonic mapping and the classification metric were recomputed in each replicate.
oak,vs,8000.0,unweighted_primary,negative_agreement,proportion,0.9132915002852252,0.9085343330486548,0.9185088474030396,300,300,Percentile CI from PSU-within-stratum design bootstrap; grouped OOF isotonic mapping and the classification metric were recomputed in each replicate.
oak,vs,8000.0,WTMEC4YR_weighted_sensitivity,observed_target_attainment_pct,percent,60.29697333925708,59.195880297435174,61.33559589284412,300,300,Percentile CI from PSU-within-stratum design bootstrap; grouped OOF isotonic mapping and the classification metric were recomputed in each replicate.
oak,vs,8000.0,WTMEC4YR_weighted_sensitivity,mapped_source_attainment_pct,percent,62.49552744571616,61.82254478218265,64.03618013793393,300,300,Percentile CI from PSU-within-stratum design bootstrap; grouped OOF isotonic mapping and the classification metric were recomputed in each replicate.
oak,vs,8000.0,WTMEC4YR_weighted_sensitivity,attainment_difference_pp,percentage_points,2.198554106459083,1.8221494881601228,3.410502462188084,300,300,Percentile CI from PSU-within-stratum design bootstrap; grouped OOF isotonic mapping and the classification metric were recomputed in each replicate.
oak,vs,8000.0,WTMEC4YR_weighted_sensitivity,discordant_reclassification_pct,percent,7.367103092232359,6.660842862099703,7.851182314970795,300,300,Percentile CI from PSU-within-stratum design bootstrap; grouped OOF isotonic mapping and the classification metric were recomputed in each replicate.
oak,vs,8000.0,WTMEC4YR_weighted_sensitivity,cohen_kappa,coefficient,0.8446633109634619,0.834839991333957,0.8589908763933516,300,300,Percentile CI from PSU-within-stratum design bootstrap; grouped OOF isotonic mapping and the classification metric were recomputed in each replicate.
oak,vs,8000.0,WTMEC4YR_weighted_sensitivity,positive_agreement,proportion,0.9400036399198908,0.935478987239599,0.94624720701104,300,300,Percentile CI from PSU-within-stratum design bootstrap; grouped OOF isotonic mapping and the classification metric were recomputed in each replicate.
oak,vs,8000.0,WTMEC4YR_weighted_sensitivity,negative_agreement,proportion,0.9045804725300762,0.89746284508262,0.9126430579656012,300,300,Percentile CI from PSU-within-stratum design bootstrap; grouped OOF isotonic mapping and the classification metric were recomputed in each replicate.
oak,vs,10000.0,unweighted_primary,observed_target_attainment_pct,percent,39.28984501503586,38.10149177247623,40.41448668759446,300,300,Percentile CI from PSU-within-stratum design bootstrap; grouped OOF isotonic mapping and the classification metric were recomputed in each replicate.
oak,vs,10000.0,unweighted_primary,mapped_source_attainment_pct,percent,39.45176960444136,37.73847447124996,40.80331898036188,300,300,Percentile CI from PSU-within-stratum design bootstrap; grouped OOF isotonic mapping and the classification metric were recomputed in each replicate.
oak,vs,10000.0,unweighted_primary,attainment_difference_pp,percentage_points,0.1619245894055043,-1.2179006444464282,1.1712218674927284,300,300,Percentile CI from PSU-within-stratum design bootstrap; grouped OOF isotonic mapping and the classification metric were recomputed in each replicate.
oak,vs,10000.0,unweighted_primary,discordant_reclassification_pct,percent,8.119361554476058,7.524254581503265,8.407123629514945,300,300,Percentile CI from PSU-within-stratum design bootstrap; grouped OOF isotonic mapping and the classification metric were recomputed in each replicate.
oak,vs,10000.0,unweighted_primary,cohen_kappa,coefficient,0.829927307593437,0.8232333835678555,0.842782158778647,300,300,Percentile CI from PSU-within-stratum design bootstrap; grouped OOF isotonic mapping and the classification metric were recomputed in each replicate.
oak,vs,10000.0,unweighted_primary,positive_agreement,proportion,0.8968860164512339,0.891075749577752,0.9051172202271084,300,300,Percentile CI from PSU-within-stratum design bootstrap; grouped OOF isotonic mapping and the classification metric were recomputed in each replicate.
oak,vs,10000.0,unweighted_primary,negative_agreement,proportion,0.933040824112934,0.9303020255888664,0.9380168978638348,300,300,Percentile CI from PSU-within-stratum design bootstrap; grouped OOF isotonic mapping and the classification metric were recomputed in each replicate.
oak,vs,10000.0,WTMEC4YR_weighted_sensitivity,observed_target_attainment_pct,percent,39.62514592793926,38.57368229205559,40.69993307540425,300,300,Percentile CI from PSU-within-stratum design bootstrap; grouped OOF isotonic mapping and the classification metric were recomputed in each replicate.
oak,vs,10000.0,WTMEC4YR_weighted_sensitivity,mapped_source_attainment_pct,percent,40.25939763665913,38.37538562467008,41.656085257673645,300,300,Percentile CI from PSU-within-stratum design bootstrap; grouped OOF isotonic mapping and the classification metric were recomputed in each replicate.
oak,vs,10000.0,WTMEC4YR_weighted_sensitivity,attainment_difference_pp,percentage_points,0.6342517087198685,-0.8425018940247936,1.7873215593950715,300,300,Percentile CI from PSU-within-stratum design bootstrap; grouped OOF isotonic mapping and the classification metric were recomputed in each replicate.
oak,vs,10000.0,WTMEC4YR_weighted_sensitivity,discordant_reclassification_pct,percent,8.532947610052538,7.796369341939571,9.058200494546,300,300,Percentile CI from PSU-within-stratum design bootstrap; grouped OOF isotonic mapping and the classification metric were recomputed in each replicate.
oak,vs,10000.0,WTMEC4YR_weighted_sensitivity,cohen_kappa,coefficient,0.8221519065465689,0.8110888603873503,0.8374287850320277,300,300,Percentile CI from PSU-within-stratum design bootstrap; grouped OOF isotonic mapping and the classification metric were recomputed in each replicate.
oak,vs,10000.0,WTMEC4YR_weighted_sensitivity,positive_agreement,proportion,0.8931839974380978,0.8863954563630727,0.9025984182004322,300,300,Percentile CI from PSU-within-stratum design bootstrap; grouped OOF isotonic mapping and the classification metric were recomputed in each replicate.
oak,vs,10000.0,WTMEC4YR_weighted_sensitivity,negative_agreement,proportion,0.9289604530234492,0.9243716511676504,0.935544498533498,300,300,Percentile CI from PSU-within-stratum design bootstrap; grouped OOF isotonic mapping and the classification metric were recomputed in each replicate.
oak,vsrev,7000.0,unweighted_primary,observed_target_attainment_pct,percent,59.900532037936614,58.72569837053813,60.88825624004186,300,300,Percentile CI from PSU-within-stratum design bootstrap; grouped OOF isotonic mapping and the classification metric were recomputed in each replicate.
oak,vsrev,7000.0,unweighted_primary,mapped_source_attainment_pct,percent,61.02243812167476,59.50414360601127,62.07437388829409,300,300,Percentile CI from PSU-within-stratum design bootstrap; grouped OOF isotonic mapping and the classification metric were recomputed in each replicate.
oak,vsrev,7000.0,unweighted_primary,attainment_difference_pp,percentage_points,1.1219060837381445,0.4573497536445842,1.4944928939757334,300,300,Percentile CI from PSU-within-stratum design bootstrap; grouped OOF isotonic mapping and the classification metric were recomputed in each replicate.
oak,vsrev,7000.0,unweighted_primary,discordant_reclassification_pct,percent,6.419153365718251,6.000049451854284,6.924744892125041,300,300,Percentile CI from PSU-within-stratum design bootstrap; grouped OOF isotonic mapping and the classification metric were recomputed in each replicate.
oak,vsrev,7000.0,unweighted_primary,cohen_kappa,coefficient,0.8657570674958109,0.855562599756481,0.8747820479450332,300,300,Percentile CI from PSU-within-stratum design bootstrap; grouped OOF isotonic mapping and the classification metric were recomputed in each replicate.
oak,vsrev,7000.0,unweighted_primary,positive_agreement,proportion,0.9469153515064562,0.9420242723723046,0.9503620208475094,300,300,Percentile CI from PSU-within-stratum design bootstrap; grouped OOF isotonic mapping and the classification metric were recomputed in each replicate.
oak,vsrev,7000.0,unweighted_primary,negative_agreement,proportion,0.91882404563405,0.9128196873491516,0.9241014451901034,300,300,Percentile CI from PSU-within-stratum design bootstrap; grouped OOF isotonic mapping and the classification metric were recomputed in each replicate.
oak,vsrev,7000.0,WTMEC4YR_weighted_sensitivity,observed_target_attainment_pct,percent,62.40355686108578,61.37241350048272,63.34047599772471,300,300,Percentile CI from PSU-within-stratum design bootstrap; grouped OOF isotonic mapping and the classification metric were recomputed in each replicate.
oak,vsrev,7000.0,WTMEC4YR_weighted_sensitivity,mapped_source_attainment_pct,percent,63.50918780271041,62.21648248519741,64.43284093217012,300,300,Percentile CI from PSU-within-stratum design bootstrap; grouped OOF isotonic mapping and the classification metric were recomputed in each replicate.
oak,vsrev,7000.0,WTMEC4YR_weighted_sensitivity,attainment_difference_pp,percentage_points,1.1056309416246246,0.2059214000963524,1.5666622438928532,300,300,Percentile CI from PSU-within-stratum design bootstrap; grouped OOF isotonic mapping and the classification metric were recomputed in each replicate.
oak,vsrev,7000.0,WTMEC4YR_weighted_sensitivity,discordant_reclassification_pct,percent,6.647404108423658,6.105569625722224,7.318115631800403,300,300,Percentile CI from PSU-within-stratum design bootstrap; grouped OOF isotonic mapping and the classification metric were recomputed in each replicate.
oak,vsrev,7000.0,WTMEC4YR_weighted_sensitivity,cohen_kappa,coefficient,0.8575009486052924,0.8444578708804451,0.8686744415698883,300,300,Percentile CI from PSU-within-stratum design bootstrap; grouped OOF isotonic mapping and the classification metric were recomputed in each replicate.
oak,vsrev,7000.0,WTMEC4YR_weighted_sensitivity,positive_agreement,proportion,0.9472062647337796,0.9411946069315824,0.9520529801567208,300,300,Percentile CI from PSU-within-stratum design bootstrap; grouped OOF isotonic mapping and the classification metric were recomputed in each replicate.
oak,vsrev,7000.0,WTMEC4YR_weighted_sensitivity,negative_agreement,proportion,0.9102760106544896,0.9028221002110784,0.9173100452845766,300,300,Percentile CI from PSU-within-stratum design bootstrap; grouped OOF isotonic mapping and the classification metric were recomputed in each replicate.
oak,vsrev,8000.0,unweighted_primary,observed_target_attainment_pct,percent,51.3763590099468,50.200312918192054,52.50989656420521,300,300,Percentile CI from PSU-within-stratum design bootstrap; grouped OOF isotonic mapping and the classification metric were recomputed in each replicate.
oak,vsrev,8000.0,unweighted_primary,mapped_source_attainment_pct,percent,52.336340504279434,50.251195615591406,53.69465908954305,300,300,Percentile CI from PSU-within-stratum design bootstrap; grouped OOF isotonic mapping and the classification metric were recomputed in each replicate.
oak,vsrev,8000.0,unweighted_primary,attainment_difference_pp,percentage_points,0.95998149433264,-0.6832028967254064,1.8005644953939282,300,300,Percentile CI from PSU-within-stratum design bootstrap; grouped OOF isotonic mapping and the classification metric were recomputed in each replicate.
oak,vsrev,8000.0,unweighted_primary,discordant_reclassification_pct,percent,7.807078417765441,7.427675866689976,8.147532375058702,300,300,Percentile CI from PSU-within-stratum design bootstrap; grouped OOF isotonic mapping and the classification metric were recomputed in each replicate.
oak,vsrev,8000.0,unweighted_primary,cohen_kappa,coefficient,0.8436573347468703,0.8369791965507458,0.8511200352759165,300,300,Percentile CI from PSU-within-stratum design bootstrap; grouped OOF isotonic mapping and the classification metric were recomputed in each replicate.
oak,vsrev,8000.0,unweighted_primary,positive_agreement,proportion,0.924723987955838,0.920518989053932,0.9288424152130672,300,300,Percentile CI from PSU-within-stratum design bootstrap; grouped OOF isotonic mapping and the classification metric were recomputed in each replicate.
oak,vsrev,8000.0,unweighted_primary,negative_agreement,proportion,0.918918918918919,0.9152740036703052,0.9232169174047504,300,300,Percentile CI from PSU-within-stratum design bootstrap; grouped OOF isotonic mapping and the classification metric were recomputed in each replicate.
oak,vsrev,8000.0,WTMEC4YR_weighted_sensitivity,observed_target_attainment_pct,percent,53.33706868189915,52.20903438071168,54.38500244684104,300,300,Percentile CI from PSU-within-stratum design bootstrap; grouped OOF isotonic mapping and the classification metric were recomputed in each replicate.
oak,vsrev,8000.0,WTMEC4YR_weighted_sensitivity,mapped_source_attainment_pct,percent,54.474420536831936,52.26340325726069,55.84571627467002,300,300,Percentile CI from PSU-within-stratum design bootstrap; grouped OOF isotonic mapping and the classification metric were recomputed in each replicate.
oak,vsrev,8000.0,WTMEC4YR_weighted_sensitivity,attainment_difference_pp,percentage_points,1.1373518549327888,-0.6296228495842551,2.218833816611236,300,300,Percentile CI from PSU-within-stratum design bootstrap; grouped OOF isotonic mapping and the classification metric were recomputed in each replicate.
oak,vsrev,8000.0,WTMEC4YR_weighted_sensitivity,discordant_reclassification_pct,percent,8.346909554044233,7.765047320019469,8.902466564773679,300,300,Percentile CI from PSU-within-stratum design bootstrap; grouped OOF isotonic mapping and the classification metric were recomputed in each replicate.
oak,vsrev,8000.0,WTMEC4YR_weighted_sensitivity,cohen_kappa,coefficient,0.8320587665582364,0.8212043177125259,0.8438178162884844,300,300,Percentile CI from PSU-within-stratum design bootstrap; grouped OOF isotonic mapping and the classification metric were recomputed in each replicate.
oak,vsrev,8000.0,WTMEC4YR_weighted_sensitivity,positive_agreement,proportion,0.922578663790556,0.91630817939478,0.9280004006754512,300,300,Percentile CI from PSU-within-stratum design bootstrap; grouped OOF isotonic mapping and the classification metric were recomputed in each replicate.
oak,vsrev,8000.0,WTMEC4YR_weighted_sensitivity,negative_agreement,proportion,0.909458245031764,0.9040634762535878,0.9157362064161638,300,300,Percentile CI from PSU-within-stratum design bootstrap; grouped OOF isotonic mapping and the classification metric were recomputed in each replicate.
oak,vsrev,10000.0,unweighted_primary,observed_target_attainment_pct,percent,34.605597964376585,33.42330005652741,35.6798181701706,300,300,Percentile CI from PSU-within-stratum design bootstrap; grouped OOF isotonic mapping and the classification metric were recomputed in each replicate.
oak,vsrev,10000.0,unweighted_primary,mapped_source_attainment_pct,percent,35.64654175341198,34.221861361399945,36.81151445394568,300,300,Percentile CI from PSU-within-stratum design bootstrap; grouped OOF isotonic mapping and the classification metric were recomputed in each replicate.
oak,vsrev,10000.0,unweighted_primary,attainment_difference_pp,percentage_points,1.0409437890353923,0.0799787504800188,1.713496241171058,300,300,Percentile CI from PSU-within-stratum design bootstrap; grouped OOF isotonic mapping and the classification metric were recomputed in each replicate.
oak,vsrev,10000.0,unweighted_primary,discordant_reclassification_pct,percent,7.009021512838307,6.495722556006909,7.582489618833697,300,300,Percentile CI from PSU-within-stratum design bootstrap; grouped OOF isotonic mapping and the classification metric were recomputed in each replicate.
oak,vsrev,10000.0,unweighted_primary,cohen_kappa,coefficient,0.8462284459102595,0.8336848189199356,0.8571691806942848,300,300,Percentile CI from PSU-within-stratum design bootstrap; grouped OOF isotonic mapping and the classification metric were recomputed in each replicate.
oak,vsrev,10000.0,unweighted_primary,positive_agreement,proportion,0.9002304906157392,0.8919020712001088,0.9074001153252936,300,300,Percentile CI from PSU-within-stratum design bootstrap; grouped OOF isotonic mapping and the classification metric were recomputed in each replicate.
oak,vsrev,10000.0,unweighted_primary,negative_agreement,proportion,0.9459796755214832,0.9414185853299942,0.9498705489330562,300,300,Percentile CI from PSU-within-stratum design bootstrap; grouped OOF isotonic mapping and the classification metric were recomputed in each replicate.
oak,vsrev,10000.0,WTMEC4YR_weighted_sensitivity,observed_target_attainment_pct,percent,35.26419613458567,34.05812760510733,36.34594931887302,300,300,Percentile CI from PSU-within-stratum design bootstrap; grouped OOF isotonic mapping and the classification metric were recomputed in each replicate.
oak,vsrev,10000.0,WTMEC4YR_weighted_sensitivity,mapped_source_attainment_pct,percent,36.22410229812921,34.69422157835571,37.37920191817319,300,300,Percentile CI from PSU-within-stratum design bootstrap; grouped OOF isotonic mapping and the classification metric were recomputed in each replicate.
oak,vsrev,10000.0,WTMEC4YR_weighted_sensitivity,attainment_difference_pp,percentage_points,0.9599061635435446,-0.1146037210674896,1.8155814685630525,300,300,Percentile CI from PSU-within-stratum design bootstrap; grouped OOF isotonic mapping and the classification metric were recomputed in each replicate.
oak,vsrev,10000.0,WTMEC4YR_weighted_sensitivity,discordant_reclassification_pct,percent,7.749836614612526,7.103213764318549,8.369266554551771,300,300,Percentile CI from PSU-within-stratum design bootstrap; grouped OOF isotonic mapping and the classification metric were recomputed in each replicate.
oak,vsrev,10000.0,WTMEC4YR_weighted_sensitivity,cohen_kappa,coefficient,0.8313053331934793,0.817114975780327,0.8450209199171432,300,300,Percentile CI from PSU-within-stratum design bootstrap; grouped OOF isotonic mapping and the classification metric were recomputed in each replicate.
oak,vsrev,10000.0,WTMEC4YR_weighted_sensitivity,positive_agreement,proportion,0.891592935004507,0.8814326602730798,0.9003704577485019,300,300,Percentile CI from PSU-within-stratum design bootstrap; grouped OOF isotonic mapping and the classification metric were recomputed in each replicate.
oak,vsrev,10000.0,WTMEC4YR_weighted_sensitivity,negative_agreement,proportion,0.9396954789322828,0.9341408845277556,0.9449997013258722,300,300,Percentile CI from PSU-within-stratum design bootstrap; grouped OOF isotonic mapping and the classification metric were recomputed in each replicate.
scrf,acti,7000.0,unweighted_primary,observed_target_attainment_pct,percent,88.11010872079575,87.4748649376959,88.68003991228,300,300,Percentile CI from PSU-within-stratum design bootstrap; grouped OOF isotonic mapping and the classification metric were recomputed in each replicate.
scrf,acti,7000.0,unweighted_primary,mapped_source_attainment_pct,percent,89.82188295165395,88.7062854048792,90.62309320826652,300,300,Percentile CI from PSU-within-stratum design bootstrap; grouped OOF isotonic mapping and the classification metric were recomputed in each replicate.
scrf,acti,7000.0,unweighted_primary,attainment_difference_pp,percentage_points,1.7117742308581985,0.6475792934576733,2.2186325770108426,300,300,Percentile CI from PSU-within-stratum design bootstrap; grouped OOF isotonic mapping and the classification metric were recomputed in each replicate.
scrf,acti,7000.0,unweighted_primary,discordant_reclassification_pct,percent,5.528568123987972,5.024152202006447,5.797439561735711,300,300,Percentile CI from PSU-within-stratum design bootstrap; grouped OOF isotonic mapping and the classification metric were recomputed in each replicate.
scrf,acti,7000.0,unweighted_primary,cohen_kappa,coefficient,0.7186146278332662,0.7054959144801959,0.7460949318304614,300,300,Percentile CI from PSU-within-stratum design bootstrap; grouped OOF isotonic mapping and the classification metric were recomputed in each replicate.
scrf,acti,7000.0,unweighted_primary,positive_agreement,proportion,0.968928757150286,0.9672747089084662,0.9717441237746274,300,300,Percentile CI from PSU-within-stratum design bootstrap; grouped OOF isotonic mapping and the classification metric were recomputed in each replicate.
scrf,acti,7000.0,unweighted_primary,negative_agreement,proportion,0.749475890985325,0.7374270773070447,0.7745785278947288,300,300,Percentile CI from PSU-within-stratum design bootstrap; grouped OOF isotonic mapping and the classification metric were recomputed in each replicate.
scrf,acti,7000.0,WTMEC4YR_weighted_sensitivity,observed_target_attainment_pct,percent,89.46378588203736,88.85393293798256,90.1208112158426,300,300,Percentile CI from PSU-within-stratum design bootstrap; grouped OOF isotonic mapping and the classification metric were recomputed in each replicate.
scrf,acti,7000.0,WTMEC4YR_weighted_sensitivity,mapped_source_attainment_pct,percent,91.87620307747426,90.68475378264502,92.6083325716716,300,300,Percentile CI from PSU-within-stratum design bootstrap; grouped OOF isotonic mapping and the classification metric were recomputed in each replicate.
scrf,acti,7000.0,WTMEC4YR_weighted_sensitivity,attainment_difference_pp,percentage_points,2.4124171954369,1.5333936716722292,2.8850274788358408,300,300,Percentile CI from PSU-within-stratum design bootstrap; grouped OOF isotonic mapping and the classification metric were recomputed in each replicate.
scrf,acti,7000.0,WTMEC4YR_weighted_sensitivity,discordant_reclassification_pct,percent,5.341972685519112,4.827808730643837,5.703806919612695,300,300,Percentile CI from PSU-within-stratum design bootstrap; grouped OOF isotonic mapping and the classification metric were recomputed in each replicate.
scrf,acti,7000.0,WTMEC4YR_weighted_sensitivity,cohen_kappa,coefficient,0.6848045914257886,0.6622801960828397,0.7234333935516565,300,300,Percentile CI from PSU-within-stratum design bootstrap; grouped OOF isotonic mapping and the classification metric were recomputed in each replicate.
scrf,acti,7000.0,WTMEC4YR_weighted_sensitivity,positive_agreement,proportion,0.9705416730409536,0.9684223456391304,0.9733359981078352,300,300,Percentile CI from PSU-within-stratum design bootstrap; grouped OOF isotonic mapping and the classification metric were recomputed in each replicate.
scrf,acti,7000.0,WTMEC4YR_weighted_sensitivity,negative_agreement,proportion,0.7137208186035828,0.6925629164422663,0.7495988399416785,300,300,Percentile CI from PSU-within-stratum design bootstrap; grouped OOF isotonic mapping and the classification metric were recomputed in each replicate.
scrf,acti,8000.0,unweighted_primary,observed_target_attainment_pct,percent,82.65093684941013,81.84912972558652,83.36384855540018,300,300,Percentile CI from PSU-within-stratum design bootstrap; grouped OOF isotonic mapping and the classification metric were recomputed in each replicate.
scrf,acti,8000.0,unweighted_primary,mapped_source_attainment_pct,percent,83.00948415452231,81.8000324929009,84.06719843230327,300,300,Percentile CI from PSU-within-stratum design bootstrap; grouped OOF isotonic mapping and the classification metric were recomputed in each replicate.
scrf,acti,8000.0,unweighted_primary,attainment_difference_pp,percentage_points,0.358547305112189,-0.4838584981013794,1.2645528862522106,300,300,Percentile CI from PSU-within-stratum design bootstrap; grouped OOF isotonic mapping and the classification metric were recomputed in each replicate.
scrf,acti,8000.0,unweighted_primary,discordant_reclassification_pct,percent,6.326625028915105,5.992285215749908,6.8709128660646925,300,300,Percentile CI from PSU-within-stratum design bootstrap; grouped OOF isotonic mapping and the classification metric were recomputed in each replicate.
scrf,acti,8000.0,unweighted_primary,cohen_kappa,coefficient,0.7775775862774419,0.7619882991414677,0.7912308406415605,300,300,Percentile CI from PSU-within-stratum design bootstrap; grouped OOF isotonic mapping and the classification metric were recomputed in each replicate.
scrf,acti,8000.0,unweighted_primary,positive_agreement,proportion,0.961809676743699,0.9583735034316224,0.9637611512134986,300,300,Percentile CI from PSU-within-stratum design bootstrap; grouped OOF isotonic mapping and the classification metric were recomputed in each replicate.
scrf,acti,8000.0,unweighted_primary,negative_agreement,proportion,0.8157628831256315,0.802879944102775,0.8274566799442007,300,300,Percentile CI from PSU-within-stratum design bootstrap; grouped OOF isotonic mapping and the classification metric were recomputed in each replicate.
scrf,acti,8000.0,WTMEC4YR_weighted_sensitivity,observed_target_attainment_pct,percent,84.43691471024445,83.81862982612455,84.98121422713734,300,300,Percentile CI from PSU-within-stratum design bootstrap; grouped OOF isotonic mapping and the classification metric were recomputed in each replicate.
scrf,acti,8000.0,WTMEC4YR_weighted_sensitivity,mapped_source_attainment_pct,percent,85.24494644863377,84.08878285230733,86.31857924102954,300,300,Percentile CI from PSU-within-stratum design bootstrap; grouped OOF isotonic mapping and the classification metric were recomputed in each replicate.
scrf,acti,8000.0,WTMEC4YR_weighted_sensitivity,attainment_difference_pp,percentage_points,0.8080317383893143,-0.1198147362941942,1.6810491215670058,300,300,Percentile CI from PSU-within-stratum design bootstrap; grouped OOF isotonic mapping and the classification metric were recomputed in each replicate.
scrf,acti,8000.0,WTMEC4YR_weighted_sensitivity,discordant_reclassification_pct,percent,5.8202978792924185,5.393085296154178,6.33637820682034,300,300,Percentile CI from PSU-within-stratum design bootstrap; grouped OOF isotonic mapping and the classification metric were recomputed in each replicate.
scrf,acti,8000.0,WTMEC4YR_weighted_sensitivity,cohen_kappa,coefficient,0.7737533614041207,0.7505521031269671,0.7935933693084948,300,300,Percentile CI from PSU-within-stratum design bootstrap; grouped OOF isotonic mapping and the classification metric were recomputed in each replicate.
scrf,acti,8000.0,WTMEC4YR_weighted_sensitivity,positive_agreement,proportion,0.9656987621449844,0.9624046884817168,0.9681484112193652,300,300,Percentile CI from PSU-within-stratum design bootstrap; grouped OOF isotonic mapping and the classification metric were recomputed in each replicate.
scrf,acti,8000.0,WTMEC4YR_weighted_sensitivity,negative_agreement,proportion,0.8080258847750212,0.7879195327264072,0.8257741985631991,300,300,Percentile CI from PSU-within-stratum design bootstrap; grouped OOF isotonic mapping and the classification metric were recomputed in each replicate.
scrf,acti,10000.0,unweighted_primary,observed_target_attainment_pct,percent,66.06523247744622,65.060654672783,66.91249500015132,300,300,Percentile CI from PSU-within-stratum design bootstrap; grouped OOF isotonic mapping and the classification metric were recomputed in each replicate.
scrf,acti,10000.0,unweighted_primary,mapped_source_attainment_pct,percent,67.14087439278279,65.98645158687033,68.60426443398012,300,300,Percentile CI from PSU-within-stratum design bootstrap; grouped OOF isotonic mapping and the classification metric were recomputed in each replicate.
scrf,acti,10000.0,unweighted_primary,attainment_difference_pp,percentage_points,1.075641915336567,0.300256437605215,2.279950148791446,300,300,Percentile CI from PSU-within-stratum design bootstrap; grouped OOF isotonic mapping and the classification metric were recomputed in each replicate.
scrf,acti,10000.0,unweighted_primary,discordant_reclassification_pct,percent,9.403192227619709,8.870357471311731,10.074389737978878,300,300,Percentile CI from PSU-within-stratum design bootstrap; grouped OOF isotonic mapping and the classification metric were recomputed in each replicate.
scrf,acti,10000.0,unweighted_primary,cohen_kappa,coefficient,0.7886569622986548,0.7729433062993839,0.7999308902892057,300,300,Percentile CI from PSU-within-stratum design bootstrap; grouped OOF isotonic mapping and the classification metric were recomputed in each replicate.
scrf,acti,10000.0,unweighted_primary,positive_agreement,proportion,0.9294087001823392,0.924314068776138,0.9333915158815196,300,300,Percentile CI from PSU-within-stratum design bootstrap; grouped OOF isotonic mapping and the classification metric were recomputed in each replicate.
scrf,acti,10000.0,unweighted_primary,negative_agreement,proportion,0.8592207792207792,0.8478534433169451,0.8682511657247931,300,300,Percentile CI from PSU-within-stratum design bootstrap; grouped OOF isotonic mapping and the classification metric were recomputed in each replicate.
scrf,acti,10000.0,WTMEC4YR_weighted_sensitivity,observed_target_attainment_pct,percent,67.68682301987572,66.80945461795672,68.45494539727659,300,300,Percentile CI from PSU-within-stratum design bootstrap; grouped OOF isotonic mapping and the classification metric were recomputed in each replicate.
scrf,acti,10000.0,WTMEC4YR_weighted_sensitivity,mapped_source_attainment_pct,percent,69.69231286697611,68.67510390398597,71.23080513053728,300,300,Percentile CI from PSU-within-stratum design bootstrap; grouped OOF isotonic mapping and the classification metric were recomputed in each replicate.
scrf,acti,10000.0,WTMEC4YR_weighted_sensitivity,attainment_difference_pp,percentage_points,2.0054898471003946,1.0661331848983933,3.273960444693572,300,300,Percentile CI from PSU-within-stratum design bootstrap; grouped OOF isotonic mapping and the classification metric were recomputed in each replicate.
scrf,acti,10000.0,WTMEC4YR_weighted_sensitivity,discordant_reclassification_pct,percent,8.941917237827719,8.469600579209319,9.756178924981205,300,300,Percentile CI from PSU-within-stratum design bootstrap; grouped OOF isotonic mapping and the classification metric were recomputed in each replicate.
scrf,acti,10000.0,WTMEC4YR_weighted_sensitivity,cohen_kappa,coefficient,0.792213268949771,0.7700273329920218,0.8042558156280745,300,300,Percentile CI from PSU-within-stratum design bootstrap; grouped OOF isotonic mapping and the classification metric were recomputed in each replicate.
scrf,acti,10000.0,WTMEC4YR_weighted_sensitivity,positive_agreement,proportion,0.9349106603407924,0.9290848984876042,0.9383974543586656,300,300,Percentile CI from PSU-within-stratum design bootstrap; grouped OOF isotonic mapping and the classification metric were recomputed in each replicate.
scrf,acti,10000.0,WTMEC4YR_weighted_sensitivity,negative_agreement,proportion,0.8572054639541418,0.8409617256002869,0.8661498730983822,300,300,Percentile CI from PSU-within-stratum design bootstrap; grouped OOF isotonic mapping and the classification metric were recomputed in each replicate.
scrf,adept,7000.0,unweighted_primary,observed_target_attainment_pct,percent,1.4341892204487623,1.164071105268029,1.68782658863265,300,300,Percentile CI from PSU-within-stratum design bootstrap; grouped OOF isotonic mapping and the classification metric were recomputed in each replicate.
scrf,adept,7000.0,unweighted_primary,mapped_source_attainment_pct,percent,0.0,0.0,0.3849458610466766,300,300,Percentile CI from PSU-within-stratum design bootstrap; grouped OOF isotonic mapping and the classification metric were recomputed in each replicate.
scrf,adept,7000.0,unweighted_primary,attainment_difference_pp,percentage_points,-1.4341892204487623,-1.6439742850842265,-0.9863517722742338,300,300,Percentile CI from PSU-within-stratum design bootstrap; grouped OOF isotonic mapping and the classification metric were recomputed in each replicate.
scrf,adept,7000.0,unweighted_primary,discordant_reclassification_pct,percent,1.4341892204487623,1.164071105268029,1.77471761987659,300,300,Percentile CI from PSU-within-stratum design bootstrap; grouped OOF isotonic mapping and the classification metric were recomputed in each replicate.
scrf,adept,7000.0,unweighted_primary,cohen_kappa,coefficient,0.0,0.0,0.1402925721870706,300,300,Percentile CI from PSU-within-stratum design bootstrap; grouped OOF isotonic mapping and the classification metric were recomputed in each replicate.
scrf,adept,7000.0,unweighted_primary,positive_agreement,proportion,0.0,0.0,0.1455243527863095,300,300,Percentile CI from PSU-within-stratum design bootstrap; grouped OOF isotonic mapping and the classification metric were recomputed in each replicate.
scrf,adept,7000.0,unweighted_primary,negative_agreement,proportion,0.9927772600186392,0.9910443755276112,0.9941455688891224,300,300,Percentile CI from PSU-within-stratum design bootstrap; grouped OOF isotonic mapping and the classification metric were recomputed in each replicate.
scrf,adept,7000.0,WTMEC4YR_weighted_sensitivity,observed_target_attainment_pct,percent,1.257298010862412,0.9877888153089456,1.5252543971542614,300,300,Percentile CI from PSU-within-stratum design bootstrap; grouped OOF isotonic mapping and the classification metric were recomputed in each replicate.
scrf,adept,7000.0,WTMEC4YR_weighted_sensitivity,mapped_source_attainment_pct,percent,0.0,0.0,0.2855955827748769,300,300,Percentile CI from PSU-within-stratum design bootstrap; grouped OOF isotonic mapping and the classification metric were recomputed in each replicate.
scrf,adept,7000.0,WTMEC4YR_weighted_sensitivity,attainment_difference_pp,percentage_points,-1.257298010862412,-1.4655451042875651,-0.8488820588913626,300,300,Percentile CI from PSU-within-stratum design bootstrap; grouped OOF isotonic mapping and the classification metric were recomputed in each replicate.
scrf,adept,7000.0,WTMEC4YR_weighted_sensitivity,discordant_reclassification_pct,percent,1.257298010862412,0.9946286297457152,1.584706838492564,300,300,Percentile CI from PSU-within-stratum design bootstrap; grouped OOF isotonic mapping and the classification metric were recomputed in each replicate.
scrf,adept,7000.0,WTMEC4YR_weighted_sensitivity,cohen_kappa,coefficient,-8.830229707145021e-15,-2.0099393262354576e-14,0.1442746022279562,300,300,Percentile CI from PSU-within-stratum design bootstrap; grouped OOF isotonic mapping and the classification metric were recomputed in each replicate.
scrf,adept,7000.0,WTMEC4YR_weighted_sensitivity,positive_agreement,proportion,0.0,0.0,0.147903790738563,300,300,Percentile CI from PSU-within-stratum design bootstrap; grouped OOF isotonic mapping and the classification metric were recomputed in each replicate.
scrf,adept,7000.0,WTMEC4YR_weighted_sensitivity,negative_agreement,proportion,0.9936737399749596,0.9920057121554516,0.9950020006696808,300,300,Percentile CI from PSU-within-stratum design bootstrap; grouped OOF isotonic mapping and the classification metric were recomputed in each replicate.
scrf,adept,8000.0,unweighted_primary,observed_target_attainment_pct,percent,0.7864908628267407,0.6136729862567414,0.9493834384179236,300,300,Percentile CI from PSU-within-stratum design bootstrap; grouped OOF isotonic mapping and the classification metric were recomputed in each replicate.
scrf,adept,8000.0,unweighted_primary,mapped_source_attainment_pct,percent,0.0,0.0,0.0,300,300,Percentile CI from PSU-within-stratum design bootstrap; grouped OOF isotonic mapping and the classification metric were recomputed in each replicate.
scrf,adept,8000.0,unweighted_primary,attainment_difference_pp,percentage_points,-0.7864908628267407,-0.9493834384179236,-0.6136729862567415,300,300,Percentile CI from PSU-within-stratum design bootstrap; grouped OOF isotonic mapping and the classification metric were recomputed in each replicate.
scrf,adept,8000.0,unweighted_primary,discordant_reclassification_pct,percent,0.7864908628267407,0.6136729862567414,0.9493834384179236,300,300,Percentile CI from PSU-within-stratum design bootstrap; grouped OOF isotonic mapping and the classification metric were recomputed in each replicate.
scrf,adept,8000.0,unweighted_primary,cohen_kappa,coefficient,0.0,0.0,0.0,300,300,Percentile CI from PSU-within-stratum design bootstrap; grouped OOF isotonic mapping and the classification metric were recomputed in each replicate.
scrf,adept,8000.0,unweighted_primary,positive_agreement,proportion,0.0,0.0,0.0,300,300,Percentile CI from PSU-within-stratum design bootstrap; grouped OOF isotonic mapping and the classification metric were recomputed in each replicate.
scrf,adept,8000.0,unweighted_primary,negative_agreement,proportion,0.9960520204366,0.9952304418201762,0.9969221911694478,300,300,Percentile CI from PSU-within-stratum design bootstrap; grouped OOF isotonic mapping and the classification metric were recomputed in each replicate.
scrf,adept,8000.0,WTMEC4YR_weighted_sensitivity,observed_target_attainment_pct,percent,0.636989421559268,0.4707325895446129,0.8157902000506926,300,300,Percentile CI from PSU-within-stratum design bootstrap; grouped OOF isotonic mapping and the classification metric were recomputed in each replicate.
scrf,adept,8000.0,WTMEC4YR_weighted_sensitivity,mapped_source_attainment_pct,percent,0.0,0.0,0.0,300,300,Percentile CI from PSU-within-stratum design bootstrap; grouped OOF isotonic mapping and the classification metric were recomputed in each replicate.
scrf,adept,8000.0,WTMEC4YR_weighted_sensitivity,attainment_difference_pp,percentage_points,-0.636989421559268,-0.8157902000506928,-0.4707325895446129,300,300,Percentile CI from PSU-within-stratum design bootstrap; grouped OOF isotonic mapping and the classification metric were recomputed in each replicate.
scrf,adept,8000.0,WTMEC4YR_weighted_sensitivity,discordant_reclassification_pct,percent,0.636989421559268,0.4707325895446129,0.8157902000506926,300,300,Percentile CI from PSU-within-stratum design bootstrap; grouped OOF isotonic mapping and the classification metric were recomputed in each replicate.
scrf,adept,8000.0,WTMEC4YR_weighted_sensitivity,cohen_kappa,coefficient,-1.742922232377863e-14,-3.8770278048632185e-14,3.7554120141920404e-14,300,300,Percentile CI from PSU-within-stratum design bootstrap; grouped OOF isotonic mapping and the classification metric were recomputed in each replicate.
scrf,adept,8000.0,WTMEC4YR_weighted_sensitivity,positive_agreement,proportion,0.0,0.0,0.0,300,300,Percentile CI from PSU-within-stratum design bootstrap; grouped OOF isotonic mapping and the classification metric were recomputed in each replicate.
scrf,adept,8000.0,WTMEC4YR_weighted_sensitivity,negative_agreement,proportion,0.99680487659315,0.9959043427645112,0.9976407842507544,300,300,Percentile CI from PSU-within-stratum design bootstrap; grouped OOF isotonic mapping and the classification metric were recomputed in each replicate.
scrf,adept,10000.0,unweighted_primary,observed_target_attainment_pct,percent,0.1966227157066851,0.1275551225008112,0.2634193972435134,300,300,Percentile CI from PSU-within-stratum design bootstrap; grouped OOF isotonic mapping and the classification metric were recomputed in each replicate.
scrf,adept,10000.0,unweighted_primary,mapped_source_attainment_pct,percent,0.0,0.0,0.0,300,300,Percentile CI from PSU-within-stratum design bootstrap; grouped OOF isotonic mapping and the classification metric were recomputed in each replicate.
scrf,adept,10000.0,unweighted_primary,attainment_difference_pp,percentage_points,-0.1966227157066851,-0.2634193972435134,-0.1275551225008112,300,300,Percentile CI from PSU-within-stratum design bootstrap; grouped OOF isotonic mapping and the classification metric were recomputed in each replicate.
scrf,adept,10000.0,unweighted_primary,discordant_reclassification_pct,percent,0.1966227157066851,0.1275551225008112,0.2634193972435134,300,300,Percentile CI from PSU-within-stratum design bootstrap; grouped OOF isotonic mapping and the classification metric were recomputed in each replicate.
scrf,adept,10000.0,unweighted_primary,cohen_kappa,coefficient,0.0,0.0,0.0,300,300,Percentile CI from PSU-within-stratum design bootstrap; grouped OOF isotonic mapping and the classification metric were recomputed in each replicate.
scrf,adept,10000.0,unweighted_primary,positive_agreement,proportion,0.0,0.0,0.0,300,300,Percentile CI from PSU-within-stratum design bootstrap; grouped OOF isotonic mapping and the classification metric were recomputed in each replicate.
scrf,adept,10000.0,unweighted_primary,negative_agreement,proportion,0.999015918958032,0.9986811659811922,0.9993618173700676,300,300,Percentile CI from PSU-within-stratum design bootstrap; grouped OOF isotonic mapping and the classification metric were recomputed in each replicate.
scrf,adept,10000.0,WTMEC4YR_weighted_sensitivity,observed_target_attainment_pct,percent,0.1567044574581063,0.0955464616585368,0.2244250691921725,300,300,Percentile CI from PSU-within-stratum design bootstrap; grouped OOF isotonic mapping and the classification metric were recomputed in each replicate.
scrf,adept,10000.0,WTMEC4YR_weighted_sensitivity,mapped_source_attainment_pct,percent,0.0,0.0,0.0,300,300,Percentile CI from PSU-within-stratum design bootstrap; grouped OOF isotonic mapping and the classification metric were recomputed in each replicate.
scrf,adept,10000.0,WTMEC4YR_weighted_sensitivity,attainment_difference_pp,percentage_points,-0.1567044574581063,-0.2244250691921726,-0.0955464616585368,300,300,Percentile CI from PSU-within-stratum design bootstrap; grouped OOF isotonic mapping and the classification metric were recomputed in each replicate.
scrf,adept,10000.0,WTMEC4YR_weighted_sensitivity,discordant_reclassification_pct,percent,0.1567044574581063,0.0955464616585368,0.2244250691921725,300,300,Percentile CI from PSU-within-stratum design bootstrap; grouped OOF isotonic mapping and the classification metric were recomputed in each replicate.
scrf,adept,10000.0,WTMEC4YR_weighted_sensitivity,cohen_kappa,coefficient,-7.084820959365515e-14,-1.7225683495388242e-13,1.5055967413718297e-13,300,300,Percentile CI from PSU-within-stratum design bootstrap; grouped OOF isotonic mapping and the classification metric were recomputed in each replicate.
scrf,adept,10000.0,WTMEC4YR_weighted_sensitivity,positive_agreement,proportion,0.0,0.0,0.0,300,300,Percentile CI from PSU-within-stratum design bootstrap; grouped OOF isotonic mapping and the classification metric were recomputed in each replicate.
scrf,adept,10000.0,WTMEC4YR_weighted_sensitivity,negative_agreement,proportion,0.9992158633241476,0.9988766140163072,0.9995220393537336,300,300,Percentile CI from PSU-within-stratum design bootstrap; grouped OOF isotonic mapping and the classification metric were recomputed in each replicate.
scrf,oak,7000.0,unweighted_primary,observed_target_attainment_pct,percent,78.94980337728428,78.08902994263754,79.79065121869183,300,300,Percentile CI from PSU-within-stratum design bootstrap; grouped OOF isotonic mapping and the classification metric were recomputed in each replicate.
scrf,oak,7000.0,unweighted_primary,mapped_source_attainment_pct,percent,79.74786028221142,78.80382176958514,81.41827621625731,300,300,Percentile CI from PSU-within-stratum design bootstrap; grouped OOF isotonic mapping and the classification metric were recomputed in each replicate.
scrf,oak,7000.0,unweighted_primary,attainment_difference_pp,percentage_points,0.7980569049271358,0.4166543584860438,2.076204101789449,300,300,Percentile CI from PSU-within-stratum design bootstrap; grouped OOF isotonic mapping and the classification metric were recomputed in each replicate.
scrf,oak,7000.0,unweighted_primary,discordant_reclassification_pct,percent,5.4476058292852185,5.087093756540713,5.92203058524057,300,300,Percentile CI from PSU-within-stratum design bootstrap; grouped OOF isotonic mapping and the classification metric were recomputed in each replicate.
scrf,oak,7000.0,unweighted_primary,cohen_kappa,coefficient,0.8337933783395166,0.8186696250234959,0.8460714230839851,300,300,Percentile CI from PSU-within-stratum design bootstrap; grouped OOF isotonic mapping and the classification metric were recomputed in each replicate.
scrf,oak,7000.0,unweighted_primary,positive_agreement,proportion,0.9656730558997156,0.9626471446708464,0.968355412245158,300,300,Percentile CI from PSU-within-stratum design bootstrap; grouped OOF isotonic mapping and the classification metric were recomputed in each replicate.
scrf,oak,7000.0,unweighted_primary,negative_agreement,proportion,0.8681041725007,0.8548468935132806,0.8773098828605689,300,300,Percentile CI from PSU-within-stratum design bootstrap; grouped OOF isotonic mapping and the classification metric were recomputed in each replicate.
scrf,oak,7000.0,WTMEC4YR_weighted_sensitivity,observed_target_attainment_pct,percent,81.39859010675781,80.62792708439603,82.08164460311282,300,300,Percentile CI from PSU-within-stratum design bootstrap; grouped OOF isotonic mapping and the classification metric were recomputed in each replicate.
scrf,oak,7000.0,WTMEC4YR_weighted_sensitivity,mapped_source_attainment_pct,percent,82.06051300366407,81.2542222392646,83.7149525247836,300,300,Percentile CI from PSU-within-stratum design bootstrap; grouped OOF isotonic mapping and the classification metric were recomputed in each replicate.
scrf,oak,7000.0,WTMEC4YR_weighted_sensitivity,attainment_difference_pp,percentage_points,0.661922896906264,0.1920679178257858,1.9818959225596968,300,300,Percentile CI from PSU-within-stratum design bootstrap; grouped OOF isotonic mapping and the classification metric were recomputed in each replicate.
scrf,oak,7000.0,WTMEC4YR_weighted_sensitivity,discordant_reclassification_pct,percent,5.139288131010216,4.794981308383349,5.616058475647554,300,300,Percentile CI from PSU-within-stratum design bootstrap; grouped OOF isotonic mapping and the classification metric were recomputed in each replicate.
scrf,oak,7000.0,WTMEC4YR_weighted_sensitivity,cohen_kappa,coefficient,0.8279269757176279,0.8062105362167048,0.8410997384803864,300,300,Percentile CI from PSU-within-stratum design bootstrap; grouped OOF isotonic mapping and the classification metric were recomputed in each replicate.
scrf,oak,7000.0,WTMEC4YR_weighted_sensitivity,positive_agreement,proportion,0.9685591806561028,0.965784673720255,0.970495012161891,300,300,Percentile CI from PSU-within-stratum design bootstrap; grouped OOF isotonic mapping and the classification metric were recomputed in each replicate.
scrf,oak,7000.0,WTMEC4YR_weighted_sensitivity,negative_agreement,proportion,0.8593551727386307,0.8402441527151949,0.870679779606046,300,300,Percentile CI from PSU-within-stratum design bootstrap; grouped OOF isotonic mapping and the classification metric were recomputed in each replicate.
scrf,oak,8000.0,unweighted_primary,observed_target_attainment_pct,percent,72.60004626416841,71.58833045185226,73.37633713468321,300,300,Percentile CI from PSU-within-stratum design bootstrap; grouped OOF isotonic mapping and the classification metric were recomputed in each replicate.
scrf,oak,8000.0,unweighted_primary,mapped_source_attainment_pct,percent,73.4674994216979,72.41689133257896,74.41872490337894,300,300,Percentile CI from PSU-within-stratum design bootstrap; grouped OOF isotonic mapping and the classification metric were recomputed in each replicate.
scrf,oak,8000.0,unweighted_primary,attainment_difference_pp,percentage_points,0.8674531575294853,0.4015793087663066,1.4359543618369262,300,300,Percentile CI from PSU-within-stratum design bootstrap; grouped OOF isotonic mapping and the classification metric were recomputed in each replicate.
scrf,oak,8000.0,unweighted_primary,discordant_reclassification_pct,percent,6.858662965533195,6.525645751477528,7.366523378214265,300,300,Percentile CI from PSU-within-stratum design bootstrap; grouped OOF isotonic mapping and the classification metric were recomputed in each replicate.
scrf,oak,8000.0,unweighted_primary,cohen_kappa,coefficient,0.8258898617823568,0.8131703416151405,0.834690242273746,300,300,Percentile CI from PSU-within-stratum design bootstrap; grouped OOF isotonic mapping and the classification metric were recomputed in each replicate.
scrf,oak,8000.0,unweighted_primary,positive_agreement,proportion,0.95304457993507,0.9494556775118956,0.9554096247339048,300,300,Percentile CI from PSU-within-stratum design bootstrap; grouped OOF isotonic mapping and the classification metric were recomputed in each replicate.
scrf,oak,8000.0,unweighted_primary,negative_agreement,proportion,0.8728286510829938,0.8632131341558877,0.8794455532252617,300,300,Percentile CI from PSU-within-stratum design bootstrap; grouped OOF isotonic mapping and the classification metric were recomputed in each replicate.
scrf,oak,8000.0,WTMEC4YR_weighted_sensitivity,observed_target_attainment_pct,percent,75.173452546699,74.32953238478372,75.94232029252396,300,300,Percentile CI from PSU-within-stratum design bootstrap; grouped OOF isotonic mapping and the classification metric were recomputed in each replicate.
scrf,oak,8000.0,WTMEC4YR_weighted_sensitivity,mapped_source_attainment_pct,percent,75.98824847582998,75.17312402993632,76.73323417484887,300,300,Percentile CI from PSU-within-stratum design bootstrap; grouped OOF isotonic mapping and the classification metric were recomputed in each replicate.
scrf,oak,8000.0,WTMEC4YR_weighted_sensitivity,attainment_difference_pp,percentage_points,0.8147959291309848,0.2377324251406631,1.3568288780616,300,300,Percentile CI from PSU-within-stratum design bootstrap; grouped OOF isotonic mapping and the classification metric were recomputed in each replicate.
scrf,oak,8000.0,WTMEC4YR_weighted_sensitivity,discordant_reclassification_pct,percent,6.3883736358280165,5.980713745733749,6.956366551221068,300,300,Percentile CI from PSU-within-stratum design bootstrap; grouped OOF isotonic mapping and the classification metric were recomputed in each replicate.
scrf,oak,8000.0,WTMEC4YR_weighted_sensitivity,cohen_kappa,coefficient,0.8269470722121466,0.8122333530494644,0.8370853135176844,300,300,Percentile CI from PSU-within-stratum design bootstrap; grouped OOF isotonic mapping and the classification metric were recomputed in each replicate.
scrf,oak,8000.0,WTMEC4YR_weighted_sensitivity,positive_agreement,proportion,0.9577381466825654,0.9536371718975076,0.9607715354255536,300,300,Percentile CI from PSU-within-stratum design bootstrap; grouped OOF isotonic mapping and the classification metric were recomputed in each replicate.
scrf,oak,8000.0,WTMEC4YR_weighted_sensitivity,negative_agreement,proportion,0.8691933632091698,0.8579577465305102,0.8770407560430354,300,300,Percentile CI from PSU-within-stratum design bootstrap; grouped OOF isotonic mapping and the classification metric were recomputed in each replicate.
scrf,oak,10000.0,unweighted_primary,observed_target_attainment_pct,percent,57.841776544066626,56.63778796570831,58.865995545855206,300,300,Percentile CI from PSU-within-stratum design bootstrap; grouped OOF isotonic mapping and the classification metric were recomputed in each replicate.
scrf,oak,10000.0,unweighted_primary,mapped_source_attainment_pct,percent,58.54730511219061,57.16357619573109,60.915710900664045,300,300,Percentile CI from PSU-within-stratum design bootstrap; grouped OOF isotonic mapping and the classification metric were recomputed in each replicate.
scrf,oak,10000.0,unweighted_primary,attainment_difference_pp,percentage_points,0.7055285681239809,-0.4977826514940398,2.8349490629070115,300,300,Percentile CI from PSU-within-stratum design bootstrap; grouped OOF isotonic mapping and the classification metric were recomputed in each replicate.
scrf,oak,10000.0,unweighted_primary,discordant_reclassification_pct,percent,8.986814712005552,8.334248859610048,9.420528924617631,300,300,Percentile CI from PSU-within-stratum design bootstrap; grouped OOF isotonic mapping and the classification metric were recomputed in each replicate.
scrf,oak,10000.0,unweighted_primary,cohen_kappa,coefficient,0.8153121463360643,0.8058329950025253,0.829161587802137,300,300,Percentile CI from PSU-within-stratum design bootstrap; grouped OOF isotonic mapping and the classification metric were recomputed in each replicate.
scrf,oak,10000.0,unweighted_primary,positive_agreement,proportion,0.9227864453940176,0.9184616274483548,0.92903164850992,300,300,Percentile CI from PSU-within-stratum design bootstrap; grouped OOF isotonic mapping and the classification metric were recomputed in each replicate.
scrf,oak,10000.0,unweighted_primary,negative_agreement,proportion,0.8925162539770369,0.8856575836702008,0.9010884917861748,300,300,Percentile CI from PSU-within-stratum design bootstrap; grouped OOF isotonic mapping and the classification metric were recomputed in each replicate.
scrf,oak,10000.0,WTMEC4YR_weighted_sensitivity,observed_target_attainment_pct,percent,60.1375871777248,59.08271739738929,61.08940692812005,300,300,Percentile CI from PSU-within-stratum design bootstrap; grouped OOF isotonic mapping and the classification metric were recomputed in each replicate.
scrf,oak,10000.0,WTMEC4YR_weighted_sensitivity,mapped_source_attainment_pct,percent,60.961158566451765,59.66124641540832,63.46318005249326,300,300,Percentile CI from PSU-within-stratum design bootstrap; grouped OOF isotonic mapping and the classification metric were recomputed in each replicate.
scrf,oak,10000.0,WTMEC4YR_weighted_sensitivity,attainment_difference_pp,percentage_points,0.8235713887269736,-0.4442264027711684,3.225562384663782,300,300,Percentile CI from PSU-within-stratum design bootstrap; grouped OOF isotonic mapping and the classification metric were recomputed in each replicate.
scrf,oak,10000.0,WTMEC4YR_weighted_sensitivity,discordant_reclassification_pct,percent,8.737021901094211,8.055062061924989,9.346084804666058,300,300,Percentile CI from PSU-within-stratum design bootstrap; grouped OOF isotonic mapping and the classification metric were recomputed in each replicate.
scrf,oak,10000.0,WTMEC4YR_weighted_sensitivity,cohen_kappa,coefficient,0.8171314422272316,0.8029241819678229,0.8309672181572845,300,300,Percentile CI from PSU-within-stratum design bootstrap; grouped OOF isotonic mapping and the classification metric were recomputed in each replicate.
scrf,oak,10000.0,WTMEC4YR_weighted_sensitivity,positive_agreement,proportion,0.9278520859369482,0.922897113493106,0.9334987774667476,300,300,Percentile CI from PSU-within-stratum design bootstrap; grouped OOF isotonic mapping and the classification metric were recomputed in each replicate.
scrf,oak,10000.0,WTMEC4YR_weighted_sensitivity,negative_agreement,proportion,0.8892663749961951,0.8788677073665744,0.8986373419574432,300,300,Percentile CI from PSU-within-stratum design bootstrap; grouped OOF isotonic mapping and the classification metric were recomputed in each replicate.
scrf,scssl,7000.0,unweighted_primary,observed_target_attainment_pct,percent,62.13277816331251,61.12787800001555,63.103229193778304,300,300,Percentile CI from PSU-within-stratum design bootstrap; grouped OOF isotonic mapping and the classification metric were recomputed in each replicate.
scrf,scssl,7000.0,unweighted_primary,mapped_source_attainment_pct,percent,65.9148739301411,64.7196041966966,67.23658966407844,300,300,Percentile CI from PSU-within-stratum design bootstrap; grouped OOF isotonic mapping and the classification metric were recomputed in each replicate.
scrf,scssl,7000.0,unweighted_primary,attainment_difference_pp,percentage_points,3.782095766828586,3.079381058009804,4.869329602375787,300,300,Percentile CI from PSU-within-stratum design bootstrap; grouped OOF isotonic mapping and the classification metric were recomputed in each replicate.
scrf,scssl,7000.0,unweighted_primary,discordant_reclassification_pct,percent,11.3000231320842,10.894762075168105,11.931360165343335,300,300,Percentile CI from PSU-within-stratum design bootstrap; grouped OOF isotonic mapping and the classification metric were recomputed in each replicate.
scrf,scssl,7000.0,unweighted_primary,cohen_kappa,coefficient,0.7550829650844698,0.7412770828058388,0.7638181560737751,300,300,Percentile CI from PSU-within-stratum design bootstrap; grouped OOF isotonic mapping and the classification metric were recomputed in each replicate.
scrf,scssl,7000.0,unweighted_primary,positive_agreement,proportion,0.911751422635715,0.9066575964493072,0.9152912814317852,300,300,Percentile CI from PSU-within-stratum design bootstrap; grouped OOF isotonic mapping and the classification metric were recomputed in each replicate.
scrf,scssl,7000.0,unweighted_primary,negative_agreement,proportion,0.8429512940041793,0.8336119427523051,0.8493348290468785,300,300,Percentile CI from PSU-within-stratum design bootstrap; grouped OOF isotonic mapping and the classification metric were recomputed in each replicate.
scrf,scssl,7000.0,WTMEC4YR_weighted_sensitivity,observed_target_attainment_pct,percent,64.62371084842717,63.50657143892777,65.61417390409692,300,300,Percentile CI from PSU-within-stratum design bootstrap; grouped OOF isotonic mapping and the classification metric were recomputed in each replicate.
scrf,scssl,7000.0,WTMEC4YR_weighted_sensitivity,mapped_source_attainment_pct,percent,68.60370772388063,67.54464397754843,69.85373924618838,300,300,Percentile CI from PSU-within-stratum design bootstrap; grouped OOF isotonic mapping and the classification metric were recomputed in each replicate.
scrf,scssl,7000.0,WTMEC4YR_weighted_sensitivity,attainment_difference_pp,percentage_points,3.979996875453462,3.040695562080114,5.1199973066115,300,300,Percentile CI from PSU-within-stratum design bootstrap; grouped OOF isotonic mapping and the classification metric were recomputed in each replicate.
scrf,scssl,7000.0,WTMEC4YR_weighted_sensitivity,discordant_reclassification_pct,percent,11.055435554204852,10.522675218904466,11.705061127621828,300,300,Percentile CI from PSU-within-stratum design bootstrap; grouped OOF isotonic mapping and the classification metric were recomputed in each replicate.
scrf,scssl,7000.0,WTMEC4YR_weighted_sensitivity,cohen_kappa,coefficient,0.7518916140805684,0.736771332039895,0.7634427094852471,300,300,Percentile CI from PSU-within-stratum design bootstrap; grouped OOF isotonic mapping and the classification metric were recomputed in each replicate.
scrf,scssl,7000.0,WTMEC4YR_weighted_sensitivity,positive_agreement,proportion,0.9170183159541996,0.9112411069125316,0.9214610931647744,300,300,Percentile CI from PSU-within-stratum design bootstrap; grouped OOF isotonic mapping and the classification metric were recomputed in each replicate.
scrf,scssl,7000.0,WTMEC4YR_weighted_sensitivity,negative_agreement,proportion,0.8344315088944592,0.8236846829333239,0.8426883628919695,300,300,Percentile CI from PSU-within-stratum design bootstrap; grouped OOF isotonic mapping and the classification metric were recomputed in each replicate.
scrf,scssl,8000.0,unweighted_primary,observed_target_attainment_pct,percent,52.81054823039556,51.59860921348168,53.73777872455072,300,300,Percentile CI from PSU-within-stratum design bootstrap; grouped OOF isotonic mapping and the classification metric were recomputed in each replicate.
scrf,scssl,8000.0,unweighted_primary,mapped_source_attainment_pct,percent,54.927133934767525,53.07355382234052,56.06651196461474,300,300,Percentile CI from PSU-within-stratum design bootstrap; grouped OOF isotonic mapping and the classification metric were recomputed in each replicate.
scrf,scssl,8000.0,unweighted_primary,attainment_difference_pp,percentage_points,2.116585704371965,1.0423207636093053,2.9199631357002924,300,300,Percentile CI from PSU-within-stratum design bootstrap; grouped OOF isotonic mapping and the classification metric were recomputed in each replicate.
scrf,scssl,8000.0,unweighted_primary,discordant_reclassification_pct,percent,12.456627342123523,11.992469561272532,12.859967699992175,300,300,Percentile CI from PSU-within-stratum design bootstrap; grouped OOF isotonic mapping and the classification metric were recomputed in each replicate.
scrf,scssl,8000.0,unweighted_primary,cohen_kappa,coefficient,0.7494797767919189,0.7414785513950356,0.7590616219571713,300,300,Percentile CI from PSU-within-stratum design bootstrap; grouped OOF isotonic mapping and the classification metric were recomputed in each replicate.
scrf,scssl,8000.0,unweighted_primary,positive_agreement,proportion,0.8843800322061192,0.8791732115283287,0.8889732782331389,300,300,Percentile CI from PSU-within-stratum design bootstrap; grouped OOF isotonic mapping and the classification metric were recomputed in each replicate.
scrf,scssl,8000.0,unweighted_primary,negative_agreement,proportion,0.8649868371568259,0.8596984599292702,0.871215137046004,300,300,Percentile CI from PSU-within-stratum design bootstrap; grouped OOF isotonic mapping and the classification metric were recomputed in each replicate.
scrf,scssl,8000.0,WTMEC4YR_weighted_sensitivity,observed_target_attainment_pct,percent,55.40049692293868,54.33949253531537,56.30662695001249,300,300,Percentile CI from PSU-within-stratum design bootstrap; grouped OOF isotonic mapping and the classification metric were recomputed in each replicate.
scrf,scssl,8000.0,WTMEC4YR_weighted_sensitivity,mapped_source_attainment_pct,percent,57.61476976859993,55.7140428090479,58.84917446483483,300,300,Percentile CI from PSU-within-stratum design bootstrap; grouped OOF isotonic mapping and the classification metric were recomputed in each replicate.
scrf,scssl,8000.0,WTMEC4YR_weighted_sensitivity,attainment_difference_pp,percentage_points,2.214272845661247,0.831609197832535,3.2311332698078097,300,300,Percentile CI from PSU-within-stratum design bootstrap; grouped OOF isotonic mapping and the classification metric were recomputed in each replicate.
scrf,scssl,8000.0,WTMEC4YR_weighted_sensitivity,discordant_reclassification_pct,percent,12.485894402566364,11.94104011568847,13.212527346592433,300,300,Percentile CI from PSU-within-stratum design bootstrap; grouped OOF isotonic mapping and the classification metric were recomputed in each replicate.
scrf,scssl,8000.0,WTMEC4YR_weighted_sensitivity,cohen_kappa,coefficient,0.7461056988983034,0.7318194095785416,0.7572220792333356,300,300,Percentile CI from PSU-within-stratum design bootstrap; grouped OOF isotonic mapping and the classification metric were recomputed in each replicate.
scrf,scssl,8000.0,WTMEC4YR_weighted_sensitivity,positive_agreement,proportion,0.8895202854615644,0.8810408126921631,0.8951635956469465,300,300,Percentile CI from PSU-within-stratum design bootstrap; grouped OOF isotonic mapping and the classification metric were recomputed in each replicate.
scrf,scssl,8000.0,WTMEC4YR_weighted_sensitivity,negative_agreement,proportion,0.8564587838846451,0.8487877396124542,0.8632030504003146,300,300,Percentile CI from PSU-within-stratum design bootstrap; grouped OOF isotonic mapping and the classification metric were recomputed in each replicate.
scrf,scssl,10000.0,unweighted_primary,observed_target_attainment_pct,percent,35.04510756419153,33.88214930770203,35.98673116318163,300,300,Percentile CI from PSU-within-stratum design bootstrap; grouped OOF isotonic mapping and the classification metric were recomputed in each replicate.
scrf,scssl,10000.0,unweighted_primary,mapped_source_attainment_pct,percent,35.48461716400648,33.74495614035088,36.72213021561703,300,300,Percentile CI from PSU-within-stratum design bootstrap; grouped OOF isotonic mapping and the classification metric were recomputed in each replicate.
scrf,scssl,10000.0,unweighted_primary,attainment_difference_pp,percentage_points,0.4395095998149412,-0.9495572782176608,1.3766076040150494,300,300,Percentile CI from PSU-within-stratum design bootstrap; grouped OOF isotonic mapping and the classification metric were recomputed in each replicate.
scrf,scssl,10000.0,unweighted_primary,discordant_reclassification_pct,percent,12.51445755262549,12.091383585911574,13.089782135011076,300,300,Percentile CI from PSU-within-stratum design bootstrap; grouped OOF isotonic mapping and the classification metric were recomputed in each replicate.
scrf,scssl,10000.0,unweighted_primary,cohen_kappa,coefficient,0.7259116490036631,0.7127238457852195,0.7342204258635312,300,300,Percentile CI from PSU-within-stratum design bootstrap; grouped OOF isotonic mapping and the classification metric were recomputed in each replicate.
scrf,scssl,10000.0,unweighted_primary,positive_agreement,proportion,0.8225647753361758,0.8127269509966093,0.8285909789135596,300,300,Percentile CI from PSU-within-stratum design bootstrap; grouped OOF isotonic mapping and the classification metric were recomputed in each replicate.
scrf,scssl,10000.0,unweighted_primary,negative_agreement,proportion,0.9033410755762016,0.8979886189842652,0.9074906574420104,300,300,Percentile CI from PSU-within-stratum design bootstrap; grouped OOF isotonic mapping and the classification metric were recomputed in each replicate.
scrf,scssl,10000.0,WTMEC4YR_weighted_sensitivity,observed_target_attainment_pct,percent,36.30783234769953,35.10723786089843,37.25055361446744,300,300,Percentile CI from PSU-within-stratum design bootstrap; grouped OOF isotonic mapping and the classification metric were recomputed in each replicate.
scrf,scssl,10000.0,WTMEC4YR_weighted_sensitivity,mapped_source_attainment_pct,percent,36.516886695513065,34.721965571650124,37.56905532332222,300,300,Percentile CI from PSU-within-stratum design bootstrap; grouped OOF isotonic mapping and the classification metric were recomputed in each replicate.
scrf,scssl,10000.0,WTMEC4YR_weighted_sensitivity,attainment_difference_pp,percentage_points,0.2090543478135365,-1.467211696552497,1.2721002363299354,300,300,Percentile CI from PSU-within-stratum design bootstrap; grouped OOF isotonic mapping and the classification metric were recomputed in each replicate.
scrf,scssl,10000.0,WTMEC4YR_weighted_sensitivity,discordant_reclassification_pct,percent,13.084782505983746,12.46133215735196,14.001671693800002,300,300,Percentile CI from PSU-within-stratum design bootstrap; grouped OOF isotonic mapping and the classification metric were recomputed in each replicate.
scrf,scssl,10000.0,WTMEC4YR_weighted_sensitivity,cohen_kappa,coefficient,0.7174385367038306,0.6975806166473649,0.7308538540963002,300,300,Percentile CI from PSU-within-stratum design bootstrap; grouped OOF isotonic mapping and the classification metric were recomputed in each replicate.
scrf,scssl,10000.0,WTMEC4YR_weighted_sensitivity,positive_agreement,proportion,0.8203249847319077,0.8058864704776203,0.8285952315009975,300,300,Percentile CI from PSU-within-stratum design bootstrap; grouped OOF isotonic mapping and the classification metric were recomputed in each replicate.
scrf,scssl,10000.0,WTMEC4YR_weighted_sensitivity,negative_agreement,proportion,0.8971122186045746,0.8897299422760161,0.903354537104581,300,300,Percentile CI from PSU-within-stratum design bootstrap; grouped OOF isotonic mapping and the classification metric were recomputed in each replicate.
scrf,vs,7000.0,unweighted_primary,observed_target_attainment_pct,percent,68.58662965533195,67.66499673025642,69.38805623420735,300,300,Percentile CI from PSU-within-stratum design bootstrap; grouped OOF isotonic mapping and the classification metric were recomputed in each replicate.
scrf,vs,7000.0,unweighted_primary,mapped_source_attainment_pct,percent,70.18274346518622,68.34067099460792,72.02333757718799,300,300,Percentile CI from PSU-within-stratum design bootstrap; grouped OOF isotonic mapping and the classification metric were recomputed in each replicate.
scrf,vs,7000.0,unweighted_primary,attainment_difference_pp,percentage_points,1.5961138098542715,0.2097327132363652,3.0185531015915528,300,300,Percentile CI from PSU-within-stratum design bootstrap; grouped OOF isotonic mapping and the classification metric were recomputed in each replicate.
scrf,vs,7000.0,unweighted_primary,discordant_reclassification_pct,percent,9.16030534351145,8.659520759352464,9.800855227846403,300,300,Percentile CI from PSU-within-stratum design bootstrap; grouped OOF isotonic mapping and the classification metric were recomputed in each replicate.
scrf,vs,7000.0,unweighted_primary,cohen_kappa,coefficient,0.7844503004700166,0.7678364322984151,0.7961821441883865,300,300,Percentile CI from PSU-within-stratum design bootstrap; grouped OOF isotonic mapping and the classification metric were recomputed in each replicate.
scrf,vs,7000.0,unweighted_primary,positive_agreement,proportion,0.933988998166361,0.9292683700163676,0.9376230103297029,300,300,Percentile CI from PSU-within-stratum design bootstrap; grouped OOF isotonic mapping and the classification metric were recomputed in each replicate.
scrf,vs,7000.0,unweighted_primary,negative_agreement,proportion,0.8503966754816774,0.8370477179627341,0.8594318887330654,300,300,Percentile CI from PSU-within-stratum design bootstrap; grouped OOF isotonic mapping and the classification metric were recomputed in each replicate.
scrf,vs,7000.0,WTMEC4YR_weighted_sensitivity,observed_target_attainment_pct,percent,70.72319292261237,69.90559351280028,71.51314460984133,300,300,Percentile CI from PSU-within-stratum design bootstrap; grouped OOF isotonic mapping and the classification metric were recomputed in each replicate.
scrf,vs,7000.0,WTMEC4YR_weighted_sensitivity,mapped_source_attainment_pct,percent,72.67914271325702,70.90640411411627,74.39234089769293,300,300,Percentile CI from PSU-within-stratum design bootstrap; grouped OOF isotonic mapping and the classification metric were recomputed in each replicate.
scrf,vs,7000.0,WTMEC4YR_weighted_sensitivity,attainment_difference_pp,percentage_points,1.955949790644651,0.5279726994671472,3.677695929376043,300,300,Percentile CI from PSU-within-stratum design bootstrap; grouped OOF isotonic mapping and the classification metric were recomputed in each replicate.
scrf,vs,7000.0,WTMEC4YR_weighted_sensitivity,discordant_reclassification_pct,percent,8.78408197287652,8.316554241085067,9.59489092621827,300,300,Percentile CI from PSU-within-stratum design bootstrap; grouped OOF isotonic mapping and the classification metric were recomputed in each replicate.
scrf,vs,7000.0,WTMEC4YR_weighted_sensitivity,cohen_kappa,coefficient,0.7836449798021218,0.76263280156275,0.7970397393322275,300,300,Percentile CI from PSU-within-stratum design bootstrap; grouped OOF isotonic mapping and the classification metric were recomputed in each replicate.
scrf,vs,7000.0,WTMEC4YR_weighted_sensitivity,positive_agreement,proportion,0.9387451959277616,0.933128833741165,0.9420350326467292,300,300,Percentile CI from PSU-within-stratum design bootstrap; grouped OOF isotonic mapping and the classification metric were recomputed in each replicate.
scrf,vs,7000.0,WTMEC4YR_weighted_sensitivity,negative_agreement,proportion,0.8447978009063652,0.8279226564889405,0.8554810867645415,300,300,Percentile CI from PSU-within-stratum design bootstrap; grouped OOF isotonic mapping and the classification metric were recomputed in each replicate.
scrf,vs,8000.0,unweighted_primary,observed_target_attainment_pct,percent,58.74392782789729,57.51066872551518,59.77673495990216,300,300,Percentile CI from PSU-within-stratum design bootstrap; grouped OOF isotonic mapping and the classification metric were recomputed in each replicate.
scrf,vs,8000.0,unweighted_primary,mapped_source_attainment_pct,percent,60.24751330094842,58.40856636750646,61.63249847135588,300,300,Percentile CI from PSU-within-stratum design bootstrap; grouped OOF isotonic mapping and the classification metric were recomputed in each replicate.
scrf,vs,8000.0,unweighted_primary,attainment_difference_pp,percentage_points,1.5035854730511278,-0.3641367656436421,2.686685419212492,300,300,Percentile CI from PSU-within-stratum design bootstrap; grouped OOF isotonic mapping and the classification metric were recomputed in each replicate.
scrf,vs,8000.0,unweighted_primary,discordant_reclassification_pct,percent,10.848947490168865,10.22822525057834,11.2843371819087,300,300,Percentile CI from PSU-within-stratum design bootstrap; grouped OOF isotonic mapping and the classification metric were recomputed in each replicate.
scrf,vs,8000.0,unweighted_primary,cohen_kappa,coefficient,0.7749551253202749,0.7672688916421222,0.7873033148023921,300,300,Percentile CI from PSU-within-stratum design bootstrap; grouped OOF isotonic mapping and the classification metric were recomputed in each replicate.
scrf,vs,8000.0,unweighted_primary,positive_agreement,proportion,0.9088258164852256,0.9036701790169692,0.914884382714822,300,300,Percentile CI from PSU-within-stratum design bootstrap; grouped OOF isotonic mapping and the classification metric were recomputed in each replicate.
scrf,vs,8000.0,unweighted_primary,negative_agreement,proportion,0.866076527698458,0.8604019921269639,0.8735301304719848,300,300,Percentile CI from PSU-within-stratum design bootstrap; grouped OOF isotonic mapping and the classification metric were recomputed in each replicate.
scrf,vs,8000.0,WTMEC4YR_weighted_sensitivity,observed_target_attainment_pct,percent,60.29697333925708,59.19588029743518,61.335595892844125,300,300,Percentile CI from PSU-within-stratum design bootstrap; grouped OOF isotonic mapping and the classification metric were recomputed in each replicate.
scrf,vs,8000.0,WTMEC4YR_weighted_sensitivity,mapped_source_attainment_pct,percent,62.84227782917816,60.71605166387838,64.1945116310387,300,300,Percentile CI from PSU-within-stratum design bootstrap; grouped OOF isotonic mapping and the classification metric were recomputed in each replicate.
scrf,vs,8000.0,WTMEC4YR_weighted_sensitivity,attainment_difference_pp,percentage_points,2.5453044899210853,0.4065228005112248,3.755085639053992,300,300,Percentile CI from PSU-within-stratum design bootstrap; grouped OOF isotonic mapping and the classification metric were recomputed in each replicate.
scrf,vs,8000.0,WTMEC4YR_weighted_sensitivity,discordant_reclassification_pct,percent,10.775459198862814,9.900400852450282,11.617845828482467,300,300,Percentile CI from PSU-within-stratum design bootstrap; grouped OOF isotonic mapping and the classification metric were recomputed in each replicate.
scrf,vs,8000.0,WTMEC4YR_weighted_sensitivity,cohen_kappa,coefficient,0.7724549005956884,0.7560210220211054,0.7903801022484026,300,300,Percentile CI from PSU-within-stratum design bootstrap; grouped OOF isotonic mapping and the classification metric were recomputed in each replicate.
scrf,vs,8000.0,WTMEC4YR_weighted_sensitivity,positive_agreement,proportion,0.9124937085728768,0.9044236712203444,0.920107202399866,300,300,Percentile CI from PSU-within-stratum design bootstrap; grouped OOF isotonic mapping and the classification metric were recomputed in each replicate.
scrf,vs,8000.0,WTMEC4YR_weighted_sensitivity,negative_agreement,proportion,0.8598054356395027,0.8509425762048821,0.8714109502225155,300,300,Percentile CI from PSU-within-stratum design bootstrap; grouped OOF isotonic mapping and the classification metric were recomputed in each replicate.
scrf,vs,10000.0,unweighted_primary,observed_target_attainment_pct,percent,39.28984501503586,38.10149177247623,40.41448668759446,300,300,Percentile CI from PSU-within-stratum design bootstrap; grouped OOF isotonic mapping and the classification metric were recomputed in each replicate.
scrf,vs,10000.0,unweighted_primary,mapped_source_attainment_pct,percent,39.47490168864214,36.85851172450592,41.43658300547639,300,300,Percentile CI from PSU-within-stratum design bootstrap; grouped OOF isotonic mapping and the classification metric were recomputed in each replicate.
scrf,vs,10000.0,unweighted_primary,attainment_difference_pp,percentage_points,0.1850566736062875,-2.0362531232537844,1.652223555576796,300,300,Percentile CI from PSU-within-stratum design bootstrap; grouped OOF isotonic mapping and the classification metric were recomputed in each replicate.
scrf,vs,10000.0,unweighted_primary,discordant_reclassification_pct,percent,11.40411751098774,10.851163212931752,12.033377907575478,300,300,Percentile CI from PSU-within-stratum design bootstrap; grouped OOF isotonic mapping and the classification metric were recomputed in each replicate.
scrf,vs,10000.0,unweighted_primary,cohen_kappa,coefficient,0.7611477608376574,0.7488779003811992,0.7708826115839861,300,300,Percentile CI from PSU-within-stratum design bootstrap; grouped OOF isotonic mapping and the classification metric were recomputed in each replicate.
scrf,vs,10000.0,unweighted_primary,positive_agreement,proportion,0.8552129221732746,0.8465629874586635,0.8611009984664293,300,300,Percentile CI from PSU-within-stratum design bootstrap; grouped OOF isotonic mapping and the classification metric were recomputed in each replicate.
scrf,vs,10000.0,unweighted_primary,negative_agreement,proportion,0.9059339820644916,0.8993534515620615,0.9122299075536048,300,300,Percentile CI from PSU-within-stratum design bootstrap; grouped OOF isotonic mapping and the classification metric were recomputed in each replicate.
scrf,vs,10000.0,WTMEC4YR_weighted_sensitivity,observed_target_attainment_pct,percent,39.62514592793926,38.57368229205559,40.699933075404246,300,300,Percentile CI from PSU-within-stratum design bootstrap; grouped OOF isotonic mapping and the classification metric were recomputed in each replicate.
scrf,vs,10000.0,WTMEC4YR_weighted_sensitivity,mapped_source_attainment_pct,percent,41.05618739337404,37.8584410880569,43.04160074381339,300,300,Percentile CI from PSU-within-stratum design bootstrap; grouped OOF isotonic mapping and the classification metric were recomputed in each replicate.
scrf,vs,10000.0,WTMEC4YR_weighted_sensitivity,attainment_difference_pp,percentage_points,1.4310414654347792,-1.2741998404812975,3.1003346440805135,300,300,Percentile CI from PSU-within-stratum design bootstrap; grouped OOF isotonic mapping and the classification metric were recomputed in each replicate.
scrf,vs,10000.0,WTMEC4YR_weighted_sensitivity,discordant_reclassification_pct,percent,11.81524571291372,10.85590942546242,12.800616850905469,300,300,Percentile CI from PSU-within-stratum design bootstrap; grouped OOF isotonic mapping and the classification metric were recomputed in each replicate.
scrf,vs,10000.0,WTMEC4YR_weighted_sensitivity,cohen_kappa,coefficient,0.7545862347433464,0.7343396631476399,0.7720792499298645,300,300,Percentile CI from PSU-within-stratum design bootstrap; grouped OOF isotonic mapping and the classification metric were recomputed in each replicate.
scrf,vs,10000.0,WTMEC4YR_weighted_sensitivity,positive_agreement,proportion,0.8535566378674047,0.842163664102615,0.862523299769264,300,300,Percentile CI from PSU-within-stratum design bootstrap; grouped OOF isotonic mapping and the classification metric were recomputed in each replicate.
scrf,vs,10000.0,WTMEC4YR_weighted_sensitivity,negative_agreement,proportion,0.9009773906983808,0.8915991748483408,0.9104268200012484,300,300,Percentile CI from PSU-within-stratum design bootstrap; grouped OOF isotonic mapping and the classification metric were recomputed in each replicate.
scrf,vsrev,7000.0,unweighted_primary,observed_target_attainment_pct,percent,59.900532037936614,58.72569837053813,60.88825624004186,300,300,Percentile CI from PSU-within-stratum design bootstrap; grouped OOF isotonic mapping and the classification metric were recomputed in each replicate.
scrf,vsrev,7000.0,unweighted_primary,mapped_source_attainment_pct,percent,62.00555170020819,60.44517644517645,63.327362086947,300,300,Percentile CI from PSU-within-stratum design bootstrap; grouped OOF isotonic mapping and the classification metric were recomputed in each replicate.
scrf,vsrev,7000.0,unweighted_primary,attainment_difference_pp,percentage_points,2.105019662271568,0.9017257154092276,2.974373852532036,300,300,Percentile CI from PSU-within-stratum design bootstrap; grouped OOF isotonic mapping and the classification metric were recomputed in each replicate.
scrf,vsrev,7000.0,unweighted_primary,discordant_reclassification_pct,percent,10.594494563960213,10.060286682129924,11.165702520779776,300,300,Percentile CI from PSU-within-stratum design bootstrap; grouped OOF isotonic mapping and the classification metric were recomputed in each replicate.
scrf,vsrev,7000.0,unweighted_primary,cohen_kappa,coefficient,0.7775330184871169,0.7650181697566316,0.7890192427811968,300,300,Percentile CI from PSU-within-stratum design bootstrap; grouped OOF isotonic mapping and the classification metric were recomputed in each replicate.
scrf,vsrev,7000.0,unweighted_primary,positive_agreement,proportion,0.9130929791271348,0.907817286063955,0.9174150129621736,300,300,Percentile CI from PSU-within-stratum design bootstrap; grouped OOF isotonic mapping and the classification metric were recomputed in each replicate.
scrf,vsrev,7000.0,unweighted_primary,negative_agreement,proportion,0.8643364928909952,0.8558931960073936,0.8720436522160661,300,300,Percentile CI from PSU-within-stratum design bootstrap; grouped OOF isotonic mapping and the classification metric were recomputed in each replicate.
scrf,vsrev,7000.0,WTMEC4YR_weighted_sensitivity,observed_target_attainment_pct,percent,62.40355686108578,61.37241350048273,63.34047599772471,300,300,Percentile CI from PSU-within-stratum design bootstrap; grouped OOF isotonic mapping and the classification metric were recomputed in each replicate.
scrf,vsrev,7000.0,WTMEC4YR_weighted_sensitivity,mapped_source_attainment_pct,percent,64.644285897903,63.17496248233374,65.735796536958,300,300,Percentile CI from PSU-within-stratum design bootstrap; grouped OOF isotonic mapping and the classification metric were recomputed in each replicate.
scrf,vsrev,7000.0,WTMEC4YR_weighted_sensitivity,attainment_difference_pp,percentage_points,2.240729036817213,0.8315474099864432,3.159342362251639,300,300,Percentile CI from PSU-within-stratum design bootstrap; grouped OOF isotonic mapping and the classification metric were recomputed in each replicate.
scrf,vsrev,7000.0,WTMEC4YR_weighted_sensitivity,discordant_reclassification_pct,percent,10.326620036563366,9.722589489887977,11.07714850911644,300,300,Percentile CI from PSU-within-stratum design bootstrap; grouped OOF isotonic mapping and the classification metric were recomputed in each replicate.
scrf,vsrev,7000.0,WTMEC4YR_weighted_sensitivity,cohen_kappa,coefficient,0.7772859795737074,0.7622244774010201,0.790976454345956,300,300,Percentile CI from PSU-within-stratum design bootstrap; grouped OOF isotonic mapping and the classification metric were recomputed in each replicate.
scrf,vsrev,7000.0,WTMEC4YR_weighted_sensitivity,positive_agreement,proportion,0.9187186510820724,0.9119973733837357,0.9240512970965474,300,300,Percentile CI from PSU-within-stratum design bootstrap; grouped OOF isotonic mapping and the classification metric were recomputed in each replicate.
scrf,vsrev,7000.0,WTMEC4YR_weighted_sensitivity,negative_agreement,proportion,0.8584466803024422,0.8487790588895877,0.867300245606936,300,300,Percentile CI from PSU-within-stratum design bootstrap; grouped OOF isotonic mapping and the classification metric were recomputed in each replicate.
scrf,vsrev,8000.0,unweighted_primary,observed_target_attainment_pct,percent,51.3763590099468,50.200312918192054,52.50989656420521,300,300,Percentile CI from PSU-within-stratum design bootstrap; grouped OOF isotonic mapping and the classification metric were recomputed in each replicate.
scrf,vsrev,8000.0,unweighted_primary,mapped_source_attainment_pct,percent,53.11126532500579,51.30586910736378,53.87288704837413,300,300,Percentile CI from PSU-within-stratum design bootstrap; grouped OOF isotonic mapping and the classification metric were recomputed in each replicate.
scrf,vsrev,8000.0,unweighted_primary,attainment_difference_pp,percentage_points,1.7349063150589927,0.1992698452738875,2.342988523264465,300,300,Percentile CI from PSU-within-stratum design bootstrap; grouped OOF isotonic mapping and the classification metric were recomputed in each replicate.
scrf,vsrev,8000.0,unweighted_primary,discordant_reclassification_pct,percent,11.519777931991673,11.142526560156442,12.147524329648109,300,300,Percentile CI from PSU-within-stratum design bootstrap; grouped OOF isotonic mapping and the classification metric were recomputed in each replicate.
scrf,vsrev,8000.0,unweighted_primary,cohen_kappa,coefficient,0.7692091226146552,0.7567835036979133,0.7768605611221101,300,300,Percentile CI from PSU-within-stratum design bootstrap; grouped OOF isotonic mapping and the classification metric were recomputed in each replicate.
scrf,vsrev,8000.0,unweighted_primary,positive_agreement,proportion,0.8897498339605933,0.8821773090725001,0.8936456615832934,300,300,Percentile CI from PSU-within-stratum design bootstrap; grouped OOF isotonic mapping and the classification metric were recomputed in each replicate.
scrf,vsrev,8000.0,unweighted_primary,negative_agreement,proportion,0.8793896827318963,0.8728850672392481,0.8841005678729374,300,300,Percentile CI from PSU-within-stratum design bootstrap; grouped OOF isotonic mapping and the classification metric were recomputed in each replicate.
scrf,vsrev,8000.0,WTMEC4YR_weighted_sensitivity,observed_target_attainment_pct,percent,53.33706868189915,52.20903438071168,54.38500244684104,300,300,Percentile CI from PSU-within-stratum design bootstrap; grouped OOF isotonic mapping and the classification metric were recomputed in each replicate.
scrf,vsrev,8000.0,WTMEC4YR_weighted_sensitivity,mapped_source_attainment_pct,percent,55.63857390146525,53.79676889214714,56.50172078034958,300,300,Percentile CI from PSU-within-stratum design bootstrap; grouped OOF isotonic mapping and the classification metric were recomputed in each replicate.
scrf,vsrev,8000.0,WTMEC4YR_weighted_sensitivity,attainment_difference_pp,percentage_points,2.3015052195661023,0.7863453380149327,2.9596823983367417,300,300,Percentile CI from PSU-within-stratum design bootstrap; grouped OOF isotonic mapping and the classification metric were recomputed in each replicate.
scrf,vsrev,8000.0,WTMEC4YR_weighted_sensitivity,discordant_reclassification_pct,percent,12.259540453956925,11.645148630188714,13.191721808238007,300,300,Percentile CI from PSU-within-stratum design bootstrap; grouped OOF isotonic mapping and the classification metric were recomputed in each replicate.
scrf,vsrev,8000.0,WTMEC4YR_weighted_sensitivity,cohen_kappa,coefficient,0.7529497615321976,0.7344280195860334,0.7650198312478373,300,300,Percentile CI from PSU-within-stratum design bootstrap; grouped OOF isotonic mapping and the classification metric were recomputed in each replicate.
scrf,vsrev,8000.0,WTMEC4YR_weighted_sensitivity,positive_agreement,proportion,0.8875020127128078,0.8780432991131958,0.8937668728777467,300,300,Percentile CI from PSU-within-stratum design bootstrap; grouped OOF isotonic mapping and the classification metric were recomputed in each replicate.
scrf,vsrev,8000.0,WTMEC4YR_weighted_sensitivity,negative_agreement,proportion,0.8653158253252731,0.8572602880379094,0.8713985316392471,300,300,Percentile CI from PSU-within-stratum design bootstrap; grouped OOF isotonic mapping and the classification metric were recomputed in each replicate.
scrf,vsrev,10000.0,unweighted_primary,observed_target_attainment_pct,percent,34.605597964376585,33.42330005652741,35.6798181701706,300,300,Percentile CI from PSU-within-stratum design bootstrap; grouped OOF isotonic mapping and the classification metric were recomputed in each replicate.
scrf,vsrev,10000.0,unweighted_primary,mapped_source_attainment_pct,percent,34.27018274346519,32.165426915212514,36.967811838155875,300,300,Percentile CI from PSU-within-stratum design bootstrap; grouped OOF isotonic mapping and the classification metric were recomputed in each replicate.
scrf,vsrev,10000.0,unweighted_primary,attainment_difference_pp,percentage_points,-0.3354152209114003,-1.8048545007403929,2.0529473576547774,300,300,Percentile CI from PSU-within-stratum design bootstrap; grouped OOF isotonic mapping and the classification metric were recomputed in each replicate.
scrf,vsrev,10000.0,unweighted_primary,discordant_reclassification_pct,percent,10.559796437659031,10.019995522715533,11.233649568424656,300,300,Percentile CI from PSU-within-stratum design bootstrap; grouped OOF isotonic mapping and the classification metric were recomputed in each replicate.
scrf,vsrev,10000.0,unweighted_primary,cohen_kappa,coefficient,0.7661536035099542,0.7520624146762391,0.7765234816633123,300,300,Percentile CI from PSU-within-stratum design bootstrap; grouped OOF isotonic mapping and the classification metric were recomputed in each replicate.
scrf,vsrev,10000.0,unweighted_primary,positive_agreement,proportion,0.8466834592779178,0.8370616764686123,0.8543407734202751,300,300,Percentile CI from PSU-within-stratum design bootstrap; grouped OOF isotonic mapping and the classification metric were recomputed in each replicate.
scrf,vsrev,10000.0,unweighted_primary,negative_agreement,proportion,0.9194672311899093,0.9129202117669992,0.9247592591572558,300,300,Percentile CI from PSU-within-stratum design bootstrap; grouped OOF isotonic mapping and the classification metric were recomputed in each replicate.
scrf,vsrev,10000.0,WTMEC4YR_weighted_sensitivity,observed_target_attainment_pct,percent,35.26419613458567,34.05812760510733,36.345949318873025,300,300,Percentile CI from PSU-within-stratum design bootstrap; grouped OOF isotonic mapping and the classification metric were recomputed in each replicate.
scrf,vsrev,10000.0,WTMEC4YR_weighted_sensitivity,mapped_source_attainment_pct,percent,35.18909826402737,32.92467476194319,38.052595447800286,300,300,Percentile CI from PSU-within-stratum design bootstrap; grouped OOF isotonic mapping and the classification metric were recomputed in each replicate.
scrf,vsrev,10000.0,WTMEC4YR_weighted_sensitivity,attainment_difference_pp,percentage_points,-0.0750978705582938,-1.909115625268199,2.613148612968569,300,300,Percentile CI from PSU-within-stratum design bootstrap; grouped OOF isotonic mapping and the classification metric were recomputed in each replicate.
scrf,vsrev,10000.0,WTMEC4YR_weighted_sensitivity,discordant_reclassification_pct,percent,11.532904478141749,10.577957659911124,12.41108791095294,300,300,Percentile CI from PSU-within-stratum design bootstrap; grouped OOF isotonic mapping and the classification metric were recomputed in each replicate.
scrf,vsrev,10000.0,WTMEC4YR_weighted_sensitivity,cohen_kappa,coefficient,0.7472793421070018,0.7289211812900442,0.7662104704837308,300,300,Percentile CI from PSU-within-stratum design bootstrap; grouped OOF isotonic mapping and the classification metric were recomputed in each replicate.
scrf,vsrev,10000.0,WTMEC4YR_weighted_sensitivity,positive_agreement,proportion,0.8363042555130141,0.8238681878425007,0.8478796326132639,300,300,Percentile CI from PSU-within-stratum design bootstrap; grouped OOF isotonic mapping and the classification metric were recomputed in each replicate.
scrf,vsrev,10000.0,WTMEC4YR_weighted_sensitivity,negative_agreement,proportion,0.9109749304345238,0.9027663511681931,0.9196670932134692,300,300,Percentile CI from PSU-within-stratum design bootstrap; grouped OOF isotonic mapping and the classification metric were recomputed in each replicate.
scssl,acti,7000.0,unweighted_primary,observed_target_attainment_pct,percent,88.11010872079575,87.4748649376959,88.68003991228,300,300,Percentile CI from PSU-within-stratum design bootstrap; grouped OOF isotonic mapping and the classification metric were recomputed in each replicate.
scssl,acti,7000.0,unweighted_primary,mapped_source_attainment_pct,percent,91.83437427712236,90.01491289562848,92.64753054703723,300,300,Percentile CI from PSU-within-stratum design bootstrap; grouped OOF isotonic mapping and the classification metric were recomputed in each replicate.
scssl,acti,7000.0,unweighted_primary,attainment_difference_pp,percentage_points,3.7242655563266225,2.1342496722537265,4.519714635067824,300,300,Percentile CI from PSU-within-stratum design bootstrap; grouped OOF isotonic mapping and the classification metric were recomputed in each replicate.
scssl,acti,7000.0,unweighted_primary,discordant_reclassification_pct,percent,7.656719870460328,7.138324296656774,8.089100851035731,300,300,Percentile CI from PSU-within-stratum design bootstrap; grouped OOF isotonic mapping and the classification metric were recomputed in each replicate.
scssl,acti,7000.0,unweighted_primary,cohen_kappa,coefficient,0.5772978919441552,0.5476793086848941,0.618414861351892,300,300,Percentile CI from PSU-within-stratum design bootstrap; grouped OOF isotonic mapping and the classification metric were recomputed in each replicate.
scssl,acti,7000.0,unweighted_primary,positive_agreement,proportion,0.9574495436431418,0.954910597805956,0.9604534526410357,300,300,Percentile CI from PSU-within-stratum design bootstrap; grouped OOF isotonic mapping and the classification metric were recomputed in each replicate.
scssl,acti,7000.0,unweighted_primary,negative_agreement,proportion,0.6182237600922722,0.5898677089597114,0.6601083545930376,300,300,Percentile CI from PSU-within-stratum design bootstrap; grouped OOF isotonic mapping and the classification metric were recomputed in each replicate.
scssl,acti,7000.0,WTMEC4YR_weighted_sensitivity,observed_target_attainment_pct,percent,89.46378588203736,88.85393293798258,90.1208112158426,300,300,Percentile CI from PSU-within-stratum design bootstrap; grouped OOF isotonic mapping and the classification metric were recomputed in each replicate.
scssl,acti,7000.0,WTMEC4YR_weighted_sensitivity,mapped_source_attainment_pct,percent,93.66068769071175,91.9536592762293,94.34958812136304,300,300,Percentile CI from PSU-within-stratum design bootstrap; grouped OOF isotonic mapping and the classification metric were recomputed in each replicate.
scssl,acti,7000.0,WTMEC4YR_weighted_sensitivity,attainment_difference_pp,percentage_points,4.196901808674392,2.8202986265313417,4.898570393106162,300,300,Percentile CI from PSU-within-stratum design bootstrap; grouped OOF isotonic mapping and the classification metric were recomputed in each replicate.
scssl,acti,7000.0,WTMEC4YR_weighted_sensitivity,discordant_reclassification_pct,percent,7.303232548652791,6.607525501826781,7.877599902809547,300,300,Percentile CI from PSU-within-stratum design bootstrap; grouped OOF isotonic mapping and the classification metric were recomputed in each replicate.
scssl,acti,7000.0,WTMEC4YR_weighted_sensitivity,cohen_kappa,coefficient,0.5300268193919878,0.491634362958967,0.5861605519687743,300,300,Percentile CI from PSU-within-stratum design bootstrap; grouped OOF isotonic mapping and the classification metric were recomputed in each replicate.
scssl,acti,7000.0,WTMEC4YR_weighted_sensitivity,positive_agreement,proportion,0.9601187519823696,0.9567768159601908,0.9639670290894524,300,300,Percentile CI from PSU-within-stratum design bootstrap; grouped OOF isotonic mapping and the classification metric were recomputed in each replicate.
scssl,acti,7000.0,WTMEC4YR_weighted_sensitivity,negative_agreement,proportion,0.5672293495473174,0.5293351373306521,0.6234558296906293,300,300,Percentile CI from PSU-within-stratum design bootstrap; grouped OOF isotonic mapping and the classification metric were recomputed in each replicate.
scssl,acti,8000.0,unweighted_primary,observed_target_attainment_pct,percent,82.65093684941013,81.84912972558652,83.36384855540018,300,300,Percentile CI from PSU-within-stratum design bootstrap; grouped OOF isotonic mapping and the classification metric were recomputed in each replicate.
scssl,acti,8000.0,unweighted_primary,mapped_source_attainment_pct,percent,85.73907009021514,84.95844436314071,87.14895886022259,300,300,Percentile CI from PSU-within-stratum design bootstrap; grouped OOF isotonic mapping and the classification metric were recomputed in each replicate.
scssl,acti,8000.0,unweighted_primary,attainment_difference_pp,percentage_points,3.088133240805002,2.2099291450544594,4.339472894479566,300,300,Percentile CI from PSU-within-stratum design bootstrap; grouped OOF isotonic mapping and the classification metric were recomputed in each replicate.
scssl,acti,8000.0,unweighted_primary,discordant_reclassification_pct,percent,9.51885264862364,8.980478242304258,10.18364136467716,300,300,Percentile CI from PSU-within-stratum design bootstrap; grouped OOF isotonic mapping and the classification metric were recomputed in each replicate.
scssl,acti,8000.0,unweighted_primary,cohen_kappa,coefficient,0.6429767655813061,0.6160718017365522,0.6590484909318278,300,300,Percentile CI from PSU-within-stratum design bootstrap; grouped OOF isotonic mapping and the classification metric were recomputed in each replicate.
scssl,acti,8000.0,unweighted_primary,positive_agreement,proportion,0.9434713922659524,0.9394931934866652,0.9468085509054052,300,300,Percentile CI from PSU-within-stratum design bootstrap; grouped OOF isotonic mapping and the classification metric were recomputed in each replicate.
scssl,acti,8000.0,unweighted_primary,negative_agreement,proportion,0.698865715331138,0.673975016641994,0.7122228999038214,300,300,Percentile CI from PSU-within-stratum design bootstrap; grouped OOF isotonic mapping and the classification metric were recomputed in each replicate.
scssl,acti,8000.0,WTMEC4YR_weighted_sensitivity,observed_target_attainment_pct,percent,84.43691471024445,83.81862982612455,84.98121422713734,300,300,Percentile CI from PSU-within-stratum design bootstrap; grouped OOF isotonic mapping and the classification metric were recomputed in each replicate.
scssl,acti,8000.0,WTMEC4YR_weighted_sensitivity,mapped_source_attainment_pct,percent,87.64793721936393,86.71412333446128,89.23439946327623,300,300,Percentile CI from PSU-within-stratum design bootstrap; grouped OOF isotonic mapping and the classification metric were recomputed in each replicate.
scssl,acti,8000.0,WTMEC4YR_weighted_sensitivity,attainment_difference_pp,percentage_points,3.2110225091194766,2.339631130072342,4.670118489495126,300,300,Percentile CI from PSU-within-stratum design bootstrap; grouped OOF isotonic mapping and the classification metric were recomputed in each replicate.
scssl,acti,8000.0,WTMEC4YR_weighted_sensitivity,discordant_reclassification_pct,percent,8.96025199997721,8.419473628061956,9.559759109119904,300,300,Percentile CI from PSU-within-stratum design bootstrap; grouped OOF isotonic mapping and the classification metric were recomputed in each replicate.
scssl,acti,8000.0,WTMEC4YR_weighted_sensitivity,cohen_kappa,coefficient,0.62774847578052,0.5953347160459759,0.6497280961585583,300,300,Percentile CI from PSU-within-stratum design bootstrap; grouped OOF isotonic mapping and the classification metric were recomputed in each replicate.
scssl,acti,8000.0,WTMEC4YR_weighted_sensitivity,positive_agreement,proportion,0.9479311984785131,0.9445824437171614,0.9512305040103032,300,300,Percentile CI from PSU-within-stratum design bootstrap; grouped OOF isotonic mapping and the classification metric were recomputed in each replicate.
scssl,acti,8000.0,WTMEC4YR_weighted_sensitivity,negative_agreement,proportion,0.6790182886588034,0.6490873965453728,0.6987884324848326,300,300,Percentile CI from PSU-within-stratum design bootstrap; grouped OOF isotonic mapping and the classification metric were recomputed in each replicate.
scssl,acti,10000.0,unweighted_primary,observed_target_attainment_pct,percent,66.06523247744622,65.060654672783,66.91249500015132,300,300,Percentile CI from PSU-within-stratum design bootstrap; grouped OOF isotonic mapping and the classification metric were recomputed in each replicate.
scssl,acti,10000.0,unweighted_primary,mapped_source_attainment_pct,percent,70.96923432801296,69.97933915171213,72.3693420386892,300,300,Percentile CI from PSU-within-stratum design bootstrap; grouped OOF isotonic mapping and the classification metric were recomputed in each replicate.
scssl,acti,10000.0,unweighted_primary,attainment_difference_pp,percentage_points,4.904001850566731,4.414216478190627,5.889432909517771,300,300,Percentile CI from PSU-within-stratum design bootstrap; grouped OOF isotonic mapping and the classification metric were recomputed in each replicate.
scssl,acti,10000.0,unweighted_primary,discordant_reclassification_pct,percent,14.781401804302568,14.163341867701744,15.396714143683214,300,300,Percentile CI from PSU-within-stratum design bootstrap; grouped OOF isotonic mapping and the classification metric were recomputed in each replicate.
scssl,acti,10000.0,unweighted_primary,cohen_kappa,coefficient,0.6583321335860473,0.6427929113552837,0.671548112425281,300,300,Percentile CI from PSU-within-stratum design bootstrap; grouped OOF isotonic mapping and the classification metric were recomputed in each replicate.
scssl,acti,10000.0,unweighted_primary,positive_agreement,proportion,0.8921336934503714,0.8871592677810305,0.8972138920694711,300,300,Percentile CI from PSU-within-stratum design bootstrap; grouped OOF isotonic mapping and the classification metric were recomputed in each replicate.
scssl,acti,10000.0,unweighted_primary,negative_agreement,proportion,0.7652461425422483,0.7524268576377399,0.775185504576111,300,300,Percentile CI from PSU-within-stratum design bootstrap; grouped OOF isotonic mapping and the classification metric were recomputed in each replicate.
scssl,acti,10000.0,WTMEC4YR_weighted_sensitivity,observed_target_attainment_pct,percent,67.68682301987572,66.80945461795672,68.45494539727659,300,300,Percentile CI from PSU-within-stratum design bootstrap; grouped OOF isotonic mapping and the classification metric were recomputed in each replicate.
scssl,acti,10000.0,WTMEC4YR_weighted_sensitivity,mapped_source_attainment_pct,percent,73.32356746039864,72.44106730039415,74.56366697972666,300,300,Percentile CI from PSU-within-stratum design bootstrap; grouped OOF isotonic mapping and the classification metric were recomputed in each replicate.
scssl,acti,10000.0,WTMEC4YR_weighted_sensitivity,attainment_difference_pp,percentage_points,5.636744440522912,4.951736261969535,6.884619452739477,300,300,Percentile CI from PSU-within-stratum design bootstrap; grouped OOF isotonic mapping and the classification metric were recomputed in each replicate.
scssl,acti,10000.0,WTMEC4YR_weighted_sensitivity,discordant_reclassification_pct,percent,14.619574968797783,13.843802906175563,15.551974683117315,300,300,Percentile CI from PSU-within-stratum design bootstrap; grouped OOF isotonic mapping and the classification metric were recomputed in each replicate.
scssl,acti,10000.0,WTMEC4YR_weighted_sensitivity,cohen_kappa,coefficient,0.6498272166154844,0.628176599858037,0.6683880039748616,300,300,Percentile CI from PSU-within-stratum design bootstrap; grouped OOF isotonic mapping and the classification metric were recomputed in each replicate.
scssl,acti,10000.0,WTMEC4YR_weighted_sensitivity,positive_agreement,proportion,0.896322711262594,0.8896541273610453,0.9016428766523024,300,300,Percentile CI from PSU-within-stratum design bootstrap; grouped OOF isotonic mapping and the classification metric were recomputed in each replicate.
scssl,acti,10000.0,WTMEC4YR_weighted_sensitivity,negative_agreement,proportion,0.7521669479112397,0.7336222941818561,0.766117865821653,300,300,Percentile CI from PSU-within-stratum design bootstrap; grouped OOF isotonic mapping and the classification metric were recomputed in each replicate.
scssl,adept,7000.0,unweighted_primary,observed_target_attainment_pct,percent,1.4341892204487623,1.164071105268029,1.68782658863265,300,300,Percentile CI from PSU-within-stratum design bootstrap; grouped OOF isotonic mapping and the classification metric were recomputed in each replicate.
scssl,adept,7000.0,unweighted_primary,mapped_source_attainment_pct,percent,0.7749248207263475,0.4279416351583726,0.8813575515356472,300,300,Percentile CI from PSU-within-stratum design bootstrap; grouped OOF isotonic mapping and the classification metric were recomputed in each replicate.
scssl,adept,7000.0,unweighted_primary,attainment_difference_pp,percentage_points,-0.659264399722415,-1.010565232255229,-0.4875026331280975,300,300,Percentile CI from PSU-within-stratum design bootstrap; grouped OOF isotonic mapping and the classification metric were recomputed in each replicate.
scssl,adept,7000.0,unweighted_primary,discordant_reclassification_pct,percent,1.4457552625491557,1.1236133945143745,1.6235512331452893,300,300,Percentile CI from PSU-within-stratum design bootstrap; grouped OOF isotonic mapping and the classification metric were recomputed in each replicate.
scssl,adept,7000.0,unweighted_primary,cohen_kappa,coefficient,0.3388978266055812,0.2358207467028598,0.4261489999348359,300,300,Percentile CI from PSU-within-stratum design bootstrap; grouped OOF isotonic mapping and the classification metric were recomputed in each replicate.
scssl,adept,7000.0,unweighted_primary,positive_agreement,proportion,0.3455497382198952,0.2409193548387097,0.4322620827105131,300,300,Percentile CI from PSU-within-stratum design bootstrap; grouped OOF isotonic mapping and the classification metric were recomputed in each replicate.
scssl,adept,7000.0,unweighted_primary,negative_agreement,proportion,0.9926904859364948,0.9917818462202508,0.9943337892220112,300,300,Percentile CI from PSU-within-stratum design bootstrap; grouped OOF isotonic mapping and the classification metric were recomputed in each replicate.
scssl,adept,7000.0,WTMEC4YR_weighted_sensitivity,observed_target_attainment_pct,percent,1.257298010862412,0.9877888153089456,1.5252543971542614,300,300,Percentile CI from PSU-within-stratum design bootstrap; grouped OOF isotonic mapping and the classification metric were recomputed in each replicate.
scssl,adept,7000.0,WTMEC4YR_weighted_sensitivity,mapped_source_attainment_pct,percent,0.5905748745914701,0.31223927976612,0.6970336637639869,300,300,Percentile CI from PSU-within-stratum design bootstrap; grouped OOF isotonic mapping and the classification metric were recomputed in each replicate.
scssl,adept,7000.0,WTMEC4YR_weighted_sensitivity,attainment_difference_pp,percentage_points,-0.666723136270942,-1.0295607591580476,-0.4244789382063245,300,300,Percentile CI from PSU-within-stratum design bootstrap; grouped OOF isotonic mapping and the classification metric were recomputed in each replicate.
scssl,adept,7000.0,WTMEC4YR_weighted_sensitivity,discordant_reclassification_pct,percent,1.276142797569945,0.9613519917514256,1.4512365727915897,300,300,Percentile CI from PSU-within-stratum design bootstrap; grouped OOF isotonic mapping and the classification metric were recomputed in each replicate.
scssl,adept,7000.0,WTMEC4YR_weighted_sensitivity,cohen_kappa,coefficient,0.3038040025953172,0.1992263885628462,0.3892674781658893,300,300,Percentile CI from PSU-within-stratum design bootstrap; grouped OOF isotonic mapping and the classification metric were recomputed in each replicate.
scssl,adept,7000.0,WTMEC4YR_weighted_sensitivity,positive_agreement,proportion,0.3093990351741681,0.2039198690210106,0.3939734137499184,300,300,Percentile CI from PSU-within-stratum design bootstrap; grouped OOF isotonic mapping and the classification metric were recomputed in each replicate.
scssl,adept,7000.0,WTMEC4YR_weighted_sensitivity,negative_agreement,proportion,0.9935597824956364,0.9926647393132996,0.9951564101744,300,300,Percentile CI from PSU-within-stratum design bootstrap; grouped OOF isotonic mapping and the classification metric were recomputed in each replicate.
scssl,adept,8000.0,unweighted_primary,observed_target_attainment_pct,percent,0.7864908628267407,0.6136729862567414,0.9493834384179236,300,300,Percentile CI from PSU-within-stratum design bootstrap; grouped OOF isotonic mapping and the classification metric were recomputed in each replicate.
scssl,adept,8000.0,unweighted_primary,mapped_source_attainment_pct,percent,0.3469812630117973,0.011510496334062,0.5204806757961221,300,300,Percentile CI from PSU-within-stratum design bootstrap; grouped OOF isotonic mapping and the classification metric were recomputed in each replicate.
scssl,adept,8000.0,unweighted_primary,attainment_difference_pp,percentage_points,-0.4395095998149433,-0.7082503114314406,-0.2765628853229493,300,300,Percentile CI from PSU-within-stratum design bootstrap; grouped OOF isotonic mapping and the classification metric were recomputed in each replicate.
scssl,adept,8000.0,unweighted_primary,discordant_reclassification_pct,percent,0.948415452232246,0.6705322671751195,1.0671992914635362,300,300,Percentile CI from PSU-within-stratum design bootstrap; grouped OOF isotonic mapping and the classification metric were recomputed in each replicate.
scssl,adept,8000.0,unweighted_primary,cohen_kappa,coefficient,0.1592167243023168,0.0,0.3498952640821933,300,300,Percentile CI from PSU-within-stratum design bootstrap; grouped OOF isotonic mapping and the classification metric were recomputed in each replicate.
scssl,adept,8000.0,unweighted_primary,positive_agreement,proportion,0.1632653061224489,0.0,0.3539373814041745,300,300,Percentile CI from PSU-within-stratum design bootstrap; grouped OOF isotonic mapping and the classification metric were recomputed in each replicate.
scssl,adept,8000.0,unweighted_primary,negative_agreement,proportion,0.9952308944980808,0.9946276798638854,0.9966354525189468,300,300,Percentile CI from PSU-within-stratum design bootstrap; grouped OOF isotonic mapping and the classification metric were recomputed in each replicate.
scssl,adept,8000.0,WTMEC4YR_weighted_sensitivity,observed_target_attainment_pct,percent,0.6369894215592681,0.4707325895446129,0.8157902000506928,300,300,Percentile CI from PSU-within-stratum design bootstrap; grouped OOF isotonic mapping and the classification metric were recomputed in each replicate.
scssl,adept,8000.0,WTMEC4YR_weighted_sensitivity,mapped_source_attainment_pct,percent,0.2482742415679816,0.0039904303242005,0.4220809439676939,300,300,Percentile CI from PSU-within-stratum design bootstrap; grouped OOF isotonic mapping and the classification metric were recomputed in each replicate.
scssl,adept,8000.0,WTMEC4YR_weighted_sensitivity,attainment_difference_pp,percentage_points,-0.3887151799912864,-0.5746629166922829,-0.2403904217409712,300,300,Percentile CI from PSU-within-stratum design bootstrap; grouped OOF isotonic mapping and the classification metric were recomputed in each replicate.
scssl,adept,8000.0,WTMEC4YR_weighted_sensitivity,discordant_reclassification_pct,percent,0.7183175537529188,0.5214833904007244,0.8560322174607824,300,300,Percentile CI from PSU-within-stratum design bootstrap; grouped OOF isotonic mapping and the classification metric were recomputed in each replicate.
scssl,adept,8000.0,WTMEC4YR_weighted_sensitivity,cohen_kappa,coefficient,0.1856739799962856,-2.1509547423254563e-14,0.3835622247355593,300,300,Percentile CI from PSU-within-stratum design bootstrap; grouped OOF isotonic mapping and the classification metric were recomputed in each replicate.
scssl,adept,8000.0,WTMEC4YR_weighted_sensitivity,positive_agreement,proportion,0.1885834879798218,0.0,0.3873566921496796,300,300,Percentile CI from PSU-within-stratum design bootstrap; grouped OOF isotonic mapping and the classification metric were recomputed in each replicate.
scssl,adept,8000.0,WTMEC4YR_weighted_sensitivity,negative_agreement,proportion,0.996392444040216,0.995696217984256,0.9973839414495826,300,300,Percentile CI from PSU-within-stratum design bootstrap; grouped OOF isotonic mapping and the classification metric were recomputed in each replicate.
scssl,adept,10000.0,unweighted_primary,observed_target_attainment_pct,percent,0.1966227157066851,0.1275551225008112,0.2634193972435134,300,300,Percentile CI from PSU-within-stratum design bootstrap; grouped OOF isotonic mapping and the classification metric were recomputed in each replicate.
scssl,adept,10000.0,unweighted_primary,mapped_source_attainment_pct,percent,0.0,0.0,0.0908017049067822,300,300,Percentile CI from PSU-within-stratum design bootstrap; grouped OOF isotonic mapping and the classification metric were recomputed in each replicate.
scssl,adept,10000.0,unweighted_primary,attainment_difference_pp,percentage_points,-0.1966227157066851,-0.2541585361651637,-0.0855382146241202,300,300,Percentile CI from PSU-within-stratum design bootstrap; grouped OOF isotonic mapping and the classification metric were recomputed in each replicate.
scssl,adept,10000.0,unweighted_primary,discordant_reclassification_pct,percent,0.1966227157066851,0.1276672450022426,0.3162038416274982,300,300,Percentile CI from PSU-within-stratum design bootstrap; grouped OOF isotonic mapping and the classification metric were recomputed in each replicate.
scssl,adept,10000.0,unweighted_primary,cohen_kappa,coefficient,0.0,-0.0011631991137192,0.0,300,300,Percentile CI from PSU-within-stratum design bootstrap; grouped OOF isotonic mapping and the classification metric were recomputed in each replicate.
scssl,adept,10000.0,unweighted_primary,positive_agreement,proportion,0.0,0.0,0.0,300,300,Percentile CI from PSU-within-stratum design bootstrap; grouped OOF isotonic mapping and the classification metric were recomputed in each replicate.
scssl,adept,10000.0,unweighted_primary,negative_agreement,proportion,0.999015918958032,0.9984164772096,0.9993612560415324,300,300,Percentile CI from PSU-within-stratum design bootstrap; grouped OOF isotonic mapping and the classification metric were recomputed in each replicate.
scssl,adept,10000.0,WTMEC4YR_weighted_sensitivity,observed_target_attainment_pct,percent,0.1567044574581063,0.0955464616585368,0.2244250691921725,300,300,Percentile CI from PSU-within-stratum design bootstrap; grouped OOF isotonic mapping and the classification metric were recomputed in each replicate.
scssl,adept,10000.0,WTMEC4YR_weighted_sensitivity,mapped_source_attainment_pct,percent,0.0,0.0,0.0797933929334634,300,300,Percentile CI from PSU-within-stratum design bootstrap; grouped OOF isotonic mapping and the classification metric were recomputed in each replicate.
scssl,adept,10000.0,WTMEC4YR_weighted_sensitivity,attainment_difference_pp,percentage_points,-0.1567044574581063,-0.205068977258987,-0.0719573064921908,300,300,Percentile CI from PSU-within-stratum design bootstrap; grouped OOF isotonic mapping and the classification metric were recomputed in each replicate.
scssl,adept,10000.0,WTMEC4YR_weighted_sensitivity,discordant_reclassification_pct,percent,0.1567044574581063,0.0955464616585368,0.2874308574095102,300,300,Percentile CI from PSU-within-stratum design bootstrap; grouped OOF isotonic mapping and the classification metric were recomputed in each replicate.
scssl,adept,10000.0,WTMEC4YR_weighted_sensitivity,cohen_kappa,coefficient,-7.084820959365515e-14,-0.0010826266980667,1.7707119347115045e-13,300,300,Percentile CI from PSU-within-stratum design bootstrap; grouped OOF isotonic mapping and the classification metric were recomputed in each replicate.
scssl,adept,10000.0,WTMEC4YR_weighted_sensitivity,positive_agreement,proportion,0.0,0.0,0.0,300,300,Percentile CI from PSU-within-stratum design bootstrap; grouped OOF isotonic mapping and the classification metric were recomputed in each replicate.
scssl,adept,10000.0,WTMEC4YR_weighted_sensitivity,negative_agreement,proportion,0.9992158633241476,0.9985607760003712,0.9995220393537336,300,300,Percentile CI from PSU-within-stratum design bootstrap; grouped OOF isotonic mapping and the classification metric were recomputed in each replicate.
scssl,oak,7000.0,unweighted_primary,observed_target_attainment_pct,percent,78.94980337728428,78.08902994263754,79.79065121869183,300,300,Percentile CI from PSU-within-stratum design bootstrap; grouped OOF isotonic mapping and the classification metric were recomputed in each replicate.
scssl,oak,7000.0,unweighted_primary,mapped_source_attainment_pct,percent,82.69720101781171,81.40134529859328,83.52003783757993,300,300,Percentile CI from PSU-within-stratum design bootstrap; grouped OOF isotonic mapping and the classification metric were recomputed in each replicate.
scssl,oak,7000.0,unweighted_primary,attainment_difference_pp,percentage_points,3.7473976405274168,2.7555619033923375,4.3625241970362385,300,300,Percentile CI from PSU-within-stratum design bootstrap; grouped OOF isotonic mapping and the classification metric were recomputed in each replicate.
scssl,oak,7000.0,unweighted_primary,discordant_reclassification_pct,percent,10.525098311357851,9.85160615068594,10.946862499470477,300,300,Percentile CI from PSU-within-stratum design bootstrap; grouped OOF isotonic mapping and the classification metric were recomputed in each replicate.
scssl,oak,7000.0,unweighted_primary,cohen_kappa,coefficient,0.6612287196353399,0.6508493452732679,0.6832230228341074,300,300,Percentile CI from PSU-within-stratum design bootstrap; grouped OOF isotonic mapping and the classification metric were recomputed in each replicate.
scssl,oak,7000.0,unweighted_primary,positive_agreement,proportion,0.9348883800801374,0.931677109908191,0.9392655435708456,300,300,Percentile CI from PSU-within-stratum design bootstrap; grouped OOF isotonic mapping and the classification metric were recomputed in each replicate.
scssl,oak,7000.0,unweighted_primary,negative_agreement,proportion,0.7255729794933655,0.7167767685108726,0.7449063833706635,300,300,Percentile CI from PSU-within-stratum design bootstrap; grouped OOF isotonic mapping and the classification metric were recomputed in each replicate.
scssl,oak,7000.0,WTMEC4YR_weighted_sensitivity,observed_target_attainment_pct,percent,81.39859010675782,80.62792708439602,82.0816446031128,300,300,Percentile CI from PSU-within-stratum design bootstrap; grouped OOF isotonic mapping and the classification metric were recomputed in each replicate.
scssl,oak,7000.0,WTMEC4YR_weighted_sensitivity,mapped_source_attainment_pct,percent,84.70781465519111,83.23649472184239,85.66984747914421,300,300,Percentile CI from PSU-within-stratum design bootstrap; grouped OOF isotonic mapping and the classification metric were recomputed in each replicate.
scssl,oak,7000.0,WTMEC4YR_weighted_sensitivity,attainment_difference_pp,percentage_points,3.3092245484332983,2.322328448181122,3.9220973351382553,300,300,Percentile CI from PSU-within-stratum design bootstrap; grouped OOF isotonic mapping and the classification metric were recomputed in each replicate.
scssl,oak,7000.0,WTMEC4YR_weighted_sensitivity,discordant_reclassification_pct,percent,10.171850478926746,9.408783662365671,10.7111584762827,300,300,Percentile CI from PSU-within-stratum design bootstrap; grouped OOF isotonic mapping and the classification metric were recomputed in each replicate.
scssl,oak,7000.0,WTMEC4YR_weighted_sensitivity,cohen_kappa,coefficient,0.6393532625000194,0.623937447154498,0.6679567019019275,300,300,Percentile CI from PSU-within-stratum design bootstrap; grouped OOF isotonic mapping and the classification metric were recomputed in each replicate.
scssl,oak,7000.0,WTMEC4YR_weighted_sensitivity,positive_agreement,proportion,0.938763044727238,0.935203134004846,0.943363113274168,300,300,Percentile CI from PSU-within-stratum design bootstrap; grouped OOF isotonic mapping and the classification metric were recomputed in each replicate.
scssl,oak,7000.0,WTMEC4YR_weighted_sensitivity,negative_agreement,proportion,0.6998887132661807,0.686656339784821,0.7253694295503329,300,300,Percentile CI from PSU-within-stratum design bootstrap; grouped OOF isotonic mapping and the classification metric were recomputed in each replicate.
scssl,oak,8000.0,unweighted_primary,observed_target_attainment_pct,percent,72.60004626416841,71.58833045185226,73.37633713468321,300,300,Percentile CI from PSU-within-stratum design bootstrap; grouped OOF isotonic mapping and the classification metric were recomputed in each replicate.
scssl,oak,8000.0,unweighted_primary,mapped_source_attainment_pct,percent,77.77006708304418,75.9161863226944,78.65916411446057,300,300,Percentile CI from PSU-within-stratum design bootstrap; grouped OOF isotonic mapping and the classification metric were recomputed in each replicate.
scssl,oak,8000.0,unweighted_primary,attainment_difference_pp,percentage_points,5.170020818875775,3.6223345562440303,5.720062841848015,300,300,Percentile CI from PSU-within-stratum design bootstrap; grouped OOF isotonic mapping and the classification metric were recomputed in each replicate.
scssl,oak,8000.0,unweighted_primary,discordant_reclassification_pct,percent,12.780476520934537,12.042724170291738,13.363553287310724,300,300,Percentile CI from PSU-within-stratum design bootstrap; grouped OOF isotonic mapping and the classification metric were recomputed in each replicate.
scssl,oak,8000.0,unweighted_primary,cohen_kappa,coefficient,0.658713167854738,0.6440390629509791,0.6793379376081344,300,300,Percentile CI from PSU-within-stratum design bootstrap; grouped OOF isotonic mapping and the classification metric were recomputed in each replicate.
scssl,oak,8000.0,unweighted_primary,positive_agreement,proportion,0.9150065379586184,0.910027920215806,0.9201253777833066,300,300,Percentile CI from PSU-within-stratum design bootstrap; grouped OOF isotonic mapping and the classification metric were recomputed in each replicate.
scssl,oak,8000.0,unweighted_primary,negative_agreement,proportion,0.742484269401072,0.731252070200665,0.760843708233685,300,300,Percentile CI from PSU-within-stratum design bootstrap; grouped OOF isotonic mapping and the classification metric were recomputed in each replicate.
scssl,oak,8000.0,WTMEC4YR_weighted_sensitivity,observed_target_attainment_pct,percent,75.17345254669901,74.32953238478372,75.94232029252395,300,300,Percentile CI from PSU-within-stratum design bootstrap; grouped OOF isotonic mapping and the classification metric were recomputed in each replicate.
scssl,oak,8000.0,WTMEC4YR_weighted_sensitivity,mapped_source_attainment_pct,percent,79.91834229488887,78.00830408032625,80.7191907900592,300,300,Percentile CI from PSU-within-stratum design bootstrap; grouped OOF isotonic mapping and the classification metric were recomputed in each replicate.
scssl,oak,8000.0,WTMEC4YR_weighted_sensitivity,attainment_difference_pp,percentage_points,4.744889748189863,3.1136713662600033,5.332130751227209,300,300,Percentile CI from PSU-within-stratum design bootstrap; grouped OOF isotonic mapping and the classification metric were recomputed in each replicate.
scssl,oak,8000.0,WTMEC4YR_weighted_sensitivity,discordant_reclassification_pct,percent,12.329645623982149,11.408581795960185,12.97505612569481,300,300,Percentile CI from PSU-within-stratum design bootstrap; grouped OOF isotonic mapping and the classification metric were recomputed in each replicate.
scssl,oak,8000.0,WTMEC4YR_weighted_sensitivity,cohen_kappa,coefficient,0.6470895813585812,0.6289070706411563,0.6763760621105152,300,300,Percentile CI from PSU-within-stratum design bootstrap; grouped OOF isotonic mapping and the classification metric were recomputed in each replicate.
scssl,oak,8000.0,WTMEC4YR_weighted_sensitivity,positive_agreement,proportion,0.9205009804898076,0.9158023798796716,0.9263166802544088,300,300,Percentile CI from PSU-within-stratum design bootstrap; grouped OOF isotonic mapping and the classification metric were recomputed in each replicate.
scssl,oak,8000.0,WTMEC4YR_weighted_sensitivity,negative_agreement,proportion,0.7254478200478119,0.7098045678183988,0.7509691460657116,300,300,Percentile CI from PSU-within-stratum design bootstrap; grouped OOF isotonic mapping and the classification metric were recomputed in each replicate.
scssl,oak,10000.0,unweighted_primary,observed_target_attainment_pct,percent,57.841776544066626,56.63778796570831,58.865995545855206,300,300,Percentile CI from PSU-within-stratum design bootstrap; grouped OOF isotonic mapping and the classification metric were recomputed in each replicate.
scssl,oak,10000.0,unweighted_primary,mapped_source_attainment_pct,percent,58.76705991209808,57.51010820868021,59.912864456550366,300,300,Percentile CI from PSU-within-stratum design bootstrap; grouped OOF isotonic mapping and the classification metric were recomputed in each replicate.
scssl,oak,10000.0,unweighted_primary,attainment_difference_pp,percentage_points,0.9252833680314598,0.0628937110053215,1.8524314103179544,300,300,Percentile CI from PSU-within-stratum design bootstrap; grouped OOF isotonic mapping and the classification metric were recomputed in each replicate.
scssl,oak,10000.0,unweighted_primary,discordant_reclassification_pct,percent,15.706685172334028,15.061190853623296,16.15645920340918,300,300,Percentile CI from PSU-within-stratum design bootstrap; grouped OOF isotonic mapping and the classification metric were recomputed in each replicate.
scssl,oak,10000.0,unweighted_primary,cohen_kappa,coefficient,0.6769834280682092,0.6674983959950811,0.6898946285934225,300,300,Percentile CI from PSU-within-stratum design bootstrap; grouped OOF isotonic mapping and the classification metric were recomputed in each replicate.
scssl,oak,10000.0,unweighted_primary,positive_agreement,proportion,0.8653045030747868,0.8607707241380099,0.8719423501073698,300,300,Percentile CI from PSU-within-stratum design bootstrap; grouped OOF isotonic mapping and the classification metric were recomputed in each replicate.
scssl,oak,10000.0,unweighted_primary,negative_agreement,proportion,0.8116504854368932,0.8044680374098975,0.8204398894518655,300,300,Percentile CI from PSU-within-stratum design bootstrap; grouped OOF isotonic mapping and the classification metric were recomputed in each replicate.
scssl,oak,10000.0,WTMEC4YR_weighted_sensitivity,observed_target_attainment_pct,percent,60.1375871777248,59.08271739738929,61.089406928120034,300,300,Percentile CI from PSU-within-stratum design bootstrap; grouped OOF isotonic mapping and the classification metric were recomputed in each replicate.
scssl,oak,10000.0,WTMEC4YR_weighted_sensitivity,mapped_source_attainment_pct,percent,61.357282705576985,60.13800423376622,62.629029956447646,300,300,Percentile CI from PSU-within-stratum design bootstrap; grouped OOF isotonic mapping and the classification metric were recomputed in each replicate.
scssl,oak,10000.0,WTMEC4YR_weighted_sensitivity,attainment_difference_pp,percentage_points,1.2196955278521826,0.3774222010637737,2.376058336470631,300,300,Percentile CI from PSU-within-stratum design bootstrap; grouped OOF isotonic mapping and the classification metric were recomputed in each replicate.
scssl,oak,10000.0,WTMEC4YR_weighted_sensitivity,discordant_reclassification_pct,percent,15.447594976225378,14.715758002189755,16.045510368838684,300,300,Percentile CI from PSU-within-stratum design bootstrap; grouped OOF isotonic mapping and the classification metric were recomputed in each replicate.
scssl,oak,10000.0,WTMEC4YR_weighted_sensitivity,cohen_kappa,coefficient,0.6761326563742163,0.6626646010163958,0.6930251892474598,300,300,Percentile CI from PSU-within-stratum design bootstrap; grouped OOF isotonic mapping and the classification metric were recomputed in each replicate.
scssl,oak,10000.0,WTMEC4YR_weighted_sensitivity,positive_agreement,proportion,0.8728539320955436,0.8675815743750094,0.879125552651643,300,300,Percentile CI from PSU-within-stratum design bootstrap; grouped OOF isotonic mapping and the classification metric were recomputed in each replicate.
scssl,oak,10000.0,WTMEC4YR_weighted_sensitivity,negative_agreement,proportion,0.8032282100129958,0.7939074764808212,0.8142438511092827,300,300,Percentile CI from PSU-within-stratum design bootstrap; grouped OOF isotonic mapping and the classification metric were recomputed in each replicate.
scssl,scrf,7000.0,unweighted_primary,observed_target_attainment_pct,percent,74.77446217904233,73.77716623569303,75.67536184955327,300,300,Percentile CI from PSU-within-stratum design bootstrap; grouped OOF isotonic mapping and the classification metric were recomputed in each replicate.
scssl,scrf,7000.0,unweighted_primary,mapped_source_attainment_pct,percent,77.66597270414064,76.32830702879357,78.95394006080238,300,300,Percentile CI from PSU-within-stratum design bootstrap; grouped OOF isotonic mapping and the classification metric were recomputed in each replicate.
scssl,scrf,7000.0,unweighted_primary,attainment_difference_pp,percentage_points,2.8915105250983064,1.9177225557122544,3.890761521817218,300,300,Percentile CI from PSU-within-stratum design bootstrap; grouped OOF isotonic mapping and the classification metric were recomputed in each replicate.
scssl,scrf,7000.0,unweighted_primary,discordant_reclassification_pct,percent,8.836456164700438,8.277134885319441,9.444964867416504,300,300,Percentile CI from PSU-within-stratum design bootstrap; grouped OOF isotonic mapping and the classification metric were recomputed in each replicate.
scssl,scrf,7000.0,unweighted_primary,cohen_kappa,coefficient,0.7565165081481925,0.7382885175917068,0.7723847211655251,300,300,Percentile CI from PSU-within-stratum design bootstrap; grouped OOF isotonic mapping and the classification metric were recomputed in each replicate.
scssl,scrf,7000.0,unweighted_primary,positive_agreement,proportion,0.9420333839150228,0.938342666044088,0.9455548698611828,300,300,Percentile CI from PSU-within-stratum design bootstrap; grouped OOF isotonic mapping and the classification metric were recomputed in each replicate.
scssl,scrf,7000.0,unweighted_primary,negative_agreement,proportion,0.8142023346303502,0.7985218784154161,0.82692510693089,300,300,Percentile CI from PSU-within-stratum design bootstrap; grouped OOF isotonic mapping and the classification metric were recomputed in each replicate.
scssl,scrf,7000.0,WTMEC4YR_weighted_sensitivity,observed_target_attainment_pct,percent,77.23739157627551,76.2722988957592,78.0913153666525,300,300,Percentile CI from PSU-within-stratum design bootstrap; grouped OOF isotonic mapping and the classification metric were recomputed in each replicate.
scssl,scrf,7000.0,WTMEC4YR_weighted_sensitivity,mapped_source_attainment_pct,percent,79.83458976825807,78.25905400837955,81.01057861769698,300,300,Percentile CI from PSU-within-stratum design bootstrap; grouped OOF isotonic mapping and the classification metric were recomputed in each replicate.
scssl,scrf,7000.0,WTMEC4YR_weighted_sensitivity,attainment_difference_pp,percentage_points,2.5971981919825526,1.5261963141756616,3.5521389403370076,300,300,Percentile CI from PSU-within-stratum design bootstrap; grouped OOF isotonic mapping and the classification metric were recomputed in each replicate.
scssl,scrf,7000.0,WTMEC4YR_weighted_sensitivity,discordant_reclassification_pct,percent,8.501610020369235,7.869652037212642,9.173713552551066,300,300,Percentile CI from PSU-within-stratum design bootstrap; grouped OOF isotonic mapping and the classification metric were recomputed in each replicate.
scssl,scrf,7000.0,WTMEC4YR_weighted_sensitivity,cohen_kappa,coefficient,0.7480830665682098,0.7250328298146016,0.7685930538849487,300,300,Percentile CI from PSU-within-stratum design bootstrap; grouped OOF isotonic mapping and the classification metric were recomputed in each replicate.
scssl,scrf,7000.0,WTMEC4YR_weighted_sensitivity,positive_agreement,proportion,0.945874433189194,0.94172710625729,0.9496797469372568,300,300,Percentile CI from PSU-within-stratum design bootstrap; grouped OOF isotonic mapping and the classification metric were recomputed in each replicate.
scssl,scrf,7000.0,WTMEC4YR_weighted_sensitivity,negative_agreement,proportion,0.80195661745766,0.782844931613295,0.8193817541243562,300,300,Percentile CI from PSU-within-stratum design bootstrap; grouped OOF isotonic mapping and the classification metric were recomputed in each replicate.
scssl,scrf,8000.0,unweighted_primary,observed_target_attainment_pct,percent,68.37844089752487,67.31137341252126,69.25740524778148,300,300,Percentile CI from PSU-within-stratum design bootstrap; grouped OOF isotonic mapping and the classification metric were recomputed in each replicate.
scssl,scrf,8000.0,unweighted_primary,mapped_source_attainment_pct,percent,71.61693268563496,70.40180700680249,73.15637956314337,300,300,Percentile CI from PSU-within-stratum design bootstrap; grouped OOF isotonic mapping and the classification metric were recomputed in each replicate.
scssl,scrf,8000.0,unweighted_primary,attainment_difference_pp,percentage_points,3.2384917881100983,2.44840960857519,4.199295833724115,300,300,Percentile CI from PSU-within-stratum design bootstrap; grouped OOF isotonic mapping and the classification metric were recomputed in each replicate.
scssl,scrf,8000.0,unweighted_primary,discordant_reclassification_pct,percent,10.363173721952348,9.946174003967348,10.921639791024369,300,300,Percentile CI from PSU-within-stratum design bootstrap; grouped OOF isotonic mapping and the classification metric were recomputed in each replicate.
scssl,scrf,8000.0,unweighted_primary,cohen_kappa,coefficient,0.7535762981782982,0.7390742777244514,0.7639764039363992,300,300,Percentile CI from PSU-within-stratum design bootstrap; grouped OOF isotonic mapping and the classification metric were recomputed in each replicate.
scssl,scrf,8000.0,unweighted_primary,positive_agreement,proportion,0.9259748843357568,0.9219775152989756,0.9293413689017256,300,300,Percentile CI from PSU-within-stratum design bootstrap; grouped OOF isotonic mapping and the classification metric were recomputed in each replicate.
scssl,scrf,8000.0,unweighted_primary,negative_agreement,proportion,0.8272937548188126,0.8157839123814894,0.835675602895207,300,300,Percentile CI from PSU-within-stratum design bootstrap; grouped OOF isotonic mapping and the classification metric were recomputed in each replicate.
scssl,scrf,8000.0,WTMEC4YR_weighted_sensitivity,observed_target_attainment_pct,percent,70.89566009975302,69.91293219096032,71.74513063171686,300,300,Percentile CI from PSU-within-stratum design bootstrap; grouped OOF isotonic mapping and the classification metric were recomputed in each replicate.
scssl,scrf,8000.0,WTMEC4YR_weighted_sensitivity,mapped_source_attainment_pct,percent,74.01637992035855,72.8600771959633,75.37392787830977,300,300,Percentile CI from PSU-within-stratum design bootstrap; grouped OOF isotonic mapping and the classification metric were recomputed in each replicate.
scssl,scrf,8000.0,WTMEC4YR_weighted_sensitivity,attainment_difference_pp,percentage_points,3.120719820605533,2.2786725677528943,3.994257757095483,300,300,Percentile CI from PSU-within-stratum design bootstrap; grouped OOF isotonic mapping and the classification metric were recomputed in each replicate.
scssl,scrf,8000.0,WTMEC4YR_weighted_sensitivity,discordant_reclassification_pct,percent,9.792802902454444,9.314155862127484,10.478374655837245,300,300,Percentile CI from PSU-within-stratum design bootstrap; grouped OOF isotonic mapping and the classification metric were recomputed in each replicate.
scssl,scrf,8000.0,WTMEC4YR_weighted_sensitivity,cohen_kappa,coefficient,0.7549547171449797,0.73714297884346,0.7662566796676981,300,300,Percentile CI from PSU-within-stratum design bootstrap; grouped OOF isotonic mapping and the classification metric were recomputed in each replicate.
scssl,scrf,8000.0,WTMEC4YR_weighted_sensitivity,positive_agreement,proportion,0.9324224343188092,0.927418775261787,0.9359167899344292,300,300,Percentile CI from PSU-within-stratum design bootstrap; grouped OOF isotonic mapping and the classification metric were recomputed in each replicate.
scssl,scrf,8000.0,WTMEC4YR_weighted_sensitivity,negative_agreement,proportion,0.8222333354506208,0.808593359733419,0.8307118661514659,300,300,Percentile CI from PSU-within-stratum design bootstrap; grouped OOF isotonic mapping and the classification metric were recomputed in each replicate.
scssl,scrf,10000.0,unweighted_primary,observed_target_attainment_pct,percent,53.7589636826278,52.64474740675752,54.86160029504605,300,300,Percentile CI from PSU-within-stratum design bootstrap; grouped OOF isotonic mapping and the classification metric were recomputed in each replicate.
scssl,scrf,10000.0,unweighted_primary,mapped_source_attainment_pct,percent,56.34975711311589,54.360166295490906,57.895806773630355,300,300,Percentile CI from PSU-within-stratum design bootstrap; grouped OOF isotonic mapping and the classification metric were recomputed in each replicate.
scssl,scrf,10000.0,unweighted_primary,attainment_difference_pp,percentage_points,2.590793430488092,0.788119213032377,3.680994956483851,300,300,Percentile CI from PSU-within-stratum design bootstrap; grouped OOF isotonic mapping and the classification metric were recomputed in each replicate.
scssl,scrf,10000.0,unweighted_primary,discordant_reclassification_pct,percent,12.768910478834142,12.169956773943472,13.306411464339638,300,300,Percentile CI from PSU-within-stratum design bootstrap; grouped OOF isotonic mapping and the classification metric were recomputed in each replicate.
scssl,scrf,10000.0,unweighted_primary,cohen_kappa,coefficient,0.7421600889988409,0.7316449165227448,0.7543081449764998,300,300,Percentile CI from PSU-within-stratum design bootstrap; grouped OOF isotonic mapping and the classification metric were recomputed in each replicate.
scssl,scrf,10000.0,unweighted_primary,positive_agreement,proportion,0.8840336134453781,0.8781271259013194,0.8896314662816031,300,300,Percentile CI from PSU-within-stratum design bootstrap; grouped OOF isotonic mapping and the classification metric were recomputed in each replicate.
scssl,scrf,10000.0,unweighted_primary,negative_agreement,proportion,0.8579516212043232,0.8511992531038547,0.8650870364090687,300,300,Percentile CI from PSU-within-stratum design bootstrap; grouped OOF isotonic mapping and the classification metric were recomputed in each replicate.
scssl,scrf,10000.0,WTMEC4YR_weighted_sensitivity,observed_target_attainment_pct,percent,56.31034009325487,55.15246600743693,57.58225147197481,300,300,Percentile CI from PSU-within-stratum design bootstrap; grouped OOF isotonic mapping and the classification metric were recomputed in each replicate.
scssl,scrf,10000.0,WTMEC4YR_weighted_sensitivity,mapped_source_attainment_pct,percent,58.962797091311536,56.891830190640704,60.598895176355,300,300,Percentile CI from PSU-within-stratum design bootstrap; grouped OOF isotonic mapping and the classification metric were recomputed in each replicate.
scssl,scrf,10000.0,WTMEC4YR_weighted_sensitivity,attainment_difference_pp,percentage_points,2.6524569980566626,0.7287450930145049,3.97578283625225,300,300,Percentile CI from PSU-within-stratum design bootstrap; grouped OOF isotonic mapping and the classification metric were recomputed in each replicate.
scssl,scrf,10000.0,WTMEC4YR_weighted_sensitivity,discordant_reclassification_pct,percent,12.641997833378534,12.020105857894034,13.365593204488889,300,300,Percentile CI from PSU-within-stratum design bootstrap; grouped OOF isotonic mapping and the classification metric were recomputed in each replicate.
scssl,scrf,10000.0,WTMEC4YR_weighted_sensitivity,cohen_kappa,coefficient,0.7413075617444264,0.7275250566891465,0.7536683583464027,300,300,Percentile CI from PSU-within-stratum design bootstrap; grouped OOF isotonic mapping and the classification metric were recomputed in each replicate.
scssl,scrf,10000.0,WTMEC4YR_weighted_sensitivity,positive_agreement,proportion,0.8903300617806805,0.8825279412497318,0.8960653628492814,300,300,Percentile CI from PSU-within-stratum design bootstrap; grouped OOF isotonic mapping and the classification metric were recomputed in each replicate.
scssl,scrf,10000.0,WTMEC4YR_weighted_sensitivity,negative_agreement,proportion,0.8507911491905764,0.8428680718727333,0.8587605451107926,300,300,Percentile CI from PSU-within-stratum design bootstrap; grouped OOF isotonic mapping and the classification metric were recomputed in each replicate.
scssl,vs,7000.0,unweighted_primary,observed_target_attainment_pct,percent,68.58662965533195,67.66499673025642,69.38805623420735,300,300,Percentile CI from PSU-within-stratum design bootstrap; grouped OOF isotonic mapping and the classification metric were recomputed in each replicate.
scssl,vs,7000.0,unweighted_primary,mapped_source_attainment_pct,percent,71.68632893823734,70.50162214869998,74.39679421459492,300,300,Percentile CI from PSU-within-stratum design bootstrap; grouped OOF isotonic mapping and the classification metric were recomputed in each replicate.
scssl,vs,7000.0,unweighted_primary,attainment_difference_pp,percentage_points,3.099699282905388,2.5384375999125774,5.076980591096294,300,300,Percentile CI from PSU-within-stratum design bootstrap; grouped OOF isotonic mapping and the classification metric were recomputed in each replicate.
scssl,vs,7000.0,unweighted_primary,discordant_reclassification_pct,percent,13.43974092065695,13.030483760011792,14.13432364876941,300,300,Percentile CI from PSU-within-stratum design bootstrap; grouped OOF isotonic mapping and the classification metric were recomputed in each replicate.
scssl,vs,7000.0,unweighted_primary,cohen_kappa,coefficient,0.679536802200469,0.6596274233211605,0.6899920793577823,300,300,Percentile CI from PSU-within-stratum design bootstrap; grouped OOF isotonic mapping and the classification metric were recomputed in each replicate.
scssl,vs,7000.0,unweighted_primary,positive_agreement,proportion,0.904188654353562,0.8990789293903138,0.907469802336114,300,300,Percentile CI from PSU-within-stratum design bootstrap; grouped OOF isotonic mapping and the classification metric were recomputed in each replicate.
scssl,vs,7000.0,unweighted_primary,negative_agreement,proportion,0.7749806351665376,0.7564954654562097,0.7842802489757278,300,300,Percentile CI from PSU-within-stratum design bootstrap; grouped OOF isotonic mapping and the classification metric were recomputed in each replicate.
scssl,vs,7000.0,WTMEC4YR_weighted_sensitivity,observed_target_attainment_pct,percent,70.72319292261237,69.90559351280027,71.51314460984133,300,300,Percentile CI from PSU-within-stratum design bootstrap; grouped OOF isotonic mapping and the classification metric were recomputed in each replicate.
scssl,vs,7000.0,WTMEC4YR_weighted_sensitivity,mapped_source_attainment_pct,percent,74.09061829730314,72.84071905373578,76.55102887182292,300,300,Percentile CI from PSU-within-stratum design bootstrap; grouped OOF isotonic mapping and the classification metric were recomputed in each replicate.
scssl,vs,7000.0,WTMEC4YR_weighted_sensitivity,attainment_difference_pp,percentage_points,3.367425374690769,2.6251273782197093,5.418565709453474,300,300,Percentile CI from PSU-within-stratum design bootstrap; grouped OOF isotonic mapping and the classification metric were recomputed in each replicate.
scssl,vs,7000.0,WTMEC4YR_weighted_sensitivity,discordant_reclassification_pct,percent,12.703695650194613,12.348445701459248,13.53998124333048,300,300,Percentile CI from PSU-within-stratum design bootstrap; grouped OOF isotonic mapping and the classification metric were recomputed in each replicate.
scssl,vs,7000.0,WTMEC4YR_weighted_sensitivity,cohen_kappa,coefficient,0.6825291158687264,0.6563545025513507,0.6935818196620944,300,300,Percentile CI from PSU-within-stratum design bootstrap; grouped OOF isotonic mapping and the classification metric were recomputed in each replicate.
scssl,vs,7000.0,WTMEC4YR_weighted_sensitivity,positive_agreement,proportion,0.9122756624994652,0.9069930660703126,0.914670254524348,300,300,Percentile CI from PSU-within-stratum design bootstrap; grouped OOF isotonic mapping and the classification metric were recomputed in each replicate.
scssl,vs,7000.0,WTMEC4YR_weighted_sensitivity,negative_agreement,proportion,0.7698029900050082,0.7464425915182288,0.7800907517021837,300,300,Percentile CI from PSU-within-stratum design bootstrap; grouped OOF isotonic mapping and the classification metric were recomputed in each replicate.
scssl,vs,8000.0,unweighted_primary,observed_target_attainment_pct,percent,58.74392782789729,57.51066872551518,59.77673495990216,300,300,Percentile CI from PSU-within-stratum design bootstrap; grouped OOF isotonic mapping and the classification metric were recomputed in each replicate.
scssl,vs,8000.0,unweighted_primary,mapped_source_attainment_pct,percent,60.61762664816099,58.03474398784605,62.62715858582351,300,300,Percentile CI from PSU-within-stratum design bootstrap; grouped OOF isotonic mapping and the classification metric were recomputed in each replicate.
scssl,vs,8000.0,unweighted_primary,attainment_difference_pp,percentage_points,1.8736988202637028,-0.3368069881734323,3.746713427674232,300,300,Percentile CI from PSU-within-stratum design bootstrap; grouped OOF isotonic mapping and the classification metric were recomputed in each replicate.
scssl,vs,8000.0,unweighted_primary,discordant_reclassification_pct,percent,15.914873930141106,14.979939658896807,16.331987955223532,300,300,Percentile CI from PSU-within-stratum design bootstrap; grouped OOF isotonic mapping and the classification metric were recomputed in each replicate.
scssl,vs,8000.0,unweighted_primary,cohen_kappa,coefficient,0.6694263706866184,0.6608249274137308,0.6906649702529717,300,300,Percentile CI from PSU-within-stratum design bootstrap; grouped OOF isotonic mapping and the classification metric were recomputed in each replicate.
scssl,vs,8000.0,unweighted_primary,positive_agreement,proportion,0.8666666666666667,0.8617994529842227,0.8740763494634579,300,300,Percentile CI from PSU-within-stratum design bootstrap; grouped OOF isotonic mapping and the classification metric were recomputed in each replicate.
scssl,vs,8000.0,unweighted_primary,negative_agreement,proportion,0.8026391279403328,0.7933314472263798,0.8190535215636802,300,300,Percentile CI from PSU-within-stratum design bootstrap; grouped OOF isotonic mapping and the classification metric were recomputed in each replicate.
scssl,vs,8000.0,WTMEC4YR_weighted_sensitivity,observed_target_attainment_pct,percent,60.29697333925708,59.19588029743518,61.335595892844125,300,300,Percentile CI from PSU-within-stratum design bootstrap; grouped OOF isotonic mapping and the classification metric were recomputed in each replicate.
scssl,vs,8000.0,WTMEC4YR_weighted_sensitivity,mapped_source_attainment_pct,percent,63.06866269686474,60.75731071009902,65.13534661284342,300,300,Percentile CI from PSU-within-stratum design bootstrap; grouped OOF isotonic mapping and the classification metric were recomputed in each replicate.
scssl,vs,8000.0,WTMEC4YR_weighted_sensitivity,attainment_difference_pp,percentage_points,2.771689357607665,0.6550003676588626,4.6183834726733,300,300,Percentile CI from PSU-within-stratum design bootstrap; grouped OOF isotonic mapping and the classification metric were recomputed in each replicate.
scssl,vs,8000.0,WTMEC4YR_weighted_sensitivity,discordant_reclassification_pct,percent,16.10637592113087,14.981110889905342,16.800598559078534,300,300,Percentile CI from PSU-within-stratum design bootstrap; grouped OOF isotonic mapping and the classification metric were recomputed in each replicate.
scssl,vs,8000.0,WTMEC4YR_weighted_sensitivity,cohen_kappa,coefficient,0.6595468886134874,0.6435709156376086,0.6847764675501933,300,300,Percentile CI from PSU-within-stratum design bootstrap; grouped OOF isotonic mapping and the classification metric were recomputed in each replicate.
scssl,vs,8000.0,WTMEC4YR_weighted_sensitivity,positive_agreement,proportion,0.8694419577554411,0.8635652205064173,0.8783160352131608,300,300,Percentile CI from PSU-within-stratum design bootstrap; grouped OOF isotonic mapping and the classification metric were recomputed in each replicate.
scssl,vs,8000.0,WTMEC4YR_weighted_sensitivity,negative_agreement,proportion,0.7898282821434696,0.7779852894697564,0.8089095938168951,300,300,Percentile CI from PSU-within-stratum design bootstrap; grouped OOF isotonic mapping and the classification metric were recomputed in each replicate.
scssl,vs,10000.0,unweighted_primary,observed_target_attainment_pct,percent,39.28984501503586,38.10149177247623,40.41448668759446,300,300,Percentile CI from PSU-within-stratum design bootstrap; grouped OOF isotonic mapping and the classification metric were recomputed in each replicate.
scssl,vs,10000.0,unweighted_primary,mapped_source_attainment_pct,percent,36.22484385843164,34.568715883371055,39.24622263145898,300,300,Percentile CI from PSU-within-stratum design bootstrap; grouped OOF isotonic mapping and the classification metric were recomputed in each replicate.
scssl,vs,10000.0,unweighted_primary,attainment_difference_pp,percentage_points,-3.0650011566042137,-4.027850016813966,-0.6216449523612816,300,300,Percentile CI from PSU-within-stratum design bootstrap; grouped OOF isotonic mapping and the classification metric were recomputed in each replicate.
scssl,vs,10000.0,unweighted_primary,discordant_reclassification_pct,percent,16.157760814249365,15.437531075190783,16.958909138320774,300,300,Percentile CI from PSU-within-stratum design bootstrap; grouped OOF isotonic mapping and the classification metric were recomputed in each replicate.
scssl,vs,10000.0,unweighted_primary,cohen_kappa,coefficient,0.6565782203175429,0.6424088589886209,0.6723950594159337,300,300,Percentile CI from PSU-within-stratum design bootstrap; grouped OOF isotonic mapping and the classification metric were recomputed in each replicate.
scssl,vs,10000.0,unweighted_primary,positive_agreement,proportion,0.7860315515392863,0.7774616878028945,0.7980585309404011,300,300,Percentile CI from PSU-within-stratum design bootstrap; grouped OOF isotonic mapping and the classification metric were recomputed in each replicate.
scssl,vs,10000.0,unweighted_primary,negative_agreement,proportion,0.870203474867602,0.860143441669135,0.8768700491684337,300,300,Percentile CI from PSU-within-stratum design bootstrap; grouped OOF isotonic mapping and the classification metric were recomputed in each replicate.
scssl,vs,10000.0,WTMEC4YR_weighted_sensitivity,observed_target_attainment_pct,percent,39.62514592793926,38.573682292055594,40.69993307540425,300,300,Percentile CI from PSU-within-stratum design bootstrap; grouped OOF isotonic mapping and the classification metric were recomputed in each replicate.
scssl,vs,10000.0,WTMEC4YR_weighted_sensitivity,mapped_source_attainment_pct,percent,37.47824235213146,35.75551912710794,40.96591392657276,300,300,Percentile CI from PSU-within-stratum design bootstrap; grouped OOF isotonic mapping and the classification metric were recomputed in each replicate.
scssl,vs,10000.0,WTMEC4YR_weighted_sensitivity,attainment_difference_pp,percentage_points,-2.1469035758078014,-3.2397453790550226,0.7692553630843175,300,300,Percentile CI from PSU-within-stratum design bootstrap; grouped OOF isotonic mapping and the classification metric were recomputed in each replicate.
scssl,vs,10000.0,WTMEC4YR_weighted_sensitivity,discordant_reclassification_pct,percent,16.43423576911804,15.39773360575249,17.646782543229097,300,300,Percentile CI from PSU-within-stratum design bootstrap; grouped OOF isotonic mapping and the classification metric were recomputed in each replicate.
scssl,vs,10000.0,WTMEC4YR_weighted_sensitivity,cohen_kappa,coefficient,0.6532991250448325,0.6320479761778455,0.6739029842576396,300,300,Percentile CI from PSU-within-stratum design bootstrap; grouped OOF isotonic mapping and the classification metric were recomputed in each replicate.
scssl,vs,10000.0,WTMEC4YR_weighted_sensitivity,positive_agreement,proportion,0.7868545580717901,0.7748839443294588,0.7997153380168228,300,300,Percentile CI from PSU-within-stratum design bootstrap; grouped OOF isotonic mapping and the classification metric were recomputed in each replicate.
scssl,vs,10000.0,WTMEC4YR_weighted_sensitivity,negative_agreement,proportion,0.8662759246237787,0.8527133275854805,0.8762426510202252,300,300,Percentile CI from PSU-within-stratum design bootstrap; grouped OOF isotonic mapping and the classification metric were recomputed in each replicate.
scssl,vsrev,7000.0,unweighted_primary,observed_target_attainment_pct,percent,59.900532037936614,58.72569837053813,60.88825624004186,300,300,Percentile CI from PSU-within-stratum design bootstrap; grouped OOF isotonic mapping and the classification metric were recomputed in each replicate.
scssl,vsrev,7000.0,unweighted_primary,mapped_source_attainment_pct,percent,62.72264631043257,60.695472728363704,67.71111474388238,300,300,Percentile CI from PSU-within-stratum design bootstrap; grouped OOF isotonic mapping and the classification metric were recomputed in each replicate.
scssl,vsrev,7000.0,unweighted_primary,attainment_difference_pp,percentage_points,2.822114272495957,1.244857431017221,7.289061743554532,300,300,Percentile CI from PSU-within-stratum design bootstrap; grouped OOF isotonic mapping and the classification metric were recomputed in each replicate.
scssl,vsrev,7000.0,unweighted_primary,discordant_reclassification_pct,percent,17.487855655794586,16.8609315601291,18.49593238216365,300,300,Percentile CI from PSU-within-stratum design bootstrap; grouped OOF isotonic mapping and the classification metric were recomputed in each replicate.
scssl,vsrev,7000.0,unweighted_primary,cohen_kappa,coefficient,0.6316855911869732,0.6023426081363386,0.644015989418937,300,300,Percentile CI from PSU-within-stratum design bootstrap; grouped OOF isotonic mapping and the classification metric were recomputed in each replicate.
scssl,vsrev,7000.0,unweighted_primary,positive_agreement,proportion,0.8573853989813243,0.8495056958357341,0.8637425556106266,300,300,Percentile CI from PSU-within-stratum design bootstrap; grouped OOF isotonic mapping and the classification metric were recomputed in each replicate.
scssl,vsrev,7000.0,unweighted_primary,negative_agreement,proportion,0.7739910313901345,0.7440608858923871,0.7828877007270029,300,300,Percentile CI from PSU-within-stratum design bootstrap; grouped OOF isotonic mapping and the classification metric were recomputed in each replicate.
scssl,vsrev,7000.0,WTMEC4YR_weighted_sensitivity,observed_target_attainment_pct,percent,62.40355686108578,61.37241350048272,63.34047599772472,300,300,Percentile CI from PSU-within-stratum design bootstrap; grouped OOF isotonic mapping and the classification metric were recomputed in each replicate.
scssl,vsrev,7000.0,WTMEC4YR_weighted_sensitivity,mapped_source_attainment_pct,percent,65.11609256109395,63.29126306165219,69.73348302089083,300,300,Percentile CI from PSU-within-stratum design bootstrap; grouped OOF isotonic mapping and the classification metric were recomputed in each replicate.
scssl,vsrev,7000.0,WTMEC4YR_weighted_sensitivity,attainment_difference_pp,percentage_points,2.7125357000081673,1.2509526608543504,7.337239241478867,300,300,Percentile CI from PSU-within-stratum design bootstrap; grouped OOF isotonic mapping and the classification metric were recomputed in each replicate.
scssl,vsrev,7000.0,WTMEC4YR_weighted_sensitivity,discordant_reclassification_pct,percent,17.21692675455438,16.370728175123478,18.41420855170922,300,300,Percentile CI from PSU-within-stratum design bootstrap; grouped OOF isotonic mapping and the classification metric were recomputed in each replicate.
scssl,vsrev,7000.0,WTMEC4YR_weighted_sensitivity,cohen_kappa,coefficient,0.627743200575364,0.595980934303922,0.644859514181667,300,300,Percentile CI from PSU-within-stratum design bootstrap; grouped OOF isotonic mapping and the classification metric were recomputed in each replicate.
scssl,vsrev,7000.0,WTMEC4YR_weighted_sensitivity,positive_agreement,proportion,0.8649860877710365,0.8561270059828646,0.8729664663504771,300,300,Percentile CI from PSU-within-stratum design bootstrap; grouped OOF isotonic mapping and the classification metric were recomputed in each replicate.
scssl,vsrev,7000.0,WTMEC4YR_weighted_sensitivity,negative_agreement,proportion,0.7624607687835474,0.7328103677876932,0.773748422377836,300,300,Percentile CI from PSU-within-stratum design bootstrap; grouped OOF isotonic mapping and the classification metric were recomputed in each replicate.
scssl,vsrev,8000.0,unweighted_primary,observed_target_attainment_pct,percent,51.3763590099468,50.200312918192054,52.50989656420521,300,300,Percentile CI from PSU-within-stratum design bootstrap; grouped OOF isotonic mapping and the classification metric were recomputed in each replicate.
scssl,vsrev,8000.0,unweighted_primary,mapped_source_attainment_pct,percent,55.112190608373815,53.45220770083444,56.992665801492514,300,300,Percentile CI from PSU-within-stratum design bootstrap; grouped OOF isotonic mapping and the classification metric were recomputed in each replicate.
scssl,vsrev,8000.0,unweighted_primary,attainment_difference_pp,percentage_points,3.735831598427019,2.426698064349808,5.4469776758343675,300,300,Percentile CI from PSU-within-stratum design bootstrap; grouped OOF isotonic mapping and the classification metric were recomputed in each replicate.
scssl,vsrev,8000.0,unweighted_primary,discordant_reclassification_pct,percent,18.609761739532733,18.15150958556669,19.423148355757508,300,300,Percentile CI from PSU-within-stratum design bootstrap; grouped OOF isotonic mapping and the classification metric were recomputed in each replicate.
scssl,vsrev,8000.0,unweighted_primary,cohen_kappa,coefficient,0.626754271136453,0.61095128755644,0.6354944075740715,300,300,Percentile CI from PSU-within-stratum design bootstrap; grouped OOF isotonic mapping and the classification metric were recomputed in each replicate.
scssl,vsrev,8000.0,unweighted_primary,positive_agreement,proportion,0.8252416639513414,0.816557771921869,0.8309496818963242,300,300,Percentile CI from PSU-within-stratum design bootstrap; grouped OOF isotonic mapping and the classification metric were recomputed in each replicate.
scssl,vsrev,8000.0,unweighted_primary,negative_agreement,proportion,0.8009894867037725,0.7895562503589243,0.806384516227894,300,300,Percentile CI from PSU-within-stratum design bootstrap; grouped OOF isotonic mapping and the classification metric were recomputed in each replicate.
scssl,vsrev,8000.0,WTMEC4YR_weighted_sensitivity,observed_target_attainment_pct,percent,53.33706868189915,52.209034380711685,54.385002446841035,300,300,Percentile CI from PSU-within-stratum design bootstrap; grouped OOF isotonic mapping and the classification metric were recomputed in each replicate.
scssl,vsrev,8000.0,WTMEC4YR_weighted_sensitivity,mapped_source_attainment_pct,percent,57.672989551652506,55.935859721365254,59.634807374981015,300,300,Percentile CI from PSU-within-stratum design bootstrap; grouped OOF isotonic mapping and the classification metric were recomputed in each replicate.
scssl,vsrev,8000.0,WTMEC4YR_weighted_sensitivity,attainment_difference_pp,percentage_points,4.335920869753362,2.883185635634705,6.093576700015973,300,300,Percentile CI from PSU-within-stratum design bootstrap; grouped OOF isotonic mapping and the classification metric were recomputed in each replicate.
scssl,vsrev,8000.0,WTMEC4YR_weighted_sensitivity,discordant_reclassification_pct,percent,18.986687407525512,18.356116951015068,19.78815659091307,300,300,Percentile CI from PSU-within-stratum design bootstrap; grouped OOF isotonic mapping and the classification metric were recomputed in each replicate.
scssl,vsrev,8000.0,WTMEC4YR_weighted_sensitivity,cohen_kappa,coefficient,0.6163367276286745,0.600473854439241,0.6287747816998871,300,300,Percentile CI from PSU-within-stratum design bootstrap; grouped OOF isotonic mapping and the classification metric were recomputed in each replicate.
scssl,vsrev,8000.0,WTMEC4YR_weighted_sensitivity,positive_agreement,proportion,0.8289642604494465,0.8195232929120643,0.8368268749710013,300,300,Percentile CI from PSU-within-stratum design bootstrap; grouped OOF isotonic mapping and the classification metric were recomputed in each replicate.
scssl,vsrev,8000.0,WTMEC4YR_weighted_sensitivity,negative_agreement,proportion,0.7866423212484444,0.7757019742506498,0.7941560660483322,300,300,Percentile CI from PSU-within-stratum design bootstrap; grouped OOF isotonic mapping and the classification metric were recomputed in each replicate.
scssl,vsrev,10000.0,unweighted_primary,observed_target_attainment_pct,percent,34.605597964376585,33.42330005652741,35.6798181701706,300,300,Percentile CI from PSU-within-stratum design bootstrap; grouped OOF isotonic mapping and the classification metric were recomputed in each replicate.
scssl,vsrev,10000.0,unweighted_primary,mapped_source_attainment_pct,percent,34.258616701364794,32.29312727160065,35.434650223628246,300,300,Percentile CI from PSU-within-stratum design bootstrap; grouped OOF isotonic mapping and the classification metric were recomputed in each replicate.
scssl,vsrev,10000.0,unweighted_primary,attainment_difference_pp,percentage_points,-0.3469812630117974,-2.0661592855829634,0.8660658349341493,300,300,Percentile CI from PSU-within-stratum design bootstrap; grouped OOF isotonic mapping and the classification metric were recomputed in each replicate.
scssl,vsrev,10000.0,unweighted_primary,discordant_reclassification_pct,percent,17.441591487393012,16.856220039589125,18.22439007159224,300,300,Percentile CI from PSU-within-stratum design bootstrap; grouped OOF isotonic mapping and the classification metric were recomputed in each replicate.
scssl,vsrev,10000.0,unweighted_primary,cohen_kappa,coefficient,0.61372598350473,0.5956685926514015,0.6263989441741745,300,300,Percentile CI from PSU-within-stratum design bootstrap; grouped OOF isotonic mapping and the classification metric were recomputed in each replicate.
scssl,vsrev,10000.0,unweighted_primary,positive_agreement,proportion,0.7467248908296943,0.7324051354764303,0.7564996965351416,300,300,Percentile CI from PSU-within-stratum design bootstrap; grouped OOF isotonic mapping and the classification metric were recomputed in each replicate.
scssl,vsrev,10000.0,unweighted_primary,negative_agreement,proportion,0.8669959428470629,0.8606422078094803,0.8723812823508135,300,300,Percentile CI from PSU-within-stratum design bootstrap; grouped OOF isotonic mapping and the classification metric were recomputed in each replicate.
scssl,vsrev,10000.0,WTMEC4YR_weighted_sensitivity,observed_target_attainment_pct,percent,35.26419613458567,34.05812760510732,36.34594931887302,300,300,Percentile CI from PSU-within-stratum design bootstrap; grouped OOF isotonic mapping and the classification metric were recomputed in each replicate.
scssl,vsrev,10000.0,WTMEC4YR_weighted_sensitivity,mapped_source_attainment_pct,percent,35.55400118834895,33.641843837717104,36.616671558062485,300,300,Percentile CI from PSU-within-stratum design bootstrap; grouped OOF isotonic mapping and the classification metric were recomputed in each replicate.
scssl,vsrev,10000.0,WTMEC4YR_weighted_sensitivity,attainment_difference_pp,percentage_points,0.2898050537632812,-1.4671092122033689,1.5309719166785127,300,300,Percentile CI from PSU-within-stratum design bootstrap; grouped OOF isotonic mapping and the classification metric were recomputed in each replicate.
scssl,vsrev,10000.0,WTMEC4YR_weighted_sensitivity,discordant_reclassification_pct,percent,18.364147096180925,17.468738853326276,19.31046411206642,300,300,Percentile CI from PSU-within-stratum design bootstrap; grouped OOF isotonic mapping and the classification metric were recomputed in each replicate.
scssl,vsrev,10000.0,WTMEC4YR_weighted_sensitivity,cohen_kappa,coefficient,0.5985323432170426,0.5788168946205761,0.6161472417725656,300,300,Percentile CI from PSU-within-stratum design bootstrap; grouped OOF isotonic mapping and the classification metric were recomputed in each replicate.
scssl,vsrev,10000.0,WTMEC4YR_weighted_sensitivity,positive_agreement,proportion,0.7406860412947328,0.7259158081371896,0.7532625284697535,300,300,Percentile CI from PSU-within-stratum design bootstrap; grouped OOF isotonic mapping and the classification metric were recomputed in each replicate.
scssl,vsrev,10000.0,WTMEC4YR_weighted_sensitivity,negative_agreement,proportion,0.8578426162538662,0.8498747919232998,0.8660228733888194,300,300,Percentile CI from PSU-within-stratum design bootstrap; grouped OOF isotonic mapping and the classification metric were recomputed in each replicate.
vs,acti,7000.0,unweighted_primary,observed_target_attainment_pct,percent,88.11010872079575,87.4748649376959,88.68003991228,300,300,Percentile CI from PSU-within-stratum design bootstrap; grouped OOF isotonic mapping and the classification metric were recomputed in each replicate.
vs,acti,7000.0,unweighted_primary,mapped_source_attainment_pct,percent,89.01226000462643,88.05122228035742,89.6707242446141,300,300,Percentile CI from PSU-within-stratum design bootstrap; grouped OOF isotonic mapping and the classification metric were recomputed in each replicate.
vs,acti,7000.0,unweighted_primary,attainment_difference_pp,percentage_points,0.9021512838306768,0.3696192704899526,1.3071227481578085,300,300,Percentile CI from PSU-within-stratum design bootstrap; grouped OOF isotonic mapping and the classification metric were recomputed in each replicate.
vs,acti,7000.0,unweighted_primary,discordant_reclassification_pct,percent,4.718945176960444,4.402824706121314,5.08075015613694,300,300,Percentile CI from PSU-within-stratum design bootstrap; grouped OOF isotonic mapping and the classification metric were recomputed in each replicate.
vs,acti,7000.0,unweighted_primary,cohen_kappa,coefficient,0.7671355244462389,0.7523006030589545,0.7808131730733588,300,300,Percentile CI from PSU-within-stratum design bootstrap; grouped OOF isotonic mapping and the classification metric were recomputed in each replicate.
vs,acti,7000.0,unweighted_primary,positive_agreement,proportion,0.97335771189761,0.971163138709344,0.9752366621620548,300,300,Percentile CI from PSU-within-stratum design bootstrap; grouped OOF isotonic mapping and the classification metric were recomputed in each replicate.
vs,acti,7000.0,unweighted_primary,negative_agreement,proportion,0.7937310414560161,0.7800032328083868,0.8064313544562494,300,300,Percentile CI from PSU-within-stratum design bootstrap; grouped OOF isotonic mapping and the classification metric were recomputed in each replicate.
vs,acti,7000.0,WTMEC4YR_weighted_sensitivity,observed_target_attainment_pct,percent,89.46378588203734,88.85393293798258,90.1208112158426,300,300,Percentile CI from PSU-within-stratum design bootstrap; grouped OOF isotonic mapping and the classification metric were recomputed in each replicate.
vs,acti,7000.0,WTMEC4YR_weighted_sensitivity,mapped_source_attainment_pct,percent,91.15791961700025,90.2097610722218,91.84045076901046,300,300,Percentile CI from PSU-within-stratum design bootstrap; grouped OOF isotonic mapping and the classification metric were recomputed in each replicate.
vs,acti,7000.0,WTMEC4YR_weighted_sensitivity,attainment_difference_pp,percentage_points,1.6941337349629104,0.9814854147268934,2.1177425771368648,300,300,Percentile CI from PSU-within-stratum design bootstrap; grouped OOF isotonic mapping and the classification metric were recomputed in each replicate.
vs,acti,7000.0,WTMEC4YR_weighted_sensitivity,discordant_reclassification_pct,percent,4.706946083867014,4.382798841662843,5.101382125733023,300,300,Percentile CI from PSU-within-stratum design bootstrap; grouped OOF isotonic mapping and the classification metric were recomputed in each replicate.
vs,acti,7000.0,WTMEC4YR_weighted_sensitivity,cohen_kappa,coefficient,0.7312628194234875,0.7100730738214198,0.758069174039486,300,300,Percentile CI from PSU-within-stratum design bootstrap; grouped OOF isotonic mapping and the classification metric were recomputed in each replicate.
vs,acti,7000.0,WTMEC4YR_weighted_sensitivity,positive_agreement,proportion,0.9739403076121874,0.9716763777759478,0.975713817718462,300,300,Percentile CI from PSU-within-stratum design bootstrap; grouped OOF isotonic mapping and the classification metric were recomputed in each replicate.
vs,acti,7000.0,WTMEC4YR_weighted_sensitivity,negative_agreement,proportion,0.7571021493334585,0.7363287406033595,0.7831610492984508,300,300,Percentile CI from PSU-within-stratum design bootstrap; grouped OOF isotonic mapping and the classification metric were recomputed in each replicate.
vs,acti,8000.0,unweighted_primary,observed_target_attainment_pct,percent,82.65093684941013,81.84912972558652,83.36384855540018,300,300,Percentile CI from PSU-within-stratum design bootstrap; grouped OOF isotonic mapping and the classification metric were recomputed in each replicate.
vs,acti,8000.0,unweighted_primary,mapped_source_attainment_pct,percent,83.44899375433727,82.76610567418287,84.22567520201726,300,300,Percentile CI from PSU-within-stratum design bootstrap; grouped OOF isotonic mapping and the classification metric were recomputed in each replicate.
vs,acti,8000.0,unweighted_primary,attainment_difference_pp,percentage_points,0.7980569049271358,0.2544934203094051,1.4959558510660471,300,300,Percentile CI from PSU-within-stratum design bootstrap; grouped OOF isotonic mapping and the classification metric were recomputed in each replicate.
vs,acti,8000.0,unweighted_primary,discordant_reclassification_pct,percent,5.7251908396946565,5.317410806308187,6.241006775546554,300,300,Percentile CI from PSU-within-stratum design bootstrap; grouped OOF isotonic mapping and the classification metric were recomputed in each replicate.
vs,acti,8000.0,unweighted_primary,cohen_kappa,coefficient,0.7966703068438465,0.7828218557265224,0.80734498994984,300,300,Percentile CI from PSU-within-stratum design bootstrap; grouped OOF isotonic mapping and the classification metric were recomputed in each replicate.
vs,acti,8000.0,unweighted_primary,positive_agreement,proportion,0.9655316482139128,0.9622704444311342,0.9681046618305732,300,300,Percentile CI from PSU-within-stratum design bootstrap; grouped OOF isotonic mapping and the classification metric were recomputed in each replicate.
vs,acti,8000.0,unweighted_primary,negative_agreement,proportion,0.8311156601842374,0.8199006726075309,0.8388447883172562,300,300,Percentile CI from PSU-within-stratum design bootstrap; grouped OOF isotonic mapping and the classification metric were recomputed in each replicate.
vs,acti,8000.0,WTMEC4YR_weighted_sensitivity,observed_target_attainment_pct,percent,84.43691471024442,83.81862982612454,84.98121422713734,300,300,Percentile CI from PSU-within-stratum design bootstrap; grouped OOF isotonic mapping and the classification metric were recomputed in each replicate.
vs,acti,8000.0,WTMEC4YR_weighted_sensitivity,mapped_source_attainment_pct,percent,85.30718260060223,84.66495263259284,86.10233095438984,300,300,Percentile CI from PSU-within-stratum design bootstrap; grouped OOF isotonic mapping and the classification metric were recomputed in each replicate.
vs,acti,8000.0,WTMEC4YR_weighted_sensitivity,attainment_difference_pp,percentage_points,0.870267890357812,0.3803950284664828,1.5866782573575633,300,300,Percentile CI from PSU-within-stratum design bootstrap; grouped OOF isotonic mapping and the classification metric were recomputed in each replicate.
vs,acti,8000.0,WTMEC4YR_weighted_sensitivity,discordant_reclassification_pct,percent,5.360729335660333,4.897567567423019,5.904085122048727,300,300,Percentile CI from PSU-within-stratum design bootstrap; grouped OOF isotonic mapping and the classification metric were recomputed in each replicate.
vs,acti,8000.0,WTMEC4YR_weighted_sensitivity,cohen_kappa,coefficient,0.7912699198963943,0.7724274349388568,0.8067590253589032,300,300,Percentile CI from PSU-within-stratum design bootstrap; grouped OOF isotonic mapping and the classification metric were recomputed in each replicate.
vs,acti,8000.0,WTMEC4YR_weighted_sensitivity,positive_agreement,proportion,0.9684187584688532,0.9649760125169524,0.9712395510788864,300,300,Percentile CI from PSU-within-stratum design bootstrap; grouped OOF isotonic mapping and the classification metric were recomputed in each replicate.
vs,acti,8000.0,WTMEC4YR_weighted_sensitivity,negative_agreement,proportion,0.8228203801837931,0.8073250245399419,0.8357577569474949,300,300,Percentile CI from PSU-within-stratum design bootstrap; grouped OOF isotonic mapping and the classification metric were recomputed in each replicate.
vs,acti,10000.0,unweighted_primary,observed_target_attainment_pct,percent,66.06523247744622,65.060654672783,66.91249500015132,300,300,Percentile CI from PSU-within-stratum design bootstrap; grouped OOF isotonic mapping and the classification metric were recomputed in each replicate.
vs,acti,10000.0,unweighted_primary,mapped_source_attainment_pct,percent,67.61508211889891,65.56623584000674,69.9059149258657,300,300,Percentile CI from PSU-within-stratum design bootstrap; grouped OOF isotonic mapping and the classification metric were recomputed in each replicate.
vs,acti,10000.0,unweighted_primary,attainment_difference_pp,percentage_points,1.549849641452694,-0.1812074151337125,3.217756664493585,300,300,Percentile CI from PSU-within-stratum design bootstrap; grouped OOF isotonic mapping and the classification metric were recomputed in each replicate.
vs,acti,10000.0,unweighted_primary,discordant_reclassification_pct,percent,9.368494101318529,8.87114874515405,10.081243458276823,300,300,Percentile CI from PSU-within-stratum design bootstrap; grouped OOF isotonic mapping and the classification metric were recomputed in each replicate.
vs,acti,10000.0,unweighted_primary,cohen_kappa,coefficient,0.788713272682446,0.7720661549419521,0.8019806240934226,300,300,Percentile CI from PSU-within-stratum design bootstrap; grouped OOF isotonic mapping and the classification metric were recomputed in each replicate.
vs,acti,10000.0,unweighted_primary,positive_agreement,proportion,0.9299186710503548,0.9246080793410704,0.9336640574835652,300,300,Percentile CI from PSU-within-stratum design bootstrap; grouped OOF isotonic mapping and the classification metric were recomputed in each replicate.
vs,acti,10000.0,unweighted_primary,negative_agreement,proportion,0.8587373561213812,0.8457542424514356,0.8691939431963077,300,300,Percentile CI from PSU-within-stratum design bootstrap; grouped OOF isotonic mapping and the classification metric were recomputed in each replicate.
vs,acti,10000.0,WTMEC4YR_weighted_sensitivity,observed_target_attainment_pct,percent,67.68682301987573,66.80945461795672,68.45494539727657,300,300,Percentile CI from PSU-within-stratum design bootstrap; grouped OOF isotonic mapping and the classification metric were recomputed in each replicate.
vs,acti,10000.0,WTMEC4YR_weighted_sensitivity,mapped_source_attainment_pct,percent,69.78247976993963,67.45126200534284,71.87410626069784,300,300,Percentile CI from PSU-within-stratum design bootstrap; grouped OOF isotonic mapping and the classification metric were recomputed in each replicate.
vs,acti,10000.0,WTMEC4YR_weighted_sensitivity,attainment_difference_pp,percentage_points,2.095656750063901,0.1317728135303034,3.965865315478044,300,300,Percentile CI from PSU-within-stratum design bootstrap; grouped OOF isotonic mapping and the classification metric were recomputed in each replicate.
vs,acti,10000.0,WTMEC4YR_weighted_sensitivity,discordant_reclassification_pct,percent,9.251448052659496,8.478487224649658,10.205801227642963,300,300,Percentile CI from PSU-within-stratum design bootstrap; grouped OOF isotonic mapping and the classification metric were recomputed in each replicate.
vs,acti,10000.0,WTMEC4YR_weighted_sensitivity,cohen_kappa,coefficient,0.7848611305838876,0.7613506205315852,0.8052924047507916,300,300,Percentile CI from PSU-within-stratum design bootstrap; grouped OOF isotonic mapping and the classification metric were recomputed in each replicate.
vs,acti,10000.0,WTMEC4YR_weighted_sensitivity,positive_agreement,proportion,0.9327017169294548,0.9257435521987788,0.937798167744956,300,300,Percentile CI from PSU-within-stratum design bootstrap; grouped OOF isotonic mapping and the classification metric were recomputed in each replicate.
vs,acti,10000.0,WTMEC4YR_weighted_sensitivity,negative_agreement,proportion,0.8520494978400357,0.8350660982325596,0.8674669856741761,300,300,Percentile CI from PSU-within-stratum design bootstrap; grouped OOF isotonic mapping and the classification metric were recomputed in each replicate.
vs,adept,7000.0,unweighted_primary,observed_target_attainment_pct,percent,1.4341892204487623,1.164071105268029,1.68782658863265,300,300,Percentile CI from PSU-within-stratum design bootstrap; grouped OOF isotonic mapping and the classification metric were recomputed in each replicate.
vs,adept,7000.0,unweighted_primary,mapped_source_attainment_pct,percent,0.3238491788110109,0.1226746651999215,0.5150378728478496,300,300,Percentile CI from PSU-within-stratum design bootstrap; grouped OOF isotonic mapping and the classification metric were recomputed in each replicate.
vs,adept,7000.0,unweighted_primary,attainment_difference_pp,percentage_points,-1.1103400416377516,-1.321548600386124,-0.8335734023344399,300,300,Percentile CI from PSU-within-stratum design bootstrap; grouped OOF isotonic mapping and the classification metric were recomputed in each replicate.
vs,adept,7000.0,unweighted_primary,discordant_reclassification_pct,percent,1.549849641452695,1.247695005303331,1.7517972543839375,300,300,Percentile CI from PSU-within-stratum design bootstrap; grouped OOF isotonic mapping and the classification metric were recomputed in each replicate.
vs,adept,7000.0,unweighted_primary,cohen_kappa,coefficient,0.1137381736288805,0.0186792185153285,0.2255507032613998,300,300,Percentile CI from PSU-within-stratum design bootstrap; grouped OOF isotonic mapping and the classification metric were recomputed in each replicate.
vs,adept,7000.0,unweighted_primary,positive_agreement,proportion,0.1184210526315789,0.021392912003511,0.2311943319838056,300,300,Percentile CI from PSU-within-stratum design bootstrap; grouped OOF isotonic mapping and the classification metric were recomputed in each replicate.
vs,adept,7000.0,unweighted_primary,negative_agreement,proportion,0.9921820303383896,0.9911457410673712,0.9937161240579148,300,300,Percentile CI from PSU-within-stratum design bootstrap; grouped OOF isotonic mapping and the classification metric were recomputed in each replicate.
vs,adept,7000.0,WTMEC4YR_weighted_sensitivity,observed_target_attainment_pct,percent,1.257298010862412,0.9877888153089456,1.5252543971542611,300,300,Percentile CI from PSU-within-stratum design bootstrap; grouped OOF isotonic mapping and the classification metric were recomputed in each replicate.
vs,adept,7000.0,WTMEC4YR_weighted_sensitivity,mapped_source_attainment_pct,percent,0.3005214972126848,0.1037509494312154,0.4960732043909405,300,300,Percentile CI from PSU-within-stratum design bootstrap; grouped OOF isotonic mapping and the classification metric were recomputed in each replicate.
vs,adept,7000.0,WTMEC4YR_weighted_sensitivity,attainment_difference_pp,percentage_points,-0.9567765136497274,-1.2003376766921192,-0.6267379074671127,300,300,Percentile CI from PSU-within-stratum design bootstrap; grouped OOF isotonic mapping and the classification metric were recomputed in each replicate.
vs,adept,7000.0,WTMEC4YR_weighted_sensitivity,discordant_reclassification_pct,percent,1.4047430459839203,1.088978259207623,1.6365124360060062,300,300,Percentile CI from PSU-within-stratum design bootstrap; grouped OOF isotonic mapping and the classification metric were recomputed in each replicate.
vs,adept,7000.0,WTMEC4YR_weighted_sensitivity,cohen_kappa,coefficient,0.0938676840112462,0.0094126813318572,0.2310844123115932,300,300,Percentile CI from PSU-within-stratum design bootstrap; grouped OOF isotonic mapping and the classification metric were recomputed in each replicate.
vs,adept,7000.0,WTMEC4YR_weighted_sensitivity,positive_agreement,proportion,0.0982632848656028,0.0117125250789679,0.2359990440631416,300,300,Percentile CI from PSU-within-stratum design bootstrap; grouped OOF isotonic mapping and the classification metric were recomputed in each replicate.
vs,adept,7000.0,WTMEC4YR_weighted_sensitivity,negative_agreement,proportion,0.992921146892754,0.991742970257488,0.994516739331827,300,300,Percentile CI from PSU-within-stratum design bootstrap; grouped OOF isotonic mapping and the classification metric were recomputed in each replicate.
vs,adept,8000.0,unweighted_primary,observed_target_attainment_pct,percent,0.7864908628267407,0.6136729862567414,0.9493834384179236,300,300,Percentile CI from PSU-within-stratum design bootstrap; grouped OOF isotonic mapping and the classification metric were recomputed in each replicate.
vs,adept,8000.0,unweighted_primary,mapped_source_attainment_pct,percent,0.1387925052047189,0.0,0.3236130057702741,300,300,Percentile CI from PSU-within-stratum design bootstrap; grouped OOF isotonic mapping and the classification metric were recomputed in each replicate.
vs,adept,8000.0,unweighted_primary,attainment_difference_pp,percentage_points,-0.6476983576220218,-0.8360330596050046,-0.4460643263957781,300,300,Percentile CI from PSU-within-stratum design bootstrap; grouped OOF isotonic mapping and the classification metric were recomputed in each replicate.
vs,adept,8000.0,unweighted_primary,discordant_reclassification_pct,percent,0.9021512838306732,0.6596082337409918,1.090925338857242,300,300,Percentile CI from PSU-within-stratum design bootstrap; grouped OOF isotonic mapping and the classification metric were recomputed in each replicate.
vs,adept,8000.0,unweighted_primary,cohen_kappa,coefficient,0.0226940734557489,-0.0019295856183019,0.1872844479331699,300,300,Percentile CI from PSU-within-stratum design bootstrap; grouped OOF isotonic mapping and the classification metric were recomputed in each replicate.
vs,adept,8000.0,unweighted_primary,positive_agreement,proportion,0.025,0.0,0.1910042475728153,300,300,Percentile CI from PSU-within-stratum design bootstrap; grouped OOF isotonic mapping and the classification metric were recomputed in each replicate.
vs,adept,8000.0,unweighted_primary,negative_agreement,proportion,0.9954682779456192,0.9945125797825132,0.9966910457305632,300,300,Percentile CI from PSU-within-stratum design bootstrap; grouped OOF isotonic mapping and the classification metric were recomputed in each replicate.
vs,adept,8000.0,WTMEC4YR_weighted_sensitivity,observed_target_attainment_pct,percent,0.636989421559268,0.4707325895446129,0.8157902000506926,300,300,Percentile CI from PSU-within-stratum design bootstrap; grouped OOF isotonic mapping and the classification metric were recomputed in each replicate.
vs,adept,8000.0,WTMEC4YR_weighted_sensitivity,mapped_source_attainment_pct,percent,0.1291522191115088,0.0,0.3157598806666412,300,300,Percentile CI from PSU-within-stratum design bootstrap; grouped OOF isotonic mapping and the classification metric were recomputed in each replicate.
vs,adept,8000.0,WTMEC4YR_weighted_sensitivity,attainment_difference_pp,percentage_points,-0.5078372024477591,-0.6823534283616333,-0.3149600251420582,300,300,Percentile CI from PSU-within-stratum design bootstrap; grouped OOF isotonic mapping and the classification metric were recomputed in each replicate.
vs,adept,8000.0,WTMEC4YR_weighted_sensitivity,discordant_reclassification_pct,percent,0.7558592855874313,0.5078406961707262,0.9635453021064132,300,300,Percentile CI from PSU-within-stratum design bootstrap; grouped OOF isotonic mapping and the classification metric were recomputed in each replicate.
vs,adept,8000.0,WTMEC4YR_weighted_sensitivity,cohen_kappa,coefficient,0.0112976131994093,-0.0021169586507387,0.207376439698637,300,300,Percentile CI from PSU-within-stratum design bootstrap; grouped OOF isotonic mapping and the classification metric were recomputed in each replicate.
vs,adept,8000.0,WTMEC4YR_weighted_sensitivity,positive_agreement,proportion,0.0134209583939895,0.0,0.2107215010376137,300,300,Percentile CI from PSU-within-stratum design bootstrap; grouped OOF isotonic mapping and the classification metric were recomputed in each replicate.
vs,adept,8000.0,WTMEC4YR_weighted_sensitivity,negative_agreement,proportion,0.9962061705183454,0.9951568984070416,0.9974543325163012,300,300,Percentile CI from PSU-within-stratum design bootstrap; grouped OOF isotonic mapping and the classification metric were recomputed in each replicate.
vs,adept,10000.0,unweighted_primary,observed_target_attainment_pct,percent,0.1966227157066851,0.1275551225008112,0.2634193972435134,300,300,Percentile CI from PSU-within-stratum design bootstrap; grouped OOF isotonic mapping and the classification metric were recomputed in each replicate.
vs,adept,10000.0,unweighted_primary,mapped_source_attainment_pct,percent,0.0,0.0,0.0865764984475557,300,300,Percentile CI from PSU-within-stratum design bootstrap; grouped OOF isotonic mapping and the classification metric were recomputed in each replicate.
vs,adept,10000.0,unweighted_primary,attainment_difference_pp,percentage_points,-0.1966227157066851,-0.2608752948757199,-0.1053639614360094,300,300,Percentile CI from PSU-within-stratum design bootstrap; grouped OOF isotonic mapping and the classification metric were recomputed in each replicate.
vs,adept,10000.0,unweighted_primary,discordant_reclassification_pct,percent,0.1966227157066851,0.1275551225008112,0.3035796910423088,300,300,Percentile CI from PSU-within-stratum design bootstrap; grouped OOF isotonic mapping and the classification metric were recomputed in each replicate.
vs,adept,10000.0,unweighted_primary,cohen_kappa,coefficient,0.0,-0.000956500119272,0.0,300,300,Percentile CI from PSU-within-stratum design bootstrap; grouped OOF isotonic mapping and the classification metric were recomputed in each replicate.
vs,adept,10000.0,unweighted_primary,positive_agreement,proportion,0.0,0.0,0.0,300,300,Percentile CI from PSU-within-stratum design bootstrap; grouped OOF isotonic mapping and the classification metric were recomputed in each replicate.
vs,adept,10000.0,unweighted_primary,negative_agreement,proportion,0.999015918958032,0.9984797018391498,0.9993618173700676,300,300,Percentile CI from PSU-within-stratum design bootstrap; grouped OOF isotonic mapping and the classification metric were recomputed in each replicate.
vs,adept,10000.0,WTMEC4YR_weighted_sensitivity,observed_target_attainment_pct,percent,0.1567044574581063,0.0955464616585368,0.2244250691921725,300,300,Percentile CI from PSU-within-stratum design bootstrap; grouped OOF isotonic mapping and the classification metric were recomputed in each replicate.
vs,adept,10000.0,WTMEC4YR_weighted_sensitivity,mapped_source_attainment_pct,percent,0.0,0.0,0.0695920310613394,300,300,Percentile CI from PSU-within-stratum design bootstrap; grouped OOF isotonic mapping and the classification metric were recomputed in each replicate.
vs,adept,10000.0,WTMEC4YR_weighted_sensitivity,attainment_difference_pp,percentage_points,-0.1567044574581063,-0.2181214140002916,-0.0911124060309979,300,300,Percentile CI from PSU-within-stratum design bootstrap; grouped OOF isotonic mapping and the classification metric were recomputed in each replicate.
vs,adept,10000.0,WTMEC4YR_weighted_sensitivity,discordant_reclassification_pct,percent,0.1567044574581063,0.0955464616585368,0.2706437816012684,300,300,Percentile CI from PSU-within-stratum design bootstrap; grouped OOF isotonic mapping and the classification metric were recomputed in each replicate.
vs,adept,10000.0,WTMEC4YR_weighted_sensitivity,cohen_kappa,coefficient,-7.084820959365515e-14,-0.0008815579149057,2.576514564455791e-13,300,300,Percentile CI from PSU-within-stratum design bootstrap; grouped OOF isotonic mapping and the classification metric were recomputed in each replicate.
vs,adept,10000.0,WTMEC4YR_weighted_sensitivity,positive_agreement,proportion,0.0,0.0,0.0,300,300,Percentile CI from PSU-within-stratum design bootstrap; grouped OOF isotonic mapping and the classification metric were recomputed in each replicate.
vs,adept,10000.0,WTMEC4YR_weighted_sensitivity,negative_agreement,proportion,0.9992158633241476,0.9986449472929746,0.9995220393537336,300,300,Percentile CI from PSU-within-stratum design bootstrap; grouped OOF isotonic mapping and the classification metric were recomputed in each replicate.
vs,oak,7000.0,unweighted_primary,observed_target_attainment_pct,percent,78.94980337728428,78.08902994263754,79.79065121869183,300,300,Percentile CI from PSU-within-stratum design bootstrap; grouped OOF isotonic mapping and the classification metric were recomputed in each replicate.
vs,oak,7000.0,unweighted_primary,mapped_source_attainment_pct,percent,79.69003007170946,78.34133465318378,80.8866425463185,300,300,Percentile CI from PSU-within-stratum design bootstrap; grouped OOF isotonic mapping and the classification metric were recomputed in each replicate.
vs,oak,7000.0,unweighted_primary,attainment_difference_pp,percentage_points,0.7402266944251723,0.1460030269435996,1.4458296102135502,300,300,Percentile CI from PSU-within-stratum design bootstrap; grouped OOF isotonic mapping and the classification metric were recomputed in each replicate.
vs,oak,7000.0,unweighted_primary,discordant_reclassification_pct,percent,4.48762433495258,4.170244570956399,4.761665675428995,300,300,Percentile CI from PSU-within-stratum design bootstrap; grouped OOF isotonic mapping and the classification metric were recomputed in each replicate.
vs,oak,7000.0,unweighted_primary,cohen_kappa,coefficient,0.8632221730051257,0.8546864316961746,0.8720085444939756,300,300,Percentile CI from PSU-within-stratum design bootstrap; grouped OOF isotonic mapping and the classification metric were recomputed in each replicate.
vs,oak,7000.0,unweighted_primary,positive_agreement,proportion,0.9717118693496646,0.9696165523860012,0.973865124302839,300,300,Percentile CI from PSU-within-stratum design bootstrap; grouped OOF isotonic mapping and the classification metric were recomputed in each replicate.
vs,oak,7000.0,unweighted_primary,negative_agreement,proportion,0.8914988814317674,0.8844090188671052,0.8986068300497445,300,300,Percentile CI from PSU-within-stratum design bootstrap; grouped OOF isotonic mapping and the classification metric were recomputed in each replicate.
vs,oak,7000.0,WTMEC4YR_weighted_sensitivity,observed_target_attainment_pct,percent,81.39859010675781,80.62792708439602,82.0816446031128,300,300,Percentile CI from PSU-within-stratum design bootstrap; grouped OOF isotonic mapping and the classification metric were recomputed in each replicate.
vs,oak,7000.0,WTMEC4YR_weighted_sensitivity,mapped_source_attainment_pct,percent,81.8731043420276,80.74749121552021,83.11758981019973,300,300,Percentile CI from PSU-within-stratum design bootstrap; grouped OOF isotonic mapping and the classification metric were recomputed in each replicate.
vs,oak,7000.0,WTMEC4YR_weighted_sensitivity,attainment_difference_pp,percentage_points,0.4745142352697962,-0.3063283993987842,1.208543197037243,300,300,Percentile CI from PSU-within-stratum design bootstrap; grouped OOF isotonic mapping and the classification metric were recomputed in each replicate.
vs,oak,7000.0,WTMEC4YR_weighted_sensitivity,discordant_reclassification_pct,percent,4.381369673503591,3.9638789573275,4.798346098003812,300,300,Percentile CI from PSU-within-stratum design bootstrap; grouped OOF isotonic mapping and the classification metric were recomputed in each replicate.
vs,oak,7000.0,WTMEC4YR_weighted_sensitivity,cohen_kappa,coefficient,0.8538792831084406,0.8422364666763784,0.8660095787348082,300,300,Percentile CI from PSU-within-stratum design bootstrap; grouped OOF isotonic mapping and the classification metric were recomputed in each replicate.
vs,oak,7000.0,WTMEC4YR_weighted_sensitivity,positive_agreement,proportion,0.973165160756766,0.9704796298282852,0.9758580243839624,300,300,Percentile CI from PSU-within-stratum design bootstrap; grouped OOF isotonic mapping and the classification metric were recomputed in each replicate.
vs,oak,7000.0,WTMEC4YR_weighted_sensitivity,negative_agreement,proportion,0.8807086358123943,0.8714045857354412,0.890736452304882,300,300,Percentile CI from PSU-within-stratum design bootstrap; grouped OOF isotonic mapping and the classification metric were recomputed in each replicate.
vs,oak,8000.0,unweighted_primary,observed_target_attainment_pct,percent,72.60004626416841,71.58833045185226,73.37633713468321,300,300,Percentile CI from PSU-within-stratum design bootstrap; grouped OOF isotonic mapping and the classification metric were recomputed in each replicate.
vs,oak,8000.0,unweighted_primary,mapped_source_attainment_pct,percent,73.44436733749711,72.0176132363295,74.31657400979623,300,300,Percentile CI from PSU-within-stratum design bootstrap; grouped OOF isotonic mapping and the classification metric were recomputed in each replicate.
vs,oak,8000.0,unweighted_primary,attainment_difference_pp,percentage_points,0.8443210733287021,-0.1495162351024281,1.2577134724654957,300,300,Percentile CI from PSU-within-stratum design bootstrap; grouped OOF isotonic mapping and the classification metric were recomputed in each replicate.
vs,oak,8000.0,unweighted_primary,discordant_reclassification_pct,percent,5.586398334489938,5.0724327921824255,6.074141595137928,300,300,Percentile CI from PSU-within-stratum design bootstrap; grouped OOF isotonic mapping and the classification metric were recomputed in each replicate.
vs,oak,8000.0,unweighted_primary,cohen_kappa,coefficient,0.8582244825029192,0.8466910614862575,0.8712516290529893,300,300,Percentile CI from PSU-within-stratum design bootstrap; grouped OOF isotonic mapping and the classification metric were recomputed in each replicate.
vs,oak,8000.0,unweighted_primary,positive_agreement,proportion,0.9617486338797814,0.958112569593996,0.9654770091349092,300,300,Percentile CI from PSU-within-stratum design bootstrap; grouped OOF isotonic mapping and the classification metric were recomputed in each replicate.
vs,oak,8000.0,unweighted_primary,negative_agreement,proportion,0.8964630225080386,0.8884628748727587,0.9063689496671324,300,300,Percentile CI from PSU-within-stratum design bootstrap; grouped OOF isotonic mapping and the classification metric were recomputed in each replicate.
vs,oak,8000.0,WTMEC4YR_weighted_sensitivity,observed_target_attainment_pct,percent,75.17345254669901,74.32953238478372,75.94232029252395,300,300,Percentile CI from PSU-within-stratum design bootstrap; grouped OOF isotonic mapping and the classification metric were recomputed in each replicate.
vs,oak,8000.0,WTMEC4YR_weighted_sensitivity,mapped_source_attainment_pct,percent,75.49533808814326,74.03937483036145,76.28952220353798,300,300,Percentile CI from PSU-within-stratum design bootstrap; grouped OOF isotonic mapping and the classification metric were recomputed in each replicate.
vs,oak,8000.0,WTMEC4YR_weighted_sensitivity,attainment_difference_pp,percentage_points,0.3218855414442556,-0.7352970888954807,0.8210359856489621,300,300,Percentile CI from PSU-within-stratum design bootstrap; grouped OOF isotonic mapping and the classification metric were recomputed in each replicate.
vs,oak,8000.0,WTMEC4YR_weighted_sensitivity,discordant_reclassification_pct,percent,5.045190610320351,4.455153657139251,5.597426505722674,300,300,Percentile CI from PSU-within-stratum design bootstrap; grouped OOF isotonic mapping and the classification metric were recomputed in each replicate.
vs,oak,8000.0,WTMEC4YR_weighted_sensitivity,cohen_kappa,coefficient,0.8642448056808135,0.8502726346606112,0.880332458012135,300,300,Percentile CI from PSU-within-stratum design bootstrap; grouped OOF isotonic mapping and the classification metric were recomputed in each replicate.
vs,oak,8000.0,WTMEC4YR_weighted_sensitivity,positive_agreement,proportion,0.9665146936597656,0.962651620552303,0.9703336089198356,300,300,Percentile CI from PSU-within-stratum design bootstrap; grouped OOF isotonic mapping and the classification metric were recomputed in each replicate.
vs,oak,8000.0,WTMEC4YR_weighted_sensitivity,negative_agreement,proportion,0.8977282196149903,0.8870381460861138,0.9099858731070196,300,300,Percentile CI from PSU-within-stratum design bootstrap; grouped OOF isotonic mapping and the classification metric were recomputed in each replicate.
vs,oak,10000.0,unweighted_primary,observed_target_attainment_pct,percent,57.841776544066626,56.63778796570831,58.865995545855206,300,300,Percentile CI from PSU-within-stratum design bootstrap; grouped OOF isotonic mapping and the classification metric were recomputed in each replicate.
vs,oak,10000.0,unweighted_primary,mapped_source_attainment_pct,percent,58.60513532269257,57.36097501930902,59.611174099609215,300,300,Percentile CI from PSU-within-stratum design bootstrap; grouped OOF isotonic mapping and the classification metric were recomputed in each replicate.
vs,oak,10000.0,unweighted_primary,attainment_difference_pp,percentage_points,0.7633587786259444,-0.0998102339822326,1.449715516256336,300,300,Percentile CI from PSU-within-stratum design bootstrap; grouped OOF isotonic mapping and the classification metric were recomputed in each replicate.
vs,oak,10000.0,unweighted_primary,discordant_reclassification_pct,percent,7.05528568123988,6.684303430421423,7.606141388861988,300,300,Percentile CI from PSU-within-stratum design bootstrap; grouped OOF isotonic mapping and the classification metric were recomputed in each replicate.
vs,oak,10000.0,unweighted_primary,cohen_kappa,coefficient,0.8549799308696041,0.8438576417035979,0.8625938178683077,300,300,Percentile CI from PSU-within-stratum design bootstrap; grouped OOF isotonic mapping and the classification metric were recomputed in each replicate.
vs,oak,10000.0,unweighted_primary,positive_agreement,proportion,0.9394119984108064,0.9343466280435953,0.9427228229166053,300,300,Percentile CI from PSU-within-stratum design bootstrap; grouped OOF isotonic mapping and the classification metric were recomputed in each replicate.
vs,oak,10000.0,unweighted_primary,negative_agreement,proportion,0.9155592469545958,0.90900832280469,0.9206201228397284,300,300,Percentile CI from PSU-within-stratum design bootstrap; grouped OOF isotonic mapping and the classification metric were recomputed in each replicate.
vs,oak,10000.0,WTMEC4YR_weighted_sensitivity,observed_target_attainment_pct,percent,60.1375871777248,59.08271739738929,61.08940692812004,300,300,Percentile CI from PSU-within-stratum design bootstrap; grouped OOF isotonic mapping and the classification metric were recomputed in each replicate.
vs,oak,10000.0,WTMEC4YR_weighted_sensitivity,mapped_source_attainment_pct,percent,60.11962889547811,58.789152378744674,61.124179483173315,300,300,Percentile CI from PSU-within-stratum design bootstrap; grouped OOF isotonic mapping and the classification metric were recomputed in each replicate.
vs,oak,10000.0,WTMEC4YR_weighted_sensitivity,attainment_difference_pp,percentage_points,-0.0179582822466994,-1.1193566818691951,0.8589416308803459,300,300,Percentile CI from PSU-within-stratum design bootstrap; grouped OOF isotonic mapping and the classification metric were recomputed in each replicate.
vs,oak,10000.0,WTMEC4YR_weighted_sensitivity,discordant_reclassification_pct,percent,7.00855817107456,6.447087300772895,7.742833354620996,300,300,Percentile CI from PSU-within-stratum design bootstrap; grouped OOF isotonic mapping and the classification metric were recomputed in each replicate.
vs,oak,10000.0,WTMEC4YR_weighted_sensitivity,cohen_kappa,coefficient,0.8538307144544651,0.8392673771887857,0.8653341471507683,300,300,Percentile CI from PSU-within-stratum design bootstrap; grouped OOF isotonic mapping and the classification metric were recomputed in each replicate.
vs,oak,10000.0,WTMEC4YR_weighted_sensitivity,positive_agreement,proportion,0.9417202692700928,0.934958351993496,0.9464830497984508,300,300,Percentile CI from PSU-within-stratum design bootstrap; grouped OOF isotonic mapping and the classification metric were recomputed in each replicate.
vs,oak,10000.0,WTMEC4YR_weighted_sensitivity,negative_agreement,proportion,0.9121104402686976,0.904152120426706,0.9184170735951508,300,300,Percentile CI from PSU-within-stratum design bootstrap; grouped OOF isotonic mapping and the classification metric were recomputed in each replicate.
vs,scrf,7000.0,unweighted_primary,observed_target_attainment_pct,percent,74.77446217904233,73.77716623569303,75.67536184955327,300,300,Percentile CI from PSU-within-stratum design bootstrap; grouped OOF isotonic mapping and the classification metric were recomputed in each replicate.
vs,scrf,7000.0,unweighted_primary,mapped_source_attainment_pct,percent,76.42840619939857,75.19905483117918,78.14209553840601,300,300,Percentile CI from PSU-within-stratum design bootstrap; grouped OOF isotonic mapping and the classification metric were recomputed in each replicate.
vs,scrf,7000.0,unweighted_primary,attainment_difference_pp,percentage_points,1.653944020356235,0.5530885465713709,3.0300407469153816,300,300,Percentile CI from PSU-within-stratum design bootstrap; grouped OOF isotonic mapping and the classification metric were recomputed in each replicate.
vs,scrf,7000.0,unweighted_primary,discordant_reclassification_pct,percent,7.714550080962295,7.303069740091733,8.22085621544031,300,300,Percentile CI from PSU-within-stratum design bootstrap; grouped OOF isotonic mapping and the classification metric were recomputed in each replicate.
vs,scrf,7000.0,unweighted_primary,cohen_kappa,coefficient,0.7909619780802458,0.7754050941345035,0.8017051460330534,300,300,Percentile CI from PSU-within-stratum design bootstrap; grouped OOF isotonic mapping and the classification metric were recomputed in each replicate.
vs,scrf,7000.0,unweighted_primary,positive_agreement,proportion,0.948978811290446,0.9453013064023,0.9519900712054796,300,300,Percentile CI from PSU-within-stratum design bootstrap; grouped OOF isotonic mapping and the classification metric were recomputed in each replicate.
vs,scrf,7000.0,unweighted_primary,negative_agreement,proportion,0.8419056648494904,0.8280434136052287,0.8505804831268324,300,300,Percentile CI from PSU-within-stratum design bootstrap; grouped OOF isotonic mapping and the classification metric were recomputed in each replicate.
vs,scrf,7000.0,WTMEC4YR_weighted_sensitivity,observed_target_attainment_pct,percent,77.23739157627554,76.27229889575919,78.09131536665248,300,300,Percentile CI from PSU-within-stratum design bootstrap; grouped OOF isotonic mapping and the classification metric were recomputed in each replicate.
vs,scrf,7000.0,WTMEC4YR_weighted_sensitivity,mapped_source_attainment_pct,percent,78.61328321008939,77.40038240464666,80.53081582756361,300,300,Percentile CI from PSU-within-stratum design bootstrap; grouped OOF isotonic mapping and the classification metric were recomputed in each replicate.
vs,scrf,7000.0,WTMEC4YR_weighted_sensitivity,attainment_difference_pp,percentage_points,1.3758916338138527,0.2466883689606902,2.81211839197151,300,300,Percentile CI from PSU-within-stratum design bootstrap; grouped OOF isotonic mapping and the classification metric were recomputed in each replicate.
vs,scrf,7000.0,WTMEC4YR_weighted_sensitivity,discordant_reclassification_pct,percent,7.138395335348882,6.634200601128051,7.744887002721628,300,300,Percentile CI from PSU-within-stratum design bootstrap; grouped OOF isotonic mapping and the classification metric were recomputed in each replicate.
vs,scrf,7000.0,WTMEC4YR_weighted_sensitivity,cohen_kappa,coefficient,0.7925667535549432,0.7721117986556724,0.8085371810196986,300,300,Percentile CI from PSU-within-stratum design bootstrap; grouped OOF isotonic mapping and the classification metric were recomputed in each replicate.
vs,scrf,7000.0,WTMEC4YR_weighted_sensitivity,positive_agreement,proportion,0.954197212523244,0.9500845538144258,0.957541680958771,300,300,Percentile CI from PSU-within-stratum design bootstrap; grouped OOF isotonic mapping and the classification metric were recomputed in each replicate.
vs,scrf,7000.0,WTMEC4YR_weighted_sensitivity,negative_agreement,proportion,0.8383124702176816,0.8209723326609817,0.8512505882381853,300,300,Percentile CI from PSU-within-stratum design bootstrap; grouped OOF isotonic mapping and the classification metric were recomputed in each replicate.
vs,scrf,8000.0,unweighted_primary,observed_target_attainment_pct,percent,68.37844089752487,67.31137341252126,69.25740524778148,300,300,Percentile CI from PSU-within-stratum design bootstrap; grouped OOF isotonic mapping and the classification metric were recomputed in each replicate.
vs,scrf,8000.0,unweighted_primary,mapped_source_attainment_pct,percent,70.04395095998149,68.98487416931914,71.27076262180391,300,300,Percentile CI from PSU-within-stratum design bootstrap; grouped OOF isotonic mapping and the classification metric were recomputed in each replicate.
vs,scrf,8000.0,unweighted_primary,attainment_difference_pp,percentage_points,1.665510062456621,1.1750321459425823,2.501951892368764,300,300,Percentile CI from PSU-within-stratum design bootstrap; grouped OOF isotonic mapping and the classification metric were recomputed in each replicate.
vs,scrf,8000.0,unweighted_primary,discordant_reclassification_pct,percent,8.836456164700438,8.250338186693497,9.3238198943417,300,300,Percentile CI from PSU-within-stratum design bootstrap; grouped OOF isotonic mapping and the classification metric were recomputed in each replicate.
vs,scrf,8000.0,unweighted_primary,cohen_kappa,coefficient,0.7927294279012604,0.78123624711381,0.8051095978941898,300,300,Percentile CI from PSU-within-stratum design bootstrap; grouped OOF isotonic mapping and the classification metric were recomputed in each replicate.
vs,scrf,8000.0,unweighted_primary,positive_agreement,proportion,0.936163101604278,0.9328543066817134,0.9407735490893612,300,300,Percentile CI from PSU-within-stratum design bootstrap; grouped OOF isotonic mapping and the classification metric were recomputed in each replicate.
vs,scrf,8000.0,unweighted_primary,negative_agreement,proportion,0.8564988730277987,0.8476255872134126,0.8653718315457994,300,300,Percentile CI from PSU-within-stratum design bootstrap; grouped OOF isotonic mapping and the classification metric were recomputed in each replicate.
vs,scrf,8000.0,WTMEC4YR_weighted_sensitivity,observed_target_attainment_pct,percent,70.89566009975302,69.9129321909603,71.74513063171686,300,300,Percentile CI from PSU-within-stratum design bootstrap; grouped OOF isotonic mapping and the classification metric were recomputed in each replicate.
vs,scrf,8000.0,WTMEC4YR_weighted_sensitivity,mapped_source_attainment_pct,percent,72.00477480254219,70.99121018211785,73.1178469542796,300,300,Percentile CI from PSU-within-stratum design bootstrap; grouped OOF isotonic mapping and the classification metric were recomputed in each replicate.
vs,scrf,8000.0,WTMEC4YR_weighted_sensitivity,attainment_difference_pp,percentage_points,1.1091147027891823,0.4760822722874289,1.956943787482266,300,300,Percentile CI from PSU-within-stratum design bootstrap; grouped OOF isotonic mapping and the classification metric were recomputed in each replicate.
vs,scrf,8000.0,WTMEC4YR_weighted_sensitivity,discordant_reclassification_pct,percent,8.323008267351442,7.699376002931781,9.016064177732252,300,300,Percentile CI from PSU-within-stratum design bootstrap; grouped OOF isotonic mapping and the classification metric were recomputed in each replicate.
vs,scrf,8000.0,WTMEC4YR_weighted_sensitivity,cohen_kappa,coefficient,0.7960242675169903,0.7800582520459636,0.8111557197729573,300,300,Percentile CI from PSU-within-stratum design bootstrap; grouped OOF isotonic mapping and the classification metric were recomputed in each replicate.
vs,scrf,8000.0,WTMEC4YR_weighted_sensitivity,positive_agreement,proportion,0.9417565924621426,0.9368631188234456,0.946388728875393,300,300,Percentile CI from PSU-within-stratum design bootstrap; grouped OOF isotonic mapping and the classification metric were recomputed in each replicate.
vs,scrf,8000.0,WTMEC4YR_weighted_sensitivity,negative_agreement,proportion,0.854236923641893,0.8420523362220403,0.8648069665124248,300,300,Percentile CI from PSU-within-stratum design bootstrap; grouped OOF isotonic mapping and the classification metric were recomputed in each replicate.
vs,scrf,10000.0,unweighted_primary,observed_target_attainment_pct,percent,53.7589636826278,52.64474740675752,54.86160029504605,300,300,Percentile CI from PSU-within-stratum design bootstrap; grouped OOF isotonic mapping and the classification metric were recomputed in each replicate.
vs,scrf,10000.0,unweighted_primary,mapped_source_attainment_pct,percent,56.11843627110803,54.82931195226552,57.65178027500069,300,300,Percentile CI from PSU-within-stratum design bootstrap; grouped OOF isotonic mapping and the classification metric were recomputed in each replicate.
vs,scrf,10000.0,unweighted_primary,attainment_difference_pp,percentage_points,2.359472588480227,1.7018003231629184,3.20788330231535,300,300,Percentile CI from PSU-within-stratum design bootstrap; grouped OOF isotonic mapping and the classification metric were recomputed in each replicate.
vs,scrf,10000.0,unweighted_primary,discordant_reclassification_pct,percent,11.057136247975944,10.614085459576422,11.477642411445792,300,300,Percentile CI from PSU-within-stratum design bootstrap; grouped OOF isotonic mapping and the classification metric were recomputed in each replicate.
vs,scrf,10000.0,unweighted_primary,cohen_kappa,coefficient,0.7768039625836637,0.768272122397744,0.7859422628564231,300,300,Percentile CI from PSU-within-stratum design bootstrap; grouped OOF isotonic mapping and the classification metric were recomputed in each replicate.
vs,scrf,10000.0,unweighted_primary,positive_agreement,proportion,0.8993684210526316,0.895033066395574,0.9039236336141716,300,300,Percentile CI from PSU-within-stratum design bootstrap; grouped OOF isotonic mapping and the classification metric were recomputed in each replicate.
vs,scrf,10000.0,unweighted_primary,negative_agreement,proportion,0.8773100616016427,0.8715098550457373,0.8826637832776527,300,300,Percentile CI from PSU-within-stratum design bootstrap; grouped OOF isotonic mapping and the classification metric were recomputed in each replicate.
vs,scrf,10000.0,WTMEC4YR_weighted_sensitivity,observed_target_attainment_pct,percent,56.31034009325487,55.15246600743693,57.5822514719748,300,300,Percentile CI from PSU-within-stratum design bootstrap; grouped OOF isotonic mapping and the classification metric were recomputed in each replicate.
vs,scrf,10000.0,WTMEC4YR_weighted_sensitivity,mapped_source_attainment_pct,percent,57.66680234873661,56.39718805073401,59.072680598135825,300,300,Percentile CI from PSU-within-stratum design bootstrap; grouped OOF isotonic mapping and the classification metric were recomputed in each replicate.
vs,scrf,10000.0,WTMEC4YR_weighted_sensitivity,attainment_difference_pp,percentage_points,1.3564622554817385,0.4671045486596636,2.3169907320243928,300,300,Percentile CI from PSU-within-stratum design bootstrap; grouped OOF isotonic mapping and the classification metric were recomputed in each replicate.
vs,scrf,10000.0,WTMEC4YR_weighted_sensitivity,discordant_reclassification_pct,percent,11.232284024998076,10.36848557071664,11.860019570651527,300,300,Percentile CI from PSU-within-stratum design bootstrap; grouped OOF isotonic mapping and the classification metric were recomputed in each replicate.
vs,scrf,10000.0,WTMEC4YR_weighted_sensitivity,cohen_kappa,coefficient,0.7709211741268912,0.758814829140145,0.7872751454863479,300,300,Percentile CI from PSU-within-stratum design bootstrap; grouped OOF isotonic mapping and the classification metric were recomputed in each replicate.
vs,scrf,10000.0,WTMEC4YR_weighted_sensitivity,positive_agreement,proportion,0.9014514332931732,0.895310245884888,0.9094746278182384,300,300,Percentile CI from PSU-within-stratum design bootstrap; grouped OOF isotonic mapping and the classification metric were recomputed in each replicate.
vs,scrf,10000.0,WTMEC4YR_weighted_sensitivity,negative_agreement,proportion,0.8694267507049075,0.8623764014180804,0.8782422448650854,300,300,Percentile CI from PSU-within-stratum design bootstrap; grouped OOF isotonic mapping and the classification metric were recomputed in each replicate.
vs,scssl,7000.0,unweighted_primary,observed_target_attainment_pct,percent,62.13277816331251,61.12787800001555,63.103229193778304,300,300,Percentile CI from PSU-within-stratum design bootstrap; grouped OOF isotonic mapping and the classification metric were recomputed in each replicate.
vs,scssl,7000.0,unweighted_primary,mapped_source_attainment_pct,percent,66.38908165625723,65.53591536349005,69.12051923800543,300,300,Percentile CI from PSU-within-stratum design bootstrap; grouped OOF isotonic mapping and the classification metric were recomputed in each replicate.
vs,scssl,7000.0,unweighted_primary,attainment_difference_pp,percentage_points,4.256303492944713,3.798836139012424,6.599723696371311,300,300,Percentile CI from PSU-within-stratum design bootstrap; grouped OOF isotonic mapping and the classification metric were recomputed in each replicate.
vs,scssl,7000.0,unweighted_primary,discordant_reclassification_pct,percent,14.411288457089984,13.875894248986272,15.176505139430333,300,300,Percentile CI from PSU-within-stratum design bootstrap; grouped OOF isotonic mapping and the classification metric were recomputed in each replicate.
vs,scssl,7000.0,unweighted_primary,cohen_kappa,coefficient,0.6868683545116189,0.6686130507681863,0.6973479174602228,300,300,Percentile CI from PSU-within-stratum design bootstrap; grouped OOF isotonic mapping and the classification metric were recomputed in each replicate.
vs,scssl,7000.0,unweighted_primary,positive_agreement,proportion,0.8878689704823615,0.8820665204226682,0.8927832485199555,300,300,Percentile CI from PSU-within-stratum design bootstrap; grouped OOF isotonic mapping and the classification metric were recomputed in each replicate.
vs,scssl,7000.0,unweighted_primary,negative_agreement,proportion,0.7983818770226537,0.7823027302730273,0.805017532316512,300,300,Percentile CI from PSU-within-stratum design bootstrap; grouped OOF isotonic mapping and the classification metric were recomputed in each replicate.
vs,scssl,7000.0,WTMEC4YR_weighted_sensitivity,observed_target_attainment_pct,percent,64.62371084842717,63.50657143892778,65.61417390409692,300,300,Percentile CI from PSU-within-stratum design bootstrap; grouped OOF isotonic mapping and the classification metric were recomputed in each replicate.
vs,scssl,7000.0,WTMEC4YR_weighted_sensitivity,mapped_source_attainment_pct,percent,68.36010798075763,67.48550567927373,71.16524380302928,300,300,Percentile CI from PSU-within-stratum design bootstrap; grouped OOF isotonic mapping and the classification metric were recomputed in each replicate.
vs,scssl,7000.0,WTMEC4YR_weighted_sensitivity,attainment_difference_pp,percentage_points,3.736397132330471,3.2105253934726683,6.273908593653913,300,300,Percentile CI from PSU-within-stratum design bootstrap; grouped OOF isotonic mapping and the classification metric were recomputed in each replicate.
vs,scssl,7000.0,WTMEC4YR_weighted_sensitivity,discordant_reclassification_pct,percent,13.580415016494175,12.900712313294004,14.645181200239644,300,300,Percentile CI from PSU-within-stratum design bootstrap; grouped OOF isotonic mapping and the classification metric were recomputed in each replicate.
vs,scssl,7000.0,WTMEC4YR_weighted_sensitivity,cohen_kappa,coefficient,0.6957120351776432,0.6680849439367103,0.7105175878205021,300,300,Percentile CI from PSU-within-stratum design bootstrap; grouped OOF isotonic mapping and the classification metric were recomputed in each replicate.
vs,scssl,7000.0,WTMEC4YR_weighted_sensitivity,positive_agreement,proportion,0.89787919209977,0.8903325376548149,0.9036376038989344,300,300,Percentile CI from PSU-within-stratum design bootstrap; grouped OOF isotonic mapping and the classification metric were recomputed in each replicate.
vs,scssl,7000.0,WTMEC4YR_weighted_sensitivity,negative_agreement,proportion,0.7973561790714464,0.7749858583897044,0.8077055424001973,300,300,Percentile CI from PSU-within-stratum design bootstrap; grouped OOF isotonic mapping and the classification metric were recomputed in each replicate.
vs,scssl,8000.0,unweighted_primary,observed_target_attainment_pct,percent,52.81054823039556,51.59860921348168,53.73777872455072,300,300,Percentile CI from PSU-within-stratum design bootstrap; grouped OOF isotonic mapping and the classification metric were recomputed in each replicate.
vs,scssl,8000.0,unweighted_primary,mapped_source_attainment_pct,percent,55.26254915567893,52.61802056568344,58.44000471250482,300,300,Percentile CI from PSU-within-stratum design bootstrap; grouped OOF isotonic mapping and the classification metric were recomputed in each replicate.
vs,scssl,8000.0,unweighted_primary,attainment_difference_pp,percentage_points,2.4520009252833708,0.1730056933458221,5.448083080412462,300,300,Percentile CI from PSU-within-stratum design bootstrap; grouped OOF isotonic mapping and the classification metric were recomputed in each replicate.
vs,scssl,8000.0,unweighted_primary,discordant_reclassification_pct,percent,16.56257228776313,15.994855907013791,17.11570579468077,300,300,Percentile CI from PSU-within-stratum design bootstrap; grouped OOF isotonic mapping and the classification metric were recomputed in each replicate.
vs,scssl,8000.0,unweighted_primary,cohen_kappa,coefficient,0.6667771212940374,0.6554378481525849,0.6775845222446372,300,300,Percentile CI from PSU-within-stratum design bootstrap; grouped OOF isotonic mapping and the classification metric were recomputed in each replicate.
vs,scssl,8000.0,unweighted_primary,positive_agreement,proportion,0.8467465753424658,0.8401991588446928,0.855752817265325,300,300,Percentile CI from PSU-within-stratum design bootstrap; grouped OOF isotonic mapping and the classification metric were recomputed in each replicate.
vs,scssl,8000.0,unweighted_primary,negative_agreement,proportion,0.8198288877705083,0.8115028150483505,0.8287194439278069,300,300,Percentile CI from PSU-within-stratum design bootstrap; grouped OOF isotonic mapping and the classification metric were recomputed in each replicate.
vs,scssl,8000.0,WTMEC4YR_weighted_sensitivity,observed_target_attainment_pct,percent,55.40049692293868,54.33949253531537,56.306626950012486,300,300,Percentile CI from PSU-within-stratum design bootstrap; grouped OOF isotonic mapping and the classification metric were recomputed in each replicate.
vs,scssl,8000.0,WTMEC4YR_weighted_sensitivity,mapped_source_attainment_pct,percent,56.801304965591584,53.98059236273815,60.004367733926266,300,300,Percentile CI from PSU-within-stratum design bootstrap; grouped OOF isotonic mapping and the classification metric were recomputed in each replicate.
vs,scssl,8000.0,WTMEC4YR_weighted_sensitivity,attainment_difference_pp,percentage_points,1.4008080426529013,-1.1399665439536222,4.3978163933453605,300,300,Percentile CI from PSU-within-stratum design bootstrap; grouped OOF isotonic mapping and the classification metric were recomputed in each replicate.
vs,scssl,8000.0,WTMEC4YR_weighted_sensitivity,discordant_reclassification_pct,percent,17.135911795383176,16.26870280411163,18.105746839837217,300,300,Percentile CI from PSU-within-stratum design bootstrap; grouped OOF isotonic mapping and the classification metric were recomputed in each replicate.
vs,scssl,8000.0,WTMEC4YR_weighted_sensitivity,cohen_kappa,coefficient,0.6521714070599263,0.6331432793753508,0.6678659259238948,300,300,Percentile CI from PSU-within-stratum design bootstrap; grouped OOF isotonic mapping and the classification metric were recomputed in each replicate.
vs,scssl,8000.0,WTMEC4YR_weighted_sensitivity,positive_agreement,proportion,0.8472759660989465,0.8361066858261625,0.8576083759525496,300,300,Percentile CI from PSU-within-stratum design bootstrap; grouped OOF isotonic mapping and the classification metric were recomputed in each replicate.
vs,scssl,8000.0,WTMEC4YR_weighted_sensitivity,negative_agreement,proportion,0.8048261562996178,0.7944633015746853,0.8121702753899959,300,300,Percentile CI from PSU-within-stratum design bootstrap; grouped OOF isotonic mapping and the classification metric were recomputed in each replicate.
vs,scssl,10000.0,unweighted_primary,observed_target_attainment_pct,percent,35.04510756419153,33.88214930770203,35.98673116318163,300,300,Percentile CI from PSU-within-stratum design bootstrap; grouped OOF isotonic mapping and the classification metric were recomputed in each replicate.
vs,scssl,10000.0,unweighted_primary,mapped_source_attainment_pct,percent,33.865371269951424,31.414680857662724,36.6632133110859,300,300,Percentile CI from PSU-within-stratum design bootstrap; grouped OOF isotonic mapping and the classification metric were recomputed in each replicate.
vs,scssl,10000.0,unweighted_primary,attainment_difference_pp,percentage_points,-1.1797362942401135,-3.453783976629254,1.286820958353886,300,300,Percentile CI from PSU-within-stratum design bootstrap; grouped OOF isotonic mapping and the classification metric were recomputed in each replicate.
vs,scssl,10000.0,unweighted_primary,discordant_reclassification_pct,percent,15.706685172334028,14.999824756182514,16.497665941313045,300,300,Percentile CI from PSU-within-stratum design bootstrap; grouped OOF isotonic mapping and the classification metric were recomputed in each replicate.
vs,scssl,10000.0,unweighted_primary,cohen_kappa,coefficient,0.652308252126169,0.6341054395796195,0.6699153485254178,300,300,Percentile CI from PSU-within-stratum design bootstrap; grouped OOF isotonic mapping and the classification metric were recomputed in each replicate.
vs,scssl,10000.0,unweighted_primary,positive_agreement,proportion,0.7720711648204095,0.7566527101817014,0.7859533321202871,300,300,Percentile CI from PSU-within-stratum design bootstrap; grouped OOF isotonic mapping and the classification metric were recomputed in each replicate.
vs,scssl,10000.0,unweighted_primary,negative_agreement,proportion,0.880183518616552,0.8734948954494587,0.8867346366836312,300,300,Percentile CI from PSU-within-stratum design bootstrap; grouped OOF isotonic mapping and the classification metric were recomputed in each replicate.
vs,scssl,10000.0,WTMEC4YR_weighted_sensitivity,observed_target_attainment_pct,percent,36.30783234769952,35.10723786089843,37.25055361446744,300,300,Percentile CI from PSU-within-stratum design bootstrap; grouped OOF isotonic mapping and the classification metric were recomputed in each replicate.
vs,scssl,10000.0,WTMEC4YR_weighted_sensitivity,mapped_source_attainment_pct,percent,33.926728284453375,30.995430821629196,36.63879397922252,300,300,Percentile CI from PSU-within-stratum design bootstrap; grouped OOF isotonic mapping and the classification metric were recomputed in each replicate.
vs,scssl,10000.0,WTMEC4YR_weighted_sensitivity,attainment_difference_pp,percentage_points,-2.3811040632461533,-4.955678176904522,0.3902311527992524,300,300,Percentile CI from PSU-within-stratum design bootstrap; grouped OOF isotonic mapping and the classification metric were recomputed in each replicate.
vs,scssl,10000.0,WTMEC4YR_weighted_sensitivity,discordant_reclassification_pct,percent,16.39193665991059,15.386120125227723,17.447441695897258,300,300,Percentile CI from PSU-within-stratum design bootstrap; grouped OOF isotonic mapping and the classification metric were recomputed in each replicate.
vs,scssl,10000.0,WTMEC4YR_weighted_sensitivity,cohen_kappa,coefficient,0.6405154175409704,0.6141354926965713,0.6635642656563108,300,300,Percentile CI from PSU-within-stratum design bootstrap; grouped OOF isotonic mapping and the classification metric were recomputed in each replicate.
vs,scssl,10000.0,WTMEC4YR_weighted_sensitivity,positive_agreement,proportion,0.766611529817039,0.7447704723195661,0.7850905376694746,300,300,Percentile CI from PSU-within-stratum design bootstrap; grouped OOF isotonic mapping and the classification metric were recomputed in each replicate.
vs,scssl,10000.0,WTMEC4YR_weighted_sensitivity,negative_agreement,proportion,0.8736802592449577,0.8652934471998154,0.881246799004783,300,300,Percentile CI from PSU-within-stratum design bootstrap; grouped OOF isotonic mapping and the classification metric were recomputed in each replicate.
vs,vsrev,7000.0,unweighted_primary,observed_target_attainment_pct,percent,59.900532037936614,58.72569837053813,60.88825624004186,300,300,Percentile CI from PSU-within-stratum design bootstrap; grouped OOF isotonic mapping and the classification metric were recomputed in each replicate.
vs,vsrev,7000.0,unweighted_primary,mapped_source_attainment_pct,percent,61.39255146888735,59.74621619403872,62.349482096363595,300,300,Percentile CI from PSU-within-stratum design bootstrap; grouped OOF isotonic mapping and the classification metric were recomputed in each replicate.
vs,vsrev,7000.0,unweighted_primary,attainment_difference_pp,percentage_points,1.4920194309507306,0.2176680660480187,2.0197983268035724,300,300,Percentile CI from PSU-within-stratum design bootstrap; grouped OOF isotonic mapping and the classification metric were recomputed in each replicate.
vs,vsrev,7000.0,unweighted_primary,discordant_reclassification_pct,percent,5.887115429100162,5.44311656859924,6.385477076731584,300,300,Percentile CI from PSU-within-stratum design bootstrap; grouped OOF isotonic mapping and the classification metric were recomputed in each replicate.
vs,vsrev,7000.0,unweighted_primary,cohen_kappa,coefficient,0.8766945272415183,0.8670029711883223,0.8857082562994179,300,300,Percentile CI from PSU-within-stratum design bootstrap; grouped OOF isotonic mapping and the classification metric were recomputed in each replicate.
vs,vsrev,7000.0,unweighted_primary,positive_agreement,proportion,0.9514637169829312,0.94668931523052,0.9552820121048824,300,300,Percentile CI from PSU-within-stratum design bootstrap; grouped OOF isotonic mapping and the classification metric were recomputed in each replicate.
vs,vsrev,7000.0,unweighted_primary,negative_agreement,proportion,0.9252020573108009,0.9194846085972096,0.9307517473480584,300,300,Percentile CI from PSU-within-stratum design bootstrap; grouped OOF isotonic mapping and the classification metric were recomputed in each replicate.
vs,vsrev,7000.0,WTMEC4YR_weighted_sensitivity,observed_target_attainment_pct,percent,62.40355686108578,61.37241350048272,63.34047599772472,300,300,Percentile CI from PSU-within-stratum design bootstrap; grouped OOF isotonic mapping and the classification metric were recomputed in each replicate.
vs,vsrev,7000.0,WTMEC4YR_weighted_sensitivity,mapped_source_attainment_pct,percent,62.9596660706412,61.439252633191515,64.03683150979487,300,300,Percentile CI from PSU-within-stratum design bootstrap; grouped OOF isotonic mapping and the classification metric were recomputed in each replicate.
vs,vsrev,7000.0,WTMEC4YR_weighted_sensitivity,attainment_difference_pp,percentage_points,0.556109209555411,-0.6646682974694653,1.2260522062407182,300,300,Percentile CI from PSU-within-stratum design bootstrap; grouped OOF isotonic mapping and the classification metric were recomputed in each replicate.
vs,vsrev,7000.0,WTMEC4YR_weighted_sensitivity,discordant_reclassification_pct,percent,5.757565085684593,5.1972297700728545,6.377061335121558,300,300,Percentile CI from PSU-within-stratum design bootstrap; grouped OOF isotonic mapping and the classification metric were recomputed in each replicate.
vs,vsrev,7000.0,WTMEC4YR_weighted_sensitivity,cohen_kappa,coefficient,0.8769358741088762,0.8637106625165802,0.8883432006904073,300,300,Percentile CI from PSU-within-stratum design bootstrap; grouped OOF isotonic mapping and the classification metric were recomputed in each replicate.
vs,vsrev,7000.0,WTMEC4YR_weighted_sensitivity,positive_agreement,proportion,0.9540729334246602,0.9488530738230972,0.9588784993386728,300,300,Percentile CI from PSU-within-stratum design bootstrap; grouped OOF isotonic mapping and the classification metric were recomputed in each replicate.
vs,vsrev,7000.0,WTMEC4YR_weighted_sensitivity,negative_agreement,proportion,0.9228588731743074,0.914734907320512,0.9299312408246636,300,300,Percentile CI from PSU-within-stratum design bootstrap; grouped OOF isotonic mapping and the classification metric were recomputed in each replicate.
vs,vsrev,8000.0,unweighted_primary,observed_target_attainment_pct,percent,51.3763590099468,50.200312918192054,52.50989656420521,300,300,Percentile CI from PSU-within-stratum design bootstrap; grouped OOF isotonic mapping and the classification metric were recomputed in each replicate.
vs,vsrev,8000.0,unweighted_primary,mapped_source_attainment_pct,percent,52.24381216747629,49.73184057116292,54.10874317336741,300,300,Percentile CI from PSU-within-stratum design bootstrap; grouped OOF isotonic mapping and the classification metric were recomputed in each replicate.
vs,vsrev,8000.0,unweighted_primary,attainment_difference_pp,percentage_points,0.8674531575294964,-0.9350894748091024,2.227028264103446,300,300,Percentile CI from PSU-within-stratum design bootstrap; grouped OOF isotonic mapping and the classification metric were recomputed in each replicate.
vs,vsrev,8000.0,unweighted_primary,discordant_reclassification_pct,percent,6.928059218135554,6.3842469706460605,7.199871838596402,300,300,Percentile CI from PSU-within-stratum design bootstrap; grouped OOF isotonic mapping and the classification metric were recomputed in each replicate.
vs,vsrev,8000.0,unweighted_primary,cohen_kappa,coefficient,0.8612674370218486,0.8559080829318391,0.8722024971759436,300,300,Percentile CI from PSU-within-stratum design bootstrap; grouped OOF isotonic mapping and the classification metric were recomputed in each replicate.
vs,vsrev,8000.0,unweighted_primary,positive_agreement,proportion,0.9331398593593035,0.9301691769314856,0.9386890434380128,300,300,Percentile CI from PSU-within-stratum design bootstrap; grouped OOF isotonic mapping and the classification metric were recomputed in each replicate.
vs,vsrev,8000.0,unweighted_primary,negative_agreement,proportion,0.9281171246849874,0.9252315213353028,0.9352692799605706,300,300,Percentile CI from PSU-within-stratum design bootstrap; grouped OOF isotonic mapping and the classification metric were recomputed in each replicate.
vs,vsrev,8000.0,WTMEC4YR_weighted_sensitivity,observed_target_attainment_pct,percent,53.33706868189915,52.20903438071168,54.385002446841035,300,300,Percentile CI from PSU-within-stratum design bootstrap; grouped OOF isotonic mapping and the classification metric were recomputed in each replicate.
vs,vsrev,8000.0,WTMEC4YR_weighted_sensitivity,mapped_source_attainment_pct,percent,53.55367557083017,51.30847433248256,55.408434360742824,300,300,Percentile CI from PSU-within-stratum design bootstrap; grouped OOF isotonic mapping and the classification metric were recomputed in each replicate.
vs,vsrev,8000.0,WTMEC4YR_weighted_sensitivity,attainment_difference_pp,percentage_points,0.2166068889310257,-1.6175677461567193,1.805273870747335,300,300,Percentile CI from PSU-within-stratum design bootstrap; grouped OOF isotonic mapping and the classification metric were recomputed in each replicate.
vs,vsrev,8000.0,WTMEC4YR_weighted_sensitivity,discordant_reclassification_pct,percent,7.201638495511162,6.616843971333406,7.567611712660717,300,300,Percentile CI from PSU-within-stratum design bootstrap; grouped OOF isotonic mapping and the classification metric were recomputed in each replicate.
vs,vsrev,8000.0,WTMEC4YR_weighted_sensitivity,cohen_kappa,coefficient,0.8552807479818433,0.8480526235161607,0.8670390185124813,300,300,Percentile CI from PSU-within-stratum design bootstrap; grouped OOF isotonic mapping and the classification metric were recomputed in each replicate.
vs,vsrev,8000.0,WTMEC4YR_weighted_sensitivity,positive_agreement,proportion,0.9326261731466308,0.9287965130729886,0.9383138177698956,300,300,Percentile CI from PSU-within-stratum design bootstrap; grouped OOF isotonic mapping and the classification metric were recomputed in each replicate.
vs,vsrev,8000.0,WTMEC4YR_weighted_sensitivity,negative_agreement,proportion,0.922653892594107,0.9191831539011176,0.929088517432614,300,300,Percentile CI from PSU-within-stratum design bootstrap; grouped OOF isotonic mapping and the classification metric were recomputed in each replicate.
vs,vsrev,10000.0,unweighted_primary,observed_target_attainment_pct,percent,34.605597964376585,33.42330005652741,35.6798181701706,300,300,Percentile CI from PSU-within-stratum design bootstrap; grouped OOF isotonic mapping and the classification metric were recomputed in each replicate.
vs,vsrev,10000.0,unweighted_primary,mapped_source_attainment_pct,percent,34.64029609067777,33.40351885384981,35.578125245616505,300,300,Percentile CI from PSU-within-stratum design bootstrap; grouped OOF isotonic mapping and the classification metric were recomputed in each replicate.
vs,vsrev,10000.0,unweighted_primary,attainment_difference_pp,percentage_points,0.0346981263011803,-0.5682778618186662,0.4208024161504783,300,300,Percentile CI from PSU-within-stratum design bootstrap; grouped OOF isotonic mapping and the classification metric were recomputed in each replicate.
vs,vsrev,10000.0,unweighted_primary,discordant_reclassification_pct,percent,6.141568355308814,5.652548116837539,6.534345400905367,300,300,Percentile CI from PSU-within-stratum design bootstrap; grouped OOF isotonic mapping and the classification metric were recomputed in each replicate.
vs,vsrev,10000.0,unweighted_primary,cohen_kappa,coefficient,0.8643374845847654,0.8556595424303535,0.8754812220370204,300,300,Percentile CI from PSU-within-stratum design bootstrap; grouped OOF isotonic mapping and the classification metric were recomputed in each replicate.
vs,vsrev,10000.0,unweighted_primary,positive_agreement,proportion,0.9113078336395524,0.9057037123776,0.918469871258372,300,300,Percentile CI from PSU-within-stratum design bootstrap; grouped OOF isotonic mapping and the classification metric were recomputed in each replicate.
vs,vsrev,10000.0,unweighted_primary,negative_agreement,proportion,0.953029632905794,0.9494182137176562,0.9569616324255968,300,300,Percentile CI from PSU-within-stratum design bootstrap; grouped OOF isotonic mapping and the classification metric were recomputed in each replicate.
vs,vsrev,10000.0,WTMEC4YR_weighted_sensitivity,observed_target_attainment_pct,percent,35.26419613458567,34.05812760510733,36.345949318873025,300,300,Percentile CI from PSU-within-stratum design bootstrap; grouped OOF isotonic mapping and the classification metric were recomputed in each replicate.
vs,vsrev,10000.0,WTMEC4YR_weighted_sensitivity,mapped_source_attainment_pct,percent,34.68835224837255,33.5028063346239,35.538053834741476,300,300,Percentile CI from PSU-within-stratum design bootstrap; grouped OOF isotonic mapping and the classification metric were recomputed in each replicate.
vs,vsrev,10000.0,WTMEC4YR_weighted_sensitivity,attainment_difference_pp,percentage_points,-0.5758438862131121,-1.3576528598774673,0.0150302823807182,300,300,Percentile CI from PSU-within-stratum design bootstrap; grouped OOF isotonic mapping and the classification metric were recomputed in each replicate.
vs,vsrev,10000.0,WTMEC4YR_weighted_sensitivity,discordant_reclassification_pct,percent,6.589985913308187,5.880795778039289,7.121084773857964,300,300,Percentile CI from PSU-within-stratum design bootstrap; grouped OOF isotonic mapping and the classification metric were recomputed in each replicate.
vs,vsrev,10000.0,WTMEC4YR_weighted_sensitivity,cohen_kappa,coefficient,0.8551250613296424,0.843373346824064,0.8696785314710992,300,300,Percentile CI from PSU-within-stratum design bootstrap; grouped OOF isotonic mapping and the classification metric were recomputed in each replicate.
vs,vsrev,10000.0,WTMEC4YR_weighted_sensitivity,positive_agreement,proportion,0.905793483359162,0.8983070713031424,0.915091007082234,300,300,Percentile CI from PSU-within-stratum design bootstrap; grouped OOF isotonic mapping and the classification metric were recomputed in each replicate.
vs,vsrev,10000.0,WTMEC4YR_weighted_sensitivity,negative_agreement,proportion,0.949326297198702,0.9454078481574136,0.9551136989514384,300,300,Percentile CI from PSU-within-stratum design bootstrap; grouped OOF isotonic mapping and the classification metric were recomputed in each replicate.
vsrev,acti,7000.0,unweighted_primary,observed_target_attainment_pct,percent,88.11010872079575,87.4748649376959,88.68003991228,300,300,Percentile CI from PSU-within-stratum design bootstrap; grouped OOF isotonic mapping and the classification metric were recomputed in each replicate.
vsrev,acti,7000.0,unweighted_primary,mapped_source_attainment_pct,percent,89.25514688873467,88.50878095991845,90.03561343305434,300,300,Percentile CI from PSU-within-stratum design bootstrap; grouped OOF isotonic mapping and the classification metric were recomputed in each replicate.
vsrev,acti,7000.0,unweighted_primary,attainment_difference_pp,percentage_points,1.1450381679389277,0.4908475895144557,1.8265196925123677,300,300,Percentile CI from PSU-within-stratum design bootstrap; grouped OOF isotonic mapping and the classification metric were recomputed in each replicate.
vsrev,acti,7000.0,unweighted_primary,discordant_reclassification_pct,percent,5.5401341660883645,5.184671174529205,6.026441238736361,300,300,Percentile CI from PSU-within-stratum design bootstrap; grouped OOF isotonic mapping and the classification metric were recomputed in each replicate.
vsrev,acti,7000.0,unweighted_primary,cohen_kappa,coefficient,0.7240919806654118,0.7005429230054852,0.7409937440989706,300,300,Percentile CI from PSU-within-stratum design bootstrap; grouped OOF isotonic mapping and the classification metric were recomputed in each replicate.
vsrev,acti,7000.0,unweighted_primary,positive_agreement,proportion,0.9687642647538312,0.9660143763968944,0.970915590387359,300,300,Percentile CI from PSU-within-stratum design bootstrap; grouped OOF isotonic mapping and the classification metric were recomputed in each replicate.
vsrev,acti,7000.0,unweighted_primary,negative_agreement,proportion,0.7552376085845682,0.73369478223959,0.7705732513831929,300,300,Percentile CI from PSU-within-stratum design bootstrap; grouped OOF isotonic mapping and the classification metric were recomputed in each replicate.
vsrev,acti,7000.0,WTMEC4YR_weighted_sensitivity,observed_target_attainment_pct,percent,89.46378588203736,88.85393293798259,90.12081121584258,300,300,Percentile CI from PSU-within-stratum design bootstrap; grouped OOF isotonic mapping and the classification metric were recomputed in each replicate.
vsrev,acti,7000.0,WTMEC4YR_weighted_sensitivity,mapped_source_attainment_pct,percent,91.49236809338989,90.73182790882542,92.23872870834629,300,300,Percentile CI from PSU-within-stratum design bootstrap; grouped OOF isotonic mapping and the classification metric were recomputed in each replicate.
vsrev,acti,7000.0,WTMEC4YR_weighted_sensitivity,attainment_difference_pp,percentage_points,2.028582211352526,1.3631366618664504,2.7259965610010304,300,300,Percentile CI from PSU-within-stratum design bootstrap; grouped OOF isotonic mapping and the classification metric were recomputed in each replicate.
vsrev,acti,7000.0,WTMEC4YR_weighted_sensitivity,discordant_reclassification_pct,percent,5.503491905633353,5.094777526011658,5.984449826098227,300,300,Percentile CI from PSU-within-stratum design bootstrap; grouped OOF isotonic mapping and the classification metric were recomputed in each replicate.
vsrev,acti,7000.0,WTMEC4YR_weighted_sensitivity,cohen_kappa,coefficient,0.680976990418832,0.649466474860126,0.7078924208362191,300,300,Percentile CI from PSU-within-stratum design bootstrap; grouped OOF isotonic mapping and the classification metric were recomputed in each replicate.
vsrev,acti,7000.0,WTMEC4YR_weighted_sensitivity,positive_agreement,proportion,0.9695865999319332,0.9669291114866536,0.971884236945705,300,300,Percentile CI from PSU-within-stratum design bootstrap; grouped OOF isotonic mapping and the classification metric were recomputed in each replicate.
vsrev,acti,7000.0,WTMEC4YR_weighted_sensitivity,negative_agreement,proportion,0.7110094306301329,0.6810984495034191,0.7368677734679197,300,300,Percentile CI from PSU-within-stratum design bootstrap; grouped OOF isotonic mapping and the classification metric were recomputed in each replicate.
vsrev,acti,8000.0,unweighted_primary,observed_target_attainment_pct,percent,82.65093684941013,81.84912972558652,83.36384855540018,300,300,Percentile CI from PSU-within-stratum design bootstrap; grouped OOF isotonic mapping and the classification metric were recomputed in each replicate.
vsrev,acti,8000.0,unweighted_primary,mapped_source_attainment_pct,percent,83.50682396483923,82.87883194829179,85.81478789408571,300,300,Percentile CI from PSU-within-stratum design bootstrap; grouped OOF isotonic mapping and the classification metric were recomputed in each replicate.
vsrev,acti,8000.0,unweighted_primary,attainment_difference_pp,percentage_points,0.8558871154290992,0.5198284048154522,3.195862247374738,300,300,Percentile CI from PSU-within-stratum design bootstrap; grouped OOF isotonic mapping and the classification metric were recomputed in each replicate.
vsrev,acti,8000.0,unweighted_primary,discordant_reclassification_pct,percent,6.893361091834374,6.563577540954765,7.643564649954112,300,300,Percentile CI from PSU-within-stratum design bootstrap; grouped OOF isotonic mapping and the classification metric were recomputed in each replicate.
vsrev,acti,8000.0,unweighted_primary,cohen_kappa,coefficient,0.7548540460802555,0.7197696931180051,0.7638954924339403,300,300,Percentile CI from PSU-within-stratum design bootstrap; grouped OOF isotonic mapping and the classification metric were recomputed in each replicate.
vsrev,acti,8000.0,unweighted_primary,positive_agreement,proportion,0.9585131560629264,0.9543412543378912,0.960648585756257,300,300,Percentile CI from PSU-within-stratum design bootstrap; grouped OOF isotonic mapping and the classification metric were recomputed in each replicate.
vsrev,acti,8000.0,unweighted_primary,negative_agreement,proportion,0.7963089542036911,0.7638726549264032,0.804442797121975,300,300,Percentile CI from PSU-within-stratum design bootstrap; grouped OOF isotonic mapping and the classification metric were recomputed in each replicate.
vsrev,acti,8000.0,WTMEC4YR_weighted_sensitivity,observed_target_attainment_pct,percent,84.43691471024445,83.81862982612455,84.98121422713734,300,300,Percentile CI from PSU-within-stratum design bootstrap; grouped OOF isotonic mapping and the classification metric were recomputed in each replicate.
vsrev,acti,8000.0,WTMEC4YR_weighted_sensitivity,mapped_source_attainment_pct,percent,85.7904895205429,85.03171654518941,88.09599801081758,300,300,Percentile CI from PSU-within-stratum design bootstrap; grouped OOF isotonic mapping and the classification metric were recomputed in each replicate.
vsrev,acti,8000.0,WTMEC4YR_weighted_sensitivity,attainment_difference_pp,percentage_points,1.3535748102984524,0.9294741726037056,3.7162509041262872,300,300,Percentile CI from PSU-within-stratum design bootstrap; grouped OOF isotonic mapping and the classification metric were recomputed in each replicate.
vsrev,acti,8000.0,WTMEC4YR_weighted_sensitivity,discordant_reclassification_pct,percent,6.541024420265621,6.064760324813376,7.44000827152884,300,300,Percentile CI from PSU-within-stratum design bootstrap; grouped OOF isotonic mapping and the classification metric were recomputed in each replicate.
vsrev,acti,8000.0,WTMEC4YR_weighted_sensitivity,cohen_kappa,coefficient,0.7419685660756444,0.692525010228877,0.7583970881390667,300,300,Percentile CI from PSU-within-stratum design bootstrap; grouped OOF isotonic mapping and the classification metric were recomputed in each replicate.
vsrev,acti,8000.0,WTMEC4YR_weighted_sensitivity,positive_agreement,proportion,0.9615747860937974,0.9564534592804466,0.9645530610598269,300,300,Percentile CI from PSU-within-stratum design bootstrap; grouped OOF isotonic mapping and the classification metric were recomputed in each replicate.
vsrev,acti,8000.0,WTMEC4YR_weighted_sensitivity,negative_agreement,proportion,0.7803004994603265,0.7334643852150566,0.7942012317196186,300,300,Percentile CI from PSU-within-stratum design bootstrap; grouped OOF isotonic mapping and the classification metric were recomputed in each replicate.
vsrev,acti,10000.0,unweighted_primary,observed_target_attainment_pct,percent,66.06523247744622,65.060654672783,66.91249500015132,300,300,Percentile CI from PSU-within-stratum design bootstrap; grouped OOF isotonic mapping and the classification metric were recomputed in each replicate.
vsrev,acti,10000.0,unweighted_primary,mapped_source_attainment_pct,percent,67.25653481378671,65.6208249421208,69.04772511968828,300,300,Percentile CI from PSU-within-stratum design bootstrap; grouped OOF isotonic mapping and the classification metric were recomputed in each replicate.
vsrev,acti,10000.0,unweighted_primary,attainment_difference_pp,percentage_points,1.191302336340494,-0.0182693423036783,2.8005706279645715,300,300,Percentile CI from PSU-within-stratum design bootstrap; grouped OOF isotonic mapping and the classification metric were recomputed in each replicate.
vsrev,acti,10000.0,unweighted_primary,discordant_reclassification_pct,percent,10.929909784871615,10.39988791502045,11.482844524519734,300,300,Percentile CI from PSU-within-stratum design bootstrap; grouped OOF isotonic mapping and the classification metric were recomputed in each replicate.
vsrev,acti,10000.0,unweighted_primary,cohen_kappa,coefficient,0.7541376079753774,0.740753845094109,0.7677433947715505,300,300,Percentile CI from PSU-within-stratum design bootstrap; grouped OOF isotonic mapping and the classification metric were recomputed in each replicate.
vsrev,acti,10000.0,unweighted_primary,positive_agreement,proportion,0.9180185651080072,0.9141579517881936,0.9219135170301296,300,300,Percentile CI from PSU-within-stratum design bootstrap; grouped OOF isotonic mapping and the classification metric were recomputed in each replicate.
vsrev,acti,10000.0,unweighted_primary,negative_agreement,proportion,0.8360797918473547,0.825035044789992,0.846928634948218,300,300,Percentile CI from PSU-within-stratum design bootstrap; grouped OOF isotonic mapping and the classification metric were recomputed in each replicate.
vsrev,acti,10000.0,WTMEC4YR_weighted_sensitivity,observed_target_attainment_pct,percent,67.68682301987572,66.80945461795672,68.45494539727659,300,300,Percentile CI from PSU-within-stratum design bootstrap; grouped OOF isotonic mapping and the classification metric were recomputed in each replicate.
vsrev,acti,10000.0,WTMEC4YR_weighted_sensitivity,mapped_source_attainment_pct,percent,69.89194134996399,68.29940139274449,71.77703486784696,300,300,Percentile CI from PSU-within-stratum design bootstrap; grouped OOF isotonic mapping and the classification metric were recomputed in each replicate.
vsrev,acti,10000.0,WTMEC4YR_weighted_sensitivity,attainment_difference_pp,percentage_points,2.2051183300882737,0.8262518855395055,3.91594181036125,300,300,Percentile CI from PSU-within-stratum design bootstrap; grouped OOF isotonic mapping and the classification metric were recomputed in each replicate.
vsrev,acti,10000.0,WTMEC4YR_weighted_sensitivity,discordant_reclassification_pct,percent,10.675804457027876,10.00664599088671,11.647893843680118,300,300,Percentile CI from PSU-within-stratum design bootstrap; grouped OOF isotonic mapping and the classification metric were recomputed in each replicate.
vsrev,acti,10000.0,WTMEC4YR_weighted_sensitivity,cohen_kappa,coefficient,0.7515145255748759,0.7266188700433606,0.7672841938577679,300,300,Percentile CI from PSU-within-stratum design bootstrap; grouped OOF isotonic mapping and the classification metric were recomputed in each replicate.
vsrev,acti,10000.0,WTMEC4YR_weighted_sensitivity,positive_agreement,proportion,0.9224022362322636,0.9157135092007422,0.9272223564567124,300,300,Percentile CI from PSU-within-stratum design bootstrap; grouped OOF isotonic mapping and the classification metric were recomputed in each replicate.
vsrev,acti,10000.0,WTMEC4YR_weighted_sensitivity,negative_agreement,proportion,0.8289715935730434,0.8105138557726645,0.8412242415497636,300,300,Percentile CI from PSU-within-stratum design bootstrap; grouped OOF isotonic mapping and the classification metric were recomputed in each replicate.
vsrev,adept,7000.0,unweighted_primary,observed_target_attainment_pct,percent,1.4341892204487623,1.164071105268029,1.68782658863265,300,300,Percentile CI from PSU-within-stratum design bootstrap; grouped OOF isotonic mapping and the classification metric were recomputed in each replicate.
vsrev,adept,7000.0,unweighted_primary,mapped_source_attainment_pct,percent,0.0115660421003932,0.0,0.3079671023229203,300,300,Percentile CI from PSU-within-stratum design bootstrap; grouped OOF isotonic mapping and the classification metric were recomputed in each replicate.
vsrev,adept,7000.0,unweighted_primary,attainment_difference_pp,percentage_points,-1.4226231783483692,-1.608386386153287,-1.073152157904056,300,300,Percentile CI from PSU-within-stratum design bootstrap; grouped OOF isotonic mapping and the classification metric were recomputed in each replicate.
vsrev,adept,7000.0,unweighted_primary,discordant_reclassification_pct,percent,1.4457552625491557,1.1710588119801262,1.7844369881833018,300,300,Percentile CI from PSU-within-stratum design bootstrap; grouped OOF isotonic mapping and the classification metric were recomputed in each replicate.
vsrev,adept,7000.0,unweighted_primary,cohen_kappa,coefficient,-0.0002295229439581,-0.0017651522250273,0.1241128842981551,300,300,Percentile CI from PSU-within-stratum design bootstrap; grouped OOF isotonic mapping and the classification metric were recomputed in each replicate.
vsrev,adept,7000.0,unweighted_primary,positive_agreement,proportion,0.0,0.0,0.1268749999999999,300,300,Percentile CI from PSU-within-stratum design bootstrap; grouped OOF isotonic mapping and the classification metric were recomputed in each replicate.
vsrev,adept,7000.0,unweighted_primary,negative_agreement,proportion,0.9927185879885828,0.990992863495385,0.9941102195378462,300,300,Percentile CI from PSU-within-stratum design bootstrap; grouped OOF isotonic mapping and the classification metric were recomputed in each replicate.
vsrev,adept,7000.0,WTMEC4YR_weighted_sensitivity,observed_target_attainment_pct,percent,1.257298010862412,0.9877888153089456,1.5252543971542614,300,300,Percentile CI from PSU-within-stratum design bootstrap; grouped OOF isotonic mapping and the classification metric were recomputed in each replicate.
vsrev,adept,7000.0,WTMEC4YR_weighted_sensitivity,mapped_source_attainment_pct,percent,0.0086794834222422,0.0,0.2734646089581216,300,300,Percentile CI from PSU-within-stratum design bootstrap; grouped OOF isotonic mapping and the classification metric were recomputed in each replicate.
vsrev,adept,7000.0,WTMEC4YR_weighted_sensitivity,attainment_difference_pp,percentage_points,-1.2486185274401698,-1.4669418959947251,-0.914987596975404,300,300,Percentile CI from PSU-within-stratum design bootstrap; grouped OOF isotonic mapping and the classification metric were recomputed in each replicate.
vsrev,adept,7000.0,WTMEC4YR_weighted_sensitivity,discordant_reclassification_pct,percent,1.2659774942846544,1.003803736254525,1.6151358674676095,300,300,Percentile CI from PSU-within-stratum design bootstrap; grouped OOF isotonic mapping and the classification metric were recomputed in each replicate.
vsrev,adept,7000.0,WTMEC4YR_weighted_sensitivity,cohen_kappa,coefficient,-0.0001724292724039,-0.0015402952537267,0.1301714664817495,300,300,Percentile CI from PSU-within-stratum design bootstrap; grouped OOF isotonic mapping and the classification metric were recomputed in each replicate.
vsrev,adept,7000.0,WTMEC4YR_weighted_sensitivity,positive_agreement,proportion,0.0,0.0,0.1335133332087064,300,300,Percentile CI from PSU-within-stratum design bootstrap; grouped OOF isotonic mapping and the classification metric were recomputed in each replicate.
vsrev,adept,7000.0,WTMEC4YR_weighted_sensitivity,negative_agreement,proportion,0.993629789814936,0.9918523488231348,0.9949556633603556,300,300,Percentile CI from PSU-within-stratum design bootstrap; grouped OOF isotonic mapping and the classification metric were recomputed in each replicate.
vsrev,adept,8000.0,unweighted_primary,observed_target_attainment_pct,percent,0.7864908628267407,0.6136729862567414,0.9493834384179236,300,300,Percentile CI from PSU-within-stratum design bootstrap; grouped OOF isotonic mapping and the classification metric were recomputed in each replicate.
vsrev,adept,8000.0,unweighted_primary,mapped_source_attainment_pct,percent,0.0,0.0,0.0,300,300,Percentile CI from PSU-within-stratum design bootstrap; grouped OOF isotonic mapping and the classification metric were recomputed in each replicate.
vsrev,adept,8000.0,unweighted_primary,attainment_difference_pp,percentage_points,-0.7864908628267407,-0.942615815215147,-0.6136729862567415,300,300,Percentile CI from PSU-within-stratum design bootstrap; grouped OOF isotonic mapping and the classification metric were recomputed in each replicate.
vsrev,adept,8000.0,unweighted_primary,discordant_reclassification_pct,percent,0.7864908628267407,0.6196933871786027,0.9590056117282236,300,300,Percentile CI from PSU-within-stratum design bootstrap; grouped OOF isotonic mapping and the classification metric were recomputed in each replicate.
vsrev,adept,8000.0,unweighted_primary,cohen_kappa,coefficient,0.0,0.0,0.0,300,300,Percentile CI from PSU-within-stratum design bootstrap; grouped OOF isotonic mapping and the classification metric were recomputed in each replicate.
vsrev,adept,8000.0,unweighted_primary,positive_agreement,proportion,0.0,0.0,0.0,300,300,Percentile CI from PSU-within-stratum design bootstrap; grouped OOF isotonic mapping and the classification metric were recomputed in each replicate.
vsrev,adept,8000.0,unweighted_primary,negative_agreement,proportion,0.9960520204366,0.9951818688624182,0.9968919021836052,300,300,Percentile CI from PSU-within-stratum design bootstrap; grouped OOF isotonic mapping and the classification metric were recomputed in each replicate.
vsrev,adept,8000.0,WTMEC4YR_weighted_sensitivity,observed_target_attainment_pct,percent,0.636989421559268,0.4707325895446129,0.8157902000506926,300,300,Percentile CI from PSU-within-stratum design bootstrap; grouped OOF isotonic mapping and the classification metric were recomputed in each replicate.
vsrev,adept,8000.0,WTMEC4YR_weighted_sensitivity,mapped_source_attainment_pct,percent,0.0,0.0,0.0,300,300,Percentile CI from PSU-within-stratum design bootstrap; grouped OOF isotonic mapping and the classification metric were recomputed in each replicate.
vsrev,adept,8000.0,WTMEC4YR_weighted_sensitivity,attainment_difference_pp,percentage_points,-0.636989421559268,-0.81244231003343,-0.4707325895446129,300,300,Percentile CI from PSU-within-stratum design bootstrap; grouped OOF isotonic mapping and the classification metric were recomputed in each replicate.
vsrev,adept,8000.0,WTMEC4YR_weighted_sensitivity,discordant_reclassification_pct,percent,0.636989421559268,0.4707325895446129,0.819254492569634,300,300,Percentile CI from PSU-within-stratum design bootstrap; grouped OOF isotonic mapping and the classification metric were recomputed in each replicate.
vsrev,adept,8000.0,WTMEC4YR_weighted_sensitivity,cohen_kappa,coefficient,-1.742922232377863e-14,-4.063767375828668e-14,4.5723672019127127e-14,300,300,Percentile CI from PSU-within-stratum design bootstrap; grouped OOF isotonic mapping and the classification metric were recomputed in each replicate.
vsrev,adept,8000.0,WTMEC4YR_weighted_sensitivity,positive_agreement,proportion,0.0,0.0,0.0,300,300,Percentile CI from PSU-within-stratum design bootstrap; grouped OOF isotonic mapping and the classification metric were recomputed in each replicate.
vsrev,adept,8000.0,WTMEC4YR_weighted_sensitivity,negative_agreement,proportion,0.99680487659315,0.9958868790681412,0.9976407842507544,300,300,Percentile CI from PSU-within-stratum design bootstrap; grouped OOF isotonic mapping and the classification metric were recomputed in each replicate.
vsrev,adept,10000.0,unweighted_primary,observed_target_attainment_pct,percent,0.1966227157066851,0.1275551225008112,0.2634193972435134,300,300,Percentile CI from PSU-within-stratum design bootstrap; grouped OOF isotonic mapping and the classification metric were recomputed in each replicate.
vsrev,adept,10000.0,unweighted_primary,mapped_source_attainment_pct,percent,0.0,0.0,0.0,300,300,Percentile CI from PSU-within-stratum design bootstrap; grouped OOF isotonic mapping and the classification metric were recomputed in each replicate.
vsrev,adept,10000.0,unweighted_primary,attainment_difference_pp,percentage_points,-0.1966227157066851,-0.2634193972435134,-0.1275551225008112,300,300,Percentile CI from PSU-within-stratum design bootstrap; grouped OOF isotonic mapping and the classification metric were recomputed in each replicate.
vsrev,adept,10000.0,unweighted_primary,discordant_reclassification_pct,percent,0.1966227157066851,0.1275551225008112,0.2634193972435134,300,300,Percentile CI from PSU-within-stratum design bootstrap; grouped OOF isotonic mapping and the classification metric were recomputed in each replicate.
vsrev,adept,10000.0,unweighted_primary,cohen_kappa,coefficient,0.0,0.0,0.0,300,300,Percentile CI from PSU-within-stratum design bootstrap; grouped OOF isotonic mapping and the classification metric were recomputed in each replicate.
vsrev,adept,10000.0,unweighted_primary,positive_agreement,proportion,0.0,0.0,0.0,300,300,Percentile CI from PSU-within-stratum design bootstrap; grouped OOF isotonic mapping and the classification metric were recomputed in each replicate.
vsrev,adept,10000.0,unweighted_primary,negative_agreement,proportion,0.999015918958032,0.9986811659811922,0.9993618173700676,300,300,Percentile CI from PSU-within-stratum design bootstrap; grouped OOF isotonic mapping and the classification metric were recomputed in each replicate.
vsrev,adept,10000.0,WTMEC4YR_weighted_sensitivity,observed_target_attainment_pct,percent,0.1567044574581063,0.0955464616585368,0.2244250691921725,300,300,Percentile CI from PSU-within-stratum design bootstrap; grouped OOF isotonic mapping and the classification metric were recomputed in each replicate.
vsrev,adept,10000.0,WTMEC4YR_weighted_sensitivity,mapped_source_attainment_pct,percent,0.0,0.0,0.0,300,300,Percentile CI from PSU-within-stratum design bootstrap; grouped OOF isotonic mapping and the classification metric were recomputed in each replicate.
vsrev,adept,10000.0,WTMEC4YR_weighted_sensitivity,attainment_difference_pp,percentage_points,-0.1567044574581063,-0.2244250691921726,-0.0955464616585368,300,300,Percentile CI from PSU-within-stratum design bootstrap; grouped OOF isotonic mapping and the classification metric were recomputed in each replicate.
vsrev,adept,10000.0,WTMEC4YR_weighted_sensitivity,discordant_reclassification_pct,percent,0.1567044574581063,0.0955464616585368,0.2244250691921725,300,300,Percentile CI from PSU-within-stratum design bootstrap; grouped OOF isotonic mapping and the classification metric were recomputed in each replicate.
vsrev,adept,10000.0,WTMEC4YR_weighted_sensitivity,cohen_kappa,coefficient,-7.084820959365515e-14,-1.7225683495388242e-13,1.5055967413718297e-13,300,300,Percentile CI from PSU-within-stratum design bootstrap; grouped OOF isotonic mapping and the classification metric were recomputed in each replicate.
vsrev,adept,10000.0,WTMEC4YR_weighted_sensitivity,positive_agreement,proportion,0.0,0.0,0.0,300,300,Percentile CI from PSU-within-stratum design bootstrap; grouped OOF isotonic mapping and the classification metric were recomputed in each replicate.
vsrev,adept,10000.0,WTMEC4YR_weighted_sensitivity,negative_agreement,proportion,0.9992158633241476,0.9988766140163072,0.9995220393537336,300,300,Percentile CI from PSU-within-stratum design bootstrap; grouped OOF isotonic mapping and the classification metric were recomputed in each replicate.
vsrev,oak,7000.0,unweighted_primary,observed_target_attainment_pct,percent,78.94980337728428,78.08902994263754,79.79065121869183,300,300,Percentile CI from PSU-within-stratum design bootstrap; grouped OOF isotonic mapping and the classification metric were recomputed in each replicate.
vsrev,oak,7000.0,unweighted_primary,mapped_source_attainment_pct,percent,78.84570899838076,78.06234965511038,79.97235784614482,300,300,Percentile CI from PSU-within-stratum design bootstrap; grouped OOF isotonic mapping and the classification metric were recomputed in each replicate.
vsrev,oak,7000.0,unweighted_primary,attainment_difference_pp,percentage_points,-0.1040943789035298,-0.4501715303607809,0.6134409111081326,300,300,Percentile CI from PSU-within-stratum design bootstrap; grouped OOF isotonic mapping and the classification metric were recomputed in each replicate.
vsrev,oak,7000.0,unweighted_primary,discordant_reclassification_pct,percent,4.198473282442748,3.910541396961703,4.585339220342065,300,300,Percentile CI from PSU-within-stratum design bootstrap; grouped OOF isotonic mapping and the classification metric were recomputed in each replicate.
vsrev,oak,7000.0,unweighted_primary,cohen_kappa,coefficient,0.8739138445137562,0.8639155597073048,0.8832854196475577,300,300,Percentile CI from PSU-within-stratum design bootstrap; grouped OOF isotonic mapping and the classification metric were recomputed in each replicate.
vsrev,oak,7000.0,unweighted_primary,positive_agreement,proportion,0.9733929487649344,0.9707740777018083,0.975384215904802,300,300,Percentile CI from PSU-within-stratum design bootstrap; grouped OOF isotonic mapping and the classification metric were recomputed in each replicate.
vsrev,oak,7000.0,unweighted_primary,negative_agreement,proportion,0.9005206906001644,0.8924181468458626,0.9077788832929944,300,300,Percentile CI from PSU-within-stratum design bootstrap; grouped OOF isotonic mapping and the classification metric were recomputed in each replicate.
vsrev,oak,7000.0,WTMEC4YR_weighted_sensitivity,observed_target_attainment_pct,percent,81.39859010675782,80.62792708439602,82.0816446031128,300,300,Percentile CI from PSU-within-stratum design bootstrap; grouped OOF isotonic mapping and the classification metric were recomputed in each replicate.
vsrev,oak,7000.0,WTMEC4YR_weighted_sensitivity,mapped_source_attainment_pct,percent,81.26994464555236,80.42691386354318,82.5525012846559,300,300,Percentile CI from PSU-within-stratum design bootstrap; grouped OOF isotonic mapping and the classification metric were recomputed in each replicate.
vsrev,oak,7000.0,WTMEC4YR_weighted_sensitivity,attainment_difference_pp,percentage_points,-0.1286454612054677,-0.5332624618006279,0.6376675442552974,300,300,Percentile CI from PSU-within-stratum design bootstrap; grouped OOF isotonic mapping and the classification metric were recomputed in each replicate.
vsrev,oak,7000.0,WTMEC4YR_weighted_sensitivity,discordant_reclassification_pct,percent,4.181548625748048,3.7835734479499776,4.766961652945134,300,300,Percentile CI from PSU-within-stratum design bootstrap; grouped OOF isotonic mapping and the classification metric were recomputed in each replicate.
vsrev,oak,7000.0,WTMEC4YR_weighted_sensitivity,cohen_kappa,coefficient,0.8622830573882798,0.8432649361266965,0.8748639811843013,300,300,Percentile CI from PSU-within-stratum design bootstrap; grouped OOF isotonic mapping and the classification metric were recomputed in each replicate.
vsrev,oak,7000.0,WTMEC4YR_weighted_sensitivity,positive_agreement,proportion,0.9742940536587784,0.9707681896786896,0.976931044933371,300,300,Percentile CI from PSU-within-stratum design bootstrap; grouped OOF isotonic mapping and the classification metric were recomputed in each replicate.
vsrev,oak,7000.0,WTMEC4YR_weighted_sensitivity,negative_agreement,proportion,0.8879886284129495,0.8729654548328636,0.897986478248884,300,300,Percentile CI from PSU-within-stratum design bootstrap; grouped OOF isotonic mapping and the classification metric were recomputed in each replicate.
vsrev,oak,8000.0,unweighted_primary,observed_target_attainment_pct,percent,72.60004626416841,71.58833045185226,73.37633713468321,300,300,Percentile CI from PSU-within-stratum design bootstrap; grouped OOF isotonic mapping and the classification metric were recomputed in each replicate.
vsrev,oak,8000.0,unweighted_primary,mapped_source_attainment_pct,percent,72.29932916955818,71.29103260918961,73.89063206030319,300,300,Percentile CI from PSU-within-stratum design bootstrap; grouped OOF isotonic mapping and the classification metric were recomputed in each replicate.
vsrev,oak,8000.0,unweighted_primary,attainment_difference_pp,percentage_points,-0.3007170946102255,-0.7980229764981606,0.9980343521815876,300,300,Percentile CI from PSU-within-stratum design bootstrap; grouped OOF isotonic mapping and the classification metric were recomputed in each replicate.
vsrev,oak,8000.0,unweighted_primary,discordant_reclassification_pct,percent,5.089058524173027,4.766022086297239,5.483639543009703,300,300,Percentile CI from PSU-within-stratum design bootstrap; grouped OOF isotonic mapping and the classification metric were recomputed in each replicate.
vsrev,oak,8000.0,unweighted_primary,cohen_kappa,coefficient,0.8725207537797188,0.8614500772954249,0.8804424597284747,300,300,Percentile CI from PSU-within-stratum design bootstrap; grouped OOF isotonic mapping and the classification metric were recomputed in each replicate.
vsrev,oak,8000.0,unweighted_primary,positive_agreement,proportion,0.9648786717752236,0.9620673631853766,0.967262653120618,300,300,Percentile CI from PSU-within-stratum design bootstrap; grouped OOF isotonic mapping and the classification metric were recomputed in each replicate.
vsrev,oak,8000.0,unweighted_primary,negative_agreement,proportion,0.9076406381192276,0.8990796987570184,0.914116270601992,300,300,Percentile CI from PSU-within-stratum design bootstrap; grouped OOF isotonic mapping and the classification metric were recomputed in each replicate.
vsrev,oak,8000.0,WTMEC4YR_weighted_sensitivity,observed_target_attainment_pct,percent,75.173452546699,74.32953238478373,75.94232029252395,300,300,Percentile CI from PSU-within-stratum design bootstrap; grouped OOF isotonic mapping and the classification metric were recomputed in each replicate.
vsrev,oak,8000.0,WTMEC4YR_weighted_sensitivity,mapped_source_attainment_pct,percent,74.90743981263225,73.88235361162596,76.52352423170272,300,300,Percentile CI from PSU-within-stratum design bootstrap; grouped OOF isotonic mapping and the classification metric were recomputed in each replicate.
vsrev,oak,8000.0,WTMEC4YR_weighted_sensitivity,attainment_difference_pp,percentage_points,-0.2660127340667451,-0.7493582211309624,0.9823440778009188,300,300,Percentile CI from PSU-within-stratum design bootstrap; grouped OOF isotonic mapping and the classification metric were recomputed in each replicate.
vsrev,oak,8000.0,WTMEC4YR_weighted_sensitivity,discordant_reclassification_pct,percent,4.73564773661012,4.327520721045871,5.245205324873501,300,300,Percentile CI from PSU-within-stratum design bootstrap; grouped OOF isotonic mapping and the classification metric were recomputed in each replicate.
vsrev,oak,8000.0,WTMEC4YR_weighted_sensitivity,cohen_kappa,coefficient,0.873580791521955,0.8584770780207949,0.8849187739197955,300,300,Percentile CI from PSU-within-stratum design bootstrap; grouped OOF isotonic mapping and the classification metric were recomputed in each replicate.
vsrev,oak,8000.0,WTMEC4YR_weighted_sensitivity,positive_agreement,proportion,0.9684460315889396,0.965163150732464,0.9712174491967632,300,300,Percentile CI from PSU-within-stratum design bootstrap; grouped OOF isotonic mapping and the classification metric were recomputed in each replicate.
vsrev,oak,8000.0,WTMEC4YR_weighted_sensitivity,negative_agreement,proportion,0.905133565874242,0.8922188355420917,0.9138172218318106,300,300,Percentile CI from PSU-within-stratum design bootstrap; grouped OOF isotonic mapping and the classification metric were recomputed in each replicate.
vsrev,oak,10000.0,unweighted_primary,observed_target_attainment_pct,percent,57.841776544066626,56.63778796570831,58.865995545855206,300,300,Percentile CI from PSU-within-stratum design bootstrap; grouped OOF isotonic mapping and the classification metric were recomputed in each replicate.
vsrev,oak,10000.0,unweighted_primary,mapped_source_attainment_pct,percent,59.22970159611381,57.66686308084059,60.13824757315903,300,300,Percentile CI from PSU-within-stratum design bootstrap; grouped OOF isotonic mapping and the classification metric were recomputed in each replicate.
vsrev,oak,10000.0,unweighted_primary,attainment_difference_pp,percentage_points,1.3879250520471895,0.4181801818761763,1.9700404008798624,300,300,Percentile CI from PSU-within-stratum design bootstrap; grouped OOF isotonic mapping and the classification metric were recomputed in each replicate.
vsrev,oak,10000.0,unweighted_primary,discordant_reclassification_pct,percent,6.777700670830441,6.400882169671722,7.292215200118696,300,300,Percentile CI from PSU-within-stratum design bootstrap; grouped OOF isotonic mapping and the classification metric were recomputed in each replicate.
vsrev,oak,10000.0,unweighted_primary,cohen_kappa,coefficient,0.8604045729154526,0.8508662360553222,0.867962035133449,300,300,Percentile CI from PSU-within-stratum design bootstrap; grouped OOF isotonic mapping and the classification metric were recomputed in each replicate.
vsrev,oak,10000.0,unweighted_primary,positive_agreement,proportion,0.9421063031021536,0.9369479510475712,0.945293733897798,300,300,Percentile CI from PSU-within-stratum design bootstrap; grouped OOF isotonic mapping and the classification metric were recomputed in each replicate.
vsrev,oak,10000.0,unweighted_primary,negative_agreement,proportion,0.9182705718270572,0.912274560331664,0.9225373368755186,300,300,Percentile CI from PSU-within-stratum design bootstrap; grouped OOF isotonic mapping and the classification metric were recomputed in each replicate.
vsrev,oak,10000.0,WTMEC4YR_weighted_sensitivity,observed_target_attainment_pct,percent,60.1375871777248,59.08271739738929,61.08940692812004,300,300,Percentile CI from PSU-within-stratum design bootstrap; grouped OOF isotonic mapping and the classification metric were recomputed in each replicate.
vsrev,oak,10000.0,WTMEC4YR_weighted_sensitivity,mapped_source_attainment_pct,percent,61.69920713035547,59.810332405473595,62.703555998835064,300,300,Percentile CI from PSU-within-stratum design bootstrap; grouped OOF isotonic mapping and the classification metric were recomputed in each replicate.
vsrev,oak,10000.0,WTMEC4YR_weighted_sensitivity,attainment_difference_pp,percentage_points,1.5616199526306662,0.2598888952106559,2.1650802842149575,300,300,Percentile CI from PSU-within-stratum design bootstrap; grouped OOF isotonic mapping and the classification metric were recomputed in each replicate.
vsrev,oak,10000.0,WTMEC4YR_weighted_sensitivity,discordant_reclassification_pct,percent,6.772011096612007,6.217505397890067,7.46160443696521,300,300,Percentile CI from PSU-within-stratum design bootstrap; grouped OOF isotonic mapping and the classification metric were recomputed in each replicate.
vsrev,oak,10000.0,WTMEC4YR_weighted_sensitivity,cohen_kappa,coefficient,0.8578143944218997,0.844236646116134,0.8694425937737775,300,300,Percentile CI from PSU-within-stratum design bootstrap; grouped OOF isotonic mapping and the classification metric were recomputed in each replicate.
vsrev,oak,10000.0,WTMEC4YR_weighted_sensitivity,positive_agreement,proportion,0.944417356554145,0.9379246816565436,0.9492986643611548,300,300,Percentile CI from PSU-within-stratum design bootstrap; grouped OOF isotonic mapping and the classification metric were recomputed in each replicate.
vsrev,oak,10000.0,WTMEC4YR_weighted_sensitivity,negative_agreement,proportion,0.9133606274632098,0.9057397513958528,0.920627781524866,300,300,Percentile CI from PSU-within-stratum design bootstrap; grouped OOF isotonic mapping and the classification metric were recomputed in each replicate.
vsrev,scrf,7000.0,unweighted_primary,observed_target_attainment_pct,percent,74.77446217904233,73.77716623569303,75.67536184955327,300,300,Percentile CI from PSU-within-stratum design bootstrap; grouped OOF isotonic mapping and the classification metric were recomputed in each replicate.
vsrev,scrf,7000.0,unweighted_primary,mapped_source_attainment_pct,percent,77.735368956743,75.91901306247702,78.68381122004088,300,300,Percentile CI from PSU-within-stratum design bootstrap; grouped OOF isotonic mapping and the classification metric were recomputed in each replicate.
vsrev,scrf,7000.0,unweighted_primary,attainment_difference_pp,percentage_points,2.960906777700667,1.5952928727944884,3.30308689750593,300,300,Percentile CI from PSU-within-stratum design bootstrap; grouped OOF isotonic mapping and the classification metric were recomputed in each replicate.
vsrev,scrf,7000.0,unweighted_primary,discordant_reclassification_pct,percent,8.0499653018737,7.534946453860786,8.449665576395692,300,300,Percentile CI from PSU-within-stratum design bootstrap; grouped OOF isotonic mapping and the classification metric were recomputed in each replicate.
vsrev,scrf,7000.0,unweighted_primary,cohen_kappa,coefficient,0.7779774558577514,0.7689381540159819,0.7938427706379114,300,300,Percentile CI from PSU-within-stratum design bootstrap; grouped OOF isotonic mapping and the classification metric were recomputed in each replicate.
vsrev,scrf,7000.0,unweighted_primary,positive_agreement,proportion,0.9472167450326104,0.9440305797826936,0.9506457317810506,300,300,Percentile CI from PSU-within-stratum design bootstrap; grouped OOF isotonic mapping and the classification metric were recomputed in each replicate.
vsrev,scrf,7000.0,unweighted_primary,negative_agreement,proportion,0.8304919629810034,0.8225402273645335,0.8448225397524103,300,300,Percentile CI from PSU-within-stratum design bootstrap; grouped OOF isotonic mapping and the classification metric were recomputed in each replicate.
vsrev,scrf,7000.0,WTMEC4YR_weighted_sensitivity,observed_target_attainment_pct,percent,77.23739157627554,76.27229889575919,78.0913153666525,300,300,Percentile CI from PSU-within-stratum design bootstrap; grouped OOF isotonic mapping and the classification metric were recomputed in each replicate.
vsrev,scrf,7000.0,WTMEC4YR_weighted_sensitivity,mapped_source_attainment_pct,percent,80.38031044764176,78.60371124870365,81.22001833807647,300,300,Percentile CI from PSU-within-stratum design bootstrap; grouped OOF isotonic mapping and the classification metric were recomputed in each replicate.
vsrev,scrf,7000.0,WTMEC4YR_weighted_sensitivity,attainment_difference_pp,percentage_points,3.1429188713662293,1.8271658476291088,3.463308010680314,300,300,Percentile CI from PSU-within-stratum design bootstrap; grouped OOF isotonic mapping and the classification metric were recomputed in each replicate.
vsrev,scrf,7000.0,WTMEC4YR_weighted_sensitivity,discordant_reclassification_pct,percent,7.599145387212045,7.04603254401411,7.971642392586475,300,300,Percentile CI from PSU-within-stratum design bootstrap; grouped OOF isotonic mapping and the classification metric were recomputed in each replicate.
vsrev,scrf,7000.0,WTMEC4YR_weighted_sensitivity,cohen_kappa,coefficient,0.7728234263697303,0.761585960527086,0.7916162856365258,300,300,Percentile CI from PSU-within-stratum design bootstrap; grouped OOF isotonic mapping and the classification metric were recomputed in each replicate.
vsrev,scrf,7000.0,WTMEC4YR_weighted_sensitivity,positive_agreement,proportion,0.9517874877654356,0.949006927689972,0.9552300398256351,300,300,Percentile CI from PSU-within-stratum design bootstrap; grouped OOF isotonic mapping and the classification metric were recomputed in each replicate.
vsrev,scrf,7000.0,WTMEC4YR_weighted_sensitivity,negative_agreement,proportion,0.8207000150982747,0.8117335206164406,0.8370524873392478,300,300,Percentile CI from PSU-within-stratum design bootstrap; grouped OOF isotonic mapping and the classification metric were recomputed in each replicate.
vsrev,scrf,8000.0,unweighted_primary,observed_target_attainment_pct,percent,68.37844089752487,67.31137341252126,69.25740524778148,300,300,Percentile CI from PSU-within-stratum design bootstrap; grouped OOF isotonic mapping and the classification metric were recomputed in each replicate.
vsrev,scrf,8000.0,unweighted_primary,mapped_source_attainment_pct,percent,69.91672449687717,68.58844487518394,70.98867786393997,300,300,Percentile CI from PSU-within-stratum design bootstrap; grouped OOF isotonic mapping and the classification metric were recomputed in each replicate.
vsrev,scrf,8000.0,unweighted_primary,attainment_difference_pp,percentage_points,1.538283599352297,0.8570461336651117,2.059701610606586,300,300,Percentile CI from PSU-within-stratum design bootstrap; grouped OOF isotonic mapping and the classification metric were recomputed in each replicate.
vsrev,scrf,8000.0,unweighted_primary,discordant_reclassification_pct,percent,8.80175803839926,8.364702373645912,9.363804578519154,300,300,Percentile CI from PSU-within-stratum design bootstrap; grouped OOF isotonic mapping and the classification metric were recomputed in each replicate.
vsrev,scrf,8000.0,unweighted_primary,cohen_kappa,coefficient,0.7937695362564523,0.7790366131788077,0.804776910077699,300,300,Percentile CI from PSU-within-stratum design bootstrap; grouped OOF isotonic mapping and the classification metric were recomputed in each replicate.
vsrev,scrf,8000.0,unweighted_primary,positive_agreement,proportion,0.9363552730618048,0.9324001008458396,0.9395568721174496,300,300,Percentile CI from PSU-within-stratum design bootstrap; grouped OOF isotonic mapping and the classification metric were recomputed in each replicate.
vsrev,scrf,8000.0,unweighted_primary,negative_agreement,proportion,0.857357075913777,0.846505376344086,0.8655951063531109,300,300,Percentile CI from PSU-within-stratum design bootstrap; grouped OOF isotonic mapping and the classification metric were recomputed in each replicate.
vsrev,scrf,8000.0,WTMEC4YR_weighted_sensitivity,observed_target_attainment_pct,percent,70.89566009975302,69.9129321909603,71.74513063171686,300,300,Percentile CI from PSU-within-stratum design bootstrap; grouped OOF isotonic mapping and the classification metric were recomputed in each replicate.
vsrev,scrf,8000.0,WTMEC4YR_weighted_sensitivity,mapped_source_attainment_pct,percent,72.67650784986951,71.50929502888475,73.65692936821128,300,300,Percentile CI from PSU-within-stratum design bootstrap; grouped OOF isotonic mapping and the classification metric were recomputed in each replicate.
vsrev,scrf,8000.0,WTMEC4YR_weighted_sensitivity,attainment_difference_pp,percentage_points,1.7808477501164988,0.9863817533127563,2.436185958668774,300,300,Percentile CI from PSU-within-stratum design bootstrap; grouped OOF isotonic mapping and the classification metric were recomputed in each replicate.
vsrev,scrf,8000.0,WTMEC4YR_weighted_sensitivity,discordant_reclassification_pct,percent,8.375326093536732,7.774011921804139,9.042515459983418,300,300,Percentile CI from PSU-within-stratum design bootstrap; grouped OOF isotonic mapping and the classification metric were recomputed in each replicate.
vsrev,scrf,8000.0,WTMEC4YR_weighted_sensitivity,cohen_kappa,coefficient,0.7933201579625174,0.7759053246931313,0.8090433047701798,300,300,Percentile CI from PSU-within-stratum design bootstrap; grouped OOF isotonic mapping and the classification metric were recomputed in each replicate.
vsrev,scrf,8000.0,WTMEC4YR_weighted_sensitivity,positive_agreement,proportion,0.9416646957892596,0.937019505433355,0.9458699460950402,300,300,Percentile CI from PSU-within-stratum design bootstrap; grouped OOF isotonic mapping and the classification metric were recomputed in each replicate.
vsrev,scrf,8000.0,WTMEC4YR_weighted_sensitivity,negative_agreement,proportion,0.8515745548037458,0.8387516980373169,0.8635849712740583,300,300,Percentile CI from PSU-within-stratum design bootstrap; grouped OOF isotonic mapping and the classification metric were recomputed in each replicate.
vsrev,scrf,10000.0,unweighted_primary,observed_target_attainment_pct,percent,53.7589636826278,52.64474740675752,54.86160029504605,300,300,Percentile CI from PSU-within-stratum design bootstrap; grouped OOF isotonic mapping and the classification metric were recomputed in each replicate.
vsrev,scrf,10000.0,unweighted_primary,mapped_source_attainment_pct,percent,55.806153134397405,52.75427227718055,57.30432322336888,300,300,Percentile CI from PSU-within-stratum design bootstrap; grouped OOF isotonic mapping and the classification metric were recomputed in each replicate.
vsrev,scrf,10000.0,unweighted_primary,attainment_difference_pp,percentage_points,2.0471894517696043,-0.4735295036738554,3.080082739241297,300,300,Percentile CI from PSU-within-stratum design bootstrap; grouped OOF isotonic mapping and the classification metric were recomputed in each replicate.
vsrev,scrf,10000.0,unweighted_primary,discordant_reclassification_pct,percent,11.577608142493638,10.988651472106037,12.009922710965997,300,300,Percentile CI from PSU-within-stratum design bootstrap; grouped OOF isotonic mapping and the classification metric were recomputed in each replicate.
vsrev,scrf,10000.0,unweighted_primary,cohen_kappa,coefficient,0.7664085728942216,0.7581040642393075,0.7788276176815934,300,300,Percentile CI from PSU-within-stratum design bootstrap; grouped OOF isotonic mapping and the classification metric were recomputed in each replicate.
vsrev,scrf,10000.0,unweighted_primary,positive_agreement,proportion,0.8943312572574686,0.8888489290327707,0.9002256656809258,300,300,Percentile CI from PSU-within-stratum design bootstrap; grouped OOF isotonic mapping and the classification metric were recomputed in each replicate.
vsrev,scrf,10000.0,unweighted_primary,negative_agreement,proportion,0.8719785138764548,0.8673171386323124,0.8799653283433537,300,300,Percentile CI from PSU-within-stratum design bootstrap; grouped OOF isotonic mapping and the classification metric were recomputed in each replicate.
vsrev,scrf,10000.0,WTMEC4YR_weighted_sensitivity,observed_target_attainment_pct,percent,56.31034009325487,55.15246600743693,57.5822514719748,300,300,Percentile CI from PSU-within-stratum design bootstrap; grouped OOF isotonic mapping and the classification metric were recomputed in each replicate.
vsrev,scrf,10000.0,WTMEC4YR_weighted_sensitivity,mapped_source_attainment_pct,percent,57.97083786227477,54.97983305941005,59.45500115158006,300,300,Percentile CI from PSU-within-stratum design bootstrap; grouped OOF isotonic mapping and the classification metric were recomputed in each replicate.
vsrev,scrf,10000.0,WTMEC4YR_weighted_sensitivity,attainment_difference_pp,percentage_points,1.6604977690198974,-1.0683929862288548,2.8877136181336467,300,300,Percentile CI from PSU-within-stratum design bootstrap; grouped OOF isotonic mapping and the classification metric were recomputed in each replicate.
vsrev,scrf,10000.0,WTMEC4YR_weighted_sensitivity,discordant_reclassification_pct,percent,11.674099743948071,10.874068280695695,12.437566933869554,300,300,Percentile CI from PSU-within-stratum design bootstrap; grouped OOF isotonic mapping and the classification metric were recomputed in each replicate.
vsrev,scrf,10000.0,WTMEC4YR_weighted_sensitivity,cohen_kappa,coefficient,0.761724016451027,0.7474863919816214,0.7773770429105011,300,300,Percentile CI from PSU-within-stratum design bootstrap; grouped OOF isotonic mapping and the classification metric were recomputed in each replicate.
vsrev,scrf,10000.0,WTMEC4YR_weighted_sensitivity,positive_agreement,proportion,0.8978475725154773,0.8887876936114926,0.9059304905775016,300,300,Percentile CI from PSU-within-stratum design bootstrap; grouped OOF isotonic mapping and the classification metric were recomputed in each replicate.
vsrev,scrf,10000.0,WTMEC4YR_weighted_sensitivity,negative_agreement,proportion,0.863809377386315,0.8571852296761411,0.8719130040383282,300,300,Percentile CI from PSU-within-stratum design bootstrap; grouped OOF isotonic mapping and the classification metric were recomputed in each replicate.
vsrev,scssl,7000.0,unweighted_primary,observed_target_attainment_pct,percent,62.13277816331251,61.12787800001555,63.103229193778304,300,300,Percentile CI from PSU-within-stratum design bootstrap; grouped OOF isotonic mapping and the classification metric were recomputed in each replicate.
vsrev,scssl,7000.0,unweighted_primary,mapped_source_attainment_pct,percent,67.98519546611149,65.55144775655954,69.82919786756574,300,300,Percentile CI from PSU-within-stratum design bootstrap; grouped OOF isotonic mapping and the classification metric were recomputed in each replicate.
vsrev,scssl,7000.0,unweighted_primary,attainment_difference_pp,percentage_points,5.852417302798973,3.712445096568069,7.523594158357632,300,300,Percentile CI from PSU-within-stratum design bootstrap; grouped OOF isotonic mapping and the classification metric were recomputed in each replicate.
vsrev,scssl,7000.0,unweighted_primary,discordant_reclassification_pct,percent,16.747628961369422,16.00055023461393,17.146023616415196,300,300,Percentile CI from PSU-within-stratum design bootstrap; grouped OOF isotonic mapping and the classification metric were recomputed in each replicate.
vsrev,scssl,7000.0,unweighted_primary,cohen_kappa,coefficient,0.6330154878304878,0.6228472328406205,0.6507031678233213,300,300,Percentile CI from PSU-within-stratum design bootstrap; grouped OOF isotonic mapping and the classification metric were recomputed in each replicate.
vsrev,scssl,7000.0,unweighted_primary,positive_agreement,proportion,0.8712888888888889,0.867009494181605,0.877121536844436,300,300,Percentile CI from PSU-within-stratum design bootstrap; grouped OOF isotonic mapping and the classification metric were recomputed in each replicate.
vsrev,scssl,7000.0,unweighted_primary,negative_agreement,proportion,0.7603442568685865,0.7516436079557763,0.7760298352295144,300,300,Percentile CI from PSU-within-stratum design bootstrap; grouped OOF isotonic mapping and the classification metric were recomputed in each replicate.
vsrev,scssl,7000.0,WTMEC4YR_weighted_sensitivity,observed_target_attainment_pct,percent,64.62371084842717,63.50657143892778,65.61417390409692,300,300,Percentile CI from PSU-within-stratum design bootstrap; grouped OOF isotonic mapping and the classification metric were recomputed in each replicate.
vsrev,scssl,7000.0,WTMEC4YR_weighted_sensitivity,mapped_source_attainment_pct,percent,70.78173028725487,68.24685641674253,72.41231172133789,300,300,Percentile CI from PSU-within-stratum design bootstrap; grouped OOF isotonic mapping and the classification metric were recomputed in each replicate.
vsrev,scssl,7000.0,WTMEC4YR_weighted_sensitivity,attainment_difference_pp,percentage_points,6.158019438827711,3.5930537031427328,7.768987770450607,300,300,Percentile CI from PSU-within-stratum design bootstrap; grouped OOF isotonic mapping and the classification metric were recomputed in each replicate.
vsrev,scssl,7000.0,WTMEC4YR_weighted_sensitivity,discordant_reclassification_pct,percent,16.461722114705047,15.689388393376776,17.08251032744156,300,300,Percentile CI from PSU-within-stratum design bootstrap; grouped OOF isotonic mapping and the classification metric were recomputed in each replicate.
vsrev,scssl,7000.0,WTMEC4YR_weighted_sensitivity,cohen_kappa,coefficient,0.6252045170988522,0.6127128708126737,0.6461526447965618,300,300,Percentile CI from PSU-within-stratum design bootstrap; grouped OOF isotonic mapping and the classification metric were recomputed in each replicate.
vsrev,scssl,7000.0,WTMEC4YR_weighted_sensitivity,positive_agreement,proportion,0.8784264356244762,0.8725351548122245,0.8845374731374503,300,300,Percentile CI from PSU-within-stratum design bootstrap; grouped OOF isotonic mapping and the classification metric were recomputed in each replicate.
vsrev,scssl,7000.0,WTMEC4YR_weighted_sensitivity,negative_agreement,proportion,0.745153114997144,0.7356145331776393,0.761628394764522,300,300,Percentile CI from PSU-within-stratum design bootstrap; grouped OOF isotonic mapping and the classification metric were recomputed in each replicate.
vsrev,scssl,8000.0,unweighted_primary,observed_target_attainment_pct,percent,52.81054823039556,51.59860921348168,53.73777872455072,300,300,Percentile CI from PSU-within-stratum design bootstrap; grouped OOF isotonic mapping and the classification metric were recomputed in each replicate.
vsrev,scssl,8000.0,unweighted_primary,mapped_source_attainment_pct,percent,55.771455008096225,53.82863740942618,59.61313421038838,300,300,Percentile CI from PSU-within-stratum design bootstrap; grouped OOF isotonic mapping and the classification metric were recomputed in each replicate.
vsrev,scssl,8000.0,unweighted_primary,attainment_difference_pp,percentage_points,2.960906777700667,1.3677991163143086,6.525034375549458,300,300,Percentile CI from PSU-within-stratum design bootstrap; grouped OOF isotonic mapping and the classification metric were recomputed in each replicate.
vsrev,scssl,8000.0,unweighted_primary,discordant_reclassification_pct,percent,18.482535276428404,17.932087790251238,19.249897723284104,300,300,Percentile CI from PSU-within-stratum design bootstrap; grouped OOF isotonic mapping and the classification metric were recomputed in each replicate.
vsrev,scssl,8000.0,unweighted_primary,cohen_kappa,coefficient,0.6279351962441898,0.611637375630754,0.6388413275133363,300,300,Percentile CI from PSU-within-stratum design bootstrap; grouped OOF isotonic mapping and the classification metric were recomputed in each replicate.
vsrev,scssl,8000.0,unweighted_primary,positive_agreement,proportion,0.8297827013208351,0.8215898639836908,0.8369990658413923,300,300,Percentile CI from PSU-within-stratum design bootstrap; grouped OOF isotonic mapping and the classification metric were recomputed in each replicate.
vsrev,scssl,8000.0,unweighted_primary,negative_agreement,proportion,0.7978238866396761,0.7829516260272128,0.8054770762729415,300,300,Percentile CI from PSU-within-stratum design bootstrap; grouped OOF isotonic mapping and the classification metric were recomputed in each replicate.
vsrev,scssl,8000.0,WTMEC4YR_weighted_sensitivity,observed_target_attainment_pct,percent,55.40049692293868,54.33949253531537,56.306626950012486,300,300,Percentile CI from PSU-within-stratum design bootstrap; grouped OOF isotonic mapping and the classification metric were recomputed in each replicate.
vsrev,scssl,8000.0,WTMEC4YR_weighted_sensitivity,mapped_source_attainment_pct,percent,57.886330404525395,56.25103840632501,61.78080999265591,300,300,Percentile CI from PSU-within-stratum design bootstrap; grouped OOF isotonic mapping and the classification metric were recomputed in each replicate.
vsrev,scssl,8000.0,WTMEC4YR_weighted_sensitivity,attainment_difference_pp,percentage_points,2.485833481586719,0.8752592800868917,6.412655584319078,300,300,Percentile CI from PSU-within-stratum design bootstrap; grouped OOF isotonic mapping and the classification metric were recomputed in each replicate.
vsrev,scssl,8000.0,WTMEC4YR_weighted_sensitivity,discordant_reclassification_pct,percent,18.60869280256285,17.82588833624582,19.68031065249844,300,300,Percentile CI from PSU-within-stratum design bootstrap; grouped OOF isotonic mapping and the classification metric were recomputed in each replicate.
vsrev,scssl,8000.0,WTMEC4YR_weighted_sensitivity,cohen_kappa,coefficient,0.6213758879642302,0.5988215590165802,0.6364210369974266,300,300,Percentile CI from PSU-within-stratum design bootstrap; grouped OOF isotonic mapping and the classification metric were recomputed in each replicate.
vsrev,scssl,8000.0,WTMEC4YR_weighted_sensitivity,positive_agreement,proportion,0.8357382474065319,0.8248108696332689,0.8452993726282327,300,300,Percentile CI from PSU-within-stratum design bootstrap; grouped OOF isotonic mapping and the classification metric were recomputed in each replicate.
vsrev,scssl,8000.0,WTMEC4YR_weighted_sensitivity,negative_agreement,proportion,0.7853994701262192,0.7685262615930634,0.7933247916893554,300,300,Percentile CI from PSU-within-stratum design bootstrap; grouped OOF isotonic mapping and the classification metric were recomputed in each replicate.
vsrev,scssl,10000.0,unweighted_primary,observed_target_attainment_pct,percent,35.04510756419153,33.88214930770203,35.98673116318163,300,300,Percentile CI from PSU-within-stratum design bootstrap; grouped OOF isotonic mapping and the classification metric were recomputed in each replicate.
vsrev,scssl,10000.0,unweighted_primary,mapped_source_attainment_pct,percent,35.2764284061994,31.9082814285243,37.48477007966845,300,300,Percentile CI from PSU-within-stratum design bootstrap; grouped OOF isotonic mapping and the classification metric were recomputed in each replicate.
vsrev,scssl,10000.0,unweighted_primary,attainment_difference_pp,percentage_points,0.2313208420078649,-2.8887412582747136,2.0974772555746632,300,300,Percentile CI from PSU-within-stratum design bootstrap; grouped OOF isotonic mapping and the classification metric were recomputed in each replicate.
vsrev,scssl,10000.0,unweighted_primary,discordant_reclassification_pct,percent,17.973629424011104,17.102510191911602,18.572269233897757,300,300,Percentile CI from PSU-within-stratum design bootstrap; grouped OOF isotonic mapping and the classification metric were recomputed in each replicate.
vsrev,scssl,10000.0,unweighted_primary,cohen_kappa,coefficient,0.6058087093673755,0.5905954765737896,0.6266852574295434,300,300,Percentile CI from PSU-within-stratum design bootstrap; grouped OOF isotonic mapping and the classification metric were recomputed in each replicate.
vsrev,scssl,10000.0,unweighted_primary,positive_agreement,proportion,0.7444078947368421,0.7309367028325594,0.7606010351391368,300,300,Percentile CI from PSU-within-stratum design bootstrap; grouped OOF isotonic mapping and the classification metric were recomputed in each replicate.
vsrev,scssl,10000.0,unweighted_primary,negative_agreement,proportion,0.8613985016054228,0.8558700815692224,0.8696623238170509,300,300,Percentile CI from PSU-within-stratum design bootstrap; grouped OOF isotonic mapping and the classification metric were recomputed in each replicate.
vsrev,scssl,10000.0,WTMEC4YR_weighted_sensitivity,observed_target_attainment_pct,percent,36.30783234769953,35.10723786089842,37.25055361446744,300,300,Percentile CI from PSU-within-stratum design bootstrap; grouped OOF isotonic mapping and the classification metric were recomputed in each replicate.
vsrev,scssl,10000.0,WTMEC4YR_weighted_sensitivity,mapped_source_attainment_pct,percent,35.90808744094906,32.111169712351675,38.19803234079179,300,300,Percentile CI from PSU-within-stratum design bootstrap; grouped OOF isotonic mapping and the classification metric were recomputed in each replicate.
vsrev,scssl,10000.0,WTMEC4YR_weighted_sensitivity,attainment_difference_pp,percentage_points,-0.399744906750471,-3.692413746919028,1.645385220662119,300,300,Percentile CI from PSU-within-stratum design bootstrap; grouped OOF isotonic mapping and the classification metric were recomputed in each replicate.
vsrev,scssl,10000.0,WTMEC4YR_weighted_sensitivity,discordant_reclassification_pct,percent,18.66458002297683,17.59128254318541,19.702015942100516,300,300,Percentile CI from PSU-within-stratum design bootstrap; grouped OOF isotonic mapping and the classification metric were recomputed in each replicate.
vsrev,scssl,10000.0,WTMEC4YR_weighted_sensitivity,cohen_kappa,coefficient,0.5954883823119895,0.5755743551036773,0.6204827422782309,300,300,Percentile CI from PSU-within-stratum design bootstrap; grouped OOF isotonic mapping and the classification metric were recomputed in each replicate.
vsrev,scssl,10000.0,WTMEC4YR_weighted_sensitivity,positive_agreement,proportion,0.7415447995732561,0.7233122769553623,0.7592899913834816,300,300,Percentile CI from PSU-within-stratum design bootstrap; grouped OOF isotonic mapping and the classification metric were recomputed in each replicate.
vsrev,scssl,10000.0,WTMEC4YR_weighted_sensitivity,negative_agreement,proportion,0.8539365780768142,0.8445289861395652,0.8628249243410946,300,300,Percentile CI from PSU-within-stratum design bootstrap; grouped OOF isotonic mapping and the classification metric were recomputed in each replicate.
vsrev,vs,7000.0,unweighted_primary,observed_target_attainment_pct,percent,68.58662965533195,67.66499673025642,69.38805623420735,300,300,Percentile CI from PSU-within-stratum design bootstrap; grouped OOF isotonic mapping and the classification metric were recomputed in each replicate.
vsrev,vs,7000.0,unweighted_primary,mapped_source_attainment_pct,percent,69.37312051815869,67.8207003963615,70.73931591631808,300,300,Percentile CI from PSU-within-stratum design bootstrap; grouped OOF isotonic mapping and the classification metric were recomputed in each replicate.
vsrev,vs,7000.0,unweighted_primary,attainment_difference_pp,percentage_points,0.7864908628267386,-0.3047703588643144,1.6967844682909443,300,300,Percentile CI from PSU-within-stratum design bootstrap; grouped OOF isotonic mapping and the classification metric were recomputed in each replicate.
vsrev,vs,7000.0,unweighted_primary,discordant_reclassification_pct,percent,5.0196622715706685,4.526742736008028,5.2841977004510605,300,300,Percentile CI from PSU-within-stratum design bootstrap; grouped OOF isotonic mapping and the classification metric were recomputed in each replicate.
vsrev,vs,7000.0,unweighted_primary,cohen_kappa,coefficient,0.8827137309894025,0.8762518141479138,0.8951370273180217,300,300,Percentile CI from PSU-within-stratum design bootstrap; grouped OOF isotonic mapping and the classification metric were recomputed in each replicate.
vsrev,vs,7000.0,unweighted_primary,positive_agreement,proportion,0.9636150234741784,0.961725526114274,0.9671967593218032,300,300,Percentile CI from PSU-within-stratum design bootstrap; grouped OOF isotonic mapping and the classification metric were recomputed in each replicate.
vsrev,vs,7000.0,unweighted_primary,negative_agreement,proportion,0.919090231170768,0.9143484965304548,0.9283657530983008,300,300,Percentile CI from PSU-within-stratum design bootstrap; grouped OOF isotonic mapping and the classification metric were recomputed in each replicate.
vsrev,vs,7000.0,WTMEC4YR_weighted_sensitivity,observed_target_attainment_pct,percent,70.72319292261236,69.90559351280028,71.51314460984135,300,300,Percentile CI from PSU-within-stratum design bootstrap; grouped OOF isotonic mapping and the classification metric were recomputed in each replicate.
vsrev,vs,7000.0,WTMEC4YR_weighted_sensitivity,mapped_source_attainment_pct,percent,72.16816591529911,70.66705689659572,73.33749319316772,300,300,Percentile CI from PSU-within-stratum design bootstrap; grouped OOF isotonic mapping and the classification metric were recomputed in each replicate.
vsrev,vs,7000.0,WTMEC4YR_weighted_sensitivity,attainment_difference_pp,percentage_points,1.444972992686755,0.2634712842903533,2.39058435276247,300,300,Percentile CI from PSU-within-stratum design bootstrap; grouped OOF isotonic mapping and the classification metric were recomputed in each replicate.
vsrev,vs,7000.0,WTMEC4YR_weighted_sensitivity,discordant_reclassification_pct,percent,5.250009426090509,4.621395281865388,5.8059776614500915,300,300,Percentile CI from PSU-within-stratum design bootstrap; grouped OOF isotonic mapping and the classification metric were recomputed in each replicate.
vsrev,vs,7000.0,WTMEC4YR_weighted_sensitivity,cohen_kappa,coefficient,0.8713614372545183,0.8575474336403295,0.8872194347858151,300,300,Percentile CI from PSU-within-stratum design bootstrap; grouped OOF isotonic mapping and the classification metric were recomputed in each replicate.
vsrev,vs,7000.0,WTMEC4YR_weighted_sensitivity,positive_agreement,proportion,0.9632587339865258,0.9594305774523731,0.9675137156088212,300,300,Percentile CI from PSU-within-stratum design bootstrap; grouped OOF isotonic mapping and the classification metric were recomputed in each replicate.
vsrev,vs,7000.0,WTMEC4YR_weighted_sensitivity,negative_agreement,proportion,0.908069789102674,0.8981030709216552,0.9203740808798078,300,300,Percentile CI from PSU-within-stratum design bootstrap; grouped OOF isotonic mapping and the classification metric were recomputed in each replicate.
vsrev,vs,8000.0,unweighted_primary,observed_target_attainment_pct,percent,58.74392782789729,57.51066872551518,59.77673495990216,300,300,Percentile CI from PSU-within-stratum design bootstrap; grouped OOF isotonic mapping and the classification metric were recomputed in each replicate.
vsrev,vs,8000.0,unweighted_primary,mapped_source_attainment_pct,percent,59.78487161693269,58.45914239916892,60.89865426357998,300,300,Percentile CI from PSU-within-stratum design bootstrap; grouped OOF isotonic mapping and the classification metric were recomputed in each replicate.
vsrev,vs,8000.0,unweighted_primary,attainment_difference_pp,percentage_points,1.040943789035398,0.5130276417378619,1.6305054082492925,300,300,Percentile CI from PSU-within-stratum design bootstrap; grouped OOF isotonic mapping and the classification metric were recomputed in each replicate.
vsrev,vs,8000.0,unweighted_primary,discordant_reclassification_pct,percent,5.991209808003701,5.595993084117295,6.461428956436857,300,300,Percentile CI from PSU-within-stratum design bootstrap; grouped OOF isotonic mapping and the classification metric were recomputed in each replicate.
vsrev,vs,8000.0,unweighted_primary,cohen_kappa,coefficient,0.8759297110443031,0.8657326242840736,0.8842775635001362,300,300,Percentile CI from PSU-within-stratum design bootstrap; grouped OOF isotonic mapping and the classification metric were recomputed in each replicate.
vsrev,vs,8000.0,unweighted_primary,positive_agreement,proportion,0.9494535519125684,0.9456611868487466,0.9527196586107743,300,300,Percentile CI from PSU-within-stratum design bootstrap; grouped OOF isotonic mapping and the classification metric were recomputed in each replicate.
vsrev,vs,8000.0,unweighted_primary,negative_agreement,proportion,0.9264622373651334,0.9205549443617728,0.931816817098517,300,300,Percentile CI from PSU-within-stratum design bootstrap; grouped OOF isotonic mapping and the classification metric were recomputed in each replicate.
vsrev,vs,8000.0,WTMEC4YR_weighted_sensitivity,observed_target_attainment_pct,percent,60.29697333925708,59.19588029743518,61.335595892844125,300,300,Percentile CI from PSU-within-stratum design bootstrap; grouped OOF isotonic mapping and the classification metric were recomputed in each replicate.
vsrev,vs,8000.0,WTMEC4YR_weighted_sensitivity,mapped_source_attainment_pct,percent,62.32668581516854,61.21977564611327,63.31692134862826,300,300,Percentile CI from PSU-within-stratum design bootstrap; grouped OOF isotonic mapping and the classification metric were recomputed in each replicate.
vsrev,vs,8000.0,WTMEC4YR_weighted_sensitivity,attainment_difference_pp,percentage_points,2.0297124759114604,1.3716393463291312,2.7167066149935346,300,300,Percentile CI from PSU-within-stratum design bootstrap; grouped OOF isotonic mapping and the classification metric were recomputed in each replicate.
vsrev,vs,8000.0,WTMEC4YR_weighted_sensitivity,discordant_reclassification_pct,percent,5.874907979274421,5.384942514077777,6.552546310590322,300,300,Percentile CI from PSU-within-stratum design bootstrap; grouped OOF isotonic mapping and the classification metric were recomputed in each replicate.
vsrev,vs,8000.0,WTMEC4YR_weighted_sensitivity,cohen_kappa,coefficient,0.876217264412886,0.8616878391407882,0.8863343190974211,300,300,Percentile CI from PSU-within-stratum design bootstrap; grouped OOF isotonic mapping and the classification metric were recomputed in each replicate.
vsrev,vs,8000.0,WTMEC4YR_weighted_sensitivity,positive_agreement,proportion,0.9520899309335088,0.9464974987599356,0.9561559333990806,300,300,Percentile CI from PSU-within-stratum design bootstrap; grouped OOF isotonic mapping and the classification metric were recomputed in each replicate.
vsrev,vs,8000.0,WTMEC4YR_weighted_sensitivity,negative_agreement,proportion,0.9240735874160888,0.914944470215961,0.9306124360156752,300,300,Percentile CI from PSU-within-stratum design bootstrap; grouped OOF isotonic mapping and the classification metric were recomputed in each replicate.
vsrev,vs,10000.0,unweighted_primary,observed_target_attainment_pct,percent,39.28984501503586,38.10149177247623,40.41448668759446,300,300,Percentile CI from PSU-within-stratum design bootstrap; grouped OOF isotonic mapping and the classification metric were recomputed in each replicate.
vsrev,vs,10000.0,unweighted_primary,mapped_source_attainment_pct,percent,39.42863752024057,37.35766302176165,41.14629032927309,300,300,Percentile CI from PSU-within-stratum design bootstrap; grouped OOF isotonic mapping and the classification metric were recomputed in each replicate.
vsrev,vs,10000.0,unweighted_primary,attainment_difference_pp,percentage_points,0.1387925052047156,-1.2917674685504132,1.251337581281689,300,300,Percentile CI from PSU-within-stratum design bootstrap; grouped OOF isotonic mapping and the classification metric were recomputed in each replicate.
vsrev,vs,10000.0,unweighted_primary,discordant_reclassification_pct,percent,6.500115660421003,6.003696709723949,6.910540321157666,300,300,Percentile CI from PSU-within-stratum design bootstrap; grouped OOF isotonic mapping and the classification metric were recomputed in each replicate.
vsrev,vs,10000.0,unweighted_primary,cohen_kappa,coefficient,0.8638308056315547,0.8552018432006603,0.8751751451824644,300,300,Percentile CI from PSU-within-stratum design bootstrap; grouped OOF isotonic mapping and the classification metric were recomputed in each replicate.
vsrev,vs,10000.0,unweighted_primary,positive_agreement,proportion,0.9174258007640316,0.9115793323980462,0.9250839746825829,300,300,Percentile CI from PSU-within-stratum design bootstrap; grouped OOF isotonic mapping and the classification metric were recomputed in each replicate.
vsrev,vs,10000.0,unweighted_primary,negative_agreement,proportion,0.9464047301163456,0.9429478727671998,0.9507245707258368,300,300,Percentile CI from PSU-within-stratum design bootstrap; grouped OOF isotonic mapping and the classification metric were recomputed in each replicate.
vsrev,vs,10000.0,WTMEC4YR_weighted_sensitivity,observed_target_attainment_pct,percent,39.62514592793925,38.573682292055594,40.699933075404246,300,300,Percentile CI from PSU-within-stratum design bootstrap; grouped OOF isotonic mapping and the classification metric were recomputed in each replicate.
vsrev,vs,10000.0,WTMEC4YR_weighted_sensitivity,mapped_source_attainment_pct,percent,40.51080976252061,38.216023503106264,42.18042498986506,300,300,Percentile CI from PSU-within-stratum design bootstrap; grouped OOF isotonic mapping and the classification metric were recomputed in each replicate.
vsrev,vs,10000.0,WTMEC4YR_weighted_sensitivity,attainment_difference_pp,percentage_points,0.8856638345813628,-0.7708943639801058,1.971413732613836,300,300,Percentile CI from PSU-within-stratum design bootstrap; grouped OOF isotonic mapping and the classification metric were recomputed in each replicate.
vsrev,vs,10000.0,WTMEC4YR_weighted_sensitivity,discordant_reclassification_pct,percent,6.793755074195837,6.005363747493068,7.456228694764466,300,300,Percentile CI from PSU-within-stratum design bootstrap; grouped OOF isotonic mapping and the classification metric were recomputed in each replicate.
vsrev,vs,10000.0,WTMEC4YR_weighted_sensitivity,cohen_kappa,coefficient,0.8585548470074738,0.8448254617687071,0.8748511466013654,300,300,Percentile CI from PSU-within-stratum design bootstrap; grouped OOF isotonic mapping and the classification metric were recomputed in each replicate.
vsrev,vs,10000.0,WTMEC4YR_weighted_sensitivity,positive_agreement,proportion,0.915222136983828,0.9056325591179578,0.9240166997412074,300,300,Percentile CI from PSU-within-stratum design bootstrap; grouped OOF isotonic mapping and the classification metric were recomputed in each replicate.
vsrev,vs,10000.0,WTMEC4YR_weighted_sensitivity,negative_agreement,proportion,0.9433211592906756,0.9374182593120208,0.9495466263081056,300,300,Percentile CI from PSU-within-stratum design bootstrap; grouped OOF isotonic mapping and the classification metric were recomputed in each replicate.
