exposure,source_algorithm,target_algorithm,method,method_role,scope_type,scope_level,n,mean_error_pred_minus_target,median_error_pred_minus_target,error_sd,error_p05,error_p95,mae,rmse,absolute_error_p50,absolute_error_p90,absolute_error_p95,target_iqr,mae_per_target_iqr,note
daily_steps,acti,adept,isotonic,headline,overall,all,8646,0.6698966361588756,133.77795919766731,1099.3988552491385,-1941.029018545793,1451.645919962593,771.933615618,1099.335479049252,564.0499502324913,1647.8805335154032,2189.7196320314147,1919.4027944454592,0.402173852123114,Full-sample source->target 5-fold OOF residual; aggregate row only.
daily_steps,acti,adept,isotonic,headline,age_group,20-39,2757,-49.4628495376163,86.25274410728798,1105.9156589913648,-1960.174966746747,1457.8423797848486,792.6131397539888,1106.8208537240869,566.6368948162685,1688.3690257421945,2203.0477183131748,1919.4027944454592,0.4129477887849929,Full-sample source->target 5-fold OOF residual; aggregate row only.
daily_steps,acti,adept,isotonic,headline,age_group,40-59,2949,-84.7484769721289,50.55721209787225,1193.8019641022934,-2139.179538648397,1460.5116875511192,827.5916694344464,1196.6044308281955,609.530572861169,1751.9857324567795,2283.342164239133,1919.4027944454592,0.4311714413615556,Full-sample source->target 5-fold OOF residual; aggregate row only.
daily_steps,acti,adept,isotonic,headline,age_group,60+,2940,133.36199356538975,221.26377419832545,975.4913784528454,-1667.059136470576,1434.5977697285246,696.7128507378565,984.4009259089644,513.8191084058714,1509.0415591289277,2012.4529494139713,1919.4027944454592,0.362984180680609,Full-sample source->target 5-fold OOF residual; aggregate row only.
daily_steps,acti,adept,isotonic,headline,sex,male,4161,-212.11241140830435,-30.983334353734335,1155.6378027830951,-2217.8894408032393,1275.4628200633329,787.1288519074163,1174.8061329848708,533.6140435689739,1748.7052508377374,2310.3144423154945,1919.4027944454592,0.4100905001208087,Full-sample source->target 5-fold OOF residual; aggregate row only.
daily_steps,acti,adept,isotonic,headline,sex,female,4485,198.08063995232644,298.21088574002806,1005.1346277501063,-1593.0637609655707,1552.6551910517742,757.8360953949764,1024.3565291530513,590.5111605154214,1562.7419610515446,2013.173837721828,1919.4027944454592,0.3948291091312728,Full-sample source->target 5-fold OOF residual; aggregate row only.
daily_steps,acti,adept,isotonic,headline,bmi_group,<25,2572,-104.37730538219088,56.712647593535166,1163.4113650140516,-2146.0897852608027,1395.9005786762675,810.8719543648567,1167.858883531837,567.3648123614867,1777.3260654698338,2294.9475662990676,1919.4027944454592,0.4224605469531622,Full-sample source->target 5-fold OOF residual; aggregate row only.
daily_steps,acti,adept,isotonic,headline,bmi_group,25-<30,2741,-100.83740029560188,64.55012952156358,1170.2400948552702,-2181.093415547186,1428.933079410151,805.3626285946498,1174.3638446593447,581.9573802673344,1755.1279673255044,2302.208606924579,1919.4027944454592,0.4195902136462865,Full-sample source->target 5-fold OOF residual; aggregate row only.
daily_steps,acti,adept,isotonic,headline,bmi_group,>=30,3246,162.45590363741272,248.92819171459587,964.1453835115788,-1518.435889560055,1496.4772007818362,718.7771413000416,977.5898246337214,551.0086003533587,1506.905288008852,1873.3924644965268,1919.4027944454592,0.3744795742613815,Full-sample source->target 5-fold OOF residual; aggregate row only.
daily_steps,acti,adept,isotonic,headline,bmi_group,missing,87,267.97479037273206,176.4342826140167,781.3236057173394,-893.18170235422,1465.9089040180072,550.8713605626004,821.7421784971663,310.28224318299897,1372.5452869165972,1839.7764960965392,1919.4027944454592,0.2870014371953409,Full-sample source->target 5-fold OOF residual; aggregate row only.
daily_steps,acti,adept,quantile,fullsample_robustness,overall,all,8646,0.9059514472340664,15.346099989072208,1217.9618429707164,-1947.910094406058,1798.6699942071414,832.6566367742814,1217.8917428986729,568.1286653563467,1868.0325228935535,2477.9270495372966,1919.4027944454592,0.4338102659764267,Full-sample source->target 5-fold OOF residual; aggregate row only.
daily_steps,acti,adept,quantile,fullsample_robustness,age_group,20-39,2757,-1.0386940430167078,-15.2513630810721,1245.6208586098187,-1995.6082920411768,2028.1265938441904,891.9375969619375,1245.3953697737888,639.1713745464037,2007.176977995924,2568.4152099073717,1919.4027944454592,0.4646953727185908,Full-sample source->target 5-fold OOF residual; aggregate row only.
daily_steps,acti,adept,quantile,fullsample_robustness,age_group,40-59,2949,-8.39891203494828,-36.78983340420609,1368.4072669799775,-2065.898391310227,1998.4510162393176,931.8228287373694,1368.2010144732037,660.9222388303833,2048.743096048137,2626.351371174779,1919.4027944454592,0.4854753944476699,Full-sample source->target 5-fold OOF residual; aggregate row only.
daily_steps,acti,adept,quantile,fullsample_robustness,age_group,60+,2940,12.062900435525604,45.77747056370583,1014.9035401738826,-1729.6455596970732,1476.4618804716292,677.5958519659434,1014.8026208863372,455.4066059828837,1562.8494578836517,2172.449244499414,1919.4027944454592,0.3530243125240993,Full-sample source->target 5-fold OOF residual; aggregate row only.
daily_steps,acti,adept,quantile,fullsample_robustness,sex,male,4161,-155.2285228230837,-119.49049364098867,1301.0968695272652,-2200.4549385845485,1783.7824598235024,879.2531003825858,1310.1687372840277,593.0800917600607,2011.7168172142128,2587.4536945770224,1919.4027944454592,0.4580868085255724,Full-sample source->target 5-fold OOF residual; aggregate row only.
daily_steps,acti,adept,quantile,fullsample_robustness,sex,female,4485,145.76114597093357,133.52086767696142,1116.18207000293,-1650.8261069426114,1816.9236930861816,789.4263390988847,1125.5358460791724,548.8104348532021,1735.5961357493095,2357.012601291086,1919.4027944454592,0.4112874803472193,Full-sample source->target 5-fold OOF residual; aggregate row only.
daily_steps,acti,adept,quantile,fullsample_robustness,bmi_group,<25,2572,-64.39938846934456,-44.76393023862397,1316.85009248988,-2096.9195663033684,1985.9890247980093,901.9540471631168,1318.1681331298548,624.3741163694556,2067.1384651732037,2663.773934848919,1919.4027944454592,0.4699138970586437,Full-sample source->target 5-fold OOF residual; aggregate row only.
daily_steps,acti,adept,quantile,fullsample_robustness,bmi_group,25-<30,2741,-58.155842169840334,-31.668716419459543,1296.597425269012,-2169.9581244377237,1861.285254769169,886.9998322926689,1297.664689052389,611.5303608270535,2047.085906046469,2611.1731771890036,1919.4027944454592,0.4621228201081861,Full-sample source->target 5-fold OOF residual; aggregate row only.
daily_steps,acti,adept,quantile,fullsample_robustness,bmi_group,>=30,3246,99.08933419578032,75.84661734526071,1062.517750587726,-1538.1764463011514,1674.637638830113,742.4005216904505,1066.965262337049,518.262955556057,1637.643426130308,2205.7809851217357,1919.4027944454592,0.3867872464491955,Full-sample source->target 5-fold OOF residual; aggregate row only.
daily_steps,acti,adept,quantile,fullsample_robustness,bmi_group,missing,87,129.0720453329813,36.05351690441542,705.7854412145067,-1042.0740169924018,1536.7016764887048,439.36596006314727,713.4893231344047,276.60315583485055,1198.048691543312,1764.4491786936,1919.4027944454592,0.2289076380083555,Full-sample source->target 5-fold OOF residual; aggregate row only.
daily_steps,acti,adept,monotone_spline,fullsample_robustness,overall,all,8646,1.36015410118983,13.063868231916912,1232.3942303963177,-1944.9627621034315,1788.9374322995857,834.6776531489027,1232.3237093401383,568.6372939156238,1864.3636139525167,2469.663040846107,1919.4027944454592,0.4348632061828648,Full-sample source->target 5-fold OOF residual; aggregate row only.
daily_steps,acti,adept,monotone_spline,fullsample_robustness,age_group,20-39,2757,-2.0866317348327197,-18.23506668732921,1249.2081164907383,-1987.9881683580857,2023.823840298102,892.0343697717127,1248.9832869049503,642.6364658307195,2005.088907389859,2569.354517860935,1919.4027944454592,0.4647457909059849,Full-sample source->target 5-fold OOF residual; aggregate row only.
daily_steps,acti,adept,monotone_spline,fullsample_robustness,age_group,40-59,2949,-6.590458486363016,-38.51144845875842,1394.8920321028556,-2072.8222275390367,1986.4864917630848,935.965414588621,1394.6710810530376,659.346949697258,2036.9880560634151,2637.230128785137,1919.4027944454592,0.4876336625627523,Full-sample source->target 5-fold OOF residual; aggregate row only.
daily_steps,acti,adept,monotone_spline,fullsample_robustness,age_group,60+,2940,12.567346302076738,42.10086959341548,1025.800153807367,-1732.0374353801544,1473.1757004079525,679.2932734839991,1025.702676292682,454.3556910344852,1562.2767086336678,2172.488887105705,1919.4027944454592,0.3539086613032965,Full-sample source->target 5-fold OOF residual; aggregate row only.
daily_steps,acti,adept,monotone_spline,fullsample_robustness,sex,male,4161,-152.60811856404652,-119.41508299683454,1327.271331928678,-2210.9704815492864,1779.5993377851937,883.9364083021163,1335.8574230885447,591.9274904560805,2016.814424330218,2591.668227014031,1919.4027944454592,0.460526790343398,Full-sample source->target 5-fold OOF residual; aggregate row only.
daily_steps,acti,adept,monotone_spline,fullsample_robustness,sex,female,4485,144.20563516251613,132.98819865984524,1118.6690754169904,-1655.4222200664178,1804.8126891108825,788.9773900067573,1127.801729908236,549.6033178452135,1732.913292710343,2346.4888788144863,1919.4027944454592,0.4110535799416209,Full-sample source->target 5-fold OOF residual; aggregate row only.
daily_steps,acti,adept,monotone_spline,fullsample_robustness,bmi_group,<25,2572,-62.664411728637965,-45.863991827003986,1341.0498678549548,-2091.6089873764677,1968.4314108379328,904.6520770181464,1342.2527140751015,626.0714898707499,2059.9599351790175,2666.461092591636,1919.4027944454592,0.4713195581647114,Full-sample source->target 5-fold OOF residual; aggregate row only.
daily_steps,acti,adept,monotone_spline,fullsample_robustness,bmi_group,25-<30,2741,-56.792743467608545,-31.234733914574065,1312.837844048267,-2186.2519715596477,1868.2610818999551,891.0068556618218,1313.8264039052297,611.3219796028256,2045.6887430194556,2613.595009846468,1919.4027944454592,0.4642104607955649,Full-sample source->target 5-fold OOF residual; aggregate row only.
daily_steps,acti,adept,monotone_spline,fullsample_robustness,bmi_group,>=30,3246,97.82708096010738,74.6955329770937,1066.280716954598,-1537.4149868912996,1669.8800974937053,742.2667976733965,1070.5953679381232,520.3703033323914,1636.1031932063509,2190.066032623744,1919.4027944454592,0.3867175768532978,Full-sample source->target 5-fold OOF residual; aggregate row only.
daily_steps,acti,adept,monotone_spline,fullsample_robustness,bmi_group,missing,87,127.06855601322567,39.482280683460985,706.6386908464478,-1045.6819994717264,1540.643818284024,439.19575192922,713.964380999046,273.8337373451862,1204.3182497731043,1765.7550286062071,1919.4027944454592,0.2288189603559004,Full-sample source->target 5-fold OOF residual; aggregate row only.
daily_steps,acti,oak,isotonic,headline,overall,all,8646,0.8585684493923337,-90.44270975057044,1487.708427760192,-2178.4443645537667,2491.3535504157085,1117.0298552942616,1487.6226385384807,893.8961990954381,2332.6151347837986,2945.302353323755,6887.578571428576,0.1621803430204026,Full-sample source->target 5-fold OOF residual; aggregate row only.
daily_steps,acti,oak,isotonic,headline,age_group,20-39,2757,-520.3135880904001,-583.3805233301409,1280.9825272406997,-2411.870487359048,1628.282610949538,1076.4401389837362,1382.4063379639665,898.394276895946,2170.1149000478113,2705.0751758980778,6887.578571428576,0.1562871665013134,Full-sample source->target 5-fold OOF residual; aggregate row only.
daily_steps,acti,oak,isotonic,headline,age_group,40-59,2949,-100.52383709582524,-158.4478904761927,1512.6732907368207,-2355.268112990428,2337.6385001388994,1125.5346125895542,1515.7538088055876,889.3663392857179,2349.076801483836,3003.9237096774127,6887.578571428576,0.1634151394306494,Full-sample source->target 5-fold OOF residual; aggregate row only.
daily_steps,acti,oak,isotonic,headline,age_group,60+,2940,591.2831771341047,438.93173659134845,1436.1536237695996,-1471.205061489336,3091.817456065757,1146.562276588241,1552.8848905673851,894.0027242297301,2483.8406944318326,3170.0696247159726,6887.578571428576,0.166468122969148,Full-sample source->target 5-fold OOF residual; aggregate row only.
daily_steps,acti,oak,isotonic,headline,sex,male,4161,63.57972682697241,-15.249756431312562,1524.000064098576,-2150.1972066021917,2592.27747752247,1128.4993816887818,1525.1427472953776,882.3394143689038,2375.6615643975692,3036.6512844611507,6887.578571428576,0.1638455910136668,Full-sample source->target 5-fold OOF residual; aggregate row only.
daily_steps,acti,oak,isotonic,headline,sex,female,4485,-57.33156310224884,-154.0927161172167,1450.9756669990088,-2182.6095365853607,2410.2433925915207,1106.3888966927896,1451.9462381349747,905.5389174800356,2286.6647317331626,2866.523689051688,6887.578571428576,0.1606353938788258,Full-sample source->target 5-fold OOF residual; aggregate row only.
daily_steps,acti,oak,isotonic,headline,bmi_group,<25,2572,-105.06559697221586,-241.18395147907813,1600.882661750225,-2407.473232171478,2669.9094477001277,1216.5542164952049,1604.0160982693064,975.697370183268,2521.458172190482,3105.9866400990545,6887.578571428576,0.1766301761756708,Full-sample source->target 5-fold OOF residual; aggregate row only.
daily_steps,acti,oak,isotonic,headline,bmi_group,25-<30,2741,-29.905045403415517,-130.2546693918557,1500.700379321101,-2254.8139351851823,2499.1103375733856,1131.328290140609,1500.724593388463,907.7618664965994,2334.402849624059,2966.6161660751313,6887.578571428576,0.1642563171378757,Full-sample source->target 5-fold OOF residual; aggregate row only.
daily_steps,acti,oak,isotonic,headline,bmi_group,>=30,3246,91.99072371758204,4.008719660941665,1368.5777885523169,-1871.2763139862768,2392.6945443022364,1024.6796553186298,1371.4555906444866,819.5782616089919,2129.578013562731,2716.8557033316765,6887.578571428576,0.1487721184872229,Full-sample source->target 5-fold OOF residual; aggregate row only.
daily_steps,acti,oak,isotonic,headline,bmi_group,missing,87,701.3763044767348,357.82705026455034,1505.7527300617176,-1344.1519748858436,3598.1970911964177,1169.9043633199449,1653.2269007043226,879.6974383431871,2577.134315922062,3598.1970911964177,6887.578571428576,0.1698571350130225,Full-sample source->target 5-fold OOF residual; aggregate row only.
daily_steps,acti,oak,quantile,fullsample_robustness,overall,all,8646,0.2499450311167193,-124.58603174603138,1495.0886014537796,-2102.1849297783615,2543.856355042016,1120.686397496292,1495.0021585588456,892.217451908994,2298.552906976748,2927.0460353027215,6887.578571428576,0.1627112323836396,Full-sample source->target 5-fold OOF residual; aggregate row only.
daily_steps,acti,oak,quantile,fullsample_robustness,age_group,20-39,2757,-475.6262971657818,-565.2694805194824,1302.0139028727406,-2316.762725274723,1788.7765033222586,1084.506974565766,1385.9457752778185,908.0853084415558,2152.1182163034705,2646.33133743842,6887.578571428576,0.1574583815369564,Full-sample source->target 5-fold OOF residual; aggregate row only.
daily_steps,acti,oak,quantile,fullsample_robustness,age_group,40-59,2949,-56.298690064611115,-158.01523809524042,1535.7864473313673,-2229.2348760392997,2473.349569727891,1141.4151406281053,1536.5577581726532,893.3079999999973,2311.9971428571457,3009.047518796995,6887.578571428576,0.1657208159283997,Full-sample source->target 5-fold OOF residual; aggregate row only.
daily_steps,acti,oak,quantile,fullsample_robustness,age_group,60+,2940,503.22706225361696,341.8998954703793,1466.5575007121058,-1550.600539288178,3105.826011904744,1133.8216374703536,1550.2570166097448,872.7690584227012,2436.560370231862,3164.822965561229,6887.578571428576,0.1646183235097648,Full-sample source->target 5-fold OOF residual; aggregate row only.
daily_steps,acti,oak,quantile,fullsample_robustness,sex,male,4161,82.70539907451227,-37.05952380952294,1538.5445924188557,-2065.11168831169,2658.9218253968247,1134.2314589456953,1540.5813070222202,874.947783251233,2338.409523809527,3112.8679643421347,6887.578571428576,0.1646778250415574,Full-sample source->target 5-fold OOF residual; aggregate row only.
daily_steps,acti,oak,quantile,fullsample_robustness,sex,female,4485,-76.2488608272041,-204.56590909091028,1449.5937243301066,-2137.852022263439,2435.719376714037,1108.1198421582833,1451.4362997449389,911.4019480519546,2250.930095238095,2813.604587858534,6887.578571428576,0.1608867079578657,Full-sample source->target 5-fold OOF residual; aggregate row only.
daily_steps,acti,oak,quantile,fullsample_robustness,bmi_group,<25,2572,-78.1303176497339,-247.1097723214325,1615.763417217435,-2326.501655873458,2700.7767580049253,1222.576358786965,1617.3375416509923,980.7527636054456,2492.3032944033152,3144.586481092451,6887.578571428576,0.1775045244287335,Full-sample source->target 5-fold OOF residual; aggregate row only.
daily_steps,acti,oak,quantile,fullsample_robustness,bmi_group,25-<30,2741,-7.865284619191244,-130.88878968254176,1502.6964319614656,-2160.295689655177,2546.1214285714304,1129.9228470201183,1502.4428798334898,898.4514285714213,2279.554135338345,2950.992395833324,6887.578571428576,0.1640522623883123,Full-sample source->target 5-fold OOF residual; aggregate row only.
daily_steps,acti,oak,quantile,fullsample_robustness,bmi_group,>=30,3246,55.17957196541803,-63.864385894607494,1380.4949713972817,-1846.3719844379764,2390.938865821684,1033.1735195401727,1381.3848265290458,836.7815191628106,2128.499208211144,2678.974968413077,6887.578571428576,0.1500053333440055,Full-sample source->target 5-fold OOF residual; aggregate row only.
daily_steps,acti,oak,quantile,fullsample_robustness,bmi_group,missing,87,523.6558192598507,127.88508898508849,1490.2309830739357,-1284.6513095238115,3577.0064285714247,1082.6256303829853,1571.4571253159706,760.8004652435689,2480.413748251749,3577.0064285714247,6887.578571428576,0.1571852312326412,Full-sample source->target 5-fold OOF residual; aggregate row only.
daily_steps,acti,oak,monotone_spline,fullsample_robustness,overall,all,8646,-14.857963381206073,-133.78489905932202,1488.680183323219,-2130.9050162030376,2504.486192715297,1118.437945225196,1488.6682384908986,895.4241287808518,2292.8573048644703,2929.5746406534017,6887.578571428576,0.1623847820574796,Full-sample source->target 5-fold OOF residual; aggregate row only.
daily_steps,acti,oak,monotone_spline,fullsample_robustness,age_group,20-39,2757,-495.6721945529584,-575.8080160207749,1294.5091060652635,-2326.869474065604,1730.8539922449231,1085.3461487985164,1385.9426150761196,916.559515015564,2141.7007981887996,2649.9629609858207,6887.578571428576,0.1575802203260239,Full-sample source->target 5-fold OOF residual; aggregate row only.
daily_steps,acti,oak,monotone_spline,fullsample_robustness,age_group,40-59,2949,-76.2552495275512,-170.31219249240712,1523.8996416950276,-2239.8170661675736,2393.3912475786233,1137.3645709443604,1525.5482633754525,896.3332136867211,2312.997801881276,2981.299182895301,6887.578571428576,0.1651327181460313,Full-sample source->target 5-fold OOF residual; aggregate row only.
daily_steps,acti,oak,monotone_spline,fullsample_robustness,age_group,60+,2940,497.61327205624053,333.64198695984123,1461.0445097617196,-1555.660328556928,3078.535628664187,1130.4853817906867,1543.225180018274,875.0106620972415,2442.709792123922,3158.6861851079334,6887.578571428576,0.1641339361964199,Full-sample source->target 5-fold OOF residual; aggregate row only.
daily_steps,acti,oak,monotone_spline,fullsample_robustness,sex,male,4161,62.40526317624615,-56.07640045747576,1528.7716717749552,-2092.096799864292,2630.3161616958005,1129.5110864540336,1529.8612888538387,877.1511262486765,2326.4725787097377,3039.6128307373874,6887.578571428576,0.1639924793220555,Full-sample source->target 5-fold OOF residual; aggregate row only.
daily_steps,acti,oak,monotone_spline,fullsample_robustness,sex,female,4485,-86.53963243484235,-213.37846946083664,1446.9799615654815,-2148.8882863984363,2420.566276387856,1108.16473660687,1449.404458057944,919.7014802609064,2246.760793659883,2816.806762127411,6887.578571428576,0.160893226133756,Full-sample source->target 5-fold OOF residual; aggregate row only.
daily_steps,acti,oak,monotone_spline,fullsample_robustness,bmi_group,<25,2572,-96.71967195572968,-257.6377390429517,1607.1463956291598,-2334.8522851641824,2624.4869151767134,1218.5722696934722,1609.742211158008,981.0921171973578,2485.882686172408,3118.3350204068793,6887.578571428576,0.1769231751124291,Full-sample source->target 5-fold OOF residual; aggregate row only.
daily_steps,acti,oak,monotone_spline,fullsample_robustness,bmi_group,25-<30,2741,-25.51717781052667,-148.32400576087093,1495.8888379363564,-2177.478137735394,2482.8276022581085,1128.065331543611,1495.8336027090882,897.6892998273224,2291.694034523798,2914.582634176186,6887.578571428576,0.1637825717478,Full-sample source->target 5-fold OOF residual; aggregate row only.
daily_steps,acti,oak,monotone_spline,fullsample_robustness,bmi_group,>=30,3246,44.62637432261362,-72.7298743115025,1375.703019893648,-1866.4034026888917,2365.47280736915,1031.85192970373,1376.214833829932,833.2610832477058,2123.5999229957547,2697.195204789557,6887.578571428576,0.1498134531610447,Full-sample source->target 5-fold OOF residual; aggregate row only.
daily_steps,acti,oak,monotone_spline,fullsample_robustness,bmi_group,missing,87,521.6829678583772,142.36019353026495,1491.870278779353,-1293.9875780409682,3523.2764000537604,1085.3811400700306,1572.3382442163377,815.0639338564604,2501.1616145801627,3523.2764000537604,6887.578571428576,0.1575853006704659,Full-sample source->target 5-fold OOF residual; aggregate row only.
daily_steps,acti,scrf,isotonic,headline,overall,all,8646,0.4634899970457139,-91.78197180178404,2123.611443785328,-3142.5081709306346,3399.0675561797757,1544.1642683880766,2123.4886819198305,1173.7255288133492,3258.580158730158,4251.967760373155,7482.482142857143,0.2063705918579641,Full-sample source->target 5-fold OOF residual; aggregate row only.
daily_steps,acti,scrf,isotonic,headline,age_group,20-39,2757,-540.085798272894,-552.7677170868374,1976.978547787337,-3743.687443323996,2504.950944556225,1521.0255240925244,2049.0776471444274,1181.8807438303766,3225.3028296703287,4146.0425559105415,7482.482142857143,0.2032782030150932,Full-sample source->target 5-fold OOF residual; aggregate row only.
daily_steps,acti,scrf,isotonic,headline,age_group,40-59,2949,-85.6967153510676,-183.3550307219648,2177.9597536986107,-3238.4098888835356,3378.797315018316,1569.5954749348982,2179.2760498492985,1189.605833333333,3305.299446757146,4392.927291148568,7482.482142857143,0.2097693579440414,Full-sample source->target 5-fold OOF residual; aggregate row only.
daily_steps,acti,scrf,isotonic,headline,age_group,60+,2940,593.7903040554844,417.6841270489627,2051.4465223188854,-2225.0230422142245,4042.334669552667,1540.3536867269406,2135.3192546748414,1140.6459468115595,3245.72853037631,4207.064670337301,7482.482142857143,0.2058613248008053,Full-sample source->target 5-fold OOF residual; aggregate row only.
daily_steps,acti,scrf,isotonic,headline,sex,male,4161,-259.9970069762371,-329.0863408521327,2052.0739697437916,-3340.736936507936,2974.6695639701684,1507.329312118614,2068.2345134856905,1157.6801965230543,3163.586542443059,4237.753293650794,7482.482142857143,0.2014477660407818,Full-sample source->target 5-fold OOF residual; aggregate row only.
daily_steps,acti,scrf,isotonic,headline,sex,female,4485,242.10811160369673,143.149603174601,2160.2098945412545,-2964.940674633171,3797.469732769423,1578.338237850113,2173.495492619487,1187.338265306125,3354.6091219047626,4263.786076943777,7482.482142857143,0.2109377887866811,Full-sample source->target 5-fold OOF residual; aggregate row only.
daily_steps,acti,scrf,isotonic,headline,bmi_group,<25,2572,15.229234177161985,-108.82312236287152,2276.9500272552923,-3345.4338973214285,3696.5300700280072,1642.5714909490728,2276.558281515334,1226.858415532879,3490.1214690982797,4661.6245570115625,7482.482142857143,0.2195222734366414,Full-sample source->target 5-fold OOF residual; aggregate row only.
daily_steps,acti,scrf,isotonic,headline,bmi_group,25-<30,2741,-142.1540114429313,-225.31092750533207,2117.7653441519783,-3250.376020408159,3302.3988095238055,1551.6178877963673,2122.145512739906,1194.647766323029,3282.228270676693,4250.653898635477,7482.482142857143,0.2073667344836309,Full-sample source->target 5-fold OOF residual; aggregate row only.
daily_steps,acti,scrf,isotonic,headline,bmi_group,>=30,3246,69.5407151226829,-47.687238914084446,1979.108065257464,-2853.986460290917,3216.3351566876736,1452.7176891216884,1980.024739620224,1121.9558336746154,3068.042901756593,3971.057377852183,7482.482142857143,0.1941491688701814,Full-sample source->target 5-fold OOF residual; aggregate row only.
daily_steps,acti,scrf,isotonic,headline,bmi_group,missing,87,1479.9164170993404,901.3525547445242,2145.986411614844,-753.0592105565121,5942.889391281055,1812.0016140626688,2596.627867856164,1163.5067385444745,4659.130048602115,5942.889391281055,7482.482142857143,0.2421658454330458,Full-sample source->target 5-fold OOF residual; aggregate row only.
daily_steps,acti,scrf,quantile,fullsample_robustness,overall,all,8646,0.8262412635279023,-168.1571428571433,2155.916844144159,-3027.5640771895105,3595.4311688311695,1564.565223514084,2155.7923217489524,1205.1775002021177,3263.032472989192,4228.727290916368,7482.482142857143,0.2090970875229731,Full-sample source->target 5-fold OOF residual; aggregate row only.
daily_steps,acti,scrf,quantile,fullsample_robustness,age_group,20-39,2757,-467.12260990452455,-532.666666666667,2005.0356405410364,-3560.5817460317458,2739.249821214218,1543.3780376027507,2058.3763710700346,1214.954545454544,3289.262954102148,4061.477550958333,7482.482142857143,0.2062655156586074,Full-sample source->target 5-fold OOF residual; aggregate row only.
daily_steps,acti,scrf,quantile,fullsample_robustness,age_group,40-59,2949,-11.049146421111631,-184.9877551020409,2235.7321599263855,-3049.609523809525,3697.7134865134863,1605.783754724387,2235.380368929563,1243.523809523812,3262.2215213358068,4363.483275261325,7482.482142857143,0.2146057583655292,Full-sample source->target 5-fold OOF residual; aggregate row only.
daily_steps,acti,scrf,quantile,fullsample_robustness,age_group,60+,2940,451.5594048527533,183.68571428571704,2116.4776356279144,-2408.3982251082252,4018.25479510073,1543.0889048128467,2163.760579729987,1150.3555231616456,3238.1015873015876,4282.326159911965,7482.482142857143,0.2062268743649319,Full-sample source->target 5-fold OOF residual; aggregate row only.
daily_steps,acti,scrf,quantile,fullsample_robustness,sex,male,4161,-219.5179798234361,-374.95238095238074,2091.301448733928,-3171.57142857143,3160.0129870129867,1541.320020138541,2102.5410372818906,1207.4123533471356,3164.829931972803,4189.900974025983,7482.482142857143,0.2059904709040838,Full-sample source->target 5-fold OOF residual; aggregate row only.
daily_steps,acti,scrf,quantile,fullsample_robustness,sex,female,4485,205.25261895424296,33.67099567099649,2194.7132253713867,-2915.704577183353,3896.451132817804,1586.131174739421,2204.046462038355,1201.207658321061,3322.840589569161,4251.822009419144,7482.482142857143,0.2119792796637087,Full-sample source->target 5-fold OOF residual; aggregate row only.
daily_steps,acti,scrf,quantile,fullsample_robustness,bmi_group,<25,2572,57.93984626345133,-162.21425834701722,2328.8794265812285,-3244.3845634920644,3909.126422936036,1667.5682293251964,2329.14741253062,1263.331233998978,3542.5927678571416,4582.621062925171,7482.482142857143,0.222862974810715,Full-sample source->target 5-fold OOF residual; aggregate row only.
daily_steps,acti,scrf,quantile,fullsample_robustness,bmi_group,25-<30,2741,-96.54258529626128,-269.5993031358903,2150.1283035144124,-3128.5714285714275,3486.093750000002,1577.3021685542767,2151.9027772540835,1206.3949579831915,3255.46057767369,4248.303133753499,7482.482142857143,0.2107993227969125,Full-sample source->target 5-fold OOF residual; aggregate row only.
daily_steps,acti,scrf,quantile,fullsample_robustness,bmi_group,>=30,3246,5.4848804282288315,-115.19956645078491,2002.4224699990964,-2804.463177695319,3302.733289036547,1470.8378473410569,2002.1215146431032,1162.2208333333338,3055.80303030303,3887.372150997152,7482.482142857143,0.196570846312695,Full-sample source->target 5-fold OOF residual; aggregate row only.
daily_steps,acti,scrf,quantile,fullsample_robustness,bmi_group,missing,87,1206.226457492951,351.76714285714286,2151.2677588305164,-1376.6216889880957,5682.489670329669,1615.1786230117607,2455.5529672995085,965.388888888884,4464.451940993789,5682.489670329669,7482.482142857143,0.2158613401508251,Full-sample source->target 5-fold OOF residual; aggregate row only.
daily_steps,acti,scrf,monotone_spline,fullsample_robustness,overall,all,8646,-15.101261531775773,-171.63552346395318,2144.3549682216426,-3037.7115934895196,3556.2360126548606,1559.8260623848655,2144.284132607887,1202.6550187299354,3270.7927612278686,4245.736752900575,7482.482142857143,0.2084637200068552,Full-sample source->target 5-fold OOF residual; aggregate row only.
daily_steps,acti,scrf,monotone_spline,fullsample_robustness,age_group,20-39,2757,-484.6034083608813,-542.4899087855192,2000.673418574648,-3581.7329175194345,2707.39163218886,1542.439933941758,2058.174618834601,1226.269952308464,3303.0110881489527,4068.6108743485943,7482.482142857143,0.2061401423342102,Full-sample source->target 5-fold OOF residual; aggregate row only.
daily_steps,acti,scrf,monotone_spline,fullsample_robustness,age_group,40-59,2949,-34.28510320461349,-208.37646916898893,2211.759351948816,-3059.9897363000987,3609.556242866535,1597.504648199854,2211.650079173205,1237.8806703472892,3269.405885667457,4343.485537372151,7482.482142857143,0.2134992931088848,Full-sample source->target 5-fold OOF residual; aggregate row only.
daily_steps,acti,scrf,monotone_spline,fullsample_robustness,age_group,60+,2940,444.41933979510947,172.8969359512855,2108.7829563487467,-2405.4417661271013,4024.9457386983913,1538.336064612501,2154.7532418474693,1150.204736069898,3242.703585115809,4294.413109766962,7482.482142857143,0.2055916787026365,Full-sample source->target 5-fold OOF residual; aggregate row only.
daily_steps,acti,scrf,monotone_spline,fullsample_robustness,sex,male,4161,-242.75408441671655,-387.86561443990104,2075.949281152937,-3176.3981889830193,3095.764075271807,1536.0043906774438,2089.846707096552,1203.730271228258,3152.3353792263188,4189.687542516876,7482.482142857143,0.2052800609946967,Full-sample source->target 5-fold OOF residual; aggregate row only.
daily_steps,acti,scrf,monotone_spline,fullsample_robustness,sex,female,4485,196.10573869659405,30.68308468352393,2185.041311566822,-2927.2667068566448,3904.643105378959,1581.9268374070696,2193.581196712634,1200.8246577961036,3332.703971774152,4271.094539246546,7482.482142857143,0.21141738893653,Full-sample source->target 5-fold OOF residual; aggregate row only.
daily_steps,acti,scrf,monotone_spline,fullsample_robustness,bmi_group,<25,2572,38.97537799669444,-173.7705767299958,2313.3418770963817,-3234.893410785035,3818.695611044374,1660.8171575089625,2313.220487591354,1262.5715903720634,3511.3492576929243,4545.228002923719,7482.482142857143,0.2219607245029507,Full-sample source->target 5-fold OOF residual; aggregate row only.
daily_steps,acti,scrf,monotone_spline,fullsample_robustness,bmi_group,25-<30,2741,-117.7933409412257,-272.66518781450577,2134.6448604771867,-3148.137818544532,3442.5385471187747,1572.6064977371404,2137.503573304932,1211.3128861521618,3251.379782345115,4229.2497106649735,7482.482142857143,0.2101717675649072,Full-sample source->target 5-fold OOF residual; aggregate row only.
daily_steps,acti,scrf,monotone_spline,fullsample_robustness,bmi_group,>=30,3246,-4.177934668773324,-123.56030680288131,1996.9598916534935,-2827.955690358946,3305.2701808683314,1467.2476418962528,1996.656635868032,1159.8307995287214,3057.016177368947,3904.326024068232,7482.482142857143,0.1960910315431762,Full-sample source->target 5-fold OOF residual; aggregate row only.
daily_steps,acti,scrf,monotone_spline,fullsample_robustness,bmi_group,missing,87,1214.056828086281,419.8897401334832,2153.6829640122637,-1456.0814409677828,5694.856678049824,1625.6798893535645,2461.4974954133663,964.6910734825924,4462.866153664808,5694.856678049824,7482.482142857143,0.2172647870473644,Full-sample source->target 5-fold OOF residual; aggregate row only.
daily_steps,acti,scssl,isotonic,headline,overall,all,8646,0.3381119981436524,-71.1295789302194,2413.437981275465,-3711.684276284772,3931.102324108991,1803.5482495965348,2413.2984312984386,1391.298574595352,3807.7644145846657,4890.003351442125,5813.0,0.3102611817644133,Full-sample source->target 5-fold OOF residual; aggregate row only.
daily_steps,acti,scssl,isotonic,headline,age_group,20-39,2757,124.6270823942296,80.9906084656086,2357.643988332058,-3587.102956384852,3741.061226218379,1748.3408679842116,2360.508621045192,1341.3925499231964,3666.7332857142865,4881.570061794257,5813.0,0.3007639545818358,Full-sample source->target 5-fold OOF residual; aggregate row only.
daily_steps,acti,scssl,isotonic,headline,age_group,40-59,2949,-74.6231697311862,-150.93392857142862,2512.856279661982,-4002.307436723425,4080.0593346440073,1901.9473132770415,2513.5381603350716,1503.4103874883276,4045.794055299541,5114.505235135233,5813.0,0.3271885968135286,Full-sample source->target 5-fold OOF residual; aggregate row only.
daily_steps,acti,scssl,isotonic,headline,age_group,60+,2940,-41.023749077439746,-146.1382606976349,2359.060156323993,-3543.6061559442214,3920.017371768704,1756.6189680697864,2359.0156540259068,1370.9065805093146,3691.661623257693,4638.883560219679,5813.0,0.3021880213435036,Full-sample source->target 5-fold OOF residual; aggregate row only.
daily_steps,acti,scssl,isotonic,headline,sex,male,4161,-505.88370860874454,-504.661683580538,2330.7545387313817,-4096.9836621941595,3183.8419696969713,1774.984557487346,2384.7493559878244,1362.3451809523804,3769.422570314674,4855.1396997929605,5813.0,0.3053474208648453,Full-sample source->target 5-fold OOF residual; aggregate row only.
daily_steps,acti,scssl,isotonic,headline,sex,female,4485,469.9900619524941,350.6223443223462,2394.051143408676,-3216.161761436403,4430.396791383225,1830.048477660377,2439.48634212877,1430.1287029729028,3858.22502029844,4948.702202380953,5813.0,0.3148199686324406,Full-sample source->target 5-fold OOF residual; aggregate row only.
daily_steps,acti,scssl,isotonic,headline,bmi_group,<25,2572,-207.18732328851615,-287.81845930111376,2488.8132225986596,-4019.874758848392,3798.905510875398,1848.9552301410035,2496.940032707923,1431.7731909105842,3927.671199826167,5115.610661729574,5813.0,0.3180724634682614,Full-sample source->target 5-fold OOF residual; aggregate row only.
daily_steps,acti,scssl,isotonic,headline,bmi_group,25-<30,2741,-352.68653275428784,-397.2028439153437,2412.7944793671677,-3998.4059233449498,3454.271456582632,1818.118630091318,2437.999405656408,1408.0654429369506,3826.716783523223,4988.598990599478,5813.0,0.3127676982782243,Full-sample source->target 5-fold OOF residual; aggregate row only.
daily_steps,acti,scssl,isotonic,headline,bmi_group,>=30,3246,418.8715225570217,337.11166056166167,2263.931283677356,-3146.173862811793,4116.926773211846,1742.97379807403,2302.0119949213404,1357.4748306962224,3640.811556976009,4543.438454981082,5813.0,0.2998406671381438,Full-sample source->target 5-fold OOF residual; aggregate row only.
daily_steps,acti,scssl,isotonic,headline,bmi_group,missing,87,1642.1371941772893,1180.8149425287356,2620.674272612876,-1961.4332834884067,6082.333335229924,2262.174717935323,3079.871172893834,1385.968164362519,5225.590528691947,6082.333335229924,5813.0,0.3891578733761092,Full-sample source->target 5-fold OOF residual; aggregate row only.
daily_steps,acti,scssl,quantile,fullsample_robustness,overall,all,8646,0.3300118305456933,-217.04285714285743,2519.426184280068,-3565.986620964174,4319.2344141604035,1869.4335234552505,2519.2805027352065,1454.313140446054,3874.836734693878,5026.745491782554,5813.0,0.3215953076647601,Full-sample source->target 5-fold OOF residual; aggregate row only.
daily_steps,acti,scssl,quantile,fullsample_robustness,age_group,20-39,2757,252.67416201146108,93.82142857142937,2453.813840267035,-3298.042503823234,4318.6051421657585,1807.5871955943417,2466.346006929284,1356.9588377723976,3812.464783910998,4960.7194901178145,5813.0,0.3109559944253124,Full-sample source->target 5-fold OOF residual; aggregate row only.
daily_steps,acti,scssl,quantile,fullsample_robustness,age_group,40-59,2949,55.6204087995371,-159.86122448979495,2635.045020646287,-3733.235459652037,4634.683457610955,1964.6723437709024,2635.1852641791247,1521.6598639455788,4150.5720395071785,5284.145714285714,5813.0,0.3379790716963534,Full-sample source->target 5-fold OOF residual; aggregate row only.
daily_steps,acti,scssl,quantile,fullsample_robustness,age_group,60+,2940,-291.76665575800513,-525.6703634942346,2431.4369836153405,-3650.179868913857,3803.794194334443,1831.8998652245257,2448.4694691158948,1492.8928571428576,3740.2265870521674,4764.014053121246,5813.0,0.3151384595259807,Full-sample source->target 5-fold OOF residual; aggregate row only.
daily_steps,acti,scssl,quantile,fullsample_robustness,sex,male,4161,-432.3557860034915,-604.119302539003,2413.886840575829,-3873.0952380952385,3677.57142857143,1841.537644587676,2452.0156721356916,1456.796536796539,3782.42857142857,4872.969924812032,5813.0,0.3167964294835155,Full-sample source->target 5-fold OOF residual; aggregate row only.
daily_steps,acti,scssl,quantile,fullsample_robustness,sex,female,4485,401.758240322726,130.2903225806449,2548.9310961937103,-3219.3910993221334,4861.478774082508,1895.3141816420907,2580.1183692334184,1452.5660919540242,3973.667307692308,5224.8013873529735,5813.0,0.3260475110342492,Full-sample source->target 5-fold OOF residual; aggregate row only.
daily_steps,acti,scssl,quantile,fullsample_robustness,bmi_group,<25,2572,-128.89528636227865,-413.0425170068029,2626.5345369194474,-3772.101898326898,4324.74803258145,1937.5869273794565,2629.1853192763956,1521.4990015910018,3964.0727472527474,5122.259893948841,5813.0,0.3333196159262784,Full-sample source->target 5-fold OOF residual; aggregate row only.
daily_steps,acti,scssl,quantile,fullsample_robustness,bmi_group,25-<30,2741,-277.986255242469,-480.8571428571431,2533.1837405964875,-3949.6541353383473,4082.1102193686465,1918.326702736749,2547.93153324386,1539.26530612245,4023.4535714285703,5093.828571428573,5813.0,0.3300063139062014,Full-sample source->target 5-fold OOF residual; aggregate row only.
daily_steps,acti,scssl,quantile,fullsample_robustness,bmi_group,>=30,3246,305.7660453489019,111.88705357142771,2375.63931994143,-3103.971611721612,4362.353785469668,1773.730400243595,2394.8729406008197,1361.5371428571434,3673.480158730159,4702.976225490196,5813.0,0.3051316704358498,Full-sample source->target 5-fold OOF residual; aggregate row only.
daily_steps,acti,scssl,quantile,fullsample_robustness,bmi_group,missing,87,1193.2839221580543,298.0831556503199,2550.583808668218,-1847.93926065163,5523.10625,1884.8999446206635,2802.6110464041676,1291.5515873015877,4759.113971742545,5523.10625,5813.0,0.3242559684535805,Full-sample source->target 5-fold OOF residual; aggregate row only.
daily_steps,acti,scssl,monotone_spline,fullsample_robustness,overall,all,8646,-18.518610485661405,-233.60939851278457,2507.626484160912,-3604.95816754354,4263.704855652837,1863.7557980950307,2507.5498456120927,1451.7032573613692,3862.992337186576,5017.8277047798465,5813.0,0.3206185787192552,Full-sample source->target 5-fold OOF residual; aggregate row only.
daily_steps,acti,scssl,monotone_spline,fullsample_robustness,age_group,20-39,2757,232.54883315222216,77.8834805377146,2445.698709891933,-3327.366628766512,4303.459330581294,1802.9984636406853,2456.288173640938,1361.58000296301,3789.010276293504,4912.609596432621,5813.0,0.3101666030691012,Full-sample source->target 5-fold OOF residual; aggregate row only.
daily_steps,acti,scssl,monotone_spline,fullsample_robustness,age_group,40-59,2949,30.088949922465577,-167.4708869208289,2616.14843078842,-3773.4707940270982,4549.26017705835,1953.7648945245544,2615.877881560711,1503.5813524260957,4091.252872397626,5255.79104642955,5813.0,0.3361026826981858,Full-sample source->target 5-fold OOF residual; aggregate row only.
daily_steps,acti,scssl,monotone_spline,fullsample_robustness,age_group,60+,2940,-302.71474577586935,-534.0991189613819,2424.8868621867464,-3654.28334150873,3790.640320541381,1830.4466639861744,2443.299507994375,1499.6877650833562,3722.380515559006,4765.746231146232,5813.0,0.31488846791436,Full-sample source->target 5-fold OOF residual; aggregate row only.
daily_steps,acti,scssl,monotone_spline,fullsample_robustness,sex,male,4161,-459.19096408480544,-614.3423614393059,2396.8393723682334,-3881.739401508381,3605.6291226668054,1836.1901090055392,2440.1464463036114,1452.9558521189356,3780.6552885762576,4871.032036334071,5813.0,0.315876502495362,Full-sample source->target 5-fold OOF residual; aggregate row only.
daily_steps,acti,scssl,monotone_spline,fullsample_robustness,sex,female,4485,390.3192185725411,118.70827672991072,2538.9553537499523,-3206.563642635843,4851.837036627997,1889.330119678391,2568.502692207652,1450.843954637668,3964.169793552903,5208.320792574931,5813.0,0.3250180835503855,Full-sample source->target 5-fold OOF residual; aggregate row only.
daily_steps,acti,scssl,monotone_spline,fullsample_robustness,bmi_group,<25,2572,-149.97594348078783,-419.8754004043458,2604.887524292705,-3791.329436250019,4263.3680901202115,1928.748523195986,2608.695766521185,1505.3010811138518,3945.993545137187,5149.746328918722,5813.0,0.3317991610521221,Full-sample source->target 5-fold OOF residual; aggregate row only.
daily_steps,acti,scssl,monotone_spline,fullsample_robustness,bmi_group,25-<30,2741,-301.42353367666647,-490.7463833414249,2525.156388479803,-3985.659122712232,3929.9125646630673,1913.512022149633,2542.6255373671306,1524.121061474938,3975.230726857313,5118.0740550151895,5813.0,0.3291780530104305,Full-sample source->target 5-fold OOF residual; aggregate row only.
daily_steps,acti,scssl,monotone_spline,fullsample_robustness,bmi_group,>=30,3246,291.9718240266396,94.16123687623804,2366.8331093921142,-3110.0106092986507,4341.710013831864,1769.3443307783991,2384.412029930219,1365.8513092127769,3664.222893640172,4689.380007190064,5813.0,0.3043771427452948,Full-sample source->target 5-fold OOF residual; aggregate row only.
daily_steps,acti,scssl,monotone_spline,fullsample_robustness,bmi_group,missing,87,1196.4090274807888,432.3673035141728,2554.8341784186277,-1901.1143876063636,5534.192659306832,1897.2790603532137,2807.7655189595025,1300.382144412015,4765.019580855003,5534.192659306832,5813.0,0.3263855256069523,Full-sample source->target 5-fold OOF residual; aggregate row only.
daily_steps,acti,vs,isotonic,headline,overall,all,8646,0.6278645157769092,18.822692897123034,1520.8871318879803,-2362.9298601337073,2362.4905050993148,1105.2462258813794,1520.7993057291287,832.8436691971476,2362.834961749765,2996.6473872425677,5559.857142857143,0.1987904000917201,Full-sample source->target 5-fold OOF residual; aggregate row only.
daily_steps,acti,vs,isotonic,headline,age_group,20-39,2757,-279.11985366224013,-203.04218194740633,1408.890511624034,-2597.4897989999013,1864.9557993961887,1053.5602793921648,1436.022420070564,804.9553009883202,2231.9118369107773,2812.510575307046,5559.857142857143,0.1894941276945747,Full-sample source->target 5-fold OOF residual; aggregate row only.
daily_steps,acti,vs,isotonic,headline,age_group,40-59,2949,-20.43400201433317,5.375184439972145,1559.103438446516,-2487.1581394557807,2319.3565251689993,1113.3481881136756,1558.9729951476716,829.1880071383439,2385.9832467532474,3059.421286470142,5559.857142857143,0.2002476249851159,Full-sample source->target 5-fold OOF residual; aggregate row only.
daily_steps,acti,vs,isotonic,headline,age_group,60+,2940,284.08905615322163,294.0683596038907,1532.9919472324,-2036.0374526888336,2722.0804688862745,1145.5882217479516,1558.8366048124728,865.8096155028286,2435.8267213114746,3037.514074074073,5559.857142857143,0.2060463411761777,Full-sample source->target 5-fold OOF residual; aggregate row only.
daily_steps,acti,vs,isotonic,headline,sex,male,4161,-22.16856990828593,3.0070158730154617,1536.7966920800854,-2378.3496598639463,2320.6466039128845,1099.8004067301165,1536.771917943428,813.557545045046,2348.041798941802,3006.1127891156466,5559.857142857143,0.1978109110488659,Full-sample source->target 5-fold OOF residual; aggregate row only.
daily_steps,acti,vs,isotonic,headline,sex,female,4485,21.777466218904102,37.85360902255616,1505.8394700565973,-2361.772040305708,2395.730512684241,1110.298634685929,1505.8290679128952,847.6498809523819,2378.486543848309,2967.2759760874087,5559.857142857143,0.1996991300599065,Full-sample source->target 5-fold OOF residual; aggregate row only.
daily_steps,acti,vs,isotonic,headline,bmi_group,<25,2572,-166.09406007528418,-125.3707964764858,1584.0702836512708,-2652.0166671720613,2290.941679056029,1162.3910064539189,1592.447891314185,874.0444534632024,2466.9566975299467,3187.6540144273313,5559.857142857143,0.2090685024069845,Full-sample source->target 5-fold OOF residual; aggregate row only.
daily_steps,acti,vs,isotonic,headline,bmi_group,25-<30,2741,-74.86505566842679,-46.79855889724331,1530.122325336051,-2478.3018950437345,2328.178618113916,1124.5894830741702,1531.673901034259,849.3553459119494,2407.687114845936,3035.5222312925152,5559.857142857143,0.2022694925748141,Full-sample source->target 5-fold OOF residual; aggregate row only.
daily_steps,acti,vs,isotonic,headline,bmi_group,>=30,3246,180.09511531360928,174.20002267573682,1441.149496420853,-1995.202653242148,2399.212771342769,1043.5858332018108,1452.138521042455,786.0953336101907,2224.263622393402,2796.0089453200753,5559.857142857143,0.187700116457583,Full-sample source->target 5-fold OOF residual; aggregate row only.
daily_steps,acti,vs,isotonic,headline,bmi_group,missing,87,611.9403723703463,444.04133597883583,1391.5400332759534,-1506.734003212395,3031.0448084184113,1107.0093412821566,1512.811091990582,735.8820833333339,2547.817001855288,3031.0448084184113,5559.857142857143,0.1991075153260642,Full-sample source->target 5-fold OOF residual; aggregate row only.
daily_steps,acti,vs,quantile,fullsample_robustness,overall,all,8646,0.7915407413792773,-5.7539329413630185,1545.5614477144595,-2292.8049812030076,2466.8428571428612,1128.416413527398,1545.4722676867625,859.3615611192927,2397.2369897959197,3034.057142857142,5559.857142857143,0.202957807104288,Full-sample source->target 5-fold OOF residual; aggregate row only.
daily_steps,acti,vs,quantile,fullsample_robustness,age_group,20-39,2757,-227.96522579276024,-228.49261083743932,1457.8319430177005,-2473.7064818380177,2087.6490109890096,1093.9577760228842,1475.2868377216998,850.7410714285706,2303.848367346939,2955.5504145468244,5559.857142857143,0.1967600511873426,Full-sample source->target 5-fold OOF residual; aggregate row only.
daily_steps,acti,vs,quantile,fullsample_robustness,age_group,40-59,2949,34.38244564449962,27.43874092009719,1594.5133422464687,-2338.9186813186816,2481.702931921667,1152.8698324891643,1594.6136847936448,867.3116883116891,2439.084425349092,3106.51586953971,5559.857142857143,0.2073560170462794,Full-sample source->target 5-fold OOF residual; aggregate row only.
daily_steps,acti,vs,quantile,fullsample_robustness,age_group,60+,2940,181.61563148128428,152.30605437399663,1549.307143570085,-2110.490599343185,2712.4852665245176,1136.2019002898787,1559.6539411819897,862.0153388278359,2427.2046090967747,3069.3166679342507,5559.857142857143,0.2043581104866299,Full-sample source->target 5-fold OOF residual; aggregate row only.
daily_steps,acti,vs,quantile,fullsample_robustness,sex,male,4161,8.756572347476075,11.857142857144026,1575.5465813325125,-2301.452506265665,2481.4503451938363,1139.0186005214955,1575.381583261389,858.6358363858362,2420.6785714285725,3111.504434162329,5559.857142857143,0.20486472426451,Full-sample source->target 5-fold OOF residual; aggregate row only.
daily_steps,acti,vs,quantile,fullsample_robustness,sex,female,4485,-6.598090588156681,-22.12812960235533,1517.3512720565516,-2279.744897959183,2449.3685281385297,1118.5801370318702,1517.196451367041,862.0588235294108,2379.6087409623533,2986.1021376971853,5559.857142857143,0.2011886471703561,Full-sample source->target 5-fold OOF residual; aggregate row only.
daily_steps,acti,vs,quantile,fullsample_robustness,bmi_group,<25,2572,-133.65146893063368,-146.09170523879675,1611.120335517115,-2530.712520681568,2434.9941185732473,1185.275562241426,1616.3422387133037,904.181078883167,2470.3201360544217,3229.4016714894856,5559.857142857143,0.2131845354631409,Full-sample source->target 5-fold OOF residual; aggregate row only.
daily_steps,acti,vs,quantile,fullsample_robustness,bmi_group,25-<30,2741,-45.75933394319068,-50.25820105820094,1563.024220346197,-2412.0248447204967,2473.8121693121684,1153.3909796079286,1563.4088822711792,889.6027568922291,2443.9638361638363,3107.103296703295,5559.857142857143,0.2074497509508337,Full-sample source->target 5-fold OOF residual; aggregate row only.
daily_steps,acti,vs,quantile,fullsample_robustness,bmi_group,>=30,3246,135.87930640696058,94.3777223389356,1468.4807805105488,-1996.066726791727,2472.063988095239,1065.5941495489317,1474.5286203682967,807.1755817711701,2260.408067538756,2863.569896055437,5559.857142857143,0.1916585484427277,Full-sample source->target 5-fold OOF residual; aggregate row only.
daily_steps,acti,vs,quantile,fullsample_robustness,bmi_group,missing,87,401.808564147664,178.81081081081084,1364.1310526855616,-1424.8099236641228,3138.832698412697,1004.5549509398912,1414.5368606372813,712.8261814231396,2394.801428571429,3138.832698412697,5559.857142857143,0.1806799932315639,Full-sample source->target 5-fold OOF residual; aggregate row only.
daily_steps,acti,vs,monotone_spline,fullsample_robustness,overall,all,8646,-11.759857333302,-11.118743054419896,1542.049633327625,-2299.921070052133,2439.835133302907,1125.8483391191671,1542.005296683751,859.8345826719778,2380.3306647478385,3026.2416671752617,5559.857142857143,0.2024959113500904,Full-sample source->target 5-fold OOF residual; aggregate row only.
daily_steps,acti,vs,monotone_spline,fullsample_robustness,age_group,20-39,2757,-241.96248310535464,-233.5869173599758,1450.7237021651442,-2479.4756655323827,2073.3116317714025,1091.1471502340123,1470.5039059945195,848.1138215158844,2303.2058639814504,2914.296316083154,5559.857142857143,0.1962545299632078,Full-sample source->target 5-fold OOF residual; aggregate row only.
daily_steps,acti,vs,monotone_spline,fullsample_robustness,age_group,40-59,2949,20.634573151727057,21.17334395378384,1592.8949158595203,-2360.3938305107135,2456.800464131255,1150.0666450122,1592.758487783692,868.5159454448476,2440.71637109629,3087.2271243583286,5559.857142857143,0.2068518336824019,Full-sample source->target 5-fold OOF residual; aggregate row only.
daily_steps,acti,vs,monotone_spline,fullsample_robustness,age_group,60+,2940,171.6202323786703,144.97763409970952,1546.46212734738,-2123.401030775098,2690.290225998757,1134.097112478969,1555.694431681028,869.527780945697,2420.618572467308,3056.3809479522174,5559.857142857143,0.2039795418009913,Full-sample source->target 5-fold OOF residual; aggregate row only.
daily_steps,acti,vs,monotone_spline,fullsample_robustness,sex,male,4161,-6.934695121501375,5.316750542280715,1570.146614963337,-2321.0088172474634,2466.7333761640566,1134.4277789124694,1569.9732450566005,850.1111479240869,2400.7635367382527,3070.3066938276224,5559.857142857143,0.2040390157092239,Full-sample source->target 5-fold OOF residual; aggregate row only.
daily_steps,acti,vs,monotone_spline,fullsample_robustness,sex,female,4485,-16.236445953882246,-24.822647548828172,1515.67832914767,-2284.731050111481,2421.42069038695,1117.8886849430398,1515.5963200669432,867.70339811534,2374.04713081749,2970.4183431605375,5559.857142857143,0.2010642820884729,Full-sample source->target 5-fold OOF residual; aggregate row only.
daily_steps,acti,vs,monotone_spline,fullsample_robustness,bmi_group,<25,2572,-146.07830201335736,-150.64575348014023,1609.6120256099734,-2548.764225690212,2373.229019842308,1183.9624200793592,1615.9153486618727,906.7036843444872,2464.972888704708,3219.372507900631,5559.857142857143,0.212948352746872,Full-sample source->target 5-fold OOF residual; aggregate row only.
daily_steps,acti,vs,monotone_spline,fullsample_robustness,bmi_group,25-<30,2741,-60.336901682576034,-52.951509404379976,1558.4187866928692,-2411.7272314534403,2437.881279248366,1150.2097904044772,1559.3022812172546,894.2930993145892,2437.881279248366,3083.8336518499054,5559.857142857143,0.2068775799180693,Full-sample source->target 5-fold OOF residual; aggregate row only.
daily_steps,acti,vs,monotone_spline,fullsample_robustness,bmi_group,>=30,3246,124.7260890978798,87.73848913884558,1463.778331551994,-2001.971809864712,2463.034767210431,1062.4364373650224,1468.8578940132604,804.8554751629563,2269.0806675932267,2840.655025647384,5559.857142857143,0.1910906000039866,Full-sample source->target 5-fold OOF residual; aggregate row only.
daily_steps,acti,vs,monotone_spline,fullsample_robustness,bmi_group,missing,87,397.2440066074611,145.4681890735391,1366.8858772880576,-1422.2614332350374,3099.5494012614363,1006.2032689042868,1415.8757730098928,677.9335450091703,2412.8289307603236,3099.5494012614363,5559.857142857143,0.1809764609144636,Full-sample source->target 5-fold OOF residual; aggregate row only.
daily_steps,acti,vsrev,isotonic,headline,overall,all,8646,1.4371031935958711,-25.41300419250274,1780.7707234831198,-2809.925780957482,2903.856168201505,1362.6056654110346,1780.6683180725513,1082.0077447089952,2855.9025313283214,3563.5856928528992,6301.767857142858,0.2162259379114645,Full-sample source->target 5-fold OOF residual; aggregate row only.
daily_steps,acti,vsrev,isotonic,headline,age_group,20-39,2757,-739.4823170977965,-751.0797101449298,1609.3206680802734,-3440.4659725919373,1857.8847250819097,1389.930344731408,1770.8211978200345,1161.354181184668,2847.496066599051,3590.0362506738534,6301.767857142858,0.2205619718530198,Full-sample source->target 5-fold OOF residual; aggregate row only.
daily_steps,acti,vsrev,isotonic,headline,age_group,40-59,2949,28.49170518953456,-25.20246098439384,1804.5229713550832,-2800.3232461915213,2992.254488095239,1367.9244229086478,1804.4419429640925,1064.5581594435516,2910.0159492296902,3593.7892350956117,6301.767857142858,0.2170699482936598,Full-sample source->target 5-fold OOF residual; aggregate row only.
daily_steps,acti,vsrev,isotonic,headline,age_group,60+,2940,669.1006475668426,553.1977230576446,1634.409901972219,-1893.200756275029,3373.5051287427827,1331.6467685584046,1765.809389557719,1036.3471809569023,2822.4983341995194,3504.749403490364,6301.767857142858,0.2113132058727019,Full-sample source->target 5-fold OOF residual; aggregate row only.
daily_steps,acti,vsrev,isotonic,headline,sex,male,4161,-8.599504471322831,-62.44778516057522,1752.7816364867529,-2730.6835193452425,2903.9260055478508,1339.706556978471,1752.592101461369,1073.749465148378,2823.783148404993,3535.9462365591335,6301.767857142858,0.2125921784725782,Full-sample source->target 5-fold OOF residual; aggregate row only.
daily_steps,acti,vsrev,isotonic,headline,sex,female,4485,10.748658264660916,2.1590804597708484,1806.495505545288,-2874.152605820106,2901.973760630005,1383.8505238698735,1806.3260818556755,1092.3809827115556,2886.5944342041157,3576.6214231907443,6301.767857142858,0.2195971916517556,Full-sample source->target 5-fold OOF residual; aggregate row only.
daily_steps,acti,vsrev,isotonic,headline,bmi_group,<25,2572,-252.4720151537114,-282.58282644226483,1885.0267085476312,-3206.63711201791,2856.202364536081,1473.7805374807065,1901.4957976558344,1193.3981599571423,3050.9018133820723,3680.242257922282,6301.767857142858,0.2338677924814736,Full-sample source->target 5-fold OOF residual; aggregate row only.
daily_steps,acti,vsrev,isotonic,headline,bmi_group,25-<30,2741,-7.50267663387789,-72.91935483870839,1825.4609925270736,-2831.2008556547626,2996.3627619047656,1402.3075178884742,1825.1433911744616,1117.6462025316468,2924.3331456720616,3668.506251591547,6301.767857142858,0.2225260513681097,Full-sample source->target 5-fold OOF residual; aggregate row only.
daily_steps,acti,vsrev,isotonic,headline,bmi_group,>=30,3246,193.79676906964892,152.92480114579757,1627.148718740806,-2381.356828268589,2856.0447493734337,1244.1138341007909,1638.3999775941331,964.4784222345272,2632.333670006464,3326.520272269377,6301.767857142858,0.1974229870576121,Full-sample source->target 5-fold OOF residual; aggregate row only.
daily_steps,acti,vsrev,isotonic,headline,bmi_group,missing,87,612.4567981672936,362.0457875457875,1664.574238554397,-1733.8931206942664,4013.188540613639,1246.0532036776185,1764.6706107403274,868.6816137566138,2823.3039348957104,4013.188540613639,6301.767857142858,0.197730737139937,Full-sample source->target 5-fold OOF residual; aggregate row only.
daily_steps,acti,vsrev,quantile,fullsample_robustness,overall,all,8646,0.7724391884485535,-97.40805693226616,1797.5749184575254,-2716.909642857144,3073.903246753249,1375.605759439728,1797.4711272882946,1112.9613310431014,2881.9265821109334,3539.465428209516,6301.767857142858,0.2182888660172592,Full-sample source->target 5-fold OOF residual; aggregate row only.
daily_steps,acti,vsrev,quantile,fullsample_robustness,age_group,20-39,2757,-673.9465188169653,-771.876447876447,1633.4248955893509,-3194.0990167021146,2076.098093788507,1408.1835813676464,1766.723819201267,1198.538461538461,2846.858441558443,3447.3453248443157,6301.767857142858,0.2234584982008682,Full-sample source->target 5-fold OOF residual; aggregate row only.
daily_steps,acti,vsrev,quantile,fullsample_robustness,age_group,40-59,2949,95.49003682313992,-21.347402597401924,1846.0728355214392,-2679.748809523809,3221.99941286087,1408.4339125435272,1848.2282381558232,1123.8371428571436,2981.927250900362,3631.604781341108,6301.767857142858,0.2234982221611212,Full-sample source->target 5-fold OOF residual; aggregate row only.
daily_steps,acti,vsrev,quantile,fullsample_robustness,age_group,60+,2940,538.4860350375034,341.9306418219454,1690.8767257504658,-1978.420822167251,3412.1973389355776,1312.1270932634093,1774.276991011308,1002.5001098901098,2850.580555555555,3571.1194444444404,6301.767857142858,0.2082157139089397,Full-sample source->target 5-fold OOF residual; aggregate row only.
daily_steps,acti,vsrev,quantile,fullsample_robustness,sex,male,4161,20.431559645238657,-105.57026713124196,1792.73093727293,-2653.42857142857,3123.305555555558,1371.3788151681342,1792.6319419873616,1116.2714285714285,2876.3485714285707,3592.5714285714275,6301.767857142858,0.2176181107042397,Full-sample source->target 5-fold OOF residual; aggregate row only.
daily_steps,acti,vsrev,quantile,fullsample_robustness,sex,female,4485,-17.46649062664701,-87.28571428571377,1802.0653606069368,-2773.709168443496,3002.81698315658,1379.5273458642766,1801.949104553684,1109.2207792207791,2885.6160260087972,3513.382988267775,6301.767857142858,0.2189111654280671,Full-sample source->target 5-fold OOF residual; aggregate row only.
daily_steps,acti,vsrev,quantile,fullsample_robustness,bmi_group,<25,2572,-214.06438727539805,-312.09696115288125,1890.1875636629563,-3073.643739495799,3022.3801447009805,1478.8219428644463,1901.9052212679012,1222.975698260073,3055.1666175115206,3685.8582092728698,6301.767857142858,0.2346677910688581,Full-sample source->target 5-fold OOF residual; aggregate row only.
daily_steps,acti,vsrev,quantile,fullsample_robustness,bmi_group,25-<30,2741,25.46171429833496,-118.21135029354082,1848.5075627241508,-2665.2711864406783,3210.263083451203,1415.9745189125076,1848.345717187225,1150.428571428572,2928.7530864197515,3678.314285714285,6301.767857142858,0.2246948080303441,Full-sample source->target 5-fold OOF residual; aggregate row only.
daily_steps,acti,vsrev,quantile,fullsample_robustness,bmi_group,>=30,3246,140.3042220616216,22.046652222532884,1661.1613300721451,-2389.205357142858,2954.469296375267,1265.4533284826573,1666.8209649763794,1003.6987301587296,2696.7551020408155,3339.6198979591823,6301.767857142858,0.2008092581589316,Full-sample source->target 5-fold OOF residual; aggregate row only.
daily_steps,acti,vsrev,quantile,fullsample_robustness,bmi_group,missing,87,368.2074665734493,21.95093795093794,1657.955510148326,-1875.9324036281175,3794.5766602316608,1162.1804422372602,1689.0226820326304,812.3849206349204,2749.023015873017,3794.5766602316608,6301.767857142858,0.1844213351845331,Full-sample source->target 5-fold OOF residual; aggregate row only.
daily_steps,acti,vsrev,monotone_spline,fullsample_robustness,overall,all,8646,-9.269878151539707,-103.54851132709518,1794.6627825638611,-2722.2682695414755,3058.1533557717366,1374.5234972553517,1794.582935670402,1110.056821464193,2883.0960764713736,3524.3591645776505,6301.767857142858,0.2181171265611398,Full-sample source->target 5-fold OOF residual; aggregate row only.
daily_steps,acti,vsrev,monotone_spline,fullsample_robustness,age_group,20-39,2757,-684.8500449965209,-784.400484221318,1631.5937696045758,-3252.045077912328,2071.1191701202206,1410.286641525273,1769.2236250002943,1196.3052093248743,2827.189159396076,3474.4557840105376,6301.767857142858,0.2237922236260666,Full-sample source->target 5-fold OOF residual; aggregate row only.
daily_steps,acti,vsrev,monotone_spline,fullsample_robustness,age_group,40-59,2949,81.35018486275119,-29.42393892558539,1839.9381268362492,-2673.9943352366895,3177.98659020938,1405.1695291707797,1841.423957209586,1118.2747860760264,2964.4517089805745,3600.127599142967,6301.767857142858,0.2229802114303629,Full-sample source->target 5-fold OOF residual; aggregate row only.
daily_steps,acti,vsrev,monotone_spline,fullsample_robustness,age_group,60+,2940,533.3613987744702,341.47606452698506,1688.4720440461035,-2011.6987601837773,3386.777644485875,1310.2465799523684,1770.4356860610296,1004.2767109460442,2845.955097773881,3554.692073340542,6301.767857142858,0.2079173034702071,Full-sample source->target 5-fold OOF residual; aggregate row only.
daily_steps,acti,vsrev,monotone_spline,fullsample_robustness,sex,male,4161,8.035155800719098,-115.1494311193619,1787.8699669783057,-2654.5234891554173,3116.633862804739,1368.7498575477175,1787.6731756212089,1107.005010740664,2865.1500690395424,3563.634872577655,6301.767857142858,0.2172009329090538,Full-sample source->target 5-fold OOF residual; aggregate row only.
daily_steps,acti,vsrev,monotone_spline,fullsample_robustness,sex,female,4485,-25.324782560759083,-97.19745765225888,1800.9925488033675,-2785.4035222334055,2988.822084470012,1379.8800445961465,1800.9698222113263,1114.6597880356585,2892.1495180140323,3517.5673784278856,6301.767857142858,0.2189671336483928,Full-sample source->target 5-fold OOF residual; aggregate row only.
daily_steps,acti,vsrev,monotone_spline,fullsample_robustness,bmi_group,<25,2572,-224.43354456193475,-319.2383474299086,1890.4405034354409,-3098.139388141182,2992.2792181050186,1479.2355722245634,1903.35131389706,1221.880734872214,3055.9837194030033,3716.274239222232,6301.767857142858,0.2347334281042891,Full-sample source->target 5-fold OOF residual; aggregate row only.
daily_steps,acti,vsrev,monotone_spline,fullsample_robustness,bmi_group,25-<30,2741,12.324894734389494,-131.11384720763365,1840.669860044911,-2703.905604438545,3157.4657199686044,1413.1701153162326,1840.3753333383731,1144.959029701191,2923.9693996022893,3649.819952336888,6301.767857142858,0.2242497894800184,Full-sample source->target 5-fold OOF residual; aggregate row only.
daily_steps,acti,vsrev,monotone_spline,fullsample_robustness,bmi_group,>=30,3246,132.888333427466,18.98534783663712,1659.5979675534686,-2390.754010911748,2960.2280099537807,1264.5168958897957,1664.6549830120323,999.985536058166,2690.824785999847,3320.177196676145,6301.767857142858,0.2006606597633559,Full-sample source->target 5-fold OOF residual; aggregate row only.
daily_steps,acti,vsrev,monotone_spline,fullsample_robustness,bmi_group,missing,87,367.32923382261646,25.735497698130956,1658.7076665304671,-1874.1427450373392,3781.330704633281,1165.6912111278202,1689.5613700738927,843.5511234499716,2747.9580556514607,3781.330704633281,6301.767857142858,0.1849784437563096,Full-sample source->target 5-fold OOF residual; aggregate row only.
daily_steps,adept,acti,isotonic,headline,overall,all,8646,-2.72293101288427,208.63372710622843,2675.983425186683,-4606.780159216463,4032.487916235333,2047.1005133488743,2675.8300534578443,1632.7686486193024,4270.847558026704,5275.400427102659,5482.084523809524,0.3734164448683719,Full-sample source->target 5-fold OOF residual; aggregate row only.
daily_steps,adept,acti,isotonic,headline,age_group,20-39,2757,-80.26694476975719,138.21676639241923,2761.1449004158508,-5097.773137467304,4063.360813807649,2140.1375453468554,2761.810755189938,1729.634593382807,4508.358103363736,5415.308712139174,5482.084523809524,0.3903875498547885,Full-sample source->target 5-fold OOF residual; aggregate row only.
daily_steps,adept,acti,isotonic,headline,age_group,40-59,2949,-130.91889143357125,158.0889416231621,2839.4552973855025,-5017.81714041514,3996.965972435681,2169.3135431666515,2841.990880034598,1757.721250262217,4364.338765432095,5465.018181092125,5482.084523809524,0.3957096126017382,Full-sample source->target 5-fold OOF residual; aggregate row only.
daily_steps,adept,acti,isotonic,headline,age_group,60+,2940,198.58276055456625,298.3079004329006,2400.939199928262,-3700.6249487014857,4045.4680616153505,1837.267410576405,2408.730669290466,1439.1299829931968,3878.9266556272337,4844.837910391686,5482.084523809524,0.3351402924557025,Full-sample source->target 5-fold OOF residual; aggregate row only.
daily_steps,adept,acti,isotonic,headline,sex,male,4161,247.45737298805267,569.2814432989744,2792.6872808874227,-4743.697079613095,4327.910208975675,2164.0258345319876,2803.295037387801,1756.452526268722,4488.442997198881,5450.77135126778,5482.084523809524,0.3947450691672657,Full-sample source->target 5-fold OOF residual; aggregate row only.
daily_steps,adept,acti,isotonic,headline,sex,female,4485,-234.8300090391716,-85.33962980540855,2541.341670152496,-4426.784826782826,3673.22914588731,1938.6219712211291,2551.8860894836957,1537.875490196075,4069.672961895247,5084.694653386047,5482.084523809524,0.3536286175087961,Full-sample source->target 5-fold OOF residual; aggregate row only.
daily_steps,adept,acti,isotonic,headline,bmi_group,<25,2572,58.83195077843466,303.85860421385223,2818.0281599286777,-4910.830708741128,4259.7411295111815,2145.6556243296955,2818.094448045544,1688.5140602300862,4548.919980172298,5510.2856904841265,5482.084523809524,0.3913941156891667,Full-sample source->target 5-fold OOF residual; aggregate row only.
daily_steps,adept,acti,isotonic,headline,bmi_group,25-<30,2741,24.85389428114787,249.5696035242272,2768.2288959627376,-4970.831468732069,4125.92674638137,2125.994488812309,2767.8354734742097,1715.0763023330182,4364.9938271604915,5497.423661229195,5482.084523809524,0.3878076814720372,Full-sample source->target 5-fold OOF residual; aggregate row only.
daily_steps,adept,acti,isotonic,headline,bmi_group,>=30,3246,-69.66956813145806,102.32770326814445,2490.674002346213,-4192.021715635487,3762.837740198006,1918.017125431732,2491.264684163079,1548.443164767791,3986.220426416211,4834.783826264881,5482.084523809524,0.3498700388696111,Full-sample source->target 5-fold OOF residual; aggregate row only.
daily_steps,adept,acti,isotonic,headline,bmi_group,missing,87,-193.5097127522392,-101.55422247023851,1965.3991655048392,-4566.810500781393,2546.5948982662094,1464.026317844221,1963.629282487934,1067.7219742063537,3361.333937728939,4685.059104036949,5482.084523809524,0.2670565022275254,Full-sample source->target 5-fold OOF residual; aggregate row only.
daily_steps,adept,acti,quantile,fullsample_robustness,overall,all,8646,0.1096739715130075,-57.04882529896895,2889.441174541281,-4518.065665680066,4836.768636645651,2182.841239548035,2889.274074799575,1682.4872780182127,4668.948116663109,5801.6070750260005,5482.084523809524,0.3981772316839744,Full-sample source->target 5-fold OOF residual; aggregate row only.
daily_steps,adept,acti,quantile,fullsample_robustness,age_group,20-39,2757,49.858623266518805,50.98853508721186,2948.1351303953725,-4717.35621104984,4885.951046841044,2249.030696849958,2948.022067125414,1741.421115514002,4822.771716973402,5823.488327876481,5482.084523809524,0.4102510070908386,Full-sample source->target 5-fold OOF residual; aggregate row only.
daily_steps,adept,acti,quantile,fullsample_robustness,age_group,40-59,2949,57.59017396985866,112.46729147469888,3046.5056399166597,-4662.546544578725,5003.360378650223,2315.490247827034,3046.533440974965,1822.9904341180952,4834.10365181139,6102.241201493324,5482.084523809524,0.4223740509236057,Full-sample source->target 5-fold OOF residual; aggregate row only.
daily_steps,adept,acti,quantile,fullsample_robustness,age_group,60+,2940,-104.19911776367483,-237.487732296584,2661.1187930563415,-4124.24307353739,4578.796779070498,1987.7166615901556,2662.7057658189124,1528.6526940888234,4382.4756202818635,5543.681668680632,5482.084523809524,0.3625840960600298,Full-sample source->target 5-fold OOF residual; aggregate row only.
daily_steps,adept,acti,quantile,fullsample_robustness,sex,male,4161,461.2180058105076,407.6387093061112,2925.424759604728,-4220.951652875188,5281.852101980792,2219.6605325897895,2961.2118008368043,1696.872960977169,4809.822052164533,5972.1238440886755,5482.084523809524,0.4048935259844074,Full-sample source->target 5-fold OOF residual; aggregate row only.
daily_steps,adept,acti,quantile,fullsample_robustness,sex,female,4485,-427.6878218550325,-490.08964640876366,2788.5937362678133,-4775.44576529299,4291.201383290234,2148.681801789566,2820.8931321106434,1670.308533211155,4556.407029682307,5695.73158588946,5482.084523809524,0.3919461278748102,Full-sample source->target 5-fold OOF residual; aggregate row only.
daily_steps,adept,acti,quantile,fullsample_robustness,bmi_group,<25,2572,198.34021490885448,152.33802302654476,3039.316007815491,-4612.7096814266615,5146.976660970314,2291.491250285617,3045.191142745836,1789.1608257281596,4970.699387837132,6177.757313465326,5482.084523809524,0.4179963370380961,Full-sample source->target 5-fold OOF residual; aggregate row only.
daily_steps,adept,acti,quantile,fullsample_robustness,bmi_group,25-<30,2741,164.80881155585303,106.64356260836212,2978.171723749821,-4544.237743538224,5141.722819787354,2260.5532609516004,2982.185925659048,1754.7208015551878,4878.364365335479,6060.0141448303075,5482.084523809524,0.4123528652529297,Full-sample source->target 5-fold OOF residual; aggregate row only.
daily_steps,adept,acti,quantile,fullsample_robustness,bmi_group,>=30,3246,-280.081319022212,-302.1616081461698,2678.027695231241,-4462.204879228642,4210.106484292453,2046.6427591417605,2692.2236988671248,1599.803990304667,4353.001519746144,5281.113520923714,5482.084523809524,0.3733329448411239,Full-sample source->target 5-fold OOF residual; aggregate row only.
daily_steps,adept,acti,quantile,fullsample_robustness,bmi_group,missing,87,-595.169913981209,-451.8587965404435,2130.602045827482,-4821.525295719062,2929.09873411495,1604.0342178760898,2200.3441877758664,1061.4758813980916,3998.803178156359,5179.033373628772,5482.084523809524,0.2925956743113912,Full-sample source->target 5-fold OOF residual; aggregate row only.
daily_steps,adept,acti,monotone_spline,fullsample_robustness,overall,all,8646,4.7687543679384365,-52.98320579977008,2885.4452740064858,-4525.624318303981,4859.402707193192,2182.6165490956905,2885.282344141679,1683.229419988922,4676.127850294962,5815.054214869864,5482.084523809524,0.398136245367297,Full-sample source->target 5-fold OOF residual; aggregate row only.
daily_steps,adept,acti,monotone_spline,fullsample_robustness,age_group,20-39,2757,52.260921883321224,56.59764979129432,2945.744690060567,-4726.407036210471,4878.571649423542,2249.369959487419,2945.6740437635553,1745.970383402775,4833.242945363206,5827.032297678504,5482.084523809524,0.410312892790701,Full-sample source->target 5-fold OOF residual; aggregate row only.
daily_steps,adept,acti,monotone_spline,fullsample_robustness,age_group,40-59,2949,61.59496731116515,123.67915558731512,3038.149554256296,-4673.006356791265,4977.458664238649,2315.78489675189,3038.258820424526,1829.195164968447,4843.600136425029,6065.843555475658,5482.084523809524,0.4224277985306656,Full-sample source->target 5-fold OOF residual; aggregate row only.
daily_steps,adept,acti,monotone_spline,fullsample_robustness,age_group,60+,2940,-96.76743876453978,-226.17684918625355,2660.5900131774356,-4125.941087062945,4623.956601871751,1986.4421920589127,2661.896959124562,1531.3870145086144,4371.751339237589,5599.915504799893,5482.084523809524,0.3623516170594402,Full-sample source->target 5-fold OOF residual; aggregate row only.
daily_steps,adept,acti,monotone_spline,fullsample_robustness,sex,male,4161,465.93194020086935,416.68742144395947,2915.5269923763763,-4220.628088393209,5291.3216641428735,2218.6079945836454,2952.1767166727323,1699.9723860452575,4824.815072639883,5970.033480963562,5482.084523809524,0.4047015300380529,Full-sample source->target 5-fold OOF residual; aggregate row only.
daily_steps,adept,acti,monotone_spline,fullsample_robustness,sex,female,4485,-423.07963275599144,-484.1410499631857,2790.21684877608,-4770.517242970872,4309.720911550882,2149.2251545192403,2821.80271878817,1665.261989409575,4539.001067128065,5715.940925787131,5482.084523809524,0.3920452421309502,Full-sample source->target 5-fold OOF residual; aggregate row only.
daily_steps,adept,acti,monotone_spline,fullsample_robustness,bmi_group,<25,2572,202.7091103081413,161.96292339786578,3034.831299959285,-4584.934036991136,5142.852160693116,2290.718576066972,3041.0049413869974,1788.0254066953912,4958.33612186741,6183.823396504205,5482.084523809524,0.417855391706938,Full-sample source->target 5-fold OOF residual; aggregate row only.
daily_steps,adept,acti,monotone_spline,fullsample_robustness,bmi_group,25-<30,2741,168.3212020819715,104.79244106974876,2970.8198983061893,-4551.589937840463,5148.395060710796,2261.2209788877617,2975.0433586980157,1748.4749302084056,4876.139609270134,6056.285247207579,5482.084523809524,0.4124746652604381,Full-sample source->target 5-fold OOF residual; aggregate row only.
daily_steps,adept,acti,monotone_spline,fullsample_robustness,bmi_group,>=30,3246,-274.41470901435287,-292.7307258115634,2677.6447962293655,-4453.187439608557,4259.399023863161,2046.0613844504876,2691.2592372540325,1595.2765050898606,4351.890763640391,5313.463786301697,5482.084523809524,0.3732268949090684,Full-sample source->target 5-fold OOF residual; aggregate row only.
daily_steps,adept,acti,monotone_spline,fullsample_robustness,bmi_group,missing,87,-583.3959872808995,-465.4663260690786,2133.1258514282204,-4842.356157409261,2959.002524192385,1605.2017101086294,2199.607994371501,1076.0385139856426,4013.0373508393222,5178.661722712764,5482.084523809524,0.2928086393299838,Full-sample source->target 5-fold OOF residual; aggregate row only.
daily_steps,adept,oak,isotonic,headline,overall,all,8646,-4.835421751078958,202.2898791887096,3034.0180221803125,-5284.869632052274,4526.476632863357,2255.7842322608744,3033.846412617419,1736.423888561831,4834.740688582252,6046.819177725261,6887.578571428576,0.3275148455828061,Full-sample source->target 5-fold OOF residual; aggregate row only.
daily_steps,adept,oak,isotonic,headline,age_group,20-39,2757,-510.1230584463422,-207.70243888889308,3195.8163206148447,-6144.642684395607,4317.4553730233865,2460.247895236834,3235.7013170683927,1939.002877817804,5238.898102190801,6420.8319326773,6887.578571428576,0.3572007011930966,Full-sample source->target 5-fold OOF residual; aggregate row only.
daily_steps,adept,oak,isotonic,headline,age_group,40-59,2949,-155.80285725266674,162.0927273090456,3226.928205896589,-5809.933591871845,4446.908308941982,2412.149184679788,3230.14072860792,1899.7082963620196,4921.694737928929,6386.750088206822,6887.578571428576,0.3502173020117687,Full-sample source->target 5-fold OOF residual; aggregate row only.
daily_steps,adept,oak,isotonic,headline,age_group,60+,2940,620.4302182703575,466.95975057295743,2530.089525835863,-3524.153658865978,4808.511601959668,1907.20376848261,2604.6322837460166,1402.62753529341,4324.545719018484,5385.231686452831,6887.578571428576,0.2769048292812477,Full-sample source->target 5-fold OOF residual; aggregate row only.
daily_steps,adept,oak,isotonic,headline,sex,male,4161,434.5669537450724,709.9267583774254,3117.681413995158,-5029.114324016555,4912.479382613509,2385.3273858406696,3147.451329977027,1901.2523185940972,4961.5161603760735,6066.141386666666,6887.578571428576,0.3463230743726994,Full-sample source->target 5-fold OOF residual; aggregate row only.
daily_steps,adept,oak,isotonic,headline,sex,female,4485,-412.49501694382946,-179.34116071428434,2895.59059526963,-5453.570295794649,4059.78488907075,2135.59938007681,2924.5046748072,1580.140231958766,4658.926626898275,6042.479744463405,6887.578571428576,0.3100653383376007,Full-sample source->target 5-fold OOF residual; aggregate row only.
daily_steps,adept,oak,isotonic,headline,bmi_group,<25,2572,40.22566751479468,312.87478302067143,3277.0614774622813,-5599.484980569852,4772.049921342127,2426.746869902989,3276.6712728283364,1874.1526386694704,5155.291201634394,6489.179851161455,6887.578571428576,0.3523367239641738,Full-sample source->target 5-fold OOF residual; aggregate row only.
daily_steps,adept,oak,isotonic,headline,bmi_group,25-<30,2741,59.14725672617217,332.48157142857053,3130.848031135743,-5467.925235956654,4580.420947350767,2344.146936587569,3130.8356150591326,1820.2943276190508,5004.953059678417,6322.374651107975,6887.578571428576,0.3403441299837487,Full-sample source->target 5-fold OOF residual; aggregate row only.
daily_steps,adept,oak,isotonic,headline,bmi_group,>=30,3246,-96.74119187454092,17.452930735930636,2756.530242508085,-4743.289264269082,4143.8954733114115,2068.093511513862,2757.8029239995244,1597.4018739377748,4413.249622130101,5541.647257791328,6887.578571428576,0.3002642351105566,Full-sample source->target 5-fold OOF residual; aggregate row only.
daily_steps,adept,oak,isotonic,headline,bmi_group,missing,87,76.22764172921116,62.8057142857142,2182.7138575311496,-3230.8345627415647,4165.109803556088,1420.4509330633311,2171.4716347205986,718.2910690943027,4100.078008312879,4742.79633097509,6887.578571428576,0.2062337174570642,Full-sample source->target 5-fold OOF residual; aggregate row only.
daily_steps,adept,oak,quantile,fullsample_robustness,overall,all,8646,0.2149015735718248,-70.07905894808087,3252.4125951430897,-5132.659720851105,5389.0854610059105,2384.624672645252,3252.224509099352,1765.8271305504031,5252.50170376144,6737.436780967139,6887.578571428576,0.3462210482123979,Full-sample source->target 5-fold OOF residual; aggregate row only.
daily_steps,adept,oak,quantile,fullsample_robustness,age_group,20-39,2757,-419.13032583667706,-449.2845961190296,3417.411993257026,-6031.312944451572,5277.341426729814,2604.6139539704577,3442.4030767134836,1997.207710984287,5614.667823081569,6905.614553830097,6887.578571428576,0.3781610513708051,Full-sample source->target 5-fold OOF residual; aggregate row only.
daily_steps,adept,oak,quantile,fullsample_robustness,age_group,40-59,2949,12.942553869164763,41.3915675321914,3441.7212207312937,-5210.866719915888,5489.377578041477,2561.2791009583484,3441.161970068443,1945.2183009212824,5420.735765483971,7112.369594096008,6887.578571428576,0.3718693114563055,Full-sample source->target 5-fold OOF residual; aggregate row only.
daily_steps,adept,oak,quantile,fullsample_robustness,age_group,60+,2940,380.6914135975013,60.36359859575299,2823.5299104169017,-3729.956230818894,5478.919495203433,2001.133394512968,2848.6023649403032,1385.6385801423423,4570.706394086193,5997.427915234116,6887.578571428576,0.2905423689559314,Full-sample source->target 5-fold OOF residual; aggregate row only.
daily_steps,adept,oak,quantile,fullsample_robustness,sex,male,4161,658.805309077603,523.517398160282,3252.5316012303824,-4641.40517036565,6072.552305223297,2421.247196644767,3318.198885503919,1804.9148282654105,5369.437604746621,6849.330397863881,6887.578571428576,0.3515382324186784,Full-sample source->target 5-fold OOF residual; aggregate row only.
daily_steps,adept,oak,quantile,fullsample_robustness,sex,female,4485,-610.7984062579274,-615.3317646029554,3131.1197397846768,-5588.649324043164,4571.896242046501,2350.647789175467,3189.7961666323135,1743.655704695393,5143.1251677977325,6622.576401908246,6887.578571428576,0.3412879816611531,Full-sample source->target 5-fold OOF residual; aggregate row only.
daily_steps,adept,oak,quantile,fullsample_robustness,bmi_group,<25,2572,169.03832660986336,96.11117719422174,3522.9215288981222,-5228.488815093362,6000.24373422687,2572.7947821188804,3526.290492322926,1916.0430869449465,5644.85020468644,7205.155547166277,6887.578571428576,0.3735412606095684,Full-sample source->target 5-fold OOF residual; aggregate row only.
daily_steps,adept,oak,quantile,fullsample_robustness,bmi_group,25-<30,2741,201.2589224109264,153.06173243740704,3328.3990695395946,-5228.197441961836,5657.865778627959,2464.0556332747733,3333.8721993515064,1839.7241901012676,5452.5339503263185,6932.280534725092,6887.578571428576,0.3577535425143898,Full-sample source->target 5-fold OOF residual; aggregate row only.
daily_steps,adept,oak,quantile,fullsample_robustness,bmi_group,>=30,3246,-298.7886009415207,-335.29389560429763,2949.8543475686984,-5020.669854972083,4736.330730673295,2192.2641834665997,2964.4956691934776,1620.9596311789949,4898.589705700984,6011.1892601064665,6887.578571428576,0.3182924391687767,Full-sample source->target 5-fold OOF residual; aggregate row only.
daily_steps,adept,oak,quantile,fullsample_robustness,bmi_group,missing,87,-168.8671805475819,-184.6060975982811,2342.299732307172,-3736.549013302285,4045.211409327336,1496.2150545097704,2334.913801207554,840.8974920564408,3938.19568009324,5390.024370479143,6887.578571428576,0.2172338273884018,Full-sample source->target 5-fold OOF residual; aggregate row only.
daily_steps,adept,oak,monotone_spline,fullsample_robustness,overall,all,8646,-9.059565366913477,-68.22134543401535,3234.8738302348397,-5133.548282334751,5370.867387087898,2376.3955862894577,3234.699438177734,1762.9451865078636,5243.722227158928,6732.460356503227,6887.578571428576,0.345026276164362,Full-sample source->target 5-fold OOF residual; aggregate row only.
daily_steps,adept,oak,monotone_spline,fullsample_robustness,age_group,20-39,2757,-432.119720813498,-447.6880479190604,3397.6714643659934,-6018.917580643107,5223.246004838911,2594.8116680415887,3424.428654646601,1996.9562495408643,5586.25646337301,6844.5930821341635,6887.578571428576,0.3767378681973264,Full-sample source->target 5-fold OOF residual; aggregate row only.
daily_steps,adept,oak,monotone_spline,fullsample_robustness,age_group,40-59,2949,-1.2589188395051276,34.53941698954077,3420.6836441626106,-5202.359755817188,5451.06630877202,2552.6640486488245,3420.1038531973695,1937.043314202605,5379.718301995415,7081.250785081694,6887.578571428576,0.3706185014335695,Full-sample source->target 5-fold OOF residual; aggregate row only.
daily_steps,adept,oak,monotone_spline,fullsample_robustness,age_group,60+,2940,379.84272781570775,68.06792518449856,2810.5677073097104,-3753.746061039027,5472.202851922029,1994.7667315655128,2835.6453412986057,1377.603453758049,4540.4981073725185,5993.489686804718,6887.578571428576,0.2896180001256627,Full-sample source->target 5-fold OOF residual; aggregate row only.
daily_steps,adept,oak,monotone_spline,fullsample_robustness,sex,male,4161,643.1894398640975,529.6285194101517,3227.6122079795773,-4648.107227450439,6034.670918460988,2410.1660547832694,3290.694397907462,1804.1219673746257,5363.31526070152,6812.092521924969,6887.578571428576,0.3499293735509965,Full-sample source->target 5-fold OOF residual; aggregate row only.
daily_steps,adept,oak,monotone_spline,fullsample_robustness,sex,female,4485,-614.1895789156843,-613.6344424756326,3122.3760503582635,-5571.467957717355,4550.345749959356,2345.06472354637,3181.8685228728286,1737.1945732106217,5136.211446720144,6556.03924443196,6887.578571428576,0.3404773824685345,Full-sample source->target 5-fold OOF residual; aggregate row only.
daily_steps,adept,oak,monotone_spline,fullsample_robustness,bmi_group,<25,2572,157.88064737870195,96.09041551109648,3505.431686498128,-5224.742412165509,5918.859007135801,2563.8276290696404,3508.3044312881693,1900.2570505364336,5637.324664148899,7199.452194806628,6887.578571428576,0.3722393294655176,Full-sample source->target 5-fold OOF residual; aggregate row only.
daily_steps,adept,oak,monotone_spline,fullsample_robustness,bmi_group,25-<30,2741,185.9456115920115,150.16130472121768,3303.3580792570015,-5219.08176047971,5634.707796273205,2453.2746801161597,3307.985682819974,1840.4254987159163,5444.098337036739,6903.273789503881,6887.578571428576,0.3561882677161703,Full-sample source->target 5-fold OOF residual; aggregate row only.
daily_steps,adept,oak,monotone_spline,fullsample_robustness,bmi_group,>=30,3246,-302.0567453654322,-335.05784813528,2939.7770391239014,-5011.514659010618,4714.316168148816,2186.6803596919276,2954.80369474351,1628.1022254368029,4875.170199516435,5992.743248797027,6887.578571428576,0.3174817299018312,Full-sample source->target 5-fold OOF residual; aggregate row only.
daily_steps,adept,oak,monotone_spline,fullsample_robustness,bmi_group,missing,87,-156.30750733179147,-81.17735208510186,2343.1962410497827,-3733.907442723728,4013.341213420515,1491.508406128128,2334.9284093379392,840.6645230201066,3945.8932063889383,5401.3560985630065,6887.578571428576,0.2165504742574238,Full-sample source->target 5-fold OOF residual; aggregate row only.
daily_steps,adept,scrf,isotonic,headline,overall,all,8646,-4.007199946010924,355.93691123188603,3684.3468253775914,-6491.783187134502,5069.371776980328,2633.778427747852,3684.13593196138,1955.954819246538,5621.890281228429,7198.229158475126,7482.482142857143,0.3519926112035008,Full-sample source->target 5-fold OOF residual; aggregate row only.
daily_steps,adept,scrf,isotonic,headline,age_group,20-39,2757,-511.0550861838644,46.814974259974406,3904.9053524597457,-7962.285126900668,4794.81767433452,2871.743532384736,3937.503315536267,2190.876358543419,6072.360961455404,8124.169978441522,7482.482142857143,0.3837955744573521,Full-sample source->target 5-fold OOF residual; aggregate row only.
daily_steps,adept,scrf,isotonic,headline,age_group,40-59,2949,-148.28546803109816,367.4982492997224,4020.273986772919,-7019.583449616919,5114.687483450484,2862.2792162087967,4022.3265410002778,2178.746845746846,5873.3955264974,7561.39670274607,7482.482142857143,0.3825307112748887,Full-sample source->target 5-fold OOF residual; aggregate row only.
daily_steps,adept,scrf,isotonic,headline,age_group,60+,2940,616.1994786052422,542.1937146187149,2961.5928665857937,-3908.400969397046,5312.468697970254,2181.4251560964194,3024.524881782754,1599.8164640467437,4833.212109461967,6191.575588642213,7482.482142857143,0.291537636100987,Full-sample source->target 5-fold OOF residual; aggregate row only.
daily_steps,adept,scrf,isotonic,headline,sex,male,4161,126.74160508826463,525.8832199546478,3934.554392374488,-6767.364370748306,5480.648896247241,2834.170080838078,3936.122618623815,2178.6647227245285,5907.067846221056,7641.517259211374,7482.482142857143,0.378774052076236,Full-sample source->target 5-fold OOF residual; aggregate row only.
daily_steps,adept,scrf,isotonic,headline,sex,female,4485,-125.31060635573682,224.31646639964492,3431.9519697782725,-6131.494109255822,4703.306581072937,2447.8632285263525,3433.8565663623544,1778.2297823596764,5274.335125901352,6872.263865848482,7482.482142857143,0.3271458831162208,Full-sample source->target 5-fold OOF residual; aggregate row only.
daily_steps,adept,scrf,isotonic,headline,bmi_group,<25,2572,172.2312504081364,628.5684837092742,3982.802918583043,-6682.536700192609,5417.899784658213,2840.9584922737045,3985.751526028367,2147.7337236887515,5902.630564247989,7599.099317435203,7482.482142857143,0.3796812926557684,Full-sample source->target 5-fold OOF residual; aggregate row only.
daily_steps,adept,scrf,isotonic,headline,bmi_group,25-<30,2741,-35.5347137036697,368.9318216175361,3804.6651986547354,-7036.140551063194,5157.593023255815,2733.0278258456988,3804.137076425612,2056.3377825877797,5828.987387387388,7571.140688775511,7482.482142857143,0.3652568457453221,Full-sample source->target 5-fold OOF residual; aggregate row only.
daily_steps,adept,scrf,isotonic,headline,bmi_group,>=30,3246,-138.6776784355376,173.5485925634962,3342.750104300581,-5866.03076063207,4702.8951876130195,2411.954561221661,3345.1109659263507,1789.7153342099084,5142.760593099814,6587.757076662567,7482.482142857143,0.322346851642558,Full-sample source->target 5-fold OOF residual; aggregate row only.
daily_steps,adept,scrf,isotonic,headline,bmi_group,missing,87,803.7168698916823,659.5070861678005,2280.168858581965,-3233.290677901822,4491.143970975059,1658.2674461079523,2405.279662661084,1089.0266290726818,4044.6658049886614,4753.5933010323015,7482.482142857143,0.2216199670708138,Full-sample source->target 5-fold OOF residual; aggregate row only.
daily_steps,adept,scrf,quantile,fullsample_robustness,overall,all,8646,-0.0229627016988487,-2.207490420605609,4015.4959223164024,-6194.458176802512,6385.294381544215,2814.763413148609,4015.263698692638,1981.9078066554612,6307.80592045925,8359.252624967216,7482.482142857143,0.3761804384438941,Full-sample source->target 5-fold OOF residual; aggregate row only.
daily_steps,adept,scrf,quantile,fullsample_robustness,age_group,20-39,2757,-425.32824038723305,-251.82190262604308,4213.730612143371,-7638.7043573121955,6032.452686173819,3070.31235206404,4234.381846519523,2213.956223996508,6688.748086538854,9062.656311657389,7482.482142857143,0.4103334018638445,Full-sample source->target 5-fold OOF residual; aggregate row only.
daily_steps,adept,scrf,quantile,fullsample_robustness,age_group,40-59,2949,51.6506665331516,106.95090054368848,4378.453731980421,-6683.769995234583,6858.686468286496,3100.439742050264,4378.015997591196,2251.4586379285392,6746.206028932141,8826.611391015116,7482.482142857143,0.4143597916915815,Full-sample source->target 5-fold OOF residual; aggregate row only.
daily_steps,adept,scrf,quantile,fullsample_robustness,age_group,60+,2940,346.9774175586562,42.33129785031469,3355.0925215763145,-4371.621248950474,6280.509231278748,2288.570243583702,3372.419067306866,1530.9233267015738,5177.438752465912,7190.955554659289,7482.482142857143,0.3058570939281687,Full-sample source->target 5-fold OOF residual; aggregate row only.
daily_steps,adept,scrf,quantile,fullsample_robustness,sex,male,4161,403.79288043541897,332.9981785926675,4237.544548179795,-6207.028562826825,7131.323603431154,2991.935964454849,4256.232722832598,2146.888268855613,6674.315295808816,8647.314296868715,7482.482142857143,0.39985875105776,Full-sample source->target 5-fold OOF residual; aggregate row only.
daily_steps,adept,scrf,quantile,fullsample_robustness,sex,female,4485,-374.6668251974731,-277.1488187080722,3759.778353026215,-6134.8394289916805,5566.559340595039,2650.3899491608126,3777.983148348208,1822.0913246655405,5918.268173616986,8023.662967149875,7482.482142857143,0.3542126661392574,Full-sample source->target 5-fold OOF residual; aggregate row only.
daily_steps,adept,scrf,quantile,fullsample_robustness,bmi_group,<25,2572,324.780815398868,291.03472489722344,4382.846094833971,-6257.51374228187,7385.032400023705,3063.82132770245,4394.013408025017,2141.581337389924,6906.703799683332,8915.959752725448,7482.482142857143,0.4094659057258434,Full-sample source->target 5-fold OOF residual; aggregate row only.
daily_steps,adept,scrf,quantile,fullsample_robustness,bmi_group,25-<30,2741,129.90049848371314,79.70391219441717,4139.7742424382495,-6378.868781318812,6827.805530517904,2931.9102642738308,4141.056936758639,2079.9327328632535,6663.963634167098,8697.650937677216,7482.482142857143,0.3918365868834934,Full-sample source->target 5-fold OOF residual; aggregate row only.
daily_steps,adept,scrf,quantile,fullsample_robustness,bmi_group,>=30,3246,-380.9608137629795,-311.61231788850364,3586.3805831840955,-6036.047656423327,5417.364184581368,2552.6916283376167,3606.008094148124,1794.756057520141,5788.524685748667,7437.485935122766,7482.482142857143,0.3411557260814105,Full-sample source->target 5-fold OOF residual; aggregate row only.
daily_steps,adept,scrf,quantile,fullsample_robustness,bmi_group,missing,87,517.3188782298497,137.89395934405957,2410.367823950485,-3438.3652535332603,4553.329923536918,1538.9994859045532,2451.6752881542666,760.1997547355128,3744.263199926536,5210.974426276318,7482.482142857143,0.2056803419669632,Full-sample source->target 5-fold OOF residual; aggregate row only.
daily_steps,adept,scrf,monotone_spline,fullsample_robustness,overall,all,8646,-10.089381175979351,6.96484207456956,3988.0092506714295,-6195.150040168505,6397.634490720073,2805.905238992433,3987.791380015866,1980.0604014659784,6314.8207279585695,8344.036600467802,7482.482142857143,0.3749965834092875,Full-sample source->target 5-fold OOF residual; aggregate row only.
daily_steps,adept,scrf,monotone_spline,fullsample_robustness,age_group,20-39,2757,-437.8099698792073,-240.34051503231603,4189.540819137211,-7643.368195190111,6058.226747191926,3062.0070248190727,4211.598676656421,2223.1959337369117,6700.629496485048,8921.39090023189,7482.482142857143,0.4092234323261429,Full-sample source->target 5-fold OOF residual; aggregate row only.
daily_steps,adept,scrf,monotone_spline,fullsample_robustness,age_group,40-59,2949,36.84821868221012,114.87678353940282,4334.575663818434,-6670.487405879184,6767.40139955894,3087.2110130578544,4333.997325583559,2245.4951679770347,6714.012581911256,8805.52182371986,7482.482142857143,0.4125918317098743,Full-sample source->target 5-fold OOF residual; aggregate row only.
daily_steps,adept,scrf,monotone_spline,fullsample_robustness,age_group,60+,2940,343.9264967400066,56.74670754806781,3343.241753299863,-4371.141275668142,6314.397646314832,2283.577568501625,3360.319786152483,1528.628485149493,5191.8459994739915,7210.9516170211,7482.482142857143,0.3051898454153415,Full-sample source->target 5-fold OOF residual; aggregate row only.
daily_steps,adept,scrf,monotone_spline,fullsample_robustness,sex,male,4161,386.85070750030224,334.83299861599335,4193.992423925241,-6205.740501010358,7097.128931473342,2977.477645594265,4211.294180580617,2136.372370539906,6691.752925654222,8620.226622902945,7482.482142857143,0.3979264619343725,Full-sample source->target 5-fold OOF residual; aggregate row only.
daily_steps,adept,scrf,monotone_spline,fullsample_robustness,sex,female,4485,-378.3541992321683,-267.544514451517,3749.977017549613,-6141.440731582412,5542.305242556724,2646.727360760499,3768.599755765258,1817.859583494385,5954.417012932513,8016.396405789715,7482.482142857143,0.3537231777141083,Full-sample source->target 5-fold OOF residual; aggregate row only.
daily_steps,adept,scrf,monotone_spline,fullsample_robustness,bmi_group,<25,2572,308.9662926650541,286.1628695832542,4343.5209107777755,-6288.28795222621,7299.294820907343,3049.0013907887815,4353.65350676973,2152.248362941717,6826.174393756267,8883.02528394635,7482.482142857143,0.4074852879801912,Full-sample source->target 5-fold OOF residual; aggregate row only.
daily_steps,adept,scrf,monotone_spline,fullsample_robustness,bmi_group,25-<30,2741,116.7333450144708,79.92108891464522,4105.71090703438,-6398.40186551596,6821.549922174487,2921.749664426144,4106.621340108126,2067.235876422965,6698.455055818209,8697.36818627261,7482.482142857143,0.390478668527833,Full-sample source->target 5-fold OOF residual; aggregate row only.
daily_steps,adept,scrf,monotone_spline,fullsample_robustness,bmi_group,>=30,3246,-384.57046115355206,-307.0046534744307,3576.6189430007407,-6065.535759489318,5455.438651762883,2549.144398427659,3596.6868907632584,1796.1552733249446,5780.816608345136,7465.412633453052,7482.482142857143,0.3406816547983478,Full-sample source->target 5-fold OOF residual; aggregate row only.
daily_steps,adept,scrf,monotone_spline,fullsample_robustness,bmi_group,missing,87,533.9715383647005,150.23219624662306,2415.221226684854,-3447.4338917510295,4505.471816671129,1549.2709394435046,2459.9532162602877,781.8101644789162,3749.110766714845,5206.222780743204,7482.482142857143,0.2070530754186236,Full-sample source->target 5-fold OOF residual; aggregate row only.
daily_steps,adept,scssl,isotonic,headline,overall,all,8646,-1.103093306501645,212.7910900297643,2477.123148960384,-4257.681333932171,3524.3629498271835,1832.865565479829,2476.980137889517,1423.7993226369488,3856.132457912371,4941.570104467901,5813.0,0.3153045872148338,Full-sample source->target 5-fold OOF residual; aggregate row only.
daily_steps,adept,scssl,isotonic,headline,age_group,20-39,2757,193.97273091077665,516.5596354166655,2454.8510814216747,-4203.1382225128045,3594.3431416906215,1869.39917170074,2462.058780089004,1468.9190138466738,3875.115226849864,4875.148812615954,5813.0,0.3215893981938311,Full-sample source->target 5-fold OOF residual; aggregate row only.
daily_steps,adept,scssl,isotonic,headline,age_group,40-59,2949,-21.750316175601544,256.3398992673974,2671.096391127641,-4605.378069413044,3643.445891748168,1959.296528063626,2670.7320392519914,1527.195709052853,4033.688127877352,5347.4826318521555,5813.0,0.3370542797288192,Full-sample source->target 5-fold OOF residual; aggregate row only.
daily_steps,adept,scssl,isotonic,headline,age_group,60+,2940,-163.32601409767875,-34.36340133631893,2275.7843743606854,-3957.627640895774,3219.919823998176,1671.7879937074931,2281.2514711615327,1274.4459746436523,3588.045240006118,4638.819609500605,5813.0,0.2875947004485624,Full-sample source->target 5-fold OOF residual; aggregate row only.
daily_steps,adept,scssl,isotonic,headline,sex,male,4161,-96.58001648739422,138.8989999999976,2720.027307273635,-4879.275293542076,3653.3856790123455,1979.646415473619,2721.414739078086,1507.7194337194333,4210.285095238094,5512.234592045483,5813.0,0.3405550344871184,Full-sample source->target 5-fold OOF residual; aggregate row only.
daily_steps,adept,scssl,isotonic,headline,sex,female,4485,87.47650030680806,284.768470695969,2224.861481863792,-3781.651374156166,3418.014060468207,1696.6882819069954,2226.3326505122277,1354.297619047621,3577.5573310736977,4341.460520391891,5813.0,0.2918782525214167,Full-sample source->target 5-fold OOF residual; aggregate row only.
daily_steps,adept,scssl,isotonic,headline,bmi_group,<25,2572,-14.839458219765495,206.76213506235857,2545.4815851640756,-4401.932757594418,3571.6231277411453,1916.0305972433932,2545.029955293886,1530.3333511744477,3956.835092373792,5024.322417605859,5813.0,0.3296113189821767,Full-sample source->target 5-fold OOF residual; aggregate row only.
daily_steps,adept,scssl,isotonic,headline,bmi_group,25-<30,2741,-205.20110267449488,18.816456195736464,2585.739018465589,-4814.643358395988,3506.792173503063,1891.32785442783,2593.3982516240826,1447.6219504240062,3963.6240259740207,5300.358638743453,5813.0,0.3253617502886341,Full-sample source->target 5-fold OOF residual; aggregate row only.
daily_steps,adept,scssl,isotonic,headline,bmi_group,>=30,3246,154.84450366437005,352.9444851604853,2314.5586088895475,-3947.1738291087017,3473.355130725218,1717.291242258645,2319.376635971303,1333.6068374619135,3661.8275293367337,4650.433420272443,5813.0,0.2954225429655333,Full-sample source->target 5-fold OOF residual; aggregate row only.
daily_steps,adept,scssl,isotonic,headline,bmi_group,missing,87,1016.7897166605626,977.3318027210884,2158.3269742510424,-3157.9192945410728,3902.984684065934,1844.4593295442771,2374.593041278623,1619.2968027210884,3721.735758704813,3951.5310219087646,5813.0,0.3172990417244585,Full-sample source->target 5-fold OOF residual; aggregate row only.
daily_steps,adept,scssl,quantile,fullsample_robustness,overall,all,8646,0.400559876920085,20.050693126898295,2597.6890480418997,-4200.433633205739,4062.641225431594,1899.113545591508,2597.538849678074,1424.222500372165,4113.545660631888,5262.0653047362875,5813.0,0.3267011088235864,Full-sample source->target 5-fold OOF residual; aggregate row only.
daily_steps,adept,scssl,quantile,fullsample_robustness,age_group,20-39,2757,287.5164289814383,414.93285655372256,2516.1676466878785,-3997.225282631312,4252.794406472653,1889.8603353486928,2532.0878638861573,1429.1576814832106,4173.368133083318,5185.669135423925,5813.0,0.3251092956044543,Full-sample source->target 5-fold OOF residual; aggregate row only.
daily_steps,adept,scssl,quantile,fullsample_robustness,age_group,40-59,2949,107.5096274164005,179.28571428571377,2783.0505177986765,-4329.974365367347,4226.491459952391,2009.8431308507393,2784.654747912761,1483.748429265026,4306.525506510126,5509.381196070814,5813.0,0.3457497214606467,Full-sample source->target 5-fold OOF residual; aggregate row only.
daily_steps,adept,scssl,quantile,fullsample_robustness,age_group,60+,2940,-376.2807636928365,-418.7102970358143,2431.5213334012024,-4164.540295650955,3590.4666992628495,1796.7222373295924,2460.0553292310697,1358.292616333144,3901.7252576058872,4917.705968695137,5813.0,0.3090869150747621,Full-sample source->target 5-fold OOF residual; aggregate row only.
daily_steps,adept,scssl,quantile,fullsample_robustness,sex,male,4161,50.153981623007105,78.09478334970663,2835.1986491891016,-4465.419854384476,4368.335782562666,2049.865988917133,2835.30156607971,1504.8388370939738,4421.731669978674,5806.593145334635,5813.0,0.3526347821980273,Full-sample source->target 5-fold OOF residual; aggregate row only.
daily_steps,adept,scssl,quantile,fullsample_robustness,sex,female,4485,-45.75863474637269,-3.2085541159640343,2355.4064860362823,-3887.39363665326,3765.3046967189935,1759.251579777031,2355.5883698758007,1349.9573748772782,3810.344558659544,4760.584086941886,5813.0,0.3026409048300415,Full-sample source->target 5-fold OOF residual; aggregate row only.
daily_steps,adept,scssl,quantile,fullsample_robustness,bmi_group,<25,2572,78.1220882533555,88.50053745696596,2684.2337320342954,-4227.177387764792,4390.958093737497,1998.1203887072072,2684.8486780233943,1560.612113834477,4314.3649058404235,5341.000171308047,5813.0,0.3437330790826092,Full-sample source->target 5-fold OOF residual; aggregate row only.
daily_steps,adept,scssl,quantile,fullsample_robustness,bmi_group,25-<30,2741,-105.82442318438372,-77.87994234094913,2705.216062925209,-4445.195897911947,4114.958456465241,1976.0235898450965,2706.7919861643136,1471.5289348369415,4232.658524642449,5490.031339213896,5813.0,0.3399318062695848,Full-sample source->target 5-fold OOF residual; aggregate row only.
daily_steps,adept,scssl,quantile,fullsample_robustness,bmi_group,>=30,3246,10.966653953153992,46.878751105082074,2436.9961962524217,-4051.001033637106,3789.523673231065,1763.0169926649226,2436.6454618663197,1292.658990249802,3887.4000744904415,4847.135936745117,5813.0,0.3032886620789476,Full-sample source->target 5-fold OOF residual; aggregate row only.
daily_steps,adept,scssl,quantile,fullsample_robustness,bmi_group,missing,87,655.1748841917084,171.9264341742255,2167.806672085457,-3123.401430453163,3516.0426485930093,1626.8535341780664,2252.6926039855803,1202.0760150410415,3455.694174323743,4338.994391134583,5813.0,0.2798647056903606,Full-sample source->target 5-fold OOF residual; aggregate row only.
daily_steps,adept,scssl,monotone_spline,fullsample_robustness,overall,all,8646,-16.23006966072097,19.817019232955317,2575.3345588045954,-4197.68816719506,4035.6486379085136,1890.730289581157,2575.236766738574,1423.8590132772931,4107.927919023176,5218.093128113243,5813.0,0.3252589522761323,Full-sample source->target 5-fold OOF residual; aggregate row only.
daily_steps,adept,scssl,monotone_spline,fullsample_robustness,age_group,20-39,2757,269.85423884273166,404.8401177573387,2495.9241180925674,-4006.882751501731,4223.537443314641,1878.6534447974416,2510.019709586642,1419.2745353515038,4153.550414157223,5136.698004371844,5813.0,0.3231813942538176,Full-sample source->target 5-fold OOF residual; aggregate row only.
daily_steps,adept,scssl,monotone_spline,fullsample_robustness,age_group,40-59,2949,86.97714486370681,174.02356871181473,2746.9635919395837,-4335.101458790707,4091.8172737963646,1996.622038030462,2747.874675170508,1480.7003735416492,4269.552473202708,5474.482508163731,5813.0,0.3434753204938004,Full-sample source->target 5-fold OOF residual; aggregate row only.
daily_steps,adept,scssl,monotone_spline,fullsample_robustness,age_group,60+,2940,-388.0302445507062,-432.337180242484,2423.3226370324464,-4186.677085894166,3557.0183703896173,1795.8395055307158,2453.7853670148725,1361.3350936494828,3893.590260187015,4914.215513355467,5813.0,0.3089350603011725,Full-sample source->target 5-fold OOF residual; aggregate row only.
daily_steps,adept,scssl,monotone_spline,fullsample_robustness,sex,male,4161,26.63265110859223,67.38907453178035,2801.9225579043195,-4481.364153327087,4304.6183484095345,2036.5263360856045,2801.712434889093,1509.4111825119198,4393.691011179932,5752.925500326235,5813.0,0.3503399855643565,Full-sample source->target 5-fold OOF residual; aggregate row only.
daily_steps,adept,scssl,monotone_spline,fullsample_robustness,sex,female,4485,-55.99635307679951,-6.601681322605145,2345.241586720329,-3894.499406472631,3737.26134747892,1755.4666665031175,2345.6485982490153,1347.8686563073295,3803.744177158307,4752.34746384662,5813.0,0.3019897929645824,Full-sample source->target 5-fold OOF residual; aggregate row only.
daily_steps,adept,scssl,monotone_spline,fullsample_robustness,bmi_group,<25,2572,57.47681116769729,93.71891659018274,2655.130551600111,-4223.359218040697,4327.61276300166,1983.9147050333952,2655.236502058939,1546.8883973075735,4283.869833171205,5259.732609536246,5813.0,0.3412893007110605,Full-sample source->target 5-fold OOF residual; aggregate row only.
daily_steps,adept,scssl,monotone_spline,fullsample_robustness,bmi_group,25-<30,2741,-125.79278879841928,-82.11205038748994,2674.8333143009368,-4429.835790475497,4048.3990780536415,1967.8466785890528,2677.302153500959,1476.1708556985486,4214.704425529521,5468.018893775819,5813.0,0.338525146841399,Full-sample source->target 5-fold OOF residual; aggregate row only.
daily_steps,adept,scssl,monotone_spline,fullsample_robustness,bmi_group,>=30,3246,0.0442798715212272,31.90025715081356,2427.1027120810127,-4043.467059945498,3733.6720083491064,1758.87909242632,2426.7288231333064,1297.1567461860482,3883.876394993011,4812.37312330239,5813.0,0.3025768264968725,Full-sample source->target 5-fold OOF residual; aggregate row only.
daily_steps,adept,scssl,monotone_spline,fullsample_robustness,bmi_group,missing,87,649.4110462482564,174.80569401322646,2172.3303636187084,-3152.5039291130342,3481.6040428601095,1625.7032453374998,2255.3297576161776,1199.036872687392,3458.806935337995,4346.0656997542155,5813.0,0.2796668235571133,Full-sample source->target 5-fold OOF residual; aggregate row only.
daily_steps,adept,vs,isotonic,headline,overall,all,8646,-3.5037563162631447,197.27332120811388,2485.790967354599,-4385.235203379401,3658.153677806464,1852.5200549193069,2485.6496788205704,1432.0668403496666,3975.8865577431434,4890.2517953987135,5559.857142857143,0.3331956212758588,Full-sample source->target 5-fold OOF residual; aggregate row only.
daily_steps,adept,vs,isotonic,headline,age_group,20-39,2757,-269.8232597075778,21.09420753375889,2519.5764627068543,-4845.944965986392,3413.300496016629,1911.6394622065695,2533.528674372224,1472.9524761904768,4064.8857138468297,5162.394975373345,5559.857142857143,0.3438288814061508,Full-sample source->target 5-fold OOF residual; aggregate row only.
daily_steps,adept,vs,isotonic,headline,age_group,40-59,2949,-59.20063755949238,217.9117391304335,2653.4006619111155,-4636.566912832932,3721.278150519846,1980.2062098286135,2653.6111917084827,1562.4318207282886,4122.445596200747,5089.008903364013,5559.857142857143,0.3561613471260899,Full-sample source->target 5-fold OOF residual; aggregate row only.
daily_steps,adept,vs,isotonic,headline,age_group,60+,2940,302.10609866201486,310.8197315096251,2235.5515439301057,-3554.3460083924883,3847.317350098146,1669.0034982123248,2255.49526836552,1262.2443583313652,3709.85543856555,4580.394692715109,5559.857142857143,0.3001881982447204,Full-sample source->target 5-fold OOF residual; aggregate row only.
daily_steps,adept,vs,isotonic,headline,sex,male,4161,291.5119038674274,541.2363790186155,2549.204054793122,-4356.934098297952,3973.542092178239,1933.6741894827253,2565.5133508082035,1525.0492414000291,4110.5957121310075,4952.547145011849,5559.857142857143,0.3477920636804408,Full-sample source->target 5-fold OOF residual; aggregate row only.
daily_steps,adept,vs,isotonic,headline,sex,female,4485,-277.20724840641617,-51.28674484719341,2393.45473846041,-4391.081665597965,3321.9657089975303,1777.2285601771923,2409.189107999087,1353.15749559083,3827.60475204559,4827.655281385284,5559.857142857143,0.3196536375867917,Full-sample source->target 5-fold OOF residual; aggregate row only.
daily_steps,adept,vs,isotonic,headline,bmi_group,<25,2572,-46.93320079131448,245.5943092621667,2623.2550911667095,-4671.525901513357,3760.009221079016,1955.1139227882024,2623.1649713789075,1542.1069748017562,4124.144881490395,5134.402549441391,5559.857142857143,0.3516482299010102,Full-sample source->target 5-fold OOF residual; aggregate row only.
daily_steps,adept,vs,isotonic,headline,bmi_group,25-<30,2741,3.8493829801513617,222.99787292438668,2558.016564624054,-4616.298129251698,3761.776432022085,1917.1272931438,2557.552797875177,1466.4485911524407,4158.299377289377,5084.245393858477,5559.857142857143,0.3448159267197667,Full-sample source->target 5-fold OOF residual; aggregate row only.
daily_steps,adept,vs,isotonic,headline,bmi_group,>=30,3246,21.709314887593703,160.7192792998096,2322.1199487299714,-3920.501572810056,3559.43142596099,1732.81221884438,2321.8637244678785,1343.0047379785256,3690.7248015873015,4496.6422118291775,5559.857142857143,0.311664881726423,Full-sample source->target 5-fold OOF residual; aggregate row only.
daily_steps,adept,vs,isotonic,headline,bmi_group,missing,87,108.03586725431768,81.51587301587313,1841.1973607726084,-2276.6549007943577,3629.540094812927,1250.3564660351944,1833.7703956431603,723.8153632255808,3055.7487973805205,4318.983597259897,5559.857142857143,0.2248900347451466,Full-sample source->target 5-fold OOF residual; aggregate row only.
daily_steps,adept,vs,quantile,fullsample_robustness,overall,all,8646,0.0213049741995815,8.134276797228722,2653.1142421311283,-4278.744084475369,4358.123891954307,1955.504805913984,2652.960807624861,1457.209255450604,4318.973446347483,5477.130758003826,5559.857142857143,0.3517185344278601,Full-sample source->target 5-fold OOF residual; aggregate row only.
daily_steps,adept,vs,quantile,fullsample_robustness,age_group,20-39,2757,-184.82694047540147,-133.93379382286457,2689.961002818305,-4562.82289310275,4175.409572294944,2019.5479918198591,2695.8165075702186,1514.5904125172483,4398.790986342601,5595.878285550954,5559.857142857143,0.3632373890063725,Full-sample source->target 5-fold OOF residual; aggregate row only.
daily_steps,adept,vs,quantile,fullsample_robustness,age_group,40-59,2949,87.03024643978586,121.06049607711248,2822.598889007436,-4496.4369701106525,4583.343567068134,2095.883802283783,2823.461906311639,1621.943294431283,4546.852317286768,5657.889593507746,5559.857142857143,0.3769672040901997,Full-sample source->target 5-fold OOF residual; aggregate row only.
daily_steps,adept,vs,quantile,fullsample_robustness,age_group,60+,2940,86.08839487982412,-10.97497746133422,2425.1264542272256,-3670.611391603456,4204.650851479804,1754.639253588462,2426.241766504065,1258.7675521426734,3972.157689014678,5043.705556770054,5559.857142857143,0.3155907082689492,Full-sample source->target 5-fold OOF residual; aggregate row only.
daily_steps,adept,vs,quantile,fullsample_robustness,sex,male,4161,472.0222704035032,437.02745590478594,2668.4214082210524,-3925.073311338998,4796.769515414986,1994.1209471554264,2709.532541758268,1478.2107037368496,4466.182429978577,5573.679513697669,5559.857142857143,0.3586640620285203,Full-sample source->target 5-fold OOF residual; aggregate row only.
daily_steps,adept,vs,quantile,fullsample_robustness,sex,female,4485,-437.88193184883994,-373.8964451244253,2562.513293633353,-4584.782961604497,3724.5200181438063,1919.6783257120571,2599.375092101097,1435.4839531018931,4146.37298618131,5345.027435880338,5559.857142857143,0.345274757316077,Full-sample source->target 5-fold OOF residual; aggregate row only.
daily_steps,adept,vs,quantile,fullsample_robustness,bmi_group,<25,2572,63.51601436444914,112.65339794302872,2794.3108896421436,-4513.101646675953,4442.943345534834,2065.369781074184,2794.4895410121617,1553.334972505244,4481.495556065536,5689.4177299765915,5559.857142857143,0.371478929764878,Full-sample source->target 5-fold OOF residual; aggregate row only.
daily_steps,adept,vs,quantile,fullsample_robustness,bmi_group,25-<30,2741,119.829660074063,97.29315157414568,2734.490187307554,-4330.685124123584,4651.866521768245,2031.6531377728384,2736.6161104691855,1518.370652947321,4512.9537161944245,5610.009875235177,5559.857142857143,0.3654146294717199,Full-sample source->target 5-fold OOF residual; aggregate row only.
daily_steps,adept,vs,quantile,fullsample_robustness,bmi_group,>=30,3246,-147.54457820395106,-151.9854334296515,2472.93412881062,-4107.018347091305,3907.020589117945,1822.0636092045445,2476.9514784756675,1376.6364815547313,4029.296809873504,5075.104320020318,5559.857142857143,0.327717702521437,Full-sample source->target 5-fold OOF residual; aggregate row only.
daily_steps,adept,vs,quantile,fullsample_robustness,bmi_group,missing,87,-146.004408636955,-89.21210748648991,1936.6725340275088,-2980.285589891085,3661.151312690417,1287.1695275425693,1931.0376203873743,605.0291671348791,3201.1411402651543,4127.064705512944,5559.857142857143,0.2315112590970473,Full-sample source->target 5-fold OOF residual; aggregate row only.
daily_steps,adept,vs,monotone_spline,fullsample_robustness,overall,all,8646,-7.710152902632815,3.4202643984542647,2640.7987434373,-4289.165767845037,4353.921023537721,1950.8595424685648,2640.6572770943853,1456.546186891347,4318.952627840268,5471.380240142042,5559.857142857143,0.3508830339237892,Full-sample source->target 5-fold OOF residual; aggregate row only.
daily_steps,adept,vs,monotone_spline,fullsample_robustness,age_group,20-39,2757,-193.28323489697945,-131.21132842590396,2676.307132520649,-4556.409944275492,4174.234715325239,2012.8684539552585,2682.7933764008426,1517.0051227450458,4387.557166128397,5577.231376965183,5559.857142857143,0.3620360024072255,Full-sample source->target 5-fold OOF residual; aggregate row only.
daily_steps,adept,vs,monotone_spline,fullsample_robustness,age_group,40-59,2949,78.02555408802661,128.00258110389512,2804.8112668729805,-4494.45383760849,4535.660810425477,2090.013155659145,2805.420923382924,1622.367032704029,4511.1048245466245,5636.598938943317,5559.857142857143,0.3759113052651407,Full-sample source->target 5-fold OOF residual; aggregate row only.
daily_steps,adept,vs,monotone_spline,fullsample_robustness,age_group,60+,2940,80.31378830245528,-17.005651436535345,2420.3725379938787,-3677.745935378803,4195.872366857639,1753.1307757107982,2421.2932373292297,1256.3553089212942,3959.650209751432,5024.370456748892,5559.857142857143,0.3153193923270276,Full-sample source->target 5-fold OOF residual; aggregate row only.
daily_steps,adept,vs,monotone_spline,fullsample_robustness,sex,male,4161,461.0125097886054,431.1575318771954,2649.135560681841,-3922.760206299771,4756.800903955867,1986.5927603573375,2688.6363009283714,1485.743324492134,4456.256193701285,5569.085713176133,5559.857142857143,0.35731003680725,Full-sample source->target 5-fold OOF residual; aggregate row only.
daily_steps,adept,vs,monotone_spline,fullsample_robustness,sex,female,4485,-442.5719142088184,-369.453324314145,2557.623257690431,-4575.5698762522725,3715.834544464911,1917.7077209222589,2595.351250448537,1436.390248213921,4157.292422876569,5338.657498989592,5559.857142857143,0.344920322887428,Full-sample source->target 5-fold OOF residual; aggregate row only.
daily_steps,adept,vs,monotone_spline,fullsample_robustness,bmi_group,<25,2572,57.06645361189288,108.91649889278324,2784.119456364509,-4516.864921753995,4419.152088901384,2059.940800873859,2784.1630689464446,1544.759215842414,4466.604909160067,5704.357665227946,5559.857142857143,0.3705024693881398,Full-sample source->target 5-fold OOF residual; aggregate row only.
daily_steps,adept,vs,monotone_spline,fullsample_robustness,bmi_group,25-<30,2741,108.92468255674072,100.97078235056688,2713.7727716332683,-4344.611233123864,4607.75605099984,2024.6265864004856,2715.4632066239046,1522.446460097548,4505.6715882093895,5617.999554601181,5559.857142857143,0.3641508287675273,Full-sample source->target 5-fold OOF residual; aggregate row only.
daily_steps,adept,vs,monotone_spline,fullsample_robustness,bmi_group,>=30,3246,-153.74211835033054,-136.5888346297761,2466.4892146336606,-4106.596647234062,3903.0512999270513,1819.8947173256613,2470.896904118926,1372.396207774666,4016.932694707612,5047.445637392632,5559.857142857143,0.3273276040309265,Full-sample source->target 5-fold OOF residual; aggregate row only.
daily_steps,adept,vs,monotone_spline,fullsample_robustness,bmi_group,missing,87,-148.8797633196004,-123.81476386524196,1931.6550772153623,-3040.8997424898507,3679.194891748519,1288.3234318714894,1926.283498107628,609.4024523367902,3176.787171173518,4011.2526209984258,5559.857142857143,0.2317188011793834,Full-sample source->target 5-fold OOF residual; aggregate row only.
daily_steps,adept,vsrev,isotonic,headline,overall,all,8646,-4.15308920689556,280.27190201657186,3078.7716198607395,-5437.3295439450485,4318.9173301630435,2217.3466782381097,3078.5963700035977,1654.6427906558854,4786.499961845453,6008.32859848485,6301.767857142858,0.351861053676361,Full-sample source->target 5-fold OOF residual; aggregate row only.
daily_steps,adept,vsrev,isotonic,headline,age_group,20-39,2757,-723.6644515710651,-265.98003929727383,3222.5814704759346,-6665.275838978245,3668.805369620631,2385.856281143092,3302.2650992124622,1747.5474171539954,5081.299854721549,6749.334640863542,6301.767857142858,0.3786011061068837,Full-sample source->target 5-fold OOF residual; aggregate row only.
daily_steps,adept,vsrev,isotonic,headline,age_group,40-59,2949,-30.749723844341897,374.71428571428623,3315.7719153842613,-5813.0871213818855,4460.464645644721,2404.6804514204587,3315.3522860351454,1821.7931897759145,5033.8262114076415,6200.395912693258,6301.767857142858,0.381588231419034,Full-sample source->target 5-fold OOF residual; aggregate row only.
daily_steps,adept,vsrev,isotonic,headline,age_group,60+,2940,697.2504147331877,567.7726184415726,2477.273151248637,-3306.4423582451473,4642.945574279758,1871.4186944545097,2573.1212625569324,1395.5516372190632,4242.696463757916,5295.041369047618,6301.767857142858,0.2969672537736081,Full-sample source->target 5-fold OOF residual; aggregate row only.
daily_steps,adept,vsrev,isotonic,headline,sex,male,4161,297.7658764688847,643.1422052154185,3159.617756079429,-5402.4078999341655,4642.597534937889,2329.823523048751,3173.2396150504005,1814.9176518883412,4905.0466197427895,6075.108344891352,6301.767857142858,0.3697095126104921,Full-sample source->target 5-fold OOF residual; aggregate row only.
daily_steps,adept,vsrev,isotonic,headline,sex,female,4485,-284.261186459275,7.457619047619346,2974.8907263024553,-5482.397487997769,3954.7043756613753,2112.995250979006,2988.1107772356268,1530.2034156653308,4649.14213696432,5901.10622875263,6301.767857142858,0.3353019817421537,Full-sample source->target 5-fold OOF residual; aggregate row only.
daily_steps,adept,vsrev,isotonic,headline,bmi_group,<25,2572,-126.2700862675428,316.74677225056803,3356.4741261390886,-6123.860821306904,4383.167269401181,2397.1176144829574,3358.196313046316,1798.564241046166,5025.470088447466,6550.0272027825,6301.767857142858,0.3803881178780489,Full-sample source->target 5-fold OOF residual; aggregate row only.
daily_steps,adept,vsrev,isotonic,headline,bmi_group,25-<30,2741,64.11413390075528,418.5503072196607,3182.244631590478,-5756.7353392639125,4416.318845725425,2324.822773296137,3182.310009549282,1728.2807720057735,5009.9168912848145,6157.109725703145,6301.767857142858,0.3689159654875294,Full-sample source->target 5-fold OOF residual; aggregate row only.
daily_steps,adept,vsrev,isotonic,headline,bmi_group,>=30,3246,33.0665136633332,189.6664632600823,2765.07687343345,-4850.450034674064,4106.351774395181,2008.8821639391936,2764.84865835949,1502.962741526766,4396.942829034393,5459.332389101473,6301.767857142858,0.3187807309757036,Full-sample source->target 5-fold OOF residual; aggregate row only.
daily_steps,adept,vsrev,isotonic,headline,bmi_group,missing,87,66.53227843852028,1.1369101616811346,2064.507109273681,-2999.617725642092,4059.231504545216,1294.5074694849927,2053.6858238809473,570.5596638655461,3782.400174973732,4489.154895303944,6301.767857142858,0.205419732816357,Full-sample source->target 5-fold OOF residual; aggregate row only.
daily_steps,adept,vsrev,quantile,fullsample_robustness,overall,all,8646,0.939915717271615,13.1439993273068,3347.2346481696673,-5368.688477801263,5404.298692720891,2369.4434050394025,3347.04120326142,1701.8817600976954,5381.344567264377,6916.839060491993,6301.767857142858,0.3759966185288327,Full-sample source->target 5-fold OOF residual; aggregate row only.
daily_steps,adept,vsrev,quantile,fullsample_robustness,age_group,20-39,2757,-641.0201241330069,-489.145146051309,3489.1199152053764,-6503.06103928039,4915.045065614219,2589.172948498104,3546.8928554910403,1937.281958855517,5673.118974164318,7271.648735483997,6301.767857142858,0.4108645394741663,Full-sample source->target 5-fold OOF residual; aggregate row only.
daily_steps,adept,vsrev,quantile,fullsample_robustness,age_group,40-59,2949,146.31750262815635,161.3130103842159,3611.277654251794,-5537.883250522819,5966.887281263195,2588.6339996515694,3613.6287606806222,1919.065447372067,5813.757625306039,7297.587635305747,6301.767857142858,0.410779016037132,Full-sample source->target 5-fold OOF residual; aggregate row only.
daily_steps,adept,vsrev,quantile,fullsample_robustness,age_group,60+,2940,457.1185980529923,156.04102092736298,2800.5501772602533,-3670.55741037117,5314.3195289095465,1943.5293183635793,2837.141341793189,1282.5252691027051,4575.799742164312,6052.48502002953,6301.767857142858,0.3084101735294246,Full-sample source->target 5-fold OOF residual; aggregate row only.
daily_steps,adept,vsrev,quantile,fullsample_robustness,sex,male,4161,537.9194761320531,457.9098335417675,3394.3863948349526,-4910.679626054059,6062.226019462998,2442.6185110374868,3436.342146560363,1763.4529535244656,5519.935694216059,6994.587937919574,6301.767857142858,0.3876084562951418,Full-sample source->target 5-fold OOF residual; aggregate row only.
daily_steps,adept,vsrev,quantile,fullsample_robustness,sex,female,4485,-497.2478102327631,-358.4475066478317,3224.243409417679,-5665.472935204254,4591.652785906327,2301.5545274344913,3262.005986500835,1623.271412139958,5242.070030237667,6851.526573551133,6301.767857142858,0.3652236292433005,Full-sample source->target 5-fold OOF residual; aggregate row only.
daily_steps,adept,vsrev,quantile,fullsample_robustness,bmi_group,<25,2572,7.730755862062423,58.246165637229296,3639.380427281341,-5673.508312963602,5790.392123606956,2572.211556039869,3638.6810708216112,1850.3987519589332,5739.264180385437,7450.882470873517,6301.767857142858,0.4081730102330486,Full-sample source->target 5-fold OOF residual; aggregate row only.
daily_steps,adept,vsrev,quantile,fullsample_robustness,bmi_group,25-<30,2741,214.22622772308435,170.69666466899616,3468.722995591269,-5593.754134591907,5776.290346108947,2487.9957967475334,3474.700338685551,1794.8788798790792,5682.1043088902625,7236.830144039997,6301.767857142858,0.3948091794475525,Full-sample source->target 5-fold OOF residual; aggregate row only.
daily_steps,adept,vsrev,quantile,fullsample_robustness,bmi_group,>=30,3246,-180.4780600269696,-150.07829823506586,2996.9155458614873,-5017.977599733487,4707.811260956274,2133.493458485145,3001.8841040898205,1537.0598557493267,4892.797592678489,6311.663038941216,6301.767857142858,0.3385547527059246,Full-sample source->target 5-fold OOF residual; aggregate row only.
daily_steps,adept,vsrev,quantile,fullsample_robustness,bmi_group,missing,87,-150.79655318534475,-48.49647280757019,2309.9093191454344,-3587.7851626216448,3570.2017916705413,1443.2564679122231,2301.541004575073,790.4478397683199,3669.2965354569446,5247.955112658263,6301.767857142858,0.2290240612840628,Full-sample source->target 5-fold OOF residual; aggregate row only.
daily_steps,adept,vsrev,monotone_spline,fullsample_robustness,overall,all,8646,-4.587352854336805,15.26880464882447,3335.3847409565547,-5365.085767613927,5385.373958419084,2365.065853543266,3335.1950041876976,1695.3875010938914,5378.081250654448,6920.792262629324,6301.767857142858,0.3753019640135644,Full-sample source->target 5-fold OOF residual; aggregate row only.
daily_steps,adept,vsrev,monotone_spline,fullsample_robustness,age_group,20-39,2757,-649.7991756349905,-487.5304495490245,3475.13839256968,-6519.304535628627,4873.275193273191,2584.1366989905982,3534.748290895402,1942.2802404750248,5664.766114428632,7212.034312300915,6301.767857142858,0.410065359050248,Full-sample source->target 5-fold OOF residual; aggregate row only.
daily_steps,adept,vsrev,monotone_spline,fullsample_robustness,age_group,40-59,2949,137.45428353486074,154.23262477207345,3590.239048609909,-5554.522259283484,5936.818892560514,2581.1870927760283,3592.261014356241,1917.1409611314411,5795.369749632325,7309.3512219712575,6301.767857142858,0.4095972989310187,Full-sample source->target 5-fold OOF residual; aggregate row only.
daily_steps,adept,vsrev,monotone_spline,fullsample_robustness,age_group,60+,2940,457.98686813019344,151.0929176648225,2800.819526518972,-3676.3673644118135,5273.49984719862,1942.848215653568,2837.547138570857,1277.958658712691,4597.631840382545,6040.552796880938,6301.767857142858,0.3083020923170647,Full-sample source->target 5-fold OOF residual; aggregate row only.
daily_steps,adept,vsrev,monotone_spline,fullsample_robustness,sex,male,4161,528.5575179046807,461.4639905832691,3372.630481915852,-4912.657510482344,5994.309067373442,2434.763693174738,3413.396517666218,1757.7996936398797,5514.019640545592,6984.939328826951,6301.767857142858,0.3863620095772028,Full-sample source->target 5-fold OOF residual; aggregate row only.
daily_steps,adept,vsrev,monotone_spline,fullsample_robustness,sex,female,4485,-499.21741020735175,-357.49456413914413,3222.8866956358556,-5687.499514031106,4554.818034976416,2300.4030417915255,3260.9662270302815,1610.5165806605492,5224.7243421177,6853.2536531334545,6301.767857142858,0.3650409050190717,Full-sample source->target 5-fold OOF residual; aggregate row only.
daily_steps,adept,vsrev,monotone_spline,fullsample_robustness,bmi_group,<25,2572,0.4371178455766055,62.60923197751231,3628.98545021702,-5693.407305472368,5729.367892255281,2567.8753145675155,3628.279928675007,1840.1943097149476,5712.602019521112,7441.8618593913325,6301.767857142858,0.4074849110249132,Full-sample source->target 5-fold OOF residual; aggregate row only.
daily_steps,adept,vsrev,monotone_spline,fullsample_robustness,bmi_group,25-<30,2741,205.16924384650775,167.60769855796522,3445.84508486049,-5587.515513344346,5730.531364233204,2480.449533608173,3451.3201571547443,1793.6436347647295,5664.88325775064,7262.507414172851,6301.767857142858,0.3936116959301604,Full-sample source->target 5-fold OOF residual; aggregate row only.
daily_steps,adept,vsrev,monotone_spline,fullsample_robustness,bmi_group,>=30,3246,-181.95616754981793,-150.43331912857684,2994.4529022207225,-5025.373322115491,4706.88101256132,2131.6896891695333,2999.515599427736,1528.6923606965308,4895.418630574618,6268.395359500052,6301.767857142858,0.3382685204364247,Full-sample source->target 5-fold OOF residual; aggregate row only.
daily_steps,adept,vsrev,monotone_spline,fullsample_robustness,bmi_group,missing,87,-143.97353326422822,-23.459059918281028,2310.3209241655736,-3587.539100599068,3558.8510336981135,1441.4615862427356,2301.512464618775,783.2469620339589,3660.147025808693,5235.740759158931,6301.767857142858,0.2287392393562837,Full-sample source->target 5-fold OOF residual; aggregate row only.
daily_steps,oak,acti,isotonic,headline,overall,all,8646,-0.1554471308256702,119.25933670992616,1184.5318670695583,-2036.7671448748988,1654.19707372516,896.2747695282403,1184.46337356181,731.9908740057363,1809.2809306569316,2271.317935750971,5482.084523809524,0.1634915998897104,Full-sample source->target 5-fold OOF residual; aggregate row only.
daily_steps,oak,acti,isotonic,headline,age_group,20-39,2757,329.1934474165387,416.95583333333343,1035.7031654128073,-1523.97706947092,1784.934963858277,851.1198217576951,1086.581933039004,715.628649492588,1690.065931506966,2072.128946589447,5482.084523809524,0.1552547791011161,Full-sample source->target 5-fold OOF residual; aggregate row only.
daily_steps,oak,acti,isotonic,headline,age_group,40-59,2949,8.278921869438088,108.17316649287568,1216.515347000642,-1981.200657364995,1689.9077721088436,912.8775887109888,1216.337245855129,743.6971326164858,1835.6168352073328,2364.5928079365067,5482.084523809524,0.1665201593930598,Full-sample source->target 5-fold OOF residual; aggregate row only.
daily_steps,oak,acti,isotonic,headline,age_group,60+,2940,-317.46424184132275,-192.004451345756,1197.6465750232867,-2406.8013584229416,1385.9609992586743,921.9654080430251,1238.81111832026,735.0037975792334,1915.7872831632649,2442.791987577636,5482.084523809524,0.1681778900049405,Full-sample source->target 5-fold OOF residual; aggregate row only.
daily_steps,oak,acti,isotonic,headline,sex,male,4161,-72.6432129444767,39.72235603543777,1219.789584782972,-2142.8913690476184,1630.720971760793,910.7125193944352,1221.8044395208517,709.2800242130725,1871.114157509157,2424.4809339691237,5482.084523809524,0.1661252239798698,Full-sample source->target 5-fold OOF residual; aggregate row only.
daily_steps,oak,acti,isotonic,headline,sex,female,4485,67.09574429628736,180.89003759398292,1146.9016298826532,-1928.968935574229,1663.596931216933,882.8800143012085,1148.7349139390665,750.534201157101,1751.3827935732695,2181.105447230378,5482.084523809524,0.1610482309177698,Full-sample source->target 5-fold OOF residual; aggregate row only.
daily_steps,oak,acti,isotonic,headline,bmi_group,<25,2572,39.74416168942923,172.00869047618926,1270.666276739129,-2167.3843977425295,1778.6600443983702,965.506487744148,1271.0407654899595,792.4506288819873,1955.740732790772,2453.3573785714293,5482.084523809524,0.1761203213031114,Full-sample source->target 5-fold OOF residual; aggregate row only.
daily_steps,oak,acti,isotonic,headline,bmi_group,25-<30,2741,-11.45912650444401,96.58633540372648,1190.7349875613695,-2002.146474358976,1676.397037652272,899.2388882871649,1190.572907273999,722.0479813664606,1789.0435626102262,2242.800992063487,5482.084523809524,0.1640322918009808,Full-sample source->target 5-fold OOF residual; aggregate row only.
daily_steps,oak,acti,isotonic,headline,bmi_group,>=30,3246,-14.926909696883254,85.66945521917296,1103.1244863545478,-1912.410748626373,1514.0190785254008,837.4855229730005,1103.0555552171843,687.9121462585044,1686.3898378191866,2129.0402299783605,5482.084523809524,0.152767714422438,Full-sample source->target 5-fold OOF residual; aggregate row only.
daily_steps,oak,acti,isotonic,headline,bmi_group,missing,87,-272.4570705007662,30.064257028114294,1246.006332981524,-2737.3562153387156,1448.0186484593842,949.622649399296,1268.4318839422658,743.3881944444402,1824.9903776683095,2737.3562153387165,5482.084523809524,0.1732229127943834,Full-sample source->target 5-fold OOF residual; aggregate row only.
daily_steps,oak,acti,quantile,fullsample_robustness,overall,all,8646,0.1296728956511048,101.67419997486832,1188.1486938245423,-2028.358196483136,1669.8677431485405,896.5509360270388,1188.0799880251425,720.6164900339527,1832.0405831268909,2301.7660471388435,5482.084523809524,0.1635419760737329,Full-sample source->target 5-fold OOF residual; aggregate row only.
daily_steps,oak,acti,quantile,fullsample_robustness,age_group,20-39,2757,379.2347526078997,445.4609197234713,1022.476580885559,-1376.2894458236456,1820.5309879832516,854.2998069726416,1090.3660644981635,718.4415370108418,1686.2704532011776,2087.018289918907,5482.084523809524,0.1558348477230309,Full-sample source->target 5-fold OOF residual; aggregate row only.
daily_steps,oak,acti,quantile,fullsample_robustness,age_group,40-59,2949,46.872254984945826,124.59492481203053,1206.5862509403007,-1914.316741700855,1761.8297683750995,903.1021366554804,1207.2918923334362,714.5804316165777,1838.459599959389,2343.124036596817,5482.084523809524,0.1647369960702304,Full-sample source->target 5-fold OOF residual; aggregate row only.
daily_steps,oak,acti,quantile,fullsample_robustness,age_group,60+,2940,-402.2637214404031,-293.39001472912423,1188.6193370467397,-2488.2475192853694,1273.1007917634413,929.6008925405412,1254.6519359380125,729.299196024195,1963.156554952846,2536.8452728854104,5482.084523809524,0.1695706967857105,Full-sample source->target 5-fold OOF residual; aggregate row only.
daily_steps,oak,acti,quantile,fullsample_robustness,sex,male,4161,-62.0721318423965,30.987847222222623,1215.831891101129,-2120.0606636920056,1631.2857142857138,904.8266312860004,1217.2694338099727,704.5395006139988,1851.246240601493,2421.06406926407,5482.084523809524,0.1650515652132325,Full-sample source->target 5-fold OOF residual; aggregate row only.
daily_steps,oak,acti,quantile,fullsample_robustness,sex,female,4485,57.83796933155213,171.15062111801672,1159.029601429411,-1925.5756224839597,1687.8220076864395,888.873083636283,1160.3427627848214,738.2183507549362,1815.4609776577813,2220.3421538371144,5482.084523809524,0.1621414408653811,Full-sample source->target 5-fold OOF residual; aggregate row only.
daily_steps,oak,acti,quantile,fullsample_robustness,bmi_group,<25,2572,59.61022671062148,197.5375157690446,1277.1606916066578,-2154.0918029146887,1838.3586132324729,972.8884372734102,1278.3030236386176,786.8016383781237,1981.489137267136,2457.763194720784,5482.084523809524,0.1774668801708562,Full-sample source->target 5-fold OOF residual; aggregate row only.
daily_steps,oak,acti,quantile,fullsample_robustness,bmi_group,25-<30,2741,5.2983022413098055,101.06308221692598,1198.039843966249,-2012.3148679179649,1705.732698412692,902.821924311326,1197.8330012671097,721.7493782812999,1832.0172613680295,2320.177784139707,5482.084523809524,0.1646858818739904,Full-sample source->target 5-fold OOF residual; aggregate row only.
daily_steps,oak,acti,quantile,fullsample_robustness,bmi_group,>=30,3246,-39.300030350745,48.7633053221216,1097.945846842419,-1898.1750492349645,1491.3874059827967,829.0501565370686,1098.4799494845208,677.0153260970656,1679.4460798460818,2149.8624704064655,5482.084523809524,0.1512289992860157,Full-sample source->target 5-fold OOF residual; aggregate row only.
daily_steps,oak,acti,quantile,fullsample_robustness,bmi_group,missing,87,-450.0126341244934,-167.38551307847047,1248.7025927362106,-2805.346029926899,1167.6036857004156,960.6739030562826,1320.5480030399883,697.5187038506133,2137.512276538526,2805.346029926899,5482.084523809524,0.1752387981038836,Full-sample source->target 5-fold OOF residual; aggregate row only.
daily_steps,oak,acti,monotone_spline,fullsample_robustness,overall,all,8646,11.518007338537974,111.22160043689291,1193.3944091596468,-2018.061726986769,1687.8883669757515,900.4386323672185,1193.380977670837,724.6862497862057,1840.3044215322625,2317.1910709896497,5482.084523809524,0.1642511399553357,Full-sample source->target 5-fold OOF residual; aggregate row only.
daily_steps,oak,acti,monotone_spline,fullsample_robustness,age_group,20-39,2757,394.8159851320336,457.1340968186014,1025.691075291779,-1350.7472927711815,1868.2058857447744,861.4032377181686,1098.8813651046307,726.3801247185675,1697.0325590335108,2106.9894709332957,5482.084523809524,0.157130601320896,Full-sample source->target 5-fold OOF residual; aggregate row only.
daily_steps,oak,acti,monotone_spline,fullsample_robustness,age_group,40-59,2949,62.6605352281412,137.23130941178533,1213.5537742663644,-1907.721254199028,1799.0740182498832,907.2818653185568,1214.9649014517638,719.9495751514514,1843.844149786932,2357.571184749785,5482.084523809524,0.1654994302583431,Full-sample source->target 5-fold OOF residual; aggregate row only.
daily_steps,oak,acti,monotone_spline,fullsample_robustness,age_group,60+,2940,-399.22071358768903,-295.2024901084633,1190.0657807597447,-2484.36956669914,1279.3218835364544,930.1800912359038,1255.0506048656105,727.2078268901514,1959.1634864909663,2543.0171532174104,5482.084523809524,0.1696763497892071,Full-sample source->target 5-fold OOF residual; aggregate row only.
daily_steps,oak,acti,monotone_spline,fullsample_robustness,sex,male,4161,-48.84525840061927,46.56669726129349,1221.2233026480242,-2094.740840005521,1666.0193147183454,908.0498154046256,1222.0531060564217,708.4965449779465,1853.730617856143,2434.188626176063,5482.084523809524,0.1656395138493081,Full-sample source->target 5-fold OOF residual; aggregate row only.
daily_steps,oak,acti,monotone_spline,fullsample_robustness,sex,female,4485,67.52058230857884,181.02732438805103,1164.3233392239654,-1932.5684562538072,1715.7943910705935,893.3772873017444,1166.149906511484,742.0158102902533,1818.738110356445,2230.023320880096,5482.084523809524,0.1629630633058778,Full-sample source->target 5-fold OOF residual; aggregate row only.
daily_steps,oak,acti,monotone_spline,fullsample_robustness,bmi_group,<25,2572,74.47765252442194,207.679852141182,1280.406667310119,-2128.8015601678426,1878.041977398221,976.1681655002848,1282.3223992376545,789.4365891600282,1983.4628772406816,2484.9191259677627,5482.084523809524,0.1780651431514123,Full-sample source->target 5-fold OOF residual; aggregate row only.
daily_steps,oak,acti,monotone_spline,fullsample_robustness,bmi_group,25-<30,2741,17.741103732733063,120.47227775272768,1205.6293861637484,-2001.9579651034655,1740.2174158975067,908.489019229772,1205.5399898891355,731.5752588923788,1842.7036351556544,2340.5976657639385,5482.084523809524,0.1657196300575203,Full-sample source->target 5-fold OOF residual; aggregate row only.
daily_steps,oak,acti,monotone_spline,fullsample_robustness,bmi_group,>=30,3246,-31.015750889551914,56.06758534319124,1102.4818814309708,-1901.2300561937136,1514.1100718096536,831.7577593271586,1102.7483054597026,679.3995968838458,1686.814745634225,2144.0031779057854,5482.084523809524,0.1517228995128967,Full-sample source->target 5-fold OOF residual; aggregate row only.
daily_steps,oak,acti,monotone_spline,fullsample_robustness,bmi_group,missing,87,-458.8858481350542,-190.7106464858789,1251.9849276031632,-2835.677726833372,1197.882984504104,970.5035091434148,1326.6595746509456,715.6410406641144,2153.8692208939324,2835.677726833372,5482.084523809524,0.1770318397916652,Full-sample source->target 5-fold OOF residual; aggregate row only.
daily_steps,oak,adept,isotonic,headline,overall,all,8646,-0.3860292475251484,101.85967316246249,1006.5344175864408,-1777.7982509003634,1340.5632038561685,687.3433103954138,1006.4762818358582,477.9188104748072,1503.1236397194775,2013.6982673930731,1919.4027944454592,0.3581026933921893,Full-sample source->target 5-fold OOF residual; aggregate row only.
daily_steps,oak,adept,isotonic,headline,age_group,20-39,2757,82.46697178333932,212.50960298337984,1040.88190142632,-1729.6286992882244,1536.2538853950157,754.7236416600153,1043.955438724715,558.1894934422014,1614.1207165901722,2046.0416859702952,1919.4027944454592,0.3932075350958655,Full-sample source->target 5-fold OOF residual; aggregate row only.
daily_steps,oak,adept,isotonic,headline,age_group,40-59,2949,-54.62769696753147,73.49875283801657,1100.303542440234,-1937.3227527163924,1331.6645784241346,750.8677724223712,1101.472439838912,538.580212491986,1589.9055691675835,2137.856230564879,1919.4027944454592,0.3911986450135948,Full-sample source->target 5-fold OOF residual; aggregate row only.
daily_steps,oak,adept,isotonic,headline,age_group,60+,2940,-23.674140042013132,69.30211885816341,860.093367735475,-1612.8523645877472,1116.897835545194,560.4381363090182,860.2728909347098,363.770622207674,1290.2653290035666,1768.247477833299,1919.4027944454592,0.2919856832192099,Full-sample source->target 5-fold OOF residual; aggregate row only.
daily_steps,oak,adept,isotonic,headline,sex,male,4161,-225.87144676674473,-46.90328069224552,1047.636943506173,-2069.418086159696,1117.708128535403,694.0148367395994,1071.586350593272,443.82008124909,1583.1794997611933,2193.6494056106085,1919.4027944454592,0.3615785278358466,Full-sample source->target 5-fold OOF residual; aggregate row only.
daily_steps,oak,adept,isotonic,headline,sex,female,4485,208.81014071846656,276.6330120697969,918.7233575199592,-1391.0242000541707,1484.0740341539515,681.1537404694037,942.054185255956,510.7120075044486,1447.33752976224,1877.717766665853,1919.4027944454592,0.3548779560187094,Full-sample source->target 5-fold OOF residual; aggregate row only.
daily_steps,oak,adept,isotonic,headline,bmi_group,<25,2572,-74.01802456277794,58.8837977954491,1083.1795216998578,-2007.0240950238176,1323.746971572824,735.7569060770252,1085.4954494756398,508.56684771225423,1614.0529251063454,2257.0002831366633,1919.4027944454592,0.3833259533674873,Full-sample source->target 5-fold OOF residual; aggregate row only.
daily_steps,oak,adept,isotonic,headline,bmi_group,25-<30,2741,-92.7625085227857,38.34101028646435,1071.718589021668,-1968.9824336570064,1296.0105417304849,719.7729174097313,1075.530836343786,489.21803786455575,1608.3811337986865,2156.752659262231,1919.4027944454592,0.3749983690201321,Full-sample source->target 5-fold OOF residual; aggregate row only.
daily_steps,oak,adept,isotonic,headline,bmi_group,>=30,3246,133.4842003878571,187.4457910687513,869.7106192895305,-1382.1131596987902,1374.442508579197,628.6591022975256,879.7622229077965,452.2146590332344,1377.0628228130263,1751.8902883999351,1919.4027944454592,0.327528491735448,Full-sample source->target 5-fold OOF residual; aggregate row only.
daily_steps,oak,adept,isotonic,headline,bmi_group,missing,87,92.05829544061852,41.149338627642834,715.1457376419814,-1104.5423671934143,1145.4143554193256,423.8906502390632,716.9585836711304,234.94380625429244,1209.9238210040205,1611.0724106977173,1919.4027944454592,0.2208450729913263,Full-sample source->target 5-fold OOF residual; aggregate row only.
daily_steps,oak,adept,quantile,fullsample_robustness,overall,all,8646,0.5447752049375068,15.528025311576698,1106.1072627996848,-1733.1262267162094,1658.3131865851883,734.306374880085,1106.0434286970612,481.50443160284215,1695.2851232608243,2297.413973549453,1919.4027944454592,0.3825702333064674,Full-sample source->target 5-fold OOF residual; aggregate row only.
daily_steps,oak,adept,quantile,fullsample_robustness,age_group,20-39,2757,134.23869592332227,125.64102689061087,1157.4250636655993,-1703.209819741504,2003.9057490544783,826.3085032425325,1164.975065456276,576.9041736953377,1871.599028405045,2437.1564339756947,1919.4027944454592,0.4305029176959513,Full-sample source->target 5-fold OOF residual; aggregate row only.
daily_steps,oak,adept,quantile,fullsample_robustness,age_group,40-59,2949,-2.571913470809953,-12.276349298988595,1223.0911393579374,-1822.1713653441395,1776.3345386319531,821.813270946781,1222.886452458485,565.1583472489056,1818.1614919931549,2370.7693264488,1919.4027944454592,0.428160922410355,Full-sample source->target 5-fold OOF residual; aggregate row only.
daily_steps,oak,adept,quantile,fullsample_robustness,age_group,60+,2940,-121.70115150111948,-10.813452061570215,900.1888652412581,-1615.8745580518482,1052.748755799842,560.256135289624,908.2265893118564,331.4892134522229,1332.6728001142912,1878.3292725413296,1919.4027944454592,0.2918908615278375,Full-sample source->target 5-fold OOF residual; aggregate row only.
daily_steps,oak,adept,quantile,fullsample_robustness,sex,male,4161,-184.2665497333031,-124.52225875268324,1163.996482904107,-1973.3451421197892,1523.84900088433,770.1530029763629,1178.353239759273,504.18310566969376,1764.981170361632,2347.1710615535303,1919.4027944454592,0.4012461611523652,Full-sample source->target 5-fold OOF residual; aggregate row only.
daily_steps,oak,adept,quantile,fullsample_robustness,sex,female,4485,172.00518168610114,139.20658106488304,1020.1603227576032,-1423.6510208692937,1771.1126791238096,701.0493359706953,1034.4471085962598,464.1742756367364,1606.9824701954728,2243.45031334785,1919.4027944454592,0.3652434694788686,Full-sample source->target 5-fold OOF residual; aggregate row only.
daily_steps,oak,adept,quantile,fullsample_robustness,bmi_group,<25,2572,-41.684287222083256,-21.95269797777723,1237.760214234205,-1966.8892421922048,1739.2408753403436,817.5843773274454,1238.2214110387458,547.3332431269067,1868.3922470729883,2497.8057055586505,1919.4027944454592,0.4259576883463151,Full-sample source->target 5-fold OOF residual; aggregate row only.
daily_steps,oak,adept,quantile,fullsample_robustness,bmi_group,25-<30,2741,-55.32532307314079,-34.01250021725127,1157.8454388469115,-1828.5064060826753,1740.6281970933878,778.0348604360069,1158.95550296306,520.304150057088,1789.511231465056,2357.333779030225,1919.4027944454592,0.4053525725228462,Full-sample source->target 5-fold OOF residual; aggregate row only.
daily_steps,oak,adept,quantile,fullsample_robustness,bmi_group,>=30,3246,80.60542421036514,73.3488172593558,944.1403233314152,-1422.500822077464,1520.3423930055164,641.1277085679986,947.4299812382504,424.2311634279258,1487.1585126933182,1969.6547745000437,1919.4027944454592,0.334024578073634,Full-sample source->target 5-fold OOF residual; aggregate row only.
daily_steps,oak,adept,quantile,fullsample_robustness,bmi_group,missing,87,22.1105369393274,23.784200311127336,666.29309128281,-1098.8731104870676,1060.221565406358,371.1701639104165,662.821639803176,135.60089301299325,1102.4318192766373,1427.2820926655677,1919.4027944454592,0.1933779428604262,Full-sample source->target 5-fold OOF residual; aggregate row only.
daily_steps,oak,adept,monotone_spline,fullsample_robustness,overall,all,8646,8.770607920989253,14.58235571440258,1139.1499283284825,-1731.741606150331,1652.3218697018058,741.0757058793928,1139.1178141773446,483.39491833977024,1693.1045760006182,2307.646884039671,1919.4027944454592,0.3860970235241838,Full-sample source->target 5-fold OOF residual; aggregate row only.
daily_steps,oak,adept,monotone_spline,fullsample_robustness,age_group,20-39,2757,144.07355834125303,124.44258154998988,1185.613577377081,-1702.0673525745362,2025.4900759722896,833.8377248764422,1194.121805635235,578.5542410226676,1868.5316121124656,2434.7428616986604,1919.4027944454592,0.4344256074282463,Full-sample source->target 5-fold OOF residual; aggregate row only.
daily_steps,oak,adept,monotone_spline,fullsample_robustness,age_group,40-59,2949,11.873227869993505,-9.042386422405343,1282.3159725646833,-1821.581882554222,1798.5191027258152,833.8421834975342,1282.1535152153135,565.1411668283051,1816.9824565120075,2394.2132940649667,1919.4027944454592,0.4344279303492637,Full-sample source->target 5-fold OOF residual; aggregate row only.
daily_steps,oak,adept,monotone_spline,fullsample_robustness,age_group,60+,2940,-121.2225419219634,-12.233527248097516,903.0139976710464,-1621.9901865453537,1060.2858460216278,561.0371926580447,910.962033270998,332.61010455379994,1329.7456441121583,1880.9569094720391,1919.4027944454592,0.2922977888130749,Full-sample source->target 5-fold OOF residual; aggregate row only.
daily_steps,oak,adept,monotone_spline,fullsample_robustness,sex,male,4161,-172.83917974385776,-125.19843264836824,1210.6777926758812,-1966.508502932591,1520.7723515376283,779.8344747966657,1222.8089968967051,506.8976952508101,1775.6036828661954,2390.284698979084,1919.4027944454592,0.4062901633015336,Full-sample source->target 5-fold OOF residual; aggregate row only.
daily_steps,oak,adept,monotone_spline,fullsample_robustness,sex,female,4485,177.2607587511851,138.2568923510985,1040.681056509113,-1425.7187039657558,1772.3478563458118,705.1169015394212,1055.555286374885,463.9410279485505,1611.2203466919516,2232.119012919275,1919.4027944454592,0.3673626523728901,Full-sample source->target 5-fold OOF residual; aggregate row only.
daily_steps,oak,adept,monotone_spline,fullsample_robustness,bmi_group,<25,2572,-29.615086573606465,-22.32912308617256,1287.0290056542192,-1956.1009848192864,1744.63160062094,826.8784092096134,1287.1195303198192,542.9405365188967,1873.346119732588,2523.885121491377,1919.4027944454592,0.4307998360753191,Full-sample source->target 5-fold OOF residual; aggregate row only.
daily_steps,oak,adept,monotone_spline,fullsample_robustness,bmi_group,25-<30,2741,-45.786099803039,-31.487770059864943,1186.974838603337,-1846.8716301242016,1742.1248828829048,786.1027523683285,1187.641200677185,523.1240942874097,1790.0812028155924,2381.048143777453,1919.4027944454592,0.4095559069952505,Full-sample source->target 5-fold OOF residual; aggregate row only.
daily_steps,oak,adept,monotone_spline,fullsample_robustness,bmi_group,>=30,3246,84.92574590553706,70.77747244784683,966.3096746196006,-1420.3562179748108,1524.8295223447003,644.9765508327158,969.8861306833584,426.8626250856216,1481.3499099049243,1954.930970694649,1919.4027944454592,0.3360298071354314,Full-sample source->target 5-fold OOF residual; aggregate row only.
daily_steps,oak,adept,monotone_spline,fullsample_robustness,bmi_group,missing,87,21.05065635569565,10.395902673626836,667.7365810441657,-1101.906708268818,1062.6270918998955,371.3535207071273,664.2215779783036,136.11707802412684,1106.882333808555,1430.777286314814,1919.4027944454592,0.1934734709055251,Full-sample source->target 5-fold OOF residual; aggregate row only.
daily_steps,oak,scrf,isotonic,headline,overall,all,8646,-1.436788401918362,8.995246695170863,1879.740120597502,-2957.201623691928,2919.2443308950096,1355.396815447236,1879.631960826959,999.751086241839,2941.974312729678,3710.1418392374662,7482.482142857143,0.1811426729218608,Full-sample source->target 5-fold OOF residual; aggregate row only.
daily_steps,oak,scrf,isotonic,headline,age_group,20-39,2757,-16.405707801137662,25.062265512266094,1831.066602710496,-3171.4622917468905,2898.48294974183,1369.267929341932,1830.808003197019,1046.7952813852817,3003.9455354896686,3827.539527932387,7482.482142857143,0.1829964847492552,Full-sample source->target 5-fold OOF residual; aggregate row only.
daily_steps,oak,scrf,isotonic,headline,age_group,40-59,2949,-13.013832868883007,-9.371428571428568,2018.7475373002544,-3090.7799892689463,3017.9747326530596,1429.1232089386942,2018.4471850935572,1018.3175377468106,3056.730887445886,3876.2908540031385,7482.482142857143,0.1909958729808597,Full-sample source->target 5-fold OOF residual; aggregate row only.
daily_steps,oak,scrf,isotonic,headline,age_group,60+,2940,24.21287653574366,11.490464333882072,1777.8127196847936,-2698.442946001367,2889.9264115646233,1268.437021088737,1777.6752486054877,929.0554300291536,2818.0944268453645,3509.056393642527,7482.482142857143,0.1695208885061758,Full-sample source->target 5-fold OOF residual; aggregate row only.
daily_steps,oak,scrf,isotonic,headline,sex,male,4161,-349.0698365440964,-297.68062397372796,1921.1159387130704,-3414.4613256113253,2607.873520249222,1395.9603938227528,1952.3445468804248,1009.2439754689732,3054.9217687074815,3873.4693877551,7482.482142857143,0.1865638122712195,Full-sample source->target 5-fold OOF residual; aggregate row only.
daily_steps,oak,scrf,isotonic,headline,sex,female,4485,321.08296930590836,298.1439393939395,1781.0460559957382,-2439.7113584006356,3103.283716626763,1317.7635825329603,1809.5612873005537,985.190508365511,2861.025407012474,3553.921714129887,7482.482142857143,0.1761131610305159,Full-sample source->target 5-fold OOF residual; aggregate row only.
daily_steps,oak,scrf,isotonic,headline,bmi_group,<25,2572,109.0812387611533,76.7226624994878,1979.9725716211233,-2947.4871452119783,3155.3405643885408,1443.2466361064226,1982.590699558632,1075.5588841506749,3086.817590590588,3889.1714924082303,7482.482142857143,0.1928834053395184,Full-sample source->target 5-fold OOF residual; aggregate row only.
daily_steps,oak,scrf,isotonic,headline,bmi_group,25-<30,2741,-118.48580321261842,-128.82325680272152,1891.5095686554375,-3110.2165608465584,2840.115015350899,1372.3549034062307,1894.872565835414,1007.4858201058224,2986.605322128853,3795.147117794486,7482.482142857143,0.1834090449138318,Full-sample source->target 5-fold OOF residual; aggregate row only.
daily_steps,oak,scrf,isotonic,headline,bmi_group,>=30,3246,-13.709067020155375,31.279749911627732,1784.8212999289976,-2876.2621888623416,2745.8060202710712,1274.6284198729377,1784.5990089368208,943.9921824135058,2807.3719916344917,3525.063769964507,7482.482142857143,0.1703483410367656,Full-sample source->target 5-fold OOF residual; aggregate row only.
daily_steps,oak,scrf,isotonic,headline,bmi_group,missing,87,876.8942475464254,567.0278095238091,1487.8282619115475,-1347.508646616541,3667.844030407344,1237.4928407706952,1719.6314726057674,716.592349726775,3151.2286758563073,3708.34912229069,7482.482142857143,0.1653853383334859,Full-sample source->target 5-fold OOF residual; aggregate row only.
daily_steps,oak,scrf,quantile,fullsample_robustness,overall,all,8646,1.2703300042111347,-72.74122125467784,1894.1607599867843,-2840.6291230158863,3023.4592232552905,1362.9469367028853,1894.0516431054905,1011.0098369082376,2924.3688633099937,3712.771691634968,7482.482142857143,0.1821517125843018,Full-sample source->target 5-fold OOF residual; aggregate row only.
daily_steps,oak,scrf,quantile,fullsample_robustness,age_group,20-39,2757,61.886332934138856,18.592543936943912,1830.8618915754607,-2782.721975044948,3086.2526185467796,1359.985556358388,1831.5756467835836,1034.1826401446633,2926.349039519549,3785.1832252184945,7482.482142857143,0.1817559374540766,Full-sample source->target 5-fold OOF residual; aggregate row only.
daily_steps,oak,scrf,quantile,fullsample_robustness,age_group,40-59,2949,44.54173271404768,-12.1199446409355,2040.242739844685,-2894.0096521275477,3127.475567974817,1447.6990992528424,2040.3830222173408,1059.3581081081063,3005.752775092831,3930.662390670555,7482.482142857143,0.1934784569629519,Full-sample source->target 5-fold OOF residual; aggregate row only.
daily_steps,oak,scrf,quantile,fullsample_robustness,age_group,60+,2940,-98.97650219616938,-171.10890335722388,1794.299492811057,-2757.5880095568696,2816.605368903375,1280.712378284503,1796.7225568330173,956.2473490107592,2801.617957309933,3505.4202876249215,7482.482142857143,0.1711614346459997,Full-sample source->target 5-fold OOF residual; aggregate row only.
daily_steps,oak,scrf,quantile,fullsample_robustness,sex,male,4161,-318.8203462694293,-364.9171159030011,1935.3886756275524,-3187.993560696398,2824.997171145689,1411.3463730109568,1961.2433657334548,1039.191899852722,3004.321575543765,3889.663404635503,7482.482142857143,0.1886200790145878,Full-sample source->target 5-fold OOF residual; aggregate row only.
daily_steps,oak,scrf,quantile,fullsample_robustness,sex,female,4485,298.23739889487285,206.83149171270543,1805.237470832006,-2401.7073378486966,3198.1701504418575,1318.043914522755,1829.508473350864,983.9949424968828,2841.3001302349994,3607.685905263159,7482.482142857143,0.1761506261369395,Full-sample source->target 5-fold OOF residual; aggregate row only.
daily_steps,oak,scrf,quantile,fullsample_robustness,bmi_group,<25,2572,142.59002415086263,31.878950106377943,2009.5736303851277,-2860.9319177627517,3303.739808786144,1456.388281879464,2014.23632087512,1084.039241962802,3076.196574833099,3964.25220538098,7482.482142857143,0.1946397270416138,Full-sample source->target 5-fold OOF residual; aggregate row only.
daily_steps,oak,scrf,quantile,fullsample_robustness,bmi_group,25-<30,2741,-84.87937121739695,-179.7442857142869,1905.6539846311696,-2914.957593984964,3035.6778115501547,1388.2310646335238,1907.1960384624456,1039.980769230771,2971.8798701298147,3749.344418137789,7482.482142857143,0.1855308222765014,Full-sample source->target 5-fold OOF residual; aggregate row only.
daily_steps,oak,scrf,quantile,fullsample_robustness,bmi_group,>=30,3246,-56.4241235308409,-80.58861065854444,1788.2505711302658,-2757.407188385933,2733.7968318195535,1275.0270774651715,1788.865177578699,943.3154339571664,2747.538558668937,3521.390408399425,7482.482142857143,0.1704016198264269,Full-sample source->target 5-fold OOF residual; aggregate row only.
daily_steps,oak,scrf,quantile,fullsample_robustness,bmi_group,missing,87,690.2160067630506,206.02911051212936,1459.025067827671,-966.6002988878492,3409.518120023158,1084.2449669739265,1606.4506982949697,579.3295905290779,2848.45220832694,3522.5700836347187,7482.482142857143,0.1449044509927709,Full-sample source->target 5-fold OOF residual; aggregate row only.
daily_steps,oak,scrf,monotone_spline,fullsample_robustness,overall,all,8646,4.582807106447543,-70.96452599924169,1896.7185059020444,-2824.7772491015694,3027.2019628646694,1364.5342554250674,1896.614351847823,1008.084726941136,2919.0547619292647,3716.850833954914,7482.482142857143,0.1823638505743266,Full-sample source->target 5-fold OOF residual; aggregate row only.
daily_steps,oak,scrf,monotone_spline,fullsample_robustness,age_group,20-39,2757,69.6410513890856,32.64931140898079,1831.3240183317205,-2774.1043558849583,3129.2295225023463,1361.382538731527,1832.3157719037165,1021.995604681888,2928.2756234802346,3787.4108405974416,7482.482142857143,0.1819426378492753,Full-sample source->target 5-fold OOF residual; aggregate row only.
daily_steps,oak,scrf,monotone_spline,fullsample_robustness,age_group,40-59,2949,47.824928366192424,-10.952307109141657,2045.0114102719408,-2891.0244382374963,3121.46954907356,1450.5536186973902,2045.2238898907804,1056.0223081658714,3012.2873805077716,3974.0362034040554,7482.482142857143,0.193859950615733,Full-sample source->target 5-fold OOF residual; aggregate row only.
daily_steps,oak,scrf,monotone_spline,fullsample_robustness,age_group,60+,2940,-99.80038849975,-175.14689575294096,1795.9776621368912,-2754.320106888367,2816.2554304900086,1281.2071059808538,1798.4434268087523,952.8255887282326,2792.168869221154,3529.9398994773837,7482.482142857143,0.1712275527718977,Full-sample source->target 5-fold OOF residual; aggregate row only.
daily_steps,oak,scrf,monotone_spline,fullsample_robustness,sex,male,4161,-316.45278620000107,-361.1310862332375,1938.1739792120784,-3207.0523541858383,2847.82921835261,1413.482027925837,1963.6083997023024,1038.54937555595,3012.1240425404067,3884.579953573855,7482.482142857143,0.1889054996643275,Full-sample source->target 5-fold OOF residual; aggregate row only.
daily_steps,oak,scrf,monotone_spline,fullsample_robustness,sex,female,4485,302.42653146500555,200.45825649217113,1807.3413879060324,-2374.1388691838065,3214.638111952321,1319.122509298936,1832.2708278460168,984.0486970005986,2832.85648857422,3597.4162777054157,7482.482142857143,0.1762947754654094,Full-sample source->target 5-fold OOF residual; aggregate row only.
daily_steps,oak,scrf,monotone_spline,fullsample_robustness,bmi_group,<25,2572,148.86656639515405,35.307952164314884,2012.0392364545628,-2817.136261339108,3320.734721425448,1457.2101908732434,2017.1487683795049,1081.0220393388472,3073.3687512681427,3995.757616541386,7482.482142857143,0.1947495714726578,Full-sample source->target 5-fold OOF residual; aggregate row only.
daily_steps,oak,scrf,monotone_spline,fullsample_robustness,bmi_group,25-<30,2741,-83.93162571957383,-178.7430876645086,1911.8875428047863,-2883.020291357847,3014.664911264048,1392.075937682898,1913.3804965653087,1038.7009674013923,2960.351856940486,3735.36319951505,7482.482142857143,0.1860446722230788,Full-sample source->target 5-fold OOF residual; aggregate row only.
daily_steps,oak,scrf,monotone_spline,fullsample_robustness,bmi_group,>=30,3246,-53.43374637736043,-82.41371387700997,1787.5474397938297,-2754.9017913058287,2743.1358610644083,1275.4875666510063,1788.0706434661793,943.9774393365868,2754.2209211206737,3532.2936885942972,7482.482142857143,0.1704631621297754,Full-sample source->target 5-fold OOF residual; aggregate row only.
daily_steps,oak,scrf,monotone_spline,fullsample_robustness,bmi_group,missing,87,692.4214748537132,223.59159710668297,1450.9816662154988,-928.2245591904988,3399.8456362797824,1079.3767234616166,1600.1862062215123,583.0952617137161,2794.691361836406,3534.484219263126,7482.482142857143,0.1442538321981832,Full-sample source->target 5-fold OOF residual; aggregate row only.
daily_steps,oak,scssl,isotonic,headline,overall,all,8646,-1.3759012444948622,25.37618506493527,2345.4487024445452,-3835.18038704066,3715.8797273201153,1778.544970842,2345.313464323197,1409.307981210888,3765.319894411468,4656.036106125869,5813.0,0.3059599124104593,Full-sample source->target 5-fold OOF residual; aggregate row only.
daily_steps,oak,scssl,isotonic,headline,age_group,20-39,2757,484.4653532824173,536.1614555256092,2257.3540243907696,-3147.685969267627,3953.112314671484,1764.1437784016202,2308.355607787894,1422.676743197277,3645.006799424683,4624.697455549594,5813.0,0.3034825010152451,Full-sample source->target 5-fold OOF residual; aggregate row only.
daily_steps,oak,scssl,isotonic,headline,age_group,40-59,2949,-32.86722011773754,4.032682132682567,2449.0761747753595,-4044.01891306713,3838.017378929951,1855.8850822219415,2448.881471813191,1465.1245564892631,3923.892424128491,4977.455064102562,5813.0,0.3192645935355138,Full-sample source->target 5-fold OOF residual; aggregate row only.
daily_steps,oak,scssl,isotonic,headline,age_group,60+,2940,-425.3882955892242,-389.6960441947035,2232.593650415851,-3995.581229554237,3232.6745932589056,1714.4728957054965,2272.3851369085783,1336.0389539995372,3765.474014413979,4496.105835601977,5813.0,0.294937707845432,Full-sample source->target 5-fold OOF residual; aggregate row only.
daily_steps,oak,scssl,isotonic,headline,sex,male,4161,-561.6393865982415,-459.29005847952976,2292.9404699297957,-4347.588132733407,3022.5628306878325,1770.0024851429844,2360.455731965928,1378.7848184818504,3864.2726269315663,4790.196111111112,5813.0,0.304490363864267,Full-sample source->target 5-fold OOF residual; aggregate row only.
daily_steps,oak,scssl,isotonic,headline,sex,female,4485,518.413700217476,497.3976880607306,2273.0565481958806,-3176.2199755437964,4104.325760538362,1786.4703405172738,2331.177132081072,1431.8243993010035,3705.2869716425894,4584.6702659998555,5813.0,0.3073232995901038,Full-sample source->target 5-fold OOF residual; aggregate row only.
daily_steps,oak,scssl,isotonic,headline,bmi_group,<25,2572,-137.05630013525422,-133.791591995222,2453.0824169564607,-4087.402001858884,3712.981723501866,1863.8849070924591,2456.4319878119113,1478.5225457739662,3917.8117644557847,4893.246641852333,5813.0,0.3206407891093168,Full-sample source->target 5-fold OOF residual; aggregate row only.
daily_steps,oak,scssl,isotonic,headline,bmi_group,25-<30,2741,-345.649624982336,-329.0079365079364,2379.795500538379,-4150.581113256112,3469.7068166992835,1813.3898864257171,2404.336519228031,1453.1820004556776,3895.730989876266,4780.171693121692,5813.0,0.3119542209574604,Full-sample source->target 5-fold OOF residual; aggregate row only.
daily_steps,oak,scssl,isotonic,headline,bmi_group,>=30,3246,363.5677806798636,397.408637609758,2162.936114461654,-3262.5572662378536,3785.683398282051,1677.2967057103108,2192.950733119568,1319.1997197095177,3522.966015614166,4368.435737543647,5813.0,0.2885423543282833,Full-sample source->target 5-fold OOF residual; aggregate row only.
daily_steps,oak,scssl,isotonic,headline,bmi_group,missing,87,1240.1996296289312,795.9118466898951,2283.61974678128,-2030.2757549361213,5101.507102212683,1935.4143842478936,2587.097344480897,1606.383421814673,4372.238170701884,5101.507102212683,5813.0,0.3329458772145008,Full-sample source->target 5-fold OOF residual; aggregate row only.
daily_steps,oak,scssl,quantile,fullsample_robustness,overall,all,8646,0.8211776178602354,-121.21005774879904,2426.6818371713916,-3727.538141574367,4036.3009413868663,1823.7100871385344,2426.541636541212,1434.375040537673,3862.366142735734,4811.294215400145,5813.0,0.3137295866400369,Full-sample source->target 5-fold OOF residual; aggregate row only.
daily_steps,oak,scssl,quantile,fullsample_robustness,age_group,20-39,2757,658.3045712184801,592.3359317629784,2308.046826326408,-2807.0943494709963,4526.517653381098,1793.074458404204,2399.6901590161074,1384.8032317297111,3746.6336234294417,4902.12991637569,5813.0,0.3084593941861696,Full-sample source->target 5-fold OOF residual; aggregate row only.
daily_steps,oak,scssl,quantile,fullsample_robustness,age_group,40-59,2949,100.13882387347344,-15.957983193282416,2524.0639723912914,-3757.395601566452,4323.079482823839,1881.550542175402,2525.6219752146485,1474.920222126626,3986.5792625204376,4903.636836122189,5813.0,0.3236797767375541,Full-sample source->target 5-fold OOF residual; aggregate row only.
daily_steps,oak,scssl,quantile,fullsample_robustness,age_group,60+,2940,-715.358909104831,-785.1525024099237,2237.7287873610244,-4152.432461095017,3120.0270993888794,1794.421286634055,2348.92854022725,1442.6909897959267,3791.8782880608146,4604.068604749238,5813.0,0.3086910866392663,Full-sample source->target 5-fold OOF residual; aggregate row only.
daily_steps,oak,scssl,quantile,fullsample_robustness,sex,male,4161,-506.4144669261232,-586.4852216748859,2341.550200238591,-4147.093590895478,3394.618060120718,1812.5345636133352,2395.4112955285955,1414.5272255834052,3850.408533153215,4806.602996254682,5813.0,0.3118070813028273,Full-sample source->target 5-fold OOF residual; aggregate row only.
daily_steps,oak,scssl,quantile,fullsample_robustness,sex,female,4485,471.41371205431847,315.27760891590697,2409.6541456225054,-3165.6119121812076,4490.46211867978,1834.0782818739544,2455.070132504401,1445.7416962270308,3869.812781386072,4819.910317902581,5813.0,0.3155132086485385,Full-sample source->target 5-fold OOF residual; aggregate row only.
daily_steps,oak,scssl,quantile,fullsample_robustness,bmi_group,<25,2572,-64.09846498270892,-198.41467661585943,2578.4783423396843,-3970.665247252746,4187.543751047733,1940.121002154755,2578.7737787804585,1533.5575993814737,4036.544343512814,5098.719686093334,5813.0,0.3337555482805358,Full-sample source->target 5-fold OOF residual; aggregate row only.
daily_steps,oak,scssl,quantile,fullsample_robustness,bmi_group,25-<30,2741,-270.8818750290274,-439.543905635649,2471.1173656718347,-4007.396573080101,3934.256785662372,1884.3174684815433,2485.47182993431,1512.5984784446327,3978.987798678192,4834.893500044327,5813.0,0.3241557661244698,Full-sample source->target 5-fold OOF residual; aggregate row only.
daily_steps,oak,scssl,quantile,fullsample_robustness,bmi_group,>=30,3246,260.4167802112099,144.7278990484803,2234.720669598755,-3230.9079002514673,3939.6872860084886,1687.137519828456,2249.501026641682,1296.404129511298,3614.2982167205246,4526.27728702034,5813.0,0.2902352519918211,Full-sample source->target 5-fold OOF residual; aggregate row only.
daily_steps,oak,scssl,quantile,fullsample_robustness,bmi_group,missing,87,794.6609713623415,43.03246630727764,2133.1069502316795,-2329.5360764798315,4571.404298680764,1568.3175331800578,2264.8025963183636,1110.3956043956075,3888.688730965209,4571.404298680764,5813.0,0.2697948620643485,Full-sample source->target 5-fold OOF residual; aggregate row only.
daily_steps,oak,scssl,monotone_spline,fullsample_robustness,overall,all,8646,-5.6949592862694525,-124.48840361385464,2424.7896765135315,-3728.563618554686,4026.355833281884,1823.31293643574,2424.656134444859,1435.3577962997424,3855.674138735605,4795.729343328964,5813.0,0.3136612655144916,Full-sample source->target 5-fold OOF residual; aggregate row only.
daily_steps,oak,scssl,monotone_spline,fullsample_robustness,age_group,20-39,2757,655.5275399656963,590.9445727701641,2307.269522422514,-2801.055890615534,4488.801198351184,1792.7190630876432,2398.1822500101944,1384.8416012574007,3735.6818435240016,4895.347742088688,5813.0,0.3083982561650857,Full-sample source->target 5-fold OOF residual; aggregate row only.
daily_steps,oak,scssl,monotone_spline,fullsample_robustness,age_group,40-59,2949,93.27502656540054,-20.40615998615067,2517.4371115832805,-3762.33562829054,4271.221460256911,1877.404907662297,2518.7379401815124,1472.3822106586504,3986.635450654298,4907.258762476101,5813.0,0.3229666106420604,Full-sample source->target 5-fold OOF residual; aggregate row only.
daily_steps,oak,scssl,monotone_spline,fullsample_robustness,age_group,60+,2940,-725.032686740094,-793.7563248049016,2237.903743383093,-4141.242508668374,3124.270902811222,1797.744938365531,2352.059116524092,1455.1109502417555,3806.205215185388,4614.967086516048,5813.0,0.3092628485060263,Full-sample source->target 5-fold OOF residual; aggregate row only.
daily_steps,oak,scssl,monotone_spline,fullsample_robustness,sex,male,4161,-515.5554904720503,-593.5510289044687,2337.277082527974,-4150.12906925499,3375.4731723593795,1811.2650970496463,2393.1879891393155,1422.5044957958562,3847.8156892429433,4783.12915260122,5813.0,0.3115886972388864,Full-sample source->target 5-fold OOF residual; aggregate row only.
daily_steps,oak,scssl,monotone_spline,fullsample_robustness,sex,female,4485,467.3328378740504,303.66948421081634,2408.839438025585,-3170.94058844635,4491.372780685016,1834.4904302340756,2453.4900979862746,1444.5473681218173,3872.154845757368,4799.227013310813,5813.0,0.3155841097942672,Full-sample source->target 5-fold OOF residual; aggregate row only.
daily_steps,oak,scssl,monotone_spline,fullsample_robustness,bmi_group,<25,2572,-68.41346544156495,-199.0443537949168,2577.839735343531,-3978.22516302012,4205.530438606754,1939.800194342974,2578.246382842397,1528.4687339295942,4058.934711739193,5142.921463977076,5813.0,0.3337003602860784,Full-sample source->target 5-fold OOF residual; aggregate row only.
daily_steps,oak,scssl,monotone_spline,fullsample_robustness,bmi_group,25-<30,2741,-280.02364974763907,-440.3962161122963,2464.463587199793,-4031.1615100676977,3905.951465969953,1883.2510869888397,2479.8746319983657,1508.393501679584,4011.375350556817,4829.874053680656,5813.0,0.3239723184223017,Full-sample source->target 5-fold OOF residual; aggregate row only.
daily_steps,oak,scssl,monotone_spline,fullsample_robustness,bmi_group,>=30,3246,254.48316143859824,134.92580812397037,2235.8145646629446,-3220.898007564222,3936.722412631568,1687.2783276001114,2249.9085400896665,1294.002527276019,3610.8063988175704,4521.654286347293,5813.0,0.2902594749011029,Full-sample source->target 5-fold OOF residual; aggregate row only.
daily_steps,oak,scssl,monotone_spline,fullsample_robustness,bmi_group,missing,87,784.0608856920473,47.18665058089584,2131.9971234110467,-2324.724765405215,4583.469064343966,1566.6766407690573,2260.070152631869,1102.4066163589432,3877.2565807532455,4583.469064343966,5813.0,0.2695125822757711,Full-sample source->target 5-fold OOF residual; aggregate row only.
daily_steps,oak,vs,isotonic,headline,overall,all,8646,0.1139345855924315,142.3048538011708,1221.6350432818904,-1954.62489395312,1607.78843112245,835.4364631017809,1221.564399140591,616.0741849517581,1741.203328837436,2295.403324056896,5559.857142857143,0.1502622174699366,Full-sample source->target 5-fold OOF residual; aggregate row only.
daily_steps,oak,vs,isotonic,headline,age_group,20-39,2757,117.6267624583547,244.83310657596303,1164.225565916652,-1721.3272428059413,1652.3923849539788,836.1435635489032,1169.9425603741497,641.9163709928434,1693.0945964432276,2239.0142244897934,5559.857142857143,0.1503893970770657,Full-sample source->target 5-fold OOF residual; aggregate row only.
daily_steps,oak,vs,isotonic,headline,age_group,40-59,2949,47.57152799366408,181.72353266888055,1277.6928668312123,-1990.7231141734576,1765.8757513051708,882.4371354463425,1278.3616605097368,649.5902380952357,1848.9735842781572,2384.0329052871166,5559.857142857143,0.1587157930091831,Full-sample source->target 5-fold OOF residual; aggregate row only.
daily_steps,oak,vs,isotonic,headline,age_group,60+,2940,-157.68719106257387,11.475886657830417,1200.4959491287589,-2092.2525799945265,1320.451822553529,787.628824096057,1210.6054572986625,554.4978829183874,1645.9333580800735,2272.0019713292268,5559.857142857143,0.1416635003127623,Full-sample source->target 5-fold OOF residual; aggregate row only.
daily_steps,oak,vs,isotonic,headline,sex,male,4161,-77.70073510719914,70.02218253968203,1292.331018016953,-2206.8242587601035,1657.449206349207,883.7092849441251,1294.5097488335607,633.5922619047615,1895.155197634612,2518.1636209029066,5559.857142857143,0.1589446027546667,Full-sample source->target 5-fold OOF residual; aggregate row only.
daily_steps,oak,vs,isotonic,headline,sex,female,4485,72.3072100798412,188.30452380952192,1147.6095889340045,-1706.4579548175373,1568.3669090640203,790.6509086567432,1149.7575631522166,591.1955026455016,1628.863843563358,2098.4848165018025,5559.857142857143,0.1422070546673142,Full-sample source->target 5-fold OOF residual; aggregate row only.
daily_steps,oak,vs,isotonic,headline,bmi_group,<25,2572,-90.12777328594775,70.2395793650785,1286.1000562502225,-2259.469630881938,1556.514840608466,866.7764224618334,1289.0047595506255,605.4274034808714,1830.6966563861504,2516.8889869820787,5559.857142857143,0.1558990456392207,Full-sample source->target 5-fold OOF residual; aggregate row only.
daily_steps,oak,vs,isotonic,headline,bmi_group,25-<30,2741,-61.32530974901609,75.35917107583737,1242.897234587492,-2095.3531895777196,1653.418225108222,867.0072069261087,1244.1827606058212,638.8877515954828,1847.728937728938,2380.870608899295,5559.857142857143,0.1559405547029153,Full-sample source->target 5-fold OOF residual; aggregate row only.
daily_steps,oak,vs,isotonic,headline,bmi_group,>=30,3246,121.60423182851162,234.78785556454113,1151.557123012406,-1623.4356446157994,1598.0914547401098,794.0736821762813,1157.7836016146755,603.0228379857692,1619.2595608377142,2121.07625087535,5559.857142857143,0.142822677233073,Full-sample source->target 5-fold OOF residual; aggregate row only.
daily_steps,oak,vs,isotonic,headline,bmi_group,missing,87,70.79366465740473,123.52380952380946,625.4841260237763,-1253.3954490392643,962.64712977792,457.52614801711223,625.8955454442392,284.3612836438929,1086.180502727408,1335.563398227711,5559.857142857143,0.0822909899051821,Full-sample source->target 5-fold OOF residual; aggregate row only.
daily_steps,oak,vs,quantile,fullsample_robustness,overall,all,8646,0.8775945328852676,82.3932947583387,1239.0723395307648,-1898.86471310608,1711.9736475134,842.0967978325904,1239.000992448218,610.7634793682282,1799.0326221213545,2356.477844762657,5559.857142857143,0.1514601501792988,Full-sample source->target 5-fold OOF residual; aggregate row only.
daily_steps,oak,vs,quantile,fullsample_robustness,age_group,20-39,2757,156.0079526208922,226.80312003466133,1184.0823072194055,-1612.9095340084982,1839.1709007222637,848.2598429119278,1194.1025288171295,652.1476460620415,1755.59006681724,2265.191238873901,5559.857142857143,0.1525686400057425,Full-sample source->target 5-fold OOF residual; aggregate row only.
daily_steps,oak,vs,quantile,fullsample_robustness,age_group,40-59,2949,80.79232507543054,148.30853576999652,1302.0976416237402,-1946.5479653117964,1934.3722314018528,894.9231908441255,1304.3813635614697,653.8420571428596,1937.1206609268295,2489.7628288005117,5559.857142857143,0.160961544127775,Full-sample source->target 5-fold OOF residual; aggregate row only.
daily_steps,oak,vs,quantile,fullsample_robustness,age_group,60+,2940,-224.7560577183396,-77.35606446027282,1191.947107812911,-2131.508420550038,1291.9262562048548,783.329264405805,1212.7530453964316,533.8675918337312,1683.106387019325,2274.9846462200694,5559.857142857143,0.1408901783406725,Full-sample source->target 5-fold OOF residual; aggregate row only.
daily_steps,oak,vs,quantile,fullsample_robustness,sex,male,4161,-56.7371119321171,22.539548022596136,1314.4970257060393,-2121.9483225108215,1810.6876932591213,896.3552157281464,1315.5630996351558,645.1394251394249,1966.027331906549,2549.9601582264604,5559.857142857143,0.1612191091779599,Full-sample source->target 5-fold OOF residual; aggregate row only.
daily_steps,oak,vs,quantile,fullsample_robustness,sex,female,4485,54.33016835693764,135.12388392857065,1162.3335029227017,-1698.1788333211948,1646.6736723471004,791.7580515977168,1163.4731232931997,584.4998430141295,1673.8743440225069,2160.7233667109645,5559.857142857143,0.1424061862119791,Full-sample source->target 5-fold OOF residual; aggregate row only.
daily_steps,oak,vs,quantile,fullsample_robustness,bmi_group,<25,2572,-70.38604192972977,26.800831212442063,1309.8399390870704,-2206.4954369363704,1713.4204513670315,886.4001259168524,1311.475428673375,629.1684928688483,1916.3888880122397,2566.0253606877736,5559.857142857143,0.1594285793935601,Full-sample source->target 5-fold OOF residual; aggregate row only.
daily_steps,oak,vs,quantile,fullsample_robustness,bmi_group,25-<30,2741,-39.134595977822016,28.843799058085096,1264.757178877382,-2004.8328571428592,1787.9946135671962,879.0999076730449,1265.1318712207867,648.3584626279553,1884.548593510828,2356.5812588794943,5559.857142857143,0.1581155567643391,Full-sample source->target 5-fold OOF residual; aggregate row only.
daily_steps,oak,vs,quantile,fullsample_robustness,bmi_group,>=30,3246,91.47021396546316,164.83684349579016,1164.865000715504,-1642.5567194525988,1662.7595418278552,786.9002038842983,1168.2719052207829,575.4155032784315,1654.0358855685208,2169.459900613372,5559.857142857143,0.1415324501449186,Full-sample source->target 5-fold OOF residual; aggregate row only.
daily_steps,oak,vs,quantile,fullsample_robustness,bmi_group,missing,87,-11.767871058531153,66.23997273521205,604.6700777050756,-1324.8397635747097,798.2609509230144,425.9411662319976,601.3000823851419,307.61282399035554,1060.6695296049163,1411.4846392685456,5559.857142857143,0.0766100918220916,Full-sample source->target 5-fold OOF residual; aggregate row only.
daily_steps,oak,vs,monotone_spline,fullsample_robustness,overall,all,8646,1.134044734260142,81.07393160033007,1238.4877136168034,-1892.5110948752656,1730.2639151169012,842.9305324543197,1238.4166087752335,611.8212634947613,1799.5871349736872,2360.5841377295824,5559.857142857143,0.1516101063023263,Full-sample source->target 5-fold OOF residual; aggregate row only.
daily_steps,oak,vs,monotone_spline,fullsample_robustness,age_group,20-39,2757,160.1938623229038,228.4674027383171,1187.3808504637636,-1625.152693693816,1849.8996580219075,851.3109448846567,1197.9248632836102,655.104968264458,1749.99435333489,2284.6479468625394,5559.857142857143,0.1531174134533928,Full-sample source->target 5-fold OOF residual; aggregate row only.
daily_steps,oak,vs,monotone_spline,fullsample_robustness,age_group,40-59,2949,83.28625402662438,150.67390812412123,1297.1390439493175,-1934.7655248357808,1940.7440481737317,894.1659598654527,1299.5906060866907,649.9561242275267,1940.284528093876,2488.06946453397,5559.857142857143,0.1608253480063251,Full-sample source->target 5-fold OOF residual; aggregate row only.
daily_steps,oak,vs,monotone_spline,fullsample_robustness,age_group,60+,2940,-230.4288063865129,-88.50468527515409,1190.7293309509264,-2126.385250540856,1300.1719647097646,783.6794873842962,1212.6217535328942,536.6802077696711,1688.4260036040123,2251.9073811475623,5559.857142857143,0.1409531697034886,Full-sample source->target 5-fold OOF residual; aggregate row only.
daily_steps,oak,vs,monotone_spline,fullsample_robustness,sex,male,4161,-57.12431426063037,22.74283818825552,1311.149919320719,-2114.2656827324136,1828.6861467798908,896.9544055520827,1312.236315967838,644.6567661940189,1971.5427562379248,2549.8391331269468,5559.857142857143,0.1613268799009373,Full-sample source->target 5-fold OOF residual; aggregate row only.
daily_steps,oak,vs,monotone_spline,fullsample_robustness,sex,female,4485,55.18377311279736,134.16805367625238,1164.579967640774,-1698.9656975184985,1652.8477996977686,792.8093873127834,1165.7569874321218,584.2590577504725,1679.0068030595185,2176.700315021045,5559.857142857143,0.1425952802278959,Full-sample source->target 5-fold OOF residual; aggregate row only.
daily_steps,oak,vs,monotone_spline,fullsample_robustness,bmi_group,<25,2572,-68.11714454101798,30.412923868962935,1305.8230482287886,-2175.8637016220755,1727.5396263957168,887.404337324804,1307.3449440895545,629.0364687557721,1913.1956788075684,2589.7769301095927,5559.857142857143,0.1596091975968968,Full-sample source->target 5-fold OOF residual; aggregate row only.
daily_steps,oak,vs,monotone_spline,fullsample_robustness,bmi_group,25-<30,2741,-37.72576744652365,34.2987974534617,1267.3072084083,-1995.8123511336528,1783.3439547467751,880.9915810411725,1267.6375080505516,645.5083052198424,1875.3619194116764,2397.391821284984,5559.857142857143,0.1584557945293611,Full-sample source->target 5-fold OOF residual; aggregate row only.
daily_steps,oak,vs,monotone_spline,fullsample_robustness,bmi_group,>=30,3246,89.50514469340034,157.9249544831714,1164.7317560538513,-1644.5478061791307,1678.8314387486455,786.716086181722,1167.986859818033,578.0948752476634,1663.851074283043,2186.901585614946,5559.857142857143,0.1414993345993487,Full-sample source->target 5-fold OOF residual; aggregate row only.
daily_steps,oak,vs,monotone_spline,fullsample_robustness,bmi_group,missing,87,-24.426719217756048,37.69473644159939,604.9662174600943,-1346.7589755155188,775.8637466170176,426.38032897620144,601.9751446759836,309.89323939958285,1091.950528560416,1391.0330783242548,5559.857142857143,0.0766890799566641,Full-sample source->target 5-fold OOF residual; aggregate row only.
daily_steps,oak,vsrev,isotonic,headline,overall,all,8646,1.6911518222632926,49.19880952380953,1231.4510731039943,-1958.0604372860264,1853.0063687779796,875.8238897025514,1231.3810172659582,638.602055072733,1903.442966410704,2490.126753040894,6301.767857142858,0.1389806653556481,Full-sample source->target 5-fold OOF residual; aggregate row only.
daily_steps,oak,vsrev,isotonic,headline,age_group,20-39,2757,-267.79454431498,-212.26781874039895,1252.7687827284813,-2334.5260666282634,1614.3784614019544,931.9223722377944,1280.8490497594137,711.7013784461151,1987.106928933786,2542.3764918625698,6301.767857142858,0.1478826883763243,Full-sample source->target 5-fold OOF residual; aggregate row only.
daily_steps,oak,vsrev,isotonic,headline,age_group,40-59,2949,113.41237741541038,148.7136827458262,1319.7478465733586,-1937.5660613723744,2123.7961764028837,962.6974042676188,1324.3889637273944,715.1731772377007,2047.894693726554,2646.4663945123507,6301.767857142858,0.1527662437099188,Full-sample source->target 5-fold OOF residual; aggregate row only.
daily_steps,oak,vsrev,isotonic,headline,age_group,60+,2940,142.33950895702145,148.8357142857144,1068.3879175216944,-1520.7980216512583,1744.788910009716,736.077797593011,1077.647915083768,507.7903828197947,1647.3867934166194,2189.2179611037946,6301.767857142858,0.1168049687451894,Full-sample source->target 5-fold OOF residual; aggregate row only.
daily_steps,oak,vsrev,isotonic,headline,sex,male,4161,-75.87149846687736,-26.29410815173651,1297.894167118927,-2183.8740476190487,1904.759290623466,924.8524695095732,1299.9541975459106,667.9474529346617,2027.273068783069,2615.127976190477,6301.767857142858,0.14676079641069,Full-sample source->target 5-fold OOF residual; aggregate row only.
daily_steps,oak,vsrev,isotonic,headline,sex,female,4485,73.6506139968707,109.14959114958764,1161.9525832230756,-1740.0461471861456,1820.104301112837,830.3371738548327,1164.155138038902,611.9478937728941,1796.2096959280177,2322.279635861724,6301.767857142858,0.1317625772129437,Full-sample source->target 5-fold OOF residual; aggregate row only.
daily_steps,oak,vsrev,isotonic,headline,bmi_group,<25,2572,-155.15087953267025,-62.607043650795504,1349.519068224585,-2374.47981311734,1779.1555401439057,957.0960323464732,1358.1477913551105,704.2768306379196,2027.587501889646,2718.2382257299214,6301.767857142858,0.1518773864799914,Full-sample source->target 5-fold OOF residual; aggregate row only.
daily_steps,oak,vsrev,isotonic,headline,bmi_group,25-<30,2741,15.47871305913432,54.92992530345509,1265.7852997880066,-1987.5079365079364,1989.7103174603176,916.9915425874486,1265.6490350769875,665.7693452380954,1989.7103174603176,2572.1357709750573,6301.767857142858,0.1455133802728177,Full-sample source->target 5-fold OOF residual; aggregate row only.
daily_steps,oak,vsrev,isotonic,headline,bmi_group,>=30,3246,114.0239857875734,120.85940307157388,1094.0956164000434,-1617.464587816834,1814.7683489194017,786.9839130409014,1099.8535864730693,581.8736254442092,1721.6807995495496,2245.277244537977,6301.767857142858,0.1248830377254978,Full-sample source->target 5-fold OOF residual; aggregate row only.
daily_steps,oak,vsrev,isotonic,headline,bmi_group,missing,87,12.882189100757437,19.28571428571428,749.8294136464025,-1161.0316732553038,1163.0647542242696,490.790289772039,745.6188865187794,327.04784853700585,1206.341583289783,1473.209937343359,6301.767857142858,0.0778813661337498,Full-sample source->target 5-fold OOF residual; aggregate row only.
daily_steps,oak,vsrev,quantile,fullsample_robustness,overall,all,8646,0.7095927079891549,6.260941574302251,1237.2417989264777,-1917.728013244553,1950.8565950057616,880.5965682373952,1237.1704504011743,640.4354591594883,1935.9232221830175,2515.9745249181087,6301.767857142858,0.1397380208538254,Full-sample source->target 5-fold OOF residual; aggregate row only.
daily_steps,oak,vsrev,quantile,fullsample_robustness,age_group,20-39,2757,-238.5835617922812,-230.02810176124876,1266.9255620934807,-2257.1844670988353,1755.6221054833509,946.0951371906826,1288.9686981918903,720.0495495495479,1992.9154325041911,2606.6697256598186,6301.767857142858,0.1501317025060377,Full-sample source->target 5-fold OOF residual; aggregate row only.
daily_steps,oak,vsrev,quantile,fullsample_robustness,age_group,40-59,2949,137.24654064598408,109.26950670979568,1327.759283143067,-1896.7283045041263,2250.0893251210227,971.9050460084164,1334.6098740330292,720.3121359940869,2120.926015887978,2763.9674616817824,6301.767857142858,0.154227364136683,Full-sample source->target 5-fold OOF residual; aggregate row only.
daily_steps,oak,vsrev,quantile,fullsample_robustness,age_group,60+,2940,88.1530510372743,71.04173687990681,1071.9822073342923,-1503.3057486665052,1731.2498012465376,727.5869575057781,1075.4189636193616,498.1465652222936,1658.9442693492472,2171.439897191214,6301.767857142858,0.115457594440119,Full-sample source->target 5-fold OOF residual; aggregate row only.
daily_steps,oak,vsrev,quantile,fullsample_robustness,sex,male,4161,-62.01612618851554,-54.35035395149043,1309.5653690294723,-2106.725951184495,2050.771154973616,938.2515931416232,1310.875777636314,677.290043290046,2073.6969200524245,2648.5774818402015,6301.767857142858,0.1488870447803221,Full-sample source->target 5-fold OOF residual; aggregate row only.
daily_steps,oak,vsrev,quantile,fullsample_robustness,sex,female,4485,58.903955323007224,54.263595166159575,1163.2649455692435,-1751.5193685658005,1869.8787610449133,827.1065886105298,1164.6258180115713,601.8975936643315,1800.1545855951276,2376.6010731724523,6301.767857142858,0.1312499297594769,Full-sample source->target 5-fold OOF residual; aggregate row only.
daily_steps,oak,vsrev,quantile,fullsample_robustness,bmi_group,<25,2572,-142.64038141987584,-95.9291987972938,1339.6161309391548,-2305.1830113746846,1889.260127892613,955.6916357043132,1346.929813637901,702.6160717726557,2058.0512286282856,2659.440500241429,6301.767857142858,0.1516545289146229,Full-sample source->target 5-fold OOF residual; aggregate row only.
daily_steps,oak,vsrev,quantile,fullsample_robustness,bmi_group,25-<30,2741,36.434963763811155,23.855871131835556,1287.6417629329917,-1900.1949116951455,2151.3590757888996,933.1519536735262,1287.9223267466496,678.6675805994132,2049.248795918371,2671.6448079231686,6301.767857142858,0.1480778052805972,Full-sample source->target 5-fold OOF residual; aggregate row only.
daily_steps,oak,vsrev,quantile,fullsample_robustness,bmi_group,>=30,3246,85.08015582667673,54.39235349017105,1102.729188967905,-1598.6660526685685,1852.7599305405736,786.8159737410853,1105.8370940664083,580.7692510357078,1754.9180281266704,2265.0983415233413,6301.767857142858,0.124856388171972,Full-sample source->target 5-fold OOF residual; aggregate row only.
daily_steps,oak,vsrev,quantile,fullsample_robustness,bmi_group,missing,87,-34.853125572461295,-4.078897150753448,771.1101424835971,-1164.4203805392672,1292.802933834894,503.7343237508951,767.4574807185197,267.366561181434,1284.9055952556198,1540.497706150815,6301.767857142858,0.0799353983152406,Full-sample source->target 5-fold OOF residual; aggregate row only.
daily_steps,oak,vsrev,monotone_spline,fullsample_robustness,overall,all,8646,7.431462734276542,8.684707228514526,1241.6412799044135,-1899.868980817354,1978.9134585127235,882.7917608146984,1241.591713907978,639.5663519060458,1942.8759995644732,2529.8208363538597,6301.767857142858,0.1400863663700466,Full-sample source->target 5-fold OOF residual; aggregate row only.
daily_steps,oak,vsrev,monotone_spline,fullsample_robustness,age_group,20-39,2757,-226.717068513642,-233.01602977986025,1275.4507761387372,-2212.8220527629196,1784.0142068210316,949.159113525422,1295.216298164188,720.6567601646275,1993.7985275844248,2564.2420415525785,6301.767857142858,0.1506179115197935,Full-sample source->target 5-fold OOF residual; aggregate row only.
daily_steps,oak,vsrev,monotone_spline,fullsample_robustness,age_group,40-59,2949,145.8728184661896,109.52298496292542,1332.174910982502,-1893.5483417409976,2318.166605788526,975.9999468857465,1339.9130862829545,725.6420158398946,2123.251938988805,2762.128887280142,6301.767857142858,0.1548771660605493,Full-sample source->target 5-fold OOF residual; aggregate row only.
daily_steps,oak,vsrev,monotone_spline,fullsample_robustness,age_group,60+,2940,88.14028674689555,69.29075385171485,1073.3178725017003,-1505.9021233617807,1730.9135430496267,727.061919948377,1076.7488681286504,492.61872905465543,1662.3160797645658,2164.007213204857,6301.767857142858,0.1153742785247595,Full-sample source->target 5-fold OOF residual; aggregate row only.
daily_steps,oak,vsrev,monotone_spline,fullsample_robustness,sex,male,4161,-53.17026457807793,-48.21380113993064,1314.6746953322445,-2076.102945274947,2082.904381166867,940.851719444758,1315.5915999963831,687.4628536090859,2082.904381166867,2652.8786478126713,6301.767857142858,0.149299647459773,Full-sample source->target 5-fold OOF residual; aggregate row only.
daily_steps,oak,vsrev,monotone_spline,fullsample_robustness,sex,female,4485,63.655272622059584,48.02231308092087,1167.1506621200058,-1747.5311626758662,1885.77730713482,828.9261001993854,1168.7552905674158,601.9837009697185,1804.176399220446,2373.805507749748,6301.767857142858,0.1315386601015179,Full-sample source->target 5-fold OOF residual; aggregate row only.
daily_steps,oak,vsrev,monotone_spline,fullsample_robustness,bmi_group,<25,2572,-131.32523415360606,-91.96013302525716,1344.010356789457,-2272.689342533243,1944.7850068033044,958.6770182618152,1350.1510424864766,711.5403545453867,2060.2929326174,2673.70283524336,6301.767857142858,0.1521282662253552,Full-sample source->target 5-fold OOF residual; aggregate row only.
daily_steps,oak,vsrev,monotone_spline,fullsample_robustness,bmi_group,25-<30,2741,42.81990483476459,30.21580871250626,1293.032559941157,-1873.6527324241033,2154.2879632870136,935.4374239567296,1293.5056139563603,684.3808740241475,2046.9865044835408,2662.89516637845,6301.767857142858,0.148440476571418,Full-sample source->target 5-fold OOF residual; aggregate row only.
daily_steps,oak,vsrev,monotone_spline,fullsample_robustness,bmi_group,>=30,3246,88.55072149814454,57.741023520456,1107.059131957851,-1599.3695126740754,1851.09048725952,788.3927053719365,1110.424957265408,581.95677444177,1751.9961600777988,2253.4909735064675,6301.767857142858,0.125106592823523,Full-sample source->target 5-fold OOF residual; aggregate row only.
daily_steps,oak,vsrev,monotone_spline,fullsample_robustness,bmi_group,missing,87,-32.00082863720859,0.0142691441096758,770.4643447565331,-1169.0660869675378,1244.0544675052993,502.7996819746161,766.6917210532409,262.2749837500669,1250.2350691218153,1525.013518437288,6301.767857142858,0.0797870840965219,Full-sample source->target 5-fold OOF residual; aggregate row only.
daily_steps,scrf,acti,isotonic,headline,overall,all,8646,-2.525766004760474,151.6587742504389,1478.8796680330172,-2574.131826341646,2050.482062825131,1108.3081299158473,1478.7962986277382,893.0137779200732,2248.188172751323,2861.5814527237517,5482.084523809524,0.2021691064963148,Full-sample source->target 5-fold OOF residual; aggregate row only.
daily_steps,scrf,acti,isotonic,headline,age_group,20-39,2757,250.40081769297117,345.00325814536154,1343.3591889252268,-2042.932455026454,2200.9109740259723,1050.8900024545733,1366.2576341511556,868.4230999066513,2149.2050581157227,2620.9581505879387,5482.084523809524,0.1916953301048896,Full-sample source->target 5-fold OOF residual; aggregate row only.
daily_steps,scrf,acti,isotonic,headline,age_group,40-59,2949,-46.435604011477984,95.85062305296196,1486.6887591530458,-2638.6948635893714,2027.9526568144504,1104.92277636997,1487.1618078657073,880.7158054711217,2235.676557795249,2890.65788298332,5482.084523809524,0.2015515761515757,Full-sample source->target 5-fold OOF residual; aggregate row only.
daily_steps,scrf,acti,isotonic,headline,age_group,60+,2940,-195.66470443089528,-19.687937675071225,1557.1576480943545,-2915.133791511877,1907.7203942099563,1165.5479887653453,1569.1398523083385,927.842265428184,2415.8977241955463,3072.203557347671,5482.084523809524,0.2126103644887622,Full-sample source->target 5-fold OOF residual; aggregate row only.
daily_steps,scrf,acti,isotonic,headline,sex,male,4161,136.65073494794174,289.3060359231422,1425.6957011473348,-2236.44520737327,2095.902577319589,1093.534085422911,1432.0590648814805,899.928194444441,2161.6499223602514,2796.2603650793635,5482.084523809524,0.199474138108146,Full-sample source->target 5-fold OOF residual; aggregate row only.
daily_steps,scrf,acti,isotonic,headline,sex,female,4485,-131.64804481506013,20.507354497356573,1515.3338148390596,-2750.2796828800847,1996.1170309106117,1122.0148855758491,1520.8733664247804,884.3504761904769,2320.992670544681,2943.969209541882,5482.084523809524,0.204669388204937,Full-sample source->target 5-fold OOF residual; aggregate row only.
daily_steps,scrf,acti,isotonic,headline,bmi_group,<25,2572,-68.96088570702854,120.89992212227116,1568.75042750763,-2733.525647934871,2095.5893808822507,1160.54034267527,1569.9607234673515,913.0193003176382,2371.068858106196,3057.424285714283,5482.084523809524,0.2116969079252367,Full-sample source->target 5-fold OOF residual; aggregate row only.
daily_steps,scrf,acti,isotonic,headline,bmi_group,25-<30,2741,45.30945610953742,184.27989417989463,1468.3368138207463,-2493.604554170659,2085.9795031055874,1105.5241857680812,1468.7679757704625,884.7279257465689,2237.0702244116,2833.4440748818615,5482.084523809524,0.2016612806618763,Full-sample source->target 5-fold OOF residual; aggregate row only.
daily_steps,scrf,acti,isotonic,headline,bmi_group,>=30,3246,28.38264491103531,159.5675954955777,1398.5534211956249,-2365.6169522184628,2002.895238095236,1063.1846026418114,1398.625994881498,878.9508148314258,2150.8553321678305,2680.5610949814045,5482.084523809524,0.1939380171947804,Full-sample source->target 5-fold OOF residual; aggregate row only.
daily_steps,scrf,acti,isotonic,headline,bmi_group,missing,87,-698.7776944384409,-150.18253968253975,1747.882233495117,-4278.449178730605,1234.6105166763057,1335.4404198389716,1873.0367227952013,897.5194805194801,3374.961477503284,4278.449178730605,5482.084523809524,0.2436008445398737,Full-sample source->target 5-fold OOF residual; aggregate row only.
daily_steps,scrf,acti,quantile,fullsample_robustness,overall,all,8646,0.4432015356375163,132.3549364072628,1493.1218537375212,-2531.19614661654,2120.4392387218054,1116.3668580454496,1493.0355694708094,893.9042021197197,2310.7800406664046,2905.7666894508984,5482.084523809524,0.2036391181487441,Full-sample source->target 5-fold OOF residual; aggregate row only.
daily_steps,scrf,acti,quantile,fullsample_robustness,age_group,20-39,2757,333.849107399383,389.50117096018766,1344.9614166775166,-1905.4364912656724,2374.7643787681504,1061.459950375037,1385.539721355157,869.5487316421877,2196.590249433107,2686.343604108309,5482.084523809524,0.1936234192969764,Full-sample source->target 5-fold OOF residual; aggregate row only.
daily_steps,scrf,acti,quantile,fullsample_robustness,age_group,40-59,2949,19.44089149771928,136.3809523809541,1487.366275175763,-2511.0363218390826,2135.8712082764,1106.9065813277248,1487.241141302458,882.7873754152824,2266.9616075144186,2929.2561688311685,5482.084523809524,0.2019134467044901,Full-sample source->target 5-fold OOF residual; aggregate row only.
daily_steps,scrf,acti,quantile,fullsample_robustness,age_group,60+,2940,-331.2657338944732,-165.27829768271022,1558.1206627607278,-2970.904875283448,1772.2696770121763,1177.3453275991562,1592.6867941531711,924.6016904360912,2440.631810788829,3119.2479736024816,5482.084523809524,0.2147623449594341,Full-sample source->target 5-fold OOF residual; aggregate row only.
daily_steps,scrf,acti,quantile,fullsample_robustness,sex,male,4161,173.31330571879045,288.71428571428623,1412.7215327833471,-2148.2571428571428,2197.142857142857,1082.63032071162,1423.144402760124,890.0204081632655,2185.3476190476176,2781.242236024844,5482.084523809524,0.1974851566059575,Full-sample source->target 5-fold OOF residual; aggregate row only.
daily_steps,scrf,acti,quantile,fullsample_robustness,sex,female,4485,-159.93862756271238,-26.1936017650296,1546.9970567039136,-2789.752357142857,2033.56866359447,1147.6662408427887,1555.0712707683565,898.3711001642041,2398.559901800328,3003.7191746031754,5482.084523809524,0.2093485125700452,Full-sample source->target 5-fold OOF residual; aggregate row only.
daily_steps,scrf,acti,quantile,fullsample_robustness,bmi_group,<25,2572,-37.10919741501505,120.7372074836967,1586.5639674357033,-2702.3193621782925,2205.2993139031487,1171.795574140874,1586.6895182800863,918.2271243042668,2449.0702723404256,3095.197506610323,5482.084523809524,0.2137500013090984,Full-sample source->target 5-fold OOF residual; aggregate row only.
daily_steps,scrf,acti,quantile,fullsample_robustness,bmi_group,25-<30,2741,78.19185032960483,201.85714285714312,1472.2398195291144,-2440.9107142857156,2166.675420168067,1111.4363515559066,1474.046568290803,891.8571428571413,2269.3135888501747,2822.6455893832936,5482.084523809524,0.202739732802143,Full-sample source->target 5-fold OOF residual; aggregate row only.
daily_steps,scrf,acti,quantile,fullsample_robustness,bmi_group,>=30,3246,-6.3828409140358415,87.54910714285688,1411.9935677525582,-2421.66092801772,1995.7001414427152,1067.4076297317508,1411.790482323317,876.8595864661647,2189.5206237424545,2736.3551212937996,5482.084523809524,0.1947083495513135,Full-sample source->target 5-fold OOF residual; aggregate row only.
daily_steps,scrf,acti,quantile,fullsample_robustness,bmi_group,missing,87,-1084.2342979074235,-681.4389680400473,1772.9328155039134,-4689.662642882058,1102.849632159764,1459.7406005359242,2069.47457150446,939.4505494505496,3747.5504081632657,4689.662642882058,5482.084523809524,0.2662747344000351,Full-sample source->target 5-fold OOF residual; aggregate row only.
daily_steps,scrf,acti,monotone_spline,fullsample_robustness,overall,all,8646,7.580765336421115,135.3458792398228,1497.771109380939,-2520.4781012885237,2131.8017706617375,1120.001905351665,1497.7036759521966,893.6539587138004,2318.583933283301,2903.110479834457,5482.084523809524,0.2043021957226903,Full-sample source->target 5-fold OOF residual; aggregate row only.
daily_steps,scrf,acti,monotone_spline,fullsample_robustness,age_group,20-39,2757,344.24770646364334,393.0595637636979,1348.0455955536493,-1896.428961984164,2413.310885899614,1065.3874209202586,1391.0694731377482,871.2842550114092,2193.6293525438527,2686.511419076315,5482.084523809524,0.1943398384853643,Full-sample source->target 5-fold OOF residual; aggregate row only.
daily_steps,scrf,acti,monotone_spline,fullsample_robustness,age_group,40-59,2949,30.39149795047297,149.75033111737048,1490.6710427926043,-2500.8870866748543,2141.769281303926,1109.8446407299575,1490.7281077548162,884.0125729912434,2288.0440005346195,2911.656150822172,5482.084523809524,0.2024493850668909,Full-sample source->target 5-fold OOF residual; aggregate row only.
daily_steps,scrf,acti,monotone_spline,fullsample_robustness,age_group,60+,2940,-331.01093778146685,-167.52423559167346,1563.380058620276,-2968.631279877179,1788.6377039964432,1181.405275061462,1597.7778639828168,935.7845538738676,2441.231569636531,3099.51192914332,5482.084523809524,0.2155029295754999,Full-sample source->target 5-fold OOF residual; aggregate row only.
daily_steps,scrf,acti,monotone_spline,fullsample_robustness,sex,male,4161,183.1393446456391,293.98618902973976,1417.7245036222987,-2145.418486555598,2214.6078724126237,1087.1844440242317,1429.3354205802116,893.5215808939029,2189.0338146068607,2781.220624317034,5482.084523809524,0.1983158850073224,Full-sample source->target 5-fold OOF residual; aggregate row only.
daily_steps,scrf,acti,monotone_spline,fullsample_robustness,sex,female,4485,-155.29532128691358,-23.56548856435802,1550.8694063277842,-2800.3779381074532,2040.688821327081,1150.4486069310294,1558.453167961957,893.7214586333648,2402.024869974287,3000.778390056204,5482.084523809524,0.2098560505469145,Full-sample source->target 5-fold OOF residual; aggregate row only.
daily_steps,scrf,acti,monotone_spline,fullsample_robustness,bmi_group,<25,2572,-29.414128898520957,129.517869278719,1587.2708202863553,-2712.311587617782,2224.1588486439905,1174.1680224048482,1587.2347928962429,918.001316532832,2456.636321511294,3077.854336391166,5482.084523809524,0.2141827652064207,Full-sample source->target 5-fold OOF residual; aggregate row only.
daily_steps,scrf,acti,monotone_spline,fullsample_robustness,bmi_group,25-<30,2741,88.6394393654209,216.57636960752643,1479.5125846226238,-2432.0872392581296,2212.4591124140916,1115.510305515431,1481.89602878634,897.7094213435739,2296.525440844416,2823.8340725311336,5482.084523809524,0.2034828723764838,Full-sample source->target 5-fold OOF residual; aggregate row only.
daily_steps,scrf,acti,monotone_spline,fullsample_robustness,bmi_group,>=30,3246,-0.1190410276005626,100.76092162807343,1416.4060205059045,-2403.2857663182313,2020.9913534203904,1070.8131519883957,1416.1878315586596,870.2505823034162,2187.422352296237,2754.3360200524835,5482.084523809524,0.1953295589182712,Full-sample source->target 5-fold OOF residual; aggregate row only.
daily_steps,scrf,acti,monotone_spline,fullsample_robustness,bmi_group,missing,87,-1165.2627528659127,-844.1375892256365,1761.2012419530054,-4694.326532468935,1119.877075649796,1495.4377157827143,2103.33399193115,977.655171315124,3833.675327604826,4694.326532468935,5482.084523809524,0.2727863295955766,Full-sample source->target 5-fold OOF residual; aggregate row only.
daily_steps,scrf,adept,isotonic,headline,overall,all,8646,-0.0576160673674671,106.79734344835435,1032.9883342269122,-1790.612106151543,1391.9355593631983,705.5958645862879,1032.928596173562,492.2318745827386,1557.1322465020278,2064.566811062672,1919.4027944454592,0.3676121899104267,Full-sample source->target 5-fold OOF residual; aggregate row only.
daily_steps,scrf,adept,isotonic,headline,age_group,20-39,2757,64.49615679512407,164.76943693730163,1066.3506067997291,-1682.6847695575932,1554.725640778834,768.7930680562968,1068.1062346473657,573.3781650296969,1619.0589157730028,2124.8200397398937,1919.4027944454592,0.4005376413335957,Full-sample source->target 5-fold OOF residual; aggregate row only.
daily_steps,scrf,adept,isotonic,headline,age_group,40-59,2949,-62.71475389827784,63.88327661823587,1136.2760863642436,-1980.3206254199984,1451.3550473269404,774.9680021247581,1137.8131074375904,549.2355911009881,1664.4392092985183,2192.4846445094045,1919.4027944454592,0.4037547534928209,Full-sample source->target 5-fold OOF residual; aggregate row only.
daily_steps,scrf,adept,isotonic,headline,age_group,60+,2940,2.2556994705459754,100.13971555087348,877.2200549851393,-1645.1553731195925,1159.279005402792,576.7478633727633,877.0737558745304,369.9404609587657,1313.2724922521152,1833.547267161121,1919.4027944454592,0.3004829757681963,Full-sample source->target 5-fold OOF residual; aggregate row only.
daily_steps,scrf,adept,isotonic,headline,sex,male,4161,-160.9578076212877,-0.2771979807780553,1106.378167484571,-2092.9159443140675,1232.30062067285,745.3605185055068,1117.8935046789868,511.9668674593195,1644.8845935681952,2193.559483605627,1919.4027944454592,0.3883293911327513,Full-sample source->target 5-fold OOF residual; aggregate row only.
daily_steps,scrf,adept,isotonic,headline,sex,female,4485,149.21901649804218,191.92222573212896,935.589406227836,-1451.174132944583,1500.1161245793432,668.7038411843104,947.3112921002494,476.06435144303714,1474.6635312370545,1963.8303631815172,1919.4027944454592,0.3483916159335944,Full-sample source->target 5-fold OOF residual; aggregate row only.
daily_steps,scrf,adept,isotonic,headline,bmi_group,<25,2572,-107.15801826507662,31.324642650992388,1104.133548589436,-2051.524584999263,1357.2560793290452,752.1661231374098,1109.1076325814354,519.447267333319,1681.83161371677,2256.316590070964,1919.4027944454592,0.3918750797456874,Full-sample source->target 5-fold OOF residual; aggregate row only.
daily_steps,scrf,adept,isotonic,headline,bmi_group,25-<30,2741,-69.98795172977,71.30922535963873,1104.2638110815035,-1981.0573727035005,1371.6073114246492,745.1566158278381,1106.2784478790927,525.9993992572099,1644.736362125184,2194.9437901132173,1919.4027944454592,0.3882231587784697,Full-sample source->target 5-fold OOF residual; aggregate row only.
daily_steps,scrf,adept,isotonic,headline,bmi_group,>=30,3246,144.50529726044314,187.43286300152835,895.4611479360634,-1397.7220732509809,1415.0594230706183,644.5973117220531,906.9098197083244,464.3641402055616,1410.9829607926113,1796.886386115847,1919.4027944454592,0.3358322253085422,Full-sample source->target 5-fold OOF residual; aggregate row only.
daily_steps,scrf,adept,isotonic,headline,bmi_group,missing,87,-24.309709848057174,9.159197851654753,651.3909126348775,-1137.861313057493,958.1697815194796,358.31515712344395,648.0925514368157,123.4305937295244,980.6132904777404,1455.2520642581485,1919.4027944454592,0.186680543635952,Full-sample source->target 5-fold OOF residual; aggregate row only.
daily_steps,scrf,adept,quantile,fullsample_robustness,overall,all,8646,0.8171308460164063,0.474440918209666,1156.322564235907,-1768.87457552602,1721.1998189281146,756.575323200199,1156.2559806598304,489.82786993582874,1747.6089464194156,2387.3330006164374,1919.4027944454592,0.3941722526348533,Full-sample source->target 5-fold OOF residual; aggregate row only.
daily_steps,scrf,adept,quantile,fullsample_robustness,age_group,20-39,2757,120.01609301524402,63.10871731336829,1203.5125410395428,-1698.2528428597775,2172.740071546713,843.5388571104119,1209.2646236389214,580.7533691295066,1892.5697554485,2624.8501711115523,1919.4027944454592,0.4394798525622243,Full-sample source->target 5-fold OOF residual; aggregate row only.
daily_steps,scrf,adept,quantile,fullsample_robustness,age_group,40-59,2949,-11.713300319704418,-28.29290124589352,1308.4244408706445,-1933.1660168262456,1907.635476841912,856.0289864270194,1308.2550178532758,573.1845398752705,1920.3508855854552,2491.2887974372475,1919.4027944454592,0.4459871523081414,Full-sample source->target 5-fold OOF residual; aggregate row only.
daily_steps,scrf,adept,quantile,fullsample_robustness,age_group,60+,2940,-98.39351445767402,-9.020371051632992,913.3413074684464,-1725.2153369194978,1120.087705486043,575.2667123681076,918.4714958685496,329.84307292513927,1389.2056318064658,1956.0943477715016,1919.4027944454592,0.2997113029286329,Full-sample source->target 5-fold OOF residual; aggregate row only.
daily_steps,scrf,adept,quantile,fullsample_robustness,sex,male,4161,-103.85383161847992,-74.82952992900164,1254.097602124037,-1980.1782988469488,1744.2885529694715,819.2837478763769,1258.2402144884388,544.2421127895909,1894.1264817414144,2489.900737843245,1919.4027944454592,0.4268430525616061,Full-sample source->target 5-fold OOF residual; aggregate row only.
daily_steps,scrf,adept,quantile,fullsample_robustness,sex,female,4485,97.92657896525144,60.41412085511486,1048.394685368493,-1524.1545406903438,1680.1156921446486,698.39700545715,1052.8418508287425,443.8673629419893,1610.1673665507378,2266.0555365151695,1919.4027944454592,0.3638616175188627,Full-sample source->target 5-fold OOF residual; aggregate row only.
daily_steps,scrf,adept,quantile,fullsample_robustness,bmi_group,<25,2572,-78.23161955893718,-69.06027437913986,1294.4895834628212,-2035.593716468825,1795.4851864557197,839.0189232805416,1296.600150542536,549.0383979013131,1937.4567639321872,2570.7181347838336,1919.4027944454592,0.4371249878913222,Full-sample source->target 5-fold OOF residual; aggregate row only.
daily_steps,scrf,adept,quantile,fullsample_robustness,bmi_group,25-<30,2741,-36.84922871015029,-17.88545094691426,1204.812542641328,-1892.2416860290216,1807.1188268617143,800.0192687465194,1205.156234923588,525.6820186647001,1864.8034873146016,2515.574959368238,1919.4027944454592,0.4168063478190649,Full-sample source->target 5-fold OOF residual; aggregate row only.
daily_steps,scrf,adept,quantile,fullsample_robustness,bmi_group,>=30,3246,97.91033341535764,65.72617349840533,991.5956783779488,-1469.4826128905706,1649.3464806184134,665.528038513903,996.2657817060314,428.8869882104268,1551.7124176854638,2091.9561244997894,1919.4027944454592,0.3467370373951043,Full-sample source->target 5-fold OOF residual; aggregate row only.
daily_steps,scrf,adept,quantile,fullsample_robustness,bmi_group,missing,87,-98.12146633890404,-35.05724951346474,604.5497641098037,-1141.5075326993126,864.4286754922699,347.5487938049522,609.0216047933802,123.400012566422,938.9172991326705,1384.730268082995,1919.4027944454592,0.1810713180217931,Full-sample source->target 5-fold OOF residual; aggregate row only.
daily_steps,scrf,adept,monotone_spline,fullsample_robustness,overall,all,8646,7.932413091980273,-1.167913449631783,1192.9379324239458,-1771.7936122237552,1718.824043459921,763.2036012068609,1192.8953170093878,491.2385818161508,1758.0629833126322,2393.081476144822,1919.4027944454592,0.3976255548942036,Full-sample source->target 5-fold OOF residual; aggregate row only.
daily_steps,scrf,adept,monotone_spline,fullsample_robustness,age_group,20-39,2757,125.92571644854452,64.12065267142407,1221.9378310137265,-1692.769383783382,2164.9122425378177,848.5853226670624,1228.1888170698444,581.7108264695112,1883.2638821738065,2640.020468194467,1919.4027944454592,0.4421090378334214,Full-sample source->target 5-fold OOF residual; aggregate row only.
daily_steps,scrf,adept,monotone_spline,fullsample_robustness,age_group,40-59,2949,1.7115362351991132,-27.992029974162847,1378.2973917757638,-1937.160116015516,1893.572255154145,868.7488253203155,1378.064745869411,574.037357268908,1918.298884379287,2509.8968319813343,1919.4027944454592,0.4526141296836594,Full-sample source->target 5-fold OOF residual; aggregate row only.
daily_steps,scrf,adept,monotone_spline,fullsample_robustness,age_group,60+,2940,-96.4764887799245,-13.04780775357601,925.3823282151784,-1718.685406286622,1119.245379221682,577.2681345482372,930.2413110146654,329.2282164892592,1392.340001766844,1962.8789367673685,1919.4027944454592,0.3007540346501462,Full-sample source->target 5-fold OOF residual; aggregate row only.
daily_steps,scrf,adept,monotone_spline,fullsample_robustness,sex,male,4161,-92.07157937516612,-75.64219128470086,1310.65293119979,-1993.1257683789363,1761.2084467474965,830.5366798433795,1313.7257878524942,542.3619005112744,1886.7576865270096,2553.06009964999,1919.4027944454592,0.4327057781966668,Full-sample source->target 5-fold OOF residual; aggregate row only.
daily_steps,scrf,adept,monotone_spline,fullsample_robustness,sex,female,4485,100.7120368725368,59.2503070178368,1064.007780526901,-1515.3996694802709,1678.5540417538664,700.7347182176627,1068.6454273602574,444.57632750216703,1607.8721287228875,2260.068132570056,1919.4027944454592,0.3650795550811491,Full-sample source->target 5-fold OOF residual; aggregate row only.
daily_steps,scrf,adept,monotone_spline,fullsample_robustness,bmi_group,<25,2572,-69.80636516687458,-69.7086694730327,1338.2987134059792,-2033.798546874808,1792.8938736221155,846.168115494836,1339.858206219326,547.3667513593047,1939.836048188265,2592.8398649212277,1919.4027944454592,0.4408496840494103,Full-sample source->target 5-fold OOF residual; aggregate row only.
daily_steps,scrf,adept,monotone_spline,fullsample_robustness,bmi_group,25-<30,2741,-25.51566309329345,-16.766922162472156,1257.851354516216,-1889.518768805636,1791.4151242827102,810.7725808542604,1257.8806971143129,530.6776228536655,1859.2732356341423,2522.3255549638125,1919.4027944454592,0.4224087738126395,Full-sample source->target 5-fold OOF residual; aggregate row only.
daily_steps,scrf,adept,monotone_spline,fullsample_robustness,bmi_group,>=30,3246,100.7382600714244,66.35310806342383,1005.9496900286904,-1466.870625687459,1644.8006273187002,668.4457264949177,1010.8270018522226,429.5556626787721,1555.349538028504,2086.028836993014,1919.4027944454592,0.3482571393713326,Full-sample source->target 5-fold OOF residual; aggregate row only.
daily_steps,scrf,adept,monotone_spline,fullsample_robustness,bmi_group,missing,87,-102.67063046739506,-39.40164118063407,603.9966778243507,-1151.8337774544275,863.5275697675302,347.2582834226445,609.2290242228911,117.77644988451836,940.5508417609566,1387.886664994969,1919.4027944454592,0.1809199634529926,Full-sample source->target 5-fold OOF residual; aggregate row only.
daily_steps,scrf,oak,isotonic,headline,overall,all,8646,0.3818182231314082,111.11037240536643,1629.148978398942,-2729.8036882653055,2401.295926939321,1209.161795914978,1629.054806391536,946.4276797288376,2565.8718112244937,3195.4338901301985,6887.578571428576,0.1755568787165475,Full-sample source->target 5-fold OOF residual; aggregate row only.
daily_steps,scrf,oak,isotonic,headline,age_group,20-39,2757,-120.71747046452607,-54.15832080200198,1534.8515422870294,-2791.6746547307876,2149.9017582417578,1158.8877365311182,1539.313969331941,901.2411202090608,2494.667734126982,3124.452346607666,6887.578571428576,0.1682576430181833,Full-sample source->target 5-fold OOF residual; aggregate row only.
daily_steps,scrf,oak,isotonic,headline,age_group,40-59,2949,-92.76570313652152,3.2690599978923274,1720.0983654280726,-2803.2716097505704,2395.5096939916957,1264.0804402287572,1722.3067555343553,976.200982647295,2615.730551504032,3349.1249910702672,6887.578571428576,0.1835304566212113,Full-sample source->target 5-fold OOF residual; aggregate row only.
daily_steps,scrf,oak,isotonic,headline,age_group,60+,2940,207.37596087669883,308.5057806122452,1601.5128221496318,-2546.3179038820476,2554.2166070833323,1201.2197889897968,1614.6131775048489,958.992715643275,2553.739046949972,3083.141784919531,6887.578571428576,0.1744037874170701,Full-sample source->target 5-fold OOF residual; aggregate row only.
daily_steps,scrf,oak,isotonic,headline,sex,male,4161,259.26812154539004,352.731953405013,1648.7375491686046,-2557.162827067665,2685.7990931607565,1246.5175568381894,1668.8026174157596,973.5110144376875,2629.6054895529596,3287.1680590717297,6887.578571428576,0.180980520789855,Full-sample source->target 5-fold OOF residual; aggregate row only.
daily_steps,scrf,oak,isotonic,headline,sex,female,4485,-239.80233074541215,-121.48577181208202,1573.2937424009167,-2842.5326547302234,2032.3309749359576,1174.5046451454168,1591.290816220941,919.539174972312,2476.7580414061313,3085.669045861623,6887.578571428576,0.1705250449000408,Full-sample source->target 5-fold OOF residual; aggregate row only.
daily_steps,scrf,oak,isotonic,headline,bmi_group,<25,2572,-146.59925182971486,-44.86067629716308,1717.8189985619388,-2970.322034983462,2367.770768934715,1281.0219143110642,1723.730296297383,1008.6891872165525,2672.192624382419,3416.05662880223,6887.578571428576,0.1859901707147223,Full-sample source->target 5-fold OOF residual; aggregate row only.
daily_steps,scrf,oak,isotonic,headline,bmi_group,25-<30,2741,57.052544349140625,183.61710398445211,1647.9758673705269,-2758.132386243393,2469.2528182701662,1233.979924761158,1648.662681403847,966.533949096878,2593.252162309367,3288.1515013227545,6887.578571428576,0.1791601957007097,Full-sample source->target 5-fold OOF residual; aggregate row only.
daily_steps,scrf,oak,isotonic,headline,bmi_group,>=30,3246,80.29182736857865,160.1995625695722,1535.7736899356628,-2419.5282747270544,2384.61226714658,1136.11892648473,1537.6348677793676,900.4294335795394,2407.772764338003,3033.5353361205584,6887.578571428576,0.1649518643892702,Full-sample source->target 5-fold OOF residual; aggregate row only.
daily_steps,scrf,oak,isotonic,headline,bmi_group,missing,87,-421.3082716802297,-77.4596078431374,1374.8972194343064,-2964.828443859127,1235.7239099025978,1028.0863762422448,1430.4247448379972,631.9199424736325,2552.280831132319,3081.9445461136493,6887.578571428576,0.1492667365722705,Full-sample source->target 5-fold OOF residual; aggregate row only.
daily_steps,scrf,oak,quantile,fullsample_robustness,overall,all,8646,-0.4188387237419791,69.80240601504192,1636.4158264207415,-2670.850350043931,2489.33001152074,1209.3875610966988,1636.3212430162537,927.4352343059222,2564.8235538401377,3235.008322903632,6887.578571428576,0.1755896573163674,Full-sample source->target 5-fold OOF residual; aggregate row only.
daily_steps,scrf,oak,quantile,fullsample_robustness,age_group,20-39,2757,-57.96503797209359,-18.760931372557025,1552.853805363338,-2629.3189125048357,2361.816260762606,1179.5396239551155,1553.6538406116476,916.5047437122048,2505.5910291400114,3192.8465852365284,6887.578571428576,0.1712560679667808,Full-sample source->target 5-fold OOF residual; aggregate row only.
daily_steps,scrf,oak,quantile,fullsample_robustness,age_group,40-59,2949,-36.28204779805354,13.860963455148976,1726.890097152596,-2743.635983560084,2509.7932192460316,1260.2473370026748,1726.978446228647,954.1149350649284,2614.282794815159,3340.6094152046776,6887.578571428576,0.182973932555993,Full-sample source->target 5-fold OOF residual; aggregate row only.
daily_steps,scrf,oak,quantile,fullsample_robustness,age_group,60+,2940,89.51839763266965,167.88722796186346,1616.1292855298109,-2661.1159747229867,2520.7492857142815,1186.3621473390874,1618.3321718948375,907.2337645975445,2582.7686770708274,3167.8877204352166,6887.578571428576,0.1722466226752633,Full-sample source->target 5-fold OOF residual; aggregate row only.
daily_steps,scrf,oak,quantile,fullsample_robustness,sex,male,4161,291.99867875395296,331.4410317460279,1644.4125398194135,-2397.8171428571422,2816.953571428573,1238.1748323065112,1669.9419042192171,946.1252401837974,2620.5954031117417,3308.415510204084,6887.578571428576,0.1797692497393459,Full-sample source->target 5-fold OOF residual; aggregate row only.
daily_steps,scrf,oak,quantile,fullsample_robustness,sex,female,4485,-271.7118800224462,-191.69102263856257,1581.5021273502034,-2841.721728201417,2127.880047619044,1182.679905465923,1604.4995028902604,907.878575731498,2513.5267965367952,3130.264714075939,6887.578571428576,0.1717120020048815,Full-sample source->target 5-fold OOF residual; aggregate row only.
daily_steps,scrf,oak,quantile,fullsample_robustness,bmi_group,<25,2572,-125.88537092840592,-30.89389152136482,1718.4861258210808,-2904.4783570604995,2485.343309820887,1279.5328924410169,1722.7575226531617,991.9240036959654,2685.296862244899,3296.685648592482,6887.578571428576,0.185773981257919,Full-sample source->target 5-fold OOF residual; aggregate row only.
daily_steps,scrf,oak,quantile,fullsample_robustness,bmi_group,25-<30,2741,84.7722836860361,170.86679536679003,1642.115081843572,-2616.7128571428566,2530.000000000002,1225.4735266178343,1644.0025856878976,957.0572904837604,2569.931132075466,3282.5566521265173,6887.578571428576,0.1779251610575318,Full-sample source->target 5-fold OOF residual; aggregate row only.
daily_steps,scrf,oak,quantile,fullsample_robustness,bmi_group,>=30,3246,45.248490412391185,77.75375939849982,1559.4871993643087,-2429.97137906082,2453.81401652717,1143.6054213440375,1559.9033691047337,868.4979220943683,2443.279661570323,3062.1395666962526,6887.578571428576,0.1660388203900865,Full-sample source->target 5-fold OOF residual; aggregate row only.
daily_steps,scrf,oak,quantile,fullsample_robustness,bmi_group,missing,87,-679.0981039041362,-306.8460389610392,1405.2199555371408,-3348.761679981202,871.3535796240973,1083.2197671440426,1553.4221289688571,607.8498120300746,2878.6964465954607,3402.734061518838,6887.578571428576,0.1572714932991854,Full-sample source->target 5-fold OOF residual; aggregate row only.
daily_steps,scrf,oak,monotone_spline,fullsample_robustness,overall,all,8646,-3.1679381035071463,68.04574228695492,1634.8690498002984,-2667.4125411865884,2472.8567163331836,1208.1957123206823,1634.7775717272536,925.815089646655,2562.058286828158,3236.6430008555194,6887.578571428576,0.175416614096075,Full-sample source->target 5-fold OOF residual; aggregate row only.
daily_steps,scrf,oak,monotone_spline,fullsample_robustness,age_group,20-39,2757,-63.01743138215203,-29.455857741108048,1551.6149788963305,-2640.550135981595,2348.2135856582236,1177.8425565204725,1552.6129602511626,919.7088191941912,2500.4954303558648,3154.9754548128954,6887.578571428576,0.1710096726019885,Full-sample source->target 5-fold OOF residual; aggregate row only.
daily_steps,scrf,oak,monotone_spline,fullsample_robustness,age_group,40-59,2949,-40.52494888221556,14.494138047264642,1724.5496972828107,-2755.308369687427,2520.6691220943935,1258.0489946250752,1724.733436833338,945.6726481083024,2623.9609652917716,3350.8475729706993,6887.578571428576,0.1826547576304656,Full-sample source->target 5-fold OOF residual; aggregate row only.
daily_steps,scrf,oak,monotone_spline,fullsample_robustness,age_group,60+,2940,90.4275985480694,171.13684858353963,1614.826312241597,-2642.400908740334,2527.19588721835,1186.6536446422886,1617.0820043326146,909.6956130585568,2579.0131861036793,3136.2879920796727,6887.578571428576,0.1722889448499112,Full-sample source->target 5-fold OOF residual; aggregate row only.
daily_steps,scrf,oak,monotone_spline,fullsample_robustness,sex,male,4161,288.3910872318722,339.18794427181956,1643.4889093903344,-2414.031202391998,2782.6980250912857,1236.779033559986,1668.4052500120251,937.7964768229068,2631.2571914827276,3323.981984641037,6887.578571428576,0.1795665952458908,Full-sample source->target 5-fold OOF residual; aggregate row only.
daily_steps,scrf,oak,monotone_spline,fullsample_robustness,sex,female,4485,-273.6645054213473,-200.3468846517626,1579.591020362985,-2829.3384773371185,2120.279572312495,1181.6772731508397,1602.9484490561117,910.5380097092292,2514.3377625729686,3118.9919540761125,6887.578571428576,0.1715664309156104,Full-sample source->target 5-fold OOF residual; aggregate row only.
daily_steps,scrf,oak,monotone_spline,fullsample_robustness,bmi_group,<25,2572,-130.56877399142385,-32.60440982641603,1714.1004712703125,-2888.4877502343916,2439.2837300318824,1276.6713811431673,1718.733916009739,993.4046321307268,2680.2956635078235,3297.451271870462,6887.578571428576,0.1853585215621531,Full-sample source->target 5-fold OOF residual; aggregate row only.
daily_steps,scrf,oak,monotone_spline,fullsample_robustness,bmi_group,25-<30,2741,82.792125490364,167.30379274852385,1641.4883911248187,-2614.1958775992794,2526.778377994702,1224.7020951148347,1643.2758881694456,953.2151473123696,2565.6277646481612,3284.4169645835545,6887.578571428576,0.1778131577613081,Full-sample source->target 5-fold OOF residual; aggregate row only.
daily_steps,scrf,oak,monotone_spline,fullsample_robustness,bmi_group,>=30,3246,43.93255030718306,78.80737565433856,1559.781496322974,-2422.909410193905,2443.729849559664,1143.6634419479824,1560.1598868448273,869.2711840404709,2439.294567730097,3055.0391580398637,6887.578571428576,0.1660472443381174,Full-sample source->target 5-fold OOF residual; aggregate row only.
daily_steps,scrf,oak,monotone_spline,fullsample_robustness,bmi_group,missing,87,-702.3606942894775,-383.8855834211017,1376.422713482273,-3242.166928275335,827.5845250811799,1071.5098982928685,1538.2047052130229,623.4101002869502,2839.489535796824,3374.3907318417023,6887.578571428576,0.1555713502474967,Full-sample source->target 5-fold OOF residual; aggregate row only.
daily_steps,scrf,scssl,isotonic,headline,overall,all,8646,-0.4227131192402468,-24.749731970562152,1957.09194164463,-2933.0816558046563,3052.046985777434,1403.618921416057,1956.9788049865329,1044.360051773518,2998.32893842509,3898.243244280834,5813.0,0.2414620542604605,Full-sample source->target 5-fold OOF residual; aggregate row only.
daily_steps,scrf,scssl,isotonic,headline,age_group,20-39,2757,518.3753301929563,467.9780292314963,1908.0691633439972,-2398.144530455515,3578.8977060049056,1446.1235325305734,1976.89665267673,1072.4959183673463,3118.0971620524156,4012.411092299174,5813.0,0.2487740465388909,Full-sample source->target 5-fold OOF residual; aggregate row only.
daily_steps,scrf,scssl,isotonic,headline,age_group,40-59,2949,-6.280597902575047,-13.595169082124812,2059.519212216438,-3150.063537399858,3159.458188802203,1476.523021423869,2059.179571273746,1091.3023023360274,3156.010091852209,4175.802177108602,5813.0,0.2540036162779751,Full-sample source->target 5-fold OOF residual; aggregate row only.
daily_steps,scrf,scssl,isotonic,headline,age_group,60+,2940,-481.052408080353,-450.2153318646044,1764.7169044015534,-3132.106105053893,2057.553784823065,1290.6327296589966,1828.8187202509744,972.4168709087098,2775.618293003486,3528.271823181378,5813.0,0.2220252416409765,Full-sample source->target 5-fold OOF residual; aggregate row only.
daily_steps,scrf,scssl,isotonic,headline,sex,male,4161,-324.19245001489094,-284.5341191649113,1939.9505387703712,-3316.1200680272104,2451.2948862303538,1384.5200906385744,1966.622584414852,1022.4809958289916,2976.492460317462,3950.555967450271,5813.0,0.2381765165385471,Full-sample source->target 5-fold OOF residual; aggregate row only.
daily_steps,scrf,scssl,isotonic,headline,sex,female,4485,299.95763810100556,197.9467477203616,1924.970853273023,-2588.33569170976,3464.827190223604,1421.3380373280097,1947.9890064668584,1064.7367986798654,3022.848465176514,3859.5808462249142,5813.0,0.244510242100122,Full-sample source->target 5-fold OOF residual; aggregate row only.
daily_steps,scrf,scssl,isotonic,headline,bmi_group,<25,2572,-215.60540624637773,-197.69506971197848,2076.2423140454625,-3392.4855582368073,3045.9118354446296,1484.582215997756,2087.005461183616,1076.8139417989414,3272.8007804448994,4157.432917011471,5813.0,0.255390025115733,Full-sample source->target 5-fold OOF residual; aggregate row only.
daily_steps,scrf,scssl,isotonic,headline,bmi_group,25-<30,2741,-247.9699044733103,-296.42661851257435,1999.96314779589,-3280.100721500723,2843.0175287356324,1466.084789315492,2014.914985409886,1110.4576123407107,3087.5882814578326,4112.817786069653,5813.0,0.2522079458653866,Full-sample source->target 5-fold OOF residual; aggregate row only.
daily_steps,scrf,scssl,isotonic,headline,bmi_group,>=30,3246,368.5513502690468,304.6193248850436,1768.9876477822863,-2297.048085246658,3164.0228476959323,1297.6955259600684,1806.7051066522372,973.3582186147192,2744.260862744054,3524.549610174918,5813.0,0.2232402418647976,Full-sample source->target 5-fold OOF residual; aggregate row only.
daily_steps,scrf,scssl,isotonic,headline,bmi_group,missing,87,393.6799129281588,165.85714285714286,1415.9175342694275,-1851.0106775929528,2822.0156739926747,994.0879337569752,1461.7668765328583,630.3714285714286,2447.0440319680324,3001.0296015406175,5813.0,0.1710111704381515,Full-sample source->target 5-fold OOF residual; aggregate row only.
daily_steps,scrf,scssl,quantile,fullsample_robustness,overall,all,8646,0.1993236088007014,-132.52040816326553,2008.9776538588933,-2812.0583084886703,3283.862039914538,1421.8901021181834,2008.8614807873985,1066.9001465201452,3020.919933256321,3919.382614409402,5813.0,0.2446052128192299,Full-sample source->target 5-fold OOF residual; aggregate row only.
daily_steps,scrf,scssl,quantile,fullsample_robustness,age_group,20-39,2757,610.1198918453842,409.0313852813851,1942.4904929324505,-2095.076292725679,3942.329050629736,1442.6971582519038,2035.717805436404,1033.540303272148,3132.253230419096,4222.576642964875,5813.0,0.2481846134959408,Full-sample source->target 5-fold OOF residual; aggregate row only.
daily_steps,scrf,scssl,quantile,fullsample_robustness,age_group,40-59,2949,67.85523604809443,-83.92277992278105,2096.359647057408,-2769.256591133005,3505.2893772893754,1477.618990864021,2097.1022533085716,1111.1964285714284,3150.237769532055,4080.709468926552,5813.0,0.254192153941858,Full-sample source->target 5-fold OOF residual; aggregate row only.
daily_steps,scrf,scssl,quantile,fullsample_robustness,age_group,60+,2940,-639.6198234700219,-681.822022572023,1778.258316219466,-3186.875001497454,1937.5827568092873,1346.478691685482,1889.5080255586456,1060.98856591817,2819.4027743154666,3469.4932409479925,5813.0,0.2316323226708209,Full-sample source->target 5-fold OOF residual; aggregate row only.
daily_steps,scrf,scssl,quantile,fullsample_robustness,sex,male,4161,-260.67509492798405,-366.5547309833027,1964.382202450604,-3070.224489795919,2787.1666333666326,1390.4022862905297,1981.3686102814625,1043.968253968255,2957.1543513957304,3784.315840621959,5813.0,0.2391884201428745,Full-sample source->target 5-fold OOF residual; aggregate row only.
daily_steps,scrf,scssl,quantile,fullsample_robustness,sex,female,4485,242.22796475296153,50.62406015037595,2019.7865018599623,-2596.80010985938,3702.9497476436673,1451.1032128559466,2034.0359643147924,1088.010204081632,3064.7092310987355,4019.6546026951582,5813.0,0.2496306920447181,Full-sample source->target 5-fold OOF residual; aggregate row only.
daily_steps,scrf,scssl,quantile,fullsample_robustness,bmi_group,<25,2572,-172.71948318894954,-318.2403147699747,2159.846520519676,-3250.7417717086814,3426.5261612337217,1530.4683232103955,2166.322984451652,1137.6380145278454,3284.3817857142853,4297.618163265306,5813.0,0.2632837301239284,Full-sample source->target 5-fold OOF residual; aggregate row only.
daily_steps,scrf,scssl,quantile,fullsample_robustness,bmi_group,25-<30,2741,-202.68707833292007,-389.20937840785155,2037.8472630922467,-3065.8434782608692,3098.6126984126986,1487.000158386511,2047.5322815745824,1158.5882592466933,3071.107142857142,4013.486437613021,5813.0,0.2558059794231053,Full-sample source->target 5-fold OOF residual; aggregate row only.
daily_steps,scrf,scssl,quantile,fullsample_robustness,bmi_group,>=30,3246,303.4336198644377,128.29761904761955,1830.8423218908715,-2235.3820944216145,3284.1280042002536,1296.266329544815,1855.538444431891,943.6777438248024,2743.5919312169303,3540.731359957777,5813.0,0.2229943797599888,Full-sample source->target 5-fold OOF residual; aggregate row only.
daily_steps,scrf,scssl,quantile,fullsample_robustness,bmi_group,missing,87,190.54729096825616,11.9395313681028,1322.0644746338712,-1853.5541873700924,2517.92087912088,847.6937445606842,1328.183896853675,460.46130952380946,2192.8698423158394,2900.9502747252773,5813.0,0.1458272397317536,Full-sample source->target 5-fold OOF residual; aggregate row only.
daily_steps,scrf,scssl,monotone_spline,fullsample_robustness,overall,all,8646,-11.000853780573964,-139.42576165669993,1997.136230660179,-2822.6502510332357,3263.897264174794,1419.9780295772512,1997.0510321135896,1068.9383226996852,3012.519213441745,3904.6379503132,5813.0,0.2442762823976004,Full-sample source->target 5-fold OOF residual; aggregate row only.
daily_steps,scrf,scssl,monotone_spline,fullsample_robustness,age_group,20-39,2757,601.9184875463612,404.4086615996739,1936.2752910458105,-2125.2198351982374,3949.5700724025705,1438.6154973280145,2027.34012889178,1032.4757322645164,3143.706354589993,4172.9298514654565,5813.0,0.2474824526626551,Full-sample source->target 5-fold OOF residual; aggregate row only.
daily_steps,scrf,scssl,monotone_spline,fullsample_robustness,age_group,40-59,2949,55.730545668262536,-94.461260811795,2073.446525612814,-2779.434298979674,3474.922912270202,1472.9228066172054,2073.843905599431,1111.5694896450286,3153.9052771341585,4103.298685992375,5813.0,0.2533842777597119,Full-sample source->target 5-fold OOF residual; aggregate row only.
daily_steps,scrf,scssl,monotone_spline,fullsample_robustness,age_group,60+,2940,-652.7047724924716,-707.4714593089129,1770.6990798681793,-3182.134771830164,1943.0319090321173,1349.3937962168163,1886.8842829702385,1067.024013646056,2819.878738761919,3470.491990369234,5813.0,0.2321338028929668,Full-sample source->target 5-fold OOF residual; aggregate row only.
daily_steps,scrf,scssl,monotone_spline,fullsample_robustness,sex,male,4161,-273.38804007669114,-374.31730296160094,1950.5322093467903,-3081.3143874658763,2783.8520709999593,1388.6685561826782,1969.366034650638,1045.7736461748243,2974.14752145046,3768.5452820428873,5813.0,0.2388901696512434,Full-sample source->target 5-fold OOF residual; aggregate row only.
daily_steps,scrf,scssl,monotone_spline,fullsample_robustness,sex,female,4485,232.43127156572336,43.92142839904122,2009.220271367596,-2612.81423656745,3668.827403273137,1449.0256814824502,2022.3971644937087,1093.7057922060667,3072.800545922914,4003.054839758319,5813.0,0.2492732980358593,Full-sample source->target 5-fold OOF residual; aggregate row only.
daily_steps,scrf,scssl,monotone_spline,fullsample_robustness,bmi_group,<25,2572,-184.7270296083664,-324.15587169049536,2137.06277254522,-3250.031133879275,3422.273105032278,1526.5285282947266,2144.6178433003956,1143.0932951938275,3291.8469415116615,4264.745677201931,5813.0,0.2626059742464694,Full-sample source->target 5-fold OOF residual; aggregate row only.
daily_steps,scrf,scssl,monotone_spline,fullsample_robustness,bmi_group,25-<30,2741,-214.01885421342624,-396.51806757952454,2026.293036351257,-3062.732024279723,3072.783134947917,1486.1092400656926,2037.1965038998967,1157.9986227389431,3071.1900881353795,4000.5266162038006,5813.0,0.2556527163367783,Full-sample source->target 5-fold OOF residual; aggregate row only.
daily_steps,scrf,scssl,monotone_spline,fullsample_robustness,bmi_group,>=30,3246,293.39174779206246,124.9544812051563,1828.093108629056,-2229.3583145482226,3254.229999955164,1295.2669684555403,1851.208680812108,948.0424749458944,2740.528209974039,3537.5205202188667,5813.0,0.222822461458032,Full-sample source->target 5-fold OOF residual; aggregate row only.
daily_steps,scrf,scssl,monotone_spline,fullsample_robustness,bmi_group,missing,87,164.14487852692542,12.47486611455628,1323.1080814160437,-1917.3810582151325,2440.895013933122,839.5018657945667,1325.6834180214505,491.31701591373235,2223.919969312036,2909.013659165696,5813.0,0.1444180054695625,Full-sample source->target 5-fold OOF residual; aggregate row only.
daily_steps,scrf,vs,isotonic,headline,overall,all,8646,0.1228962816707677,156.34806087383458,1643.660424235812,-2771.611444405348,2308.201661130724,1192.4101717562855,1643.565372853587,916.9591649249392,2497.0317474468866,3230.2645943663515,5559.857142857143,0.2144677715844188,Full-sample source->target 5-fold OOF residual; aggregate row only.
daily_steps,scrf,vs,isotonic,headline,age_group,20-39,2757,29.290088545090935,123.17471472459692,1601.5660500646666,-2617.398843579537,2390.747668386996,1165.8752472426074,1601.5434299171222,866.2983492063504,2495.63743904925,3228.706527777769,5559.857142857143,0.2096951805210373,Full-sample source->target 5-fold OOF residual; aggregate row only.
daily_steps,scrf,vs,isotonic,headline,age_group,40-59,2949,-17.883795289278257,137.0222734254994,1685.0740287088013,-2875.350505154318,2260.84980176076,1223.4555924366332,1684.8832162042595,961.863095238099,2551.2083136127194,3230.7204624060137,5559.857142857143,0.2200516238098726,Full-sample source->target 5-fold OOF residual; aggregate row only.
daily_steps,scrf,vs,isotonic,headline,age_group,60+,2940,-9.166972979390705,209.8028860028844,1640.7532309169674,-2734.395957142857,2212.396614187525,1186.1529749188253,1640.499779851819,916.6938537319688,2472.368111420328,3227.033908977395,5559.857142857143,0.2133423475534257,Full-sample source->target 5-fold OOF residual; aggregate row only.
daily_steps,scrf,vs,isotonic,headline,sex,male,4161,134.241802743581,285.9468605990769,1658.834986196615,-2676.272562358278,2496.3499999999985,1212.1102940708054,1664.059210966377,927.1935053602592,2571.7965250965244,3272.303460514644,5559.857142857143,0.218011050091103,Full-sample source->target 5-fold OOF residual; aggregate row only.
daily_steps,scrf,vs,isotonic,headline,sex,female,4485,-124.30715272345932,43.10503488019276,1619.7378845045555,-2861.253648990277,2122.651332630098,1174.133202090574,1624.3208185438164,903.7027014652032,2436.903120622833,3195.692991806266,5559.857142857143,0.2111804623611608,Full-sample source->target 5-fold OOF residual; aggregate row only.
daily_steps,scrf,vs,isotonic,headline,bmi_group,<25,2572,-199.4641079840508,-11.12114809429204,1744.9358526502251,-3253.7488331504173,2255.291901784793,1275.9329818969914,1755.962196057268,959.7920206845783,2677.427403604148,3511.120151395417,5559.857142857143,0.2294902457226275,Full-sample source->target 5-fold OOF residual; aggregate row only.
daily_steps,scrf,vs,isotonic,headline,bmi_group,25-<30,2741,-10.737265905006986,171.37760834670917,1663.5653908152665,-2912.727083333335,2313.375965858044,1218.6991369474374,1663.2965606602145,954.6848823866894,2563.30945165945,3265.5770975056657,5559.857142857143,0.2191961242229261,Full-sample source->target 5-fold OOF residual; aggregate row only.
daily_steps,scrf,vs,isotonic,headline,bmi_group,>=30,3246,175.46126359748007,277.38216612572023,1531.0681651374855,-2234.986158621641,2365.6214158681773,1110.2530629044663,1540.8550254651243,846.407140136969,2321.156646568164,2951.9636679757823,5559.857142857143,0.1996909334857335,Full-sample source->target 5-fold OOF residual; aggregate row only.
daily_steps,scrf,vs,isotonic,headline,bmi_group,missing,87,-299.2203310976101,-102.35577200577065,1216.6781259464412,-2472.3382412342226,1228.8834618714632,960.2636667236916,1246.1233731407629,788.3142857142857,2212.693681754754,2633.283138348363,5559.857142857143,0.1727137302362815,Full-sample source->target 5-fold OOF residual; aggregate row only.
daily_steps,scrf,vs,quantile,fullsample_robustness,overall,all,8646,0.4549290516434307,99.77217019203,1673.2284348164474,-2731.653486394558,2469.776031746033,1209.4654042135946,1673.1317307139875,909.5419280847328,2598.5199579831933,3333.655703509022,5559.857142857143,0.2175353382536848,Full-sample source->target 5-fold OOF residual; aggregate row only.
daily_steps,scrf,vs,quantile,fullsample_robustness,age_group,20-39,2757,109.25466872724355,127.57142857142937,1650.5339508974484,-2562.5911285234824,2624.02841378031,1200.945032296912,1653.847266251612,889.9206349206361,2606.1877922077915,3359.3946287467747,5559.857142857143,0.2160028578863378,Full-sample source->target 5-fold OOF residual; aggregate row only.
daily_steps,scrf,vs,quantile,fullsample_robustness,age_group,40-59,2949,49.60494160881058,154.23214285714312,1702.874740825914,-2718.69598277609,2507.8861886088325,1244.3174107594332,1703.30846377584,975.0822510822508,2596.872170771758,3351.536994708994,5559.857142857143,0.2238038458160803,Full-sample source->target 5-fold OOF residual; aggregate row only.
daily_steps,scrf,vs,quantile,fullsample_robustness,age_group,60+,2940,-150.87305370914413,23.261853420613537,1653.9350493462432,-2888.1120993660625,2273.5260416666665,1182.4967300879534,1660.522021300627,865.8942125178337,2569.38349382325,3254.4177495784556,5559.857142857143,0.2126847326656818,Full-sample source->target 5-fold OOF residual; aggregate row only.
daily_steps,scrf,vs,quantile,fullsample_robustness,sex,male,4161,178.1631545646541,254.52915451895024,1680.3207121018677,-2560.865546218489,2717.57142857143,1222.9394839546064,1689.5387677345116,911.9428571428562,2654.9650297619046,3358.0130325814525,5559.857142857143,0.2199587961582323,Full-sample source->target 5-fold OOF residual; aggregate row only.
daily_steps,scrf,vs,quantile,fullsample_robustness,sex,female,4485,-164.41551160825344,-40.58385093167635,1649.775244409975,-2871.568299319727,2222.9628954451364,1196.964702808388,1657.7647479285977,906.063909774437,2507.831428571428,3273.326910299003,5559.857142857143,0.2152869528934123,Full-sample source->target 5-fold OOF residual; aggregate row only.
daily_steps,scrf,vs,quantile,fullsample_robustness,bmi_group,<25,2572,-173.06141330438976,-54.63786699681623,1771.8617117462927,-3077.2421437740695,2455.6907899698326,1295.9110109067558,1779.9504305673922,983.0928822937628,2796.071428571428,3679.244627751789,5559.857142857143,0.2330835087321691,Full-sample source->target 5-fold OOF residual; aggregate row only.
daily_steps,scrf,vs,quantile,fullsample_robustness,bmi_group,25-<30,2741,29.06996869053682,143.77403414195942,1696.4193394862002,-2761.7722007722023,2574.2717879604675,1235.103520249478,1696.3589583565686,929.3849206349204,2668.573260073259,3323.504987423017,5559.857142857143,0.2221466286838394,Full-sample source->target 5-fold OOF residual; aggregate row only.
daily_steps,scrf,vs,quantile,fullsample_robustness,bmi_group,>=30,3246,129.0231681821113,175.8260148321624,1565.7594626753196,-2282.8780373615664,2413.654506362131,1124.4359369436895,1570.8260260234529,841.1632407631982,2361.459608843531,3048.31560465913,5559.857142857143,0.2022418756547143,Full-sample source->target 5-fold OOF residual; aggregate row only.
daily_steps,scrf,vs,quantile,fullsample_robustness,bmi_group,missing,87,-568.3070862125877,-534.2857142857151,1227.119718057509,-2917.944455154982,1096.7102047924209,1018.5857983393952,1345.915093388471,754.277551020408,2163.930219780219,3014.5650176723866,5559.857142857143,0.1832035917771722,Full-sample source->target 5-fold OOF residual; aggregate row only.
daily_steps,scrf,vs,monotone_spline,fullsample_robustness,overall,all,8646,-1.3464565883860669,95.75614193815818,1676.5075754417687,-2742.326679969943,2481.817938749863,1210.3977035330936,1676.4111605744629,908.2976311252128,2603.842301468208,3340.881578482031,5559.857142857143,0.2177030222958363,Full-sample source->target 5-fold OOF residual; aggregate row only.
daily_steps,scrf,vs,monotone_spline,fullsample_robustness,age_group,20-39,2757,108.9863602594165,132.48752018935556,1652.0288812386032,-2557.451839731167,2642.1854333223846,1201.1445950198067,1655.320976367375,894.0660669988483,2617.376864959253,3361.5549847518387,5559.857142857143,0.2160387513846359,Full-sample source->target 5-fold OOF residual; aggregate row only.
daily_steps,scrf,vs,monotone_spline,fullsample_robustness,age_group,40-59,2949,49.98032444371998,150.5285368551722,1708.4518493952455,-2726.71804211299,2510.4532259582666,1245.7024243666374,1708.8932069250843,974.7909285611568,2606.310919063242,3344.0469633870857,5559.857142857143,0.2240529553833978,Full-sample source->target 5-fold OOF residual; aggregate row only.
daily_steps,scrf,vs,monotone_spline,fullsample_robustness,age_group,60+,2940,-156.2955223411318,13.490498229172772,1656.0355544995427,-2885.526512789672,2256.0047849733332,1183.6620567416007,1663.1143197837887,864.6904894884809,2570.1903453554464,3256.8408299064463,5559.857142857143,0.2128943291757549,Full-sample source->target 5-fold OOF residual; aggregate row only.
daily_steps,scrf,vs,monotone_spline,fullsample_robustness,sex,male,4161,177.09687167984444,249.26564367575975,1684.8529291062152,-2556.2584649865858,2721.967693506223,1224.1383213666124,1693.9334319267732,908.7165401249658,2660.2502947857847,3374.9973386207257,5559.857142857143,0.2201744199379811,Full-sample source->target 5-fold OOF residual; aggregate row only.
daily_steps,scrf,vs,monotone_spline,fullsample_robustness,sex,female,4485,-166.89889559041663,-40.08520715632221,1651.7619760469884,-2855.005641922643,2223.469811978001,1197.6497189611266,1659.989321147322,907.1847457396052,2527.9355592237,3288.5990209001757,5559.857142857143,0.2154101604030906,Full-sample source->target 5-fold OOF residual; aggregate row only.
daily_steps,scrf,vs,monotone_spline,fullsample_robustness,bmi_group,<25,2572,-174.40857765051933,-53.35305311485081,1774.37684075384,-3094.9640871900565,2460.917560787584,1296.7569200627636,1782.5844760026612,980.6015959330512,2808.354963694589,3671.981817649675,5559.857142857143,0.2332356545758972,Full-sample source->target 5-fold OOF residual; aggregate row only.
daily_steps,scrf,vs,monotone_spline,fullsample_robustness,bmi_group,25-<30,2741,28.909769791874258,136.1989097866499,1702.7539826037416,-2755.3370530256634,2580.5453575600914,1236.603692594928,1702.688791725794,928.6759609430082,2670.1860253064733,3330.737426075397,5559.857142857143,0.2224164507866208,Full-sample source->target 5-fold OOF residual; aggregate row only.
daily_steps,scrf,vs,monotone_spline,fullsample_robustness,bmi_group,>=30,3246,126.27405021928868,177.86549531479477,1567.1609790071589,-2299.915672323407,2422.1141442485696,1125.1120569055918,1571.9993792418468,839.8123204928681,2359.518582311981,3038.759972595134,5559.857142857143,0.2023634830889576,Full-sample source->target 5-fold OOF residual; aggregate row only.
daily_steps,scrf,vs,monotone_spline,fullsample_robustness,bmi_group,missing,87,-599.8833098550409,-491.4708426618418,1211.3091361584277,-2900.3309350938052,1016.3700211145542,1013.7389451431244,1345.4607531995448,828.025377575666,2155.3313471036686,2986.7263851180396,5559.857142857143,0.1823318331920622,Full-sample source->target 5-fold OOF residual; aggregate row only.
daily_steps,scrf,vsrev,isotonic,headline,overall,all,8646,-0.8996203860312793,131.19859002714372,1832.4553395720095,-3040.8666102630577,2732.978124726312,1328.8315171812812,1832.3495860709272,993.9873297686272,2845.481284802052,3619.2432067374048,6301.767857142858,0.2108664659354425,Full-sample source->target 5-fold OOF residual; aggregate row only.
daily_steps,scrf,vsrev,isotonic,headline,age_group,20-39,2757,-372.9390187467458,-285.73558947772835,1825.2284985181495,-3315.5381041476503,2415.676996067899,1343.935704506545,1862.6148876456796,1011.415646258507,2819.163579277863,3663.796432181261,6301.767857142858,0.2132632834107393,Full-sample source->target 5-fold OOF residual; aggregate row only.
daily_steps,scrf,vsrev,isotonic,headline,age_group,40-59,2949,28.111146017655297,170.49175377467873,1893.323044804501,-3213.716093587628,2813.2939977182323,1390.421069764824,1893.2107208029563,1066.1478741496603,2984.9686775634773,3717.7682141693417,6301.767857142858,0.2206398428639076,Full-sample source->target 5-fold OOF residual; aggregate row only.
daily_steps,scrf,vsrev,isotonic,headline,age_group,60+,2940,318.88264871465515,436.5904798199762,1710.1196570556947,-2496.5257242063503,2852.7841608525805,1252.889396424608,1739.3103961240083,929.8521161939524,2717.658920888507,3428.3516044517346,6301.767857142858,0.1988155426900559,Full-sample source->target 5-fold OOF residual; aggregate row only.
daily_steps,scrf,vsrev,isotonic,headline,sex,male,4161,152.35326576210315,256.06221230158644,1818.4971585375372,-2793.617300556587,2942.096691176471,1338.1747304027322,1824.6502921615397,996.756423777566,2886.291666666664,3670.9630325814505,6301.767857142858,0.2123490996079699,Full-sample source->target 5-fold OOF residual; aggregate row only.
daily_steps,scrf,vsrev,isotonic,headline,sex,female,4485,-143.08139502647438,7.78185941043057,1834.0951547005427,-3236.198428100212,2498.1805572660096,1320.1632651825173,1839.4638587183356,990.2923460483707,2808.853478494622,3562.660937875152,6301.767857142858,0.2094909389094924,Full-sample source->target 5-fold OOF residual; aggregate row only.
daily_steps,scrf,vsrev,isotonic,headline,bmi_group,<25,2572,-287.67912067837574,-134.27354593837663,1949.3977883634675,-3539.1737330217343,2590.836462359099,1434.340861857991,1970.1354027830564,1099.5674472746257,3045.37069465972,3866.747699883109,6301.767857142858,0.2276092827240867,Full-sample source->target 5-fold OOF residual; aggregate row only.
daily_steps,scrf,vsrev,isotonic,headline,bmi_group,25-<30,2741,61.967216523014045,202.2448872180448,1876.8864423938203,-2951.696566998893,2955.065139949108,1376.8809511793231,1877.5669001892395,1029.9729272419636,2955.065139949108,3671.703607503608,6301.767857142858,0.2184912206213168,Full-sample source->target 5-fold OOF residual; aggregate row only.
daily_steps,scrf,vsrev,isotonic,headline,bmi_group,>=30,3246,181.55690387164807,248.9226607430396,1675.9954849665946,-2484.1319478264786,2714.8989421169103,1214.6290880264162,1685.5439520408747,907.88144201229,2623.0559955904905,3392.0465242608047,6301.767857142858,0.1927441815632214,Full-sample source->target 5-fold OOF residual; aggregate row only.
daily_steps,scrf,vsrev,isotonic,headline,bmi_group,missing,87,-310.95712562983005,-75.50571428571425,1332.6079174925285,-2347.0538736263734,1294.4579151952896,956.7344130383046,1360.9284321126745,733.0005830903783,1869.6341779326365,2931.9234147520797,6301.767857142858,0.1518200026923994,Full-sample source->target 5-fold OOF residual; aggregate row only.
daily_steps,scrf,vsrev,quantile,fullsample_robustness,overall,all,8646,0.992452913402302,52.844162499997765,1858.542601540572,-2977.941486291486,2930.317028985508,1341.453584405031,1858.435383520601,983.6908027210884,2956.438131774426,3728.660431480285,6301.767857142858,0.2128694066196892,Full-sample source->target 5-fold OOF residual; aggregate row only.
daily_steps,scrf,vsrev,quantile,fullsample_robustness,age_group,20-39,2757,-289.04042775612345,-282.77515527950436,1864.6696252624813,-3098.775510495794,2703.4015766973994,1384.4134222477187,1886.6043648401048,1057.9515925575488,2961.849122807018,3746.09787528928,6301.767857142858,0.2196865155352445,Full-sample source->target 5-fold OOF residual; aggregate row only.
daily_steps,scrf,vsrev,quantile,fullsample_robustness,age_group,40-59,2949,103.32151982263656,174.40013648771492,1923.776512301049,-3040.0301228183575,3198.6228888888895,1412.8812064341996,1926.2233599727983,1039.0445134575568,3094.4425496031813,3852.179504538522,6301.767857142858,0.2242039437921761,Full-sample source->target 5-fold OOF residual; aggregate row only.
daily_steps,scrf,vsrev,quantile,fullsample_robustness,age_group,60+,2940,170.3299473659706,199.82740046838444,1752.012164540224,-2620.8711680217257,2879.0813725490193,1229.5214992702322,1759.975810114681,859.2642021720967,2788.610526710684,3565.802762515263,6301.767857142858,0.1951073932176996,Full-sample source->target 5-fold OOF residual; aggregate row only.
daily_steps,scrf,vsrev,quantile,fullsample_robustness,sex,male,4161,200.89441784303924,204.3124274099891,1844.917794703244,-2762.778195488722,3276.20989010989,1351.2453220746315,1855.602929143201,981.6938775510204,3025.5988084674864,3788.752380952381,6301.767857142858,0.214423214676662,Full-sample source->target 5-fold OOF residual; aggregate row only.
daily_steps,scrf,vsrev,quantile,fullsample_robustness,sex,female,4485,-184.46843361329096,-94.40382819794468,1852.1010197353232,-3127.783108951879,2606.318780096309,1332.3692097242713,1861.0593641304908,983.926065162907,2898.076322328987,3681.892155570205,6301.767857142858,0.211427846903956,Full-sample source->target 5-fold OOF residual; aggregate row only.
daily_steps,scrf,vsrev,quantile,fullsample_robustness,bmi_group,<25,2572,-258.64998492210987,-173.90129755605946,1961.8802599472451,-3520.4879899884477,2789.5580288032365,1447.0474161411987,1978.478576669992,1078.2033333333334,3096.710522273426,3898.241667298219,6301.767857142858,0.2296256302905565,Full-sample source->target 5-fold OOF residual; aggregate row only.
daily_steps,scrf,vsrev,quantile,fullsample_robustness,bmi_group,25-<30,2741,104.56088368513596,170.55665024630548,1901.3476053914587,-2828.8809523809523,3227.5131362889733,1385.5599171203398,1903.874152465136,1017.0904761904758,3043.949579831933,3804.2666666666646,6301.767857142858,0.2198684477959388,Full-sample source->target 5-fold OOF residual; aggregate row only.
daily_steps,scrf,vsrev,quantile,fullsample_robustness,bmi_group,>=30,3246,133.5924832605812,119.31887172887218,1721.0646183368733,-2544.581733021077,2783.2843377775503,1228.9544042633088,1725.97735930543,878.2019607843126,2713.7557773109243,3480.893114697804,6301.767857142858,0.1950174033894833,Full-sample source->target 5-fold OOF residual; aggregate row only.
daily_steps,scrf,vsrev,quantile,fullsample_robustness,bmi_group,missing,87,-533.4951004121988,-373.8231292517006,1379.3692584942792,-2637.904356723776,1235.439285714286,1027.5403147722154,1471.5321686691657,698.3289646133685,2269.285043901282,3027.9716835164836,6301.767857142858,0.1630558817883985,Full-sample source->target 5-fold OOF residual; aggregate row only.
daily_steps,scrf,vsrev,monotone_spline,fullsample_robustness,overall,all,8646,3.620194396276074,48.846387364189695,1862.492601321484,-2980.6808972887065,2935.6421019659338,1343.2553365931049,1862.3884084194256,983.6722418174148,2963.011199853794,3745.757896436217,6301.767857142858,0.2131553188000358,Full-sample source->target 5-fold OOF residual; aggregate row only.
daily_steps,scrf,vsrev,monotone_spline,fullsample_robustness,age_group,20-39,2757,-285.47848635903705,-287.8596530724126,1874.9281529187456,-3103.207298675524,2726.739513044858,1388.2926520080557,1896.2010650990892,1053.710603025091,2972.9533933199436,3774.909910168571,6301.767857142858,0.2203020935521243,Full-sample source->target 5-fold OOF residual; aggregate row only.
daily_steps,scrf,vsrev,monotone_spline,fullsample_robustness,age_group,40-59,2949,105.93511638508048,169.31839402064907,1925.637403755235,-3026.888508679406,3156.794577782302,1413.92752248311,1928.2230828706552,1047.714911125349,3075.569242265774,3846.768970279448,6301.767857142858,0.2243699791131574,Full-sample source->target 5-fold OOF residual; aggregate row only.
daily_steps,scrf,vsrev,monotone_spline,fullsample_robustness,age_group,60+,2940,172.09582633417202,196.68031176240615,1752.2622624055775,-2593.6429563651022,2894.897903975376,1230.1328349643147,1760.3964462914023,858.4120837816495,2783.1461785066645,3576.802078004384,6301.767857142858,0.1952044034072117,Full-sample source->target 5-fold OOF residual; aggregate row only.
daily_steps,scrf,vsrev,monotone_spline,fullsample_robustness,sex,male,4161,206.815143200121,207.62646470001437,1852.0454659912127,-2747.010011826984,3289.6682821093045,1354.183011779441,1863.335872320721,984.1048923580956,3027.2687573627936,3805.842923158343,6301.767857142858,0.2148893838170374,Full-sample source->target 5-fold OOF residual; aggregate row only.
daily_steps,scrf,vsrev,monotone_spline,fullsample_robustness,sex,female,4485,-184.8957882063546,-97.39512783151258,1852.510276043444,-3101.919169015576,2598.7608878386636,1333.1170854336085,1861.508958831678,982.9298873893111,2883.707517655612,3647.699618558704,6301.767857142858,0.2115465240317542,Full-sample source->target 5-fold OOF residual; aggregate row only.
daily_steps,scrf,vsrev,monotone_spline,fullsample_robustness,bmi_group,<25,2572,-255.3329249740437,-175.07414138397974,1962.4777207232964,-3496.2856874473814,2801.2118873116065,1448.2308543721228,1978.6400138925237,1084.4981066964422,3089.551425684169,3949.884039178045,6301.767857142858,0.2298134249313227,Full-sample source->target 5-fold OOF residual; aggregate row only.
daily_steps,scrf,vsrev,monotone_spline,fullsample_robustness,bmi_group,25-<30,2741,108.0986713589301,171.27017400660907,1908.418958471536,-2843.2510604297768,3238.529709999286,1387.9544052078957,1911.1304269198345,1024.460798471824,3028.748366787193,3841.17372094368,6301.767857142858,0.2202484186456809,Full-sample source->target 5-fold OOF residual; aggregate row only.
daily_steps,scrf,vsrev,monotone_spline,fullsample_robustness,bmi_group,>=30,3246,135.1466075537614,113.02958914960914,1725.6453507939273,-2533.3068004536394,2809.3319060959857,1231.119401660539,1730.664349617567,883.581037138455,2717.2284499288307,3503.1395442276653,6301.767857142858,0.1953609573645439,Full-sample source->target 5-fold OOF residual; aggregate row only.
daily_steps,scrf,vsrev,monotone_spline,fullsample_robustness,bmi_group,missing,87,-539.860488860847,-327.4099778944583,1364.3868893825113,-2635.3677075763376,1231.6041203014502,1015.3940261371708,1460.0012968176477,666.883191607707,2229.139383423319,2997.3723630937357,6301.767857142858,0.1611284403290503,Full-sample source->target 5-fold OOF residual; aggregate row only.
daily_steps,scssl,acti,isotonic,headline,overall,all,8646,-0.7312787889371798,267.8424282212882,2208.176187801323,-3891.037022498174,3064.7514673011156,1676.3209414177095,2208.0486059102195,1357.4289786316897,3355.2738095238096,4221.565243170912,5482.084523809524,0.3057816664696054,Full-sample source->target 5-fold OOF residual; aggregate row only.
daily_steps,scssl,acti,isotonic,headline,age_group,20-39,2757,-338.62203187025415,-97.12698412698592,2094.7920562819895,-4030.8199936904566,2532.0326338685923,1567.213119049869,2121.6095302160147,1192.735257936507,3228.119927628057,4144.355493575204,5482.084523809524,0.2858790506135439,Full-sample source->target 5-fold OOF residual; aggregate row only.
daily_steps,scssl,acti,isotonic,headline,age_group,40-59,2949,-182.8944056650801,132.10324500768183,2264.739495536121,-4214.313379619392,2998.8121866608653,1715.9307967976983,2271.729758878186,1364.7001771871546,3510.5451224802155,4448.312442603854,5482.084523809524,0.3130069938442486,Full-sample source->target 5-fold OOF residual; aggregate row only.
daily_steps,scssl,acti,isotonic,headline,age_group,60+,2940,498.8482679467554,799.0119418448458,2166.3404540353963,-3267.8421461640205,3307.3276637273484,1738.9062484763992,2222.6750298207794,1495.189553023124,3301.1223154994077,4091.260150245575,5482.084523809524,0.3171980003088361,Full-sample source->target 5-fold OOF residual; aggregate row only.
daily_steps,scssl,acti,isotonic,headline,sex,male,4161,300.67900484732763,558.6490215264184,2131.635826677636,-3451.6665286404423,3191.78992825607,1660.006490196081,2152.4839482051493,1392.8336329233734,3286.813597577758,4064.063392857141,5482.084523809524,0.30280570884787,Full-sample source->target 5-fold OOF residual; aggregate row only.
daily_steps,scssl,acti,isotonic,headline,sex,female,4485,-280.3674416006424,-8.250855654764564,2241.156133944443,-4351.942714840761,2875.096085044773,1691.4568235878758,2258.3770306328115,1321.464826420397,3441.1982669552676,4485.733023381538,5482.084523809524,0.3085426385240181,Full-sample source->target 5-fold OOF residual; aggregate row only.
daily_steps,scssl,acti,isotonic,headline,bmi_group,<25,2572,35.771127040803414,380.4007439471043,2268.3456808849905,-3914.841002944186,3117.1982708333317,1709.8820326567886,2268.1867560358723,1365.4211335264165,3445.671295558016,4267.96221687109,5482.084523809524,0.3119036244754183,Full-sample source->target 5-fold OOF residual; aggregate row only.
daily_steps,scssl,acti,isotonic,headline,bmi_group,25-<30,2741,167.01164738001958,407.84854497354354,2226.6772185610675,-3814.904673721341,3211.944363459668,1717.4536313054602,2232.5266994520744,1399.0306051587304,3403.8082902001424,4318.512896825396,5482.084523809524,0.3132847776874469,Full-sample source->target 5-fold OOF residual; aggregate row only.
daily_steps,scssl,acti,isotonic,headline,bmi_group,>=30,3246,-160.58915873086474,83.15097603279764,2126.310600189121,-3882.2256170443216,2749.199494047617,1611.9422599146096,2132.039585615664,1307.3596757125802,3240.106371815019,4056.2110271946017,5482.084523809524,0.2940381989576592,Full-sample source->target 5-fold OOF residual; aggregate row only.
daily_steps,scssl,acti,isotonic,headline,bmi_group,missing,87,-400.3734642108494,104.8831890331894,2388.75511723395,-4560.080152060825,2311.0450351991744,1790.2217518754612,2408.497867615959,1499.4746031746,3666.014671814672,4560.080152060826,5482.084523809524,0.3265585826158383,Full-sample source->target 5-fold OOF residual; aggregate row only.
daily_steps,scssl,acti,quantile,fullsample_robustness,overall,all,8646,0.3768504735781408,216.29761904761972,2292.0733255504606,-3974.799871299872,3238.0833503650915,1736.9448321983912,2291.9408016162724,1390.589939822083,3538.4557197591676,4484.192960836766,5482.084523809524,0.3168402137279307,Full-sample source->target 5-fold OOF residual; aggregate row only.
daily_steps,scssl,acti,quantile,fullsample_robustness,age_group,20-39,2757,-235.671616585536,-85.23809523809359,2185.527756214418,-3957.983812383812,2912.583106575962,1639.863598046946,2197.803488372526,1263.5258358662604,3414.3324708830896,4356.567005749667,5482.084523809524,0.2991313962644628,Full-sample source->target 5-fold OOF residual; aggregate row only.
daily_steps,scssl,acti,quantile,fullsample_robustness,age_group,40-59,2949,-52.98311988438572,155.2790697674427,2355.5367503854773,-4184.595468777598,3322.633750274302,1786.709840362593,2355.7332383056764,1400.1428571428569,3758.3364652354458,4640.644938628876,5482.084523809524,0.3259179665331027,Full-sample source->target 5-fold OOF residual; aggregate row only.
daily_steps,scssl,acti,quantile,fullsample_robustness,age_group,60+,2940,275.25582199317444,562.8539718862371,2297.3838470909673,-3709.7288179616985,3369.8098214285696,1778.0659048103994,2313.4266964095127,1500.2343797391568,3504.8253473710733,4441.141666666665,5482.084523809524,0.3243412058110358,Full-sample source->target 5-fold OOF residual; aggregate row only.
daily_steps,scssl,acti,quantile,fullsample_robustness,sex,male,4161,410.9970538558851,587.1590909090919,2162.42817141566,-3286.015360983103,3466.317460317461,1691.2738136993771,2200.884000466848,1379.4338624338598,3410.164893855883,4297.966047405509,5482.084523809524,0.3085092552575427,Full-sample source->target 5-fold OOF residual; aggregate row only.
daily_steps,scssl,acti,quantile,fullsample_robustness,sex,female,4485,-380.5798198215789,-137.86640211640042,2342.84524852514,-4498.008424632742,2958.1934738817317,1779.3165396620252,2373.297498727677,1397.4214929214922,3674.723744279094,4781.86693661851,5482.084523809524,0.324569337071361,Full-sample source->target 5-fold OOF residual; aggregate row only.
daily_steps,scssl,acti,quantile,fullsample_robustness,bmi_group,<25,2572,129.39731469293412,405.7702387035524,2344.182799652412,-3939.9749788359786,3418.4252882205524,1772.5317473726689,2347.2963422892267,1421.22380952381,3579.1736577708034,4561.812838065835,5482.084523809524,0.3233317070676847,Full-sample source->target 5-fold OOF residual; aggregate row only.
daily_steps,scssl,acti,quantile,fullsample_robustness,bmi_group,25-<30,2741,268.77724379701476,463.28571428571377,2283.0733498458094,-3572.204968944099,3515.735502121641,1763.152885341776,2298.4263044734907,1441.793650793652,3529.64227005871,4474.982072829131,5482.084523809524,0.3216208866689551,Full-sample source->target 5-fold OOF residual; aggregate row only.
daily_steps,scssl,acti,quantile,fullsample_robustness,bmi_group,>=30,3246,-291.33431292152983,-103.4709710958614,2201.214566190946,-4102.365442352652,2868.4980952380947,1675.455866838579,2220.073993260775,1312.3240259740264,3445.945011337869,4337.322561828237,5482.084523809524,0.3056238661702168,Full-sample source->target 5-fold OOF residual; aggregate row only.
daily_steps,scssl,acti,quantile,fullsample_robustness,bmi_group,missing,87,-1386.1941344827774,-891.4625850340126,2641.985365241805,-6244.2282303275915,1897.096571428572,2153.3512927006072,2970.0824849421633,1522.6388140161716,5161.73174107143,6244.228230327593,5482.084523809524,0.3927979007525835,Full-sample source->target 5-fold OOF residual; aggregate row only.
daily_steps,scssl,acti,monotone_spline,fullsample_robustness,overall,all,8646,14.4593331830643,235.06697386269116,2307.999145674074,-3970.7812553793706,3273.7432795455547,1749.1963952190824,2307.9109648926233,1404.3020824521193,3553.5580255094155,4515.7954552318115,5482.084523809524,0.3190750503065134,Full-sample source->target 5-fold OOF residual; aggregate row only.
daily_steps,scssl,acti,monotone_spline,fullsample_robustness,age_group,20-39,2757,-216.9617929148978,-71.19631216106245,2201.372109675474,-3962.2709258488567,2973.517790197581,1648.3310197598423,2211.640536566215,1271.942352159922,3418.540930484175,4371.815334038355,5482.084523809524,0.3006759586797487,Full-sample source->target 5-fold OOF residual; aggregate row only.
daily_steps,scssl,acti,monotone_spline,fullsample_robustness,age_group,40-59,2949,-32.1188833220031,162.2141365657426,2365.904514763544,-4164.9862178968715,3361.383819930838,1792.6759424401992,2365.72138959306,1416.1457897264045,3781.512581313171,4687.819491194481,5482.084523809524,0.327006257319517,Full-sample source->target 5-fold OOF residual; aggregate row only.
daily_steps,scssl,acti,monotone_spline,fullsample_robustness,age_group,60+,2940,278.1964777835831,579.9397982101918,2321.184406411218,-3710.5580222941367,3391.320302053057,1800.170767799371,2337.40405381142,1511.8190381265522,3508.311898468199,4466.751439344569,5482.084523809524,0.3283734061342828,Full-sample source->target 5-fold OOF residual; aggregate row only.
daily_steps,scssl,acti,monotone_spline,fullsample_robustness,sex,male,4161,432.4878271142441,608.012311673665,2180.9260425625207,-3302.7741196473144,3502.432662808169,1707.225267079806,2223.1376529349,1397.9601680047017,3432.514046295818,4310.476428864469,5482.084523809524,0.3114189975847815,Full-sample source->target 5-fold OOF residual; aggregate row only.
daily_steps,scssl,acti,monotone_spline,fullsample_robustness,sex,female,4485,-373.3704468052611,-127.34752081663557,2354.7074627138068,-4506.010075667487,2960.788514161192,1788.1354953723774,2383.8658646818385,1409.0201017626168,3684.425833825054,4793.355020608376,5482.084523809524,0.3261780236343007,Full-sample source->target 5-fold OOF residual; aggregate row only.
daily_steps,scssl,acti,monotone_spline,fullsample_robustness,bmi_group,<25,2572,146.67885514906013,413.30152646927263,2354.61642392854,-3926.649398410209,3439.9596630846786,1782.2592948732,2358.723719393964,1434.9284675737226,3586.0947062256323,4536.711401374281,5482.084523809524,0.3251061320073738,Full-sample source->target 5-fold OOF residual; aggregate row only.
daily_steps,scssl,acti,monotone_spline,fullsample_robustness,bmi_group,25-<30,2741,291.19155176866406,468.3071176098456,2304.462256221806,-3572.172048104512,3555.183923023309,1777.681394973307,2322.3697728161,1454.0333437172883,3566.32533446639,4544.568563367033,5482.084523809524,0.3242710664625047,Full-sample source->target 5-fold OOF residual; aggregate row only.
daily_steps,scssl,acti,monotone_spline,fullsample_robustness,bmi_group,>=30,3246,-280.69461574827915,-91.7382899529266,2208.8289984438925,-4095.576062522723,2872.788120162998,1683.2772750374656,2226.255141240477,1325.3903092769706,3461.265737747208,4352.374355645288,5482.084523809524,0.3070505877329576,Full-sample source->target 5-fold OOF residual; aggregate row only.
daily_steps,scssl,acti,monotone_spline,fullsample_robustness,bmi_group,missing,87,-1600.7349588689974,-1107.5199189695925,2746.857582278877,-6621.778063147614,1789.144730886659,2333.774577665131,3165.572972401712,1630.628305141353,5650.370292157597,6621.778063147614,5482.084523809524,0.4257093387614135,Full-sample source->target 5-fold OOF residual; aggregate row only.
daily_steps,scssl,adept,isotonic,headline,overall,all,8646,0.7520880705594818,75.07222318836654,909.8498461446296,-1518.998527862352,1258.5123610540236,625.9699904424904,909.7975386734746,437.4158393124488,1380.6834280921246,1823.2409305932547,1919.4027944454592,0.3261274768662308,Full-sample source->target 5-fold OOF residual; aggregate row only.
daily_steps,scssl,adept,isotonic,headline,age_group,20-39,2757,-106.27288411154734,-53.290900894955485,872.5913948802736,-1558.5167982941057,1141.3280960959096,617.3312877109759,878.8819561561031,432.9555812110227,1355.3053682357158,1831.186220367251,1919.4027944454592,0.3216267526011032,Full-sample source->target 5-fold OOF residual; aggregate row only.
daily_steps,scssl,adept,isotonic,headline,age_group,40-59,2949,-73.1511282553758,-5.160351971449927,1000.8723971787384,-1624.4492779972225,1300.943341100835,670.4000996466737,1003.3727886910584,465.75637347038514,1467.878377923817,1926.3221590248893,1919.4027944454592,0.3492753587661421,Full-sample source->target 5-fold OOF residual; aggregate row only.
daily_steps,scssl,adept,isotonic,headline,age_group,60+,2940,175.2447524417335,227.8399429896101,818.2488540038871,-1255.770891296945,1333.788098455115,589.5048582614186,836.6684998497037,411.0049458050879,1302.2849920706233,1709.7709487859445,1919.4027944454592,0.3071293112458629,Full-sample source->target 5-fold OOF residual; aggregate row only.
daily_steps,scssl,adept,isotonic,headline,sex,male,4161,-65.5644555963695,28.63789694938123,1009.2701840183512,-1738.7221978737994,1284.315928078427,685.0892875419652,1011.2765195240258,472.94948835977334,1500.7948339436232,2009.568915857125,1919.4027944454592,0.3569283578853476,Full-sample source->target 5-fold OOF residual; aggregate row only.
daily_steps,scssl,adept,isotonic,headline,sex,female,4485,62.27787139231901,107.02702392550373,801.9545078113146,-1308.209894575094,1239.2931270642184,571.1215188190979,804.2799076628455,407.43403717925185,1263.2515516583956,1629.2686463887885,1919.4027944454592,0.2975516762150502,Full-sample source->target 5-fold OOF residual; aggregate row only.
daily_steps,scssl,adept,isotonic,headline,bmi_group,<25,2572,-51.287443429111995,32.91659133869007,947.0697978932552,-1667.3971637369982,1237.6436769220222,663.7480146389883,948.2736266309452,473.0558902727056,1444.335582629132,1922.2756504907857,1919.4027944454592,0.3458096531691013,Full-sample source->target 5-fold OOF residual; aggregate row only.
daily_steps,scssl,adept,isotonic,headline,bmi_group,25-<30,2741,-5.521881721631853,83.5733199861346,975.2436643017792,-1598.375957536356,1325.6785570050802,666.5782935698296,975.0813841491516,474.74471830858647,1458.4211810798774,1891.7126650932023,1919.4027944454592,0.3472842154334847,Full-sample source->target 5-fold OOF residual; aggregate row only.
daily_steps,scssl,adept,isotonic,headline,bmi_group,>=30,3246,47.52478822363943,93.81214119733522,822.9285754393308,-1302.1611406870622,1246.823758719628,568.142529579091,824.1731712720655,384.8229436881213,1270.9153363582493,1631.2689659297853,1919.4027944454592,0.295999636565724,Full-sample source->target 5-fold OOF residual; aggregate row only.
daily_steps,scssl,adept,isotonic,headline,bmi_group,missing,87,-8.231342726521635,25.66387685308399,617.3769189320832,-848.7308951463943,954.4049241391882,387.297586501855,613.8737098007472,245.63852749720604,913.871739621452,1281.7890069879827,1919.4027944454592,0.201780255620473,Full-sample source->target 5-fold OOF residual; aggregate row only.
daily_steps,scssl,adept,quantile,fullsample_robustness,overall,all,8646,0.7476395670205189,-8.676479329604263,970.0071346446396,-1463.5967227753763,1482.074411778602,656.4271639713334,969.9513254464974,447.8238296290623,1471.8854683719069,1964.5316380986935,1919.4027944454592,0.3419955237488251,Full-sample source->target 5-fold OOF residual; aggregate row only.
daily_steps,scssl,adept,quantile,fullsample_robustness,age_group,20-39,2757,-86.48743927679033,-126.47015219334436,942.8451717792516,-1512.692652555896,1469.5279771871988,672.3605375421433,946.633328564836,476.4321611360128,1500.7927365974665,1964.904311430676,1919.4027944454592,0.3502967378644445,Full-sample source->target 5-fold OOF residual; aggregate row only.
daily_steps,scssl,adept,quantile,fullsample_robustness,age_group,40-59,2949,-31.340988172599648,-56.93370974970344,1072.0082400349688,-1562.1172134685305,1594.270378136472,721.1509739737809,1072.284585479298,496.00999188723495,1583.50873068028,2104.089493346418,1919.4027944454592,0.3757163301318058,Full-sample source->target 5-fold OOF residual; aggregate row only.
daily_steps,scssl,adept,quantile,fullsample_robustness,age_group,60+,2940,114.73963806243763,107.63981708932972,871.882829012893,-1214.4021963546911,1385.5178970145855,576.5636174978837,879.2532556422299,375.75644497593487,1323.1760215808638,1773.4942098651254,1919.4027944454592,0.3003869845174735,Full-sample source->target 5-fold OOF residual; aggregate row only.
daily_steps,scssl,adept,quantile,fullsample_robustness,sex,male,4161,-11.86186212334664,-26.515104676678448,1100.3871026689137,-1600.244017559823,1671.9669940834624,731.6621782522865,1100.3188080309694,495.3437926413508,1639.8908416037375,2207.767518274718,1919.4027944454592,0.3811926190634068,Full-sample source->target 5-fold OOF residual; aggregate row only.
daily_steps,scssl,adept,quantile,fullsample_robustness,sex,female,4485,12.446220733936403,1.3852647748283289,830.906849972864,-1310.3660878892756,1330.2531999891398,586.6271875113454,830.9074346890056,407.29311355441587,1321.622428810435,1718.712113923206,1919.4027944454592,0.3056300580623202,Full-sample source->target 5-fold OOF residual; aggregate row only.
daily_steps,scssl,adept,quantile,fullsample_robustness,bmi_group,<25,2572,-23.36753784623732,-32.38094806600786,1026.732293610955,-1584.1715567898975,1515.0172659301993,705.6956590994724,1026.7986058967106,505.0905534314527,1541.3655947686552,2050.221118271203,1919.4027944454592,0.3676641823913553,Full-sample source->target 5-fold OOF residual; aggregate row only.
daily_steps,scssl,adept,quantile,fullsample_robustness,bmi_group,25-<30,2741,30.74145855249834,24.27434784258162,1038.6625379523684,-1505.648041891658,1609.477895630011,699.9116137053313,1038.9279661196256,476.9900933568324,1554.8739808647294,2082.8293233955355,1919.4027944454592,0.364650721427935,Full-sample source->target 5-fold OOF residual; aggregate row only.
daily_steps,scssl,adept,quantile,fullsample_robustness,bmi_group,>=30,3246,-2.5454485499535457,-14.435036894375711,865.2984998288432,-1326.5475284708632,1408.6980230142387,587.2512126105061,865.168947211923,393.87533506174657,1356.8632699699751,1739.5252938773206,1919.4027944454592,0.3059551722598021,Full-sample source->target 5-fold OOF residual; aggregate row only.
daily_steps,scssl,adept,quantile,fullsample_robustness,bmi_group,missing,87,-108.44152715249362,-84.68799506364013,621.6893201119962,-958.2250942915656,1082.4127973698924,410.8604045090613,627.546551484105,218.54630986579824,1018.6281223748904,1206.345954711189,1919.4027944454592,0.2140563750860664,Full-sample source->target 5-fold OOF residual; aggregate row only.
daily_steps,scssl,adept,monotone_spline,fullsample_robustness,overall,all,8646,13.188687585324477,-6.509948485121299,1022.9195545785568,-1456.0721034825265,1498.5970511497724,665.5904546027509,1022.9454206704472,446.4665171789752,1476.3869273904515,1971.0315065847744,1919.4027944454592,0.3467695558894133,Full-sample source->target 5-fold OOF residual; aggregate row only.
daily_steps,scssl,adept,monotone_spline,fullsample_robustness,age_group,20-39,2757,-73.35978896666767,-125.1024519139678,979.17572261089,-1505.378940583904,1492.5386459779218,680.0463239035397,981.7428331693012,476.6957935158698,1499.8403694060391,1967.48894035639,1919.4027944454592,0.3543009970973882,Full-sample source->target 5-fold OOF residual; aggregate row only.
daily_steps,scssl,adept,monotone_spline,fullsample_robustness,age_group,40-59,2949,-12.681984593997257,-54.1970569390229,1163.0833997414882,-1548.323320199437,1612.7589188559182,735.8887937632195,1162.95533373487,498.9472940089231,1589.041365684512,2110.410634957997,1919.4027944454592,0.3833946662434798,Full-sample source->target 5-fold OOF residual; aggregate row only.
daily_steps,scssl,adept,monotone_spline,fullsample_robustness,age_group,60+,2940,120.29983116037964,108.46203352217977,895.9300589579847,-1212.744888845614,1401.7944489742658,581.5208512536025,903.8195040405324,378.8018072319125,1330.324070459704,1792.1940898802554,1919.4027944454592,0.3029696804320905,Full-sample source->target 5-fold OOF residual; aggregate row only.
daily_steps,scssl,adept,monotone_spline,fullsample_robustness,sex,male,4161,9.397946579370876,-23.78760199020053,1188.8865022057832,-1591.4368474589023,1689.481107199375,747.8388104686172,1188.780781422986,496.32194245683513,1650.4930652918856,2230.3512400226027,1919.4027944454592,0.3896205698109748,Full-sample source->target 5-fold OOF residual; aggregate row only.
daily_steps,scssl,adept,monotone_spline,fullsample_robustness,sex,female,4485,16.70558241827273,3.6354920327787568,840.2439623602256,-1306.0578667072457,1339.3730021908732,589.2837859833821,840.3163552822625,406.63685445782767,1324.2119838526446,1729.993166985147,1919.4027944454592,0.3070141336090082,Full-sample source->target 5-fold OOF residual; aggregate row only.
daily_steps,scssl,adept,monotone_spline,fullsample_robustness,bmi_group,<25,2572,-10.382364385793531,-32.75614376707483,1072.7385019611374,-1574.286580634918,1524.1871962611322,713.1339827508597,1072.5801907827406,509.71662131499374,1540.6289028427066,2054.085101965813,1919.4027944454592,0.3715395146941491,Full-sample source->target 5-fold OOF residual; aggregate row only.
daily_steps,scssl,adept,monotone_spline,fullsample_robustness,bmi_group,25-<30,2741,52.51812432237303,27.0072086018954,1138.010366770062,-1504.3868115435605,1631.530651696232,718.1793079094085,1139.014165096083,478.20630989234087,1560.8937494705783,2110.4620792254427,1919.4027944454592,0.3741681058231969,Full-sample source->target 5-fold OOF residual; aggregate row only.
daily_steps,scssl,adept,monotone_spline,fullsample_robustness,bmi_group,>=30,3246,2.133684915467019,-9.113561668613045,877.3290392888844,-1330.3766737834596,1401.2431747602518,590.1248278749231,877.1964838364798,392.9491367369932,1360.304511116632,1740.37377248239,1919.4027944454592,0.3074523125540295,Full-sample source->target 5-fold OOF residual; aggregate row only.
daily_steps,scssl,adept,monotone_spline,fullsample_robustness,bmi_group,missing,87,-116.61248207188582,-104.79178993671265,623.9675694984963,-947.8065149866125,1076.4005171836793,418.84819078717857,631.2359921232264,229.91253726122557,1012.9734917335228,1229.2413079548846,1919.4027944454592,0.2182179748822285,Full-sample source->target 5-fold OOF residual; aggregate row only.
daily_steps,scssl,oak,isotonic,headline,overall,all,8646,-1.8635075597208115,238.49927480945917,2691.3721896645116,-4702.913902357498,3949.6054443077087,2055.6308601870487,2691.217187727617,1648.3287702557463,4256.164791721219,5276.881515269149,6887.578571428576,0.2984547963945307,Full-sample source->target 5-fold OOF residual; aggregate row only.
daily_steps,scssl,oak,isotonic,headline,age_group,20-39,2757,-883.299546729647,-673.3661186573008,2487.6635400535947,-5258.161776910741,2614.599883669805,1962.3622618822055,2639.4020797719986,1507.0965064935108,4166.429603819336,5426.265235429605,6887.578571428576,0.2849132306123639,Full-sample source->target 5-fold OOF residual; aggregate row only.
daily_steps,scssl,oak,isotonic,headline,age_group,40-59,2949,-278.4189482311787,-4.575048262542623,2730.4802742454044,-5023.121804971087,3617.8012680963743,2057.412382357673,2744.1777431508067,1596.045799731186,4313.993307943137,5415.193064007134,6887.578571428576,0.298713453650074,Full-sample source->target 5-fold OOF residual; aggregate row only.
daily_steps,scssl,oak,isotonic,headline,age_group,60+,2940,1102.1096742537538,1311.8953319910047,2449.554359176178,-3238.397001342905,4627.709388603801,2141.3069882976893,2685.688248595362,1830.5356336384111,4276.310839220301,5111.394783086653,6887.578571428576,0.3108940197329108,Full-sample source->target 5-fold OOF residual; aggregate row only.
daily_steps,scssl,oak,isotonic,headline,sex,male,4161,459.93071237273455,706.7610929371767,2604.6051457642375,-4130.035589907608,4314.394374307867,2047.942680748436,2644.593325241308,1652.0464285714295,4262.732735326679,5206.82520833335,6887.578571428576,0.297338558030223,Full-sample source->target 5-fold OOF residual; aggregate row only.
daily_steps,scssl,oak,isotonic,headline,sex,female,4485,-430.29734237330985,-210.64235819812893,2699.985900060788,-5081.227284382811,3553.971261318043,2062.763639371902,2733.7619249482696,1638.9045991140556,4252.78275737705,5401.934691086229,6887.578571428576,0.2994903968034237,Full-sample source->target 5-fold OOF residual; aggregate row only.
daily_steps,scssl,oak,isotonic,headline,bmi_group,<25,2572,-33.08556685166452,244.68255905487376,2838.5218147877663,-4986.981791130393,4040.262895571251,2164.801964011279,2838.162801176481,1735.8905232753368,4443.788562406622,5591.733604466806,6887.578571428576,0.3143052295608542,Full-sample source->target 5-fold OOF residual; aggregate row only.
daily_steps,scssl,oak,isotonic,headline,bmi_group,25-<30,2741,206.29381156920465,498.8523506341735,2752.8253030797982,-4707.037132167148,4105.389362217022,2128.8358018364743,2760.043402619767,1725.579315476191,4377.868710540393,5419.115734635734,6887.578571428576,0.3090833418100558,Full-sample source->target 5-fold OOF residual; aggregate row only.
daily_steps,scssl,oak,isotonic,headline,bmi_group,>=30,3246,-148.9582153709393,60.4466448938997,2513.3911253298315,-4524.322677499598,3636.146932263081,1916.5086924598895,2517.4148187668734,1527.6592211265336,4022.9438638147567,5043.60800551948,6887.578571428576,0.2782558010169284,Full-sample source->target 5-fold OOF residual; aggregate row only.
daily_steps,scssl,oak,isotonic,headline,bmi_group,missing,87,-148.83653834466526,254.55540404040423,2283.679887850992,-4349.291379110901,3086.5128974030126,1712.5013469153832,2275.390381594522,1311.4077030812325,3777.785416488321,4470.5474189103215,6887.578571428576,0.2486361976354467,Full-sample source->target 5-fold OOF residual; aggregate row only.
daily_steps,scssl,oak,quantile,fullsample_robustness,overall,all,8646,-0.4438688624947761,156.02058636108995,2780.8877366931943,-4648.053540816326,4259.55044642857,2120.0106378665055,2780.726948145533,1678.8430078477468,4450.98333935192,5494.427621882085,6887.578571428576,0.3078020259051341,Full-sample source->target 5-fold OOF residual; aggregate row only.
daily_steps,scssl,oak,quantile,fullsample_robustness,age_group,20-39,2757,-775.7120820469382,-696.792207792214,2614.9315185856344,-5162.567988755437,3139.149249903209,2066.2157013178344,2727.1076064735994,1617.705925801536,4341.182156585153,5470.5705982905965,6887.578571428576,0.2999915979019131,Full-sample source->target 5-fold OOF residual; aggregate row only.
daily_steps,scssl,oak,quantile,fullsample_robustness,age_group,40-59,2949,-123.65085143577863,17.84906015039087,2856.208224691282,-4923.810383116884,4234.537300751883,2160.296949530328,2858.39966059077,1712.812574521191,4520.281446974927,5597.815561938057,6887.578571428576,0.3136511514353953,Full-sample source->target 5-fold OOF residual; aggregate row only.
daily_steps,scssl,oak,quantile,fullsample_robustness,age_group,60+,2940,850.1520003069355,911.9788566358212,2617.176061773485,-3668.190096495956,4836.838650793647,2130.047476971293,2751.3704153463636,1705.3635783393315,4483.530077468487,5399.877334523808,6887.578571428576,0.3092592635976989,Full-sample source->target 5-fold OOF residual; aggregate row only.
daily_steps,scssl,oak,quantile,fullsample_robustness,sex,male,4161,594.1610830804152,710.8501608751558,2658.7826238364087,-3875.8190617075143,4757.6771428571155,2089.412051337561,2724.050941694596,1646.9285714285743,4398.541176470584,5454.767428571429,6887.578571428576,0.3033594505919645,Full-sample source->target 5-fold OOF residual; aggregate row only.
daily_steps,scssl,oak,quantile,fullsample_robustness,sex,female,4485,-552.094081802171,-392.66863354037014,2778.2739274335913,-5190.485936269249,3697.0222018398263,2148.398757943861,2832.2946287481996,1703.5739099254167,4485.330420168072,5530.761821946169,6887.578571428576,0.3119236660117336,Full-sample source->target 5-fold OOF residual; aggregate row only.
daily_steps,scssl,oak,quantile,fullsample_robustness,bmi_group,<25,2572,78.43973729205585,250.58229813664616,2927.809320764854,-4775.781607142858,4518.271632485164,2238.7094047125543,2928.2908615780316,1759.9852380952393,4692.171932838596,5837.046997478996,6887.578571428576,0.3250357700454103,Full-sample source->target 5-fold OOF residual; aggregate row only.
daily_steps,scssl,oak,quantile,fullsample_robustness,bmi_group,25-<30,2741,321.73121683667574,533.7613095238084,2810.7509330187418,-4496.3880952381005,4556.715909090906,2174.4191583371608,2828.5949703902356,1761.2257142857052,4526.813492063488,5526.595748299322,6887.578571428576,0.3157015394869255,Full-sample source->target 5-fold OOF residual; aggregate row only.
daily_steps,scssl,oak,quantile,fullsample_robustness,bmi_group,>=30,3246,-310.5450850210127,-195.99671100582873,2600.556133661968,-4567.003433949179,3765.687585034013,1985.7799145182096,2618.634567861139,1538.1363294842092,4238.730076260948,5263.957397959186,6887.578571428576,0.2883132139872391,Full-sample source->target 5-fold OOF residual; aggregate row only.
daily_steps,scssl,oak,quantile,fullsample_robustness,bmi_group,missing,87,-912.8806192117064,-317.8013926325252,2501.9955561732068,-5232.675025808076,2700.744652014653,1904.9065579867784,2649.788477345642,1358.8455598455596,4484.049519274379,5232.6750258080765,6887.578571428576,0.276571299801764,Full-sample source->target 5-fold OOF residual; aggregate row only.
daily_steps,scssl,oak,monotone_spline,fullsample_robustness,overall,all,8646,8.042814108460378,160.3449053127033,2782.2333299427964,-4645.368176255974,4268.993176657285,2121.3794932503806,2782.084053787191,1683.8704533898997,4445.5044343731915,5503.144745391919,6887.578571428576,0.3080007685212335,Full-sample source->target 5-fold OOF residual; aggregate row only.
daily_steps,scssl,oak,monotone_spline,fullsample_robustness,age_group,20-39,2757,-770.5601404800386,-695.5424001054234,2618.772257611218,-5154.673942845729,3138.2557729634855,2066.1527704899913,2729.3302461390695,1622.156811666653,4333.39704496461,5508.549173757883,6887.578571428576,0.2999824610438446,Full-sample source->target 5-fold OOF residual; aggregate row only.
daily_steps,scssl,oak,monotone_spline,fullsample_robustness,age_group,40-59,2949,-115.02984800897548,27.4565781386882,2854.402182886002,-4912.186607043387,4221.705856870833,2156.955102351159,2856.235433000817,1707.868895362537,4500.765577967476,5591.123141807687,6887.578571428576,0.3131659522983529,Full-sample source->target 5-fold OOF residual; aggregate row only.
daily_steps,scssl,oak,monotone_spline,fullsample_robustness,age_group,60+,2940,861.6311224026133,946.0510235602668,2617.860955773214,-3672.552343776221,4850.708702353784,2137.484120261333,2755.5894389064088,1715.2196723952047,4471.181475556618,5405.08965108155,6887.578571428576,0.3103389817036948,Full-sample source->target 5-fold OOF residual; aggregate row only.
daily_steps,scssl,oak,monotone_spline,fullsample_robustness,sex,male,4161,604.6268365199771,717.8746522430665,2662.5877649287036,-3869.12759547128,4783.026587011331,2093.1933264664535,2730.062902315609,1647.7199434724134,4405.656654003778,5481.26275576491,6887.578571428576,0.3039084497924351,Full-sample source->target 5-fold OOF residual; aggregate row only.
daily_steps,scssl,oak,monotone_spline,fullsample_robustness,sex,female,4485,-545.4434996606191,-378.7746574078342,2776.731081033633,-5172.678508815058,3690.957627569193,2147.5294687214896,2829.4920024003472,1704.2191463417894,4476.619054183612,5515.086940712454,6887.578571428576,0.3117974548602591,Full-sample source->target 5-fold OOF residual; aggregate row only.
daily_steps,scssl,oak,monotone_spline,fullsample_robustness,bmi_group,<25,2572,86.66307007473151,259.3862187635332,2926.303318518428,-4788.054662191658,4548.618492691269,2238.1661599781382,2927.017626586174,1767.7928619473996,4689.523783011995,5852.804818763259,6887.578571428576,0.3249568969365546,Full-sample source->target 5-fold OOF residual; aggregate row only.
daily_steps,scssl,oak,monotone_spline,fullsample_robustness,bmi_group,25-<30,2741,332.75719623745994,549.4217824912321,2818.3776059648267,-4460.99809877607,4533.271669232914,2179.6470553129257,2837.4428173785914,1766.9667880905545,4506.762426342717,5533.709244016546,6887.578571428576,0.3164605721312066,Full-sample source->target 5-fold OOF residual; aggregate row only.
daily_steps,scssl,oak,monotone_spline,fullsample_robustness,bmi_group,>=30,3246,-301.8941937930494,-173.77910763401633,2597.486334701235,-4557.078116221616,3770.1902752614,1983.7220672493631,2614.5739279899835,1552.579181759983,4231.6359347015,5222.491912310491,6887.578571428576,0.2880144373928954,Full-sample source->target 5-fold OOF residual; aggregate row only.
daily_steps,scssl,oak,monotone_spline,fullsample_robustness,bmi_group,missing,87,-982.7375550011536,-536.5700000000003,2512.4098828964643,-5113.895620929002,2693.1507523528912,1969.0727158029763,2684.2917984806245,1442.0860804329957,4670.565651813437,5113.895620929003,6887.578571428576,0.285887514078052,Full-sample source->target 5-fold OOF residual; aggregate row only.
daily_steps,scssl,scrf,isotonic,headline,overall,all,8646,1.0920128368630864,318.48974095492895,2594.65805015313,-4369.870770308125,3379.1492685269445,1828.0733497423196,2594.5082260037702,1388.114689001206,3772.806406441208,4855.196574074074,7482.482142857143,0.2443137604394309,Full-sample source->target 5-fold OOF residual; aggregate row only.
daily_steps,scssl,scrf,isotonic,headline,age_group,20-39,2757,-857.4672065015689,-517.4802415210688,2489.7110764513295,-5237.63736166667,2326.302582341271,1821.2296460033765,2632.805142586867,1265.5486409608093,4014.6658284380105,5369.88483420395,7482.482142857143,0.2433991302928723,Full-sample source->target 5-fold OOF residual; aggregate row only.
daily_steps,scssl,scrf,isotonic,headline,age_group,40-59,2949,-194.34051742557696,178.59465894465575,2708.8644014372326,-4691.551733199905,3213.578499999998,1877.197125341287,2715.368538368649,1421.3128205128196,3928.6018791737815,5277.2620009395205,7482.482142857143,0.2508789315499107,Full-sample source->target 5-fold OOF residual; aggregate row only.
daily_steps,scssl,scrf,isotonic,headline,age_group,60+,2940,1002.24109428584,1141.4012278244654,2212.9627979500597,-2220.292583528487,3864.4166183862426,1785.216913336507,2428.996879459213,1470.138625088337,3551.063271660053,4278.811479977961,7482.482142857143,0.2385861909527835,Full-sample source->target 5-fold OOF residual; aggregate row only.
daily_steps,scssl,scrf,isotonic,headline,sex,male,4161,233.03536578611025,536.4995967741906,2568.931215362313,-4001.830036630035,3512.7507936507936,1809.2394774795064,2579.171777173518,1395.8184523809505,3697.522710622709,4715.813956838532,7482.482142857143,0.2417966983331361,Full-sample source->target 5-fold OOF residual; aggregate row only.
daily_steps,scssl,scrf,isotonic,headline,sex,female,4485,-214.09556612006384,99.03697089946763,2600.145631934972,-4624.495606147794,3215.852915100251,1845.5466479553777,2608.656129786489,1381.5816326530612,3856.1049795918375,4951.922550972297,7482.482142857143,0.2466489879587826,Full-sample source->target 5-fold OOF residual; aggregate row only.
daily_steps,scssl,scrf,isotonic,headline,bmi_group,<25,2572,148.66622124085302,502.2896168745256,2797.786777795105,-4568.300842490842,3804.2908575530273,1974.5201948147208,2801.1906584103463,1474.6113298405771,4161.037813375352,5405.686296868045,7482.482142857143,0.2638857209568644,Full-sample source->target 5-fold OOF residual; aggregate row only.
daily_steps,scssl,scrf,isotonic,headline,bmi_group,25-<30,2741,179.85525267162498,554.436623271471,2636.8617314833946,-4399.454789272029,3565.131666666666,1914.0694932807307,2642.508471681342,1486.6248391248391,3815.828730158728,4853.0434391534345,7482.482142857143,0.2558067572680974,Full-sample source->target 5-fold OOF residual; aggregate row only.
daily_steps,scssl,scrf,isotonic,headline,bmi_group,>=30,3246,-269.2963762960348,50.073818503694326,2384.044572223237,-4248.125349138329,2805.357512218089,1662.3536376367838,2398.8409877484396,1254.3766666666645,3434.441423629496,4470.354397751896,7482.482142857143,0.2221660681440695,Full-sample source->target 5-fold OOF residual; aggregate row only.
daily_steps,scssl,scrf,isotonic,headline,bmi_group,missing,87,94.5380671270008,54.447368421052616,1521.183072854347,-2424.4114074758254,2923.913028687169,972.3201374385108,1515.3671864569164,597.5437251984131,2773.7839277447097,3572.2675496162456,7482.482142857143,0.1299462021926371,Full-sample source->target 5-fold OOF residual; aggregate row only.
daily_steps,scssl,scrf,quantile,fullsample_robustness,overall,all,8646,1.4264449054549844,177.74666184041234,2656.6897232142546,-4280.079231692675,3703.227498196247,1863.001891637468,2656.536464815201,1378.3913165266104,3959.985791090629,5165.5576923076915,7482.482142857143,0.2489818025714781,Full-sample source->target 5-fold OOF residual; aggregate row only.
daily_steps,scssl,scrf,quantile,fullsample_robustness,age_group,20-39,2757,-799.7853319641187,-543.6019047619047,2565.489148531262,-5151.48831168831,2751.9895356442107,1894.777457170383,2686.8204009845495,1354.5306122448965,4157.806404907978,5595.5372596329535,7482.482142857143,0.2532284636294331,Full-sample source->target 5-fold OOF residual; aggregate row only.
daily_steps,scssl,scrf,quantile,fullsample_robustness,age_group,40-59,2949,-84.26924533624577,111.65476190476512,2791.064571734338,-4660.6283102040825,3707.962432442146,1951.0059783728352,2791.8633852378903,1449.9369747899218,4097.599319727898,5560.322558922554,7482.482142857143,0.260743151954634,Full-sample source->target 5-fold OOF residual; aggregate row only.
daily_steps,scssl,scrf,quantile,fullsample_robustness,age_group,60+,2940,838.7249004674245,850.4696428571506,2337.5772336800287,-2458.377272009599,4153.352704250017,1744.9307059378607,2483.1166279004237,1335.7003968253975,3702.94681388524,4522.262202380951,7482.482142857143,0.2332021209838222,Full-sample source->target 5-fold OOF residual; aggregate row only.
daily_steps,scssl,scrf,quantile,fullsample_robustness,sex,male,4161,345.1644838835492,486.1904761904752,2621.2463015933313,-3663.8095238095248,4029.044541010335,1832.010770892696,2643.5618822155834,1348.6366459627316,3883.4222222222215,5074.685994397759,7482.482142857143,0.2448399790224094,Full-sample source->target 5-fold OOF residual; aggregate row only.
daily_steps,scssl,scrf,quantile,fullsample_robustness,sex,female,4485,-317.4796822267301,-76.9223602484467,2649.8598192065897,-4772.076549865229,3406.157583286282,1891.7541889438212,2668.517341318411,1403.6453201970442,4028.518254318963,5284.470068027213,7482.482142857143,0.2528244174628214,Full-sample source->target 5-fold OOF residual; aggregate row only.
daily_steps,scssl,scrf,quantile,fullsample_robustness,bmi_group,<25,2572,223.85963584909803,424.62547746371,2862.067764335653,-4493.008385093167,4232.890703627179,2006.2160679797564,2870.254374634907,1467.9875170308333,4351.103152246814,5728.316436041085,7482.482142857143,0.2681217314891839,Full-sample source->target 5-fold OOF residual; aggregate row only.
daily_steps,scssl,scrf,quantile,fullsample_robustness,bmi_group,25-<30,2741,268.2634036760469,513.9668674698805,2705.793685382407,-4068.384615384615,4012.565934065926,1956.6147127086872,2718.568314763269,1499.430992736077,4029.044541010335,5377.85194805195,7482.482142857143,0.2614927340089268,Full-sample source->target 5-fold OOF residual; aggregate row only.
daily_steps,scssl,scrf,quantile,fullsample_robustness,bmi_group,>=30,3246,-395.20832654696613,-167.7102868882539,2409.0709916294168,-4303.219016917452,2954.568452380953,1692.075255053707,2440.906539256536,1222.8596938775504,3620.985973903369,4676.35366985377,7482.482142857143,0.2261382282975416,Full-sample source->target 5-fold OOF residual; aggregate row only.
daily_steps,scssl,scrf,quantile,fullsample_robustness,bmi_group,missing,87,-182.7322098380334,-52.92857142857143,1624.8158403403045,-2677.690476190476,2408.5016071428595,1057.1198024686012,1625.7528850278875,634.0,2515.4476190476194,3623.284453781513,7482.482142857143,0.1412792950635691,Full-sample source->target 5-fold OOF residual; aggregate row only.
daily_steps,scssl,scrf,monotone_spline,fullsample_robustness,overall,all,8646,17.813141972899636,191.8457429027776,2665.81070125918,-4276.598292401726,3718.127231133175,1867.1112722415544,2665.716049543215,1380.050981638044,3953.218970509333,5165.391086968718,7482.482142857143,0.2495310027600826,Full-sample source->target 5-fold OOF residual; aggregate row only.
daily_steps,scssl,scrf,monotone_spline,fullsample_robustness,age_group,20-39,2757,-784.7079273350123,-526.4563210941615,2581.1834165698365,-5154.191617998267,2766.231313722223,1898.513022058172,2697.379799429275,1354.7049674819557,4150.922722914655,5652.076597208735,7482.482142857143,0.2537277050330835,Full-sample source->target 5-fold OOF residual; aggregate row only.
daily_steps,scssl,scrf,monotone_spline,fullsample_robustness,age_group,40-59,2949,-68.86077903975189,134.51851408276343,2798.7231663571315,-4632.781800850596,3757.419832727458,1951.251476265771,2799.0957583777376,1445.39196711966,4099.644472476542,5575.364359285766,7482.482142857143,0.2607759616410787,Full-sample source->target 5-fold OOF residual; aggregate row only.
daily_steps,scssl,scrf,monotone_spline,fullsample_robustness,age_group,60+,2940,857.3206185539277,887.2305581285107,2341.4816548465237,-2445.3028890952432,4162.509164500589,1753.2663450606608,2493.1245806621055,1346.437443053308,3704.383857977168,4558.495036318965,7482.482142857143,0.2343161415673203,Full-sample source->target 5-fold OOF residual; aggregate row only.
daily_steps,scssl,scrf,monotone_spline,fullsample_robustness,sex,male,4161,364.98429966192714,502.7874332366917,2637.347785106806,-3662.8257296976008,4069.148340260166,1839.9118621264424,2662.16927718829,1349.7403190128102,3894.659820740906,5076.355187004268,7482.482142857143,0.245895924239905,Full-sample source->target 5-fold OOF residual; aggregate row only.
daily_steps,scssl,scrf,monotone_spline,fullsample_robustness,sex,female,4485,-304.27809261886034,-68.68031290834915,2651.8967915192593,-4746.900108409643,3420.6754151854575,1892.345775137649,2669.002385431746,1402.094917030627,4028.5236758859382,5270.898003158141,7482.482142857143,0.2529034802901738,Full-sample source->target 5-fold OOF residual; aggregate row only.
daily_steps,scssl,scrf,monotone_spline,fullsample_robustness,bmi_group,<25,2572,240.2860340221386,428.20596661659783,2871.1850817691866,-4520.851916432005,4249.344098001242,2011.8518190442308,2880.6658916611054,1466.2385713735612,4340.8363029621205,5708.018380630002,7482.482142857143,0.2688749242074391,Full-sample source->target 5-fold OOF residual; aggregate row only.
daily_steps,scssl,scrf,monotone_spline,fullsample_robustness,bmi_group,25-<30,2741,286.24217558346646,522.0570424760444,2725.9660102238604,-4089.85424451994,4055.7684045065143,1965.3815358024613,2740.4587677063914,1502.030914836247,4055.991731012567,5369.0533013129025,7482.482142857143,0.2626643803859439,Full-sample source->target 5-fold OOF residual; aggregate row only.
daily_steps,scssl,scrf,monotone_spline,fullsample_robustness,bmi_group,>=30,3246,-380.0553824824204,-157.7721275940321,2407.8679226475883,-4301.115860347402,2950.697320617856,1690.7586044214258,2437.3107888162317,1229.1514986272623,3619.846160510794,4644.411294915835,7482.482142857143,0.2259622638772939,Full-sample source->target 5-fold OOF residual; aggregate row only.
daily_steps,scssl,scrf,monotone_spline,fullsample_robustness,bmi_group,missing,87,-171.64696257006278,-88.3264619747381,1618.1369292797822,-2651.016075669531,2433.12827484801,1071.8156509451194,1617.9411694630928,664.8692399267741,2499.975757140443,3509.622999118139,7482.482142857143,0.1432433289491089,Full-sample source->target 5-fold OOF residual; aggregate row only.
daily_steps,scssl,vs,isotonic,headline,overall,all,8646,0.5895448472279241,228.6233583368703,2247.2355107997873,-3767.415171786611,3090.7355455259008,1652.1665089535638,2247.1056262749166,1304.977437139527,3400.698116414899,4295.808633139684,5559.857142857143,0.2971598849578598,Full-sample source->target 5-fold OOF residual; aggregate row only.
daily_steps,scssl,vs,isotonic,headline,age_group,20-39,2757,-562.9578798805759,-317.2050456452025,2084.7252476221693,-4159.4080024060095,2301.0664891176384,1552.994391204353,2159.0332449275675,1151.966706349207,3360.133514118381,4293.838394465897,5559.857142857143,0.2793227148290159,Full-sample source->target 5-fold OOF residual; aggregate row only.
daily_steps,scssl,vs,isotonic,headline,age_group,40-59,2949,-148.4566942642112,129.25635985938152,2280.619264038693,-4070.4992441062273,2847.466997413743,1662.1463281986892,2285.060150815876,1311.357539682538,3399.76560759823,4433.208714285713,5559.857142857143,0.2989548625964394,Full-sample source->target 5-fold OOF residual; aggregate row only.
daily_steps,scssl,vs,isotonic,headline,age_group,60+,2940,678.5615207364078,903.9771675097644,2186.7844341628725,-2981.9268611242933,3600.6453612189543,1735.155298640876,2289.289269491828,1457.5466402471511,3441.4905378134667,4241.518954585494,5559.857142857143,0.3120863097840677,Full-sample source->target 5-fold OOF residual; aggregate row only.
daily_steps,scssl,vs,isotonic,headline,sex,male,4161,307.3161529407828,581.1701731601743,2219.203368985816,-3429.697169497168,3267.2060731538986,1641.5541740976912,2240.1167902253214,1298.123344947736,3344.9258115010707,4151.057587650446,5559.857142857143,0.295251142595746,Full-sample source->target 5-fold OOF residual; aggregate row only.
daily_steps,scssl,vs,isotonic,headline,sex,female,4485,-283.97888687568883,-91.70484261501042,2235.855375358604,-4114.964369586859,2828.196413582803,1662.0122002211856,2253.570201367511,1311.223809523809,3440.030271554597,4402.538435374154,5559.857142857143,0.2989307382396335,Full-sample source->target 5-fold OOF residual; aggregate row only.
daily_steps,scssl,vs,isotonic,headline,bmi_group,<25,2572,-95.50480823052922,122.12136711827544,2338.66021965379,-4083.199873039077,3137.72324500768,1728.4529330057678,2340.15518751251,1371.2295196324185,3532.823943760916,4475.255189508247,5559.857142857143,0.3108808173653067,Full-sample source->target 5-fold OOF residual; aggregate row only.
daily_steps,scssl,vs,isotonic,headline,bmi_group,25-<30,2741,119.90303417170809,389.32397798742386,2279.7904061786335,-3776.818879155433,3229.0526645561295,1707.4087732531184,2282.5259797570484,1373.1165641753396,3471.606441717792,4402.55413165266,5559.857142857143,0.3070957992952498,Full-sample source->target 5-fold OOF residual; aggregate row only.
daily_steps,scssl,vs,isotonic,headline,bmi_group,>=30,3246,-22.477409359102815,186.4489013095372,2150.01558981167,-3539.254272959184,2926.006321428571,1552.011141589671,2149.8018953686633,1211.312455657108,3186.6659173067046,4036.207642615782,5559.857142857143,0.2791458668292529,Full-sample source->target 5-fold OOF residual; aggregate row only.
daily_steps,scssl,vs,isotonic,headline,bmi_group,missing,87,-56.97671686149782,85.26468253968233,1836.8587976662611,-3445.25059450662,2524.135840073506,1393.27677741156,1827.1602015510628,992.0956390977448,2909.7406188281775,4082.8021457005184,5559.857142857143,0.2505957871959947,Full-sample source->target 5-fold OOF residual; aggregate row only.
daily_steps,scssl,vs,quantile,fullsample_robustness,overall,all,8646,0.2562064598753624,155.44642857142844,2331.0043969993926,-3825.880233379018,3395.0915808070804,1707.3140360714938,2330.869604707337,1314.2237373137878,3574.7461373612305,4540.677910052909,5559.857142857143,0.3070787597959982,Full-sample source->target 5-fold OOF residual; aggregate row only.
daily_steps,scssl,vs,quantile,fullsample_robustness,age_group,20-39,2757,-470.8538291757096,-314.6301369863013,2214.1748742139544,-4138.903333333333,2751.691376133788,1657.3948583823912,2263.293060030302,1253.865384615383,3542.300204813109,4535.349477351915,5559.857142857143,0.2981002597362917,Full-sample source->target 5-fold OOF residual; aggregate row only.
daily_steps,scssl,vs,quantile,fullsample_robustness,age_group,40-59,2949,-18.91071740665741,147.1249999999991,2386.3765437940588,-3950.4071428571433,3389.5451022199913,1741.7320869751318,2386.0468417630627,1368.0119047619055,3616.485446201381,4647.412247558281,5559.857142857143,0.313269215777022,Full-sample source->target 5-fold OOF residual; aggregate row only.
daily_steps,scssl,vs,quantile,fullsample_robustness,age_group,60+,2940,461.267644123043,656.3082233696691,2291.7333542678166,-3269.2067448680345,3768.605995670995,1719.602587355176,2337.311104199467,1323.0545211342965,3571.9481650440225,4445.151486918872,5559.857142857143,0.3092889876791858,Full-sample source->target 5-fold OOF residual; aggregate row only.
daily_steps,scssl,vs,quantile,fullsample_robustness,sex,male,4161,422.56559497409614,557.3448275862092,2283.9661498283554,-3205.8714285714295,3733.010989010988,1684.7074683349945,2322.457618623662,1286.5984555984555,3531.4355685131195,4492.912202380952,5559.857142857143,0.3030127258754069,Full-sample source->target 5-fold OOF residual; aggregate row only.
daily_steps,scssl,vs,quantile,fullsample_robustness,sex,female,4485,-391.5452128506425,-250.1999999999989,2305.8939590251393,-4217.419682539681,3057.675892857145,1728.2874872089683,2338.646844644073,1335.9228571428575,3662.6649218466,4591.209346492153,5559.857142857143,0.3108510601624599,Full-sample source->target 5-fold OOF residual; aggregate row only.
daily_steps,scssl,vs,quantile,fullsample_robustness,bmi_group,<25,2572,-7.693764282943901,155.8583433373351,2419.4549780561,-4051.930241187384,3432.2730800214804,1787.1608507509843,2418.996822541443,1395.2231655508058,3738.089610389608,4769.1590263691605,5559.857142857143,0.3214400666835451,Full-sample source->target 5-fold OOF residual; aggregate row only.
daily_steps,scssl,vs,quantile,fullsample_robustness,bmi_group,25-<30,2741,219.9561647034841,401.3009931245215,2352.845596768211,-3713.908163265307,3634.660646387836,1751.5981773522528,2362.6771803796537,1372.8571428571422,3662.894409937888,4646.530925013683,5559.857142857143,0.3150437380576523,Full-sample source->target 5-fold OOF residual; aggregate row only.
daily_steps,scssl,vs,quantile,fullsample_robustness,bmi_group,>=30,3246,-158.66995830043447,-17.022208883554185,2230.2483234213973,-3777.945018796993,3081.413350340137,1609.8320480848745,2235.542750642435,1223.9456140350876,3430.1436588921288,4270.965349996959,5559.857142857143,0.2895455776508677,Full-sample source->target 5-fold OOF residual; aggregate row only.
daily_steps,scssl,vs,quantile,fullsample_robustness,bmi_group,missing,87,-756.9383910485677,-555.1272321428573,2017.3214762848409,-4499.631428571429,2263.0209043250356,1588.6668452479908,2143.773499382189,1271.2093333333323,3450.822551020411,4559.32281853282,5559.857142857143,0.2857387886825441,Full-sample source->target 5-fold OOF residual; aggregate row only.
daily_steps,scssl,vs,monotone_spline,fullsample_robustness,overall,all,8646,7.35304955154097,161.74273548077417,2335.7335433200446,-3834.9959358561223,3426.9233951227084,1711.9982782572167,2335.6100380447,1319.078529894727,3602.9548611852874,4555.170700396566,5559.857142857143,0.3079212710450041,Full-sample source->target 5-fold OOF residual; aggregate row only.
daily_steps,scssl,vs,monotone_spline,fullsample_robustness,age_group,20-39,2757,-463.7658688681298,-313.2303643767791,2220.3533883072528,-4137.695178330176,2758.6261798451824,1661.0620010539262,2267.8756107256395,1248.105937568413,3572.4075038255196,4547.256642283036,5559.857142857143,0.2987598347176824,Full-sample source->target 5-fold OOF residual; aggregate row only.
daily_steps,scssl,vs,monotone_spline,fullsample_robustness,age_group,40-59,2949,-9.378005697542529,159.4405092201996,2391.937663979911,-3925.383890349177,3419.961122603204,1744.8791167270122,2391.5504660500715,1371.827376144283,3649.504804266533,4662.442162636862,5559.857142857143,0.3138352428656719,Full-sample source->target 5-fold OOF residual; aggregate row only.
daily_steps,scssl,vs,monotone_spline,fullsample_robustness,age_group,60+,2940,465.9294917326905,664.1401796458556,2294.9797703898394,-3262.702468812139,3773.1614703269847,1726.7825379858034,2341.4164440025756,1335.3732658773674,3589.8188104501,4443.180787120902,5559.857142857143,0.310580378886935,Full-sample source->target 5-fold OOF residual; aggregate row only.
daily_steps,scssl,vs,monotone_spline,fullsample_robustness,sex,male,4161,433.4469536333499,562.9382611236124,2292.2213463607245,-3213.17737208602,3757.227836059021,1693.0474240057115,2332.572017774691,1293.8515361652812,3551.533525681807,4480.452018938493,5559.857142857143,0.3045127564438958,Full-sample source->target 5-fold OOF residual; aggregate row only.
daily_steps,scssl,vs,monotone_spline,fullsample_robustness,sex,female,4485,-387.9594888842242,-251.2583675251135,2306.2751629367963,-4222.693540858518,3062.1139363606458,1729.580107586205,2338.425059772187,1339.886950545586,3650.26575201603,4602.857162949646,5559.857142857143,0.311083551815397,Full-sample source->target 5-fold OOF residual; aggregate row only.
daily_steps,scssl,vs,monotone_spline,fullsample_robustness,bmi_group,<25,2572,1.7391314409047007,162.65779793755473,2424.5944726217485,-4027.8506828957466,3466.5353552578413,1791.808078669402,2424.12370646569,1393.6234562008565,3754.095991658767,4796.953480477118,5559.857142857143,0.3222759205191761,Full-sample source->target 5-fold OOF residual; aggregate row only.
daily_steps,scssl,vs,monotone_spline,fullsample_robustness,bmi_group,25-<30,2741,230.80093339499413,401.4303180475026,2362.896524588377,-3706.526376144642,3679.3655019205007,1758.3668608802152,2373.712726248635,1377.5451966772653,3688.433522720849,4652.6439966482885,5559.857142857143,0.3162611584614586,Full-sample source->target 5-fold OOF residual; aggregate row only.
daily_steps,scssl,vs,monotone_spline,fullsample_robustness,bmi_group,>=30,3246,-154.39350059438618,-14.66603160685554,2228.415146686062,-3809.4318423766144,3105.8279646839633,1611.4131179087287,2233.4147817170797,1227.012155613511,3424.8277467126677,4235.419456984853,5559.857142857143,0.2898299500336879,Full-sample source->target 5-fold OOF residual; aggregate row only.
daily_steps,scssl,vs,monotone_spline,fullsample_robustness,bmi_group,missing,87,-831.754427007873,-553.2645739050458,2030.695638962802,-4523.396978065443,2261.3053363421,1644.5538973539376,2183.607352426083,1290.9777644269584,3550.2354545307626,4523.396978065444,5559.857142857143,0.2957906750296143,Full-sample source->target 5-fold OOF residual; aggregate row only.
daily_steps,scssl,vsrev,isotonic,headline,overall,all,8646,0.7888805778655416,304.1868666898572,2821.238638973603,-4904.016404632506,3959.875270866773,2087.5212808409747,2821.0755917319666,1628.626579220845,4361.29273847913,5541.632423972441,6301.767857142858,0.3312596287524038,Full-sample source->target 5-fold OOF residual; aggregate row only.
daily_steps,scssl,vsrev,isotonic,headline,age_group,20-39,2757,-1056.8433097796967,-756.2740033222581,2682.6179960224104,-5866.589914397198,2567.5819925071446,2044.8961636883737,2882.836598081993,1476.904876190477,4426.776675356812,5926.090199003886,6301.767857142858,0.324495635200295,Full-sample source->target 5-fold OOF residual; aggregate row only.
daily_steps,scssl,vsrev,isotonic,headline,age_group,40-59,2949,-137.50570849154272,243.68278491171077,2865.7197868665735,-5234.564146178396,3771.9788549359128,2109.522301709239,2868.531492817642,1651.4677248677235,4359.855324181971,5708.794444782384,6301.767857142858,0.334750874600714,Full-sample source->target 5-fold OOF residual; aggregate row only.
daily_steps,scssl,vsrev,isotonic,headline,age_group,60+,2940,1131.3068030205472,1314.9312579945276,2465.6635060487433,-2936.98007450739,4709.458458127436,2105.4248309937675,2712.431335842485,1764.1961395813455,4307.355430427291,5159.957303803337,6301.767857142858,0.3341006648804643,Full-sample source->target 5-fold OOF residual; aggregate row only.
daily_steps,scssl,vsrev,isotonic,headline,sex,male,4161,319.5564702939553,622.9517195767221,2731.054951625307,-4404.184013605442,4184.129389202491,2063.815632910234,2749.36082935756,1639.361940431604,4302.4194920634945,5381.697425249171,6301.767857142858,0.3274978830854524,Full-sample source->target 5-fold OOF residual; aggregate row only.
daily_steps,scssl,vsrev,isotonic,headline,sex,female,4485,-294.9506825901722,-3.9754178957773543,2871.22504993494,-5256.855220725221,3770.5481766220487,2109.514413737254,2886.0164726346616,1620.078542034099,4434.420758676595,5689.081883296612,6301.767857142858,0.3347496228929133,Full-sample source->target 5-fold OOF residual; aggregate row only.
daily_steps,scssl,vsrev,isotonic,headline,bmi_group,<25,2572,-195.35136580349393,118.97527111915224,3016.415642920369,-5499.14605916952,3992.4522380215494,2218.026340087132,3022.1495438101956,1729.2593563460778,4665.108978432031,5863.497198141363,6301.767857142858,0.3519689062447877,Full-sample source->target 5-fold OOF residual; aggregate row only.
daily_steps,scssl,vsrev,isotonic,headline,bmi_group,25-<30,2741,188.1133370511518,560.9647741147783,2906.224949453258,-4944.307043650793,4201.427286135693,2194.6533308713547,2911.7775799148517,1772.2796226415094,4439.476710128498,5761.123809523811,6301.767857142858,0.3482599455617495,Full-sample source->target 5-fold OOF residual; aggregate row only.
daily_steps,scssl,vsrev,isotonic,headline,bmi_group,>=30,3246,-1.1789396989538414,304.7308755030972,2586.747882450581,-4479.360949941697,3754.4352084326542,1910.6992186958153,2586.3496688422383,1477.064973109244,4028.738525435658,4968.452551082,6301.767857142858,0.3032005084938343,Full-sample source->target 5-fold OOF residual; aggregate row only.
daily_steps,scssl,vsrev,isotonic,headline,bmi_group,missing,87,-29.05108358150658,122.2747947454844,2060.6415823741227,-3700.890287698413,3623.1833632701214,1451.3885476087714,2048.970545727679,1070.9643613000762,3703.126096812661,4053.757993245587,6301.767857142858,0.2303145054706621,Full-sample source->target 5-fold OOF residual; aggregate row only.
daily_steps,scssl,vsrev,quantile,fullsample_robustness,overall,all,8646,0.1872174864096245,110.46621439784484,2955.883733877726,-4837.8190476190475,4545.666666666667,2169.743221168626,2955.7127954854222,1656.412901912902,4679.435160349854,5951.213058564658,6301.767857142858,0.3443070691201818,Full-sample source->target 5-fold OOF residual; aggregate row only.
daily_steps,scssl,vsrev,quantile,fullsample_robustness,age_group,20-39,2757,-948.7797329745988,-813.0672268907565,2846.9177726609055,-5560.422915428105,3210.6511296489366,2193.085685176061,3000.363980893074,1670.2857142857138,4701.150452795542,5994.816496836494,6301.767857142858,0.348011182717603,Full-sample source->target 5-fold OOF residual; aggregate row only.
daily_steps,scssl,vsrev,quantile,fullsample_robustness,age_group,40-59,2949,34.91180869650413,141.64920634920645,3044.67709199472,-5017.2532653061235,4636.804885395017,2246.354049398531,3044.3610118678253,1727.587461459405,4826.154039559303,6161.5175373580405,6301.767857142858,0.3564641066319761,Full-sample source->target 5-fold OOF residual; aggregate row only.
daily_steps,scssl,vsrev,quantile,fullsample_robustness,age_group,60+,2940,855.2549259702298,808.2059065934095,2687.8091793443955,-3310.443832207607,5105.90149364093,2071.0083552779834,2820.163456589201,1577.556208515795,4517.357142857142,5651.335216450212,6301.767857142858,0.3286392647629125,Full-sample source->target 5-fold OOF residual; aggregate row only.
daily_steps,scssl,vsrev,quantile,fullsample_robustness,sex,male,4161,485.1879160563463,515.1345926800477,2851.9726811181545,-4101.326086956518,4996.886731391585,2132.665833751645,2892.61140316129,1603.6785714285725,4588.775510204079,5890.514285714282,6301.767857142858,0.3384234205540172,Full-sample source->target 5-fold OOF residual; aggregate row only.
daily_steps,scssl,vsrev,quantile,fullsample_robustness,sex,female,4485,-449.7766413206153,-277.1190476190486,2979.647042408346,-5416.5766921282975,4088.033333333333,2204.142108357491,3013.074172854414,1685.3511904761915,4734.241645621454,5978.733365727247,6301.767857142858,0.3497656781912657,Full-sample source->target 5-fold OOF residual; aggregate row only.
daily_steps,scssl,vsrev,quantile,fullsample_robustness,bmi_group,<25,2572,-76.65588053300401,72.79269841269831,3140.2969563217603,-5398.790174927113,4625.40708525345,2305.625657232962,3140.6220619144096,1763.8810832025124,4979.095042328043,6344.592327188941,6301.767857142858,0.3658696590385517,Full-sample source->target 5-fold OOF residual; aggregate row only.
daily_steps,scssl,vsrev,quantile,fullsample_robustness,bmi_group,25-<30,2741,317.3153549329611,457.79206349206345,3039.557429972243,-4581.643609022556,5006.9747899159665,2266.9745110673707,3055.5241399800275,1773.5714285714294,4823.63556851312,6062.470129870131,6301.767857142858,0.3597362775745262,Full-sample source->target 5-fold OOF residual; aggregate row only.
daily_steps,scssl,vsrev,quantile,fullsample_robustness,bmi_group,>=30,3246,-189.74041713913024,-82.7955410763559,2718.527173136595,-4633.112072743208,4068.890552995392,1995.2540256528496,2724.722857218817,1467.6146688560486,4288.477825285043,5496.419642857141,6301.767857142858,0.3166181412714674,Full-sample source->target 5-fold OOF residual; aggregate row only.
daily_steps,scssl,vsrev,quantile,fullsample_robustness,bmi_group,missing,87,-633.1768588419052,-327.7142857142858,2262.9964071253426,-4204.416626650661,3450.724357142858,1599.5287093787038,2337.3493210585334,971.151866151866,3916.876590636255,4724.9176167416135,6301.767857142858,0.2538222203100813,Full-sample source->target 5-fold OOF residual; aggregate row only.
daily_steps,scssl,vsrev,monotone_spline,fullsample_robustness,overall,all,8646,15.93555218268426,121.6456106710766,2968.3305824390513,-4788.9929192262625,4568.473356840362,2175.218967893758,2968.201695650827,1654.51160452091,4681.660650885058,5987.92611963508,6301.767857142858,0.3451759914367862,Full-sample source->target 5-fold OOF residual; aggregate row only.
daily_steps,scssl,vsrev,monotone_spline,fullsample_robustness,age_group,20-39,2757,-933.8473859472964,-818.7904838101817,2869.8058358722133,-5567.064122564868,3283.912356784948,2202.0984887914738,3017.4275879619945,1658.1705350719203,4700.400246983505,6009.2359913489745,6301.767857142858,0.3494413851337706,Full-sample source->target 5-fold OOF residual; aggregate row only.
daily_steps,scssl,vsrev,monotone_spline,fullsample_robustness,age_group,40-59,2949,53.431907640973925,149.1044773052936,3055.9987637753347,-4961.910553323894,4731.134843262869,2249.6163027833745,3055.9477307669536,1721.440024133648,4832.527242187854,6208.268517793973,6301.767857142858,0.3569817793642627,Full-sample source->target 5-fold OOF residual; aggregate row only.
daily_steps,scssl,vsrev,monotone_spline,fullsample_robustness,age_group,60+,2940,868.9882080254938,834.6237111764303,2692.772947840024,-3292.3149193861277,5103.072046198569,2075.387478198355,2829.0811792668146,1574.2497475487194,4502.665498995222,5640.091473714639,6301.767857142858,0.3293341686406249,Full-sample source->target 5-fold OOF residual; aggregate row only.
daily_steps,scssl,vsrev,monotone_spline,fullsample_robustness,sex,male,4161,507.7223634570294,534.9689497088826,2874.9724762096744,-4071.30831706432,5068.132806780032,2145.43868175826,2919.120128356799,1605.3601265946254,4610.30468350516,5992.416823093672,6301.767857142858,0.3404502879817243,Full-sample source->target 5-fold OOF residual; aggregate row only.
daily_steps,scssl,vsrev,monotone_spline,fullsample_robustness,sex,female,4485,-440.3241850999356,-272.5501643188745,2981.0068151548253,-5397.385103735687,4091.977202558641,2202.8479022549186,3013.022678230346,1685.1175424905778,4730.603829801148,5983.344145566484,6301.767857142858,0.3495603062810476,Full-sample source->target 5-fold OOF residual; aggregate row only.
daily_steps,scssl,vsrev,monotone_spline,fullsample_robustness,bmi_group,<25,2572,-59.332286028760656,91.49377473152616,3154.3639243477783,-5339.5785653009825,4657.5479231434665,2312.5219837860186,3154.308719522876,1767.7591991947966,4996.438234467234,6335.22215690848,6301.767857142858,0.3669640069595465,Full-sample source->target 5-fold OOF residual; aggregate row only.
daily_steps,scssl,vsrev,monotone_spline,fullsample_robustness,bmi_group,25-<30,2741,338.9229411338172,473.82279877828705,3064.395898318998,-4552.618665586835,5164.015818306984,2279.6781792783845,3082.525755628947,1769.5633642992843,4832.751713982099,6179.944565654309,6301.767857142858,0.3617521671628129,Full-sample source->target 5-fold OOF residual; aggregate row only.
daily_steps,scssl,vsrev,monotone_spline,fullsample_robustness,bmi_group,>=30,3246,-179.64376122249828,-64.74439751306545,2717.2310492629235,-4612.400066936791,4076.8099063666873,1993.2880816282136,2722.745279711055,1460.3251524989228,4300.9844803375945,5525.326001301817,6301.767857142858,0.3163061742061608,Full-sample source->target 5-fold OOF residual; aggregate row only.
daily_steps,scssl,vsrev,monotone_spline,fullsample_robustness,bmi_group,missing,87,-637.7322860011826,-356.2857142857143,2258.4774410954788,-4133.28314433743,3430.6796380602004,1612.9385257994963,2334.2651629544957,1035.124379316503,3881.947911745506,4652.9536588812725,6301.767857142858,0.2559501654716272,Full-sample source->target 5-fold OOF residual; aggregate row only.
daily_steps,vs,acti,isotonic,headline,overall,all,8646,-1.1839710041997886,51.46321380178051,1483.4863199763042,-2476.7865257246576,2155.1453472862845,1109.3857043001174,1483.400999660471,865.7111188100525,2300.977500901875,2924.1508017077836,5482.084523809524,0.2023656693876001,Full-sample source->target 5-fold OOF residual; aggregate row only.
daily_steps,vs,acti,isotonic,headline,age_group,20-39,2757,167.40829845507577,222.67712322042465,1405.806021064502,-2187.448799145301,2261.676284348867,1070.304690038448,1415.485528285637,836.8569508448563,2225.080200864481,2832.8257239057248,5482.084523809524,0.195236809171758,Full-sample source->target 5-fold OOF residual; aggregate row only.
daily_steps,vs,acti,isotonic,headline,age_group,40-59,2949,-82.66074622274245,-26.11624649859823,1522.8609325481948,-2510.2105771010574,2105.391886593148,1129.4035624912035,1524.8448494320858,878.673946229208,2310.297814471244,2943.7426275510184,5482.084523809524,0.2060171742310853,Full-sample source->target 5-fold OOF residual; aggregate row only.
daily_steps,vs,acti,isotonic,headline,age_group,60+,2940,-77.5560379360843,-41.33401839902672,1501.5991809078776,-2602.4375715025712,2091.2304939792,1125.954987468114,1503.345635678633,877.1380580634559,2355.0233837452924,3023.233112356054,5482.084523809524,0.2053881115072051,Full-sample source->target 5-fold OOF residual; aggregate row only.
daily_steps,vs,acti,isotonic,headline,sex,male,4161,-31.07964611675734,29.269223985889766,1526.3126697276227,-2546.175000000003,2173.187830687828,1133.5148043012389,1526.445687687292,881.7284555984552,2365.527270908364,2981.0955093429766,5482.084523809524,0.2067671155704024,Full-sample source->target 5-fold OOF residual; aggregate row only.
daily_steps,vs,acti,isotonic,headline,sex,female,4485,26.552016541698084,77.62079365079353,1442.233943863854,-2392.9533567946323,2136.264564838147,1086.9997098509164,1442.3175730954413,852.1490049751228,2230.62278177027,2850.635182278041,5482.084523809524,0.1982821872099767,Full-sample source->target 5-fold OOF residual; aggregate row only.
daily_steps,vs,acti,isotonic,headline,bmi_group,<25,2572,93.5235358350162,155.01716052373376,1542.9318475803134,-2494.2310364033497,2272.4109842181338,1157.1047813353837,1545.4642473339943,905.5923981882332,2378.9182135975807,3022.738772869509,5482.084523809524,0.2110702190580795,Full-sample source->target 5-fold OOF residual; aggregate row only.
daily_steps,vs,acti,isotonic,headline,bmi_group,25-<30,2741,18.2232412484771,60.83675595238128,1505.6970511376464,-2510.8773399014754,2197.2905573593052,1134.1237927507304,1505.532656841869,901.1005582922826,2319.321509740259,2935.6569462647367,5482.084523809524,0.2068782025933855,Full-sample source->target 5-fold OOF residual; aggregate row only.
daily_steps,vs,acti,isotonic,headline,bmi_group,>=30,3246,-85.59444233701504,-28.16376272641901,1413.454875424714,-2437.141672058456,1988.3629079453624,1052.9757048222727,1415.8268295897308,822.7123053846763,2197.9580162929365,2777.0896222164083,5482.084523809524,0.1920757880052815,Full-sample source->target 5-fold OOF residual; aggregate row only.
daily_steps,vs,acti,isotonic,headline,bmi_group,missing,87,-263.0976081160689,11.179761904762016,1349.1935495095972,-2978.7424767573693,1440.0427911998129,1023.9407816248114,1366.9748826774555,866.852264239029,2432.48168372591,2978.7424767573707,5482.084523809524,0.1867794590137531,Full-sample source->target 5-fold OOF residual; aggregate row only.
daily_steps,vs,acti,quantile,fullsample_robustness,overall,all,8646,-0.0378393787083908,6.4611592111587015,1505.139500538414,-2411.8508184523803,2243.7776790558123,1112.3223930876927,1505.052455962944,859.9292452830159,2330.7251082251087,2945.900009110787,5482.084523809524,0.2029013577329404,Full-sample source->target 5-fold OOF residual; aggregate row only.
daily_steps,vs,acti,quantile,fullsample_robustness,age_group,20-39,2757,227.73629871046876,228.7142857142844,1403.2745799210788,-2041.6164021164025,2381.220449572863,1061.5578486046595,1421.3828200724563,827.1985472154956,2245.6617179215273,2796.7604395604376,5482.084523809524,0.1936412771445155,Full-sample source->target 5-fold OOF residual; aggregate row only.
daily_steps,vs,acti,quantile,fullsample_robustness,age_group,40-59,2949,-30.174376532007233,-28.44270833333212,1537.729268346256,-2405.749308755758,2256.195499021527,1122.658104356608,1537.7645986190078,853.1388679245283,2316.28028407625,2978.4742857142815,5482.084523809524,0.2047867192635818,Full-sample source->target 5-fold OOF residual; aggregate row only.
daily_steps,vs,acti,quantile,fullsample_robustness,age_group,60+,2940,-183.4054076259135,-158.2440476190484,1536.9189629752052,-2722.7668860877675,2063.658331039114,1149.5597524780635,1547.563892108101,895.9315073397775,2416.342335554911,3042.9919347319324,5482.084523809524,0.2096939125045138,Full-sample source->target 5-fold OOF residual; aggregate row only.
daily_steps,vs,acti,quantile,fullsample_robustness,sex,male,4161,-5.9949055477999575,-15.294642857143115,1529.707023951884,-2403.882171736619,2255.5,1119.1861312571964,1529.5349464278174,855.1428571428569,2323.3428571428567,2988.0539470546137,5482.084523809524,0.2041533884412765,Full-sample source->target 5-fold OOF residual; aggregate row only.
daily_steps,vs,acti,quantile,fullsample_robustness,sex,female,4485,5.488883548736428,25.265306122448237,1482.1320381786527,-2422.40866921509,2242.782206518971,1105.954496872909,1481.976961638234,863.8999999999996,2332.203779959877,2875.884835164835,5482.084523809524,0.201739774727949,Full-sample source->target 5-fold OOF residual; aggregate row only.
daily_steps,vs,acti,quantile,fullsample_robustness,bmi_group,<25,2572,129.94558670878772,145.96703296703345,1560.7844645706307,-2335.667412513254,2440.8163966714706,1161.1217817066938,1565.8821343797558,900.1905880773365,2405.9016129032234,3074.0796938775493,5482.084523809524,0.2118029695937313,Full-sample source->target 5-fold OOF residual; aggregate row only.
daily_steps,vs,acti,quantile,fullsample_robustness,bmi_group,25-<30,2741,48.16644071271214,52.52747252747213,1519.237454760356,-2389.5405405405418,2341.6636591478746,1133.2720940680715,1519.72378787161,887.2142857142862,2373.8447204968943,2990.53246753247,5482.084523809524,0.2067228422228988,Full-sample source->target 5-fold OOF residual; aggregate row only.
daily_steps,vs,acti,quantile,fullsample_robustness,bmi_group,>=30,3246,-131.68068046133743,-94.8865740740739,1437.0027017641833,-2447.9864583333338,1941.5323883495137,1056.086367928208,1442.8029685482077,804.2386178861789,2238.874334140438,2785.785364517488,5482.084523809524,0.1926432114173841,Full-sample source->target 5-fold OOF residual; aggregate row only.
daily_steps,vs,acti,quantile,fullsample_robustness,bmi_group,missing,87,-449.8383160845683,-284.52090032154365,1418.386889963457,-3078.3924060150366,1466.6887630662025,1107.8049189773285,1480.220083865624,821.752976190477,2401.998764478766,3078.3924060150375,5482.084523809524,0.202077314599212,Full-sample source->target 5-fold OOF residual; aggregate row only.
daily_steps,vs,acti,monotone_spline,fullsample_robustness,overall,all,8646,10.907027476422847,11.271438903539092,1505.828902909171,-2391.1209688783397,2263.504395731976,1113.0531391315603,1505.7813206730802,859.8987571874741,2334.934483530572,2948.80950433046,5482.084523809524,0.2030346548466011,Full-sample source->target 5-fold OOF residual; aggregate row only.
daily_steps,vs,acti,monotone_spline,fullsample_robustness,age_group,20-39,2757,240.42264738130757,230.28152969458097,1404.2291209789596,-2013.3012877073836,2418.5811572980615,1063.4788908236933,1424.4111956687946,827.6096618759311,2241.720873072816,2783.995738904166,5482.084523809524,0.1939916989978617,Full-sample source->target 5-fold OOF residual; aggregate row only.
daily_steps,vs,acti,monotone_spline,fullsample_robustness,age_group,40-59,2949,-19.534252051555313,-20.77120904131334,1540.534966686008,-2382.8518679470426,2274.240386021584,1124.4188861480404,1540.3976132617013,845.0959156113777,2340.818005308417,2971.124570262224,5482.084523809524,0.2051079076334045,Full-sample source->target 5-fold OOF residual; aggregate row only.
daily_steps,vs,acti,monotone_spline,fullsample_robustness,age_group,60+,2940,-173.7879489690736,-159.73989399399488,1534.8600190424218,-2714.224566275392,2070.899338324958,1148.1411032925091,1544.4080543531486,895.0884921153729,2425.3477104586404,3037.743304311474,5482.084523809524,0.2094351333522783,Full-sample source->target 5-fold OOF residual; aggregate row only.
daily_steps,vs,acti,monotone_spline,fullsample_robustness,sex,male,4161,7.367188434686331,-5.864042242668802,1528.3465959778764,-2378.446899789942,2264.10913924781,1118.280071093763,1528.180691884585,848.8208369504955,2326.524699721313,3002.2279909212775,5482.084523809524,0.2039881118645476,Full-sample source->target 5-fold OOF residual; aggregate row only.
daily_steps,vs,acti,monotone_spline,fullsample_robustness,sex,female,4485,14.191145704441947,27.870983277409323,1484.7956460763685,-2401.6142933932797,2261.8329458760472,1108.203804929838,1484.6979307508632,864.734596123024,2341.4220337351053,2887.2158353452355,5482.084523809524,0.2021500763289476,Full-sample source->target 5-fold OOF residual; aggregate row only.
daily_steps,vs,acti,monotone_spline,fullsample_robustness,bmi_group,<25,2572,141.76054066982925,154.57562501078883,1563.9739834745908,-2318.0192631721325,2468.8164109323793,1162.976223116583,1570.082690594746,895.7441937114017,2421.355905423634,3102.6128945827354,5482.084523809524,0.2121412426360084,Full-sample source->target 5-fold OOF residual; aggregate row only.
daily_steps,vs,acti,monotone_spline,fullsample_robustness,bmi_group,25-<30,2741,59.941379273079626,54.95473752608814,1520.5333890995014,-2377.5598931755085,2373.1069881743388,1134.1464088234432,1521.4372351788618,887.3239137240435,2377.5598931755085,2997.6541947874302,5482.084523809524,0.2068823280446832,Full-sample source->target 5-fold OOF residual; aggregate row only.
daily_steps,vs,acti,monotone_spline,fullsample_robustness,bmi_group,>=30,3246,-122.24950660511576,-86.03831405324127,1434.9765706814403,-2435.7818329618367,1962.1973643030944,1055.97801815738,1439.9542813947085,807.2605338724034,2226.9096090406074,2791.1399233888046,5482.084523809524,0.1926234470795018,Full-sample source->target 5-fold OOF residual; aggregate row only.
daily_steps,vs,acti,monotone_spline,fullsample_robustness,bmi_group,missing,87,-434.29164585004906,-336.260531600999,1412.8933175131049,-3085.5462759642064,1480.8968023928371,1102.099328180545,1470.3506916968713,811.3463087277678,2372.439009433756,3085.5462759642073,5482.084523809524,0.2010365442914936,Full-sample source->target 5-fold OOF residual; aggregate row only.
daily_steps,vs,adept,isotonic,headline,overall,all,8646,-0.9171866937399183,95.8281924593798,1004.4453918812512,-1771.7918746728585,1362.562030872483,696.5124139522036,1004.3877216914244,492.0075350929956,1543.0575790874182,2016.413982805419,1919.4027944454592,0.3628797540400764,Full-sample source->target 5-fold OOF residual; aggregate row only.
daily_steps,vs,adept,isotonic,headline,age_group,20-39,2757,30.811760613446253,134.15035241652936,1014.6284602398612,-1729.848813424421,1432.405491378795,730.4485300063341,1014.912249576818,533.6582280853227,1569.459803735995,2039.96759945148,1919.4027944454592,0.3805603139269005,Full-sample source->target 5-fold OOF residual; aggregate row only.
daily_steps,vs,adept,isotonic,headline,age_group,40-59,2949,-78.5033194090491,36.40752601587019,1100.9993579645347,-1928.122115613213,1380.1230546269985,757.265365766208,1103.6083104716477,541.540086299332,1639.7894906944937,2082.120929318241,1919.4027944454592,0.3945317616279661,Full-sample source->target 5-fold OOF residual; aggregate row only.
daily_steps,vs,adept,isotonic,headline,age_group,60+,2940,47.15247237140787,114.6756124502212,881.5381108233593,-1530.0838334341863,1282.3066596694302,603.7497177410688,882.6485560774993,410.3457681415209,1364.7703344229535,1835.3511896214832,1919.4027944454592,0.3145508173106,Full-sample source->target 5-fold OOF residual; aggregate row only.
daily_steps,vs,adept,isotonic,headline,sex,male,4161,-208.77442051655265,-48.218536442533605,1050.4602336478597,-2058.861499833239,1161.3539773457137,712.4170390823008,1070.882004922537,467.7435550516625,1621.3005180213804,2129.3844318308,1919.4027944454592,0.3711659903507264,Full-sample source->target 5-fold OOF residual; aggregate row only.
daily_steps,vs,adept,isotonic,headline,sex,female,4485,191.92427371578597,237.80675134645207,918.7617604318948,-1406.4130197856152,1505.259624534395,681.756751707759,938.4934144565908,507.6858632330636,1481.332827889904,1875.530253926331,1919.4027944454592,0.3551921220916673,Full-sample source->target 5-fold OOF residual; aggregate row only.
daily_steps,vs,adept,isotonic,headline,bmi_group,<25,2572,-56.98508624894738,49.42280404098409,1054.5285352741537,-1925.3868896291815,1379.030432820556,734.4436779517825,1055.862382871603,506.99451053130497,1609.5319379819016,2155.699694712935,1919.4027944454592,0.3826417675733211,Full-sample source->target 5-fold OOF residual; aggregate row only.
daily_steps,vs,adept,isotonic,headline,bmi_group,25-<30,2741,-77.20431134061093,55.643397874392576,1077.1166598282157,-1940.4048818904052,1331.769143904378,736.1095221140922,1079.683998019818,516.4281416761871,1648.8273142576454,2124.859618929854,1919.4027944454592,0.383509664695869,Full-sample source->target 5-fold OOF residual; aggregate row only.
daily_steps,vs,adept,isotonic,headline,bmi_group,>=30,3246,105.08106100341266,154.67924295342385,891.7116942238719,-1433.1956341624432,1374.3316172585037,639.5944024026426,897.7454049139745,458.2271196577416,1391.149151568154,1786.9290453357205,1919.4027944454592,0.3332257326359836,Full-sample source->target 5-fold OOF residual; aggregate row only.
daily_steps,vs,adept,isotonic,headline,bmi_group,missing,87,105.2820579971765,87.46258493286356,701.8015807903155,-1128.0616511744315,1122.142530386303,451.2363336214202,705.6547019369985,238.94018671583265,1135.0596242764473,1373.389099276838,1919.4027944454592,0.2350920478636628,Full-sample source->target 5-fold OOF residual; aggregate row only.
daily_steps,vs,adept,quantile,fullsample_robustness,overall,all,8646,0.9177377156262866,-1.3154296573803776,1097.1031777419068,-1717.3127649643366,1692.6306745533725,737.2361080147862,1097.0401140700449,489.9472274591002,1708.22641695447,2247.135881473977,1919.4027944454592,0.3840966107521914,Full-sample source->target 5-fold OOF residual; aggregate row only.
daily_steps,vs,adept,quantile,fullsample_robustness,age_group,20-39,2757,74.19676251287979,47.226220223245946,1109.4973483466963,-1685.286243816961,1881.529522870605,785.8433400762289,1111.7747215186,542.1211935105471,1807.431322033745,2334.7846718355,1919.4027944454592,0.4094207543879654,Full-sample source->target 5-fold OOF residual; aggregate row only.
daily_steps,vs,adept,quantile,fullsample_robustness,age_group,40-59,2949,-27.890389449966996,-42.1579766859918,1220.8661218860082,-1884.65978825391,1820.1875263497911,822.5826121467798,1220.9776947379492,578.7163180551102,1856.56172702093,2373.4710021641954,1919.4027944454592,0.4285617456259016,Full-sample source->target 5-fold OOF residual; aggregate row only.
daily_steps,vs,adept,quantile,fullsample_robustness,age_group,60+,2940,-38.90372635059593,2.4907890931046524,939.9972774889887,-1576.2434510154849,1317.4477002145904,606.0466592125254,940.6422482186888,377.78661699225233,1440.636388629092,1946.362629505917,1919.4027944454592,0.3157475132194022,Full-sample source->target 5-fold OOF residual; aggregate row only.
daily_steps,vs,adept,quantile,fullsample_robustness,sex,male,4161,-163.62098240002743,-126.33521170684412,1164.29506384007,-1956.6514593596385,1600.17668484649,777.615138034587,1175.5973114039011,511.3269191389936,1828.147545374307,2332.3216849811606,1919.4027944454592,0.4051338990882578,Full-sample source->target 5-fold OOF residual; aggregate row only.
daily_steps,vs,adept,quantile,fullsample_robustness,sex,female,4485,153.5700486189117,101.01409451438144,1007.2262515189748,-1422.7686025166645,1745.1979966468225,699.7740915348774,1018.755261134759,473.8578987175887,1596.816615578217,2160.4875903974903,1919.4027944454592,0.3645790730116401,Full-sample source->target 5-fold OOF residual; aggregate row only.
daily_steps,vs,adept,quantile,fullsample_robustness,bmi_group,<25,2572,-14.559156859625649,-31.317134171502236,1202.4455502352534,-1828.6101209415945,1825.1384507566,804.1430611589979,1202.299925315669,537.0083524493791,1828.3666373730955,2367.568619240344,1919.4027944454592,0.4189548246392572,Full-sample source->target 5-fold OOF residual; aggregate row only.
daily_steps,vs,adept,quantile,fullsample_robustness,bmi_group,25-<30,2741,-44.54115911603626,-30.403232141421157,1151.183848089898,-1858.577087659288,1766.3567875817778,785.6910242455864,1151.8353549555566,537.0838476391157,1830.6798478652308,2353.266586430645,1919.4027944454592,0.4093413985429686,Full-sample source->target 5-fold OOF residual; aggregate row only.
daily_steps,vs,adept,quantile,fullsample_robustness,bmi_group,>=30,3246,50.81698625357225,36.47287172716142,962.4764172577396,-1462.6527330909748,1509.40814650018,652.7778294289892,963.6689444600908,438.69727369861073,1484.4165986413832,2003.6128587378732,1919.4027944454592,0.3400942372898781,Full-sample source->target 5-fold OOF residual; aggregate row only.
daily_steps,vs,adept,quantile,fullsample_robustness,bmi_group,missing,87,28.922890692205705,19.144820667802065,651.4394622224019,-1140.9279598803223,937.399912940903,383.8104001292867,648.330202663133,131.66951635683938,1044.434162570482,1384.0314235551843,1919.4027944454592,0.199963447609846,Full-sample source->target 5-fold OOF residual; aggregate row only.
daily_steps,vs,adept,monotone_spline,fullsample_robustness,overall,all,8646,6.588063814578536,-0.9757826737838968,1116.0129001647265,-1718.3690470643753,1695.1618492560292,741.208330345766,1115.9678053704583,490.3776201823257,1706.981267542923,2252.6568392571917,1919.4027944454592,0.38616612025925,Full-sample source->target 5-fold OOF residual; aggregate row only.
daily_steps,vs,adept,monotone_spline,fullsample_robustness,age_group,20-39,2757,79.51696435533545,46.38427326888814,1118.455925097771,-1680.999805831016,1902.4063937937224,788.5839524805815,1121.0766567735866,540.006234884429,1805.5998107170035,2340.405038784346,1919.4027944454592,0.4108486008057593,Full-sample source->target 5-fold OOF residual; aggregate row only.
daily_steps,vs,adept,monotone_spline,fullsample_robustness,age_group,40-59,2949,-18.34668257634741,-42.051897547236194,1258.9408449716948,-1887.6200621715495,1817.7012216774608,830.7158186339279,1258.8610743890686,576.8890606077111,1856.3103415631565,2391.9327460774025,1919.4027944454592,0.4327991086800166,Full-sample source->target 5-fold OOF residual; aggregate row only.
daily_steps,vs,adept,monotone_spline,fullsample_robustness,age_group,60+,2940,-36.7903075065188,3.5081285860815115,945.109098868102,-1573.1577572754209,1315.5991840342158,607.0001081731548,945.664272007072,378.6144449306157,1443.5783163149554,1945.4969022606076,1919.4027944454592,0.3162442557287852,Full-sample source->target 5-fold OOF residual; aggregate row only.
daily_steps,vs,adept,monotone_spline,fullsample_robustness,sex,male,4161,-155.37273065677968,-125.72358981708568,1192.041526633515,-1946.099392637776,1621.2376758759365,783.4304448392958,1201.9826084832755,512.0897963047364,1826.798323651444,2351.2864907258454,1919.4027944454592,0.4081636471023473,Full-sample source->target 5-fold OOF residual; aggregate row only.
daily_steps,vs,adept,monotone_spline,fullsample_robustness,sex,female,4485,156.84868049135034,100.85914516156016,1017.859919972852,-1425.6260175981145,1749.0818092143236,702.0363752939091,1029.7617804172137,474.3952717166251,1601.9188690943454,2163.8779827919475,1919.4027944454592,0.3657577124121759,Full-sample source->target 5-fold OOF residual; aggregate row only.
daily_steps,vs,adept,monotone_spline,fullsample_robustness,bmi_group,<25,2572,-8.491442971600982,-30.988186938169207,1216.6343591285613,-1832.879649991691,1819.750778183508,807.0039741446241,1216.42745911862,536.8100396147947,1829.5035279386493,2344.22711668641,1919.4027944454592,0.4204453471048415,Full-sample source->target 5-fold OOF residual; aggregate row only.
daily_steps,vs,adept,monotone_spline,fullsample_robustness,bmi_group,25-<30,2741,-36.54706240968256,-27.23116107456127,1173.7197608562933,-1855.05627362951,1807.3793122530988,792.3968119594317,1174.0746006556703,533.0208151643833,1841.1415379395185,2354.1189824347794,1919.4027944454592,0.4128350830021405,Full-sample source->target 5-fold OOF residual; aggregate row only.
daily_steps,vs,adept,monotone_spline,fullsample_robustness,bmi_group,>=30,3246,54.301463626956526,36.64565401425432,983.323692859178,-1461.0068336677232,1490.3953847848345,655.4523223441379,984.670631090528,438.6439370793996,1484.9506134923329,2013.732993925602,1919.4027944454592,0.3414876357588646,Full-sample source->target 5-fold OOF residual; aggregate row only.
daily_steps,vs,adept,monotone_spline,fullsample_robustness,bmi_group,missing,87,31.18779535221545,20.67111810058455,648.3432063193875,-1143.7518108283884,928.772718601122,382.9322156281011,645.3603606173928,132.13572570378005,1037.8002700917907,1383.7134659048058,1919.4027944454592,0.1995059175365717,Full-sample source->target 5-fold OOF residual; aggregate row only.
daily_steps,vs,oak,isotonic,headline,overall,all,8646,-0.4186522749577923,-44.271510799318094,1503.130780839933,-2211.5135298327623,2246.265489753546,1035.8706375606585,1503.0439102617615,745.9360807586927,2227.806183912162,2939.455885635505,6887.578571428576,0.1503969249596241,Full-sample source->target 5-fold OOF residual; aggregate row only.
daily_steps,vs,oak,isotonic,headline,age_group,20-39,2757,-223.17803429809123,-225.08536724064288,1448.737373774517,-2453.933295467593,1872.224102996534,1042.7464733051963,1465.567172265424,779.3522007722004,2200.5866964610746,2858.6923952275015,6887.578571428576,0.1513952200314307,Full-sample source->target 5-fold OOF residual; aggregate row only.
daily_steps,vs,oak,isotonic,headline,age_group,40-59,2949,-133.5693353804412,-150.0109461152888,1562.1830368809528,-2492.005789865125,2220.0082016045512,1092.5831752490076,1567.6189166833465,787.5940600568574,2370.245976254365,3055.662653074213,6887.578571428576,0.158630956281402,Full-sample source->target 5-fold OOF residual; aggregate row only.
daily_steps,vs,oak,isotonic,headline,age_group,60+,2940,342.03338198213385,196.54421167456803,1431.1829567812624,-1536.3316934959366,2539.812536127649,972.5366400128248,1471.2493992216764,679.5724225146187,2090.983074549507,2780.6045344650174,6887.578571428576,0.1412015311225854,Full-sample source->target 5-fold OOF residual; aggregate row only.
daily_steps,vs,oak,isotonic,headline,sex,male,4161,46.625385440988815,20.266095238094294,1593.0371477375222,-2395.883674242432,2471.0206090808388,1107.369964850293,1593.5279686967908,789.6558685445962,2434.597442157652,3151.000370444269,6887.578571428576,0.1607778340916421,Full-sample source->target 5-fold OOF residual; aggregate row only.
daily_steps,vs,oak,isotonic,headline,sex,female,4485,-44.064190945203904,-97.04664447134928,1413.3985808014372,-2040.9365558558543,2034.92923618248,969.5364790651918,1413.9277860158086,711.5025027056272,2040.930093854566,2693.8042518140537,6887.578571428576,0.1407659410358054,Full-sample source->target 5-fold OOF residual; aggregate row only.
daily_steps,vs,oak,isotonic,headline,bmi_group,<25,2572,61.26715007759734,10.265917451596351,1586.048598591059,-2261.432724058695,2557.8494386728203,1091.896306367823,1586.9233657019113,773.2945464285622,2368.2435565266974,3189.957788605707,6887.578571428576,0.1585312305397554,Full-sample source->target 5-fold OOF residual; aggregate row only.
daily_steps,vs,oak,isotonic,headline,bmi_group,25-<30,2741,30.41685340833343,12.795682813359235,1552.301221417868,-2322.252148437492,2325.913762575454,1088.7469350209303,1552.3160623750696,790.2290690866485,2325.913762575454,2966.1503089569123,6887.578571428576,0.1580739767582948,Full-sample source->target 5-fold OOF residual; aggregate row only.
daily_steps,vs,oak,isotonic,headline,bmi_group,>=30,3246,-77.73444336393706,-128.9281351513464,1402.6727751044828,-2071.6361291590424,1966.4172049274223,960.8993404263572,1404.6093513433689,704.0757141356553,2046.8462354660776,2684.5857529771615,6887.578571428576,0.1395119243230722,Full-sample source->target 5-fold OOF residual; aggregate row only.
daily_steps,vs,oak,isotonic,headline,bmi_group,missing,87,89.13368273830268,10.014601670051889,728.4782097064382,-911.3482770876462,1749.232836309523,510.8692466102144,729.7434751543419,311.2070047433044,1157.8574586466166,1778.3932182778376,6887.578571428576,0.0741725471894331,Full-sample source->target 5-fold OOF residual; aggregate row only.
daily_steps,vs,oak,quantile,fullsample_robustness,overall,all,8646,-0.4580606492494645,-105.05622531270636,1513.738145105778,-2118.6496347012367,2350.9480055658732,1037.5185817799843,1513.6506720879436,762.1767394957974,2218.7003738128888,2885.310050675686,6887.578571428576,0.1506361881785094,Full-sample source->target 5-fold OOF residual; aggregate row only.
daily_steps,vs,oak,quantile,fullsample_robustness,age_group,20-39,2757,-191.9480562873031,-283.398395445136,1451.3572337632063,-2244.97261193044,1964.7180317460352,1044.0077291998527,1463.7342121199365,801.513239538237,2161.610036974797,2773.2095077220033,6887.578571428576,0.1515783403953694,Full-sample source->target 5-fold OOF residual; aggregate row only.
daily_steps,vs,oak,quantile,fullsample_robustness,age_group,40-59,2949,-98.3046828165822,-186.45347490347103,1575.5731719289884,-2366.167654126658,2393.178007392928,1098.8447836715654,1578.3703125190525,807.0709359605898,2388.7197152194153,3016.7228211284514,6887.578571428576,0.1595400723600965,Full-sample source->target 5-fold OOF residual; aggregate row only.
daily_steps,vs,oak,quantile,fullsample_robustness,age_group,60+,2940,277.2588123934642,91.96138854402898,1467.5288760401977,-1619.8274459706945,2608.3243318746668,969.9194155164292,1493.2450971319392,663.6564293178103,2118.1146832373984,2832.159908109132,6887.578571428576,0.1408215391603518,Full-sample source->target 5-fold OOF residual; aggregate row only.
daily_steps,vs,oak,quantile,fullsample_robustness,sex,male,4161,71.56819905384495,-32.507662337660804,1597.955055660918,-2249.6900726392305,2570.1923885651304,1102.5203661714247,1599.3650933908814,793.7108928571433,2430.0521428571437,3111.3655555555524,6887.578571428576,0.1600737261633514,Full-sample source->target 5-fold OOF residual; aggregate row only.
daily_steps,vs,oak,quantile,fullsample_robustness,sex,female,4485,-67.28108553767217,-164.5,1428.1148577014533,-2021.4424493946851,2123.1181355403182,977.2125784683268,1429.5398037680325,728.8642857142913,2062.1463487133988,2662.4189254771904,6887.578571428576,0.1418804255129738,Full-sample source->target 5-fold OOF residual; aggregate row only.
daily_steps,vs,oak,quantile,fullsample_robustness,bmi_group,<25,2572,85.27008071786513,-38.24232023248408,1587.2784870601329,-2138.5153135951364,2691.3559102564063,1087.3194853979396,1589.2590766000508,782.0249040286408,2347.7972801860215,3121.759187500001,6887.578571428576,0.1578667269087015,Full-sample source->target 5-fold OOF residual; aggregate row only.
daily_steps,vs,oak,quantile,fullsample_robustness,bmi_group,25-<30,2741,51.76863912532671,-35.785294117651574,1552.702046360146,-2174.032653061229,2467.768973214288,1085.8869424014383,1553.2817108414606,793.7108928571433,2343.414285714285,2919.9711981566816,6887.578571428576,0.1576587375577787,Full-sample source->target 5-fold OOF residual; aggregate row only.
daily_steps,vs,oak,quantile,fullsample_robustness,bmi_group,>=30,3246,-112.8595030121432,-196.14645063270063,1427.2002424958596,-2054.0718242694875,1998.7837737621192,970.8159220272396,1431.4364424080927,716.7034262485458,2031.6600963552555,2646.014265018183,6887.578571428576,0.1409517019601678,Full-sample source->target 5-fold OOF residual; aggregate row only.
daily_steps,vs,oak,quantile,fullsample_robustness,bmi_group,missing,87,13.437551208463043,-48.06224102911301,752.4955025435602,-955.4187081280776,1666.9927056808287,530.0614896951749,748.2789816656779,357.7658426659382,1340.5945003070924,1735.2835038816593,6887.578571428576,0.0769590479728252,Full-sample source->target 5-fold OOF residual; aggregate row only.
daily_steps,vs,oak,monotone_spline,fullsample_robustness,overall,all,8646,-1.0872620471723495,-99.63312244179816,1508.94566262687,-2122.1141259866936,2337.9086074197603,1035.1808738930424,1508.8587891909954,758.2762708484938,2211.781665366255,2885.5110054483685,6887.578571428576,0.1502967789271015,Full-sample source->target 5-fold OOF residual; aggregate row only.
daily_steps,vs,oak,monotone_spline,fullsample_robustness,age_group,20-39,2757,-194.04396954927705,-279.6962912336239,1447.315034239699,-2247.3317950135247,1968.0476730667383,1043.0769187211322,1460.004824577427,796.4628348166552,2148.560969583817,2792.843992133509,6887.578571428576,0.1514431970399699,Full-sample source->target 5-fold OOF residual; aggregate row only.
daily_steps,vs,oak,monotone_spline,fullsample_robustness,age_group,40-59,2949,-103.13575485274404,-182.32192876569025,1571.95597572851,-2365.206412806867,2387.492365302869,1094.4744104835704,1575.0697276444434,809.1317633490189,2374.646139380238,3029.511875959685,6887.578571428576,0.1589055426567078,Full-sample source->target 5-fold OOF residual; aggregate row only.
daily_steps,vs,oak,monotone_spline,fullsample_robustness,age_group,60+,2940,282.2197610368187,108.67974291121936,1459.0849243125597,-1628.2939441301965,2594.4899606284785,968.301270152733,1485.8844788300762,670.3119176236028,2100.367547631492,2815.9512146208785,6887.578571428576,0.140586602404725,Full-sample source->target 5-fold OOF residual; aggregate row only.
daily_steps,vs,oak,monotone_spline,fullsample_robustness,sex,male,4161,70.42746422292596,-30.706584409515926,1591.559373455431,-2258.617076135277,2560.3909550799835,1099.5187643706015,1592.9257686207927,792.8825787169353,2427.4671070883633,3111.4921961562795,6887.578571428576,0.1596379268806724,Full-sample source->target 5-fold OOF residual; aggregate row only.
daily_steps,vs,oak,monotone_spline,fullsample_robustness,sex,female,4485,-67.435707088394,-163.47420181881537,1425.0051640440895,-2024.7654213416165,2083.9368390879386,975.490804266036,1426.4412114293402,724.2194891687104,2053.0713276697434,2645.4973301824452,6887.578571428576,0.1416304429996079,Full-sample source->target 5-fold OOF residual; aggregate row only.
daily_steps,vs,oak,monotone_spline,fullsample_robustness,bmi_group,<25,2572,81.33018519407125,-39.36729876176105,1585.0965529475695,-2131.2479437524694,2667.8878616840248,1085.9645048361406,1586.8739089332842,773.2572984365552,2356.7866939943992,3139.3420408982165,6887.578571428576,0.1576699987628449,Full-sample source->target 5-fold OOF residual; aggregate row only.
daily_steps,vs,oak,monotone_spline,fullsample_robustness,bmi_group,25-<30,2741,50.12664435006373,-39.3861878605112,1545.3699603352534,-2200.1120857168316,2473.4733381589904,1081.7572473740474,1545.9009407103465,797.4372362166177,2331.2115467755175,2893.503905811609,6887.578571428576,0.1570591516533039,Full-sample source->target 5-fold OOF residual; aggregate row only.
daily_steps,vs,oak,monotone_spline,fullsample_robustness,bmi_group,>=30,3246,-110.39831317503786,-194.43199476812333,1422.7820007096568,-2070.189876238669,2003.0445601316787,969.3027932665968,1426.8401372814226,713.8848979819763,2034.737753066689,2640.5683452715757,6887.578571428576,0.1407320124502841,Full-sample source->target 5-fold OOF residual; aggregate row only.
daily_steps,vs,oak,monotone_spline,fullsample_robustness,bmi_group,missing,87,27.28837268557276,-44.60708375101024,749.0410649252439,-947.8470659227412,1663.9993734997652,524.363761437404,745.2235757009664,359.48871636998956,1309.063137259784,1740.6536899341834,6887.578571428576,0.0761318010385533,Full-sample source->target 5-fold OOF residual; aggregate row only.
daily_steps,vs,scrf,isotonic,headline,overall,all,8646,-1.854301572647084,14.735942646307194,2369.8851282702585,-3584.2323217217986,3552.775372814414,1665.6407459542916,2369.748798836445,1210.086190797073,3567.5567055314013,4733.163202956966,7482.482142857143,0.2226053753491854,Full-sample source->target 5-fold OOF residual; aggregate row only.
daily_steps,vs,scrf,isotonic,headline,age_group,20-39,2757,-241.98561963147532,-131.02239709443347,2378.5596286979953,-4069.6797707689134,3238.5909291286257,1696.1533366786232,2390.4080993420816,1202.7281312524938,3721.539370754639,4959.738292337169,7482.482142857143,0.2266832455187065,Full-sample source->target 5-fold OOF residual; aggregate row only.
daily_steps,vs,scrf,isotonic,headline,age_group,40-59,2949,-143.63545475756283,-108.7834047619126,2471.8033868927914,-3733.6999044983127,3414.0708888826607,1744.8598618395374,2475.5547463746916,1321.197792207793,3568.76217863446,4859.100623893065,7482.482142857143,0.2331926529895162,Full-sample source->target 5-fold OOF residual; aggregate row only.
daily_steps,vs,scrf,isotonic,headline,age_group,60+,2940,365.545244220042,219.51105442176873,2208.4595144437253,-2883.886039674864,3867.6523654051502,1557.5657849432123,2238.1371292140275,1108.3754487797576,3424.513950172813,4337.1982597986225,7482.482142857143,0.2081616441183333,Full-sample source->target 5-fold OOF residual; aggregate row only.
daily_steps,vs,scrf,isotonic,headline,sex,male,4161,-293.96531640902856,-222.821587301587,2435.7967899707583,-4075.66903611686,3241.580590569558,1706.696260377611,2453.180736236062,1203.4895833333394,3723.928744346902,4885.157337662338,7482.482142857143,0.2280922597332011,Full-sample source->target 5-fold OOF residual; aggregate row only.
daily_steps,vs,scrf,isotonic,headline,sex,female,4485,269.15437908157446,219.6708683473389,2274.0054144081773,-3110.376365583267,3824.1013880445776,1627.551114847172,2289.626984425316,1211.579020664869,3425.883373531229,4580.501114350503,7482.482142857143,0.2175148678972591,Full-sample source->target 5-fold OOF residual; aggregate row only.
daily_steps,vs,scrf,isotonic,headline,bmi_group,<25,2572,175.76016822685253,167.79478818998723,2509.360486077929,-3553.120525075989,4056.198630974519,1784.6351502463483,2515.021558417448,1327.5482423024168,3858.9735127887793,5158.420956733678,7482.482142857143,0.2385084409389443,Full-sample source->target 5-fold OOF residual; aggregate row only.
daily_steps,vs,scrf,isotonic,headline,bmi_group,25-<30,2741,-82.94842036407819,-62.40899470899785,2436.0299435474412,-3829.5205627705654,3572.995519713262,1718.4980019930456,2436.997606632675,1267.2539713541664,3717.83096388314,4753.634920634922,7482.482142857143,0.2296695092862389,Full-sample source->target 5-fold OOF residual; aggregate row only.
daily_steps,vs,scrf,isotonic,headline,bmi_group,>=30,3246,-99.5325028463086,-68.00776643990957,2197.896672724583,-3407.614548014157,3031.344714977548,1534.0191784975962,2199.810966173462,1089.7113414502164,3221.301388371516,4247.092188053881,7482.482142857143,0.2050147463381502,Full-sample source->target 5-fold OOF residual; aggregate row only.
daily_steps,vs,scrf,isotonic,headline,bmi_group,missing,87,946.6285101205124,796.2661141249746,1599.7169376683178,-1235.3238580139378,3860.296851335656,1393.3219105869214,1850.8876087020117,1058.8318367346983,3031.0885502645506,4007.5234381478326,7482.482142857143,0.1862111908836296,Full-sample source->target 5-fold OOF residual; aggregate row only.
daily_steps,vs,scrf,quantile,fullsample_robustness,overall,all,8646,1.0834211197290815,-122.06995107857163,2423.0064668028085,-3484.3967529534493,3852.8507936507935,1694.584981205241,2422.866582010892,1240.2277348132234,3635.4204432662746,4757.086432788764,7482.482142857143,0.2264736418813789,Full-sample source->target 5-fold OOF residual; aggregate row only.
daily_steps,vs,scrf,quantile,fullsample_robustness,age_group,20-39,2757,-158.51370756975055,-172.152116402116,2425.268639667506,-3802.770317039284,3521.3862403497974,1714.4181964678144,2430.0043452117907,1241.1714285714295,3685.8715200813426,5018.289824905903,7482.482142857143,0.2291242616735699,Full-sample source->target 5-fold OOF residual; aggregate row only.
daily_steps,vs,scrf,quantile,fullsample_robustness,age_group,40-59,2949,-62.99902610131221,-201.47544642857247,2512.747792280263,-3544.512606562244,4009.4146727211737,1773.9103157382967,2513.111480524385,1358.1994787964925,3769.174150978221,4891.113897866839,7482.482142857143,0.2370751151650512,Full-sample source->target 5-fold OOF residual; aggregate row only.
daily_steps,vs,scrf,quantile,fullsample_robustness,age_group,60+,2940,215.02506079719376,-17.556530008453095,2312.2656081554196,-3040.657577030814,3899.152040816321,1596.4181152130996,2321.850438215582,1143.4432355031558,3495.687210826439,4480.550126050415,7482.482142857143,0.213354082874365,Full-sample source->target 5-fold OOF residual; aggregate row only.
daily_steps,vs,scrf,quantile,fullsample_robustness,sex,male,4161,-240.88431336349817,-336.5274725274721,2480.3329607940027,-3886.115942028985,3601.7295918367345,1734.0829003100378,2491.7059107523764,1250.5142857142855,3792.4833333333336,4862.616541353384,7482.482142857143,0.2317523606742465,Full-sample source->target 5-fold OOF residual; aggregate row only.
daily_steps,vs,scrf,quantile,fullsample_robustness,sex,female,4485,225.57121224229505,51.19999999999982,2346.6470242737782,-3060.382273489105,4035.557655279503,1657.9404234805904,2357.20317598709,1229.995894909689,3512.830929264909,4660.248253968256,7482.482142857143,0.2215762619712067,Full-sample source->target 5-fold OOF residual; aggregate row only.
daily_steps,vs,scrf,quantile,fullsample_robustness,bmi_group,<25,2572,240.4025837716661,67.27593984962368,2570.3673997075716,-3422.7912989886195,4473.948265627005,1828.02546939429,2581.087607177996,1340.1408163265314,3957.6943413729073,5438.839227799231,7482.482142857143,0.2443073614468084,Full-sample source->target 5-fold OOF residual; aggregate row only.
daily_steps,vs,scrf,quantile,fullsample_robustness,bmi_group,25-<30,2741,-33.682558611245675,-172.5820105820103,2471.851811302488,-3639.128078817732,4071.0808716707,1743.7269784482944,2471.630384905447,1276.894878706198,3817.547368421063,4724.40018832392,7482.482142857143,0.2330412482324297,Full-sample source->target 5-fold OOF residual; aggregate row only.
daily_steps,vs,scrf,quantile,fullsample_robustness,bmi_group,>=30,3246,-178.23445294246264,-233.86507936508335,2255.6074284403376,-3381.174608748002,3162.9693877551026,1559.0352098997882,2262.291978555134,1126.552639751554,3298.1308009033564,4262.058270676692,7482.482142857143,0.2083580261381659,Full-sample source->target 5-fold OOF residual; aggregate row only.
daily_steps,vs,scrf,quantile,fullsample_robustness,bmi_group,missing,87,711.7786315529959,472.32763975155274,1592.579690847645,-1636.1251666666658,3551.7814231049565,1258.8080569760093,1736.0258934433978,873.2441942294154,3081.821005785493,3828.2011408730177,7482.482142857143,0.1682340208693556,Full-sample source->target 5-fold OOF residual; aggregate row only.
daily_steps,vs,scrf,monotone_spline,fullsample_robustness,overall,all,8646,1.943433444810173,-118.55152799557482,2411.477146312013,-3485.153104816306,3837.588954979281,1690.7610756269992,2411.3384692097434,1232.4159108683116,3638.025769629732,4759.58935474239,7482.482142857143,0.2259625941427762,Full-sample source->target 5-fold OOF residual; aggregate row only.
daily_steps,vs,scrf,monotone_spline,fullsample_robustness,age_group,20-39,2757,-156.10935885223233,-174.5896837359178,2407.0244961051244,-3752.5418683944617,3553.682927524887,1710.3780127333766,2411.645824254567,1226.5266961924915,3681.912347363345,4998.64673891329,7482.482142857143,0.2285843093345864,Full-sample source->target 5-fold OOF residual; aggregate row only.
daily_steps,vs,scrf,monotone_spline,fullsample_robustness,age_group,40-59,2949,-67.53612208910778,-192.59719479096748,2503.730040325557,-3560.9889039443815,3956.813848316096,1770.2033294199014,2504.2163547017444,1350.9480349990554,3747.306699088323,4813.446522142089,7482.482142857143,0.23657969315834,Full-sample source->target 5-fold OOF residual; aggregate row only.
daily_steps,vs,scrf,monotone_spline,fullsample_robustness,age_group,60+,2940,219.85049386401772,-14.626996719400664,2304.05959622383,-3022.5974053252617,3920.6506666607297,1592.6797484033425,2314.1346515535206,1140.1328212596482,3512.886134459094,4495.030017276182,7482.482142857143,0.2128544670064774,Full-sample source->target 5-fold OOF residual; aggregate row only.
daily_steps,vs,scrf,monotone_spline,fullsample_robustness,sex,male,4161,-241.63869331484628,-328.128736872427,2459.739511649726,-3866.742579898015,3662.563383036839,1727.6898896206078,2471.2858331914445,1233.9825804706488,3787.056101527783,4822.237181671866,7482.482142857143,0.2308979636215876,Full-sample source->target 5-fold OOF residual; aggregate row only.
daily_steps,vs,scrf,monotone_spline,fullsample_robustness,sex,female,4485,227.92899184992288,48.97861407542183,2343.5593941622237,-3065.9018046994443,4012.785617072236,1656.500028798146,2354.3571676258616,1229.8990860257218,3509.3116057553884,4679.546393641836,7482.482142857143,0.2213837597166147,Full-sample source->target 5-fold OOF residual; aggregate row only.
daily_steps,vs,scrf,monotone_spline,fullsample_robustness,bmi_group,<25,2572,239.51681722655368,65.7185722072536,2568.687477577023,-3415.100081046696,4473.81961011397,1825.886569090336,2579.3329145292464,1347.5556298728052,3942.207403657497,5426.25348482578,7482.482142857143,0.2440215070654524,Full-sample source->target 5-fold OOF residual; aggregate row only.
daily_steps,vs,scrf,monotone_spline,fullsample_robustness,bmi_group,25-<30,2741,-34.61362808942645,-174.5896837359178,2456.789589606014,-3642.298614695579,4085.2525118422054,1739.6018377390517,2456.585260537807,1269.9219905393766,3837.423232548127,4730.469509741179,7482.482142857143,0.2324899417768332,Full-sample source->target 5-fold OOF residual; aggregate row only.
daily_steps,vs,scrf,monotone_spline,fullsample_robustness,bmi_group,>=30,3246,-174.84408454960914,-224.42825685872776,2238.2016858250536,-3374.5750841902177,3162.0473474178707,1553.852389756904,2244.6768012069447,1126.2632257311234,3308.307172008139,4274.285676517889,7482.482142857143,0.2076653655953229,Full-sample source->target 5-fold OOF residual; aggregate row only.
daily_steps,vs,scrf,monotone_spline,fullsample_robustness,bmi_group,missing,87,726.2703988308255,448.983371898399,1594.6868228887065,-1583.887493439751,3568.3302558085475,1265.3621813453035,1743.9221802246475,965.388848062396,3176.155181416038,3817.629002853269,7482.482142857143,0.1691099500388693,Full-sample source->target 5-fold OOF residual; aggregate row only.
daily_steps,vs,scssl,isotonic,headline,overall,all,8646,-2.1693971744333576,-11.0395705516612,2409.31419181353,-3813.7436251591703,3760.078458974906,1778.0280086050452,2409.175833379356,1354.9188201341158,3789.1350258396023,4745.724665805646,5813.0,0.3058709803208403,Full-sample source->target 5-fold OOF residual; aggregate row only.
daily_steps,vs,scssl,isotonic,headline,age_group,20-39,2757,344.5689821080653,359.23431216931385,2354.486837696007,-3452.990672088573,3977.697647666854,1772.618748399676,2379.143819319866,1358.2444444444427,3744.50239942134,4752.084054310244,5813.0,0.304940434956077,Full-sample source->target 5-fold OOF residual; aggregate row only.
daily_steps,vs,scssl,isotonic,headline,age_group,40-59,2949,-110.573710136574,-110.56900093370676,2480.1545754800445,-4113.3825875931625,3750.320477812874,1837.792629068418,2482.1981015463502,1390.2628680102744,3903.080288220548,4932.494865171546,5813.0,0.3161521811574777,Full-sample source->target 5-fold OOF residual; aggregate row only.
daily_steps,vs,scssl,isotonic,headline,age_group,60+,2940,-218.5889185201803,-238.8880297823596,2352.6174638690045,-3833.553249510058,3488.425433665717,1723.152996577738,2362.352102995948,1321.1991164281812,3690.128793436668,4575.752834126979,5813.0,0.2964309300839047,Full-sample source->target 5-fold OOF residual; aggregate row only.
daily_steps,vs,scssl,isotonic,headline,sex,male,4161,-515.653738380508,-428.948458149779,2397.9450316681723,-4382.722743425729,3064.1236580086597,1773.2117586158868,2452.479814334072,1335.9189262966338,3825.943928571425,4888.971154572939,5813.0,0.3050424494436413,Full-sample source->target 5-fold OOF residual; aggregate row only.
daily_steps,vs,scssl,isotonic,headline,sex,female,4485,474.22042306157033,440.6715121136194,2320.586914224228,-3252.808210361067,4134.731394674095,1782.4963288291003,2368.292198960396,1380.7483750846295,3750.0991457388945,4639.11006894007,5813.0,0.3066396574624291,Full-sample source->target 5-fold OOF residual; aggregate row only.
daily_steps,vs,scssl,isotonic,headline,bmi_group,<25,2572,-75.11926780527665,-89.66704277483814,2483.8921165818388,-4011.0643303498487,3852.97639112082,1851.663609790364,2484.5450586991715,1430.5738924133238,3915.564099336381,4983.031063997329,5813.0,0.3185383811784558,Full-sample source->target 5-fold OOF residual; aggregate row only.
daily_steps,vs,scssl,isotonic,headline,bmi_group,25-<30,2741,-303.17305894852706,-335.13108134920685,2456.777767873991,-4271.124985302763,3564.15512672811,1822.2396677126585,2474.9684598050085,1394.576455026453,3922.920683020683,4922.603664100367,5813.0,0.3134766330143916,Full-sample source->target 5-fold OOF residual; aggregate row only.
daily_steps,vs,scssl,isotonic,headline,bmi_group,>=30,3246,276.6676915618542,293.9681183681769,2269.0985548255226,-3321.5309141319567,3800.507500617642,1678.7585622815193,2285.5561822290333,1281.7544103222483,3570.715338220163,4381.379954776205,5813.0,0.2887938349013451,Full-sample source->target 5-fold OOF residual; aggregate row only.
daily_steps,vs,scssl,isotonic,headline,bmi_group,missing,87,1234.300880381088,1006.547508305648,2227.8003909395147,-2648.0270633164764,4909.639013088018,1911.9785707149117,2535.654980674689,1427.77293377121,3682.295703055416,4909.639013088018,5813.0,0.3289142561009653,Full-sample source->target 5-fold OOF residual; aggregate row only.
daily_steps,vs,scssl,quantile,fullsample_robustness,overall,all,8646,0.1009719725677708,-155.98760516213315,2518.210751624274,-3665.0023093447903,4082.726721114804,1818.7469913782488,2518.065120779747,1383.1081396673503,3874.0620189823576,4924.848022699059,5813.0,0.3128757941472989,Full-sample source->target 5-fold OOF residual; aggregate row only.
daily_steps,vs,scssl,quantile,fullsample_robustness,age_group,20-39,2757,489.3152389089331,329.02784503631847,2409.112544897366,-2992.569278723578,4407.067600373482,1778.5782745634656,2457.874596947782,1301.0,3823.376520509194,4985.340417947311,5813.0,0.3059656415901368,Full-sample source->target 5-fold OOF residual; aggregate row only.
daily_steps,vs,scssl,quantile,fullsample_robustness,age_group,40-59,2949,18.030720979441604,-155.80603948896714,2600.462289015986,-3713.90543373677,4252.246667336883,1873.6652560628768,2600.0838651448835,1456.9568253968264,3984.029877112137,5076.147154918436,5813.0,0.3223232850615649,Full-sample source->target 5-fold OOF residual; aggregate row only.
daily_steps,vs,scssl,quantile,fullsample_robustness,age_group,60+,2940,-476.64683883179623,-622.8742361840157,2444.439555948371,-3945.0545451314856,3514.5176020408157,1801.329028692326,2490.069184154728,1380.7153377376565,3795.567067669171,4725.45295037083,5813.0,0.3098794131588381,Full-sample source->target 5-fold OOF residual; aggregate row only.
daily_steps,vs,scssl,quantile,fullsample_robustness,sex,male,4161,-448.22992100899927,-561.4972527472537,2488.0504663006323,-4034.7074829932,3482.876461988306,1808.619237972653,2527.8088271901397,1371.7394957983197,3835.032019704433,4897.714285714288,5813.0,0.3111335348310086,Full-sample source->target 5-fold OOF residual; aggregate row only.
daily_steps,vs,scssl,quantile,fullsample_robustness,sex,female,4485,416.0440813808845,248.1533903884119,2474.5324413738604,-3261.207142857144,4486.664437943946,1828.1431077485229,2508.9914695697985,1396.2730560578657,3888.596065750472,4948.062111801242,5813.0,0.3144921912521113,Full-sample source->target 5-fold OOF residual; aggregate row only.
daily_steps,vs,scssl,quantile,fullsample_robustness,bmi_group,<25,2572,8.904699328511379,-153.82368807745752,2620.7604236041843,-3723.487432115703,4426.6080952380935,1915.3499373658212,2620.2660258730048,1483.424603174603,4014.734038615448,5226.229167612992,5813.0,0.3294942262800311,Full-sample source->target 5-fold OOF residual; aggregate row only.
daily_steps,vs,scssl,quantile,fullsample_robustness,bmi_group,25-<30,2741,-228.73930090521665,-398.12263736263776,2554.5157647932974,-4000.659340659342,3979.766750948169,1877.1190174195797,2564.2721660056172,1454.615873015871,3991.214285714286,5004.603174603175,5813.0,0.3229174294545983,Full-sample source->target 5-fold OOF residual; aggregate row only.
daily_steps,vs,scssl,quantile,fullsample_robustness,bmi_group,>=30,3246,164.59862661202118,14.621157037965986,2394.379062489734,-3309.8113095238095,4015.792553816046,1698.3988128565975,2399.6619789625775,1274.6900621118016,3628.406530612236,4554.592270571596,5813.0,0.2921725121033197,Full-sample source->target 5-fold OOF residual; aggregate row only.
daily_steps,vs,scssl,quantile,fullsample_robustness,bmi_group,missing,87,812.1540092007782,176.55279503105595,2129.3988903636728,-2350.7658730158732,4452.8188186813195,1614.0307502512617,2267.557038438478,1308.1164596273302,3595.9333333333343,4590.872197802198,5813.0,0.2776588250905318,Full-sample source->target 5-fold OOF residual; aggregate row only.
daily_steps,vs,scssl,monotone_spline,fullsample_robustness,overall,all,8646,-6.841454651587662,-158.35112196146952,2507.7281465963297,-3673.09965768724,4077.9896828078336,1815.912823026544,2507.5924527304596,1378.6012906017068,3856.370911366505,4906.462196367223,5813.0,0.3123882372314715,Full-sample source->target 5-fold OOF residual; aggregate row only.
daily_steps,vs,scssl,monotone_spline,fullsample_robustness,age_group,20-39,2757,484.79496997988144,323.28382820464685,2404.223161431847,-2987.8702528479103,4406.825107273148,1776.6896442952277,2452.1864909448573,1304.229992291991,3831.549901100026,4956.2255722474065,5813.0,0.3056407439007789,Full-sample source->target 5-fold OOF residual; aggregate row only.
daily_steps,vs,scssl,monotone_spline,fullsample_robustness,age_group,40-59,2949,6.241520536463868,-165.40649023326296,2584.9207632918124,-3742.849991736607,4181.702041978527,1868.5973788980475,2584.4899920212233,1457.1202634043766,3965.341192529299,5078.095576205372,5813.0,0.3214514672110868,Full-sample source->target 5-fold OOF residual; aggregate row only.
daily_steps,vs,scssl,monotone_spline,fullsample_robustness,age_group,60+,2940,-480.99904531094967,-618.3694988739685,2433.8454576334498,-3957.816759153918,3503.4166925914433,1799.8487238759233,2480.51385040249,1371.1761668937877,3787.09732530761,4729.3680098327195,5813.0,0.3096247589671294,Full-sample source->target 5-fold OOF residual; aggregate row only.
daily_steps,vs,scssl,monotone_spline,fullsample_robustness,sex,male,4161,-457.74453135017666,-569.202398424618,2473.2313906956833,-4040.354735325675,3465.811788241652,1805.97209675212,2514.9420508222684,1370.180670336512,3833.870485324902,4887.621285463485,5813.0,0.3106781518582693,Full-sample source->target 5-fold OOF residual; aggregate row only.
daily_steps,vs,scssl,monotone_spline,fullsample_robustness,sex,female,4485,411.4880218574043,245.86278661543656,2466.942946324629,-3278.4838435381785,4491.140953734934,1825.1354232557255,2500.754479712813,1389.3983041588815,3871.366227135653,4943.240968631737,5813.0,0.3139747846646697,Full-sample source->target 5-fold OOF residual; aggregate row only.
daily_steps,vs,scssl,monotone_spline,fullsample_robustness,bmi_group,<25,2572,2.264725628963305,-160.0982707763178,2618.0915542371404,-3744.7873885605272,4401.139599616478,1912.661985835564,2617.583524217965,1466.406302994526,4015.174949774515,5254.72320673525,5813.0,0.3290318227826533,Full-sample source->target 5-fold OOF residual; aggregate row only.
daily_steps,vs,scssl,monotone_spline,fullsample_robustness,bmi_group,25-<30,2741,-240.24816792573657,-404.5537091733713,2542.3664684763535,-3993.426111122355,3954.949742254635,1873.484872306517,2553.2309560249223,1449.656824739406,3965.14913239554,5009.17099360228,5813.0,0.3222922539663714,Full-sample source->target 5-fold OOF residual; aggregate row only.
daily_steps,vs,scssl,monotone_spline,fullsample_robustness,bmi_group,>=30,3246,161.1303667185366,10.662453674802409,2377.5842371272997,-3315.186689454513,4033.711794635995,1696.122515769124,2382.672512199564,1272.0034385720137,3631.521949071582,4537.198764135264,5813.0,0.2917809247839539,Full-sample source->target 5-fold OOF residual; aggregate row only.
daily_steps,vs,scssl,monotone_spline,fullsample_robustness,bmi_group,missing,87,810.5168583994666,163.71439607908957,2129.1903467946795,-2337.988866531889,4462.794147208007,1611.2634383872387,2266.777552457316,1304.5146515819936,3639.888667753608,4597.080104634004,5813.0,0.2771827693767828,Full-sample source->target 5-fold OOF residual; aggregate row only.
daily_steps,vs,vsrev,isotonic,headline,overall,all,8646,-0.5414700746166097,1.315958049886575,1157.353503946212,-1719.2598047785557,1715.619552398819,788.7867107816195,1157.2866986852832,559.5545194003535,1718.3220284477402,2241.54659090909,6301.767857142858,0.1251691158200241,Full-sample source->target 5-fold OOF residual; aggregate row only.
daily_steps,vs,vsrev,isotonic,headline,age_group,20-39,2757,-439.56034152250487,-416.1818999028146,1130.308602557213,-2224.377325396826,1244.7196678452765,882.2467523522563,1212.5788343438771,664.3624977538175,1875.505382653061,2442.9339806798125,6301.767857142858,0.139999881359047,Full-sample source->target 5-fold OOF residual; aggregate row only.
daily_steps,vs,vsrev,isotonic,headline,age_group,40-59,2949,28.723658033667725,19.54497023809381,1202.457458838199,-1646.042703287574,1737.542334814308,819.3572348557724,1202.596642982626,580.9332565284203,1701.0106891025646,2247.882114845939,6301.767857142858,0.1300202186799147,Full-sample source->target 5-fold OOF residual; aggregate row only.
daily_steps,vs,vsrev,isotonic,headline,age_group,60+,2940,381.79600128269544,233.06131416202896,981.7025722375172,-795.9034985994385,1932.4588677560737,670.4799726506936,1053.1763025402815,437.9889573070608,1512.8612394004476,2016.9671722497928,6301.767857142858,0.1063955365938663,Full-sample source->target 5-fold OOF residual; aggregate row only.
daily_steps,vs,vsrev,isotonic,headline,sex,male,4161,-11.092974083148286,-8.978893178893259,1202.7358298312622,-1788.7639324116751,1797.88919860627,815.408158104063,1202.642457256096,578.2301731601729,1790.0000868960742,2335.7000000000007,6301.767857142858,0.1293935569492334,Full-sample source->target 5-fold OOF residual; aggregate row only.
daily_steps,vs,vsrev,isotonic,headline,sex,female,4485,9.247784814904085,9.682539682539698,1113.6424560036314,-1641.5711481123965,1631.818680188126,764.0884181821353,1113.55669802023,546.189806547618,1639.3685938466283,2131.000337574285,6301.767857142858,0.1212498517088446,Full-sample source->target 5-fold OOF residual; aggregate row only.
daily_steps,vs,vsrev,isotonic,headline,bmi_group,<25,2572,-75.8656945558078,-49.18148947951249,1285.4366285647695,-2041.4654088516577,1795.2959534534557,891.7768548759552,1287.4239755862986,644.5171428571425,1930.9136140183336,2575.583844646552,6301.767857142858,0.1415121716781671,Full-sample source->target 5-fold OOF residual; aggregate row only.
daily_steps,vs,vsrev,isotonic,headline,bmi_group,25-<30,2741,60.70227148020798,71.24478458049907,1191.818294445015,-1742.584404761904,1835.800939849624,837.3071082812883,1193.146008017506,610.5471177944837,1804.7461981566812,2293.292619047619,6301.767857142858,0.1328686056456723,Full-sample source->target 5-fold OOF residual; aggregate row only.
daily_steps,vs,vsrev,isotonic,headline,bmi_group,>=30,3246,6.707586592048581,-8.829323502169473,1020.1253044474668,-1457.7708591367614,1422.1984605183145,675.9957664661985,1019.9902118047288,485.8343455564052,1438.16320456754,1905.602226190477,6301.767857142858,0.1072708138082202,Full-sample source->target 5-fold OOF residual; aggregate row only.
daily_steps,vs,vsrev,isotonic,headline,bmi_group,missing,87,26.29038996968652,5.969274376417218,660.2794650614729,-943.9592700561856,736.8072893772902,423.66424055901217,657.0000144426452,300.691358024691,799.9164202464215,1587.011797868798,6301.767857142858,0.0672294267518601,Full-sample source->target 5-fold OOF residual; aggregate row only.
daily_steps,vs,vsrev,quantile,fullsample_robustness,overall,all,8646,1.222642136716432,-23.105380333951132,1160.8987460546268,-1681.5517006802725,1763.9741666666655,788.0794895229604,1160.8322529662014,557.3982683982683,1717.2244206773605,2222.904761904761,6301.767857142858,0.1250568899693277,Full-sample source->target 5-fold OOF residual; aggregate row only.
daily_steps,vs,vsrev,quantile,fullsample_robustness,age_group,20-39,2757,-422.03298290094705,-446.2530612244882,1130.9333483194412,-2089.240756302521,1316.265789473684,886.6222646678298,1206.9209432421665,682.4714285714272,1824.7344669195136,2377.867647058822,6301.767857142858,0.1406942122856637,Full-sample source->target 5-fold OOF residual; aggregate row only.
daily_steps,vs,vsrev,quantile,fullsample_robustness,age_group,40-59,2949,51.9424546150742,7.047619047618355,1199.5513800000422,-1631.0122857142846,1844.641174830374,822.4232722098664,1200.4722386489914,588.831556503198,1734.231804549773,2242.0262692067595,6301.767857142858,0.1305067547478244,Full-sample source->target 5-fold OOF residual; aggregate row only.
daily_steps,vs,vsrev,quantile,fullsample_robustness,age_group,60+,2940,347.25768677282565,173.57303822937615,1015.416979879805,-819.4674334140448,1939.987394957985,661.2215826460589,1072.990605462393,419.01066329697585,1513.7015171675205,2029.8049520502595,6301.767857142858,0.104926363146904,Full-sample source->target 5-fold OOF residual; aggregate row only.
daily_steps,vs,vsrev,quantile,fullsample_robustness,sex,male,4161,5.2548397254171615,-35.1428571428587,1205.96538507942,-1724.3428571428576,1853.9246467817864,813.2693571991721,1205.8319134111352,573.5714285714303,1773.663265306123,2317.419047619045,6301.767857142858,0.129054159981053,Full-sample source->target 5-fold OOF residual; aggregate row only.
daily_steps,vs,vsrev,quantile,fullsample_robustness,sex,female,4485,-2.5182662616299973,-13.761904761904589,1117.585861003418,-1638.360317460316,1685.9502040816328,764.7093581069701,1117.464100074673,544.9160997732424,1658.0950766747376,2100.8449367153653,6301.767857142858,0.1213483859517604,Full-sample source->target 5-fold OOF residual; aggregate row only.
daily_steps,vs,vsrev,quantile,fullsample_robustness,bmi_group,<25,2572,-60.779064927642175,-68.90635233911443,1282.4968989572883,-1928.51,1847.8988951386111,891.6488406820229,1283.6872239366987,633.6603174603174,1881.2227799227755,2661.846292465165,6301.767857142858,0.1414918576652052,Full-sample source->target 5-fold OOF residual; aggregate row only.
daily_steps,vs,vsrev,quantile,fullsample_robustness,bmi_group,25-<30,2741,77.89874249468266,47.34537815126168,1189.7825191721345,-1702.4307966177112,1897.330049261084,832.5291754329131,1192.113337550686,610.7948051948051,1800.2077922077951,2305.7681940700786,6301.767857142858,0.1321104163634443,Full-sample source->target 5-fold OOF residual; aggregate row only.
daily_steps,vs,vsrev,quantile,fullsample_robustness,bmi_group,>=30,3246,-13.95216691357564,-48.325204430946656,1035.3127369939136,-1429.2383333333337,1457.0331632653078,678.3531804755685,1035.2472714357664,494.209670329672,1443.1112528344677,1871.1264367816088,6301.767857142858,0.1076449015345235,Full-sample source->target 5-fold OOF residual; aggregate row only.
daily_steps,vs,vsrev,quantile,fullsample_robustness,bmi_group,missing,87,-15.367821477157468,-3.2833333333310293,667.104579573118,-1054.1453836393496,712.0863711001733,419.74200570164066,663.4375778312138,255.19047619047524,817.7169147925251,1673.2516688918563,6301.767857142858,0.0666070244440813,Full-sample source->target 5-fold OOF residual; aggregate row only.
daily_steps,vs,vsrev,monotone_spline,fullsample_robustness,overall,all,8646,4.634681368929269,-18.90098619328307,1156.7147834035077,-1674.0502051229537,1768.7000320584875,786.890891539613,1156.6571739431483,555.4194204854796,1713.459570337362,2227.2356515363554,6301.767857142858,0.1248682765499996,Full-sample source->target 5-fold OOF residual; aggregate row only.
daily_steps,vs,vsrev,monotone_spline,fullsample_robustness,age_group,20-39,2757,-417.2018128421238,-444.3936588550105,1129.677893424521,-2070.5406031090506,1294.9078628060822,885.9677006062187,1204.0625445484409,682.3721843980929,1834.512409015723,2392.6509185832983,6301.767857142858,0.1405903423754338,Full-sample source->target 5-fold OOF residual; aggregate row only.
daily_steps,vs,vsrev,monotone_spline,fullsample_robustness,age_group,40-59,2949,54.19400298532646,6.710178636756609,1196.6381196113214,-1630.6463769537204,1844.6158945897585,820.4040626249558,1197.661976657644,585.9006024189939,1722.808517964939,2251.350533308152,6301.767857142858,0.1301863352035498,Full-sample source->target 5-fold OOF residual; aggregate row only.
daily_steps,vs,vsrev,monotone_spline,fullsample_robustness,age_group,60+,2940,350.5029722169286,184.31821947567437,1006.761839145641,-823.959847919675,1942.6449227019907,660.3653459180792,1065.8691208567575,422.8947049692231,1510.0445257266333,2028.1587861526511,6301.767857142858,0.1047904906826384,Full-sample source->target 5-fold OOF residual; aggregate row only.
daily_steps,vs,vsrev,monotone_spline,fullsample_robustness,sex,male,4161,9.677804018810006,-31.12785731400072,1198.60677746768,-1721.627523949539,1858.9467342417556,812.1242292806182,1198.5018144953135,573.5982413655329,1794.4530975115958,2353.444668431206,6301.767857142858,0.1288724446363254,Full-sample source->target 5-fold OOF residual; aggregate row only.
daily_steps,vs,vsrev,monotone_spline,fullsample_robustness,sex,female,4485,-0.0441220527326599,-10.136472583636532,1116.5582805513056,-1632.526631879757,1678.735169851613,763.480430371202,1116.433797529527,540.2700431195226,1655.0156273902385,2119.304828604712,6301.767857142858,0.1211533727802779,Full-sample source->target 5-fold OOF residual; aggregate row only.
daily_steps,vs,vsrev,monotone_spline,fullsample_robustness,bmi_group,<25,2572,-56.38100609720926,-63.67604640710215,1285.8153734646048,-1927.7249481042993,1861.8500371569392,892.5120707147701,1286.801141241232,636.065380681624,1899.441555744614,2660.0778393689566,6301.767857142858,0.1416288398664408,Full-sample source->target 5-fold OOF residual; aggregate row only.
daily_steps,vs,vsrev,monotone_spline,fullsample_robustness,bmi_group,25-<30,2741,80.40301906239935,47.23463877441009,1186.213402462415,-1698.882674399087,1916.5874066466567,829.9305299605697,1188.7192805911027,613.1085904639267,1810.060175337454,2312.3018492102256,6301.767857142858,0.1316980486705598,Full-sample source->target 5-fold OOF residual; aggregate row only.
daily_steps,vs,vsrev,monotone_spline,fullsample_robustness,bmi_group,>=30,3246,-10.823432635997143,-42.94492819255788,1022.8918836050742,-1432.1551587779509,1452.4753286746025,676.7148753659027,1022.7915792832548,489.7774191576163,1447.9458923016628,1870.176461736679,6301.767857142858,0.1073849260567203,Full-sample source->target 5-fold OOF residual; aggregate row only.
daily_steps,vs,vsrev,monotone_spline,fullsample_robustness,bmi_group,missing,87,-1.9357484575317565,-1.6544137952489564,676.9254165054933,-1009.3681839542056,685.7826100495756,419.0980955570471,673.0265803838756,247.090886023698,816.0281830996183,1705.570611256874,6301.767857142858,0.0665048451573811,Full-sample source->target 5-fold OOF residual; aggregate row only.
daily_steps,vsrev,acti,isotonic,headline,overall,all,8646,0.1029731258022913,114.84618338305904,1514.6868055082032,-2605.2588049229353,2266.963718098154,1190.5012844312082,1514.59921181886,996.6403378378354,2426.9577597342072,2905.546023742759,5482.084523809524,0.217162154151524,Full-sample source->target 5-fold OOF residual; aggregate row only.
daily_steps,vsrev,acti,isotonic,headline,age_group,20-39,2757,477.4145357289146,584.2488983653166,1359.1111427976434,-1885.753171563144,2496.1280259286254,1160.0749955429228,1440.2908525382102,995.8666300366312,2328.2199593207556,2731.471784746414,5482.084523809524,0.2116120228545439,Full-sample source->target 5-fold OOF residual; aggregate row only.
daily_steps,vsrev,acti,isotonic,headline,age_group,40-59,2949,-126.57235056362347,-16.035521235527995,1521.0239434782386,-2715.665412774432,2136.841795583518,1190.4039678634515,1526.0242097187995,996.6323809523784,2420.1948484402787,2948.235445443685,5482.084523809524,0.2171444024063012,Full-sample source->target 5-fold OOF residual; aggregate row only.
daily_steps,vsrev,acti,isotonic,headline,age_group,60+,2940,-320.43527467578406,-218.6687414965986,1537.2690351632657,-2943.5055187955218,2017.5533129521205,1219.1313065479826,1570.0544715186368,997.2257751937988,2493.8375178571455,3054.606187558352,5482.084523809524,0.2223846241795635,Full-sample source->target 5-fold OOF residual; aggregate row only.
daily_steps,vsrev,acti,isotonic,headline,sex,male,4161,-25.248470586774893,113.1570123939964,1521.1213634061162,-2680.678091931217,2248.424502164502,1198.789169372236,1521.148124533822,997.4374358974346,2456.8052795031035,2972.7102164502166,5482.084523809524,0.218673966839751,Full-sample source->target 5-fold OOF residual; aggregate row only.
daily_steps,vsrev,acti,isotonic,headline,sex,female,4485,23.62300819559798,115.75456845238114,1508.4811735823996,-2537.595914514229,2271.5054473161067,1182.812122950803,1508.497973569789,996.5968641114996,2398.7266207946336,2843.710711173472,5482.084523809524,0.2157595560253897,Full-sample source->target 5-fold OOF residual; aggregate row only.
daily_steps,vsrev,acti,isotonic,headline,bmi_group,<25,2572,132.8305969006926,263.23633349455304,1559.208773139071,-2547.487841419589,2452.8815139084636,1244.475568245265,1564.5544846813273,1047.6281494079112,2481.916312151437,2912.181850724639,5482.084523809524,0.2270077308805289,Full-sample source->target 5-fold OOF residual; aggregate row only.
daily_steps,vsrev,acti,isotonic,headline,bmi_group,25-<30,2741,-46.09604398462286,96.92010682600085,1548.7128097866128,-2755.9299284901663,2242.3600588550016,1208.7150846962056,1549.116252163563,1015.575497835498,2442.7325328407223,3069.753542392569,5482.084523809524,0.2204845765231405,Full-sample source->target 5-fold OOF residual; aggregate row only.
daily_steps,vsrev,acti,isotonic,headline,bmi_group,>=30,3246,-63.014074345903175,31.866169814537898,1437.7173498551529,-2568.624308147926,2089.528142384748,1129.2593410157683,1438.8763526798589,944.4614739685268,2320.1336530754434,2781.4802743487376,5482.084523809524,0.2059908664507495,Full-sample source->target 5-fold OOF residual; aggregate row only.
daily_steps,vsrev,acti,isotonic,headline,bmi_group,missing,87,-113.2993987843879,216.96399885255417,1666.8067168846453,-3432.6409499431156,2321.3233114404975,1305.966385930119,1661.0681921216085,1063.6739087301594,2639.387842897843,3432.640949943116,5482.084523809524,0.2382244163252334,Full-sample source->target 5-fold OOF residual; aggregate row only.
daily_steps,vsrev,acti,quantile,fullsample_robustness,overall,all,8646,0.0076884170449342,94.72101760028544,1534.5101687952567,-2608.0448628328963,2311.3280701754375,1203.424035853386,1534.4214252023348,1003.0298123201842,2472.8210905051674,2965.8964285714233,5482.084523809524,0.2195194237934006,Full-sample source->target 5-fold OOF residual; aggregate row only.
daily_steps,vsrev,acti,quantile,fullsample_robustness,age_group,20-39,2757,582.6558941087897,670.714285714279,1343.3547322327704,-1682.852295918368,2641.294693877551,1180.8596842684387,1464.0475657573863,1021.1212355212338,2354.6533936651585,2784.669966362123,5482.084523809524,0.2154034070689326,Full-sample source->target 5-fold OOF residual; aggregate row only.
daily_steps,vsrev,acti,quantile,fullsample_robustness,age_group,40-59,2949,-64.37343650169632,15.510928961748505,1519.9643558938765,-2633.9576320939327,2203.0362020905914,1186.7217324001465,1521.0694156549428,975.9842826019304,2451.59642857143,2967.3118326118324,5482.084523809524,0.2164727171290471,Full-sample source->target 5-fold OOF residual; aggregate row only.
daily_steps,vsrev,acti,quantile,fullsample_robustness,age_group,60+,2940,-481.7954291702926,-380.3777268419845,1536.8561361297143,-3025.965122265121,1888.486479591836,1241.337304630019,1610.357178476901,1017.3024801587304,2563.6729657477026,3116.4995166487647,5482.084523809524,0.2264352727942633,Full-sample source->target 5-fold OOF residual; aggregate row only.
daily_steps,vsrev,acti,quantile,fullsample_robustness,sex,male,4161,-2.1581407472974536,99.57142857142937,1514.228881175679,-2587.120879120878,2272.6942355889732,1188.6479754727427,1514.0484534369168,987.3174603174592,2439.0257142857117,2963.209235209235,5482.084523809524,0.2168240876823887,Full-sample source->target 5-fold OOF residual; aggregate row only.
daily_steps,vsrev,acti,quantile,fullsample_robustness,sex,female,4485,2.017056344097036,86.99428571428598,1553.255530774619,-2618.67787755102,2345.193166695536,1217.1326617717482,1553.0836697889276,1014.190476190477,2498.946666666667,2965.9123809523753,5482.084523809524,0.2220200466602724,Full-sample source->target 5-fold OOF residual; aggregate row only.
daily_steps,vsrev,acti,quantile,fullsample_robustness,bmi_group,<25,2572,176.33743547763686,290.38444316048026,1595.3218911584063,-2558.7511022927706,2581.584201680668,1275.0303647138512,1604.7296672755335,1079.2025719941448,2567.5438818565403,3004.199323089699,5482.084523809524,0.232581303549079,Full-sample source->target 5-fold OOF residual; aggregate row only.
daily_steps,vsrev,acti,quantile,fullsample_robustness,bmi_group,25-<30,2741,-17.489067778654917,107.8809523809523,1560.0257433882568,-2728.903571428571,2289.626447876447,1222.8779375130512,1559.839192696942,1029.6428571428569,2506.166666666666,3005.228051948052,5482.084523809524,0.223068055992553,Full-sample source->target 5-fold OOF residual; aggregate row only.
daily_steps,vsrev,acti,quantile,fullsample_robustness,bmi_group,>=30,3246,-113.60666583906132,-25.933043055136295,1444.1355290543283,-2569.897869674185,2080.693270466714,1127.99117840367,1448.375437963089,922.8558124862848,2310.62385444744,2823.5248822605963,5482.084523809524,0.2057595379101933,Full-sample source->target 5-fold OOF residual; aggregate row only.
daily_steps,vsrev,acti,quantile,fullsample_robustness,bmi_group,missing,87,-422.6280218370737,-76.14285714285597,1667.6455572213888,-3736.024189307624,2097.345137207426,1288.026714054729,1711.04943024989,961.2589285714282,2479.8415602415607,3736.024189307625,5482.084523809524,0.2349519983613228,Full-sample source->target 5-fold OOF residual; aggregate row only.
daily_steps,vsrev,acti,monotone_spline,fullsample_robustness,overall,all,8646,6.518407799798161,101.89058712850785,1535.6485706350536,-2596.3326321980435,2314.926264168484,1204.8010461284196,1535.5735963530894,1006.0044417293802,2469.554293055723,2975.0978718654505,5482.084523809524,0.2197706074935156,Full-sample source->target 5-fold OOF residual; aggregate row only.
daily_steps,vsrev,acti,monotone_spline,fullsample_robustness,age_group,20-39,2757,592.0961905943582,683.1612978360936,1342.5092421520062,-1676.4737383532304,2655.370533667456,1183.3205946243552,1467.056657086874,1021.7873076631076,2366.0485866394592,2818.969481117469,5482.084523809524,0.2158523075456087,Full-sample source->target 5-fold OOF residual; aggregate row only.
daily_steps,vsrev,acti,monotone_spline,fullsample_robustness,age_group,40-59,2949,-55.65718225599571,27.0823716129089,1519.296406404798,-2624.574078711404,2229.043419713029,1186.4926731030766,1520.0580796702268,978.4350997973652,2447.5169257390376,2990.448138710015,5482.084523809524,0.2164309338810737,Full-sample source->target 5-fold OOF residual; aggregate row only.
daily_steps,vsrev,acti,monotone_spline,fullsample_robustness,age_group,60+,2940,-480.2442221628093,-376.3399041005859,1539.0378745766352,-3043.3595887591855,1895.8977993549229,1243.3088681857128,1611.975940658397,1017.0283141651372,2555.999467869536,3114.085037417706,5482.084523809524,0.2267949103640839,Full-sample source->target 5-fold OOF residual; aggregate row only.
daily_steps,vsrev,acti,monotone_spline,fullsample_robustness,sex,male,4161,5.496020055795649,110.20274168495234,1514.4141458366632,-2577.9554658801326,2272.5123737607664,1188.918061885187,1514.2421317926048,990.4665605281116,2445.31291296366,2964.3057833066123,5482.084523809524,0.2168733547834834,Full-sample source->target 5-fold OOF residual; aggregate row only.
daily_steps,vsrev,acti,monotone_spline,fullsample_robustness,sex,female,4485,7.466937432528251,89.66521216074761,1555.2578863718973,-2616.569087162445,2355.965585434405,1219.5366308410378,1555.1024189514458,1013.9407355916228,2489.6025562240698,2976.1523604272734,5482.084523809524,0.2224585603422211,Full-sample source->target 5-fold OOF residual; aggregate row only.
daily_steps,vsrev,acti,monotone_spline,fullsample_robustness,bmi_group,<25,2572,182.3671360139193,299.26338197550467,1595.6515248477567,-2543.9044462080083,2581.801492637371,1275.4252912768247,1605.7308708367862,1082.9468472880908,2561.370956513677,3023.2064882322175,5482.084523809524,0.2326533430372077,Full-sample source->target 5-fold OOF residual; aggregate row only.
daily_steps,vsrev,acti,monotone_spline,fullsample_robustness,bmi_group,25-<30,2741,-9.902030834330152,117.77245654048784,1561.449377427956,-2727.712411771412,2312.2640283651863,1224.8290973972553,1561.1959219730616,1023.0416576133756,2498.399065584872,3024.8845679468286,5482.084523809524,0.223423971680414,Full-sample source->target 5-fold OOF residual; aggregate row only.
daily_steps,vsrev,acti,monotone_spline,fullsample_robustness,bmi_group,>=30,3246,-106.86644937548702,-15.44301144635483,1445.7326680575088,-2565.057536368725,2075.876643485271,1129.4288883421823,1449.454887906163,927.006055537452,2316.594754194271,2824.324544156432,5482.084523809524,0.2060217939794437,Full-sample source->target 5-fold OOF residual; aggregate row only.
daily_steps,vsrev,acti,monotone_spline,fullsample_robustness,bmi_group,missing,87,-444.36964139098507,-151.41341639873622,1663.8582965124738,-3747.1077717819785,2099.506044360935,1298.0835418128945,1712.9120930723604,982.6246910600958,2514.527957398992,3747.1077717819785,5482.084523809524,0.2367864880913676,Full-sample source->target 5-fold OOF residual; aggregate row only.
daily_steps,vsrev,adept,isotonic,headline,overall,all,8646,0.5331562410332388,97.36429422227047,1049.6884898422231,-1829.90875189557,1426.2003699412594,721.9521783958032,1049.627919788329,505.90857379443867,1593.420398337057,2067.080210601424,1919.4027944454592,0.3761337539390134,Full-sample source->target 5-fold OOF residual; aggregate row only.
daily_steps,vsrev,adept,isotonic,headline,age_group,20-39,2757,140.7362655391027,243.41608411304924,1076.550730346058,-1735.0165663029882,1606.8597302689643,792.700128459579,1085.5172964739727,597.7384077295924,1645.3150035012395,2158.0901534108893,1919.4027944454592,0.4129931094992494,Full-sample source->target 5-fold OOF residual; aggregate row only.
daily_steps,vsrev,adept,isotonic,headline,age_group,40-59,2949,-92.40267312073402,50.49848590562851,1150.2220674047353,-1951.4573124580568,1405.6494833499949,785.8268466828298,1153.7332568786626,562.0169193363772,1691.3727573259848,2127.558169033739,1919.4027944454592,0.4094121614061031,Full-sample source->target 5-fold OOF residual; aggregate row only.
daily_steps,vsrev,adept,isotonic,headline,age_group,60+,2940,-37.72269802662863,61.105434563795086,893.6578189997714,-1632.8184581586577,1177.0632252683831,591.537724278704,894.3017714889829,383.0532233347825,1353.8669761468805,1854.8415051243687,1919.4027944454592,0.3081884250614561,Full-sample source->target 5-fold OOF residual; aggregate row only.
daily_steps,vsrev,adept,isotonic,headline,sex,male,4161,-213.4535760628224,-45.34109343588853,1097.0503931636172,-2069.7362897015905,1238.931474280197,736.5880397652999,1117.4939624960214,484.46766581446127,1651.938568367535,2169.528357601944,1919.4027944454592,0.3837589701843222,Full-sample source->target 5-fold OOF residual; aggregate row only.
daily_steps,vsrev,adept,isotonic,headline,sex,female,4485,199.06131524133275,245.90817535904796,962.2112824378328,-1468.3170330672776,1560.5609294573435,708.3736233994875,982.4813110691854,526.7108766800013,1527.7312052516756,1969.2605891784171,1919.4027944454592,0.3690593894358406,Full-sample source->target 5-fold OOF residual; aggregate row only.
daily_steps,vsrev,adept,isotonic,headline,bmi_group,<25,2572,-44.33461138754719,68.27971607153381,1112.3143590430243,-1935.4322510462605,1442.5316464266732,764.6206026469815,1112.981467883622,537.8490772338272,1655.7184829464118,2218.6696755668677,1919.4027944454592,0.3983638061066231,Full-sample source->target 5-fold OOF residual; aggregate row only.
daily_steps,vsrev,adept,isotonic,headline,bmi_group,25-<30,2741,-102.33911989011028,41.24260206322833,1124.3137233992152,-2063.7853022699596,1386.534471913914,761.1967618503986,1128.75748893991,519.6616421154908,1665.0914611710914,2197.897930795757,1919.4027944454592,0.3965800008488152,Full-sample source->target 5-fold OOF residual; aggregate row only.
daily_steps,vsrev,adept,isotonic,headline,bmi_group,>=30,3246,119.9664228430436,159.66125181381432,920.3605104610492,-1508.906684592189,1441.6107569815358,661.4142024299767,928.0056334611052,477.621438760146,1463.0059383339403,1854.9257678705476,1919.4027944454592,0.3445937477761503,Full-sample source->target 5-fold OOF residual; aggregate row only.
daily_steps,vsrev,adept,isotonic,headline,bmi_group,missing,87,111.94032665537344,70.41274048617561,767.3205504821464,-1156.8616960433585,1230.0210059165051,482.79906991299066,771.0667080149958,341.42952831224045,1296.872825108636,1663.6278298188247,1919.4027944454592,0.2515360878446973,Full-sample source->target 5-fold OOF residual; aggregate row only.
daily_steps,vsrev,adept,quantile,fullsample_robustness,overall,all,8646,0.5862324114998594,-3.9971863430270105,1168.2805008732223,-1801.8112678269456,1792.4616234995578,773.5866804882893,1168.2130841037729,512.9540716607924,1796.6938853855213,2395.78840356834,1919.4027944454592,0.4030350912934815,Full-sample source->target 5-fold OOF residual; aggregate row only.
daily_steps,vsrev,adept,quantile,fullsample_robustness,age_group,20-39,2757,210.13683129643704,145.7399684234628,1211.6071280916697,-1656.9788554176705,2191.0462167232345,860.786202199195,1229.4782880759944,605.8386092432036,1941.4957417542648,2545.9279435061703,1919.4027944454592,0.4484656397761927,Full-sample source->target 5-fold OOF residual; aggregate row only.
daily_steps,vsrev,adept,quantile,fullsample_robustness,age_group,40-59,2949,-46.12203528612043,-46.17990676177624,1309.1021513426474,-2031.356491590036,1895.4361565101108,864.684653246716,1309.6925425918248,584.3972837820434,1952.8172410652528,2566.5438428266484,1919.4027944454592,0.4504967147849416,Full-sample source->target 5-fold OOF residual; aggregate row only.
daily_steps,vsrev,adept,quantile,fullsample_robustness,age_group,60+,2940,-149.06965863798638,-36.86901285716034,923.7926199967676,-1697.157921059867,1143.597740382239,600.438040004763,935.587675327895,357.69900517185226,1458.2685652989412,1956.5010384999464,1919.4027944454592,0.3128254484896889,Full-sample source->target 5-fold OOF residual; aggregate row only.
daily_steps,vsrev,adept,quantile,fullsample_robustness,sex,male,4161,-167.0455162632121,-125.83095724278576,1226.433019354372,-2029.485153722835,1669.717842266658,813.4683387294539,1237.6108720994916,544.311073657218,1882.5198892119645,2478.3739221610144,1919.4027944454592,0.4238132512276953,Full-sample source->target 5-fold OOF residual; aggregate row only.
daily_steps,vsrev,adept,quantile,fullsample_robustness,sex,female,4485,156.10812900803865,97.46235083119292,1088.907166613575,-1502.3620816872367,1893.1886073949256,736.5861052504999,1099.9200839727,479.6785973580859,1698.2842127338856,2342.801305835716,1919.4027944454592,0.3837579623110371,Full-sample source->target 5-fold OOF residual; aggregate row only.
daily_steps,vsrev,adept,quantile,fullsample_robustness,bmi_group,<25,2572,6.419632324378995,-15.878050442593732,1306.3967047235594,-1909.970935105634,1957.8168550439336,857.4047574492672,1306.158490894293,570.9545935598644,1942.752180556603,2698.3185311351444,1919.4027944454592,0.4467039226630815,Full-sample source->target 5-fold OOF residual; aggregate row only.
daily_steps,vsrev,adept,quantile,fullsample_robustness,bmi_group,25-<30,2741,-68.58702055883906,-46.17990676177624,1223.650597753074,-1924.0623743815668,1885.2762092184155,824.4918989808749,1225.3483980887163,554.9455546704048,1913.9111760323503,2524.49659971914,1919.4027944454592,0.429556475257233,Full-sample source->target 5-fold OOF residual; aggregate row only.
daily_steps,vsrev,adept,quantile,fullsample_robustness,bmi_group,>=30,3246,53.61282908723104,39.56375877828124,999.614137957439,-1491.6750954874906,1615.198702082184,673.6443689910598,1000.897060878318,448.9954724592732,1562.5371129410214,2096.4825787847585,1919.4027944454592,0.3509656081258777,Full-sample source->target 5-fold OOF residual; aggregate row only.
daily_steps,vsrev,adept,quantile,fullsample_robustness,bmi_group,missing,87,29.046565817826355,21.0557954002511,715.048529988838,-1062.8591674509278,1026.5918683537736,420.729729777876,711.5203131997156,179.1135044175361,1054.219113840339,1545.4832237998496,1919.4027944454592,0.2191982480151751,Full-sample source->target 5-fold OOF residual; aggregate row only.
daily_steps,vsrev,adept,monotone_spline,fullsample_robustness,overall,all,8646,5.667751023081681,-4.616493383359966,1191.7056204277587,-1804.1616418558344,1793.1211277711395,777.8182626292928,1191.6501804610714,513.4168529010233,1799.4036548308384,2403.9910097018587,1919.4027944454592,0.4052397260649059,Full-sample source->target 5-fold OOF residual; aggregate row only.
daily_steps,vsrev,adept,monotone_spline,fullsample_robustness,age_group,20-39,2757,214.3837442982388,146.68165212313215,1226.330589934743,-1656.075869051346,2204.5000909421747,864.0525573196182,1244.70945454166,606.9705412497519,1937.8809179346176,2544.164379332536,1919.4027944454592,0.4501673957233423,Full-sample source->target 5-fold OOF residual; aggregate row only.
daily_steps,vsrev,adept,monotone_spline,fullsample_robustness,age_group,40-59,2949,-36.55688131070875,-44.78993260133166,1350.589775018925,-2023.298165058732,1906.1555572661707,872.6694199185138,1350.8555066171932,583.8979871655665,1956.2740307801737,2573.625598189781,1919.4027944454592,0.4546567413801434,Full-sample source->target 5-fold OOF residual; aggregate row only.
daily_steps,vsrev,adept,monotone_spline,fullsample_robustness,age_group,60+,2940,-147.70284513585037,-38.3583140890089,933.416207336566,-1698.686230438237,1143.888576219573,601.8100948377489,944.873323606269,359.00086133936327,1460.5330834710371,1958.6314631629064,1919.4027944454592,0.3135402827271696,Full-sample source->target 5-fold OOF residual; aggregate row only.
daily_steps,vsrev,adept,monotone_spline,fullsample_robustness,sex,male,4161,-159.6787595865696,-127.36156352840452,1259.76031425175,-2026.924655262972,1675.7170649377565,819.6021970304866,1269.6897092888414,546.0987981773942,1886.1713626846172,2478.9301672701076,1919.4027944454592,0.4270089631016091,Full-sample source->target 5-fold OOF residual; aggregate row only.
daily_steps,vsrev,adept,monotone_spline,fullsample_robustness,sex,female,4485,159.06949698668458,98.66782502207776,1103.0832647406198,-1498.410248005513,1894.0031739045455,739.0528331881852,1114.3717921343425,481.5832833885224,1697.4579691484948,2340.560353091815,1919.4027944454592,0.3850431161853691,Full-sample source->target 5-fold OOF residual; aggregate row only.
daily_steps,vsrev,adept,monotone_spline,fullsample_robustness,bmi_group,<25,2572,12.102812211151187,-19.019774706666908,1336.4584320365934,-1909.7357039412816,1953.786982574228,862.1511879086469,1336.253407958688,572.3810383774644,1927.431507943158,2683.6077003746877,1919.4027944454592,0.4491767910329283,Full-sample source->target 5-fold OOF residual; aggregate row only.
daily_steps,vsrev,adept,monotone_spline,fullsample_robustness,bmi_group,25-<30,2741,-61.034359783356784,-47.849418361129096,1250.8613026175472,-1923.917252401856,1911.08664460864,830.9028820967321,1252.12154289761,552.558441818449,1916.3490534206665,2519.179106193551,1919.4027944454592,0.432896567881048,Full-sample source->target 5-fold OOF residual; aggregate row only.
daily_steps,vsrev,adept,monotone_spline,fullsample_robustness,bmi_group,>=30,3246,56.28764449721087,38.143784327456075,1013.5421789499392,-1490.6676693232891,1623.6064943559804,675.7425059119727,1014.94806544257,450.2568527697367,1561.0442810178588,2091.812722516829,1919.4027944454592,0.3520587277811083,Full-sample source->target 5-fold OOF residual; aggregate row only.
daily_steps,vsrev,adept,monotone_spline,fullsample_robustness,bmi_group,missing,87,28.28078697376789,6.5655416827370985,714.3550554112097,-1050.1460733476,1027.087755071976,420.67665947608776,710.8005308878165,175.23724992979032,1047.9849459557356,1544.859410690579,1919.4027944454592,0.2191705986328037,Full-sample source->target 5-fold OOF residual; aggregate row only.
daily_steps,vsrev,oak,isotonic,headline,overall,all,8646,0.5189528733892635,29.26911643160838,1284.9160168191197,-2088.842905810222,1957.4788837972544,947.2664773566944,1284.841812510272,723.1617074204833,2027.2770906339483,2623.440664974324,6887.578571428576,0.1375325838439355,Full-sample source->target 5-fold OOF residual; aggregate row only.
daily_steps,vsrev,oak,isotonic,headline,age_group,20-39,2757,218.35811920242136,263.81766534391727,1295.246470963937,-1864.3915391496,2184.694045189505,998.3658963643364,1313.2917338795262,803.8483275543222,2059.1987043320582,2645.211098237479,6887.578571428576,0.1449516526033999,Full-sample source->target 5-fold OOF residual; aggregate row only.
daily_steps,vsrev,oak,isotonic,headline,age_group,40-59,2949,-169.952971494667,-103.94249076354754,1357.5538403641758,-2418.35277233097,1904.015687914932,1020.8399209898746,1367.9223298585723,781.131195887443,2211.3557617800193,2782.6200948542005,6887.578571428576,0.1482146316594597,Full-sample source->target 5-fold OOF residual; aggregate row only.
daily_steps,vsrev,oak,isotonic,headline,age_group,60+,2940,-32.76705957822422,-21.589887485482222,1166.114865825825,-1858.6612563074293,1734.6794307530713,825.5490680103279,1166.376883929046,594.398259220116,1805.4396605033144,2343.7575122277235,6887.578571428576,0.1198605663004579,Full-sample source->target 5-fold OOF residual; aggregate row only.
daily_steps,vsrev,oak,isotonic,headline,sex,male,4161,57.93035894966056,96.50266366546566,1361.1453314324033,-2212.164310344824,2138.784575757576,1013.5168327519756,1362.214110274455,787.5619871794879,2174.2622492401224,2748.097748175889,6887.578571428576,0.1471514004872918,Full-sample source->target 5-fold OOF residual; aggregate row only.
daily_steps,vsrev,oak,isotonic,headline,sex,female,4485,-52.745007145198215,-22.583427755960656,1207.620951152836,-1969.865842305315,1761.866530256333,885.802100812711,1208.637760521065,677.3011224489801,1892.9960386928765,2414.269577285056,6887.578571428576,0.1286086382356846,Full-sample source->target 5-fold OOF residual; aggregate row only.
daily_steps,vsrev,oak,isotonic,headline,bmi_group,<25,2572,123.44178812735052,134.00970911119384,1374.182573083953,-1986.8327980287256,2246.168254243098,1010.8214622144178,1379.4496776823216,776.9439502801142,2122.377255332342,2753.1676451430794,6887.578571428576,0.1467600625868083,Full-sample source->target 5-fold OOF residual; aggregate row only.
daily_steps,vsrev,oak,isotonic,headline,bmi_group,25-<30,2741,-46.38165208430332,5.204081632653015,1332.7653508538149,-2300.784667658725,1992.6187074829932,996.5944440692148,1333.329180379849,770.8398333333334,2169.534194265949,2727.856986914609,6887.578571428576,0.1446944573820677,Full-sample source->target 5-fold OOF residual; aggregate row only.
daily_steps,vsrev,oak,isotonic,headline,bmi_group,>=30,3246,-60.396735061409935,-29.44329238322848,1167.3501431158852,-1979.712158821821,1688.575599898487,863.4026461935603,1168.7319244740308,668.0704809173694,1860.84635060016,2355.944499533146,6887.578571428576,0.1253564859172966,Full-sample source->target 5-fold OOF residual; aggregate row only.
daily_steps,vsrev,oak,isotonic,headline,bmi_group,missing,87,116.94825117459833,75.58188775510209,907.9392258467548,-1483.876191815472,1421.9677338800936,643.2505939365916,910.2500766896576,490.1690476190481,1464.8378033097886,1775.9683678436115,6887.578571428576,0.0933928502253256,Full-sample source->target 5-fold OOF residual; aggregate row only.
daily_steps,vsrev,oak,quantile,fullsample_robustness,overall,all,8646,-0.1979695641167233,-6.965996412262939,1287.626952065271,-2032.000647321416,2007.659947075846,944.065594932472,1287.5525013938875,718.0163806995879,2020.631731859404,2597.1393392857176,6887.578571428576,0.1370678512254939,Full-sample source->target 5-fold OOF residual; aggregate row only.
daily_steps,vsrev,oak,quantile,fullsample_robustness,age_group,20-39,2757,259.18320177188355,251.4003720238015,1287.454953927867,-1770.8251628476314,2292.818418803412,984.9876461592966,1313.0555886628238,770.7290664780767,2038.283787562035,2599.541702172094,6887.578571428576,0.1430092790876136,Full-sample source->target 5-fold OOF residual; aggregate row only.
daily_steps,vsrev,oak,quantile,fullsample_robustness,age_group,40-59,2949,-144.30914869304516,-122.05118411002331,1359.4546954373163,-2341.7868110599065,2002.549908751179,1020.458452437848,1366.8633825450463,788.2384615384617,2206.813968762403,2729.6938373429853,6887.578571428576,0.1481592466575944,Full-sample source->target 5-fold OOF residual; aggregate row only.
daily_steps,vsrev,oak,quantile,fullsample_robustness,age_group,60+,2940,-98.8816505580428,-101.18561224489812,1172.6541828984325,-1885.0705634136211,1727.8769714573764,829.0640194169247,1176.61705169197,601.5086625180347,1839.1665711152957,2341.7512466517815,6887.578571428576,0.1203708982509604,Full-sample source->target 5-fold OOF residual; aggregate row only.
daily_steps,vsrev,oak,quantile,fullsample_robustness,sex,male,4161,74.89927035061143,69.14571428571435,1352.4250203087022,-2096.7241874527463,2220.27460317461,999.1484195682976,1354.3351747685808,760.624060150375,2173.088734567895,2723.0887755101976,6887.578571428576,0.1450652662915554,Full-sample source->target 5-fold OOF residual; aggregate row only.
daily_steps,vsrev,oak,quantile,fullsample_robustness,sex,female,4485,-69.87012458868392,-63.78115384615194,1220.4732768886342,-1969.191960011587,1845.8954588402555,892.961997761977,1222.3357699987505,674.7647321428567,1926.977792207792,2441.973821198162,6887.578571428576,0.1296481758431344,Full-sample source->target 5-fold OOF residual; aggregate row only.
daily_steps,vsrev,oak,quantile,fullsample_robustness,bmi_group,<25,2572,146.03389920426056,106.6690772328784,1387.6412847733468,-1915.9644130397712,2334.1683784383317,1015.6376687828148,1395.036048616696,775.1068474758367,2182.3373726930927,2741.9479199346,6887.578571428576,0.1474593223510999,Full-sample source->target 5-fold OOF residual; aggregate row only.
daily_steps,vsrev,oak,quantile,fullsample_robustness,bmi_group,25-<30,2741,-30.10262794260015,-29.952547065338877,1328.070441615003,-2228.76690962099,2002.4673469387708,990.3323589196968,1328.169337421513,749.398979591826,2135.6291863765455,2708.6417517006885,6887.578571428576,0.1437852720879071,Full-sample source->target 5-fold OOF residual; aggregate row only.
daily_steps,vsrev,oak,quantile,fullsample_robustness,bmi_group,>=30,3246,-91.81195000852892,-66.6065614617969,1163.8782957164008,-1961.828354030287,1734.7585289115625,856.9315327972797,1167.315211876701,659.921065414138,1864.824999999998,2364.6218550020676,6887.578571428576,0.124416952040598,Full-sample source->target 5-fold OOF residual; aggregate row only.
daily_steps,vsrev,oak,quantile,fullsample_robustness,bmi_group,missing,87,37.03516452460348,17.37920918367331,898.4080327770927,-1382.164739902473,1328.9845467032949,621.4976829643125,893.9972930968534,391.30571428571454,1374.7734493599824,1739.2880035640037,6887.578571428576,0.0902345688719171,Full-sample source->target 5-fold OOF residual; aggregate row only.
daily_steps,vsrev,oak,monotone_spline,fullsample_robustness,overall,all,8646,-5.306357577892999,-10.385052485311007,1283.780042386278,-2034.6813675185444,2014.396384603294,942.6862309785084,1283.7167661670285,718.4525518358855,2025.4731582248817,2581.6232114503982,6887.578571428576,0.1368675828815964,Full-sample source->target 5-fold OOF residual; aggregate row only.
daily_steps,vsrev,oak,monotone_spline,fullsample_robustness,age_group,20-39,2757,249.8443199907,248.77422340289013,1283.6890726178062,-1795.2707938246062,2253.677009958312,983.4240064485548,1307.548132899418,771.5651991050836,2033.079205790507,2583.5392519317556,6887.578571428576,0.1427822559481277,Full-sample source->target 5-fold OOF residual; aggregate row only.
daily_steps,vsrev,oak,monotone_spline,fullsample_robustness,age_group,40-59,2949,-150.77253440750448,-122.8690451013108,1353.2994278244903,-2331.095000774218,2019.014201646748,1018.2962156265244,1361.4443315270678,782.7760639917378,2212.3817829250584,2743.076496009461,6887.578571428576,0.1478453138597468,Full-sample source->target 5-fold OOF residual; aggregate row only.
daily_steps,vsrev,oak,monotone_spline,fullsample_robustness,age_group,60+,2940,-98.66372580445308,-101.99452400332768,1172.3996128674378,-1899.0823360127904,1708.7192082234153,828.6427304009857,1176.3451274782965,599.1240207044341,1836.057910676831,2354.117058612579,6887.578571428576,0.1203097317594903,Full-sample source->target 5-fold OOF residual; aggregate row only.
daily_steps,vsrev,oak,monotone_spline,fullsample_robustness,sex,male,4161,67.9008944678687,59.580965298571755,1348.5320237994974,-2119.065819241496,2222.141105506709,998.1929827572752,1350.0785558752991,759.6738725147261,2158.4375261120695,2708.239784681058,6887.578571428576,0.1449265474659023,Full-sample source->target 5-fold OOF residual; aggregate row only.
daily_steps,vsrev,oak,monotone_spline,fullsample_robustness,sex,female,4485,-73.22505897419498,-65.65565432017047,1216.856647303123,-1976.0485819982407,1836.1267418072136,891.1893315021542,1218.9224156930998,675.9706544640558,1927.0281571241935,2432.7428319829264,6887.578571428576,0.1293908043675949,Full-sample source->target 5-fold OOF residual; aggregate row only.
daily_steps,vsrev,oak,monotone_spline,fullsample_robustness,bmi_group,<25,2572,136.79972347122688,108.35650361840408,1381.92708010094,-1927.5287462385663,2336.559161113803,1011.6244594833704,1388.414244458652,765.2643960880628,2155.315082314825,2746.7292722776683,6887.578571428576,0.146876648882068,Full-sample source->target 5-fold OOF residual; aggregate row only.
daily_steps,vsrev,oak,monotone_spline,fullsample_robustness,bmi_group,25-<30,2741,-36.76430921496257,-40.366550678905696,1324.407713846476,-2228.969914379075,2016.6119229081417,990.0544235277924,1324.6763658088682,751.9977413575361,2140.8143594467456,2697.7694011206986,6887.578571428576,0.1437449189523281,Full-sample source->target 5-fold OOF residual; aggregate row only.
daily_steps,vsrev,oak,monotone_spline,fullsample_robustness,bmi_group,>=30,3246,-92.33918173107855,-66.98903786722792,1162.2612927468324,-1962.143233784937,1716.9692396486555,856.7440576676895,1165.7451172306864,658.896354524722,1855.3184001593168,2370.157501714299,6887.578571428576,0.12438973273157,Full-sample source->target 5-fold OOF residual; aggregate row only.
daily_steps,vsrev,oak,monotone_spline,fullsample_robustness,bmi_group,missing,87,31.91148357281592,-6.903915884440323,894.8608901653515,-1420.9192123533612,1322.567629855473,618.8121513788113,890.2752571793399,422.0940675448496,1395.671776645904,1725.6946665530295,6887.578571428576,0.0898446594781221,Full-sample source->target 5-fold OOF residual; aggregate row only.
daily_steps,vsrev,scrf,isotonic,headline,overall,all,8646,0.2827858486981681,34.65347685200686,2239.5589293323465,-3653.178305293481,3434.981120058668,1627.9782614801811,2239.4294292774107,1211.5667618167954,3572.619206349209,4600.7394429103715,7482.482142857143,0.2175719541187634,Full-sample source->target 5-fold OOF residual; aggregate row only.
daily_steps,vsrev,scrf,isotonic,headline,age_group,20-39,2757,233.0571095920054,326.73527432712217,2233.745461579272,-3444.739886621312,3531.3205322324507,1669.369253689733,2245.4675689908113,1288.007712215318,3500.1197965133683,4552.535253350768,7482.482142857143,0.2231036735962451,Full-sample source->target 5-fold OOF residual; aggregate row only.
daily_steps,vsrev,scrf,isotonic,headline,age_group,40-59,2949,-197.4137283335849,-180.27086167800553,2326.790908520652,-4056.3337030761218,3440.1838651315793,1719.139830749987,2334.7574286173667,1273.0253694581288,3772.051873616083,4821.227517322716,7482.482142857143,0.2297552868056084,Full-sample source->target 5-fold OOF residual; aggregate row only.
daily_steps,vsrev,scrf,isotonic,headline,age_group,60+,2940,-19.700816272643724,-9.789666666666676,2133.876072469484,-3421.82446159586,3316.011548850569,1497.7230120589602,2133.604094037646,1066.8720166237158,3371.846369047618,4359.748779573934,7482.482142857143,0.2001639273524632,Full-sample source->target 5-fold OOF residual; aggregate row only.
daily_steps,vsrev,scrf,isotonic,headline,sex,male,4161,-290.38936808233444,-190.8500250626585,2252.167027409203,-4109.559549411164,3144.3814954051795,1650.086941675866,2270.542513385005,1210.9497084548093,3688.8349816849823,4657.098299319725,7482.482142857143,0.2205266795392297,Full-sample source->target 5-fold OOF residual; aggregate row only.
daily_steps,vsrev,scrf,isotonic,headline,sex,female,4485,269.9565500643117,251.8690476190476,2193.868365728819,-3142.2839455782314,3660.6502485993497,1607.46673008793,2210.1723460810185,1211.798496240599,3406.0625387757295,4486.463852735289,7482.482142857143,0.2148306804343575,Full-sample source->target 5-fold OOF residual; aggregate row only.
daily_steps,vsrev,scrf,isotonic,headline,bmi_group,<25,2572,259.5262915300189,226.30523682877583,2343.8505241957205,-3540.3765303583004,3911.931106796271,1739.0258141179609,2357.7220439867574,1336.8175726473146,3706.819553240741,4819.46463796579,7482.482142857143,0.2324129588171558,Full-sample source->target 5-fold OOF residual; aggregate row only.
daily_steps,vsrev,scrf,isotonic,headline,bmi_group,25-<30,2741,-176.97450653525382,-134.9022893772908,2297.775510156705,-4074.5353890189945,3307.136064425764,1677.6775961273554,2304.1627654843433,1235.4552248677246,3678.8576354679826,4749.091265664161,7482.482142857143,0.2242140461008496,Full-sample source->target 5-fold OOF residual; aggregate row only.
daily_steps,vsrev,scrf,isotonic,headline,bmi_group,>=30,3246,-81.66585291143102,5.429463494526317,2085.789281641887,-3487.706259018759,3057.65399659864,1500.915746643548,2087.066354668105,1103.8599757534255,3281.658955067536,4227.688874686717,7482.482142857143,0.2005906219337039,Full-sample source->target 5-fold OOF residual; aggregate row only.
daily_steps,vsrev,scrf,isotonic,headline,bmi_group,missing,87,978.3658114513964,779.2087301587305,1829.7440095675145,-1446.3857731983658,3933.7311021233577,1519.986784554159,2065.5944584105378,1111.0596461509504,3584.7789339901483,4414.558447023357,7482.482142857143,0.2031393801594507,Full-sample source->target 5-fold OOF residual; aggregate row only.
daily_steps,vsrev,scrf,quantile,fullsample_robustness,overall,all,8646,-0.484252908690898,-61.38576007325901,2274.1572364446506,-3561.6388785602744,3592.161984783078,1641.329308510055,2274.0257692106984,1215.625850340136,3586.1380952381032,4598.773392375819,7482.482142857143,0.2193562613546475,Full-sample source->target 5-fold OOF residual; aggregate row only.
daily_steps,vsrev,scrf,quantile,fullsample_robustness,age_group,20-39,2757,352.6838063241522,355.91244239631396,2274.975913009641,-3248.017584373966,3787.4365306122354,1678.021414256176,2301.743696594416,1278.8893360160964,3529.602941935355,4628.260221507958,7482.482142857143,0.224259995843496,Full-sample source->target 5-fold OOF residual; aggregate row only.
daily_steps,vsrev,scrf,quantile,fullsample_robustness,age_group,40-59,2949,-126.8812664335826,-209.65306122449056,2343.8116914173693,-3834.193815126051,3655.383968391543,1715.2268134756146,2346.8466676781104,1268.1364304076378,3780.694055591153,4738.282352319281,7482.482142857143,0.2292323296906212,Full-sample source->target 5-fold OOF residual; aggregate row only.
daily_steps,vsrev,scrf,quantile,fullsample_robustness,age_group,60+,2940,-204.8854591740116,-249.9858459046268,2162.0228062573424,-3484.1650183150177,3385.11964070767,1532.7973773245135,2171.3430760024576,1101.2292857142857,3427.571953352767,4361.752912087903,7482.482142857143,0.2048514581204498,Full-sample source->target 5-fold OOF residual; aggregate row only.
daily_steps,vsrev,scrf,quantile,fullsample_robustness,sex,male,4161,-246.90047977098857,-263.1755860238827,2264.6757561835157,-3949.5789473684217,3376.606666666667,1657.0697879913373,2277.8243017720533,1218.8558608058593,3695.51134846462,4634.303571428569,7482.482142857143,0.2214599054637495,Full-sample source->target 5-fold OOF residual; aggregate row only.
daily_steps,vsrev,scrf,quantile,fullsample_robustness,sex,female,4485,228.1306679327853,118.61129568106116,2259.2579281770213,-3135.2845426312824,3828.455772854598,1626.7259339009993,2270.495962810556,1210.142857142857,3483.421428571425,4475.319523809526,7482.482142857143,0.2174045861845309,Full-sample source->target 5-fold OOF residual; aggregate row only.
daily_steps,vsrev,scrf,quantile,fullsample_robustness,bmi_group,<25,2572,310.0533574725467,206.2800010397159,2396.84310771689,-3379.726555934874,4207.758629479398,1764.9634753087453,2416.351868590067,1327.2188852813838,3776.240714285715,4849.5053571428625,7482.482142857143,0.2358794102828027,Full-sample source->target 5-fold OOF residual; aggregate row only.
daily_steps,vsrev,scrf,quantile,fullsample_robustness,bmi_group,25-<30,2741,-126.17105694074422,-205.39285714285688,2327.8588436252508,-3860.865245202559,3487.4979423868317,1693.535313238073,2330.851548784956,1246.8669789227165,3679.148187633262,4665.06106870229,7482.482142857143,0.226333358490503,Full-sample source->target 5-fold OOF residual; aggregate row only.
daily_steps,vsrev,scrf,quantile,fullsample_robustness,bmi_group,>=30,3246,-159.840831049179,-150.2642857142855,2106.554971433172,-3374.07619047619,3137.943197278911,1507.1528015480355,2112.2868765937933,1111.2792099176083,3282.065543941154,4278.230073439631,7482.482142857143,0.2014241761989074,Full-sample source->target 5-fold OOF residual; aggregate row only.
daily_steps,vsrev,scrf,quantile,fullsample_robustness,bmi_group,missing,87,724.5300987618787,460.8863761720904,1781.140495316194,-1519.1613533834573,3450.3993842364534,1347.6879939466835,1913.3583704490984,946.6685714285712,3190.5209823832606,4197.917370495497,7482.482142857143,0.1801124236872654,Full-sample source->target 5-fold OOF residual; aggregate row only.
daily_steps,vsrev,scrf,monotone_spline,fullsample_robustness,overall,all,8646,-4.362467762973159,-58.55781554263899,2265.9776213127475,-3554.35749646582,3575.1350711274126,1638.2125585979006,2265.850775118409,1214.0698280803915,3567.7979123500145,4611.393509811993,7482.482142857143,0.2189397217822639,Full-sample source->target 5-fold OOF residual; aggregate row only.
daily_steps,vsrev,scrf,monotone_spline,fullsample_robustness,age_group,20-39,2757,347.0317991748338,351.5121792662503,2261.5368683314723,-3270.5717405305936,3789.3930795046554,1671.7201405854778,2287.602448540099,1275.8357903915348,3536.0686823466895,4634.101868533532,7482.482142857143,0.2234178590297498,Full-sample source->target 5-fold OOF residual; aggregate row only.
daily_steps,vsrev,scrf,monotone_spline,fullsample_robustness,age_group,40-59,2949,-131.58816061778438,-213.0640842444718,2336.422218406556,-3831.234020286068,3610.8008194099816,1712.6432888348977,2339.7292867329384,1274.5220468438984,3780.0017770205736,4733.417039362519,7482.482142857143,0.2288870532714609,Full-sample source->target 5-fold OOF residual; aggregate row only.
daily_steps,vsrev,scrf,monotone_spline,fullsample_robustness,age_group,60+,2940,-206.26907515028455,-260.54354718447667,2158.458319838919,-3487.481982709768,3355.6049947000106,1532.1320732208071,2167.926330756471,1105.6502008675616,3438.392184980487,4328.990177075654,7482.482142857143,0.204762543226835,Full-sample source->target 5-fold OOF residual; aggregate row only.
daily_steps,vsrev,scrf,monotone_spline,fullsample_robustness,sex,male,4161,-252.6566109289895,-262.97780229575255,2256.6243207555576,-3949.090895518712,3325.2762865200075,1652.4772405673773,2270.4547691742023,1218.2411820331008,3677.2259257300266,4634.996727521922,7482.482142857143,0.2208461322082605,Full-sample source->target 5-fold OOF residual; aggregate row only.
daily_steps,vsrev,scrf,monotone_spline,fullsample_robustness,sex,female,4485,225.99470720108343,121.95748287641344,2250.501950230674,-3140.435467262272,3810.370222089565,1624.978368703811,2261.5709958893603,1207.9623541799974,3479.664796470194,4479.959031129595,7482.482142857143,0.2171710319756703,Full-sample source->target 5-fold OOF residual; aggregate row only.
daily_steps,vsrev,scrf,monotone_spline,fullsample_robustness,bmi_group,<25,2572,305.3306361644275,209.18328739220988,2387.102984657652,-3398.61256511804,4212.47322810471,1759.8941580044586,2406.0905965525276,1326.1890017925189,3763.8923679371073,4808.9082148029365,7482.482142857143,0.2352019188825558,Full-sample source->target 5-fold OOF residual; aggregate row only.
daily_steps,vsrev,scrf,monotone_spline,fullsample_robustness,bmi_group,25-<30,2741,-134.51726809449846,-211.121147147471,2318.5425259530593,-3857.5336773227546,3465.919582097971,1690.0326790737124,2322.0191953615386,1248.2798443415868,3672.742691853669,4671.972594684092,7482.482142857143,0.2258652472277579,Full-sample source->target 5-fold OOF residual; aggregate row only.
daily_steps,vsrev,scrf,monotone_spline,fullsample_robustness,bmi_group,>=30,3246,-159.35113074369707,-142.9099686792688,2100.8749206653306,-3350.4788871025594,3134.602588024958,1505.9496247363504,2106.586928579007,1107.616376530926,3256.5606884865265,4291.503376300689,7482.482142857143,0.2012633770431308,Full-sample source->target 5-fold OOF residual; aggregate row only.
daily_steps,vsrev,scrf,monotone_spline,fullsample_robustness,bmi_group,missing,87,723.4173534193966,460.2869874871267,1772.0833618580064,-1503.731484690402,3425.910480087282,1343.056919709677,1904.6041432826648,913.5192633082274,3174.001199927411,4186.821173016653,7482.482142857143,0.1794935014969295,Full-sample source->target 5-fold OOF residual; aggregate row only.
daily_steps,vsrev,scssl,isotonic,headline,overall,all,8646,0.1917213096063949,67.36695563154308,2614.7581469440406,-4345.018924917447,4046.412295477153,1965.2107989004169,2614.6069375866023,1531.6104944788926,4218.318000221829,5140.690838835534,5813.0,0.3380717011698635,Full-sample source->target 5-fold OOF residual; aggregate row only.
daily_steps,vsrev,scssl,isotonic,headline,age_group,20-39,2757,637.4981924668838,717.0972268907526,2531.194077509399,-3472.5667578080124,4520.604875014808,1986.0470685154737,2609.7937698471173,1600.6134920634977,4099.746737270667,5043.084854316948,5813.0,0.3416561273895533,Full-sample source->target 5-fold OOF residual; aggregate row only.
daily_steps,vsrev,scssl,isotonic,headline,age_group,40-59,2949,-168.5976374981699,-85.68473544973676,2701.2422472456387,-4641.103564963055,3994.103313030639,2034.4176068045913,2706.041489338455,1561.7883785242157,4411.744166700452,5497.346033237455,5813.0,0.3499772246352299,Full-sample source->target 5-fold OOF residual; aggregate row only.
daily_steps,vsrev,scssl,isotonic,headline,age_group,60+,2940,-428.1396126551832,-342.4327292768962,2488.085990542384,-4493.283647068352,3552.0915026890984,1876.252815282008,2524.236476156379,1436.7130867950004,4146.192016267061,5005.555841970117,5813.0,0.3227684182490982,Full-sample source->target 5-fold OOF residual; aggregate row only.
daily_steps,vsrev,scssl,isotonic,headline,sex,male,4161,-526.4525911357748,-395.80378306878447,2585.3361677389503,-4863.559720401921,3388.58067000385,1949.0730988136013,2638.0881515165497,1475.024216791976,4272.420808871493,5333.036216391318,5813.0,0.3352955614680202,Full-sample source->target 5-fold OOF residual; aggregate row only.
daily_steps,vsrev,scssl,isotonic,headline,sex,female,4485,488.7908258994016,516.2240775780501,2546.4228308102897,-3677.4613852813864,4503.978795856474,1980.1826985796235,2592.6318552409866,1583.8059761904788,4175.934887955179,5037.026041970037,5813.0,0.3406472903113063,Full-sample source->target 5-fold OOF residual; aggregate row only.
daily_steps,vsrev,scssl,isotonic,headline,bmi_group,<25,2572,-50.52871588812757,-47.543226032349594,2701.6627825814226,-4362.56788874375,4223.270274547431,2036.5537044264936,2701.610090229958,1594.7745019472377,4311.234630229423,5411.950893261754,5813.0,0.3503446936911222,Full-sample source->target 5-fold OOF residual; aggregate row only.
daily_steps,vsrev,scssl,isotonic,headline,bmi_group,25-<30,2741,-385.42343073876617,-359.3565196548416,2693.216719844444,-4841.4811224489795,3807.3542026206487,2028.5556470657707,2720.169342996219,1560.2997478991574,4421.972529761906,5406.511531943737,5813.0,0.3489688021788699,Full-sample source->target 5-fold OOF residual; aggregate row only.
daily_steps,vsrev,scssl,isotonic,headline,bmi_group,>=30,3246,329.84879408394124,413.2249729437226,2420.2212777645695,-3707.561490138398,4051.481754317112,1851.098852728967,2442.225775921659,1462.7218417378813,3908.149683008999,4838.84182816537,5813.0,0.3184412270306153,Full-sample source->target 5-fold OOF residual; aggregate row only.
daily_steps,vsrev,scssl,isotonic,headline,bmi_group,missing,87,1349.1254915586885,978.1426575927488,2488.8620019876575,-3067.2180239093555,4854.281397251208,2117.914194742046,2818.3990607010337,1581.1445578231296,4513.178935483872,4854.281397251208,5813.0,0.3643409934185526,Full-sample source->target 5-fold OOF residual; aggregate row only.
daily_steps,vsrev,scssl,quantile,fullsample_robustness,overall,all,8646,0.2441490295853411,-97.24837662337588,2739.030998072953,-4190.845391705069,4452.403672802352,2028.6182411299665,2738.8726056353685,1581.919859071677,4312.116453629145,5480.207967032967,5813.0,0.3489795701238545,Full-sample source->target 5-fold OOF residual; aggregate row only.
daily_steps,vsrev,scssl,quantile,fullsample_robustness,age_group,20-39,2757,877.7954117932004,760.7142857142862,2611.027100695892,-2968.571874366767,5170.411608799361,2018.8863005275916,2754.181279910586,1536.8086253369274,4327.340932393167,5571.655455782312,5813.0,0.3473054017766371,Full-sample source->target 5-fold OOF residual; aggregate row only.
daily_steps,vsrev,scssl,quantile,fullsample_robustness,age_group,40-59,2949,-26.8198603792645,-133.5668202764973,2798.4681008604907,-4250.1879539030215,4516.996546310832,2073.232035262361,2798.1221196245283,1614.172619047621,4370.297992412708,5656.643542857143,5813.0,0.3566544013869535,Full-sample source->target 5-fold OOF residual; aggregate row only.
daily_steps,vsrev,scssl,quantile,fullsample_robustness,age_group,60+,2940,-795.5371665121115,-846.0522973827883,2542.206987033612,-4723.940692640692,3352.1505888376837,1992.9940511110265,2663.362069146029,1582.515698587128,4218.672209821429,5218.816666666665,5813.0,0.3428512043886162,Full-sample source->target 5-fold OOF residual; aggregate row only.
daily_steps,vsrev,scssl,quantile,fullsample_robustness,sex,male,4161,-448.6902270649066,-493.7551020408159,2639.449831667947,-4525.436090225565,3851.836252257925,1988.8659268635877,2677.0028109492223,1526.3569892473124,4222.04449648712,5428.618495514147,5813.0,0.3421410505528277,Full-sample source->target 5-fold OOF residual; aggregate row only.
daily_steps,vsrev,scssl,quantile,fullsample_robustness,sex,female,4485,416.7471454463481,268.78940886699456,2764.1130966670817,-3773.285518590998,5016.403410430845,2065.4988163055295,2795.048455182995,1607.9802955665027,4360.19645651688,5521.1752380952385,5813.0,0.3553240695519576,Full-sample source->target 5-fold OOF residual; aggregate row only.
daily_steps,vsrev,scssl,quantile,fullsample_robustness,bmi_group,<25,2572,63.9297118655158,-76.16009852216712,2893.24005214068,-4298.833358699411,4911.903571428571,2139.779223561621,2893.3839020646087,1668.1311355311352,4581.577251082253,5778.325146588483,5813.0,0.3681023952454191,Full-sample source->target 5-fold OOF residual; aggregate row only.
daily_steps,vsrev,scssl,quantile,fullsample_robustness,bmi_group,25-<30,2741,-301.8943775656095,-430.9795918367363,2809.2722072705533,-4631.135831381734,4299.96338364586,2113.1555471207275,2824.937398390498,1671.3630952380945,4447.415902140673,5650.763619047618,5813.0,0.363522371773736,Full-sample source->target 5-fold OOF residual; aggregate row only.
daily_steps,vsrev,scssl,quantile,fullsample_robustness,bmi_group,>=30,3246,182.89852988135084,73.44550374379071,2530.90229986811,-3721.693627450981,4300.514540816326,1876.3631016131224,2537.1135138633763,1404.8742805532152,3989.115178571429,5088.055386100386,5813.0,0.322787390609517,Full-sample source->target 5-fold OOF residual; aggregate row only.
daily_steps,vsrev,scssl,quantile,fullsample_robustness,bmi_group,missing,87,821.6960287834373,228.71428571428572,2407.305196531283,-3071.822142857142,4050.0395857373646,1759.6226128171106,2530.5517417524375,1097.7367965367966,3898.751795761478,4733.61879591837,5813.0,0.3027047329807518,Full-sample source->target 5-fold OOF residual; aggregate row only.
daily_steps,vsrev,scssl,monotone_spline,fullsample_robustness,overall,all,8646,-12.88445151029732,-111.91211754651476,2725.973797632264,-4207.605126516024,4429.8049717121585,2025.6558613395289,2725.84660052842,1579.7496595445589,4312.192256099655,5477.962072232695,5813.0,0.3484699572233836,Full-sample source->target 5-fold OOF residual; aggregate row only.
daily_steps,vsrev,scssl,monotone_spline,fullsample_robustness,age_group,20-39,2757,866.3789482715799,757.2982364709569,2596.3903707351,-2993.7053693643893,5119.946662144896,2012.9339078712708,2736.678699110306,1536.963829213733,4305.603426004054,5556.291278159444,5813.0,0.3462814223071169,Full-sample source->target 5-fold OOF residual; aggregate row only.
daily_steps,vsrev,scssl,monotone_spline,fullsample_robustness,age_group,40-59,2949,-41.585572618174574,-134.96381765731348,2777.2342888074136,-4307.114491124886,4521.317035136686,2066.119604759816,2777.074752619361,1607.640290469225,4401.11801371381,5618.627262244689,5813.0,0.3554308626801679,Full-sample source->target 5-fold OOF residual; aggregate row only.
daily_steps,vsrev,scssl,monotone_spline,fullsample_robustness,age_group,60+,2940,-808.6292090108094,-863.3227970846654,2537.7734452444715,-4728.989669010812,3348.624405601902,1996.9983260897195,2663.0780463296164,1585.5482999540975,4225.541865248184,5217.920053039689,5813.0,0.3435400526560674,Full-sample source->target 5-fold OOF residual; aggregate row only.
daily_steps,vsrev,scssl,monotone_spline,fullsample_robustness,sex,male,4161,-465.1465891688999,-511.6014925725776,2623.0980445963387,-4584.175643391933,3820.38969273219,1986.4201193842089,2663.7100250732487,1524.2338844757833,4230.938321126797,5410.243109422541,5813.0,0.3417203026637208,Full-sample source->target 5-fold OOF residual; aggregate row only.
daily_steps,vsrev,scssl,monotone_spline,fullsample_robustness,sex,female,4485,406.70590630407173,258.6487652908527,2752.6742313269824,-3766.072757698676,4987.1084757505505,2062.057181802425,2782.2537017426284,1607.977855970914,4371.376381992274,5512.9883150471605,5813.0,0.3547320113198735,Full-sample source->target 5-fold OOF residual; aggregate row only.
daily_steps,vsrev,scssl,monotone_spline,fullsample_robustness,bmi_group,<25,2572,50.19096045738743,-85.78109547523127,2875.6458021228405,-4289.078984384452,4889.278981815259,2136.302947326644,2875.524782067454,1674.1795986480545,4570.9012441422,5761.173837767397,5813.0,0.3675043776581186,Full-sample source->target 5-fold OOF residual; aggregate row only.
daily_steps,vsrev,scssl,monotone_spline,fullsample_robustness,bmi_group,25-<30,2741,-317.6848124770951,-448.1800121151646,2795.747309678897,-4671.467864204413,4227.94154912542,2109.9064318112146,2813.2321396468024,1672.5099334629858,4434.930776977491,5634.796029148221,5813.0,0.3629634322744219,Full-sample source->target 5-fold OOF residual; aggregate row only.
daily_steps,vsrev,scssl,monotone_spline,fullsample_robustness,bmi_group,>=30,3246,172.67965112983623,57.24767032468253,2521.585248944132,-3729.142781512522,4290.953658731043,1874.301389171824,2527.103399223825,1400.9200445339825,3996.327328170987,5081.836509082482,5813.0,0.3224327179032898,Full-sample source->target 5-fold OOF residual; aggregate row only.
daily_steps,vsrev,scssl,monotone_spline,fullsample_robustness,bmi_group,missing,87,801.9058089406673,207.05551273905985,2401.9297184966304,-3090.6971235878723,4044.531003745225,1747.2822732317052,2519.1280023906106,1077.48737874972,3860.753615623098,4743.359072494332,5813.0,0.300581846418666,Full-sample source->target 5-fold OOF residual; aggregate row only.
daily_steps,vsrev,vs,isotonic,headline,overall,all,8646,0.4614298131909795,51.594733466253274,965.7469327833152,-1528.233539812499,1370.0785424540195,684.6475560852087,965.6911920608964,512.2928684807257,1445.495695120153,1844.4879484858477,5559.857142857143,0.1231412136127973,Full-sample source->target 5-fold OOF residual; aggregate row only.
daily_steps,vsrev,vs,isotonic,headline,age_group,20-39,2757,336.41208224845553,400.3127705627703,936.0477073604152,-1178.5461880927287,1705.8541790206646,756.7696912860081,994.5052014205904,600.8809523809523,1544.2607636864268,1970.2588118488993,5559.857142857143,0.1361131539608432,Full-sample source->target 5-fold OOF residual; aggregate row only.
daily_steps,vsrev,vs,isotonic,headline,age_group,40-59,2949,-50.58393799040302,16.516301261171975,989.2286328478642,-1598.853333333334,1340.6752670133806,707.0249082199806,990.353568471637,540.9539138943246,1445.9250420168075,1836.2378038979305,5559.857142857143,0.1271660206464673,Full-sample source->target 5-fold OOF residual; aggregate row only.
daily_steps,vsrev,vs,isotonic,headline,age_group,60+,2940,-263.37637940831434,-124.0155469289166,872.9820928576731,-1674.4825747620075,807.954461918479,594.568801597438,911.7047958434327,407.3335137085137,1293.9918862667548,1739.4202701740626,5559.857142857143,0.1069395824965201,Full-sample source->target 5-fold OOF residual; aggregate row only.
daily_steps,vsrev,vs,isotonic,headline,sex,male,4161,-10.357546433283057,60.073886953154215,1002.374632823307,-1616.8175146771036,1403.759398496244,706.2144122455729,1002.307694133926,528.921331389698,1500.876435246997,1906.4106382978737,5559.857142857143,0.1270202442436601,Full-sample source->target 5-fold OOF residual; aggregate row only.
daily_steps,vsrev,vs,isotonic,headline,sex,female,4485,10.49883453149164,40.54385964912308,930.4766625877712,-1455.223662337663,1348.7024072249594,664.6387069250583,930.432160131788,500.3536203522526,1391.4264546208742,1766.335583581748,5559.857142857143,0.1195424072683113,Full-sample source->target 5-fold OOF residual; aggregate row only.
daily_steps,vsrev,vs,isotonic,headline,bmi_group,<25,2572,33.80746301417142,85.91508963887566,1066.0463887168592,-1629.5012924176872,1565.9820116310063,762.6580911209419,1066.3751642633017,565.7088347763342,1604.0491148577455,2087.554387382692,5559.857142857143,0.1371722458913793,Full-sample source->target 5-fold OOF residual; aggregate row only.
daily_steps,vsrev,vs,isotonic,headline,bmi_group,25-<30,2741,-73.77335194341508,-30.68086883876458,986.024576223602,-1667.2206088992953,1383.4092790387167,714.2917433827279,988.6011673479364,546.8272108843539,1523.3551403342772,1899.875515280739,5559.857142857143,0.1284730389701455,Full-sample source->target 5-fold OOF residual; aggregate row only.
daily_steps,vsrev,vs,isotonic,headline,bmi_group,>=30,3246,34.642212081358736,90.6694908266336,864.0740328530137,-1277.5336267006796,1228.456748238301,604.6091093415894,864.6351852509077,462.5236006683381,1248.3910806265148,1591.957142857142,5559.857142857143,0.1087454396410782,Full-sample source->target 5-fold OOF residual; aggregate row only.
daily_steps,vsrev,vs,isotonic,headline,bmi_group,missing,87,78.17085693345508,19.102040816326735,610.5137932294159,-619.0796428571434,1168.4706518971238,430.70485074478455,612.0078064469312,318.0415282392023,904.62699679872,1451.8923230123555,5559.857142857143,0.0774668916265446,Full-sample source->target 5-fold OOF residual; aggregate row only.
daily_steps,vsrev,vs,quantile,fullsample_robustness,overall,all,8646,-0.1242895550926827,22.448745015245095,964.0840172244262,-1505.7384329618371,1416.9083333333333,680.2110170603521,964.0282704427242,503.9642857142858,1459.4781410615706,1862.938464920851,5559.857142857143,0.1223432544367138,Full-sample source->target 5-fold OOF residual; aggregate row only.
daily_steps,vsrev,vs,quantile,fullsample_robustness,age_group,20-39,2757,364.089922111953,400.1984126984116,933.9540863381184,-1096.5376573617978,1776.047001123499,752.2146251634654,1002.2551186875156,588.7993920972658,1547.6991449147258,1996.6577777777777,5559.857142857143,0.1352938764136863,Full-sample source->target 5-fold OOF residual; aggregate row only.
daily_steps,vsrev,vs,quantile,fullsample_robustness,age_group,40-59,2949,-37.7164615490299,-4.4450909090901405,977.5695538369476,-1526.3047619047609,1362.911911209639,696.7690700239577,978.1312323464628,525.4761904761881,1471.0437130407702,1881.92383498854,5559.857142857143,0.1253213980361187,Full-sample source->target 5-fold OOF residual; aggregate row only.
daily_steps,vsrev,vs,quantile,fullsample_robustness,age_group,60+,2940,-303.9607747101689,-179.21343537414987,859.796231481015,-1675.6497697859622,755.9395039682527,596.0805253154691,911.806046702314,405.92354669140377,1315.1757884972171,1763.7142857142862,5559.857142857143,0.1072114822376804,Full-sample source->target 5-fold OOF residual; aggregate row only.
daily_steps,vsrev,vs,quantile,fullsample_robustness,sex,male,4161,0.4881467901555184,33.395604395605915,991.0507385532196,-1547.543650793651,1459.547418967588,696.845254499816,990.9317635829352,517.7018633540365,1511.8057142857142,1913.5007363770237,5559.857142857143,0.1253351006320489,Full-sample source->target 5-fold OOF residual; aggregate row only.
daily_steps,vsrev,vs,quantile,fullsample_robustness,sex,female,4485,-0.6924830071724518,13.769197112229447,938.4831767981126,-1432.8283834586484,1379.2154604016662,664.7784502854114,938.3788018194537,491.21269841269896,1405.4821224489808,1827.4390476190472,5559.857142857143,0.1195675416120116,Full-sample source->target 5-fold OOF residual; aggregate row only.
daily_steps,vsrev,vs,quantile,fullsample_robustness,bmi_group,<25,2572,46.83148106345862,67.30434078393307,1069.6251007563558,-1593.0035393772907,1636.314037305516,763.1033293151476,1070.4420655473436,556.897208791208,1617.345656730323,2182.3863673331293,5559.857142857143,0.1372523267608631,Full-sample source->target 5-fold OOF residual; aggregate row only.
daily_steps,vsrev,vs,quantile,fullsample_robustness,bmi_group,25-<30,2741,-65.2810963819348,-46.35317460317401,990.6113378293676,-1609.4800420168049,1439.5504761904776,713.7880096548799,992.5796855699916,547.7142857142844,1519.875457875458,1904.114285714286,5559.857142857143,0.1283824370509046,Full-sample source->target 5-fold OOF residual; aggregate row only.
daily_steps,vsrev,vs,quantile,fullsample_robustness,bmi_group,>=30,3246,17.03994275924901,46.3138769253228,851.8328841796056,-1257.868725868725,1230.6805702527931,593.2487916145402,851.8721028559571,446.2537094547961,1248.7309145880572,1597.0943380598983,5559.857142857143,0.1067021645289391,Full-sample source->target 5-fold OOF residual; aggregate row only.
daily_steps,vsrev,vs,quantile,fullsample_robustness,bmi_group,missing,87,24.122462043839963,5.465653495440733,609.494759396848,-662.4402159244268,1073.4571428571444,416.36986736116825,606.4617262961285,297.6009376723663,763.8870774976658,1490.0315126050425,5559.857142857143,0.0748885909588678,Full-sample source->target 5-fold OOF residual; aggregate row only.
daily_steps,vsrev,vs,monotone_spline,fullsample_robustness,overall,all,8646,-4.476989025011366,17.836347089581977,962.1288671560816,-1495.404589806923,1408.6167198444589,679.6737932325249,962.0836421664732,501.72450978132247,1451.8474236024158,1855.1390062136995,5559.857142857143,0.1222466289634285,Full-sample source->target 5-fold OOF residual; aggregate row only.
daily_steps,vsrev,vs,monotone_spline,fullsample_robustness,age_group,20-39,2757,359.6433257052101,395.1566452157531,928.8906617639988,-1106.0286121804882,1763.6278416964697,750.0446249556736,995.9258108144118,594.6687006873972,1553.484667149601,1955.8155922086912,5559.857142857143,0.134903578578322,Full-sample source->target 5-fold OOF residual; aggregate row only.
daily_steps,vsrev,vs,monotone_spline,fullsample_robustness,age_group,40-59,2949,-40.53786122237948,-5.7705824564473005,978.6445890366392,-1528.0206793499958,1358.2152078524027,696.368369271461,979.3180179856106,524.1297625462439,1456.527172437127,1865.2202362863284,5559.857142857143,0.1252493277036981,Full-sample source->target 5-fold OOF residual; aggregate row only.
daily_steps,vsrev,vs,monotone_spline,fullsample_robustness,age_group,60+,2940,-309.7614092975223,-189.64610071897937,856.8561880974502,-1691.62304459275,759.3670325769574,596.937504865333,910.9911794414764,410.7072695238803,1319.8244211012857,1765.0194549473829,5559.857142857143,0.1073656192105997,Full-sample source->target 5-fold OOF residual; aggregate row only.
daily_steps,vsrev,vs,monotone_spline,fullsample_robustness,sex,male,4161,-4.628784062293864,31.42495030812825,989.7658970464172,-1564.0677422147237,1447.7697435388964,696.5298991519604,989.6577810747228,513.5778452804461,1499.465813336663,1908.478053283564,5559.857142857143,0.1252783805869555,Full-sample source->target 5-fold OOF residual; aggregate row only.
daily_steps,vsrev,vs,monotone_spline,fullsample_robustness,sex,female,4485,-4.336159783064327,11.344646824956726,935.869463980286,-1445.7666466080352,1368.8877261385817,664.0353859346939,935.7751713113454,493.55455785256027,1402.4971907216811,1800.379458603894,5559.857142857143,0.119433893510698,Full-sample source->target 5-fold OOF residual; aggregate row only.
daily_steps,vsrev,vs,monotone_spline,fullsample_robustness,bmi_group,<25,2572,42.70103585260194,65.62852769158184,1067.0843967407295,-1588.615971241879,1618.9077365875623,763.315234474874,1067.7311322833773,563.1582682872813,1611.1598331200971,2159.399436491092,5559.857142857143,0.1372904401789387,Full-sample source->target 5-fold OOF residual; aggregate row only.
daily_steps,vsrev,vs,monotone_spline,fullsample_robustness,bmi_group,25-<30,2741,-70.13591767363293,-46.78864391800562,986.5739681345028,-1620.1010710149412,1436.3863729526674,712.2908933195592,988.8842914511785,546.1602307228786,1514.1066785738876,1912.3690673192068,5559.857142857143,0.1281131646043555,Full-sample source->target 5-fold OOF residual; aggregate row only.
daily_steps,vsrev,vs,monotone_spline,fullsample_robustness,bmi_group,>=30,3246,13.382130497399222,42.37556635993451,852.363132993608,-1251.665871243018,1229.2121273703572,592.8595709504046,852.3368881612661,447.8894753093596,1237.6727497318925,1594.806573477745,5559.857142857143,0.1066321590136651,Full-sample source->target 5-fold OOF residual; aggregate row only.
daily_steps,vsrev,vs,monotone_spline,fullsample_robustness,bmi_group,missing,87,3.092453169304862,0.0,610.1936175408133,-699.7926415217023,1030.6887602644413,418.4060612081342,606.6845037846713,302.9367274876615,781.1303942663524,1475.5141699860922,5559.857142857143,0.0752548222836388,Full-sample source->target 5-fold OOF residual; aggregate row only.
