baseline_960_transport_mae_per_target_iqr,baseline_960_transport_penalty_mae_per_target_iqr,baseline_960_within_test_oof_mae_per_target_iqr,delta_vs_960_transport_mae_per_target_iqr,delta_vs_960_transport_penalty_mae_per_target_iqr,delta_vs_960_within_test_oof_mae_per_target_iqr,exposure,method,n_test,n_train,note,source_algorithm,target_algorithm,test_cycle,test_target_iqr,train_cycle,transport_abs_error_p95,transport_bias_pred_minus_target,transport_mae,transport_mae_per_target_iqr,transport_penalty_mae,transport_penalty_mae_per_target_iqr,transport_rmse,transport_to_within_test_oof_mae_ratio,wear_threshold,within_test_oof_abs_error_p95,within_test_oof_bias_pred_minus_target,within_test_oof_mae,within_test_oof_mae_per_target_iqr,within_test_oof_rmse
0.4157044362344749,0.0050150563540244,0.4106893798804505,0.0032590985557321,0.0025231405747205,0.0007359579810116,daily_steps,isotonic,4569,4454,The source-to-target isotonic crosswalk was fitted only in the train cycle and locked before test-cycle evaluation; comparator is grouped five-fold OOF within the test cycle and is not used to tune the transported model.,acti,adept,2013-2014_H,1825.5105532122404,2011-2012_G,2052.2998673540633,89.40622787728277,764.8223541706267,0.4189635347902071,13.761058045615982,0.0075381969287449,1079.330605852958,1.0183221504244917,600,2088.7598655147494,-1.2504283458034031,751.0612961250107,0.4114253378614621,1077.5190835823548
0.1638935255255645,-0.0006221717012037,0.1645156972267682,0.001968825008551,0.0004238693949204,0.0015449556136306,daily_steps,isotonic,4569,4454,The source-to-target isotonic crosswalk was fitted only in the train cycle and locked before test-cycle evaluation; comparator is grouped five-fold OOF within the test cycle and is not used to tune the transported model.,acti,oak,2013-2014_H,6801.799999999997,2011-2012_G,2953.0545299783525,21.876183275414384,1128.162535862947,0.1658623505341155,-1.3488126268775886,-0.0001983023062832,1506.1139223693615,0.9988058441124288,600,2965.210620763621,2.8070691976384707,1129.5113484898245,0.1660606528403988,1508.659941219708
0.2089759381365863,0.0024349638562741,0.2065409742803122,0.0029564750053815,0.0001071473440229,0.0028493276613585,daily_steps,isotonic,4569,4454,The source-to-target isotonic crosswalk was fitted only in the train cycle and locked before test-cycle evaluation; comparator is grouped five-fold OOF within the test cycle and is not used to tune the transported model.,acti,scrf,2013-2014_H,7418.5714285714275,2011-2012_G,4226.338107874106,-195.1342907140808,1572.2357449231984,0.2119324131419678,18.858833518775327,0.002542111200297,2133.1040952900303,1.0121405393503144,600,4192.03187707231,2.5555885836995387,1553.376911404423,0.2093903019416707,2132.7008527230387
0.3164383449189752,-0.0007013330418476,0.3171396779608228,0.0001353360874006,0.0001271066399362,8.229447464480621e-06,daily_steps,isotonic,4569,4454,The source-to-target isotonic crosswalk was fitted only in the train cycle and locked before test-cycle evaluation; comparator is grouped five-fold OOF within the test cycle and is not used to tune the transported model.,acti,scssl,2013-2014_H,5692.142857142857,2011-2012_G,4808.514321145127,27.148032937276874,1801.982617099864,0.3165736810063759,-3.2685787120228724,-0.0005742264019114,2413.711202354703,0.9981894050425748,600,4859.198398378379,-2.9771124126313846,1805.2511958118864,0.3171479074082873,2416.2087577103184
0.1992625021060403,0.0001185491612844,0.1991439529447559,0.0025619115925042,0.0010407328829092,0.001521178709595,daily_steps,isotonic,4569,4454,The source-to-target isotonic crosswalk was fitted only in the train cycle and locked before test-cycle evaluation; comparator is grouped five-fold OOF within the test cycle and is not used to tune the transported model.,acti,vs,2013-2014_H,5453.904761904762,2011-2012_G,2965.367737130978,49.4766174599246,1100.7311309391291,0.2018244136985446,6.322613861218315,0.0011592820441936,1512.373411008755,1.0057771972371887,600,2966.5123897483936,1.2244542130564,1094.4085170779108,0.2006651316543509,1511.60838542317
0.2157548055638027,-0.0004356135190603,0.216190419082863,0.0043613882610989,-0.0001053832118262,0.0044667714729251,daily_steps,isotonic,4569,4454,The source-to-target isotonic crosswalk was fitted only in the train cycle and locked before test-cycle evaluation; comparator is grouped five-fold OOF within the test cycle and is not used to tune the transported model.,acti,vsrev,2013-2014_H,6147.428571428572,2011-2012_G,3572.4072038878826,45.63170903527444,1353.14857895331,0.2201161938249017,-3.325738760501281,-0.0005409967308865,1774.6695437410815,0.9975482478974564,600,3550.938033701286,1.5180867419194486,1356.4743177138112,0.2206571905557882,1772.939273338671
0.3745920763653639,-0.0013560029654323,0.3759480793307962,0.0004012759362252,0.0002373998473414,0.0001638760888839,daily_steps,isotonic,4569,4454,The source-to-target isotonic crosswalk was fitted only in the train cycle and locked before test-cycle evaluation; comparator is grouped five-fold OOF within the test cycle and is not used to tune the transported model.,adept,acti,2013-2014_H,5488.4285714285725,2011-2012_G,5313.013498609057,-134.81014928953667,2058.1242288678227,0.3749933523015892,-6.139373313419128,-0.0011186031180908,2680.191323302328,0.9970258772634794,600,5278.770064555325,2.119600457971387,2064.263602181242,0.3761119554196801,2680.264979324035
0.3284816402782551,-0.0019672025001424,0.3304488427783976,0.0006865380622615,0.0008059754715193,-0.0001194374092577,daily_steps,isotonic,4569,4454,The source-to-target isotonic crosswalk was fitted only in the train cycle and locked before test-cycle evaluation; comparator is grouped five-fold OOF within the test cycle and is not used to tune the transported model.,adept,oak,2013-2014_H,6801.799999999997,2011-2012_G,6028.234772647131,-176.34559453071506,2238.9361154365256,0.3291681783405167,-7.898434003288912,-0.0011612270286231,2999.235428748909,0.9964846392426812,600,5932.771059466571,-1.734902170878923,2246.8345494398145,0.3303294053691398,2991.4908451497754
0.3497562665912568,-0.0060025428461963,0.3557588094374532,-0.0007265440208598,1.3140844219224936e-05,-0.000739684865079,daily_steps,isotonic,4569,4454,The source-to-target isotonic crosswalk was fitted only in the train cycle and locked before test-cycle evaluation; comparator is grouped five-fold OOF within the test cycle and is not used to tune the transported model.,adept,scrf,2013-2014_H,7418.5714285714275,2011-2012_G,7266.544798362869,-408.0279939452139,2589.301927582959,0.3490297225703969,-44.43280656609613,-0.0059894020019771,3639.6850053768626,0.9831293539208869,600,7205.248454670327,1.0109454630056849,2633.734734149055,0.3550191245723741,3624.243396565914
0.311312189374708,-0.0039408354289923,0.3152530248037004,0.0027322982717509,0.0019491485393619,0.000783149732389,daily_steps,isotonic,4569,4454,The source-to-target isotonic crosswalk was fitted only in the train cycle and locked before test-cycle evaluation; comparator is grouped five-fold OOF within the test cycle and is not used to tune the transported model.,adept,scssl,2013-2014_H,5692.142857142857,2011-2012_G,4895.486362985608,-166.88241331708969,1787.58608718188,0.314044487646459,-11.336966302475048,-0.0019916868896304,2438.8788565351683,0.9936979148271426,600,4814.814486639581,-0.0641037770806575,1798.923053484355,0.3160361745360895,2436.280014619791
0.3322363332067393,-0.001733173005957,0.3339695062126964,0.0043136972086587,0.0002726922880163,0.0040410049206423,daily_steps,isotonic,4569,4454,The source-to-target isotonic crosswalk was fitted only in the train cycle and locked before test-cycle evaluation; comparator is grouped five-fold OOF within the test cycle and is not used to tune the transported model.,adept,vs,2013-2014_H,5453.904761904762,2011-2012_G,4784.54958978521,-105.4500248270533,1835.511813501732,0.336550030415398,-7.965322742246826,-0.0014604807179406,2448.3491890436585,0.9956791854991616,600,4853.4714794784895,2.114243145207813,1843.477136243979,0.3380105111333387,2450.7677283406965
0.351041887957756,-0.0026908432748354,0.3537327312325915,0.0041180265060831,0.0009040736232207,0.0032139528828623,daily_steps,isotonic,4569,4454,The source-to-target isotonic crosswalk was fitted only in the train cycle and locked before test-cycle evaluation; comparator is grouped five-fold OOF within the test cycle and is not used to tune the transported model.,adept,vsrev,2013-2014_H,6147.428571428572,2011-2012_G,6021.164931568432,-132.50270150656664,2183.3202056011323,0.3551599144638391,-10.984038806897845,-0.0017867696516147,3034.6615222817395,0.9949942954196576,600,5959.170174630124,-0.9317034584253012,2194.30424440803,0.3569466841154539,3034.0638143431665
0.1659198393474323,0.0002569752848136,0.1656628640626187,0.0006290772833389,-0.0006527314305544,0.0012818087138934,daily_steps,isotonic,4569,4454,The source-to-target isotonic crosswalk was fitted only in the train cycle and locked before test-cycle evaluation; comparator is grouped five-fold OOF within the test cycle and is not used to tune the transported model.,oak,acti,2013-2014_H,5488.4285714285725,2011-2012_G,2322.0242685996172,-6.114076778349547,914.0918325768004,0.1665489166307712,-2.172079337602554,-0.0003957561457408,1214.2001929141863,0.997629417344328,600,2288.907435138556,0.9539179631054407,916.2639119144028,0.1669446727765121,1215.5540839353607
0.371318516709767,0.0077639242948722,0.3635545924148948,0.000400707311786,0.0010622602528369,-0.0006615529410509,daily_steps,isotonic,4569,4454,The source-to-target isotonic crosswalk was fitted only in the train cycle and locked before test-cycle evaluation; comparator is grouped five-fold OOF within the test cycle and is not used to tune the transported model.,oak,adept,2013-2014_H,1825.5105532122404,2011-2012_G,1882.5714736854136,83.22825596839526,678.5773662832102,0.3717192240215531,16.112293036441997,0.0088261845477092,984.9173731220797,1.024321724551417,600,1922.0267728411388,2.0109952982482833,662.4650732467682,0.3628930394738439,978.2627785790938
0.1838919157598777,0.0006137384222515,0.1832781773376262,-0.0013523615966863,4.267853421290025e-05,-0.0013950401308992,daily_steps,isotonic,4569,4454,The source-to-target isotonic crosswalk was fitted only in the train cycle and locked before test-cycle evaluation; comparator is grouped five-fold OOF within the test cycle and is not used to tune the transported model.,oak,scrf,2013-2014_H,7418.5714285714275,2011-2012_G,3771.4601748967,-202.9957774939048,1354.182721099218,0.1825395541631913,4.869676078456678,0.0006564169564644,1865.0665101399684,1.0036090039271663,600,3691.679419856213,3.2151230118776306,1349.3130450207614,0.1818831372067269,1859.974477710952
0.3119006968452754,-0.000878699650715,0.3127793964959904,-0.0023835822752336,-0.0007273882037721,-0.0016561940714615,daily_steps,isotonic,4569,4454,The source-to-target isotonic crosswalk was fitted only in the train cycle and locked before test-cycle evaluation; comparator is grouped five-fold OOF within the test cycle and is not used to tune the transported model.,oak,scssl,2013-2014_H,5692.142857142857,2011-2012_G,4579.834751190835,13.881154523586968,1761.8156328633302,0.3095171145700417,-9.142081508863155,-0.0016060878544871,2328.4537756395503,0.9948377753829634,600,4653.251478822681,3.860293834379005,1770.957714372193,0.3111232024245289,2337.955125889213
0.1510449469804421,-0.000499470239195,0.1515444172196371,0.0015678956017943,4.6375081274841053e-05,0.0015215205205194,daily_steps,isotonic,4569,4454,The source-to-target isotonic crosswalk was fitted only in the train cycle and locked before test-cycle evaluation; comparator is grouped five-fold OOF within the test cycle and is not used to tune the transported model.,oak,vs,2013-2014_H,5453.904761904762,2011-2012_G,2239.399484783742,39.75790657285188,832.3359088870812,0.1526128425822364,-2.471137839377093,-0.0004530951579202,1228.4400601551995,0.9970398694535856,600,2271.4006342182847,-0.0140429404281794,834.8070467264583,0.1530659377401566,1233.774998054942
0.1411624095200248,0.0003297778452257,0.140832631674799,0.0024926989952813,-8.795328152617159e-05,0.0025806522768074,daily_steps,isotonic,4569,4454,The source-to-target isotonic crosswalk was fitted only in the train cycle and locked before test-cycle evaluation; comparator is grouped five-fold OOF within the test cycle and is not used to tune the transported model.,oak,vsrev,2013-2014_H,6147.428571428572,2011-2012_G,2514.71720786428,33.2592095240478,883.1095185186649,0.1436551085153061,1.4865992321603017,0.0002418245636996,1244.1850498246124,1.0016862075606694,600,2473.37037815126,-3.1501540265839063,881.6229192865046,0.1434132839516065,1245.7513633141032
0.2049303155425789,0.0019029403134748,0.203027375229104,0.0020306363787448,-7.932581331105142e-05,0.0021099621920558,daily_steps,isotonic,4569,4454,The source-to-target isotonic crosswalk was fitted only in the train cycle and locked before test-cycle evaluation; comparator is grouped five-fold OOF within the test cycle and is not used to tune the transported model.,scrf,acti,2013-2014_H,5488.4285714285725,2011-2012_G,2823.92733214498,134.93921525293598,1135.8904016950485,0.2069609519213237,10.008777925970662,0.0018236145001638,1493.3504854347195,1.008889724918384,600,2849.4111572871566,3.970869381798507,1125.8816237690778,0.2051373374211599,1490.8322921105669
0.3845739644263297,0.0121734452310974,0.3724005191952322,0.0010559592192386,0.0012335097399042,-0.0001775505206655,daily_steps,isotonic,4569,4454,The source-to-target isotonic crosswalk was fitted only in the train cycle and locked before test-cycle evaluation; comparator is grouped five-fold OOF within the test cycle and is not used to tune the transported model.,scrf,adept,2013-2014_H,1825.5105532122404,2011-2012_G,1955.269949095844,129.0968790488719,703.9714952494156,0.3856299236455684,24.47453778600493,0.0134069549710017,1017.8515426100712,1.0360186127651982,600,2016.088525121344,-0.0746754867322866,679.4969574634107,0.3722229686745667,1011.762669172259
0.1791934651058404,0.0018010655996473,0.1773923995061931,-0.0002352496203815,0.0006850818016187,-0.0009203314220003,daily_steps,isotonic,4569,4454,The source-to-target isotonic crosswalk was fitted only in the train cycle and locked before test-cycle evaluation; comparator is grouped five-fold OOF within the test cycle and is not used to tune the transported model.,scrf,oak,2013-2014_H,6801.799999999997,2011-2012_G,3188.4286049859115,181.8900561432309,1217.2379900889937,0.1789582154854588,16.910277393931665,0.002486147401266,1624.376045991862,1.014088050467454,600,3185.2652456140354,4.134065113735373,1200.327712695062,0.1764720680841927,1614.379654463954
0.2488691803021581,0.0006087557184093,0.2482604245837488,0.001030820070753,9.432307185364368e-05,0.0009364969988994,daily_steps,isotonic,4569,4454,The source-to-target isotonic crosswalk was fitted only in the train cycle and locked before test-cycle evaluation; comparator is grouped five-fold OOF within the test cycle and is not used to tune the transported model.,scrf,scssl,2013-2014_H,5692.142857142857,2011-2012_G,3959.7218536984137,170.55681775961443,1422.4665021226635,0.2499000003729111,4.002024914003869,0.0007030787902629,1959.1003532275304,1.002821378313174,600,3974.2727220077177,3.021702407623059,1418.4644772086597,0.2491969215826482,1949.4746129144264
0.2182374095576786,0.0037452741834524,0.2144921353742261,0.0025142123142378,0.0001089682547707,0.002405244059467,daily_steps,isotonic,4569,4454,The source-to-target isotonic crosswalk was fitted only in the train cycle and locked before test-cycle evaluation; comparator is grouped five-fold OOF within the test cycle and is not used to tune the transported model.,scrf,vs,2013-2014_H,5453.904761904762,2011-2012_G,3220.160082604468,179.2901793165559,1203.9583217254446,0.2207516218719164,21.020671187360904,0.0038542424382231,1629.7292895258065,1.0177698893748113,600,3205.098371598638,-0.245503911280738,1182.9376505380835,0.2168973794336932,1621.0838303007909
0.2145191549875987,0.00279909216556,0.2117200628220387,0.002150067806589,0.0009018833715746,0.0012481844350144,daily_steps,isotonic,4569,4454,The source-to-target isotonic crosswalk was fitted only in the train cycle and locked before test-cycle evaluation; comparator is grouped five-fold OOF within the test cycle and is not used to tune the transported model.,scrf,vsrev,2013-2014_H,6147.428571428572,2011-2012_G,3634.2789261418825,192.59304716065472,1331.958570754213,0.2166692227941878,22.751482759139662,0.0037009755371346,1818.072911836325,1.0173780626210795,600,3629.5653808954817,-0.2196034585946495,1309.2070879950734,0.2129682472570532,1809.0013466068428
0.3111462080034028,-0.0005530741276831,0.311699282131086,-0.0038394198729009,-0.0002759097402026,-0.0035635101326983,daily_steps,isotonic,4569,4454,The source-to-target isotonic crosswalk was fitted only in the train cycle and locked before test-cycle evaluation; comparator is grouped five-fold OOF within the test cycle and is not used to tune the transported model.,scssl,acti,2013-2014_H,5488.4285714285725,2011-2012_G,4259.616309302941,-5.894021759242742,1686.631356169393,0.3073067881305018,-4.549818745757875,-0.0008289838678858,2213.3576666108597,0.9973096798774466,600,4285.969687107996,-1.6981040786338808,1691.181174915151,0.3081357719983876,2218.665442852115
0.3320136515429621,0.003888951619477,0.328124699923485,0.0010201793224148,0.0009480125297867,7.216679262805892e-05,daily_steps,isotonic,4569,4454,The source-to-target isotonic crosswalk was fitted only in the train cycle and locked before test-cycle evaluation; comparator is grouped five-fold OOF within the test cycle and is not used to tune the transported model.,scssl,adept,2013-2014_H,1825.5105532122404,2011-2012_G,1717.1587580682526,78.24863523804224,607.956772821446,0.3330338308653769,8.829929099990409,0.0048369641492638,888.6811134307058,1.014737996123064,600,1715.3179219232854,-0.001705169192766,599.1268437214555,0.3281968667161131,888.6792129570529
0.3049259305436084,-2.8769315802031683e-05,0.3049546998594105,-0.0030857668975184,0.0005336755053988,-0.0036194424029172,daily_steps,isotonic,4569,4454,The source-to-target isotonic crosswalk was fitted only in the train cycle and locked before test-cycle evaluation; comparator is grouped five-fold OOF within the test cycle and is not used to tune the transported model.,scssl,oak,2013-2014_H,6801.799999999997,2011-2012_G,5236.440664982863,2.0425991565376944,2053.0564250879743,0.30184016364609,3.43427092039974,0.0005049061895968,2680.5873897651113,1.0016755629389624,600,5300.39751816096,-2.4242645012047577,2049.6221541675745,0.3013352574564932,2671.4452898964696
0.2498198068631529,-0.0026236294682239,0.2524434363313769,-0.0016937407323025,0.0014674205274202,-0.0031611612597227,daily_steps,isotonic,4569,4454,The source-to-target isotonic crosswalk was fitted only in the train cycle and locked before test-cycle evaluation; comparator is grouped five-fold OOF within the test cycle and is not used to tune the transported model.,scssl,scrf,2013-2014_H,7418.5714285714275,2011-2012_G,5040.546386683177,-213.578587387349,1840.740944882151,0.2481260661308503,-8.577418613705731,-0.0011562089408037,2587.6937182830025,0.9953618485691716,600,4959.847738993907,-2.6022863922979735,1849.3183634958568,0.2492822750716541,2563.469235225815
0.3016885919156572,0.0014294200836118,0.3002591718320453,0.0005805531917848,-0.0005500180173514,0.0011305712091362,daily_steps,isotonic,4569,4454,The source-to-target isotonic crosswalk was fitted only in the train cycle and locked before test-cycle evaluation; comparator is grouped five-fold OOF within the test cycle and is not used to tune the transported model.,scssl,vs,2013-2014_H,5453.904761904762,2011-2012_G,4335.676282051281,31.62322966900255,1648.5471298783598,0.302269145107442,4.79617511680658,0.0008794020662604,2246.63219209889,1.0029178234713192,600,4303.692088503175,-4.485150325911207,1643.7509547615532,0.3013897430411816,2241.002279007776
0.3374913817680768,0.0011420660234276,0.3363493157446491,-0.0006101273430613,-4.242225601662139e-07,-0.0006097031205011,daily_steps,isotonic,4569,4454,The source-to-target isotonic crosswalk was fitted only in the train cycle and locked before test-cycle evaluation; comparator is grouped five-fold OOF within the test cycle and is not used to tune the transported model.,scssl,vsrev,2013-2014_H,6147.428571428572,2011-2012_G,5512.018249380674,31.354880760246647,2070.953448631038,0.3368812544250155,7.018161424990012,0.0011416418008674,2810.9334376302745,1.0034003786206351,600,5544.656317125928,-3.316144241348866,2063.935287206048,0.335739612624148,2799.8544378284773
0.2023742241679876,-0.0017103651857511,0.2040845893537387,-0.0003227382545991,0.0005824904504765,-0.0009052287050756,daily_steps,isotonic,4569,4454,The source-to-target isotonic crosswalk was fitted only in the train cycle and locked before test-cycle evaluation; comparator is grouped five-fold OOF within the test cycle and is not used to tune the transported model.,vs,acti,2013-2014_H,5488.4285714285725,2011-2012_G,2887.799604037262,-38.08550747504519,1108.945148186639,0.2020514859133884,-6.190259922073437,-0.0011278747352745,1480.2286073431378,0.9944488715208388,600,2881.421308384596,-0.5460412252988848,1115.1354081087125,0.203179360648663,1490.9734166642927
0.3743765523171712,0.0053492408008581,0.3690273115163131,0.0001124634216579,2.353049433466599e-05,8.893292732325975e-05,daily_steps,isotonic,4569,4454,The source-to-target isotonic crosswalk was fitted only in the train cycle and locked before test-cycle evaluation; comparator is grouped five-fold OOF within the test cycle and is not used to tune the transported model.,vs,adept,2013-2014_H,1825.5105532122404,2011-2012_G,1876.3957125250872,77.17387668946793,683.6336502932974,0.3744890157388291,9.808050699370256,0.0053727712951928,983.5457774528396,1.0145557703733443,600,1949.577382123063,0.8113428774301241,673.8255995939271,0.3691162444436363,986.00564652014
0.1528593329755063,-0.0002670610447071,0.1531263940202135,-0.0007514489418903,0.000538207821613,-0.0012896567635033,daily_steps,isotonic,4569,4454,The source-to-target isotonic crosswalk was fitted only in the train cycle and locked before test-cycle evaluation; comparator is grouped five-fold OOF within the test cycle and is not used to tune the transported model.,vs,oak,2013-2014_H,6801.799999999997,2011-2012_G,2896.2024846213876,-35.003333709582066,1034.607405619849,0.152107884033616,1.8442861471585277,0.0002711467769058,1507.6440959714282,1.001785778473674,600,2862.171412373139,-2.462451338890532,1032.7631194726905,0.1518367372567101,1513.463825741934
0.2255575637000119,0.0009329781873875,0.2246245855126244,2.384249502995761e-06,-9.94683871869583e-05,0.0001018526366899,daily_steps,isotonic,4569,4454,The source-to-target isotonic crosswalk was fitted only in the train cycle and locked before test-cycle evaluation; comparator is grouped five-fold OOF within the test cycle and is not used to tune the transported model.,vs,scrf,2013-2014_H,7418.5714285714275,2011-2012_G,4815.350789115649,-249.30142870132536,1673.3325852883302,0.2255599479495149,6.18345198920224,0.0008335098002005,2355.7737527916483,1.0037089975129974,600,4823.010010822506,-1.9301516802249703,1667.149133299128,0.2247264381493144,2342.17375943876
0.3112113690470517,-0.0027531037211751,0.3139644727682268,-0.0010153712972886,8.21942494729274e-05,-0.0010975655467614,daily_steps,isotonic,4569,4454,The source-to-target isotonic crosswalk was fitted only in the train cycle and locked before test-cycle evaluation; comparator is grouped five-fold OOF within the test cycle and is not used to tune the transported model.,vs,scssl,2013-2014_H,5692.142857142857,2011-2012_G,4812.474690780333,-14.125887883045056,1765.6799329056155,0.3101959977497631,-15.20319827142498,-0.0026709094717022,2414.15856003453,0.9914631128762634,600,4815.165337763012,1.0070981288348202,1780.8831311770407,0.3128669072214653,2447.452299681683
0.1250178838609207,-0.0006137164321295,0.1256316002930502,0.0021483249929905,-0.0001249098431036,0.0022732348360942,daily_steps,isotonic,4569,4454,The source-to-target isotonic crosswalk was fitted only in the train cycle and locked before test-cycle evaluation; comparator is grouped five-fold OOF within the test cycle and is not used to tune the transported model.,vs,vsrev,2013-2014_H,6147.428571428572,2011-2012_G,2192.320779030908,-8.720189558435726,781.7451856287872,0.1271662088539112,-4.540652267976384,-0.0007386262752331,1154.5488619039338,0.9942251887937824,600,2204.484391923433,-2.2182517274685067,786.2858378967636,0.1279048351291444,1158.6775196941942
0.2161642619624392,-0.001199991339254,0.2173642533016932,0.0018781849519401,0.0004000070372093,0.0014781779147309,daily_steps,isotonic,4569,4454,The source-to-target isotonic crosswalk was fitted only in the train cycle and locked before test-cycle evaluation; comparator is grouped five-fold OOF within the test cycle and is not used to tune the transported model.,vsrev,acti,2013-2014_H,5488.4285714285725,2011-2012_G,2927.118948276984,-21.758182880896506,1196.710395429078,0.2180424469143794,-4.390656700036516,-0.0007999843020447,1524.973611210905,0.9963444735209802,600,2954.3013516549663,1.3647407257600703,1201.1010521291146,0.2188424312164242,1531.9437820336525
0.3887627140556051,0.0064693257909879,0.3822933882646171,0.0002857038116774,0.0001227413749753,0.0001629624367022,daily_steps,isotonic,4569,4454,The source-to-target isotonic crosswalk was fitted only in the train cycle and locked before test-cycle evaluation; comparator is grouped five-fold OOF within the test cycle and is not used to tune the transported model.,vsrev,adept,2013-2014_H,1825.5105532122404,2011-2012_G,1949.9169401098768,77.77755319053092,710.21199252725,0.3890484178672826,12.033888178949953,0.0065920671659633,1031.7793898869666,1.0172361294403278,600,2002.108049094536,0.8508877341077115,698.1781043483,0.3824563507013193,1028.1470244779323
0.1389451386517247,0.0001780944754586,0.1387670441762661,0.0008856154442047,0.0001442201345519,0.0007413953096528,daily_steps,isotonic,4569,4454,The source-to-target isotonic crosswalk was fitted only in the train cycle and locked before test-cycle evaluation; comparator is grouped five-fold OOF within the test cycle and is not used to tune the transported model.,vsrev,oak,2013-2014_H,6801.799999999997,2011-2012_G,2641.38896835878,-26.499541746780796,951.1008232096932,0.1398307540959295,2.1923195143701832,0.0003223146100106,1295.219853779025,1.0023103592241325,600,2589.5881563436533,2.1315166428927945,948.908503695323,0.1395084394859189,1294.9477742378938
0.2203129413961728,0.0004933410520923,0.2198196003440805,-0.0011690140625393,0.0009331465401113,-0.0021021606026506,daily_steps,isotonic,4569,4454,The source-to-target isotonic crosswalk was fitted only in the train cycle and locked before test-cycle evaluation; comparator is grouped five-fold OOF within the test cycle and is not used to tune the transported model.,vsrev,scrf,2013-2014_H,7418.5714285714275,2011-2012_G,4608.164987080105,-227.4985551992261,1625.7348780622265,0.2191439273336335,10.58250009473386,0.0014264875922036,2229.210354447722,1.0065520134441128,600,4526.003050847457,-0.0005785287063516,1615.1523779674926,0.2177174397414298,2221.0729127070817
0.3438916001938685,-0.0016988891178638,0.3455904893117323,-0.0010158657172977,0.0009135137176386,-0.0019293794349363,daily_steps,isotonic,4569,4454,The source-to-target isotonic crosswalk was fitted only in the train cycle and locked before test-cycle evaluation; comparator is grouped five-fold OOF within the test cycle and is not used to tune the transported model.,vsrev,scssl,2013-2014_H,5692.142857142857,2011-2012_G,5202.5237313499465,0.5246473665684214,1951.6976628884229,0.3428757344765707,-4.470468974567666,-0.0007853754002252,2605.808688520985,0.9977146806034968,600,5168.454116766201,2.552422733039614,1956.1681318629903,0.3436611098767959,2624.416336704428
0.1217844411034266,-0.0009670797995586,0.1227515209029852,0.0028790748187191,0.0011778550047326,0.0017012198139865,daily_steps,isotonic,4569,4454,The source-to-target isotonic crosswalk was fitted only in the train cycle and locked before test-cycle evaluation; comparator is grouped five-fold OOF within the test cycle and is not used to tune the transported model.,vsrev,vs,2013-2014_H,5453.904761904762,2011-2012_G,1817.004736842105,21.389102539143103,679.9029431235812,0.1246635159221458,1.1495478951899258,0.0002107752051739,964.0871117730014,1.001693616419853,600,1834.242812765556,-1.280903488220701,678.7533952283912,0.1244527407169718,962.3779677324152
0.3958418529620268,-0.0038453415393842,0.399687194501411,0.0034098551934501,0.0015478242172426,0.0018620309762074,daily_steps,isotonic,4454,4569,The source-to-target isotonic crosswalk was fitted only in the train cycle and locked before test-cycle evaluation; comparator is grouped five-fold OOF within the test cycle and is not used to tune the transported model.,acti,adept,2011-2012_G,1962.6755350936176,2013-2014_H,2311.510949133625,-84.20063574539708,783.6015599410918,0.399251708155477,-4.509281039620987,-0.0022975173221415,1153.24181516557,0.9942783669439064,600,2216.9851045229884,-0.039778058820917,788.1108409807127,0.4015492254776185,1097.218071610674
0.1618899838774524,-0.0003698829234879,0.1622598668009404,0.0033043023626639,0.0003140142356783,0.0029902881269855,daily_steps,isotonic,4454,4569,The source-to-target isotonic crosswalk was fitted only in the train cycle and locked before test-cycle evaluation; comparator is grouped five-fold OOF within the test cycle and is not used to tune the transported model.,acti,oak,2011-2012_G,6729.180357142858,2013-2014_H,2927.8779775326866,-15.20680659822695,1111.6221460792258,0.1651942862401163,-0.3759504765873771,-5.586868780955098e-05,1463.110012839696,0.9996619144603288,600,2942.244374716556,-1.5542639258328277,1111.9980965558132,0.1652501549279259,1462.4730687600706
0.2062256115719739,-0.0018363211542114,0.2080619327261853,0.0054530602481384,-2.60630304431248e-05,0.0054791232785815,daily_steps,isotonic,4454,4569,The source-to-target isotonic crosswalk was fitted only in the train cycle and locked before test-cycle evaluation; comparator is grouped five-fold OOF within the test cycle and is not used to tune the transported model.,acti,scrf,2011-2012_G,7265.314285714285,2013-2014_H,4322.481751948419,199.16448145505592,1537.912078355688,0.2116786718201123,-13.530806422259047,-0.0018623841846545,2117.627326790951,0.9912785661947228,600,4335.813774334733,-5.146447131931087,1551.442884777947,0.2135410560047669,2124.1403947287977
0.3075803683737534,0.0008835730293174,0.3066967953444359,-0.0021144365695584,-0.0027345643848883,0.0006201278153298,daily_steps,isotonic,4454,4569,The source-to-target isotonic crosswalk was fitted only in the train cycle and locked before test-cycle evaluation; comparator is grouped five-fold OOF within the test cycle and is not used to tune the transported model.,acti,scssl,2011-2012_G,5780.535714285714,2013-2014_H,4775.353098499665,-25.07210727922564,1765.7567282917137,0.305465931804195,-10.699721637711264,-0.0018509913555708,2365.2033785238013,0.9939769299505562,600,4825.91002758828,2.0905826079185648,1776.456449929425,0.3073169231597658,2372.4595003680543
0.2009567085974254,-0.0015842214238341,0.2025409300212595,0.0008309065219659,8.838011787963085e-05,0.0007425264040863,daily_steps,isotonic,4454,4569,The source-to-target isotonic crosswalk was fitted only in the train cycle and locked before test-cycle evaluation; comparator is grouped five-fold OOF within the test cycle and is not used to tune the transported model.,acti,vs,2011-2012_G,5448.321428571429,2013-2014_H,2984.0171123981077,-48.55344514995856,1099.4037874753042,0.2017876151193913,-8.149824240974112,-0.0014958413059544,1510.090757126382,0.992641598424888,600,3021.387550125309,-4.003605666087372,1107.5536117162785,0.2032834564253458,1517.5868250819017
0.2179816002975257,7.913143833086867e-05,0.2179024688591948,0.0045126090243108,0.0002060705503752,0.0043065384739355,daily_steps,isotonic,4454,4569,The source-to-target isotonic crosswalk was fitted only in the train cycle and locked before test-cycle evaluation; comparator is grouped five-fold OOF within the test cycle and is not used to tune the transported model.,acti,vsrev,2011-2012_G,6180.499999999999,2013-2014_H,3564.7804107228217,-46.422580376113366,1375.1254607136102,0.2224942093218365,1.7626908911979626,0.000285201988706,1787.8420984167435,1.0012834852741974,600,3532.5210574523285,-2.446267005246854,1373.3627698224122,0.2222090073331304,1781.6248018834217
0.3748325044222551,0.0025341196025553,0.3722983848196997,0.0085982969973614,0.0002747207903815,0.0083235762069798,daily_steps,isotonic,4454,4569,The source-to-target isotonic crosswalk was fitted only in the train cycle and locked before test-cycle evaluation; comparator is grouped five-fold OOF within the test cycle and is not used to tune the transported model.,adept,acti,2011-2012_G,5340.982142857143,2013-2014_H,5289.435972461256,145.67808485205722,2047.8970634035752,0.3834308014196165,15.001966380812064,0.0028088403929369,2675.8713262501506,1.0073796067503842,600,5287.365234392298,1.5053918277799634,2032.8950970227631,0.3806219610266796,2661.5728435459573
0.3313140199500283,0.0033903108946298,0.3279237090553984,0.0028216339439237,0.0004530751398159,0.0023685588041077,daily_steps,isotonic,4454,4569,The source-to-target isotonic crosswalk was fitted only in the train cycle and locked before test-cycle evaluation; comparator is grouped five-fold OOF within the test cycle and is not used to tune the transported model.,adept,oak,2011-2012_G,6729.180357142858,2013-2014_H,6102.998558303476,197.15999282692675,2248.4590788042665,0.334135653893952,25.862837807909727,0.0038433860344457,3020.3376426778505,1.011636318522844,600,6013.65056686695,3.7333986732533946,2222.5962409963568,0.3302922678595062,2995.2390834803737
0.3582301817665906,0.0090021613253522,0.3492280204412384,0.0055550713809066,0.0003050049713986,0.0052500664095078,daily_steps,isotonic,4454,4569,The source-to-target isotonic crosswalk was fitted only in the train cycle and locked before test-cycle evaluation; comparator is grouped five-fold OOF within the test cycle and is not used to tune the transported model.,adept,scrf,2011-2012_G,7265.314285714285,2013-2014_H,7297.628947967593,433.8715220413181,2643.0141966246993,0.3637852531474972,67.61948825530317,0.0093071662967509,3666.8438914142625,1.0262559707976244,600,7092.340651190592,3.065469692225983,2575.394708369396,0.3544780868507463,3626.0458822378855
0.3234611697304783,0.0032980155127106,0.3201631542177677,-0.0026166766199555,-0.0013358352889146,-0.0012808413310409,daily_steps,isotonic,4454,4569,The source-to-target isotonic crosswalk was fitted only in the train cycle and locked before test-cycle evaluation; comparator is grouped five-fold OOF within the test cycle and is not used to tune the transported model.,adept,scssl,2011-2012_G,5780.535714285714,2013-2014_H,4962.633934491805,184.61392325329595,1854.6530511572737,0.3208444931105228,11.342452861518268,0.001962180223796,2484.048729354927,1.0061533052932072,600,5003.4370034666,2.9547184567045828,1843.3105982957552,0.3188823128867267,2478.9099095517095
0.338375059783349,0.0026447207611877,0.3357303390221612,0.0003184272875126,-0.0006988162575184,0.001017243545031,daily_steps,isotonic,4454,4569,The source-to-target isotonic crosswalk was fitted only in the train cycle and locked before test-cycle evaluation; comparator is grouped five-fold OOF within the test cycle and is not used to tune the transported model.,adept,vs,2011-2012_G,5448.321428571429,2013-2014_H,4907.76876959479,120.98088686175416,1845.310983325756,0.3386934870708616,10.601913205295205,0.0019459045036693,2476.1030604045236,1.0057785255318976,600,4875.200635997292,1.786430503150703,1834.7090701204609,0.3367475825671923,2468.838148335558
0.3551497698768582,0.0038504571739619,0.3512993127028963,0.0021420226061442,-0.0004267865445843,0.0025688091507286,daily_steps,isotonic,4454,4569,The source-to-target isotonic crosswalk was fitted only in the train cycle and locked before test-cycle evaluation; comparator is grouped five-fold OOF within the test cycle and is not used to tune the transported model.,adept,vsrev,2011-2012_G,6180.499999999999,2013-2014_H,5922.187498958461,148.13723372696907,2208.241923441197,0.3572917924830025,21.15999632486819,0.0034236706293775,3038.0435983714824,1.0096749902518594,600,5802.850926243296,2.858064002424581,2187.0819271163286,0.3538681218536249,3030.395429996189
0.1633638639581278,0.0014057134255092,0.1619581505326186,0.0045904399150741,-0.0009253543674232,0.0055157942824973,daily_steps,isotonic,4454,4569,The source-to-target isotonic crosswalk was fitted only in the train cycle and locked before test-cycle evaluation; comparator is grouped five-fold OOF within the test cycle and is not used to tune the transported model.,oak,acti,2011-2012_G,5340.982142857143,2013-2014_H,2281.726671923753,6.3605349745917135,897.0409378027741,0.1679543038732019,2.5655891513970346,0.000480359058086,1171.4935949941655,1.0028682614398097,600,2280.1902634245166,1.1997717724716803,894.4753486513771,0.167473944815116,1171.7153549932389
0.3519422847428615,-0.0031121519412732,0.3550544366841348,-0.0003040907474377,0.0005197515070429,-0.0008238422544806,daily_steps,isotonic,4454,4569,The source-to-target isotonic crosswalk was fitted only in the train cycle and locked before test-cycle evaluation; comparator is grouped five-fold OOF within the test cycle and is not used to tune the transported model.,oak,adept,2011-2012_G,1962.6755350936176,2013-2014_H,2099.1391879257403,-85.99979204010545,690.1516805593218,0.3516381939954238,-5.088040909429878,-0.0025924004342302,1010.927484173937,0.9926816021117422,600,2058.168091583577,-0.3995715094274999,695.2397214687517,0.3542305944296541,998.7355418861372
0.1812392135611278,0.0016790815842468,0.1795601319768809,0.0017877755230755,0.0001281144934699,0.0016596610296055,daily_steps,isotonic,4454,4569,The source-to-target isotonic crosswalk was fitted only in the train cycle and locked before test-cycle evaluation; comparator is grouped five-fold OOF within the test cycle and is not used to tune the transported model.,oak,scrf,2011-2012_G,7265.314285714285,2013-2014_H,3611.718510447493,197.9124528343418,1329.7485984647349,0.1830269890842033,13.12984748052304,0.0018071960777168,1846.2881426635051,1.0099723989732852,600,3576.07086792686,-0.0254029569720127,1316.6187509842118,0.1812197930064864,1848.1629370525532
0.3019344244599476,-0.00122153938984,0.3031559638497877,-0.0038308044253879,3.148316247030209e-05,-0.0038622875878582,daily_steps,isotonic,4454,4569,The source-to-target isotonic crosswalk was fitted only in the train cycle and locked before test-cycle evaluation; comparator is grouped five-fold OOF within the test cycle and is not used to tune the transported model.,oak,scssl,2011-2012_G,5780.535714285714,2013-2014_H,4508.38416081871,-25.36115606286029,1723.198622167631,0.2981036200345597,-6.879162524319099,-0.0011900562273697,2271.988829781199,0.9960237842568772,600,4572.314535624098,3.816178484663856,1730.0777846919498,0.2992936762619295,2280.9698650151313
0.1507743222364123,-0.0010067443872943,0.1517810666237067,-0.0008682150281579,0.0002346375803735,-0.0011028526085314,daily_steps,isotonic,4454,4569,The source-to-target isotonic crosswalk was fitted only in the train cycle and locked before test-cycle evaluation; comparator is grouped five-fold OOF within the test cycle and is not used to tune the transported model.,oak,vs,2011-2012_G,5448.321428571429,2013-2014_H,2349.619362356106,-40.76354031733606,816.7366561764587,0.1499061072082544,-4.2066860612926575,-0.0007721068069208,1183.8124658912552,0.9948757900273288,600,2322.7316479490937,-0.3960174576390833,820.9433422377514,0.1506782140151752,1187.3999780628462
0.1388412799277799,-0.0009016029593478,0.1397428828871277,0.0012375327597184,0.0011489493063592,8.858345335918671e-05,daily_steps,isotonic,4454,4569,The source-to-target isotonic crosswalk was fitted only in the train cycle and locked before test-cycle evaluation; comparator is grouped five-fold OOF within the test cycle and is not used to tune the transported model.,oak,vsrev,2011-2012_G,6180.499999999999,2013-2014_H,2448.7541410093713,-32.41361453342716,865.7571018150833,0.1400788126874983,1.52872409770373,0.0002473463470113,1208.895308270048,1.0017688890310932,600,2462.1468690476177,0.5929884144737173,864.2283777173795,0.1398314663404869,1208.4732917343445
0.2022439529672378,-0.0014243947474463,0.2036683477146842,0.0064806523191051,0.0006923406602937,0.0057883116588114,daily_steps,isotonic,4454,4569,The source-to-target isotonic crosswalk was fitted only in the train cycle and locked before test-cycle evaluation; comparator is grouped five-fold OOF within the test cycle and is not used to tune the transported model.,scrf,acti,2011-2012_G,5340.982142857143,2013-2014_H,2899.3607425950627,-131.5604229151321,1114.7943896092638,0.208724605286343,-3.909887807087443,-0.0007320540871525,1495.13641896463,0.996504985378158,600,2876.118173096243,-2.3763069162608916,1118.7042774163513,0.2094566593734956,1484.777517024747
0.3609968383843218,-0.0054579057413844,0.3664547441257063,-0.0008356802228869,0.0008120247821664,-0.0016477050050534,daily_steps,isotonic,4454,4569,The source-to-target isotonic crosswalk was fitted only in the train cycle and locked before test-cycle evaluation; comparator is grouped five-fold OOF within the test cycle and is not used to tune the transported model.,scrf,adept,2011-2012_G,1962.6755350936176,2013-2014_H,2184.251545956931,-130.18515900351488,706.8794938144312,0.3601611581614348,-9.118356897614603,-0.004645880959218,1040.6338468797635,0.987264826439707,600,2125.0629542316724,-1.22249388733208,715.9978507120458,0.3648070391206529,1026.1469167278058
0.1758190504260014,0.0004637993021558,0.1753552511238456,-0.0002276121249372,-0.0003217942713859,9.418214644868472e-05,daily_steps,isotonic,4454,4569,The source-to-target isotonic crosswalk was fitted only in the train cycle and locked before test-cycle evaluation; comparator is grouped five-fold OOF within the test cycle and is not used to tune the transported model.,scrf,oak,2011-2012_G,6729.180357142858,2013-2014_H,3225.8379148920912,-178.40006757678688,1181.586457497983,0.1755914383010641,0.9555774636721708,0.0001420050307698,1610.3724024661424,1.000809378680358,600,3138.6739476335706,-2.861836000114258,1180.6308800343108,0.1754494332702942,1594.2076393335942
0.2388854444700741,0.000175857256422,0.238709587213652,-0.0026738184030676,0.0009946934342799,-0.0036685118373475,daily_steps,isotonic,4454,4569,The source-to-target isotonic crosswalk was fitted only in the train cycle and locked before test-cycle evaluation; comparator is grouped five-fold OOF within the test cycle and is not used to tune the transported model.,scrf,scssl,2011-2012_G,5780.535714285714,2013-2014_H,3715.6259728150617,-161.09333373464474,1365.4297406098333,0.2362116260670065,6.766410072984854,0.001170550690702,1910.2344113926808,1.004980196286236,600,3748.4434614526726,0.273567992775119,1358.6633305368484,0.2350410753763044,1897.1055319713137
0.214877258844083,-0.0017500993885097,0.2166273582325927,-6.6611260304272335e-06,-0.0004533529712458,0.0004466918452154,daily_steps,isotonic,4454,4569,The source-to-target isotonic crosswalk was fitted only in the train cycle and locked before test-cycle evaluation; comparator is grouped five-fold OOF within the test cycle and is not used to tune the transported model.,scrf,vs,2011-2012_G,5448.321428571429,2013-2014_H,3203.4998195182875,-172.5123613250325,1170.684081917217,0.2148705977180526,-12.005116708492553,-0.0022034523597555,1640.3262595930516,0.9898493055297684,600,3115.9092103174585,-2.575139424439106,1182.68919862571,0.2170740500778082,1639.9740965003127
0.211407761854741,0.0004830360954424,0.2109247257592985,0.0010908521203557,-0.0006110096650149,0.0017018617853707,daily_steps,isotonic,4454,4569,The source-to-target isotonic crosswalk was fitted only in the train cycle and locked before test-cycle evaluation; comparator is grouped five-fold OOF within the test cycle and is not used to tune the transported model.,scrf,vsrev,2011-2012_G,6180.499999999999,2013-2014_H,3643.7401904881026,-185.8239305796627,1313.3476836730858,0.2124986139750968,-0.7909406467429108,-0.0001279735695725,1831.347738809724,0.9993981299749468,600,3657.418439997235,-2.085461776665042,1314.1386243198288,0.2126265875446693,1819.6838263643965
0.3026729044340924,1.8296163475996106e-05,0.3026546082706164,0.0051849099931932,-0.0005739895401811,0.0057588995333743,daily_steps,isotonic,4454,4569,The source-to-target isotonic crosswalk was fitted only in the train cycle and locked before test-cycle evaluation; comparator is grouped five-fold OOF within the test cycle and is not used to tune the transported model.,scssl,acti,2011-2012_G,5340.982142857143,2013-2014_H,4160.021110741971,6.003670713337394,1644.2630893951612,0.3078578144272857,-2.967948401886133,-0.0005556933767051,2168.748108913508,0.9981982197191626,600,4158.5843394195235,-1.3774873369908012,1647.2310377970473,0.3084135078039908,2176.101534519697
0.3258879577942241,-0.0028459121569992,0.3287338699512233,-0.0002731720631891,0.0020702993390888,-0.002343471402278,daily_steps,isotonic,4454,4569,The source-to-target isotonic crosswalk was fitted only in the train cycle and locked before test-cycle evaluation; comparator is grouped five-fold OOF within the test cycle and is not used to tune the transported model.,scssl,adept,2011-2012_G,1962.6755350936176,2013-2014_H,1921.897242774054,-84.50095022795274,639.0761738190527,0.3256147857310349,-1.5222763024177084,-0.0007756128179103,927.8806507966816,0.9976236653364848,600,1887.7246841217748,-1.204101815271558,640.5984501214704,0.3263903985489453,912.8791003093694
0.2950988043037367,-0.0006311648125455,0.2957299691162822,-0.0010177417262552,-0.0005604864447931,-0.000457255281462,daily_steps,isotonic,4454,4569,The source-to-target isotonic crosswalk was fitted only in the train cycle and locked before test-cycle evaluation; comparator is grouped five-fold OOF within the test cycle and is not used to tune the transported model.,scssl,oak,2011-2012_G,6729.180357142858,2013-2014_H,5178.116060335023,-4.961229523277194,1978.9245097040875,0.2940810625774814,-8.01883623344861,-0.0011916512573387,2604.6659188917515,0.9959642350901228,600,5128.733737791222,-3.2071761992889853,1986.943345937536,0.2952727138348202,2612.0947579986173
0.2415434659498819,0.0053622503981852,0.2361812155516967,0.0017314974810875,-0.0012488585826108,0.0029803560636984,daily_steps,isotonic,4454,4569,The source-to-target isotonic crosswalk was fitted only in the train cycle and locked before test-cycle evaluation; comparator is grouped five-fold OOF within the test cycle and is not used to tune the transported model.,scssl,scrf,2011-2012_G,7265.314285714285,2013-2014_H,4652.943901881791,214.50061022788572,1767.469067171643,0.2432749634309695,29.885084320432725,0.0041133918155743,2516.498666286395,1.0171992171977748,600,4521.5773544973545,0.5176870010639014,1737.5839828512103,0.2391615716153951,2501.243683970699
0.2953683684362739,-0.0007810387446984,0.2961494071809724,-0.0021230345386715,-0.0013245279622926,-0.0007985065763788,daily_steps,isotonic,4454,4569,The source-to-target isotonic crosswalk was fitted only in the train cycle and locked before test-cycle evaluation; comparator is grouped five-fold OOF within the test cycle and is not used to tune the transported model.,scssl,vs,2011-2012_G,5448.321428571429,2013-2014_H,4204.733019085387,-39.45456862932229,1597.6948365028911,0.2932453338976024,-11.471804208985986,-0.002105566706991,2181.278442350641,0.9928709656795328,600,4158.885787457249,-4.5324391801419175,1609.166640711877,0.2953509006045935,2189.320546283278
0.3273469610886482,-0.0007938995386364,0.3281408606272846,-0.0010644079076656,-0.000839701154043,-0.0002247067536226,daily_steps,isotonic,4454,4569,The source-to-target isotonic crosswalk was fitted only in the train cycle and locked before test-cycle evaluation; comparator is grouped five-fold OOF within the test cycle and is not used to tune the transported model.,scssl,vsrev,2011-2012_G,6180.499999999999,2013-2014_H,5377.207450431076,-34.916893013705916,2016.5893199350623,0.3262825531809826,-10.09646908110517,-0.0016336006926794,2738.0050405955935,0.9950182366029188,600,5353.400133378484,-3.785098324846927,2026.6857890161675,0.327916153873662,2744.7548336204445
0.2031710210391993,7.178725916887414e-05,0.2030992337800304,0.0044209556076663,9.27285678941316e-05,0.0043282270397721,daily_steps,isotonic,4454,4569,The source-to-target isotonic crosswalk was fitted only in the train cycle and locked before test-cycle evaluation; comparator is grouped five-fold OOF within the test cycle and is not used to tune the transported model.,vs,acti,2011-2012_G,5340.982142857143,2013-2014_H,2927.2801177369984,34.829014119270546,1108.7450402713266,0.2075919766468656,0.8786760945608876,0.000164515827063,1472.9442951226115,1.0007931246249306,600,2905.708606889562,-1.9723862089579576,1107.8663641767655,0.2074274608198026,1477.5835178302991
0.3593719719664616,-0.0011387254363776,0.3605106974028392,-0.0020134903262197,-0.0011035204533894,-0.0009099698728302,daily_steps,isotonic,4454,4569,The source-to-target isotonic crosswalk was fitted only in the train cycle and locked before test-cycle evaluation; comparator is grouped five-fold OOF within the test cycle and is not used to tune the transported model.,vs,adept,2011-2012_G,1962.6755350936176,2013-2014_H,2101.4388375059116,-80.62877660077243,701.3787491735046,0.3573584816402419,-4.400801151510109,-0.0022422458897671,1008.0629651960572,0.993764623600268,600,2040.595870699781,0.2257503299413286,705.7795503250147,0.359600727530009,998.7946232740333
0.1503235972455176,0.0003135288905613,0.1500100683549563,-0.0002831205688286,4.935646620747206e-05,-0.000332477035036,daily_steps,isotonic,4454,4569,The source-to-target isotonic crosswalk was fitted only in the train cycle and locked before test-cycle evaluation; comparator is grouped five-fold OOF within the test cycle and is not used to tune the transported model.,vs,oak,2011-2012_G,6729.180357142858,2013-2014_H,2920.2459070146715,35.90849717160565,1009.6494284291268,0.150040476676689,2.4419210146633077,0.0003628853567687,1449.3780552912667,1.0024244467964023,600,2915.858131529051,-1.74847373938123,1007.2075074144636,0.1496775913199202,1450.753902276032
0.2222547715605406,0.0007314818164161,0.2215232897441245,0.0029324317590682,0.0006619272814067,0.0022705044776614,daily_steps,isotonic,4454,4569,The source-to-target isotonic crosswalk was fitted only in the train cycle and locked before test-cycle evaluation; comparator is grouped five-fold OOF within the test cycle and is not used to tune the transported model.,vs,scrf,2011-2012_G,7265.314285714285,2013-2014_H,4558.909985119043,247.63130546229033,1636.0558052380015,0.2251872033196088,10.12355502425703,0.0013934090978229,2329.518806799812,1.0062263080290867,600,4506.875216450215,-2.8230068632528846,1625.9322502137445,0.2237937942217859,2322.513977480678
0.3025685716138021,-0.0015126763652402,0.3040812479790423,-0.0042728348306706,0.0001705853466029,-0.0044434201772736,daily_steps,isotonic,4454,4569,The source-to-target isotonic crosswalk was fitted only in the train cycle and locked before test-cycle evaluation; comparator is grouped five-fold OOF within the test cycle and is not used to tune the transported model.,vs,scssl,2011-2012_G,5780.535714285714,2013-2014_H,4618.6450320105805,5.774792023620168,1724.3091598940618,0.2982957367831314,-7.758005065055158,-0.0013420910186373,2328.7137784885335,0.9955209559871552,600,4563.823834054831,1.8746953830552544,1732.067164959117,0.2996378278017687,2334.4926070406455
0.1253485976286495,-0.0009977901813581,0.1263463878100076,0.0017630689060674,0.0006000468060189,0.0011630221000485,daily_steps,isotonic,4454,4569,The source-to-target isotonic crosswalk was fitted only in the train cycle and locked before test-cycle evaluation; comparator is grouped five-fold OOF within the test cycle and is not used to tune the transported model.,vs,vsrev,2011-2012_G,6180.499999999999,2013-2014_H,2238.8171428571386,8.044627299903757,785.613655017818,0.1271116665347169,-2.4582529312841643,-0.0003977433753392,1135.7930304533634,0.9968806743312528,600,2234.3832704402525,-0.0877334645464791,788.0719079491022,0.1275094099100562,1130.18119353269
0.2191124263046776,-0.0005021706467274,0.219614596951405,0.0076412557470515,0.0008998460020318,0.0067414097450196,daily_steps,isotonic,4454,4569,The source-to-target isotonic crosswalk was fitted only in the train cycle and locked before test-cycle evaluation; comparator is grouped five-fold OOF within the test cycle and is not used to tune the transported model.,vsrev,acti,2011-2012_G,5340.982142857143,2013-2014_H,2977.6934235479466,25.6904372082344,1211.0873666653915,0.2267536820517291,2.1239769713354235,0.0003976753553044,1537.9003497138926,1.0017568579738985,600,2997.222318982384,-0.2899284218687599,1208.963389694056,0.2263560066964246,1536.016488076527
0.3694238998201941,-0.0028326072883762,0.3722565071085704,-0.0010588477668219,0.00035288519844,-0.0014117329652619,daily_steps,isotonic,4454,4569,The source-to-target isotonic crosswalk was fitted only in the train cycle and locked before test-cycle evaluation; comparator is grouped five-fold OOF within the test cycle and is not used to tune the transported model.,vsrev,adept,2011-2012_G,1962.6755350936176,2013-2014_H,2140.8241606346787,-79.75141436315698,722.9810756486407,0.3683650520533722,-4.866889879748896,-0.0024797220899361,1044.3846537160398,0.9933133152660312,600,2074.3162369611146,-0.4668379431985458,727.8479655283896,0.3708447741433084,1038.834661713845
0.1382743278280318,0.0003578993837618,0.13791642844427,0.0010272877650153,-0.0001226097155094,0.0011498974805248,daily_steps,isotonic,4454,4569,The source-to-target isotonic crosswalk was fitted only in the train cycle and locked before test-cycle evaluation; comparator is grouped five-fold OOF within the test cycle and is not used to tune the transported model.,vsrev,oak,2011-2012_G,6729.180357142858,2013-2014_H,2574.547182276549,23.633709673015822,937.3856953669986,0.1393016155930472,1.5833066138425238,0.0002352896682523,1260.7836970467204,1.0016919240994373,600,2585.895590017559,0.8311780844475855,935.802388753156,0.1390663259247948,1266.445353626979
0.2181119675524345,0.0015885265839915,0.216523440968443,0.0031540039813639,0.0001342213960356,0.0030197825853283,daily_steps,isotonic,4454,4569,The source-to-target isotonic crosswalk was fitted only in the train cycle and locked before test-cycle evaluation; comparator is grouped five-fold OOF within the test cycle and is not used to tune the transported model.,vsrev,scrf,2011-2012_G,7265.314285714285,2013-2014_H,4452.529557826875,238.38681673833457,1607.5668239269569,0.2212659715337985,12.516305509976746,0.0017227479800271,2201.574716903344,1.007846964949047,600,4406.486399403068,-4.801910626781513,1595.05051841698,0.2195432235537713,2196.769298778661
0.3349104638299713,0.0014814658945182,0.3334289979354531,-0.0047836369315037,-0.0028919608031154,-0.0018916761283883,daily_steps,isotonic,4454,4569,The source-to-target isotonic crosswalk was fitted only in the train cycle and locked before test-cycle evaluation; comparator is grouped five-fold OOF within the test cycle and is not used to tune the transported model.,vsrev,scssl,2011-2012_G,5780.535714285714,2013-2014_H,5070.203462301585,0.3362289164399128,1908.3099131304095,0.3301268268984676,-8.153416193963949,-0.0014104949085971,2525.2238652144365,0.9957455923788334,600,5007.340296031745,2.4272644375565,1916.4633293243735,0.3315373218070648,2541.304140321589
0.1245010549539332,-0.0005843132830974,0.1250853682370306,0.0008732772547891,-0.000280237926015,0.0011535151808042,daily_steps,isotonic,4454,4569,The source-to-target isotonic crosswalk was fitted only in the train cycle and locked before test-cycle evaluation; comparator is grouped five-fold OOF within the test cycle and is not used to tune the transported model.,vsrev,vs,2011-2012_G,5448.321428571429,2013-2014_H,1842.0700075868883,-15.717391139926017,683.0796607656154,0.1253743322087224,-4.710352878705066,-0.0008645512091125,948.899198948042,0.993151466602798,600,1852.0895044797048,1.6549273300690297,687.7900136443204,0.1262388834178349,957.1727346909256
0.4157044362344749,0.0050150563540244,0.4106893798804505,0.0035675619771198,0.0015597816443585,0.0020077803327612,daily_steps,isotonic,4527,4409,The source-to-target isotonic crosswalk was fitted only in the train cycle and locked before test-cycle evaluation; comparator is grouped five-fold OOF within the test cycle and is not used to tune the transported model.,acti,adept,2013-2014_H,1828.7676775726632,2011-2012_G,2064.587040457698,88.04931931640284,766.7510784406678,0.4192719982115947,12.023851216719208,0.0065748379983829,1083.2330565940654,1.015931386576506,720,2100.90356112212,0.2037962955860388,754.7272272239486,0.4126971602132118,1099.2950681329671
0.1638935255255645,-0.0006221717012037,0.1645156972267682,0.0013607434513913,-5.095230612078155e-05,0.0014116957575121,daily_steps,isotonic,4527,4409,The source-to-target isotonic crosswalk was fitted only in the train cycle and locked before test-cycle evaluation; comparator is grouped five-fold OOF within the test cycle and is not used to tune the transported model.,acti,oak,2013-2014_H,6825.153571428573,2011-2012_G,2961.7932786086835,16.58235656955841,1127.8857641018883,0.1652542689769558,-4.59417472260543,-0.0006731240073245,1510.6232403162323,0.9959432617169588,720,2981.454182081802,2.596702391464827,1132.4799388244935,0.1659273929842804,1515.670547859081
0.2089759381365863,0.0024349638562741,0.2065409742803122,0.0018400937463477,0.0010326931093236,0.000807400637024,daily_steps,isotonic,4527,4409,The source-to-target isotonic crosswalk was fitted only in the train cycle and locked before test-cycle evaluation; comparator is grouped five-fold OOF within the test cycle and is not used to tune the transported model.,acti,scrf,2013-2014_H,7469.047619047618,2011-2012_G,4217.625282969064,-205.0122507614635,1574.5949809922954,0.210816031882934,25.900095002572016,0.0034676569655977,2141.5756121691725,1.0167238203192104,720,4161.721274934217,5.047816103293159,1548.6948859897234,0.2073483749173362,2130.7869629052952
0.3164383449189752,-0.0007013330418476,0.3171396779608228,-0.0005862559625307,0.0017820079299249,-0.0023682638924557,daily_steps,isotonic,4527,4409,The source-to-target isotonic crosswalk was fitted only in the train cycle and locked before test-cycle evaluation; comparator is grouped five-fold OOF within the test cycle and is not used to tune the transported model.,acti,scssl,2013-2014_H,5742.714285714286,2011-2012_G,4838.180860667445,13.938529239541362,1813.8483034228732,0.3158520889564444,6.206007117974423,0.0010806748880773,2430.2154495857517,1.0034332053032065,720,4843.6088573883135,2.82421409680922,1807.6422963048988,0.3147714140683671,2421.0123863695317
0.1992625021060403,0.0001185491612844,0.1991439529447559,0.0030116512228511,0.0009687305011497,0.0020429207217013,daily_steps,isotonic,4527,4409,The source-to-target isotonic crosswalk was fitted only in the train cycle and locked before test-cycle evaluation; comparator is grouped five-fold OOF within the test cycle and is not used to tune the transported model.,acti,vs,2013-2014_H,5464.014285714285,2011-2012_G,3008.523838087536,48.67616859105436,1105.2288634198242,0.2022741533288914,5.940911608106944,0.0010872796624341,1518.7976737498527,1.0054043270448982,720,2979.067106729697,1.39533482474873,1099.2879518117172,0.2011868736664572,1518.592494531298
0.2157548055638027,-0.0004356135190603,0.216190419082863,0.0034765594649529,0.0005501284236006,0.0029264310413522,daily_steps,isotonic,4527,4409,The source-to-target isotonic crosswalk was fitted only in the train cycle and locked before test-cycle evaluation; comparator is grouped five-fold OOF within the test cycle and is not used to tune the transported model.,acti,vsrev,2013-2014_H,6167.0,2011-2012_G,3611.9478909464992,44.75736096754888,1351.999828132336,0.2192313650287556,0.706213416300443,0.0001145149045403,1777.003467543016,1.0005226202570705,720,3563.21595238095,0.4667652240717664,1351.2936147160356,0.2191168501242152,1772.5127790220035
0.3745920763653639,-0.0013560029654323,0.3759480793307962,0.0012145648355597,-0.0001428312589807,0.0013573960945405,daily_steps,isotonic,4527,4409,The source-to-target isotonic crosswalk was fitted only in the train cycle and locked before test-cycle evaluation; comparator is grouped five-fold OOF within the test cycle and is not used to tune the transported model.,adept,acti,2013-2014_H,5477.500000000002,2011-2012_G,5259.960706628056,-133.5448852305516,2058.48087717806,0.3758066412009236,-8.209864464222846,-0.0014988342244131,2682.3407802153915,0.9960275312126772,720,5345.230618668101,0.1814526554661287,2066.690741642283,0.3773054754253367,2683.8304397111974
0.3284816402782551,-0.0019672025001424,0.3304488427783976,0.0012583674061769,0.0010354094983946,0.0002229579077822,daily_steps,isotonic,4527,4409,The source-to-target isotonic crosswalk was fitted only in the train cycle and locked before test-cycle evaluation; comparator is grouped five-fold OOF within the test cycle and is not used to tune the transported model.,adept,oak,2013-2014_H,6825.153571428573,2011-2012_G,6022.1805634169195,-177.5858318944675,2250.5261910902864,0.329740007684432,-6.359630333711721,-0.0009317930017478,3015.700269139305,0.9971821213668226,720,6011.971450978158,4.292661103534714,2256.885821423998,0.3306718006861799,3013.8631778342324
0.3497562665912568,-0.0060025428461963,0.3557588094374532,-0.0011357233121045,0.0008048589795478,-0.0019405822916523,daily_steps,isotonic,4527,4409,The source-to-target isotonic crosswalk was fitted only in the train cycle and locked before test-cycle evaluation; comparator is grouped five-fold OOF within the test cycle and is not used to tune the transported model.,adept,scrf,2013-2014_H,7469.047619047618,2011-2012_G,7276.675212362632,-412.975322589842,2603.8634387302395,0.3486205432791522,-38.821748308753286,-0.0051976838666485,3663.8710700932193,0.9853097340163128,720,7248.79586013845,2.8927423832161843,2642.685187038993,0.3538182271458008,3649.550460856629
0.311312189374708,-0.0039408354289923,0.3152530248037004,0.0011551757762713,0.00083325769193,0.0003219180843412,daily_steps,isotonic,4527,4409,The source-to-target isotonic crosswalk was fitted only in the train cycle and locked before test-cycle evaluation; comparator is grouped five-fold OOF within the test cycle and is not used to tune the transported model.,adept,scssl,2013-2014_H,5742.714285714286,2011-2012_G,4913.487209450828,-170.1890735125411,1794.4108016720318,0.3124673651509794,-17.845931064595334,-0.0031075777370622,2451.4590407585856,0.9901526473913844,720,4882.521517857137,-1.679850030134921,1812.256732736627,0.3155749428880417,2457.8310556136357
0.3322363332067393,-0.001733173005957,0.3339695062126964,0.0046626245430796,0.0004728415320877,0.0041897830109918,daily_steps,isotonic,4527,4409,The source-to-target isotonic crosswalk was fitted only in the train cycle and locked before test-cycle evaluation; comparator is grouped five-fold OOF within the test cycle and is not used to tune the transported model.,adept,vs,2013-2014_H,5464.014285714285,2011-2012_G,4852.435141686181,-102.00049212495992,1840.820717987264,0.3368989577498189,-6.886469177957451,-0.0012603314738693,2455.8255843203465,0.99627296509653,720,4895.379917756845,5.0624671880813095,1847.7071871652213,0.3381592892236882,2459.2840216919226
0.351041887957756,-0.0026908432748354,0.3537327312325915,0.00539569206316,0.0013103905464515,0.0040853015167084,daily_steps,isotonic,4527,4409,The source-to-target isotonic crosswalk was fitted only in the train cycle and locked before test-cycle evaluation; comparator is grouped five-fold OOF within the test cycle and is not used to tune the transported model.,adept,vsrev,2013-2014_H,6167.0,2011-2012_G,6016.97064753213,-128.6042517481439,2198.1505559889897,0.3564375800209161,-8.513251975943604,-0.0013804527283839,3049.942124367516,0.9961420258286672,720,6027.9867788659385,5.4993296618064385,2206.6638079649333,0.3578180327493,3053.321429781284
0.1659198393474323,0.0002569752848136,0.1656628640626187,0.00030333402729,-0.0006167664171221,0.0009201004444122,daily_steps,isotonic,4527,4409,The source-to-target isotonic crosswalk was fitted only in the train cycle and locked before test-cycle evaluation; comparator is grouped five-fold OOF within the test cycle and is not used to tune the transported model.,oak,acti,2013-2014_H,5477.500000000002,2011-2012_G,2334.344396882188,-5.573051995554718,910.4874321600424,0.1662231733747224,-1.970755927219784,-0.0003597911323084,1213.208562746577,0.9978401685107884,720,2295.4462187149907,-1.64255171811374,912.4581880872622,0.1665829645070309,1209.4298695287212
0.371318516709767,0.0077639242948722,0.3635545924148948,0.0012234307298151,-0.000936076003405,0.0021595067332201,daily_steps,isotonic,4527,4409,The source-to-target isotonic crosswalk was fitted only in the train cycle and locked before test-cycle evaluation; comparator is grouped five-fold OOF within the test cycle and is not used to tune the transported model.,oak,adept,2013-2014_H,1828.7676775726632,2011-2012_G,1886.5932400345216,82.71087370453026,681.292672017482,0.3725419474395822,12.48654826280506,0.0068278482914672,988.9213779755156,1.018669907196282,720,1936.788068997881,0.3424237536539567,668.806123754677,0.365714099148115,993.937894834655
0.1838919157598777,0.0006137384222515,0.1832781773376262,-0.0014862949047788,0.0007209839863551,-0.002207278891134,daily_steps,isotonic,4527,4409,The source-to-target isotonic crosswalk was fitted only in the train cycle and locked before test-cycle evaluation; comparator is grouped five-fold OOF within the test cycle and is not used to tune the transported model.,oak,scrf,2013-2014_H,7469.047619047618,2011-2012_G,3807.0090104694345,-205.2549955034692,1362.3962681486785,0.1824056208550988,9.969105228093213,0.0013347224086066,1873.914365413361,1.007371269596926,720,3770.7541017316016,-0.1141339883586733,1352.4271629205853,0.1810708984464921,1859.5040997327285
0.3119006968452754,-0.000878699650715,0.3127793964959904,-0.0026999480641914,-0.000682191396298,-0.0020177566678933,daily_steps,isotonic,4527,4409,The source-to-target isotonic crosswalk was fitted only in the train cycle and locked before test-cycle evaluation; comparator is grouped five-fold OOF within the test cycle and is not used to tune the transported model.,oak,scssl,2013-2014_H,5742.714285714286,2011-2012_G,4612.4373048855905,8.189721531514918,1775.651557178685,0.3092007487810839,-8.963751314125602,-0.001560891047013,2345.1159675327667,0.994977208101114,720,4673.982227537418,-4.265418694507039,1784.6153084928103,0.310761639828097,2353.8741938019925
0.1510449469804421,-0.000499470239195,0.1515444172196371,0.0022594878153759,0.0005781857665678,0.001681302048808,daily_steps,isotonic,4527,4409,The source-to-target isotonic crosswalk was fitted only in the train cycle and locked before test-cycle evaluation; comparator is grouped five-fold OOF within the test cycle and is not used to tune the transported model.,oak,vs,2013-2014_H,5464.014285714285,2011-2012_G,2241.2910509860512,42.32870614622853,837.657621787704,0.153304434795818,0.4301027660725367,7.871552737280434e-05,1236.9016720058646,1.0005137226814704,720,2284.648034531691,-0.0279448424604299,837.2275190216315,0.1532257192684452,1237.7303636724046
0.1411624095200248,0.0003297778452257,0.140832631674799,0.002441425175908,0.0007271553841232,0.0017142697917847,daily_steps,isotonic,4527,4409,The source-to-target isotonic crosswalk was fitted only in the train cycle and locked before test-cycle evaluation; comparator is grouped five-fold OOF within the test cycle and is not used to tune the transported model.,oak,vsrev,2013-2014_H,6167.0,2011-2012_G,2515.1724527310944,35.81123831239434,885.6048485698182,0.1436038346959329,6.5181072253956245,0.001056933229349,1249.640933784088,1.0074146348919188,720,2495.469799783549,-4.100676343912017,879.0867413444225,0.1425469014665838,1246.6450694056791
0.2049303155425789,0.0019029403134748,0.203027375229104,0.0016197720257131,0.001279424833053,0.00034034719266,daily_steps,isotonic,4527,4409,The source-to-target isotonic crosswalk was fitted only in the train cycle and locked before test-cycle evaluation; comparator is grouped five-fold OOF within the test cycle and is not used to tune the transported model.,scrf,acti,2013-2014_H,5477.500000000002,2011-2012_G,2820.3498489395733,140.75244543360196,1131.37810465532,0.206550087568292,17.431405090106864,0.0031823651465279,1489.2465357247695,1.0156483295806795,720,2826.845138210325,-4.89194606577044,1113.946699565213,0.203367722421764,1475.5213845398923
0.3845739644263297,0.0121734452310974,0.3724005191952322,0.0025697507948932,0.0024984065345172,7.134426037602726e-05,daily_steps,isotonic,4527,4409,The source-to-target isotonic crosswalk was fitted only in the train cycle and locked before test-cycle evaluation; comparator is grouped five-fold OOF within the test cycle and is not used to tune the transported model.,scrf,adept,2013-2014_H,1828.7676775726632,2011-2012_G,1966.9890651278952,129.15387410824133,707.9959129719684,0.387143715221223,26.83140827909358,0.0146718517656147,1021.9916073067536,1.0393904968539007,720,1978.1096621820425,1.100221508563424,681.1645046928749,0.3724718634556083,1012.6010120442196
0.1791934651058404,0.0018010655996473,0.1773923995061931,-0.0001463021085457,0.0005516481171672,-0.000697950225713,daily_steps,isotonic,4527,4409,The source-to-target isotonic crosswalk was fitted only in the train cycle and locked before test-cycle evaluation; comparator is grouped five-fold OOF within the test cycle and is not used to tune the transported model.,scrf,oak,2013-2014_H,6825.153571428573,2011-2012_G,3198.334663311275,188.7336321465449,1222.0243839851394,0.1790471629972946,16.057632426865666,0.0023527137168145,1628.8006301142807,1.0133151535115847,720,3166.59395570054,-3.747813965265282,1205.9667515582737,0.1766944492804801,1616.149594067498
0.2488691803021581,0.0006087557184093,0.2482604245837488,0.0005014694065275,0.000250871600103,0.0002505978064244,daily_steps,isotonic,4527,4409,The source-to-target isotonic crosswalk was fitted only in the train cycle and locked before test-cycle evaluation; comparator is grouped five-fold OOF within the test cycle and is not used to tune the transported model.,scrf,scssl,2013-2014_H,5742.714285714286,2011-2012_G,4004.99981227106,167.37701874620376,1432.064392519922,0.2493706497086856,4.936594082411375,0.0008596273185123,1977.384123457588,1.0034591114319378,720,3950.486309523808,-0.0815841088824989,1427.1277984375106,0.2485110223901732,1964.7733111166965
0.2182374095576786,0.0037452741834524,0.2144921353742261,0.0036193447999529,0.0007606341088047,0.0028587106911481,daily_steps,isotonic,4527,4409,The source-to-target isotonic crosswalk was fitted only in the train cycle and locked before test-cycle evaluation; comparator is grouped five-fold OOF within the test cycle and is not used to tune the transported model.,scrf,vs,2013-2014_H,5464.014285714285,2011-2012_G,3261.2025191823955,187.94391093498763,1212.2284751923034,0.2218567543576315,24.620347279011867,0.0045059082922572,1639.041976275524,1.020731036358156,720,3302.2216605036792,-3.0696118144133746,1187.6081279132916,0.2173508460653743,1626.3268995118094
0.2145191549875987,0.00279909216556,0.2117200628220387,0.0029868248740131,0.0007768173987932,0.0022100074752198,daily_steps,isotonic,4527,4409,The source-to-target isotonic crosswalk was fitted only in the train cycle and locked before test-cycle evaluation; comparator is grouped five-fold OOF within the test cycle and is not used to tune the transported model.,scrf,vsrev,2013-2014_H,6167.0,2011-2012_G,3627.490606398809,200.813985466024,1341.3593778065606,0.2175059798616119,22.052634283366615,0.0035759095643532,1828.2727916845504,1.0167153199145145,720,3653.26079651941,-5.642705298652123,1319.306743523194,0.2139300702972586,1816.5089668909964
0.3111462080034028,-0.0005530741276831,0.311699282131086,-0.0018421105865996,-0.0002887411764273,-0.0015533694101723,daily_steps,isotonic,4527,4409,The source-to-target isotonic crosswalk was fitted only in the train cycle and locked before test-cycle evaluation; comparator is grouped five-fold OOF within the test cycle and is not used to tune the transported model.,scssl,acti,2013-2014_H,5477.500000000002,2011-2012_G,4270.8919533545695,4.498370889201226,1694.21319360054,0.3093040974168031,-4.611043328265396,-0.0008418153041105,2219.734786586842,0.9972857443236144,720,4303.493484713031,-1.9315717567787016,1698.8242369288052,0.3101459127209137,2228.443128720175
0.3320136515429621,0.003888951619477,0.328124699923485,0.0020899957370512,-0.0016400199903267,0.0037300157273779,daily_steps,isotonic,4527,4409,The source-to-target isotonic crosswalk was fitted only in the train cycle and locked before test-cycle evaluation; comparator is grouped five-fold OOF within the test cycle and is not used to tune the transported model.,scssl,adept,2013-2014_H,1828.7676775726632,2011-2012_G,1712.2390661428628,79.34972412220198,610.9979511048261,0.3341036472800133,4.112773472460958,0.0022489316291503,890.7700868836846,1.0067768560249009,720,1737.267760726702,4.99491163445636,606.8851776323652,0.3318547156508629,913.7281616079016
0.3049259305436084,-2.8769315802031683e-05,0.3049546998594105,-0.0015284384857188,-0.0006191796224749,-0.0009092588632438,daily_steps,isotonic,4527,4409,The source-to-target isotonic crosswalk was fitted only in the train cycle and locked before test-cycle evaluation; comparator is grouped five-fold OOF within the test cycle and is not used to tune the transported model.,scssl,oak,2013-2014_H,6825.153571428573,2011-2012_G,5256.375062427402,16.160369778775088,2070.734476481377,0.3033974920578896,-4.422351010184684,-0.000647948938277,2701.3489136737476,0.997868907568046,720,5331.466645661218,-0.9297651442729884,2075.1568274915617,0.3040454409961666,2700.0271350017097
0.2498198068631529,-0.0026236294682239,0.2524434363313769,-0.0017682670322592,-0.0001758095092077,-0.0015924575230515,daily_steps,isotonic,4527,4409,The source-to-target isotonic crosswalk was fitted only in the train cycle and locked before test-cycle evaluation; comparator is grouped five-fold OOF within the test cycle and is not used to tune the transported model.,scssl,scrf,2013-2014_H,7469.047619047618,2011-2012_G,5101.416634604756,-207.62747098188024,1852.7087629750315,0.2480515398308936,-20.909143029055254,-0.0027994389774316,2607.948436020048,0.9888402309979794,720,5032.655765198102,0.2927348413742466,1873.6179060040868,0.2508509788083253,2594.4036115502736
0.3016885919156572,0.0014294200836118,0.3002591718320453,0.0027509699630913,-0.0002937893428885,0.0030447593059799,daily_steps,isotonic,4527,4409,The source-to-target isotonic crosswalk was fitted only in the train cycle and locked before test-cycle evaluation; comparator is grouped five-fold OOF within the test cycle and is not used to tune the transported model.,scssl,vs,2013-2014_H,5464.014285714285,2011-2012_G,4371.690440445374,44.928525226147265,1663.4621152420802,0.3044395618787486,6.205102590608249,0.0011356307407232,2263.1155415526728,1.003744200533314,720,4331.03057718579,-1.1864307262439089,1657.257012651472,0.3033039311380253,2255.943621880768
0.3374913817680768,0.0011420660234276,0.3363493157446491,0.0014108633422319,-0.0003730925435319,0.0017839558857639,daily_steps,isotonic,4527,4409,The source-to-target isotonic crosswalk was fitted only in the train cycle and locked before test-cycle evaluation; comparator is grouped five-fold OOF within the test cycle and is not used to tune the transported model.,scssl,vsrev,2013-2014_H,6167.0,2011-2012_G,5568.059254423113,45.194593743165306,2090.0101455952745,0.3389022451103088,4.74225945051694,0.0007689734798957,2831.5356958962207,1.0022741727727291,720,5604.578350208303,-3.57677541396879,2085.2678861447575,0.338133271630413,2824.1430236659357
0.2023742241679876,-0.0017103651857511,0.2040845893537387,0.000721752003257,0.0010555191139737,-0.0003337671107166,daily_steps,isotonic,4527,4409,The source-to-target isotonic crosswalk was fitted only in the train cycle and locked before test-cycle evaluation; comparator is grouped five-fold OOF within the test cycle and is not used to tune the transported model.,vs,acti,2013-2014_H,5477.500000000002,2011-2012_G,2910.8152029104326,-39.96817941858756,1112.458209477993,0.2030959761712446,-3.5869193581604577,-0.0006548460717773,1486.1075459307162,0.9967860445196324,720,2912.196554220972,-1.3251097657213935,1116.0451288361537,0.203750822243022,1491.137922446049
0.3743765523171712,0.0053492408008581,0.3690273115163131,0.0007476065701219,-0.0006759385623772,0.0014235451324992,daily_steps,isotonic,4527,4409,The source-to-target isotonic crosswalk was fitted only in the train cycle and locked before test-cycle evaluation; comparator is grouped five-fold OOF within the test cycle and is not used to tune the transported model.,vs,adept,2013-2014_H,1828.7676775726632,2011-2012_G,1876.9718646400947,74.63889965066505,686.0149368497138,0.3751241588872931,8.546384081261749,0.0046733022384808,986.6214849329112,1.0126151746030678,720,1947.6081783540017,0.6593830950779,677.468552768452,0.3704508566488123,994.4141002905312
0.1528593329755063,-0.0002670610447071,0.1531263940202135,2.4657511816905675e-05,0.0005359964443849,-0.000511338932568,daily_steps,isotonic,4527,4409,The source-to-target isotonic crosswalk was fitted only in the train cycle and locked before test-cycle evaluation; comparator is grouped five-fold OOF within the test cycle and is not used to tune the transported model.,vs,oak,2013-2014_H,6825.153571428573,2011-2012_G,2905.018446764335,-35.742615363870286,1043.4567136888063,0.1528839904873233,1.8355254035948292,0.0002689353996778,1517.863049418091,1.0017621813229594,720,2929.497223152706,-0.1157346086729464,1041.6211882852117,0.1526150550876454,1525.5341286993732
0.2255575637000119,0.0009329781873875,0.2246245855126244,-0.0001062102162453,-0.0001123418453261,6.131629080780021e-06,daily_steps,isotonic,4527,4409,The source-to-target isotonic crosswalk was fitted only in the train cycle and locked before test-cycle evaluation; comparator is grouped five-fold OOF within the test cycle and is not used to tune the transported model.,vs,scrf,2013-2014_H,7469.047619047618,2011-2012_G,4847.977558561087,-256.580171552931,1683.9068949489902,0.2254513534837666,6.1293719167777,0.0008206363420614,2374.5367003928577,1.0036532685845618,720,4882.926792864291,-0.8930845911916847,1677.7775230322125,0.2246307171417052,2357.1444010429263
0.3112113690470517,-0.0027531037211751,0.3139644727682268,-0.0012745189651381,0.00087943553078,-0.0021539544959181,daily_steps,isotonic,4527,4409,The source-to-target isotonic crosswalk was fitted only in the train cycle and locked before test-cycle evaluation; comparator is grouped five-fold OOF within the test cycle and is not used to tune the transported model.,vs,scssl,2013-2014_H,5742.714285714286,2011-2012_G,4893.391819554658,-23.759180712909902,1779.8787766346918,0.3099368500819135,-10.759941083670585,-0.0018736681903951,2433.356104660081,0.9939910038930796,720,4968.996055311179,0.6457227009847567,1790.6387177183624,0.3118105182723086,2458.903614317064
0.1250178838609207,-0.0006137164321295,0.1256316002930502,0.0021414621562161,0.0002577489941788,0.0018837131620373,daily_steps,isotonic,4527,4409,The source-to-target isotonic crosswalk was fitted only in the train cycle and locked before test-cycle evaluation; comparator is grouped five-fold OOF within the test cycle and is not used to tune the transported model.,vs,vsrev,2013-2014_H,6167.0,2011-2012_G,2196.465610509771,-8.447094841563398,784.1916868876831,0.1271593460171368,-2.1952511898418834,-0.0003559674379506,1158.3900253848467,0.9972084338084142,720,2265.4882429653667,2.197706498074219,786.386938077525,0.1275153134550875,1159.1778589193689
0.2161642619624392,-0.001199991339254,0.2173642533016932,0.0016194614463627,0.0006108231768038,0.0010086382695588,daily_steps,isotonic,4527,4409,The source-to-target isotonic crosswalk was fitted only in the train cycle and locked before test-cycle evaluation; comparator is grouped five-fold OOF within the test cycle and is not used to tune the transported model.,vsrev,acti,2013-2014_H,5477.500000000002,2011-2012_G,2909.4303533289735,-23.768353282640703,1192.9103449717134,0.217783723408802,-3.227168609820638,-0.0005891681624501,1521.0799894059685,0.997302008696176,720,2967.475523594052,0.4323801723349261,1196.137513581534,0.2183728915712521,1527.60427769668
0.3887627140556051,0.0064693257909879,0.3822933882646171,0.0016827122533799,0.0002940493423352,0.0013886629110447,daily_steps,isotonic,4527,4409,The source-to-target isotonic crosswalk was fitted only in the train cycle and locked before test-cycle evaluation; comparator is grouped five-fold OOF within the test cycle and is not used to tune the transported model.,vsrev,adept,2013-2014_H,1828.7676775726632,2011-2012_G,1969.938687683343,76.23354581368,714.0339754899511,0.3904454263089851,12.36864183512023,0.0067633751333232,1037.3030542772665,1.0176275515432611,720,2001.8542916847912,1.6004406888640297,701.6653336548309,0.3836820511756619,1036.3645414816292
0.1389451386517247,0.0001780944754586,0.1387670441762661,0.001124964540367,-0.0006085333866734,0.0017334979270405,daily_steps,isotonic,4527,4409,The source-to-target isotonic crosswalk was fitted only in the train cycle and locked before test-cycle evaluation; comparator is grouped five-fold OOF within the test cycle and is not used to tune the transported model.,vsrev,oak,2013-2014_H,6825.153571428573,2011-2012_G,2646.860755161952,-29.24326411047504,955.9999650518746,0.1400701031920918,-2.937811672159569,-0.0004304389112148,1303.0995821881438,0.9969363896767152,720,2646.874392070785,3.3405140149749415,958.9377767240342,0.1405005421033066,1312.620327914959
0.2203129413961728,0.0004933410520923,0.2198196003440805,-0.0008248006417831,0.0001040283382875,-0.0009288289800706,daily_steps,isotonic,4527,4409,The source-to-target isotonic crosswalk was fitted only in the train cycle and locked before test-cycle evaluation; comparator is grouped five-fold OOF within the test cycle and is not used to tune the transported model.,vsrev,scrf,2013-2014_H,7469.047619047618,2011-2012_G,4649.609912698413,-236.107511306333,1639.3673751107633,0.2194881407543897,4.46178042290876,0.0005973693903798,2248.6165712531892,1.0027290752673463,720,4566.687942857138,5.490317465461436,1634.9055946878543,0.2188907713640098,2249.0995949282647
0.3438916001938685,-0.0016988891178638,0.3455904893117323,-0.0014653791748461,0.0005379719132574,-0.0020033510881035,daily_steps,isotonic,4527,4409,The source-to-target isotonic crosswalk was fitted only in the train cycle and locked before test-cycle evaluation; comparator is grouped five-fold OOF within the test cycle and is not used to tune the transported model.,vsrev,scssl,2013-2014_H,5742.714285714286,2011-2012_G,5207.893060419384,-11.643939055652282,1966.455951249097,0.3424262210190223,-6.666815815424798,-0.0011609172046064,2625.3481859471844,0.996621185500108,720,5226.047220215518,3.16913169500979,1973.122767064522,0.3435871382236288,2641.5736190477537
0.1217844411034266,-0.0009670797995586,0.1227515209029852,0.0028294956569139,0.0004543296851415,0.0023751659717723,daily_steps,isotonic,4527,4409,The source-to-target isotonic crosswalk was fitted only in the train cycle and locked before test-cycle evaluation; comparator is grouped five-fold OOF within the test cycle and is not used to tune the transported model.,vsrev,vs,2013-2014_H,5464.014285714285,2011-2012_G,1826.441394557824,20.063372038853608,680.8923306575973,0.1246139367603405,-2.801673950176564,-0.000512750114417,967.1182175520024,0.995902152232878,720,1837.1779666241505,-1.480737595306863,683.6940046077739,0.1251266868747576,966.1035217248988
0.3958418529620268,-0.0038453415393842,0.399687194501411,0.005191259731064,0.0018277899303047,0.0033634698007593,daily_steps,isotonic,4409,4527,The source-to-target isotonic crosswalk was fitted only in the train cycle and locked before test-cycle evaluation; comparator is grouped five-fold OOF within the test cycle and is not used to tune the transported model.,acti,adept,2011-2012_G,1957.127917678755,2013-2014_H,2316.099489703449,-81.71409948772167,784.8731007652584,0.4010331126930909,-3.9486065794872047,-0.0020175516090795,1153.901696750272,0.9949942977700518,720,2210.3156537936648,0.5868745116413177,788.8217073447456,0.4030506643021703,1098.9996212107178
0.1618899838774524,-0.0003698829234879,0.1622598668009404,0.0023897196949927,-0.0006949870334296,0.0030847067284224,daily_steps,isotonic,4409,4527,The source-to-target isotonic crosswalk was fitted only in the train cycle and locked before test-cycle evaluation; comparator is grouped five-fold OOF within the test cycle and is not used to tune the transported model.,acti,oak,2011-2012_G,6748.571428571431,2013-2014_H,2940.1175588694377,-16.62625740865303,1108.653313823188,0.1642797035724452,-7.186350966398322,-0.0010648699569176,1464.7173324736948,0.9935596921375316,720,2975.068852794485,1.663744353788318,1115.8396647895863,0.1653445735293628,1468.074647496669
0.2062256115719739,-0.0018363211542114,0.2080619327261853,0.0043995143103805,0.0007857175259475,0.003613796784433,daily_steps,isotonic,4409,4527,The source-to-target isotonic crosswalk was fitted only in the train cycle and locked before test-cycle evaluation; comparator is grouped five-fold OOF within the test cycle and is not used to tune the transported model.,acti,scrf,2011-2012_G,7299.095238095238,2013-2014_H,4323.311679172679,201.14338697488012,1537.3728533511037,0.2106251258823544,-7.668455940186732,-0.0010506036282639,2128.1213438893255,0.995036730801907,720,4326.8816182733235,1.7580735027495802,1545.0413092912902,0.2116757295106184,2124.8662008446054
0.3075803683737534,0.0008835730293174,0.3066967953444359,-0.0019468846163025,-0.0024418387500777,0.0004949541337752,daily_steps,isotonic,4409,4527,The source-to-target isotonic crosswalk was fitted only in the train cycle and locked before test-cycle evaluation; comparator is grouped five-fold OOF within the test cycle and is not used to tune the transported model.,acti,scssl,2011-2012_G,5789.285714285715,2013-2014_H,4792.877731519272,-14.993972365330189,1769.3995613243856,0.3056334837574509,-9.021245476258628,-0.0015582657207602,2372.990047952506,0.9949273842041424,720,4828.841046047461,1.374167253690617,1778.4208068006442,0.3071917494782112,2388.2389997687483
0.2009567085974254,-0.0015842214238341,0.2025409300212595,0.0009092196499091,-0.0002079180747731,0.0011171377246823,daily_steps,isotonic,4409,4527,The source-to-target isotonic crosswalk was fitted only in the train cycle and locked before test-cycle evaluation; comparator is grouped five-fold OOF within the test cycle and is not used to tune the transported model.,acti,vs,2011-2012_G,5454.5714285714275,2013-2014_H,3018.2583983673367,-52.20883586818948,1101.0921246199612,0.2018659282473346,-9.775352905117645,-0.0017921394986072,1514.8844068558312,0.991200252862838,720,3015.118232838589,-2.747269726499513,1110.8674775250788,0.2036580677459419,1519.8663496633485
0.2179816002975257,7.913143833086867e-05,0.2179024688591948,0.0041900971642889,0.0008287997800049,0.003361297384284,daily_steps,isotonic,4409,4527,The source-to-target isotonic crosswalk was fitted only in the train cycle and locked before test-cycle evaluation; comparator is grouped five-fold OOF within the test cycle and is not used to tune the transported model.,acti,vsrev,2011-2012_G,6187.5714285714275,2013-2014_H,3561.476872425661,-51.12192694217797,1374.7032474519397,0.2221716974618146,5.617889265683061,0.0009079312183358,1789.10452544522,1.0041033886105726,720,3499.3079347222956,-3.429754027291509,1369.0853581862566,0.2212637662434788,1776.8012965821413
0.3748325044222551,0.0025341196025553,0.3722983848196997,0.0062670071165344,-0.0005303914178376,0.0067973985343721,daily_steps,isotonic,4409,4527,The source-to-target isotonic crosswalk was fitted only in the train cycle and locked before test-cycle evaluation; comparator is grouped five-fold OOF within the test cycle and is not used to tune the transported model.,adept,acti,2011-2012_G,5364.0,2013-2014_H,5315.676543931176,143.50851096070505,2044.2177798940672,0.3810995115387895,10.747997982825837,0.0020037281847177,2670.2978152846736,1.0052855459561951,720,5214.531361081197,-1.3876547356088982,2033.4697819112416,0.3790957833540718,2660.3025257219297
0.3313140199500283,0.0033903108946298,0.3279237090553984,0.002847479343271,-0.0001185324859574,0.0029660118292284,daily_steps,isotonic,4409,4527,The source-to-target isotonic crosswalk was fitted only in the train cycle and locked before test-cycle evaluation; comparator is grouped five-fold OOF within the test cycle and is not used to tune the transported model.,adept,oak,2011-2012_G,6748.571428571431,2013-2014_H,6155.270554830032,196.7242569515637,2255.112746659352,0.3341614992932993,22.079830289383153,0.0032717784086723,3027.918933924319,1.0098878212351998,720,6038.829325396824,-0.135481575609162,2233.032916369969,0.3308897208846269,3010.0285859302867
0.3582301817665906,0.0090021613253522,0.3492280204412384,0.0062771635578677,0.0011680015656869,0.0051091619921808,daily_steps,isotonic,4409,4527,The source-to-target isotonic crosswalk was fitted only in the train cycle and locked before test-cycle evaluation; comparator is grouped five-fold OOF within the test cycle and is not used to tune the transported model.,adept,scrf,2011-2012_G,7299.095238095238,2013-2014_H,7308.8547225354305,444.794082108931,2660.573828508491,0.3645073453244584,74.2329875286373,0.0101701628910392,3685.647565644062,1.0287019353182056,720,7258.324437766642,-3.07865215664471,2586.3408409798535,0.3543371824334192,3646.197639310981
0.3234611697304783,0.0032980155127106,0.3201631542177677,-0.0017108610256528,0.000271336085928,-0.0019821971115809,daily_steps,isotonic,4409,4527,The source-to-target isotonic crosswalk was fitted only in the train cycle and locked before test-cycle evaluation; comparator is grouped five-fold OOF within the test cycle and is not used to tune the transported model.,adept,scssl,2011-2012_G,5789.285714285715,2013-2014_H,4958.342126957751,196.0281559586887,1862.7044657518647,0.3217503087048254,20.663996219262117,0.0035693515986387,2492.7077293562606,1.0112179925257043,720,4970.931685477568,-0.9330347307541278,1842.0404695326024,0.3181809571061867,2475.9902559088864
0.338375059783349,0.0026447207611877,0.3357303390221612,0.001094168967787,-0.0015964527063087,0.0026906216740958,daily_steps,isotonic,4409,4527,The source-to-target isotonic crosswalk was fitted only in the train cycle and locked before test-cycle evaluation; comparator is grouped five-fold OOF within the test cycle and is not used to tune the transported model.,adept,vs,2011-2012_G,5454.5714285714275,2013-2014_H,4935.476053791879,116.0434356477278,1851.6591560251252,0.3394692287511361,5.717852981627175,0.001048268054879,2481.584920794446,1.003097526975641,720,4889.796430443032,1.5696450882679642,1845.941303043498,0.3384209606962571,2482.59204817182
0.3551497698768582,0.0038504571739619,0.3512993127028963,0.0030384779475331,-0.0013930039053632,0.0044314818528964,daily_steps,isotonic,4409,4527,The source-to-target isotonic crosswalk was fitted only in the train cycle and locked before test-cycle evaluation; comparator is grouped five-fold OOF within the test cycle and is not used to tune the transported model.,adept,vsrev,2011-2012_G,6187.5714285714275,2013-2014_H,5928.737572391085,145.34894102936985,2216.315368288266,0.3581882478243914,15.205667631830693,0.0024574532685986,3047.1761580610314,1.0069081825532349,720,5872.858210136844,-2.1489534244606907,2201.1097006564355,0.3557307945557927,3047.7045680519277
0.1633638639581278,0.0014057134255092,0.1619581505326186,0.0033507333444178,-0.0010134097018683,0.0043641430462861,daily_steps,isotonic,4409,4527,The source-to-target isotonic crosswalk was fitted only in the train cycle and locked before test-cycle evaluation; comparator is grouped five-fold OOF within the test cycle and is not used to tune the transported model.,oak,acti,2011-2012_G,5364.0,2013-2014_H,2271.938132152082,6.796906146125552,894.2570999308554,0.1667145973025457,2.1043171736097293,0.0003923037236408,1168.9847926303466,1.0023586959703317,720,2277.800459183671,0.2336024453308318,892.1527827572456,0.1663222935789048,1169.091823330704
0.3519422847428615,-0.0031121519412732,0.3550544366841348,0.0008509490321294,-0.0003646277953054,0.0012155768274349,daily_steps,isotonic,4409,4527,The source-to-target isotonic crosswalk was fitted only in the train cycle and locked before test-cycle evaluation; comparator is grouped five-fold OOF within the test cycle and is not used to tune the transported model.,oak,adept,2011-2012_G,1957.127917678755,2013-2014_H,2133.955775140145,-85.76752188427552,690.4614869892023,0.3527932337749909,-6.804502686078081,-0.0034767797365787,1009.5947765049182,0.9902411665177488,720,2073.69187283266,-0.7428034414293753,697.2659896752804,0.3562700135115697,1002.5888110839152
0.1812392135611278,0.0016790815842468,0.1795601319768809,0.0022025646462376,0.0002890706501676,0.00191349399607,daily_steps,isotonic,4409,4527,The source-to-target isotonic crosswalk was fitted only in the train cycle and locked before test-cycle evaluation; comparator is grouped five-fold OOF within the test cycle and is not used to tune the transported model.,oak,scrf,2011-2012_G,7299.095238095238,2013-2014_H,3617.500553830226,201.18617319953972,1338.959009781104,0.1834417782073654,14.365730602061149,0.0019681522344144,1857.2079796662251,1.0108453899229843,720,3572.157270264037,-0.6443652828527163,1324.5932791790428,0.181473625972951,1855.6127129896165
0.3019344244599476,-0.00122153938984,0.3031559638497877,-0.0029175538612775,-0.0004057816395139,-0.0025117722217636,daily_steps,isotonic,4409,4527,The source-to-target isotonic crosswalk was fitted only in the train cycle and locked before test-cycle evaluation; comparator is grouped five-fold OOF within the test cycle and is not used to tune the transported model.,oak,scssl,2011-2012_G,5789.285714285715,2013-2014_H,4512.825857597012,-18.68217298830821,1731.0940972873009,0.2990168705986701,-9.421026387795791,-0.0016273210293539,2281.169565717868,0.9945872194618434,720,4594.750356817706,-2.7636026389788517,1740.515123675097,0.3006441916280241,2293.200134477625
0.1507743222364123,-0.0010067443872943,0.1517810666237067,-0.0001338468683821,0.0004142610872613,-0.0005481079556434,daily_steps,isotonic,4409,4527,The source-to-target isotonic crosswalk was fitted only in the train cycle and locked before test-cycle evaluation; comparator is grouped five-fold OOF within the test cycle and is not used to tune the transported model.,oak,vs,2011-2012_G,5454.5714285714275,2013-2014_H,2353.82756154122,-43.88955889350443,821.6792329288756,0.1506404753680302,-3.231742480266007,-0.000592483300033,1189.8944510111871,0.9960823136355252,720,2318.6279691283253,-1.8733242479300296,824.9109754091417,0.1512329586680633,1194.7963396581786
0.1388412799277799,-0.0009016029593478,0.1397428828871277,0.0014267798086352,0.0011060708377175,0.0003207089709177,daily_steps,isotonic,4409,4527,The source-to-target isotonic crosswalk was fitted only in the train cycle and locked before test-cycle evaluation; comparator is grouped five-fold OOF within the test cycle and is not used to tune the transported model.,oak,vsrev,2011-2012_G,6187.5714285714275,2013-2014_H,2431.6478612371793,-34.84283597170441,867.9186387661928,0.1402680597364151,1.2651596022607237,0.0002044678783696,1210.068630491156,1.001459821754228,720,2451.4323776141377,-3.667249953163569,866.653479163932,0.1400635918580455,1208.6009207645177
0.2022439529672378,-0.0014243947474463,0.2036683477146842,0.0038036413674248,0.0011071882955597,0.0026964530718651,daily_steps,isotonic,4409,4527,The source-to-target isotonic crosswalk was fitted only in the train cycle and locked before test-cycle evaluation; comparator is grouped five-fold OOF within the test cycle and is not used to tune the transported model.,scrf,acti,2011-2012_G,5364.0,2013-2014_H,2916.422267215654,-132.1532887733587,1105.2392960111308,0.2060475943346627,-1.701495407919765,-0.0003172064518866,1488.330484363259,0.99846288489763,720,2839.146120583715,0.2664988952253721,1106.9407914190506,0.2063648007865493,1474.9811681803671
0.3609968383843218,-0.0054579057413844,0.3664547441257063,0.0011460116252328,-0.0006661224756588,0.0018121341008916,daily_steps,isotonic,4409,4527,The source-to-target isotonic crosswalk was fitted only in the train cycle and locked before test-cycle evaluation; comparator is grouped five-fold OOF within the test cycle and is not used to tune the transported model.,scrf,adept,2011-2012_G,1957.127917678755,2013-2014_H,2213.4294856721226,-129.21746528691756,708.7598819414493,0.3621428500095546,-11.98550659222792,-0.0061240282170433,1041.1027793973306,0.9833706787682516,720,2129.6388608919465,-0.6863352551227666,720.7453885336772,0.3682668782265979,1031.2016265351954
0.1758190504260014,0.0004637993021558,0.1753552511238456,0.0002546470855029,-1.5976344350083723e-06,0.0002562447199379,daily_steps,isotonic,4409,4527,The source-to-target isotonic crosswalk was fitted only in the train cycle and locked before test-cycle evaluation; comparator is grouped five-fold OOF within the test cycle and is not used to tune the transported model.,scrf,oak,2011-2012_G,6748.571428571431,2013-2014_H,3226.754305860808,-183.6333219355193,1188.245924349067,0.1760736975115043,3.119200969018721,0.0004622016677208,1617.5856419856405,1.0026319556444754,720,3139.244258005638,-0.3214315385499341,1185.1267233800484,0.1756114958437835,1603.8394363267737
0.2388854444700741,0.000175857256422,0.238709587213652,-0.0016248302726022,0.0008352019903068,-0.002460032262909,daily_steps,isotonic,4409,4527,The source-to-target isotonic crosswalk was fitted only in the train cycle and locked before test-cycle evaluation; comparator is grouped five-fold OOF within the test cycle and is not used to tune the transported model.,scrf,scssl,2011-2012_G,5789.285714285715,2013-2014_H,3744.916111781122,-153.77486348914476,1373.5694843360784,0.2372606141974718,5.853310853383846,0.0010110592467288,1925.4883522019609,1.0042796239211529,720,3727.5699811899817,-4.01703665283201,1367.7161734826946,0.236249554950743,1910.007278686204
0.214877258844083,-0.0017500993885097,0.2166273582325927,0.0003236280471777,-0.0004401646092165,0.0007637926563943,daily_steps,isotonic,4409,4527,The source-to-target isotonic crosswalk was fitted only in the train cycle and locked before test-cycle evaluation; comparator is grouped five-fold OOF within the test cycle and is not used to tune the transported model.,scrf,vs,2011-2012_G,5454.5714285714275,2013-2014_H,3183.998462064246,-180.44009836606156,1173.8286090403028,0.2152008868912608,-11.946951423026576,-0.0021902639977263,1645.0410678233188,0.9899247784982528,720,3151.7265518218765,-0.2421654132222145,1185.7755604633294,0.2173911508889871,1644.0721333953293
0.211407761854741,0.0004830360954424,0.2109247257592985,0.0020878632322573,-9.431421205996558e-05,0.0021821774443173,daily_steps,isotonic,4409,4527,The source-to-target isotonic crosswalk was fitted only in the train cycle and locked before test-cycle evaluation; comparator is grouped five-fold OOF within the test cycle and is not used to tune the transported model.,scrf,vsrev,2011-2012_G,6187.5714285714275,2013-2014_H,3674.5232004769177,-193.71145996768644,1321.0194299133088,0.2134956250869984,2.405244419278006,0.0003887218833824,1839.6780627902524,1.0018240698801346,720,3661.5660525030503,0.0646006111101019,1318.6141854940308,0.2131069032036159,1823.8393819718387
0.3026729044340924,1.8296163475996106e-05,0.3026546082706164,0.0037840474859495,-0.0004336796181025,0.004217727104052,daily_steps,isotonic,4409,4527,The source-to-target isotonic crosswalk was fitted only in the train cycle and locked before test-cycle evaluation; comparator is grouped five-fold OOF within the test cycle and is not used to tune the transported model.,scssl,acti,2011-2012_G,5364.0,2013-2014_H,4155.516086259419,-0.5265722740251098,1643.8350900991052,0.3064569519200419,-2.2281168506167432,-0.0004153834546265,2171.2957536917793,0.9986463965410262,720,4159.579829317963,-1.5821822367179506,1646.063206949722,0.3068723353746685,2176.191850687238
0.3258879577942241,-0.0028459121569992,0.3287338699512233,0.0012557716883301,0.0002259362216086,0.0010298354667214,daily_steps,isotonic,4409,4527,The source-to-target isotonic crosswalk was fitted only in the train cycle and locked before test-cycle evaluation; comparator is grouped five-fold OOF within the test cycle and is not used to tune the transported model.,scssl,adept,2011-2012_G,1957.127917678755,2013-2014_H,1956.7055559918076,-86.20742123468507,640.2621260638533,0.3271437294825542,-5.127628046799373,-0.0026199759353905,927.3228660804104,0.9920549900054344,720,1913.497881248819,-1.6763063190647265,645.3897541106527,0.3297637054179448,920.0826778524726
0.2950988043037367,-0.0006311648125455,0.2957299691162822,-7.607426955325014e-05,0.0005793456036916,-0.0006554198732448,daily_steps,isotonic,4409,4527,The source-to-target isotonic crosswalk was fitted only in the train cycle and locked before test-cycle evaluation; comparator is grouped five-fold OOF within the test cycle and is not used to tune the transported model.,scssl,oak,2011-2012_G,6748.571428571431,2013-2014_H,5155.978900444785,-12.26038811842584,1990.9819666878332,0.2950227300341834,-0.3497056323230936,-5.181920885397236e-05,2621.8003519328795,0.9998243860441812,720,5106.583164835162,-3.2480635434940277,1991.3316723201565,0.2950745492430374,2619.025130541534
0.2415434659498819,0.0053622503981852,0.2361812155516967,0.0023499348123317,-0.000598872114363,0.0029488069266947,daily_steps,isotonic,4409,4527,The source-to-target isotonic crosswalk was fitted only in the train cycle and locked before test-cycle evaluation; comparator is grouped five-fold OOF within the test cycle and is not used to tune the transported model.,scssl,scrf,2011-2012_G,7299.095238095238,2013-2014_H,4638.4206017733895,210.7902611274086,1780.2011601063273,0.2438934007622137,34.76835174869302,0.0047633782838222,2534.645219035899,1.019919616259195,720,4619.045692137308,-2.006958368199181,1745.4328083576345,0.2391300224783914,2518.730502489223
0.2953683684362739,-0.0007810387446984,0.2961494071809724,-0.0007120581599919,0.0007795028866323,-0.0014915610466242,daily_steps,isotonic,4409,4527,The source-to-target isotonic crosswalk was fitted only in the train cycle and locked before test-cycle evaluation; comparator is grouped five-fold OOF within the test cycle and is not used to tune the transported model.,scssl,vs,2011-2012_G,5454.5714285714275,2013-2014_H,4212.528267292308,-47.86978980356628,1607.2238912812852,0.294656310276282,-0.0083774475258451,-1.5358580661284349e-06,2193.472131096976,0.9999947876559668,720,4180.836213168552,-8.672791239183221,1607.232268728811,0.2946578461343481,2187.5319211537512
0.3273469610886482,-0.0007938995386364,0.3281408606272846,0.0007023505043717,0.0002592081838198,0.0004431423205518,daily_steps,isotonic,4409,4527,The source-to-target isotonic crosswalk was fitted only in the train cycle and locked before test-cycle evaluation; comparator is grouped five-fold OOF within the test cycle and is not used to tune the transported model.,scssl,vsrev,2011-2012_G,6187.5714285714275,2013-2014_H,5407.48069940476,-45.33851082422683,2029.828547575496,0.32804931159302,-3.308440950167096,-0.0005346913548165,2757.6978742510246,0.9983727407602936,720,5376.303773357445,-5.590528222023433,2033.1369885256631,0.3285840029478365,2754.205163010882
0.2031710210391993,7.178725916887414e-05,0.2030992337800304,0.0034891590441655,-0.0004520289889489,0.0039411880331145,daily_steps,isotonic,4409,4527,The source-to-target isotonic crosswalk was fitted only in the train cycle and locked before test-cycle evaluation; comparator is grouped five-fold OOF within the test cycle and is not used to tune the transported model.,vs,acti,2011-2012_G,5364.0,2013-2014_H,2886.2827637517885,38.35371689910259,1108.5252059671693,0.2066601800833649,-2.039616638540565,-0.0003802417297801,1473.0397241363823,0.9981634420638724,720,2909.6763467492237,2.852898756689022,1110.56482260571,0.207040421813145,1483.066791463408
0.3593719719664616,-0.0011387254363776,0.3605106974028392,0.0005404767909854,-0.0006225459926029,0.0011630227835884,daily_steps,isotonic,4409,4527,The source-to-target isotonic crosswalk was fitted only in the train cycle and locked before test-cycle evaluation; comparator is grouped five-fold OOF within the test cycle and is not used to tune the transported model.,vs,adept,2011-2012_G,1957.127917678755,2013-2014_H,2109.5494112991037,-77.77795108066255,704.3947013833241,0.3599124487574471,-3.4470334842678767,-0.0017612714289805,1009.5160126353454,0.9951302200555996,720,2061.1361457983853,-0.6848819675884207,707.841734867592,0.3616737201864277,1001.5901407238232
0.1503235972455176,0.0003135288905613,0.1500100683549563,-0.0002174813361018,-0.0014968268594128,0.0012793455233109,daily_steps,isotonic,4409,4527,The source-to-target isotonic crosswalk was fitted only in the train cycle and locked before test-cycle evaluation; comparator is grouped five-fold OOF within the test cycle and is not used to tune the transported model.,vs,oak,2011-2012_G,6748.571428571431,2013-2014_H,2898.280117521359,39.24527259212718,1013.0018450801148,0.1501061159094157,-7.985570864077886,-0.0011832979688515,1451.6682749738188,0.9921785805198264,720,2920.9955216589815,3.8025260219700487,1020.9874159441924,0.1512894138782672,1468.6300198130284
0.2222547715605406,0.0007314818164161,0.2215232897441245,0.003286132360031,-0.0011660209622903,0.0044521533223213,daily_steps,isotonic,4409,4527,The source-to-target isotonic crosswalk was fitted only in the train cycle and locked before test-cycle evaluation; comparator is grouped five-fold OOF within the test cycle and is not used to tune the transported model.,vs,scrf,2011-2012_G,7299.095238095238,2013-2014_H,4550.191105637654,259.3233653511356,1646.2445378023403,0.2255409039205717,-3.1717426104162314,-0.0004345391458741,2345.384411610793,0.9980770514708256,720,4606.803424430636,4.543706529306203,1649.4162804127566,0.2259754430664458,2362.831161425393
0.3025685716138021,-0.0015126763652402,0.3040812479790423,-0.0035290960277831,-0.0007389409901997,-0.0027901550375833,daily_steps,isotonic,4409,4527,The source-to-target isotonic crosswalk was fitted only in the train cycle and locked before test-cycle evaluation; comparator is grouped five-fold OOF within the test cycle and is not used to tune the transported model.,vs,scssl,2011-2012_G,5789.285714285715,2013-2014_H,4599.955033282131,18.52132973019057,1731.224964017631,0.2990394755860189,-13.035256189886695,-0.00225161735544,2335.689129776738,0.9925267709262234,720,4603.408916256151,0.579063500411172,1744.2602202075177,0.3012910929414589,2361.093173328738
0.1253485976286495,-0.0009977901813581,0.1263463878100076,0.0018818339679194,-0.0007167434966203,0.0025985774645398,daily_steps,isotonic,4409,4527,The source-to-target isotonic crosswalk was fitted only in the train cycle and locked before test-cycle evaluation; comparator is grouped five-fold OOF within the test cycle and is not used to tune the transported model.,vs,vsrev,2011-2012_G,6187.5714285714275,2013-2014_H,2254.5491534391494,10.505969106436426,787.2473833917419,0.127230431596569,-10.608799599183383,-0.0017145336779785,1138.180964722365,0.9867033685702428,720,2269.9155636547016,1.5914309333592316,797.8561829909253,0.1289449652745475,1150.2474135240798
0.2191124263046776,-0.0005021706467274,0.219614596951405,0.0051538319373786,0.0003880465429096,0.0047657853944689,daily_steps,isotonic,4409,4527,The source-to-target isotonic crosswalk was fitted only in the train cycle and locked before test-cycle evaluation; comparator is grouped five-fold OOF within the test cycle and is not used to tune the transported model.,vsrev,acti,2011-2012_G,5364.0,2013-2014_H,2927.6654391433954,24.402989396177965,1202.9642092103895,0.2242662582420562,-0.6121616928785443,-0.0001141241038177,1524.4253109988754,0.999491381097471,720,2931.344851190468,-0.3333897752049005,1203.576370903268,0.2243803823458739,1527.0229572631074
0.3694238998201941,-0.0028326072883762,0.3722565071085704,0.0007881327048328,-0.0023288092569889,0.0031169419618217,daily_steps,isotonic,4409,4527,The source-to-target isotonic crosswalk was fitted only in the train cycle and locked before test-cycle evaluation; comparator is grouped five-fold OOF within the test cycle and is not used to tune the transported model.,vsrev,adept,2011-2012_G,1957.127917678755,2013-2014_H,2167.2935951924787,-78.45379325761272,724.5523043153256,0.370212032525027,-10.101552415703168,-0.0051614165453651,1043.5873269915578,0.9862499157621636,720,2109.816724395223,-2.694283472625518,734.6538567310288,0.3753734490703921,1045.9590852429967
0.1382743278280318,0.0003578993837618,0.13791642844427,0.000875937973812,0.0004006410135877,0.0004752969602242,daily_steps,isotonic,4409,4527,The source-to-target isotonic crosswalk was fitted only in the train cycle and locked before test-cycle evaluation; comparator is grouped five-fold OOF within the test cycle and is not used to tune the transported model.,vsrev,oak,2011-2012_G,6748.571428571431,2013-2014_H,2560.6648698979516,25.222587952995717,939.065508068444,0.1391502658018439,5.119064052971112,0.0007585403973496,1263.1131944225306,1.0054811109199815,720,2578.8382543289995,-1.0636221383664433,933.9464440154728,0.1383917254044942,1264.1027780611505
0.2181119675524345,0.0015885265839915,0.216523440968443,0.003588689577807,-0.0005547649572426,0.0041434545350496,daily_steps,isotonic,4409,4527,The source-to-target isotonic crosswalk was fitted only in the train cycle and locked before test-cycle evaluation; comparator is grouped five-fold OOF within the test cycle and is not used to tune the transported model.,vsrev,scrf,2011-2012_G,7299.095238095238,2013-2014_H,4495.33665876,248.40293868087608,1618.2142107419313,0.2217006571302416,7.545524567128723,0.0010337616267489,2215.4395204314706,1.004684715504744,720,4471.764627475764,-4.465500634578822,1610.6686861748026,0.2206668955034926,2219.2590386197385
0.3349104638299713,0.0014814658945182,0.3334289979354531,-0.0035648539439986,-0.0041080648456484,0.0005432109016497,daily_steps,isotonic,4409,4527,The source-to-target isotonic crosswalk was fitted only in the train cycle and locked before test-cycle evaluation; comparator is grouped five-fold OOF within the test cycle and is not used to tune the transported model.,vsrev,scssl,2011-2012_G,5789.285714285715,2013-2014_H,5063.375651700676,10.116318202757196,1918.2544058041497,0.3313456098859727,-15.206131784935678,-0.0026265989511301,2536.245100798706,0.9921352768834388,720,5044.393357668265,-7.203543234243903,1933.460537589085,0.3339722088371029,2564.4379029338174
0.1245010549539332,-0.0005843132830974,0.1250853682370306,0.0005592305127927,-0.0004011960199212,0.0009604265327139,daily_steps,isotonic,4409,4527,The source-to-target isotonic crosswalk was fitted only in the train cycle and locked before test-cycle evaluation; comparator is grouped five-fold OOF within the test cycle and is not used to tune the transported model.,vsrev,vs,2011-2012_G,5454.5714285714275,2013-2014_H,1853.000172413793,-16.23969519593982,682.1502599557901,0.1250602854667259,-5.375530886837055,-0.0009855093030186,948.3581229942542,0.992181339291652,720,1870.994196428568,0.1811798061952015,687.5257908426272,0.1260457947697446,963.0062560259364
0.4157044362344749,0.0050150563540244,0.4106893798804505,0.0097526607362537,0.0021270218847612,0.0076256388514925,daily_steps,isotonic,4065,4001,The source-to-target isotonic crosswalk was fitted only in the train cycle and locked before test-cycle evaluation; comparator is grouped five-fold OOF within the test cycle and is not used to tune the transported model.,acti,adept,2013-2014_H,1853.3569737121704,2011-2012_G,2118.103443868265,85.7720419353927,788.5238776860351,0.4254570969707286,13.236820510651228,0.0071420782387856,1120.9674458521408,1.0170734444592395,1296,2149.6809309130413,0.4653665834980309,775.2870571753839,0.418315018731943,1134.755042134006
0.1638935255255645,-0.0006221717012037,0.1645156972267682,0.0008390054947802,0.0004192998085352,0.000419705686245,daily_steps,isotonic,4065,4001,The source-to-target isotonic crosswalk was fitted only in the train cycle and locked before test-cycle evaluation; comparator is grouped five-fold OOF within the test cycle and is not used to tune the transported model.,acti,oak,2013-2014_H,6890.108333333336,2011-2012_G,2975.447480952379,28.375287318815687,1135.0249847543696,0.1647325310203447,-1.397809318274767,-0.0002028718926685,1521.7918821896587,0.9987699918326476,1296,2969.2795793650894,-0.3665428442746197,1136.4227940726444,0.1649354029130133,1520.964145811639
0.2089759381365863,0.0024349638562741,0.2065409742803122,0.0042974959932118,0.0010905373510832,0.0032069586421285,daily_steps,isotonic,4065,4001,The source-to-target isotonic crosswalk was fitted only in the train cycle and locked before test-cycle evaluation; comparator is grouped five-fold OOF within the test cycle and is not used to tune the transported model.,acti,scrf,2013-2014_H,7468.285714285715,2011-2012_G,4327.822759344298,-195.5856305839329,1592.7869413482272,0.2132734341297981,26.329450302604528,0.0035255012073574,2161.5755757088996,1.01680827628781,1296,4219.713701820265,-2.24528836731266,1566.4574910456226,0.2097479329224407,2163.403216656896
0.3164383449189752,-0.0007013330418476,0.3171396779608228,0.0046125060454181,0.0017595470055828,0.0028529590398352,daily_steps,isotonic,4065,4001,The source-to-target isotonic crosswalk was fitted only in the train cycle and locked before test-cycle evaluation; comparator is grouped five-fold OOF within the test cycle and is not used to tune the transported model.,acti,scssl,2013-2014_H,5809.033333333334,2011-2012_G,5053.395846560841,-0.3574034309671662,1864.9950949471936,0.3210508509643933,6.147200189136811,0.0010582139637352,2507.4392881281738,1.0033069947285476,1296,5023.936185281384,3.918701312041761,1858.8478947580568,0.3199926370006581,2501.9109690393516
0.1992625021060403,0.0001185491612844,0.1991439529447559,0.0048983018931939,0.0016019497692425,0.0032963521239513,daily_steps,isotonic,4065,4001,The source-to-target isotonic crosswalk was fitted only in the train cycle and locked before test-cycle evaluation; comparator is grouped five-fold OOF within the test cycle and is not used to tune the transported model.,acti,vs,2013-2014_H,5571.47619047619,2011-2012_G,3085.3772355060573,47.129951107649894,1137.4770585102096,0.2041608039992342,9.585718827170922,0.0017204989305269,1572.7585417579655,1.0084987963732968,1296,3066.7752787160853,3.4249455926414134,1127.8913396830387,0.2024403050687072,1565.0681859962338
0.2157548055638027,-0.0004356135190603,0.216190419082863,0.0040494914537299,0.0008209202293643,0.0032285712243656,daily_steps,isotonic,4065,4001,The source-to-target isotonic crosswalk was fitted only in the train cycle and locked before test-cycle evaluation; comparator is grouped five-fold OOF within the test cycle and is not used to tune the transported model.,acti,vsrev,2013-2014_H,6240.4,2011-2012_G,3658.088871224651,48.80463040817696,1371.666735108211,0.2198042970175327,2.40446799498136,0.000385306710304,1807.8853777722736,1.0017560317352867,1296,3596.787055411254,3.1758929574164525,1369.2622671132297,0.2194189903072286,1794.767773159987
0.3745920763653639,-0.0013560029654323,0.3759480793307962,-0.000331101893761,-0.0011434168589687,0.0008123149652076,daily_steps,isotonic,4065,4001,The source-to-target isotonic crosswalk was fitted only in the train cycle and locked before test-cycle evaluation; comparator is grouped five-fold OOF within the test cycle and is not used to tune the transported model.,adept,acti,2013-2014_H,5534.857142857143,2011-2012_G,5285.051709183671,-125.6187209057487,2071.481027846826,0.3742609744716028,-13.833931668084915,-0.002499419824401,2692.002110335028,0.9933660229094108,1296,5285.586866323405,0.0057150560347325,2085.3149595149107,0.3767603942960039,2698.5633081988453
0.3284816402782551,-0.0019672025001424,0.3304488427783976,0.0051357891293643,0.0006050620437063,0.0045307270856579,daily_steps,isotonic,4065,4001,The source-to-target isotonic crosswalk was fitted only in the train cycle and locked before test-cycle evaluation; comparator is grouped five-fold OOF within the test cycle and is not used to tune the transported model.,adept,oak,2013-2014_H,6890.108333333336,2011-2012_G,6055.442365310758,-158.91272028377475,2298.660230506685,0.3336174294076194,-9.385295310061338,-0.0013621404564361,3067.8089220789334,0.9959336610976336,1296,6149.448348862831,-0.072166792338208,2308.0455258167462,0.3349795698640556,3067.106594988911
0.3497562665912568,-0.0060025428461963,0.3557588094374532,0.0065315626748909,0.0001810096895616,0.0063505529853292,daily_steps,isotonic,4065,4001,The source-to-target isotonic crosswalk was fitted only in the train cycle and locked before test-cycle evaluation; comparator is grouped five-fold OOF within the test cycle and is not used to tune the transported model.,adept,scrf,2013-2014_H,7468.285714285715,2011-2012_G,7347.1194695599725,-398.2128228479019,2660.859305482239,0.3562878292661477,-43.47687290893555,-0.0058215331566346,3712.9580768919136,0.9839232735721488,1296,7383.982400409626,0.8850011332943932,2704.3361783911746,0.3621093624227824,3703.185988933383
0.311312189374708,-0.0039408354289923,0.3152530248037004,0.0027898835899196,0.001476465650826,0.0013134179390935,daily_steps,isotonic,4065,4001,The source-to-target isotonic crosswalk was fitted only in the train cycle and locked before test-cycle evaluation; comparator is grouped five-fold OOF within the test cycle and is not used to tune the transported model.,adept,scssl,2013-2014_H,5809.033333333334,2011-2012_G,4953.626869808371,-183.10416944966008,1824.6294119206211,0.3141020729646276,-14.31560618702747,-0.0024643697781663,2490.0165006058214,0.992215315821808,1296,5012.503480703695,-2.155703706796409,1838.9450181076488,0.316566442742794,2504.841555157694
0.3322363332067393,-0.001733173005957,0.3339695062126964,0.0068037451736424,-0.0002905220354936,0.0070942672091361,daily_steps,isotonic,4065,4001,The source-to-target isotonic crosswalk was fitted only in the train cycle and locked before test-cycle evaluation; comparator is grouped five-fold OOF within the test cycle and is not used to tune the transported model.,adept,vs,2013-2014_H,5571.47619047619,2011-2012_G,4980.3213649155905,-102.49559099672194,1888.9537243134785,0.3390400783803817,-11.274968740227678,-0.0020236950414507,2517.3436261439315,0.9940665201081096,1296,5014.16012943108,0.1655741399183895,1900.228693053706,0.3410637734218325,2522.5460736967525
0.351041887957756,-0.0026908432748354,0.3537327312325915,0.010490748893758,0.000172180431503,0.0103185684622549,daily_steps,isotonic,4065,4001,The source-to-target isotonic crosswalk was fitted only in the train cycle and locked before test-cycle evaluation; comparator is grouped five-fold OOF within the test cycle and is not used to tune the transported model.,adept,vsrev,2013-2014_H,6240.4,2011-2012_G,6172.794252021404,-122.90401129594198,2256.108267008188,0.361532636851514,-15.7174636075315,-0.0025186628433323,3127.987011264192,0.9930815716206932,1296,6161.61736772487,1.1543478679405006,2271.8257306157197,0.3640512996948464,3134.0405997059693
0.1659198393474323,0.0002569752848136,0.1656628640626187,-0.0011156791680748,0.0013301092055992,-0.002445788373674,daily_steps,isotonic,4065,4001,The source-to-target isotonic crosswalk was fitted only in the train cycle and locked before test-cycle evaluation; comparator is grouped five-fold OOF within the test cycle and is not used to tune the transported model.,oak,acti,2013-2014_H,5534.857142857143,2011-2012_G,2364.0126552094507,-6.1174480405834135,912.1674831412898,0.1648041601793575,8.784285928079612,0.0015870844904128,1215.9109682812125,1.009723765014866,1296,2286.1129539165495,-0.9265924510562228,903.3831972132102,0.1632170756889446,1200.3388974418149
0.371318516709767,0.0077639242948722,0.3635545924148948,0.0077123264299028,-0.0011103093152607,0.0088226357451635,daily_steps,isotonic,4065,4001,The source-to-target isotonic crosswalk was fitted only in the train cycle and locked before test-cycle evaluation; comparator is grouped five-fold OOF within the test cycle and is not used to tune the transported model.,oak,adept,2013-2014_H,1853.3569737121704,2011-2012_G,1938.07746065372,75.73025716866294,702.4794563849109,0.3790308431396699,12.33152372285872,0.0066536149796114,1023.1256808085996,1.0178679427109103,1296,1986.5984327050517,-0.6351633018878312,690.1479326620522,0.3723772281600583,1018.7193031419664
0.1838919157598777,0.0006137384222515,0.1832781773376262,0.0038914810241096,-2.11207497785072e-06,0.0038935930990875,daily_steps,isotonic,4065,4001,The source-to-target isotonic crosswalk was fitted only in the train cycle and locked before test-cycle evaluation; comparator is grouped five-fold OOF within the test cycle and is not used to tune the transported model.,oak,scrf,2013-2014_H,7468.285714285715,2011-2012_G,3829.23303896104,-205.78421975039143,1402.4200595818988,0.1877833967839873,4.567800311824612,0.0006116263472736,1928.94184304641,1.0032677275309552,1296,3833.786697400156,0.3967409411661015,1397.8522592700742,0.1871717704367137,1922.614874622053
0.3119006968452754,-0.000878699650715,0.3127793964959904,0.0037212381506433,7.119261081633618e-06,0.0037141188895616,daily_steps,isotonic,4065,4001,The source-to-target isotonic crosswalk was fitted only in the train cycle and locked before test-cycle evaluation; comparator is grouped five-fold OOF within the test cycle and is not used to tune the transported model.,oak,scssl,2013-2014_H,5809.033333333334,2011-2012_G,4783.469275679619,-13.363083026142409,1833.4583411224585,0.3156219349959187,-5.063039536059932,-0.0008715803896333,2424.369299863428,0.9972461350793504,1296,4827.673779941089,1.0069314975395691,1838.5213806585184,0.3164935153855521,2434.635392642879
0.1510449469804421,-0.000499470239195,0.1515444172196371,0.0050828256008427,0.0011022965257459,0.0039805290750968,daily_steps,isotonic,4065,4001,The source-to-target isotonic crosswalk was fitted only in the train cycle and locked before test-cycle evaluation; comparator is grouped five-fold OOF within the test cycle and is not used to tune the transported model.,oak,vs,2013-2014_H,5571.47619047619,2011-2012_G,2302.3898407128945,28.59570625672854,869.86216760871,0.1561277725812848,3.3586323025114098,0.0006028262865508,1284.0277102856032,1.0038760745521074,1296,2298.510026878792,0.5688942321322343,866.5035353061986,0.155524946294734,1279.3918698468487
0.1411624095200248,0.0003297778452257,0.140832631674799,0.005029213649203,0.000267320430627,0.0047618932185758,daily_steps,isotonic,4065,4001,The source-to-target isotonic crosswalk was fitted only in the train cycle and locked before test-cycle evaluation; comparator is grouped five-fold OOF within the test cycle and is not used to tune the transported model.,oak,vsrev,2013-2014_H,6240.4,2011-2012_G,2561.73731961182,26.93224826137741,912.2942052252492,0.1461916231692278,3.726132080632283,0.0005970982758528,1285.8561785611691,1.0041011039136956,1296,2563.224298728706,0.8539439317610231,908.568073144617,0.1455945248933749,1285.6261118181562
0.2049303155425789,0.0019029403134748,0.203027375229104,0.001025807150119,0.0029423895608847,-0.0019165824107656,daily_steps,isotonic,4065,4001,The source-to-target isotonic crosswalk was fitted only in the train cycle and locked before test-cycle evaluation; comparator is grouped five-fold OOF within the test cycle and is not used to tune the transported model.,scrf,acti,2013-2014_H,5534.857142857143,2011-2012_G,2791.7534435820867,137.6490615938211,1139.9377168008416,0.2059561226926979,26.818208664598615,0.0048453298743596,1492.279297833274,1.0240928386112842,1296,2780.391592876351,-1.5678211872367822,1113.119508136243,0.2011107928183383,1473.1483852303145
0.3845739644263297,0.0121734452310974,0.3724005191952322,0.0083836265304934,0.0027063542976649,0.0056772722328285,daily_steps,isotonic,4065,4001,The source-to-target isotonic crosswalk was fitted only in the train cycle and locked before test-cycle evaluation; comparator is grouped five-fold OOF within the test cycle and is not used to tune the transported model.,scrf,adept,2013-2014_H,1853.3569737121704,2011-2012_G,1990.4278568107416,125.21351921763171,728.2906915729628,0.3929575909568232,27.577580224070857,0.0148797995287623,1056.2193128733184,1.0393564495617662,1296,2026.4202570087311,-0.6003059095655203,700.713111348892,0.3780777914280608,1042.1241362252565
0.1791934651058404,0.0018010655996473,0.1773923995061931,0.0036609945169202,0.0012729409917337,0.0023880535251864,daily_steps,isotonic,4065,4001,The source-to-target isotonic crosswalk was fitted only in the train cycle and locked before test-cycle evaluation; comparator is grouped five-fold OOF within the test cycle and is not used to tune the transported model.,scrf,oak,2013-2014_H,6890.108333333336,2011-2012_G,3290.600036721521,188.9521763931552,1259.887036033947,0.1828544596227606,21.18023843199603,0.003074006591381,1671.634341771542,1.01709866973605,1296,3206.426934583935,1.855505030986212,1238.706797601951,0.1797804530313795,1659.629613998589
0.2488691803021581,0.0006087557184093,0.2482604245837488,0.0033227128473276,-0.000393884803579,0.0037165976509067,daily_steps,isotonic,4065,4001,The source-to-target isotonic crosswalk was fitted only in the train cycle and locked before test-cycle evaluation; comparator is grouped five-fold OOF within the test cycle and is not used to tune the transported model.,scrf,scssl,2013-2014_H,5809.033333333334,2011-2012_G,4100.910519948517,151.44824216006768,1464.9911137018012,0.2521918931494857,1.2481923066125091,0.0002148709148302,2044.356100006856,1.0008527401146523,1296,4067.385497354499,-0.0221923500898033,1463.742921395189,0.2519770222346555,2030.601189046462
0.2182374095576786,0.0037452741834524,0.2144921353742261,0.0053497719620033,0.0009690580515693,0.004380713910434,daily_steps,isotonic,4065,4001,The source-to-target isotonic crosswalk was fitted only in the train cycle and locked before test-cycle evaluation; comparator is grouped five-fold OOF within the test cycle and is not used to tune the transported model.,scrf,vs,2013-2014_H,5571.47619047619,2011-2012_G,3274.481714065256,179.19163676575295,1245.710658332586,0.2235871815196819,26.265789801418123,0.0047143322350217,1677.468782092814,1.0215391367656133,1296,3247.144668664668,-1.246356668178214,1219.444868531168,0.2188728492846602,1665.8143975749667
0.2145191549875987,0.00279909216556,0.2117200628220387,0.0071695860420357,0.0013764226529058,0.0057931633891299,daily_steps,isotonic,4065,4001,The source-to-target isotonic crosswalk was fitted only in the train cycle and locked before test-cycle evaluation; comparator is grouped five-fold OOF within the test cycle and is not used to tune the transported model.,scrf,vsrev,2013-2014_H,6240.4,2011-2012_G,3747.4260266894057,194.05706822515288,1383.4264195213314,0.2216887410296345,26.056882673154178,0.0041755148184658,1879.433378552717,1.0191966019317469,1296,3784.518129543095,-1.237289252828296,1357.3695368481772,0.2175132262111687,1863.6386931417392
0.3111462080034028,-0.0005530741276831,0.311699282131086,0.0012549927272151,0.0003361138388143,0.0009188788884008,daily_steps,isotonic,4065,4001,The source-to-target isotonic crosswalk was fitted only in the train cycle and locked before test-cycle evaluation; comparator is grouped five-fold OOF within the test cycle and is not used to tune the transported model.,scssl,acti,2013-2014_H,5534.857142857143,2011-2012_G,4340.5023817540505,19.551810215059007,1729.096017301009,0.3124012007306179,-1.200844204562145,-0.0002169602888688,2264.1806626907046,0.9993059894915852,1296,4379.146486122317,4.044430189109177,1730.296861505571,0.3126181610194868,2266.0419626328485
0.3320136515429621,0.003888951619477,0.328124699923485,0.0043501645751086,-0.0016360782122899,0.0059862427873986,daily_steps,isotonic,4065,4001,The source-to-target isotonic crosswalk was fitted only in the train cycle and locked before test-cycle evaluation; comparator is grouped five-fold OOF within the test cycle and is not used to tune the transported model.,scssl,adept,2013-2014_H,1853.3569737121704,2011-2012_G,1760.7801388664852,81.7258134522573,623.4022243068646,0.3363638161180707,4.175378640100803,0.002252873407187,919.3181790115716,1.006742890217566,1296,1774.0057816732665,-0.0504279268367958,619.2268456667638,0.3341109427108837,926.6278406132724
0.3049259305436084,-2.8769315802031683e-05,0.3049546998594105,0.0051736072349169,0.0011282819615173,0.0040453252733995,daily_steps,isotonic,4065,4001,The source-to-target isotonic crosswalk was fitted only in the train cycle and locked before test-cycle evaluation; comparator is grouped five-fold OOF within the test cycle and is not used to tune the transported model.,scssl,oak,2013-2014_H,6890.108333333336,2011-2012_G,5466.342420281862,47.27938353147545,2136.6194094106336,0.3100995377785254,7.575761242848785,0.0010995126457153,2796.0365079379617,1.0035582930624125,1296,5438.234671741287,2.4970084207888443,2129.043648167785,0.30900002513281,2782.637841797583
0.2498198068631529,-0.0026236294682239,0.2524434363313769,0.0052995518359647,0.0002412834167359,0.0050582684192287,daily_steps,isotonic,4065,4001,The source-to-target isotonic crosswalk was fitted only in the train cycle and locked before test-cycle evaluation; comparator is grouped five-fold OOF within the test cycle and is not used to tune the transported model.,scssl,scrf,2013-2014_H,7468.285714285715,2011-2012_G,5298.437147233156,-183.32281966732688,1905.3042620103529,0.2551193586991176,-17.792040982812978,-0.002382346051488,2694.3644502706175,0.9907482319241524,1296,5144.089761694239,-3.240696162769572,1923.096302993166,0.2575017047506056,2680.9206238131533
0.3016885919156572,0.0014294200836118,0.3002591718320453,0.0085387933300939,0.0004674251801516,0.0080713681499423,daily_steps,isotonic,4065,4001,The source-to-target isotonic crosswalk was fitted only in the train cycle and locked before test-cycle evaluation; comparator is grouped five-fold OOF within the test cycle and is not used to tune the transported model.,scssl,vs,2013-2014_H,5571.47619047619,2011-2012_G,4487.280303668727,61.53606921238588,1728.4244905303874,0.3102273852457512,10.568228224075938,0.0018968452637635,2349.0741523215693,1.006151986319209,1296,4459.386585910578,2.895288941124447,1717.8562623063117,0.3083305399819877,2339.3702150309323
0.3374913817680768,0.0011420660234276,0.3363493157446491,0.0114725374498859,0.0015597822840232,0.0099127551658627,daily_steps,isotonic,4065,4001,The source-to-target isotonic crosswalk was fitted only in the train cycle and locked before test-cycle evaluation; comparator is grouped five-fold OOF within the test cycle and is not used to tune the transported model.,scssl,vsrev,2013-2014_H,6240.4,2011-2012_G,5784.9134891950225,66.9059583292781,2177.674441487775,0.3489639192179627,16.860614177816842,0.0027018483074509,2944.6091564844164,1.0078028999836637,1296,5669.900412882735,3.937088550768754,2160.813827309958,0.3462620709105118,2926.289933286975
0.2023742241679876,-0.0017103651857511,0.2040845893537387,0.0024562082349999,8.619752979708e-05,0.0023700107052029,daily_steps,isotonic,4065,4001,The source-to-target isotonic crosswalk was fitted only in the train cycle and locked before test-cycle evaluation; comparator is grouped five-fold OOF within the test cycle and is not used to tune the transported model.,vs,acti,2013-2014_H,5534.857142857143,2011-2012_G,2967.881002506261,-27.34943392788961,1133.707181860193,0.2048304324029876,-8.98953595175476,-0.001624167655954,1518.9755084165993,0.9921330517436262,1296,2978.8447027621546,-1.6437484687440895,1142.6967178119478,0.2064546000589416,1532.72140603526
0.3743765523171712,0.0053492408008581,0.3690273115163131,0.0094423830059049,0.0003960365664567,0.0090463464394481,daily_steps,isotonic,4065,4001,The source-to-target isotonic crosswalk was fitted only in the train cycle and locked before test-cycle evaluation; comparator is grouped five-fold OOF within the test cycle and is not used to tune the transported model.,vs,adept,2013-2014_H,1853.3569737121704,2011-2012_G,1976.2967791443073,71.26559643372326,711.3535004238037,0.3838189353230761,10.64804987462378,0.0057452773673149,1029.3682066773415,1.0151961853105016,1296,2039.4689634261804,-0.3929625272607313,700.7054505491799,0.3780736579557612,1019.7098853086254
0.1528593329755063,-0.0002670610447071,0.1531263940202135,0.0039658883905089,-0.0003176099149769,0.0042834983054858,daily_steps,isotonic,4065,4001,The source-to-target isotonic crosswalk was fitted only in the train cycle and locked before test-cycle evaluation; comparator is grouped five-fold OOF within the test cycle and is not used to tune the transported model.,vs,oak,2013-2014_H,6890.108333333336,2011-2012_G,3047.6294776334753,-16.961580151569894,1080.5427646108274,0.1568252213660153,-4.028446251577179,-0.000584670959684,1576.5954172220042,0.9962856784218216,1296,2981.651699134203,-4.0258524391896,1084.5712108624043,0.1574098923256993,1580.9154321111248
0.2255575637000119,0.0009329781873875,0.2246245855126244,0.0055369222475586,-0.0008878813785614,0.0064248036261201,daily_steps,isotonic,4065,4001,The source-to-target isotonic crosswalk was fitted only in the train cycle and locked before test-cycle evaluation; comparator is grouped five-fold OOF within the test cycle and is not used to tune the transported model.,vs,scrf,2013-2014_H,7468.285714285715,2011-2012_G,4906.923823326431,-245.9747820529997,1725.879648052443,0.2310944859475706,0.3367958531157455,4.5096808826087815e-05,2411.25511578573,1.0001951825494722,1296,4905.461178266179,-1.577753194240141,1725.5428521993272,0.2310493891387446,2415.8668318375817
0.3112113690470517,-0.0027531037211751,0.3139644727682268,0.0059283689256993,0.0019239672062432,0.004004401719456,daily_steps,isotonic,4065,4001,The source-to-target isotonic crosswalk was fitted only in the train cycle and locked before test-cycle evaluation; comparator is grouped five-fold OOF within the test cycle and is not used to tune the transported model.,vs,scssl,2013-2014_H,5809.033333333334,2011-2012_G,4991.501403421974,-41.19258330022348,1842.27530920831,0.317139737972751,-4.816481653122992,-0.0008291365149318,2515.446483460192,0.9973923972392964,1296,5021.601730364871,-3.2697217331523376,1847.0917908614329,0.3179688744876828,2526.4179957653587
0.1250178838609207,-0.0006137164321295,0.1256316002930502,0.0037263176890081,0.0006303284191449,0.0030959892698632,daily_steps,isotonic,4065,4001,The source-to-target isotonic crosswalk was fitted only in the train cycle and locked before test-cycle evaluation; comparator is grouped five-fold OOF within the test cycle and is not used to tune the transported model.,vs,vsrev,2013-2014_H,6240.4,2011-2012_G,2218.9035215233625,-2.8496781901885777,803.4153153521759,0.1287442015499288,0.1036654437706374,1.6611987015357585e-05,1188.6270609190756,1.0001290476041054,1296,2217.0200532386843,-1.137671332644928,803.3116499084052,0.1287275895629134,1180.7425087417644
0.2161642619624392,-0.001199991339254,0.2173642533016932,-0.0002842620504093,0.0002317025035574,-0.0005159645539667,daily_steps,isotonic,4065,4001,The source-to-target isotonic crosswalk was fitted only in the train cycle and locked before test-cycle evaluation; comparator is grouped five-fold OOF within the test cycle and is not used to tune the transported model.,vsrev,acti,2013-2014_H,5534.857142857143,2011-2012_G,2938.702807126205,-17.298696600547196,1194.8649595130985,0.2158799999120299,-5.359340378603747,-0.0009682888356965,1530.607982293374,0.9955347176531192,1296,2974.9918506265644,-2.6745766051264424,1200.224299891702,0.2168482887477264,1532.9976403159844
0.3887627140556051,0.0064693257909879,0.3822933882646171,0.0089680512062472,-0.0022975308848291,0.0112655820910764,daily_steps,isotonic,4065,4001,The source-to-target isotonic crosswalk was fitted only in the train cycle and locked before test-cycle evaluation; comparator is grouped five-fold OOF within the test cycle and is not used to tune the transported model.,vsrev,adept,2013-2014_H,1853.3569737121704,2011-2012_G,2038.062676692492,72.76243334504359,737.1370874579324,0.3977307652618523,7.73182518222643,0.0041717949061588,1074.110380086888,1.0106001774076918,1296,2040.4230390100336,0.4011203766327911,729.4052622757059,0.3935589703556935,1077.04867925838
0.1389451386517247,0.0001780944754586,0.1387670441762661,0.0036383273360463,-0.0001985778718026,0.0038369052078489,daily_steps,isotonic,4065,4001,The source-to-target isotonic crosswalk was fitted only in the train cycle and locked before test-cycle evaluation; comparator is grouped five-fold OOF within the test cycle and is not used to tune the transported model.,vsrev,oak,2013-2014_H,6890.108333333336,2011-2012_G,2673.2909696796387,-15.094357212016618,982.415527197892,0.1425834659877711,-0.1411328198446426,-2.048339634398239e-05,1336.5377492887433,0.9998563616475388,1296,2669.9090659268254,2.9133685361867943,982.5566600177368,0.142603949384115,1339.703999044897
0.2203129413961728,0.0004933410520923,0.2198196003440805,0.0043700158667185,0.0009645604739673,0.0034054553927512,daily_steps,isotonic,4065,4001,The source-to-target isotonic crosswalk was fitted only in the train cycle and locked before test-cycle evaluation; comparator is grouped five-fold OOF within the test cycle and is not used to tune the transported model.,vsrev,scrf,2013-2014_H,7468.285714285715,2011-2012_G,4783.898509316768,-226.69692710814292,1677.9965199699202,0.2246829572628914,10.888025139907086,0.0014579015260597,2301.4495715202174,1.006531083713911,1296,4726.051182626894,0.999232395576248,1667.1084948300131,0.2232250557368317,2285.9759375933136
0.3438916001938685,-0.0016988891178638,0.3455904893117323,0.0045329902585696,0.0013263123175456,0.0032066779410241,daily_steps,isotonic,4065,4001,The source-to-target isotonic crosswalk was fitted only in the train cycle and locked before test-cycle evaluation; comparator is grouped five-fold OOF within the test cycle and is not used to tune the transported model.,vsrev,scssl,2013-2014_H,5809.033333333334,2011-2012_G,5350.571002375331,-14.753502237734049,2024.0100600912288,0.3484245904524382,-2.164311052275252,-0.0003725768003182,2713.9239546052227,0.9989318238928006,1296,5412.895259450648,4.837434908723115,2026.174371143504,0.3487971672527564,2726.925409342433
0.1217844411034266,-0.0009670797995586,0.1227515209029852,0.0019587639715649,-0.0001250470058273,0.0020838109773922,daily_steps,isotonic,4065,4001,The source-to-target isotonic crosswalk was fitted only in the train cycle and locked before test-cycle evaluation; comparator is grouped five-fold OOF within the test cycle and is not used to tune the transported model.,vsrev,vs,2013-2014_H,5571.47619047619,2011-2012_G,1853.5957752009847,12.869429339788091,689.4323208085281,0.1237432050749915,-6.084758493188815,-0.0010921268053859,985.196508410376,0.9912514607128012,1296,1841.2925904608417,1.6463427932457708,695.5170793017169,0.1248353318803775,983.5274024373095
0.3958418529620268,-0.0038453415393842,0.399687194501411,0.0112569969852008,0.0034480052607164,0.0078089917244844,daily_steps,isotonic,4001,4065,The source-to-target isotonic crosswalk was fitted only in the train cycle and locked before test-cycle evaluation; comparator is grouped five-fold OOF within the test cycle and is not used to tune the transported model.,acti,adept,2011-2012_G,1979.091419217421,2013-2014_H,2345.3794973402555,-76.85831552990761,805.6858407038387,0.4070988499472276,-0.7863648196552049,-0.0003973362786677,1189.5240621799692,0.9990249325218284,1296,2255.7242683503273,0.9855786067842676,806.4722055234939,0.4074961862258954,1127.554156321926
0.1618899838774524,-0.0003698829234879,0.1622598668009404,0.003111967291412,0.0001295621527845,0.0029824051386274,daily_steps,isotonic,4001,4065,The source-to-target isotonic crosswalk was fitted only in the train cycle and locked before test-cycle evaluation; comparator is grouped five-fold OOF within the test cycle and is not used to tune the transported model.,acti,oak,2011-2012_G,6827.775000000008,2013-2014_H,2975.399587912081,-22.69633674601672,1126.596197141995,0.1650019511688644,-1.6408561501891654,-0.0002403207707033,1493.0734897292384,0.9985456459301694,1296,2978.727159863942,2.9872174118913652,1128.237053292184,0.1652422719395678,1496.0612883570425
0.2062256115719739,-0.0018363211542114,0.2080619327261853,0.0041846499434713,0.0007436952824506,0.0034409546610206,daily_steps,isotonic,4001,4065,The source-to-target isotonic crosswalk was fitted only in the train cycle and locked before test-cycle evaluation; comparator is grouped five-fold OOF within the test cycle and is not used to tune the transported model.,acti,scrf,2011-2012_G,7463.142857142857,2013-2014_H,4367.2517687074815,194.42847685163508,1570.3218402985556,0.2104102615154452,-8.154422970360883,-0.0010926258717607,2181.982682070359,0.994833990754176,1296,4403.594820384291,4.040425623363898,1578.4762632689165,0.211502887387206,2178.9969316068573
0.3075803683737534,0.0008835730293174,0.3066967953444359,0.0029012597221504,-0.0021326510526333,0.0050339107747838,daily_steps,isotonic,4001,4065,The source-to-target isotonic crosswalk was fitted only in the train cycle and locked before test-cycle evaluation; comparator is grouped five-fold OOF within the test cycle and is not used to tune the transported model.,acti,scssl,2011-2012_G,5860.285714285714,2013-2014_H,4958.967300556584,-9.201461923276886,1819.511049678596,0.3104816280959039,-7.319954096066112,-0.0012490780233158,2439.2526076172344,0.9959930863440892,1296,4997.951141885325,1.7112163371624125,1826.831003774662,0.3117307061192197,2444.428415173003
0.2009567085974254,-0.0015842214238341,0.2025409300212595,0.0046365525504744,-0.0003205712398282,0.0049571237903026,daily_steps,isotonic,4001,4065,The source-to-target isotonic crosswalk was fitted only in the train cycle and locked before test-cycle evaluation; comparator is grouped five-fold OOF within the test cycle and is not used to tune the transported model.,acti,vs,2011-2012_G,5475.685714285714,2013-2014_H,3066.219642857144,-44.831037627045056,1125.7640830209675,0.2055932611478999,-10.43004597709205,-0.0019047926636623,1551.2168910412588,0.9908201902202314,1296,3128.5284632034636,1.442142202875626,1136.1941289980596,0.2074980538115622,1559.3691299750972
0.2179816002975257,7.913143833086867e-05,0.2179024688591948,0.0062883992370809,0.0006885447433334,0.0055998544937475,daily_steps,isotonic,4001,4065,The source-to-target isotonic crosswalk was fitted only in the train cycle and locked before test-cycle evaluation; comparator is grouped five-fold OOF within the test cycle and is not used to tune the transported model.,acti,vsrev,2011-2012_G,6232.214285714286,2013-2014_H,3639.729901960783,-43.933686932397585,1397.6986949567122,0.2242699995346067,4.784322466170806,0.0007676761816642,1818.0058680955517,1.0034347570537423,1296,3633.978653530376,1.631831751166413,1392.9143724905414,0.2235023233529424,1812.0963352322844
0.3748325044222551,0.0025341196025553,0.3722983848196997,0.0086760384806013,-0.0015994474726265,0.0102754859532279,daily_steps,isotonic,4001,4065,The source-to-target isotonic crosswalk was fitted only in the train cycle and locked before test-cycle evaluation; comparator is grouped five-fold OOF within the test cycle and is not used to tune the transported model.,adept,acti,2011-2012_G,5391.857142857143,2013-2014_H,5258.296993603415,123.93983471634937,2067.823276397502,0.3835085429028565,5.03961859998617,0.0009346721299288,2699.6440341700027,1.002443115438178,1296,5261.5160464185665,-1.9864449887784803,2062.783657797516,0.3825738707729277,2704.494746369067
0.3313140199500283,0.0033903108946298,0.3279237090553984,0.0053662135473065,-0.0017259680910498,0.0070921816383564,daily_steps,isotonic,4001,4065,The source-to-target isotonic crosswalk was fitted only in the train cycle and locked before test-cycle evaluation; comparator is grouped five-fold OOF within the test cycle and is not used to tune the transported model.,adept,oak,2011-2012_G,6827.775000000008,2013-2014_H,6248.326781484172,166.21086181207707,2298.776881267268,0.3366802334973348,11.363758185712868,0.0016643428035799,3084.3169333728574,1.0049679518190415,1296,6176.809455042883,-2.47691886902339,2287.413123081555,0.3350158906937549,3087.5782789936125
0.3582301817665906,0.0090021613253522,0.3492280204412384,0.0089450680979928,0.0002548946566483,0.0086901734413445,daily_steps,isotonic,4001,4065,The source-to-target isotonic crosswalk was fitted only in the train cycle and locked before test-cycle evaluation; comparator is grouped five-fold OOF within the test cycle and is not used to tune the transported model.,adept,scrf,2011-2012_G,7463.142857142857,2013-2014_H,7413.845309168442,419.9799049766236,2740.2813433465103,0.3671752498645835,69.08673123023937,0.0092570559820006,3787.685009511716,1.0258636083334658,1296,7376.976908541197,1.8304849692938787,2671.194612116271,0.3579181938825829,3765.857790900208
0.3234611697304783,0.0032980155127106,0.3201631542177677,0.003428372767535,-0.0014055364885513,0.0048339092560863,daily_steps,isotonic,4001,4065,The source-to-target isotonic crosswalk was fitted only in the train cycle and locked before test-cycle evaluation; comparator is grouped five-fold OOF within the test cycle and is not used to tune the transported model.,adept,scssl,2011-2012_G,5860.285714285714,2013-2014_H,5094.934220834484,182.01229414085353,1915.6661160505007,0.3268895424980134,11.09046778986658,0.0018924790241593,2557.5884967775646,1.0058230649961293,1296,5084.112249827469,3.3740660536370264,1904.575648260634,0.324997063473854,2563.4692761635856
0.338375059783349,0.0026447207611877,0.3357303390221612,0.0090582778296896,-0.0010688065530644,0.0101270843827541,daily_steps,isotonic,4001,4065,The source-to-target isotonic crosswalk was fitted only in the train cycle and locked before test-cycle evaluation; comparator is grouped five-fold OOF within the test cycle and is not used to tune the transported model.,adept,vs,2011-2012_G,5475.685714285714,2013-2014_H,5060.552648809521,105.18992866044884,1902.4357634343216,0.3474333376130387,8.629210916360762,0.0015759142081233,2546.2229343321237,1.0045565429609944,1296,5001.412401402279,-2.24296680163498,1893.8065525179609,0.3458574234049154,2554.529771834098
0.3551497698768582,0.0038504571739619,0.3512993127028963,0.0122116117887668,-0.0012612941258378,0.0134729059146047,daily_steps,isotonic,4001,4065,The source-to-target isotonic crosswalk was fitted only in the train cycle and locked before test-cycle evaluation; comparator is grouped five-fold OOF within the test cycle and is not used to tune the transported model.,adept,vsrev,2011-2012_G,6232.214285714286,2013-2014_H,6152.52069099379,131.99530927816835,2289.4748508362472,0.3673613816656251,16.136218936562273,0.002589163048124,3141.3596922992665,1.0070980269767722,1296,6090.289115646257,-2.883004314701907,2273.338631899685,0.3647722186175011,3147.594282312296
0.1633638639581278,0.0014057134255092,0.1619581505326186,0.0039188842806986,-0.0001158425428763,0.004034726823575,daily_steps,isotonic,4001,4065,The source-to-target isotonic crosswalk was fitted only in the train cycle and locked before test-cycle evaluation; comparator is grouped five-fold OOF within the test cycle and is not used to tune the transported model.,oak,acti,2011-2012_G,5391.857142857143,2013-2014_H,2320.3916666666664,8.703301390025997,901.9646809682904,0.1672827482388265,6.9547995318873745,0.0012898708826328,1185.633632750402,1.007770639940562,1296,2321.066362715299,0.9743419486136417,895.0098814364029,0.1659928773561937,1181.6757527668665
0.3519422847428615,-0.0031121519412732,0.3550544366841348,0.0069587851015746,-0.0026526218006186,0.0096114069021934,daily_steps,isotonic,4001,4065,The source-to-target isotonic crosswalk was fitted only in the train cycle and locked before test-cycle evaluation; comparator is grouped five-fold OOF within the test cycle and is not used to tune the transported model.,oak,adept,2011-2012_G,1979.091419217421,2013-2014_H,2173.6795619206328,-80.09172678985279,710.298027677076,0.3589010698444362,-11.409014246308288,-0.0057647737418919,1042.7646167339442,0.9841916268186844,1296,2131.450291831386,-0.2909787651389579,721.7070419233843,0.3646658435863282,1041.0936270251484
0.1812392135611278,0.0016790815842468,0.1795601319768809,0.0038247571881062,-0.0011367729326689,0.0049615301207751,daily_steps,isotonic,4001,4065,The source-to-target isotonic crosswalk was fitted only in the train cycle and locked before test-cycle evaluation; comparator is grouped five-fold OOF within the test cycle and is not used to tune the transported model.,oak,scrf,2011-2012_G,7463.142857142857,2013-2014_H,3774.2363095238097,199.27996515722847,1381.1588514116406,0.185063970749234,4.047326939390359,0.0005423086515778,1926.558816683211,1.0029389972180658,1296,3755.591160714288,-0.762034025001732,1377.1115244722505,0.1845216620976561,1943.496311616503
0.3019344244599476,-0.00122153938984,0.3031559638497877,0.0022280121451468,0.0008889766805354,0.0013390354646113,daily_steps,isotonic,4001,4065,The source-to-target isotonic crosswalk was fitted only in the train cycle and locked before test-cycle evaluation; comparator is grouped five-fold OOF within the test cycle and is not used to tune the transported model.,oak,scssl,2011-2012_G,5860.285714285714,2013-2014_H,4721.42873719108,-3.1743546626254515,1782.4787820591696,0.3041624366050945,-1.9489124944420837,-0.0003325627093046,2354.880294972676,0.9989078220987097,1296,4711.658008658008,4.125831517122212,1784.4276945536117,0.3044949993143991,2351.9248496612904
0.1507743222364123,-0.0010067443872943,0.1517810666237067,0.0051174027566075,-6.830771257920515e-05,0.0051857104691867,daily_steps,isotonic,4001,4065,The source-to-target isotonic crosswalk was fitted only in the train cycle and locked before test-cycle evaluation; comparator is grouped five-fold OOF within the test cycle and is not used to tune the transported model.,oak,vs,2011-2012_G,5475.685714285714,2013-2014_H,2416.640143964567,-29.411497609371075,853.6140915196365,0.1558917249930199,-5.88664742539072,-0.0010750520998735,1242.232277882281,0.9931510850908446,1296,2395.7009009009007,0.455595941351604,859.5007389450273,0.1569667770928935,1248.9553365546626
0.1388412799277799,-0.0009016029593478,0.1397428828871277,0.006132839970789,0.0008056905882328,0.0053271493825561,daily_steps,isotonic,4001,4065,The source-to-target isotonic crosswalk was fitted only in the train cycle and locked before test-cycle evaluation; comparator is grouped five-fold OOF within the test cycle and is not used to tune the transported model.,oak,vsrev,2011-2012_G,6232.214285714286,2013-2014_H,2543.7714285714283,-24.94008000245957,903.5097810907172,0.1449741198985689,-0.597746449439569,-9.591237111498968e-05,1263.5559074842663,0.9993388546923552,1296,2589.096419753085,0.6467765175113963,904.1075275401568,0.1450700322696839,1261.4519198495536
0.2022439529672378,-0.0014243947474463,0.2036683477146842,0.0053820020412978,0.0011455056560271,0.0042364963852707,daily_steps,isotonic,4001,4065,The source-to-target isotonic crosswalk was fitted only in the train cycle and locked before test-cycle evaluation; comparator is grouped five-fold OOF within the test cycle and is not used to tune the transported model.,scrf,acti,2011-2012_G,5391.857142857143,2013-2014_H,2899.3729796482894,-136.006863041232,1119.4894885553092,0.2076259550085357,-1.5037301396334897,-0.0002788890914191,1513.0422157807627,0.9986585733842492,1296,2874.261926807758,-4.367282273262603,1120.9932186949427,0.2079048440999549,1502.7362319624808
0.3609968383843218,-0.0054579057413844,0.3664547441257063,0.0099782284476706,0.0008907899872977,0.0090874384603727,daily_steps,isotonic,4001,4065,The source-to-target isotonic crosswalk was fitted only in the train cycle and locked before test-cycle evaluation; comparator is grouped five-fold OOF within the test cycle and is not used to tune the transported model.,scrf,adept,2011-2012_G,1979.091419217421,2013-2014_H,2259.297684080231,-124.98171374852429,734.1935715108054,0.3709750668319924,-9.038739599485666,-0.0045671157540866,1079.3257477123657,0.9878386078425696,1296,2157.921381123853,0.8713935604759507,743.2323111102911,0.3755421825860791,1065.983000521558
0.1758190504260014,0.0004637993021558,0.1753552511238456,0.0044579609875727,5.5184692951057814e-05,0.0044027762946217,daily_steps,isotonic,4001,4065,The source-to-target isotonic crosswalk was fitted only in the train cycle and locked before test-cycle evaluation; comparator is grouped five-fold OOF within the test cycle and is not used to tune the transported model.,scrf,oak,2011-2012_G,6827.775000000008,2013-2014_H,3364.6681150793684,-196.0036231700641,1230.890871604318,0.1802770114135742,3.5435059471908517,0.0005189839951068,1677.8777777939488,1.0028871255573957,1296,3307.5135599816913,-0.9343410189849696,1227.347365657127,0.1797580274184673,1674.0632646017048
0.2388854444700741,0.000175857256422,0.238709587213652,0.00313128949045,0.0014114507702981,0.0017198387201519,daily_steps,isotonic,4001,4065,The source-to-target isotonic crosswalk was fitted only in the train cycle and locked before test-cycle evaluation; comparator is grouped five-fold OOF within the test cycle and is not used to tune the transported model.,scrf,scssl,2011-2012_G,5860.285714285714,2013-2014_H,3891.969597069596,-138.40948583956344,1418.2872086469458,0.2420167339605241,9.302078553159165,0.0015873080267201,1997.2426153373724,1.0066019707053544,1296,3869.2520202020182,-0.0691920804480917,1408.985130093787,0.240429425933804,1983.7598913241327
0.214877258844083,-0.0017500993885097,0.2166273582325927,0.0058453301156491,-0.0005778935254403,0.0064232236410895,daily_steps,isotonic,4001,4065,The source-to-target isotonic crosswalk was fitted only in the train cycle and locked before test-cycle evaluation; comparator is grouped five-fold OOF within the test cycle and is not used to tune the transported model.,scrf,vs,2011-2012_G,5475.685714285714,2013-2014_H,3278.862285714291,-179.67404894986333,1208.6075271869631,0.2207225889597321,-12.74735754187509,-0.0023279929139501,1705.8751081797157,0.9895629372746112,1296,3272.7003105590056,-2.396565611618868,1221.3548847288382,0.2230505818736823,1707.5466086605431
0.211407761854741,0.0004830360954424,0.2109247257592985,0.0084131898998912,-0.0011482156353474,0.0095614055352386,daily_steps,isotonic,4001,4065,The source-to-target isotonic crosswalk was fitted only in the train cycle and locked before test-cycle evaluation; comparator is grouped five-fold OOF within the test cycle and is not used to tune the transported model.,scrf,vsrev,2011-2012_G,6232.214285714286,2013-2014_H,3803.011122448979,-201.53438679005865,1369.9712758245305,0.2198209517546323,-4.145541431160609,-0.0006651795399049,1914.4654679195896,0.996983122992818,1296,3757.151473922901,-2.0945882416415045,1374.1168172556909,0.2204861312945372,1906.2740982791097
0.3026729044340924,1.8296163475996106e-05,0.3026546082706164,0.006413640423264,-0.0012229651180398,0.0076366055413038,daily_steps,isotonic,4001,4065,The source-to-target isotonic crosswalk was fitted only in the train cycle and locked before test-cycle evaluation; comparator is grouped five-fold OOF within the test cycle and is not used to tune the transported model.,scssl,acti,2011-2012_G,5391.857142857143,2013-2014_H,4193.752873563215,-27.212584136866372,1666.5504946501726,0.3090865448573565,-6.495402907443122,-0.0012046689545638,2202.835815585194,0.9961176182213975,1296,4212.862853422619,0.4236252782970479,1673.0458975576155,0.3102912138119203,2210.226683064048
0.3258879577942241,-0.0028459121569992,0.3287338699512233,0.0081839011165419,-0.0009666111327631,0.009150512249305,daily_steps,isotonic,4001,4065,The source-to-target isotonic crosswalk was fitted only in the train cycle and locked before test-cycle evaluation; comparator is grouped five-fold OOF within the test cycle and is not used to tune the transported model.,scssl,adept,2011-2012_G,1979.091419217421,2013-2014_H,1973.7855328269463,-87.17893766330945,661.1587493723099,0.334071858910766,-7.54533212833519,-0.0038125232897623,957.1575992963336,0.9887164856069032,1296,1956.264732845977,1.0985970528923872,668.7040815006451,0.3378843822005283,956.551332504258
0.2950988043037367,-0.0006311648125455,0.2957299691162822,0.0043858234217208,0.0005523172515591,0.0038335061701617,daily_steps,isotonic,4001,4065,The source-to-target isotonic crosswalk was fitted only in the train cycle and locked before test-cycle evaluation; comparator is grouped five-fold OOF within the test cycle and is not used to tune the transported model.,scssl,oak,2011-2012_G,6827.775000000008,2013-2014_H,5285.356993559721,-49.48795128740797,2044.813654068188,0.2994846277254575,-0.5383534057143606,-7.884756098646484e-05,2688.2794924868094,0.9997367918071084,1296,5340.618319770956,-1.0791133840860867,2045.3520074739024,0.299563475286444,2685.3835282489163
0.2415434659498819,0.0053622503981852,0.2361812155516967,0.0032489585830479,-0.0004351521346753,0.0036841107177233,daily_steps,isotonic,4001,4065,The source-to-target isotonic crosswalk was fitted only in the train cycle and locked before test-cycle evaluation; comparator is grouped five-fold OOF within the test cycle and is not used to tune the transported model.,scssl,scrf,2011-2012_G,7463.142857142857,2013-2014_H,4695.670833333332,176.61706526536506,1826.9208346356177,0.2447924245329298,36.77163821175441,0.0049270982635098,2616.0431986047415,1.020541102543415,1296,4773.369009826147,-1.1857365663593176,1790.149196423863,0.23986532626942,2593.5829402757236
0.2953683684362739,-0.0007810387446984,0.2961494071809724,0.0064095831437566,-0.0002690825893386,0.0066786657330952,daily_steps,isotonic,4001,4065,The source-to-target isotonic crosswalk was fitted only in the train cycle and locked before test-cycle evaluation; comparator is grouped five-fold OOF within the test cycle and is not used to tune the transported model.,scssl,vs,2011-2012_G,5475.685714285714,2013-2014_H,4253.721065375304,-69.52628716509454,1652.4412183531797,0.3017779515800305,-5.750134387053322,-0.001050121334037,2259.5038632939977,0.9965322853857904,1296,4242.797588126157,-1.4400688431107869,1658.1913527402328,0.3028280729140676,2259.393840286768
0.3273469610886482,-0.0007938995386364,0.3281408606272846,0.0102833590410318,0.0005374234643798,0.009745935576652,daily_steps,isotonic,4001,4065,The source-to-target isotonic crosswalk was fitted only in the train cycle and locked before test-cycle evaluation; comparator is grouped five-fold OOF within the test cycle and is not used to tune the transported model.,scssl,vsrev,2011-2012_G,6232.214285714286,2013-2014_H,5494.582804232804,-65.19151333601847,2104.1845044024803,0.3376303201296801,-1.5984138539256492,-0.0002564760742565,2847.8955300181447,0.9992409408206004,1296,5540.2168308702785,-0.7866304852364518,2105.782918256406,0.3378867962039367,2841.103542719714
0.2031710210391993,7.178725916887414e-05,0.2030992337800304,0.0056040185194455,-0.0010931003457396,0.0066971188651852,daily_steps,isotonic,4001,4065,The source-to-target isotonic crosswalk was fitted only in the train cycle and locked before test-cycle evaluation; comparator is grouped five-fold OOF within the test cycle and is not used to tune the transported model.,vs,acti,2011-2012_G,5391.857142857143,2013-2014_H,2931.7893980233603,26.47175027469588,1125.6851882945623,0.2087750395586449,-5.506774260919883,-0.0010213130865707,1497.258929737264,0.9951318834970508,1296,2944.120214752569,0.9995349142545168,1131.1919625554822,0.2097963526452156,1505.9380107799727
0.3593719719664616,-0.0011387254363776,0.3605106974028392,0.0080900229076735,-0.0010597982960353,0.0091498212037089,daily_steps,isotonic,4001,4065,The source-to-target isotonic crosswalk was fitted only in the train cycle and locked before test-cycle evaluation; comparator is grouped five-fold OOF within the test cycle and is not used to tune the transported model.,vs,adept,2011-2012_G,1979.091419217421,2013-2014_H,2185.503896183669,-73.45941741966953,727.240880943917,0.3674619948741352,-4.3510794537644415,-0.002198523732413,1045.5874705177869,0.994052587112358,1296,2120.9820387790414,1.7966655983440172,731.5919603976814,0.3696605186065482,1033.5311478682647
0.1503235972455176,0.0003135288905613,0.1500100683549563,0.0036996654313673,-0.0011272467093844,0.0048269121407518,daily_steps,isotonic,4001,4065,The source-to-target isotonic crosswalk was fitted only in the train cycle and locked before test-cycle evaluation; comparator is grouped five-fold OOF within the test cycle and is not used to tune the transported model.,vs,oak,2011-2012_G,6827.775000000008,2013-2014_H,2984.8049166666733,21.946931171989636,1051.6361823236691,0.1540232626768849,-5.555882180415438,-0.0008137178188231,1509.5618197292108,0.9947446803972922,1296,3049.4478545548645,2.0399518949116247,1057.1920645040848,0.1548369804957081,1517.6124050854028
0.2222547715605406,0.0007314818164161,0.2215232897441245,0.0056815428011198,4.681981634730272e-05,0.0056347229847725,daily_steps,isotonic,4001,4065,The source-to-target isotonic crosswalk was fitted only in the train cycle and locked before test-cycle evaluation; comparator is grouped five-fold OOF within the test cycle and is not used to tune the transported model.,vs,scrf,2011-2012_G,7463.142857142857,2013-2014_H,4728.6609490275005,240.80118005040745,1701.1212764116956,0.2279363143616605,5.808576271261018,0.0007783016327634,2421.73826181645,1.003426256566579,1296,4812.990079365078,0.3913563681233036,1695.3127001404346,0.2271580127288971,2436.410318570053
0.3025685716138021,-0.0015126763652402,0.3040812479790423,0.0018988418581997,-0.0008223517215244,0.0027211935797241,daily_steps,isotonic,4001,4065,The source-to-target isotonic crosswalk was fitted only in the train cycle and locked before test-cycle evaluation; comparator is grouped five-fold OOF within the test cycle and is not used to tune the transported model.,vs,scssl,2011-2012_G,5860.285714285714,2013-2014_H,4732.8097883597875,17.8511496666924,1784.2660336354936,0.3044674134720018,-13.68393173932327,-0.0023350280867647,2401.2063896174927,0.9923891476387828,1296,4752.072001040855,5.1939343412258925,1797.9499653748169,0.3068024415587665,2430.38934996087
0.1253485976286495,-0.0009977901813581,0.1263463878100076,0.0052199451450048,-5.4491173439715325e-05,0.0052744363184445,daily_steps,isotonic,4001,4065,The source-to-target isotonic crosswalk was fitted only in the train cycle and locked before test-cycle evaluation; comparator is grouped five-fold OOF within the test cycle and is not used to tune the transported model.,vs,vsrev,2011-2012_G,6232.214285714286,2013-2014_H,2317.173910840931,-2.130489230947124,813.7311375388657,0.1305685427736544,-6.558042891962032,-0.0010522813547978,1186.7796964200354,0.992005206153618,1296,2347.8650183150203,-2.5622317486511412,820.2891804308277,0.1316208241284522,1193.610828374534
0.2191124263046776,-0.0005021706467274,0.219614596951405,0.0046687000109675,0.0002263441489172,0.0044423558620503,daily_steps,isotonic,4001,4065,The source-to-target isotonic crosswalk was fitted only in the train cycle and locked before test-cycle evaluation; comparator is grouped five-fold OOF within the test cycle and is not used to tune the transported model.,vsrev,acti,2011-2012_G,5391.857142857143,2013-2014_H,2956.781385281389,14.621919999023392,1206.595864361628,0.2237811263156451,-1.4872170724072475,-0.0002758264978102,1530.698600923777,0.9987689447064834,1296,2960.488699360345,-2.177302539789862,1208.0830814340352,0.2240569528134553,1530.8689033590647
0.3694238998201941,-0.0028326072883762,0.3722565071085704,0.0083975226555841,-0.0007280332125688,0.0091255558681529,daily_steps,isotonic,4001,4065,The source-to-target isotonic crosswalk was fitted only in the train cycle and locked before test-cycle evaluation; comparator is grouped five-fold OOF within the test cycle and is not used to tune the transported model.,vsrev,adept,2011-2012_G,1979.091419217421,2013-2014_H,2202.5816631804582,-76.20818639008644,747.7431352183328,0.3778214224757782,-7.0468330623384645,-0.003560640500945,1078.1270499191746,0.990663849072623,1296,2131.921249628556,0.4099902869724052,754.7899682806712,0.3813820629767233,1076.9309533851415
0.1382743278280318,0.0003578993837618,0.13791642844427,0.0034993112586687,-0.0003392230403927,0.0038385342990614,daily_steps,isotonic,4001,4065,The source-to-target isotonic crosswalk was fitted only in the train cycle and locked before test-cycle evaluation; comparator is grouped five-fold OOF within the test cycle and is not used to tune the transported model.,vsrev,oak,2011-2012_G,6827.775000000008,2013-2014_H,2659.964984126982,15.19195432870619,967.9985086151984,0.1417736390867006,0.1275178703473329,1.867634336915508e-05,1308.015208531187,1.0001317508961078,1296,2708.023781275211,-2.727686915872848,967.870990744851,0.1417549627433314,1310.2199610313637
0.2181119675524345,0.0015885265839915,0.216523440968443,0.0056914671928333,0.0009385055444313,0.004752961648402,daily_steps,isotonic,4001,4065,The source-to-target isotonic crosswalk was fitted only in the train cycle and locked before test-cycle evaluation; comparator is grouped five-fold OOF within the test cycle and is not used to tune the transported model.,vsrev,scrf,2011-2012_G,7463.142857142857,2013-2014_H,4598.797172619046,227.39882519984596,1670.2770054231837,0.2238034347452678,18.85960177900961,0.0025270321284228,2301.6631354615956,1.011420251317076,1296,4667.464336372845,-5.41196778831858,1651.417403644174,0.221276402616845,2285.2028907742383
0.3349104638299713,0.0014814658945182,0.3334289979354531,0.0035136551476866,-0.003298015648598,0.0068116707962846,daily_steps,isotonic,4001,4065,The source-to-target isotonic crosswalk was fitted only in the train cycle and locked before test-cycle evaluation; comparator is grouped five-fold OOF within the test cycle and is not used to tune the transported model.,vsrev,scssl,2011-2012_G,5860.285714285714,2013-2014_H,5188.91755952381,14.541836817565509,1983.262029814498,0.338424118977658,-10.645500573122945,-0.0018165497540797,2624.8648658369325,0.9946609858226206,1296,5195.558970099665,-3.215338541557735,1993.907530387621,0.3402406687317378,2640.3653833319245
0.1245010549539332,-0.0005843132830974,0.1250853682370306,0.0034168115085522,-0.0008416467147742,0.0042584582233264,daily_steps,isotonic,4001,4065,The source-to-target isotonic crosswalk was fitted only in the train cycle and locked before test-cycle evaluation; comparator is grouped five-fold OOF within the test cycle and is not used to tune the transported model.,vsrev,vs,2011-2012_G,5475.685714285714,2013-2014_H,1903.3518452380977,-16.43709803994506,700.4380339905391,0.1279178664624854,-7.808108789488983,-0.0014259599978717,983.3003778403058,0.9889754305489892,1296,1933.8780844155808,0.2835414317002272,708.2461427800281,0.1293438264603571,997.0975280285686
