analysis_weighting,attainment_difference_pp,baseline_960_attainment_difference_pp,baseline_960_cohen_kappa,baseline_960_discordant_reclassification_pct,baseline_960_mapped_source_attainment_pct,baseline_960_n_rows,baseline_960_negative_agreement,baseline_960_observed_target_attainment_pct,baseline_960_positive_agreement,baseline_960_target_threshold_degenerate,both_negative,both_positive,cohen_kappa,delta_vs_960_attainment_difference_pp,delta_vs_960_cohen_kappa,delta_vs_960_discordant_reclassification_pct,delta_vs_960_mapped_source_attainment_pct,delta_vs_960_negative_agreement,delta_vs_960_observed_target_attainment_pct,delta_vs_960_positive_agreement,denominator_measure,discordant_reclassification_pct,exposure,mapped_negative_target_positive,mapped_positive_target_negative,mapped_source_attainment_pct,measure_unit,method,n_rows,negative_agreement,note,observed_target_attainment_pct,positive_agreement,source_algorithm,target_algorithm,target_threshold_degenerate,threshold_target_steps,validation,wear_threshold
unweighted_primary,-1.3188518231186968,-1.3763590099467962,0.0144081199611455,1.468887346749942,0.0578302105019662,8646,0.9926003612422072,1.4341892204487623,0.0155038759689922,True,8896.0,2.0,0.0299743619955428,0.0575071868280994,0.0155662420343972,-0.0835387930538322,-0.0024162683541218,0.0004230243692233,-0.0599234551822214,0.0155038759689922,9023.0,1.38534855369611,daily_steps,122.0,3.0,0.0554139421478444,subjects,isotonic,9023,0.9930233856114304,"Mapped source is the grouped five-fold OOF isotonic prediction on the target algorithm scale. Positive/negative agreement are symmetric: 2a/(2a+b+c) and 2d/(2d+b+c). Cohen kappa uses the observed agreement minus agreement expected from the mapped/target marginals, divided by one minus expected agreement; every cell and marginal is WTMEC4YR-weighted in the weighted sensitivity. Attainment difference is mapped minus observed target percentage points. WTMEC4YR changes evaluation weights only; the D7 headline crosswalk fit remains unweighted.",1.374265765266541,0.0310077519379844,acti,adept,True,7000.0,whole_cohort_subject_grouped_5fold_oof,600
WTMEC4YR_weighted_sensitivity,-1.1116362121529184,-1.2092065507620375,0.0035212888625819,1.2995877699303957,0.0480914601003744,8646,0.993459370807944,1.257298010862412,0.004444421501356,True,187089310.556355,15112.167997,0.0124907165551933,0.0975703386091191,0.0089694276926114,-0.1169779773956547,-0.0046233246259241,0.0005919304965487,-0.1021936632350433,0.0088736637977223,189343618.90303895,1.182609792534741,daily_steps,2172004.205907,67191.97278,0.0434681354744503,WTMEC4YR,isotonic,9023,0.9940513013044928,"Mapped source is the grouped five-fold OOF isotonic prediction on the target algorithm scale. Positive/negative agreement are symmetric: 2a/(2a+b+c) and 2d/(2d+b+c). Cohen kappa uses the observed agreement minus agreement expected from the mapped/target marginals, divided by one minus expected agreement; every cell and marginal is WTMEC4YR-weighted in the weighted sensitivity. Attainment difference is mapped minus observed target percentage points. WTMEC4YR changes evaluation weights only; the D7 headline crosswalk fit remains unweighted.",1.1551043476273688,0.0133180852990784,acti,adept,True,7000.0,whole_cohort_subject_grouped_5fold_oof,600
unweighted_primary,-0.7092984594924083,-0.7402266944251678,-0.0008746430684563,0.8327550312283136,0.0462641684015729,8646,0.9958188153310104,0.7864908628267407,0.0,True,8955.0,0.0,-0.0004304581770613,0.0309282349327594,0.0004441848913949,-0.0791254180176298,-0.0240985915424352,0.0003987839570082,-0.0550268264751946,0.0,9023.0,0.7536296132106838,daily_steps,66.0,2.0,0.0221655768591377,subjects,isotonic,9023,0.9962175992880188,"Mapped source is the grouped five-fold OOF isotonic prediction on the target algorithm scale. Positive/negative agreement are symmetric: 2a/(2a+b+c) and 2d/(2d+b+c). Cohen kappa uses the observed agreement minus agreement expected from the mapped/target marginals, divided by one minus expected agreement; every cell and marginal is WTMEC4YR-weighted in the weighted sensitivity. Attainment difference is mapped minus observed target percentage points. WTMEC4YR changes evaluation weights only; the D7 headline crosswalk fit remains unweighted.",0.7314640363515461,0.0,acti,adept,True,8000.0,whole_cohort_subject_grouped_5fold_oof,600
WTMEC4YR_weighted_sensitivity,-0.5495578970743434,-0.612287020685427,-0.0004758304329222,0.6616918224331089,0.0247024008738409,8646,0.9966805586518588,0.636989421559268,0.0,True,188261165.668526,0.0,-0.0002170571495883,0.0627291236110835,0.0002587732833339,-0.0900046217847924,-0.0136377490868544,0.0004528112662655,-0.076366872697938,0.0,189343618.90303895,0.5716872006483165,daily_steps,1061503.0224005,20950.2121125,0.0110646517869864,WTMEC4YR,isotonic,9023,0.9971333699181244,"Mapped source is the grouped five-fold OOF isotonic prediction on the target algorithm scale. Positive/negative agreement are symmetric: 2a/(2a+b+c) and 2d/(2d+b+c). Cohen kappa uses the observed agreement minus agreement expected from the mapped/target marginals, divided by one minus expected agreement; every cell and marginal is WTMEC4YR-weighted in the weighted sensitivity. Attainment difference is mapped minus observed target percentage points. WTMEC4YR changes evaluation weights only; the D7 headline crosswalk fit remains unweighted.",0.5606225488613299,0.0,acti,adept,True,8000.0,whole_cohort_subject_grouped_5fold_oof,600
unweighted_primary,-0.1440762495843954,-0.1850566736062919,-0.000218517423545,0.2081887578070784,0.0115660421003932,8646,0.998957971517888,0.1966227157066851,0.0,True,9006.0,0.0,-0.0003913103025948,0.0409804240218965,-0.0001727928790497,-0.0197813545044074,0.0105995347587445,9.910319507433484e-05,-0.0303808892631519,0.0,9023.0,0.1884074033026709,daily_steps,15.0,2.0,0.0221655768591377,subjects,isotonic,9023,0.9990570747129623,"Mapped source is the grouped five-fold OOF isotonic prediction on the target algorithm scale. Positive/negative agreement are symmetric: 2a/(2a+b+c) and 2d/(2d+b+c). Cohen kappa uses the observed agreement minus agreement expected from the mapped/target marginals, divided by one minus expected agreement; every cell and marginal is WTMEC4YR-weighted in the weighted sensitivity. Attainment difference is mapped minus observed target percentage points. WTMEC4YR changes evaluation weights only; the D7 headline crosswalk fit remains unweighted.",0.1662418264435332,0.0,acti,adept,True,10000.0,whole_cohort_subject_grouped_5fold_oof,600
WTMEC4YR_weighted_sensitivity,-0.1261950704857712,-0.148024974035864,-0.0001645065997972,0.1653839408803485,0.0086794834222422,8646,0.9991723959334882,0.1567044574581063,0.0,True,189062776.165479,0.0,-0.0002048270376583,0.0218299035500928,-4.032043786108519e-05,-0.0170595668206043,0.0023851683647442,8.543178501774218e-05,-0.0194447351853486,0.0,189343618.90303895,0.1483243740597441,daily_steps,259892.5254475,20950.2121125,0.0110646517869864,WTMEC4YR,isotonic,9023,0.999257827718506,"Mapped source is the grouped five-fold OOF isotonic prediction on the target algorithm scale. Positive/negative agreement are symmetric: 2a/(2a+b+c) and 2d/(2d+b+c). Cohen kappa uses the observed agreement minus agreement expected from the mapped/target marginals, divided by one minus expected agreement; every cell and marginal is WTMEC4YR-weighted in the weighted sensitivity. Attainment difference is mapped minus observed target percentage points. WTMEC4YR changes evaluation weights only; the D7 headline crosswalk fit remains unweighted.",0.1372597222727576,0.0,acti,adept,True,10000.0,whole_cohort_subject_grouped_5fold_oof,600
unweighted_primary,1.0196165355203402,1.2375665047420823,0.8218236042798406,5.794587092297016,80.18736988202637,8646,0.858194169261251,78.94980337728428,0.9635874700196236,False,1642.0,6841.0,0.8208451497196573,-0.2179499692217423,-0.0009784545601833,0.190118659670178,-0.8678530916019014,0.00059244161741,-0.6499031223801524,-0.0015568132906121,9023.0,5.984705751967194,daily_steps,224.0,316.0,79.31951679042447,subjects,isotonic,9023,0.858786610878661,"Mapped source is the grouped five-fold OOF isotonic prediction on the target algorithm scale. Positive/negative agreement are symmetric: 2a/(2a+b+c) and 2d/(2d+b+c). Cohen kappa uses the observed agreement minus agreement expected from the mapped/target marginals, divided by one minus expected agreement; every cell and marginal is WTMEC4YR-weighted in the weighted sensitivity. Attainment difference is mapped minus observed target percentage points. WTMEC4YR changes evaluation weights only; the D7 headline crosswalk fit remains unweighted.",78.29990025490413,0.9620306567290112,acti,oak,False,7000.0,whole_cohort_subject_grouped_5fold_oof,600
WTMEC4YR_weighted_sensitivity,0.3517499979334149,0.7635474858184721,0.8248627989052746,5.219628802526397,82.16213759257629,8646,0.8567581492995123,81.39859010675782,0.9680875178537884,False,30709193.4292925,148012816.14149398,0.8179253310673372,-0.4117974878850572,-0.0069374678379373,0.3900713784402105,-1.0098760135391132,-0.0041985975765407,-0.59807852565406,-0.0027253945107053,189343618.90303895,5.609700180966607,daily_steps,4977796.578337001,5643812.7539155,81.15226157903717,WTMEC4YR,isotonic,9023,0.8525595517229716,"Mapped source is the grouped five-fold OOF isotonic prediction on the target algorithm scale. Positive/negative agreement are symmetric: 2a/(2a+b+c) and 2d/(2d+b+c). Cohen kappa uses the observed agreement minus agreement expected from the mapped/target marginals, divided by one minus expected agreement; every cell and marginal is WTMEC4YR-weighted in the weighted sensitivity. Attainment difference is mapped minus observed target percentage points. WTMEC4YR changes evaluation weights only; the D7 headline crosswalk fit remains unweighted.",80.80051158110376,0.965362123343083,acti,oak,False,7000.0,whole_cohort_subject_grouped_5fold_oof,600
unweighted_primary,1.196941150393438,1.191302336340505,0.812273488404181,7.367568817950497,73.79134860050891,8646,0.8625674217907228,72.60004626416841,0.9496721181954648,False,2150.0,6175.0,0.8068838894588085,0.0056388140529328,-0.0053895989453724,0.3682175058885804,-0.8887663108048258,-0.0022232841356607,-0.8944051248577694,-0.0031669066687941,9023.0,7.735786323839077,daily_steps,295.0,403.0,72.90258228970409,subjects,isotonic,9023,0.860344137655062,"Mapped source is the grouped five-fold OOF isotonic prediction on the target algorithm scale. Positive/negative agreement are symmetric: 2a/(2a+b+c) and 2d/(2d+b+c). Cohen kappa uses the observed agreement minus agreement expected from the mapped/target marginals, divided by one minus expected agreement; every cell and marginal is WTMEC4YR-weighted in the weighted sensitivity. Attainment difference is mapped minus observed target percentage points. WTMEC4YR changes evaluation weights only; the D7 headline crosswalk fit remains unweighted.",71.70564113931064,0.9465052115266708,acti,oak,False,8000.0,whole_cohort_subject_grouped_5fold_oof,600
WTMEC4YR_weighted_sensitivity,0.5051736432690745,0.4484029859689098,0.8051778382230038,7.227938967167407,75.62185553266791,8646,0.8531046799596665,75.17345254669901,0.9520678789066622,False,41262651.5337065,133931638.0584405,0.8034735996882523,0.0567706573001647,-0.0017042385347515,0.2448923819248145,-0.898154484525179,0.0005350085211422,-0.954925141825356,-0.0022405628171188,189343618.90303895,7.472831349092221,daily_steps,6596407.626491001,7552921.684401,74.72370104814273,WTMEC4YR,isotonic,9023,0.8536396884808088,"Mapped source is the grouped five-fold OOF isotonic prediction on the target algorithm scale. Positive/negative agreement are symmetric: 2a/(2a+b+c) and 2d/(2d+b+c). Cohen kappa uses the observed agreement minus agreement expected from the mapped/target marginals, divided by one minus expected agreement; every cell and marginal is WTMEC4YR-weighted in the weighted sensitivity. Attainment difference is mapped minus observed target percentage points. WTMEC4YR changes evaluation weights only; the D7 headline crosswalk fit remains unweighted.",74.21852740487365,0.9498273160895434,acti,oak,False,8000.0,whole_cohort_subject_grouped_5fold_oof,600
unweighted_primary,0.6760500942037062,0.8790191996298824,0.8263866596666568,8.443210733287069,58.720795743696506,8646,0.8988078735791516,57.841776544066626,0.9275649930541774,False,3532.0,4734.0,0.8291830265760963,-0.2029691054261762,0.0027963669094395,-0.0535398921034282,-1.7220148504237542,0.0044014346934477,-1.5190457449975838,-0.0015992228830282,9023.0,8.38967084118364,daily_steps,348.0,409.0,56.99878089327275,subjects,isotonic,9023,0.9032093082725994,"Mapped source is the grouped five-fold OOF isotonic prediction on the target algorithm scale. Positive/negative agreement are symmetric: 2a/(2a+b+c) and 2d/(2d+b+c). Cohen kappa uses the observed agreement minus agreement expected from the mapped/target marginals, divided by one minus expected agreement; every cell and marginal is WTMEC4YR-weighted in the weighted sensitivity. Attainment difference is mapped minus observed target percentage points. WTMEC4YR changes evaluation weights only; the D7 headline crosswalk fit remains unweighted.",56.32273079906904,0.9259657701711492,acti,oak,False,10000.0,whole_cohort_subject_grouped_5fold_oof,600
WTMEC4YR_weighted_sensitivity,-0.1765594403602244,0.0587657569885213,0.8303080364167069,8.133789174557515,60.196352934713325,8646,0.8979014503034632,60.1375871777248,0.9324065249840784,False,70855823.109924,103158423.230063,0.8332252789789326,-0.2353251973487458,0.0029172425622256,-0.037729401398737,-1.754479828174503,0.0044847371916397,-1.51915463082576,-0.0015679689762673,189343618.90303895,8.096059773158778,daily_steps,7831838.2984725,7497534.2645795,58.44187310653882,WTMEC4YR,isotonic,9023,0.902386187495103,"Mapped source is the grouped five-fold OOF isotonic prediction on the target algorithm scale. Positive/negative agreement are symmetric: 2a/(2a+b+c) and 2d/(2d+b+c). Cohen kappa uses the observed agreement minus agreement expected from the mapped/target marginals, divided by one minus expected agreement; every cell and marginal is WTMEC4YR-weighted in the weighted sensitivity. Attainment difference is mapped minus observed target percentage points. WTMEC4YR changes evaluation weights only; the D7 headline crosswalk fit remains unweighted.",58.61843254689904,0.930838556007811,acti,oak,False,10000.0,whole_cohort_subject_grouped_5fold_oof,600
unweighted_primary,1.706749418153608,2.4288688410825765,0.7833804200553174,7.91117279666898,77.2033310201249,8646,0.8352601156069365,74.77446217904233,0.947945205479452,False,1887.0,6390.0,0.7798880977487114,-0.7221194229289685,-0.003492322306606,0.3565873717894039,-1.3970581618737723,-0.000304363394547,-0.6749387389448032,-0.0030982440717927,9023.0,8.267760168458384,daily_steps,296.0,450.0,75.80627285825113,subjects,isotonic,9023,0.8349557522123894,"Mapped source is the grouped five-fold OOF isotonic prediction on the target algorithm scale. Positive/negative agreement are symmetric: 2a/(2a+b+c) and 2d/(2d+b+c). Cohen kappa uses the observed agreement minus agreement expected from the mapped/target marginals, divided by one minus expected agreement; every cell and marginal is WTMEC4YR-weighted in the weighted sensitivity. Attainment difference is mapped minus observed target percentage points. WTMEC4YR changes evaluation weights only; the D7 headline crosswalk fit remains unweighted.",74.09952344009753,0.9448469614076592,acti,scrf,False,7000.0,whole_cohort_subject_grouped_5fold_oof,600
WTMEC4YR_weighted_sensitivity,1.0421363136760675,1.7780921659855342,0.7819485924872674,7.456023259087622,79.01548374226105,8646,0.8295654099926046,77.23739157627551,0.95228232924426,False,36221374.422405496,138321958.6234845,0.7796068519582026,-0.7359558523094667,-0.0023417405290648,0.3606044904475149,-1.5326978384511136,0.000790263583976,-0.7967419861416403,-0.0030648999713972,189343618.90303895,7.816627749535137,daily_steps,6413533.623466,8386752.233683001,77.48278590380994,WTMEC4YR,isotonic,9023,0.8303556735765807,"Mapped source is the grouped five-fold OOF isotonic prediction on the target algorithm scale. Positive/negative agreement are symmetric: 2a/(2a+b+c) and 2d/(2d+b+c). Cohen kappa uses the observed agreement minus agreement expected from the mapped/target marginals, divided by one minus expected agreement; every cell and marginal is WTMEC4YR-weighted in the weighted sensitivity. Attainment difference is mapped minus observed target percentage points. WTMEC4YR changes evaluation weights only; the D7 headline crosswalk fit remains unweighted.",76.44064959013387,0.9492174292728628,acti,scrf,False,7000.0,whole_cohort_subject_grouped_5fold_oof,600
unweighted_primary,0.9198714396542074,1.0409437890353868,0.7787283437028218,9.48415452232246,69.41938468656026,8646,0.8475269616957977,68.37844089752487,0.931173409434279,False,2467.0,5695.0,0.7811648987258482,-0.1210723493811793,0.0024365550230263,0.0581263155363434,-1.0718284414089825,0.0038966793740902,-0.9507560920278024,-0.0014533865790018,9023.0,9.542280837858804,daily_steps,389.0,472.0,68.34755624515128,subjects,isotonic,9023,0.8514236410698879,"Mapped source is the grouped five-fold OOF isotonic prediction on the target algorithm scale. Positive/negative agreement are symmetric: 2a/(2a+b+c) and 2d/(2d+b+c). Cohen kappa uses the observed agreement minus agreement expected from the mapped/target marginals, divided by one minus expected agreement; every cell and marginal is WTMEC4YR-weighted in the weighted sensitivity. Attainment difference is mapped minus observed target percentage points. WTMEC4YR changes evaluation weights only; the D7 headline crosswalk fit remains unweighted.",67.42768480549707,0.9297200228552772,acti,scrf,False,8000.0,whole_cohort_subject_grouped_5fold_oof,600
WTMEC4YR_weighted_sensitivity,0.2449092312780676,0.1861109678868433,0.7787410797723838,9.113577383853215,71.08177106763985,8646,0.8429304739997717,70.89566009975302,0.9358096754609666,False,48053569.82797401,123720663.3040595,0.7791487164498688,0.0587982633912242,0.000407636677485,0.1655236879408175,-0.9778948666148608,0.0025135549673586,-1.0366931300060855,-0.0021065644179335,189343618.90303895,9.279101071794036,daily_steps,8552832.884738,9016552.8862675,70.10387620102499,WTMEC4YR,isotonic,9023,0.8454440289671303,"Mapped source is the grouped five-fold OOF isotonic prediction on the target algorithm scale. Positive/negative agreement are symmetric: 2a/(2a+b+c) and 2d/(2d+b+c). Cohen kappa uses the observed agreement minus agreement expected from the mapped/target marginals, divided by one minus expected agreement; every cell and marginal is WTMEC4YR-weighted in the weighted sensitivity. Attainment difference is mapped minus observed target percentage points. WTMEC4YR changes evaluation weights only; the D7 headline crosswalk fit remains unweighted.",69.85896696974693,0.933703111043033,acti,scrf,False,8000.0,whole_cohort_subject_grouped_5fold_oof,600
unweighted_primary,-0.1773246148731089,0.4973398103169102,0.7976874453819645,10.05089058524173,54.25630349294471,8646,0.8907330567081605,53.7589636826278,0.9069493521790342,False,3820.0,4275.0,0.7937797077520671,-0.6746644251900191,-0.0039077376298973,0.2339370773981901,-1.823631432654345,0.0009569526289077,-1.1489670074643286,-0.0048603038566032,9023.0,10.28482766263992,daily_steps,472.0,456.0,52.432672060290365,subjects,isotonic,9023,0.8916900093370682,"Mapped source is the grouped five-fold OOF isotonic prediction on the target algorithm scale. Positive/negative agreement are symmetric: 2a/(2a+b+c) and 2d/(2d+b+c). Cohen kappa uses the observed agreement minus agreement expected from the mapped/target marginals, divided by one minus expected agreement; every cell and marginal is WTMEC4YR-weighted in the weighted sensitivity. Attainment difference is mapped minus observed target percentage points. WTMEC4YR changes evaluation weights only; the D7 headline crosswalk fit remains unweighted.",52.60999667516347,0.9020890483224308,acti,scrf,False,10000.0,whole_cohort_subject_grouped_5fold_oof,600
WTMEC4YR_weighted_sensitivity,-1.3713889135018698,-0.69022116947558,0.7910165745067161,10.300939908702397,55.620118923779295,8646,0.8830362938908154,56.31034009325487,0.907970180778632,False,76340380.18491599,93049799.9727805,0.7876216452770579,-0.6811677440262898,-0.0033949292296582,0.2372756704349523,-1.8933542005825643,0.0013815164410159,-1.2121864565562743,-0.0048066014988052,189343618.90303895,10.538215579137349,daily_steps,11275038.071701,8678400.6736415,53.72676472319673,WTMEC4YR,isotonic,9023,0.8844178103318313,"Mapped source is the grouped five-fold OOF isotonic prediction on the target algorithm scale. Positive/negative agreement are symmetric: 2a/(2a+b+c) and 2d/(2d+b+c). Cohen kappa uses the observed agreement minus agreement expected from the mapped/target marginals, divided by one minus expected agreement; every cell and marginal is WTMEC4YR-weighted in the weighted sensitivity. Attainment difference is mapped minus observed target percentage points. WTMEC4YR changes evaluation weights only; the D7 headline crosswalk fit remains unweighted.",55.0981536366986,0.9031635792798266,acti,scrf,False,10000.0,whole_cohort_subject_grouped_5fold_oof,600
unweighted_primary,2.948021722265326,3.678001387925045,0.6747918466454771,15.012722646310433,65.81077955123756,8646,0.791653290529695,62.13277816331251,0.8826613632254565,False,2719.0,4968.0,0.6845438600173206,-0.7299796656597191,0.0097520133718435,-0.2061173044064101,-1.8741731010546945,0.0111220268603255,-1.1441934353949748,-0.0011851389529228,9023.0,14.806605341904024,daily_steps,535.0,801.0,63.936606450182865,subjects,isotonic,9023,0.8027753173900206,"Mapped source is the grouped five-fold OOF isotonic prediction on the target algorithm scale. Positive/negative agreement are symmetric: 2a/(2a+b+c) and 2d/(2d+b+c). Cohen kappa uses the observed agreement minus agreement expected from the mapped/target marginals, divided by one minus expected agreement; every cell and marginal is WTMEC4YR-weighted in the weighted sensitivity. Attainment difference is mapped minus observed target percentage points. WTMEC4YR changes evaluation weights only; the D7 headline crosswalk fit remains unweighted.",60.98858472791754,0.8814762242725337,acti,scssl,False,7000.0,whole_cohort_subject_grouped_5fold_oof,600
WTMEC4YR_weighted_sensitivity,1.9830242548668944,2.8215488858586713,0.6781485050303933,14.450395508863314,67.44525973428583,8646,0.7872784258855056,64.62371084842717,0.890584476844898,False,53410460.3888785,108712581.8513625,0.6857940589264795,-0.8385246309917771,0.0076455538960862,-0.0741113644594886,-1.850107467597482,0.0096458312844067,-1.011582836605719,-0.0018497562735445,189343618.90303895,14.376284144403826,daily_steps,11732923.387454,15487653.275344,65.59515226668834,WTMEC4YR,isotonic,9023,0.7969242571699123,"Mapped source is the grouped five-fold OOF isotonic prediction on the target algorithm scale. Positive/negative agreement are symmetric: 2a/(2a+b+c) and 2d/(2d+b+c). Cohen kappa uses the observed agreement minus agreement expected from the mapped/target marginals, divided by one minus expected agreement; every cell and marginal is WTMEC4YR-weighted in the weighted sensitivity. Attainment difference is mapped minus observed target percentage points. WTMEC4YR changes evaluation weights only; the D7 headline crosswalk fit remains unweighted.",63.61212801182145,0.8887347205713535,acti,scssl,False,7000.0,whole_cohort_subject_grouped_5fold_oof,600
unweighted_primary,5.231076138756519,3.4582465880175772,0.6684941543512523,16.45847790885959,56.268794818413134,8646,0.8189797735657041,52.81054823039556,0.8491146219913053,False,3412.0,4153.0,0.6755254449252267,1.7728295507389418,0.0070312905739744,-0.2997723785481625,0.4529163641203979,0.004975792722632,-1.3199131866185496,0.001561330487187,9023.0,16.158705530311426,daily_steps,493.0,965.0,56.72171118253353,subjects,isotonic,9023,0.8239555662883361,"Mapped source is the grouped five-fold OOF isotonic prediction on the target algorithm scale. Positive/negative agreement are symmetric: 2a/(2a+b+c) and 2d/(2d+b+c). Cohen kappa uses the observed agreement minus agreement expected from the mapped/target marginals, divided by one minus expected agreement; every cell and marginal is WTMEC4YR-weighted in the weighted sensitivity. Attainment difference is mapped minus observed target percentage points. WTMEC4YR changes evaluation weights only; the D7 headline crosswalk fit remains unweighted.",51.49063504377701,0.8506759524784924,acti,scssl,False,8000.0,whole_cohort_subject_grouped_5fold_oof,600
WTMEC4YR_weighted_sensitivity,4.039048355956643,2.1821768147019416,0.6575607982198444,16.84150097061428,57.58267373764062,8646,0.8064569681696654,55.40049692293868,0.850937968264238,False,67724189.74729699,90623088.53022,0.6682810699549095,1.8568715412547017,0.0107202717350651,-0.4710836282717707,0.4837663373686212,0.007316994722319,-1.3731052038860838,0.0030199428863225,189343618.90303895,16.37041734234251,daily_steps,11674330.149555,19322010.475967,58.06644007500924,WTMEC4YR,isotonic,9023,0.8137739628919844,"Mapped source is the grouped five-fold OOF isotonic prediction on the target algorithm scale. Positive/negative agreement are symmetric: 2a/(2a+b+c) and 2d/(2d+b+c). Cohen kappa uses the observed agreement minus agreement expected from the mapped/target marginals, divided by one minus expected agreement; every cell and marginal is WTMEC4YR-weighted in the weighted sensitivity. Attainment difference is mapped minus observed target percentage points. WTMEC4YR changes evaluation weights only; the D7 headline crosswalk fit remains unweighted.",54.027391719052595,0.8539579111505605,acti,scssl,False,8000.0,whole_cohort_subject_grouped_5fold_oof,600
unweighted_primary,-2.73744874210351,-1.9777931991672493,0.6476299996123932,15.833911635438351,33.06731436502429,8646,0.8799438744190126,35.04510756419153,0.7675326880624894,False,5374.0,2220.0,0.63947267959592,-0.7596555429362606,-0.0081573200164731,0.0033930304155767,-1.9135960895061643,0.0027037399359188,-1.153940546569899,-0.0110153938045238,9023.0,15.83730466585393,daily_steps,838.0,591.0,31.153718275518123,subjects,isotonic,9023,0.8826476143549314,"Mapped source is the grouped five-fold OOF isotonic prediction on the target algorithm scale. Positive/negative agreement are symmetric: 2a/(2a+b+c) and 2d/(2d+b+c). Cohen kappa uses the observed agreement minus agreement expected from the mapped/target marginals, divided by one minus expected agreement; every cell and marginal is WTMEC4YR-weighted in the weighted sensitivity. Attainment difference is mapped minus observed target percentage points. WTMEC4YR changes evaluation weights only; the D7 headline crosswalk fit remains unweighted.",33.89116701762163,0.7565172942579655,acti,scssl,False,10000.0,whole_cohort_subject_grouped_5fold_oof,600
WTMEC4YR_weighted_sensitivity,-4.299337707212453,-3.571326587516943,0.6309458712517172,16.708005572544266,32.73650576018258,8646,0.8724147903867766,36.30783234769952,0.7580104896300414,False,111116454.553847,46551799.056816,0.6221872271099366,-0.7280111196955095,-0.0087586441417806,0.0210320765125224,-1.9357736103343155,0.0028339963366257,-1.2077624906388067,-0.0118622962788121,189343618.90303895,16.72903764905679,daily_steps,19907943.448037498,11767421.8443385,30.800732149848265,WTMEC4YR,isotonic,9023,0.8752487867234023,"Mapped source is the grouped five-fold OOF isotonic prediction on the target algorithm scale. Positive/negative agreement are symmetric: 2a/(2a+b+c) and 2d/(2d+b+c). Cohen kappa uses the observed agreement minus agreement expected from the mapped/target marginals, divided by one minus expected agreement; every cell and marginal is WTMEC4YR-weighted in the weighted sensitivity. Attainment difference is mapped minus observed target percentage points. WTMEC4YR changes evaluation weights only; the D7 headline crosswalk fit remains unweighted.",35.10006985706072,0.7461481933512292,acti,scssl,False,10000.0,whole_cohort_subject_grouped_5fold_oof,600
unweighted_primary,1.3853485536961196,0.9946796206338204,0.7812465907691776,9.345362017117742,69.58130927596576,8646,0.8488589599700711,68.58662965533195,0.932362297003181,False,2475.0,5717.0,0.7885460702748001,0.3906689330622992,0.0072994795056224,-0.1355648321460023,-0.9234349547865576,0.0073942834134265,-1.314103887848859,-0.0001160678959652,9023.0,9.20979718497174,daily_steps,353.0,478.0,68.65787432117921,subjects,isotonic,9023,0.8562532433834976,"Mapped source is the grouped five-fold OOF isotonic prediction on the target algorithm scale. Positive/negative agreement are symmetric: 2a/(2a+b+c) and 2d/(2d+b+c). Cohen kappa uses the observed agreement minus agreement expected from the mapped/target marginals, divided by one minus expected agreement; every cell and marginal is WTMEC4YR-weighted in the weighted sensitivity. Attainment difference is mapped minus observed target percentage points. WTMEC4YR changes evaluation weights only; the D7 headline crosswalk fit remains unweighted.",67.27252576748309,0.9322462291072156,acti,vs,False,7000.0,whole_cohort_subject_grouped_5fold_oof,600
WTMEC4YR_weighted_sensitivity,1.0546903403978125,0.5027186343411483,0.7781082081373757,9.142524689419744,71.22591155695352,8646,0.8425084642113481,70.72319292261237,0.9355929385892262,False,48274482.000927,123698152.101443,0.7819361967341444,0.5519717060566642,0.0038279885967686,0.0317928298648695,-0.7814256514389513,0.0050074012427252,-1.3333973574956133,-0.0012014390427537,189343618.90303895,9.174317519284614,daily_steps,7686997.9709695,9683986.8296995,70.44448590551457,WTMEC4YR,isotonic,9023,0.8475158654540733,"Mapped source is the grouped five-fold OOF isotonic prediction on the target algorithm scale. Positive/negative agreement are symmetric: 2a/(2a+b+c) and 2d/(2d+b+c). Cohen kappa uses the observed agreement minus agreement expected from the mapped/target marginals, divided by one minus expected agreement; every cell and marginal is WTMEC4YR-weighted in the weighted sensitivity. Attainment difference is mapped minus observed target percentage points. WTMEC4YR changes evaluation weights only; the D7 headline crosswalk fit remains unweighted.",69.38979556511676,0.9343914995464724,acti,vs,False,7000.0,whole_cohort_subject_grouped_5fold_oof,600
unweighted_primary,1.407514130555243,1.4457552625491532,0.7891546319882825,10.166551006245662,60.18968309044645,8646,0.8745898130974461,58.74392782789729,0.9145191092093748,False,3327.0,4773.0,0.7900616061998286,-0.0382411319939102,0.000906974211546,0.0628627142464139,-1.473069990590524,0.0035941647301901,-1.4348288585966102,-0.0026841679542405,9023.0,10.229413720492076,daily_steps,398.0,525.0,58.71661309985592,subjects,isotonic,9023,0.8781839778276362,"Mapped source is the grouped five-fold OOF isotonic prediction on the target algorithm scale. Positive/negative agreement are symmetric: 2a/(2a+b+c) and 2d/(2d+b+c). Cohen kappa uses the observed agreement minus agreement expected from the mapped/target marginals, divided by one minus expected agreement; every cell and marginal is WTMEC4YR-weighted in the weighted sensitivity. Attainment difference is mapped minus observed target percentage points. WTMEC4YR changes evaluation weights only; the D7 headline crosswalk fit remains unweighted.",57.30909896930068,0.9118349412551342,acti,vs,False,8000.0,whole_cohort_subject_grouped_5fold_oof,600
WTMEC4YR_weighted_sensitivity,1.5133531858257945,1.4371680988810145,0.7923238410537717,9.8819537677735,61.73414143813809,8646,0.8732577265974745,60.29697333925708,0.9190210317606308,False,66863672.1432245,103351349.2958265,0.7902055197561018,0.0761850869447799,-0.0021183212976699,0.2206298708034992,-1.342158051155991,0.0016009328374418,-1.4183431381007807,-0.0037240724732654,189343618.90303895,10.102583638576998,daily_steps,8131579.887580501,10997017.5764075,60.3919833869821,WTMEC4YR,isotonic,9023,0.8748586594349164,"Mapped source is the grouped five-fold OOF isotonic prediction on the target algorithm scale. Positive/negative agreement are symmetric: 2a/(2a+b+c) and 2d/(2d+b+c). Cohen kappa uses the observed agreement minus agreement expected from the mapped/target marginals, divided by one minus expected agreement; every cell and marginal is WTMEC4YR-weighted in the weighted sensitivity. Attainment difference is mapped minus observed target percentage points. WTMEC4YR changes evaluation weights only; the D7 headline crosswalk fit remains unweighted.",58.8786302011563,0.9152969592873652,acti,vs,False,8000.0,whole_cohort_subject_grouped_5fold_oof,600
unweighted_primary,-2.471461819793863,-1.6423779782558434,0.7879943801360965,10.039324543141335,37.647467036780014,8646,0.9184210526315788,39.28984501503586,0.8695129284425737,False,5281.0,2833.0,0.78264904946836,-0.8290838415380197,-0.0053453306677364,0.034930139336776,-2.448530984469258,0.00233563815388,-1.6194471429312358,-0.0077638790129158,9023.0,10.074254682478111,daily_steps,566.0,343.0,35.198936052310756,subjects,isotonic,9023,0.920756690785459,"Mapped source is the grouped five-fold OOF isotonic prediction on the target algorithm scale. Positive/negative agreement are symmetric: 2a/(2a+b+c) and 2d/(2d+b+c). Cohen kappa uses the observed agreement minus agreement expected from the mapped/target marginals, divided by one minus expected agreement; every cell and marginal is WTMEC4YR-weighted in the weighted sensitivity. Attainment difference is mapped minus observed target percentage points. WTMEC4YR changes evaluation weights only; the D7 headline crosswalk fit remains unweighted.",37.67039787210462,0.8617490494296578,acti,vs,False,10000.0,whole_cohort_subject_grouped_5fold_oof,600
WTMEC4YR_weighted_sensitivity,-2.7782733599339524,-2.07161163471456,0.7736325923232826,10.73375271511803,37.5535342932247,8646,0.9126067629427346,39.62514592793926,0.8609233445770349,False,110261495.3503045,59103241.2200415,0.7725374653889084,-0.7066617252193925,-0.0010951269343741,-0.1820993515452169,-2.4520393972896173,0.0043216082141646,-1.7453776720702263,-0.0055036506430579,189343618.90303895,10.551653363572813,daily_steps,12619682.8277055,7359199.5049875,35.10149489593508,WTMEC4YR,isotonic,9023,0.9169283711568992,"Mapped source is the grouped five-fold OOF isotonic prediction on the target algorithm scale. Positive/negative agreement are symmetric: 2a/(2a+b+c) and 2d/(2d+b+c). Cohen kappa uses the observed agreement minus agreement expected from the mapped/target marginals, divided by one minus expected agreement; every cell and marginal is WTMEC4YR-weighted in the weighted sensitivity. Attainment difference is mapped minus observed target percentage points. WTMEC4YR changes evaluation weights only; the D7 headline crosswalk fit remains unweighted.",37.87976825586903,0.855419693933977,acti,vs,False,10000.0,whole_cohort_subject_grouped_5fold_oof,600
unweighted_primary,1.3742657652665358,1.4457552625491532,0.7551317910605054,11.69326856349757,61.34628730048577,8646,0.8515200469966221,59.900532037936614,0.9035581417533148,False,3115.0,4834.0,0.7530243028908692,-0.0714894972826174,-0.0021074881696362,0.2096462098594056,-1.133497762638051,0.0014372366835531,-1.0620082653554306,-0.003539523246519,9023.0,11.902914773356976,daily_steps,475.0,599.0,60.21278953784772,subjects,isotonic,9023,0.8529572836801752,"Mapped source is the grouped five-fold OOF isotonic prediction on the target algorithm scale. Positive/negative agreement are symmetric: 2a/(2a+b+c) and 2d/(2d+b+c). Cohen kappa uses the observed agreement minus agreement expected from the mapped/target marginals, divided by one minus expected agreement; every cell and marginal is WTMEC4YR-weighted in the weighted sensitivity. Attainment difference is mapped minus observed target percentage points. WTMEC4YR changes evaluation weights only; the D7 headline crosswalk fit remains unweighted.",58.83852377258118,0.9000186185067958,acti,vsrev,False,7000.0,whole_cohort_subject_grouped_5fold_oof,600
WTMEC4YR_weighted_sensitivity,0.703517750923599,0.563370566132193,0.7529521485858401,11.55770869910036,62.966927427217975,8646,0.8451322028706533,62.40355686108578,0.9078115653400358,False,61891779.233721,105682057.564529,0.7570681590129471,0.1401471847914059,0.0041160104271069,-0.0602089518619344,-1.0514626860642906,0.005302132616235,-1.1916098708557,-0.0011904448727388,189343618.90303895,11.497499747238429,daily_steps,10218858.0677825,11550924.0370065,61.91546474115368,WTMEC4YR,isotonic,9023,0.8504343354868883,"Mapped source is the grouped five-fold OOF isotonic prediction on the target algorithm scale. Positive/negative agreement are symmetric: 2a/(2a+b+c) and 2d/(2d+b+c). Cohen kappa uses the observed agreement minus agreement expected from the mapped/target marginals, divided by one minus expected agreement; every cell and marginal is WTMEC4YR-weighted in the weighted sensitivity. Attainment difference is mapped minus observed target percentage points. WTMEC4YR changes evaluation weights only; the D7 headline crosswalk fit remains unweighted.",61.21194699023008,0.9066211204672968,acti,vsrev,False,7000.0,whole_cohort_subject_grouped_5fold_oof,600
unweighted_primary,0.5208910561897317,1.3532269257460094,0.7532725320594665,12.317834836918806,52.7295859356928,8646,0.8715474611024002,51.3763590099468,0.8816798133540718,False,3914.0,3988.0,0.7515139121661077,-0.8323358695562777,-0.0017586198933587,0.1059709926279079,-2.0590772357038887,0.0031871461162834,-1.226741366147614,-0.0049072509708685,9023.0,12.423805829546714,daily_steps,537.0,584.0,50.670508699988915,subjects,isotonic,9023,0.8747346072186837,"Mapped source is the grouped five-fold OOF isotonic prediction on the target algorithm scale. Positive/negative agreement are symmetric: 2a/(2a+b+c) and 2d/(2d+b+c). Cohen kappa uses the observed agreement minus agreement expected from the mapped/target marginals, divided by one minus expected agreement; every cell and marginal is WTMEC4YR-weighted in the weighted sensitivity. Attainment difference is mapped minus observed target percentage points. WTMEC4YR changes evaluation weights only; the D7 headline crosswalk fit remains unweighted.",50.14961764379918,0.8767725623832032,acti,vsrev,False,8000.0,whole_cohort_subject_grouped_5fold_oof,600
WTMEC4YR_weighted_sensitivity,-0.1605993164061847,0.799605502493772,0.7560391755028757,12.130686735280054,54.13667418439291,8646,0.8688946563811586,53.33706868189915,0.8871288334084371,False,79227499.88618201,86459307.105131,0.749753262804381,-0.9602048188999568,-0.0062859126984946,0.363429543251847,-2.3072693432190405,0.0012026662858436,-1.3470645243190873,-0.0074735396538931,189343618.90303895,12.494116278531902,daily_steps,11980448.2346715,11676363.6770545,51.82940484117387,WTMEC4YR,isotonic,9023,0.8700973226670022,"Mapped source is the grouped five-fold OOF isotonic prediction on the target algorithm scale. Positive/negative agreement are symmetric: 2a/(2a+b+c) and 2d/(2d+b+c). Cohen kappa uses the observed agreement minus agreement expected from the mapped/target marginals, divided by one minus expected agreement; every cell and marginal is WTMEC4YR-weighted in the weighted sensitivity. Attainment difference is mapped minus observed target percentage points. WTMEC4YR changes evaluation weights only; the D7 headline crosswalk fit remains unweighted.",51.99000415758006,0.8796552937545439,acti,vsrev,False,8000.0,whole_cohort_subject_grouped_5fold_oof,600
unweighted_primary,-1.1193616313864565,-0.127226463104324,0.7731350024763156,10.259079343048809,34.478371501272264,8646,0.9216361869423094,34.605597964376585,0.8514984095094592,False,5568.0,2522.0,0.7666291310635865,-0.9921351682821322,-0.006505871412729,0.0811622617389549,-1.9171390951988911,0.0010583196448146,-0.9250039269167588,-0.0075967866217229,9023.0,10.340241604787764,daily_steps,517.0,416.0,32.56123240607337,subjects,isotonic,9023,0.922694506587124,"Mapped source is the grouped five-fold OOF isotonic prediction on the target algorithm scale. Positive/negative agreement are symmetric: 2a/(2a+b+c) and 2d/(2d+b+c). Cohen kappa uses the observed agreement minus agreement expected from the mapped/target marginals, divided by one minus expected agreement; every cell and marginal is WTMEC4YR-weighted in the weighted sensitivity. Attainment difference is mapped minus observed target percentage points. WTMEC4YR changes evaluation weights only; the D7 headline crosswalk fit remains unweighted.",33.68059403745983,0.8439016228877363,acti,vsrev,False,10000.0,whole_cohort_subject_grouped_5fold_oof,600
WTMEC4YR_weighted_sensitivity,-2.2451486074679505,-1.270955213266417,0.7562904404429057,11.035790499857749,33.99324092131925,8646,0.915591447411226,35.26419613458566,0.8406555170248415,False,116184970.212038,52455747.609588,0.7535208959389004,-0.9741933942015336,-0.0027695445040053,-0.1017536406516512,-1.9448013223045637,0.0026024569277193,-0.9706079281030284,-0.0054686410864498,189343618.90303895,10.934036859206095,daily_steps,12476973.352272,8225927.729141001,32.048439599014685,WTMEC4YR,isotonic,9023,0.9181939043389452,"Mapped source is the grouped five-fold OOF isotonic prediction on the target algorithm scale. Positive/negative agreement are symmetric: 2a/(2a+b+c) and 2d/(2d+b+c). Cohen kappa uses the observed agreement minus agreement expected from the mapped/target marginals, divided by one minus expected agreement; every cell and marginal is WTMEC4YR-weighted in the weighted sensitivity. Attainment difference is mapped minus observed target percentage points. WTMEC4YR changes evaluation weights only; the D7 headline crosswalk fit remains unweighted.",34.29358820648263,0.8351868759383917,acti,vsrev,False,10000.0,whole_cohort_subject_grouped_5fold_oof,600
unweighted_primary,4.809930178432897,4.499190377052975,0.6204738677426487,6.650474207726116,92.60929909784872,8646,0.6550689862027594,88.11010872079575,0.9632,False,587.0,7746.0,0.5897501825603683,0.3107398013799223,-0.0307236851822804,0.9966498086764108,-0.5334928249904749,-0.0252406600225019,-0.844232626370399,-0.0058399703374119,9023.0,7.647124016402527,daily_steps,128.0,562.0,92.07580627285824,subjects,isotonic,9023,0.6298283261802575,"Mapped source is the grouped five-fold OOF isotonic prediction on the target algorithm scale. Positive/negative agreement are symmetric: 2a/(2a+b+c) and 2d/(2d+b+c). Cohen kappa uses the observed agreement minus agreement expected from the mapped/target marginals, divided by one minus expected agreement; every cell and marginal is WTMEC4YR-weighted in the weighted sensitivity. Attainment difference is mapped minus observed target percentage points. WTMEC4YR changes evaluation weights only; the D7 headline crosswalk fit remains unweighted.",87.26587609442535,0.957360029662588,adept,acti,False,7000.0,whole_cohort_subject_grouped_5fold_oof,600
WTMEC4YR_weighted_sensitivity,5.167928532553489,4.743025722059402,0.569047422586422,6.51110607642439,94.20681160409676,8646,0.6012648919092056,89.46378588203736,0.9645500904034684,False,9667458.143748,165838474.6532745,0.5465961767930937,0.4249028104940873,-0.0224512457933283,0.7971339298589193,-0.3827418052696458,-0.0184069039185712,-0.8076446157637349,-0.0045995837903216,189343618.90303895,7.308240006283309,daily_steps,2026271.6000785,11811414.505938,93.82406979882713,WTMEC4YR,isotonic,9023,0.5828579879906344,"Mapped source is the grouped five-fold OOF isotonic prediction on the target algorithm scale. Positive/negative agreement are symmetric: 2a/(2a+b+c) and 2d/(2d+b+c). Cohen kappa uses the observed agreement minus agreement expected from the mapped/target marginals, divided by one minus expected agreement; every cell and marginal is WTMEC4YR-weighted in the weighted sensitivity. Attainment difference is mapped minus observed target percentage points. WTMEC4YR changes evaluation weights only; the D7 headline crosswalk fit remains unweighted.",88.65614126627362,0.9599505066131468,adept,acti,False,7000.0,whole_cohort_subject_grouped_5fold_oof,600
unweighted_primary,5.28649008090436,4.487624334952578,0.6397378714744761,9.275965764515384,87.1385611843627,8646,0.6929555895865237,82.65093684941013,0.9453678474114442,False,980.0,7106.0,0.6166969161980609,0.7988657459517823,-0.0230409552764152,1.1086069939906569,-0.5487351841410373,-0.0163936289375765,-1.347600930092824,-0.0072201148878452,9023.0,10.38457275850604,daily_steps,230.0,707.0,86.58982600022166,subjects,isotonic,9023,0.6765619606489471,"Mapped source is the grouped five-fold OOF isotonic prediction on the target algorithm scale. Positive/negative agreement are symmetric: 2a/(2a+b+c) and 2d/(2d+b+c). Cohen kappa uses the observed agreement minus agreement expected from the mapped/target marginals, divided by one minus expected agreement; every cell and marginal is WTMEC4YR-weighted in the weighted sensitivity. Attainment difference is mapped minus observed target percentage points. WTMEC4YR changes evaluation weights only; the D7 headline crosswalk fit remains unweighted.",81.3033359193173,0.938147732523599,adept,acti,False,8000.0,whole_cohort_subject_grouped_5fold_oof,600
WTMEC4YR_weighted_sensitivity,6.0348791664859185,5.094727143929346,0.6123917721657955,8.827019390893177,89.5316418541738,8646,0.6609093378653089,84.43691471024445,0.9492608344564576,False,17038914.759931,153527820.237625,0.5902246682379187,0.9401520225565728,-0.0221671039278767,1.0898101353759166,-0.4715549748556924,-0.0161640103176444,-1.411706997412253,-0.0068882427121856,189343618.90303895,9.916829526269094,daily_steps,3675112.6476165,15101771.2578665,89.0600868793181,WTMEC4YR,isotonic,9023,0.6447453275476644,"Mapped source is the grouped five-fold OOF isotonic prediction on the target algorithm scale. Positive/negative agreement are symmetric: 2a/(2a+b+c) and 2d/(2d+b+c). Cohen kappa uses the observed agreement minus agreement expected from the mapped/target marginals, divided by one minus expected agreement; every cell and marginal is WTMEC4YR-weighted in the weighted sensitivity. Attainment difference is mapped minus observed target percentage points. WTMEC4YR changes evaluation weights only; the D7 headline crosswalk fit remains unweighted.",83.0252077128322,0.9423725917442718,adept,acti,False,8000.0,whole_cohort_subject_grouped_5fold_oof,600
unweighted_primary,7.935276515571321,7.575757575757569,0.6042281089919102,16.7823270876706,73.6409900532038,8646,0.7216573949741032,66.06523247744622,0.8798741617683583,False,2073.0,5350.0,0.5944061492217222,0.3595189398137517,-0.0098219597701879,0.9501343996396088,-1.514202953569523,-0.0001119720712142,-1.8737218933832624,-0.0099554625813664,9023.0,17.732461487310207,daily_steps,442.0,1158.0,72.12678709963427,subjects,isotonic,9023,0.7215454229028889,"Mapped source is the grouped five-fold OOF isotonic prediction on the target algorithm scale. Positive/negative agreement are symmetric: 2a/(2a+b+c) and 2d/(2d+b+c). Cohen kappa uses the observed agreement minus agreement expected from the mapped/target marginals, divided by one minus expected agreement; every cell and marginal is WTMEC4YR-weighted in the weighted sensitivity. Attainment difference is mapped minus observed target percentage points. WTMEC4YR changes evaluation weights only; the D7 headline crosswalk fit remains unweighted.",64.19151058406295,0.8699186991869918,adept,acti,False,10000.0,whole_cohort_subject_grouped_5fold_oof,600
WTMEC4YR_weighted_sensitivity,9.255531018522344,9.00023610989783,0.5866729235020961,16.7644694121238,76.68705912977356,8646,0.6986223367730828,67.68682301987573,0.8838815638776912,False,39091014.8002775,116674286.417562,0.5780982239696297,0.2552949086245135,-0.0085746995324663,0.9695941278757338,-1.5718665641471574,0.000928367025781,-1.827161472771678,-0.0096774985613228,189343618.90303895,17.734063539999532,daily_steps,8026780.153018001,25551537.5321815,75.1151925656264,WTMEC4YR,isotonic,9023,0.6995507037988639,"Mapped source is the grouped five-fold OOF isotonic prediction on the target algorithm scale. Positive/negative agreement are symmetric: 2a/(2a+b+c) and 2d/(2d+b+c). Cohen kappa uses the observed agreement minus agreement expected from the mapped/target marginals, divided by one minus expected agreement; every cell and marginal is WTMEC4YR-weighted in the weighted sensitivity. Attainment difference is mapped minus observed target percentage points. WTMEC4YR changes evaluation weights only; the D7 headline crosswalk fit remains unweighted.",65.85966154710405,0.8742040653163684,adept,acti,False,10000.0,whole_cohort_subject_grouped_5fold_oof,600
unweighted_primary,5.37515238834091,4.892435808466344,0.7188892900388235,8.547305112190609,83.84223918575063,8646,0.7702828722412185,78.94980337728428,0.9474955595026644,False,1302.0,6894.0,0.7037663293785997,0.4827165798745652,-0.0151229606602237,0.6181609190628556,-0.1671865425055898,-0.0113204706090412,-0.6499031223801524,-0.0040812591263386,9023.0,9.165466031253464,daily_steps,171.0,656.0,83.67505264324504,subjects,isotonic,9023,0.7589624016321772,"Mapped source is the grouped five-fold OOF isotonic prediction on the target algorithm scale. Positive/negative agreement are symmetric: 2a/(2a+b+c) and 2d/(2d+b+c). Cohen kappa uses the observed agreement minus agreement expected from the mapped/target marginals, divided by one minus expected agreement; every cell and marginal is WTMEC4YR-weighted in the weighted sensitivity. Attainment difference is mapped minus observed target percentage points. WTMEC4YR changes evaluation weights only; the D7 headline crosswalk fit remains unweighted.",78.29990025490413,0.9434143003763256,adept,oak,False,7000.0,whole_cohort_subject_grouped_5fold_oof,600
WTMEC4YR_weighted_sensitivity,5.626165410192252,5.038015506641136,0.6898495196151331,8.410920977218707,86.43660561339894,8646,0.7385054513610207,81.39859010675781,0.9498858332954024,False,22422067.9093035,149712459.6390555,0.6702266642377402,0.5881499035511162,-0.0196228553773928,0.6778940852485462,-0.0099286221029188,-0.0158333541729515,-0.5980785256540457,-0.0042359371275451,189343618.90303895,9.088815062467251,daily_steps,3278153.0807755003,13930938.2739045,86.42667699129602,WTMEC4YR,isotonic,9023,0.7226720971880692,"Mapped source is the grouped five-fold OOF isotonic prediction on the target algorithm scale. Positive/negative agreement are symmetric: 2a/(2a+b+c) and 2d/(2d+b+c). Cohen kappa uses the observed agreement minus agreement expected from the mapped/target marginals, divided by one minus expected agreement; every cell and marginal is WTMEC4YR-weighted in the weighted sensitivity. Attainment difference is mapped minus observed target percentage points. WTMEC4YR changes evaluation weights only; the D7 headline crosswalk fit remains unweighted.",80.80051158110376,0.9456498961678572,adept,oak,False,7000.0,whole_cohort_subject_grouped_5fold_oof,600
unweighted_primary,4.377701429679703,4.37196391394864,0.7032671669685552,11.219060837381448,76.97201017811705,8646,0.7775229357798165,72.60004626416841,0.9249922672440458,False,1832.0,6144.0,0.6999841371188084,0.005737515731063,-0.0032830298497468,0.3846186483771685,-0.8886676091266992,0.00023125653604,-0.8944051248577694,-0.0035074528458456,9023.0,11.603679485758615,daily_steps,326.0,721.0,76.08334256899035,subjects,isotonic,9023,0.7777541923158565,"Mapped source is the grouped five-fold OOF isotonic prediction on the target algorithm scale. Positive/negative agreement are symmetric: 2a/(2a+b+c) and 2d/(2d+b+c). Cohen kappa uses the observed agreement minus agreement expected from the mapped/target marginals, divided by one minus expected agreement; every cell and marginal is WTMEC4YR-weighted in the weighted sensitivity. Attainment difference is mapped minus observed target percentage points. WTMEC4YR changes evaluation weights only; the D7 headline crosswalk fit remains unweighted.",71.70564113931064,0.9214848143982002,adept,oak,False,8000.0,whole_cohort_subject_grouped_5fold_oof,600
WTMEC4YR_weighted_sensitivity,4.744309324362883,4.564265700851178,0.68386330119662,11.073629715404326,79.73771824755018,8646,0.7544041415475042,75.17345254669901,0.9285162609085684,False,33101362.835932,133796882.269459,0.6704505585017047,0.1800436235117049,-0.0134127426949153,0.780677246554637,-0.7748815183136628,-0.0076004755012565,-0.9549251418253704,-0.0059036574040096,189343618.90303895,11.854306961958963,daily_steps,6731163.4154725,15714210.3821755,78.96283672923651,WTMEC4YR,isotonic,9023,0.7468036660462477,"Mapped source is the grouped five-fold OOF isotonic prediction on the target algorithm scale. Positive/negative agreement are symmetric: 2a/(2a+b+c) and 2d/(2d+b+c). Cohen kappa uses the observed agreement minus agreement expected from the mapped/target marginals, divided by one minus expected agreement; every cell and marginal is WTMEC4YR-weighted in the weighted sensitivity. Attainment difference is mapped minus observed target percentage points. WTMEC4YR changes evaluation weights only; the D7 headline crosswalk fit remains unweighted.",74.21852740487364,0.9226126035045586,adept,oak,False,8000.0,whole_cohort_subject_grouped_5fold_oof,600
unweighted_primary,6.372603347002103,4.591718713856119,0.6608416647275791,16.296553319454084,62.43349525792274,8646,0.7955897287102858,57.841776544066626,0.8645062025194731,False,2889.0,4605.0,0.649845690061502,1.780884633145984,-0.0109959746660771,0.6490301893567327,0.2618388881484037,-0.0048411314747581,-1.5190457449975838,-0.006884450028552,9023.0,16.945583508810817,daily_steps,477.0,1052.0,62.69533414607115,subjects,isotonic,9023,0.7907485972355276,"Mapped source is the grouped five-fold OOF isotonic prediction on the target algorithm scale. Positive/negative agreement are symmetric: 2a/(2a+b+c) and 2d/(2d+b+c). Cohen kappa uses the observed agreement minus agreement expected from the mapped/target marginals, divided by one minus expected agreement; every cell and marginal is WTMEC4YR-weighted in the weighted sensitivity. Attainment difference is mapped minus observed target percentage points. WTMEC4YR changes evaluation weights only; the D7 headline crosswalk fit remains unweighted.",56.32273079906904,0.857621752490921,adept,oak,False,10000.0,whole_cohort_subject_grouped_5fold_oof,600
WTMEC4YR_weighted_sensitivity,7.021779339631928,5.477334029426539,0.6427185062116002,16.732938450879686,65.61492120715133,8646,0.7746329460176501,60.1375871777248,0.8669375373438507,False,55392438.1189305,101324633.3860075,0.6357316004770135,1.544445310205389,-0.0069869057345867,0.4984568224982517,0.0252906793796512,-0.0021360735294497,-1.5191546308257529,-0.0056111511752766,189343618.90303895,17.231395273377938,daily_steps,9665628.142528,22960919.255572997,65.64021188653098,WTMEC4YR,isotonic,9023,0.7724968724882003,"Mapped source is the grouped five-fold OOF isotonic prediction on the target algorithm scale. Positive/negative agreement are symmetric: 2a/(2a+b+c) and 2d/(2d+b+c). Cohen kappa uses the observed agreement minus agreement expected from the mapped/target marginals, divided by one minus expected agreement; every cell and marginal is WTMEC4YR-weighted in the weighted sensitivity. Attainment difference is mapped minus observed target percentage points. WTMEC4YR changes evaluation weights only; the D7 headline crosswalk fit remains unweighted.",58.61843254689904,0.861326386168574,adept,oak,False,10000.0,whole_cohort_subject_grouped_5fold_oof,600
unweighted_primary,5.28649008090436,5.944945639602128,0.6980359602765621,10.501966227157066,80.71940781864446,8646,0.764033264033264,74.77446217904233,0.932460577209164,False,1608.0,6434.0,0.6966137897896588,-0.6584555586977681,-0.0014221704869032,0.3702492222500044,-1.3333942976425703,0.0022283514063357,-0.6749387389448032,-0.0032960165910688,9023.0,10.87221544940707,daily_steps,252.0,729.0,79.38601352100189,subjects,isotonic,9023,0.7662616154395997,"Mapped source is the grouped five-fold OOF isotonic prediction on the target algorithm scale. Positive/negative agreement are symmetric: 2a/(2a+b+c) and 2d/(2d+b+c). Cohen kappa uses the observed agreement minus agreement expected from the mapped/target marginals, divided by one minus expected agreement; every cell and marginal is WTMEC4YR-weighted in the weighted sensitivity. Attainment difference is mapped minus observed target percentage points. WTMEC4YR changes evaluation weights only; the D7 headline crosswalk fit remains unweighted.",74.09952344009753,0.9291645606180952,adept,scrf,False,7000.0,whole_cohort_subject_grouped_5fold_oof,600
WTMEC4YR_weighted_sensitivity,5.771006781484478,6.290811044731881,0.6830439579092414,10.05878520180527,83.5282026210074,8646,0.7436233582232896,77.23739157627551,0.9374319782038584,False,29134929.782913,140189328.4609775,0.6792752193538161,-0.5198042632474031,-0.0037687385554253,0.5142463981665362,-1.3165462493890487,0.0006663332358894,-0.7967419861416403,-0.0040747637333719,189343618.90303895,10.573031599971806,daily_steps,4546163.785972999,15473196.873175502,82.21165637161835,WTMEC4YR,isotonic,9023,0.7442896914591791,"Mapped source is the grouped five-fold OOF isotonic prediction on the target algorithm scale. Positive/negative agreement are symmetric: 2a/(2a+b+c) and 2d/(2d+b+c). Cohen kappa uses the observed agreement minus agreement expected from the mapped/target marginals, divided by one minus expected agreement; every cell and marginal is WTMEC4YR-weighted in the weighted sensitivity. Attainment difference is mapped minus observed target percentage points. WTMEC4YR changes evaluation weights only; the D7 headline crosswalk fit remains unweighted.",76.44064959013387,0.9333572144704864,adept,scrf,False,7000.0,whole_cohort_subject_grouped_5fold_oof,600
unweighted_primary,6.682921423030031,6.118436271108019,0.6837344048849472,12.965533194540829,74.49687716863289,8646,0.7730309779307553,68.37844089752487,0.9092528130818424,False,2031.0,5779.0,0.6768109685788561,0.5644851519220122,-0.006923436306091,0.4778891705262218,-0.3862709401057884,-0.0029835845658263,-0.9507560920278024,-0.0042336289928909,9023.0,13.44342236506705,daily_steps,305.0,908.0,74.1106062285271,subjects,isotonic,9023,0.7700473933649289,"Mapped source is the grouped five-fold OOF isotonic prediction on the target algorithm scale. Positive/negative agreement are symmetric: 2a/(2a+b+c) and 2d/(2d+b+c). Cohen kappa uses the observed agreement minus agreement expected from the mapped/target marginals, divided by one minus expected agreement; every cell and marginal is WTMEC4YR-weighted in the weighted sensitivity. Attainment difference is mapped minus observed target percentage points. WTMEC4YR changes evaluation weights only; the D7 headline crosswalk fit remains unweighted.",67.42768480549707,0.9050191840889515,adept,scrf,False,8000.0,whole_cohort_subject_grouped_5fold_oof,600
WTMEC4YR_weighted_sensitivity,7.294897813481748,6.608535296884432,0.6741943986358363,12.545351121868492,77.50419539663744,8646,0.7568737211386894,70.89566009975302,0.915462511200534,False,37637617.39068399,126653414.380565,0.6625968134881312,0.686362516597316,-0.0115975851477051,0.6859303318884393,-0.3503306134087722,-0.0065809972866265,-1.0366931300060855,-0.0054633723225707,189343618.90303895,13.231281453756932,daily_steps,5620081.8082325,19432505.3235575,77.15386478322867,WTMEC4YR,isotonic,9023,0.7502927238520629,"Mapped source is the grouped five-fold OOF isotonic prediction on the target algorithm scale. Positive/negative agreement are symmetric: 2a/(2a+b+c) and 2d/(2d+b+c). Cohen kappa uses the observed agreement minus agreement expected from the mapped/target marginals, divided by one minus expected agreement; every cell and marginal is WTMEC4YR-weighted in the weighted sensitivity. Attainment difference is mapped minus observed target percentage points. WTMEC4YR changes evaluation weights only; the D7 headline crosswalk fit remains unweighted.",69.85896696974693,0.9099991388779632,adept,scrf,False,8000.0,whole_cohort_subject_grouped_5fold_oof,600
unweighted_primary,6.561010750304774,5.7945870922970215,0.63082933389519,18.193384223918574,59.55355077492482,8646,0.790126751167445,53.7589636826278,0.8394406450954374,False,3150.0,4213.0,0.6284944368590999,0.7664236580077528,-0.0023348970360901,0.204044569165763,-0.3825433494565757,0.0013305352647158,-1.1489670074643286,-0.0040252177704324,9023.0,18.397428793084337,daily_steps,534.0,1126.0,59.17100742546825,subjects,isotonic,9023,0.7914572864321608,"Mapped source is the grouped five-fold OOF isotonic prediction on the target algorithm scale. Positive/negative agreement are symmetric: 2a/(2a+b+c) and 2d/(2d+b+c). Cohen kappa uses the observed agreement minus agreement expected from the mapped/target marginals, divided by one minus expected agreement; every cell and marginal is WTMEC4YR-weighted in the weighted sensitivity. Attainment difference is mapped minus observed target percentage points. WTMEC4YR changes evaluation weights only; the D7 headline crosswalk fit remains unweighted.",52.60999667516347,0.835415427325005,adept,scrf,False,10000.0,whole_cohort_subject_grouped_5fold_oof,600
WTMEC4YR_weighted_sensitivity,7.1094328451905,6.311081609206903,0.6263222809544184,18.088651250344416,62.621421702461774,8646,0.7768712920001675,56.31034009325487,0.8479073127545659,False,60781865.616648,93549180.235137,0.6207271749742359,0.7983512359835965,-0.0055951059801825,0.4029003816034198,-0.4138352205726718,-0.0004847768837088,-1.2121864565562743,-0.0055428352213625,189343618.90303895,18.491551631947836,daily_steps,10775657.8093445,24236915.241909496,62.2075864818891,WTMEC4YR,isotonic,9023,0.7763865151164586,"Mapped source is the grouped five-fold OOF isotonic prediction on the target algorithm scale. Positive/negative agreement are symmetric: 2a/(2a+b+c) and 2d/(2d+b+c). Cohen kappa uses the observed agreement minus agreement expected from the mapped/target marginals, divided by one minus expected agreement; every cell and marginal is WTMEC4YR-weighted in the weighted sensitivity. Attainment difference is mapped minus observed target percentage points. WTMEC4YR changes evaluation weights only; the D7 headline crosswalk fit remains unweighted.",55.0981536366986,0.8423644775332033,adept,scrf,False,10000.0,whole_cohort_subject_grouped_5fold_oof,600
unweighted_primary,4.599357198271092,4.024982650936848,0.6767076532397956,14.8970622253065,66.15776081424937,8646,0.792258064516129,62.13277816331251,0.8838802740714028,False,2613.0,5011.0,0.6670942892161872,0.5743745473342443,-0.0096133640236084,0.6077587876603623,-0.5698188880607375,-0.0034278758368837,-1.1441934353949748,-0.0063739261158822,9023.0,15.504821012966865,daily_steps,492.0,907.0,65.58794192618863,subjects,isotonic,9023,0.7888301886792453,"Mapped source is the grouped five-fold OOF isotonic prediction on the target algorithm scale. Positive/negative agreement are symmetric: 2a/(2a+b+c) and 2d/(2d+b+c). Cohen kappa uses the observed agreement minus agreement expected from the mapped/target marginals, divided by one minus expected agreement; every cell and marginal is WTMEC4YR-weighted in the weighted sensitivity. Attainment difference is mapped minus observed target percentage points. WTMEC4YR changes evaluation weights only; the D7 headline crosswalk fit remains unweighted.",60.98858472791754,0.8775063479555205,adept,scssl,False,7000.0,whole_cohort_subject_grouped_5fold_oof,600
WTMEC4YR_weighted_sensitivity,4.768246218257477,4.339727124914273,0.6799854702627546,14.225824565207262,68.96343797334143,8646,0.7857971113598242,64.62371084842717,0.893509033685663,False,50234901.232153,110810662.754603,0.6678523128466113,0.4285190933432048,-0.0121331574161432,0.7195192917590312,-0.5830637432624997,-0.0055573488284393,-1.011582836605719,-0.0067377671600555,189343618.90303895,14.945343856966293,daily_steps,9634842.4842135,18663212.432069503,68.38037423007893,WTMEC4YR,isotonic,9023,0.7802397625313848,"Mapped source is the grouped five-fold OOF isotonic prediction on the target algorithm scale. Positive/negative agreement are symmetric: 2a/(2a+b+c) and 2d/(2d+b+c). Cohen kappa uses the observed agreement minus agreement expected from the mapped/target marginals, divided by one minus expected agreement; every cell and marginal is WTMEC4YR-weighted in the weighted sensitivity. Attainment difference is mapped minus observed target percentage points. WTMEC4YR changes evaluation weights only; the D7 headline crosswalk fit remains unweighted.",63.61212801182145,0.8867712665256074,adept,scssl,False,7000.0,whole_cohort_subject_grouped_5fold_oof,600
unweighted_primary,3.3137537404410944,2.5676613462872977,0.6723190011011376,16.28498727735369,55.378209576682856,8646,0.8226253464348703,52.81054823039556,0.8494761599315801,False,3493.0,4061.0,0.6734522354198146,0.7460923941537967,0.0011332343186769,-0.0043710743170031,-0.5738207924647512,0.003631306433255,-1.3199131866185496,-0.0026405849133338,9023.0,16.280616203036686,daily_steps,585.0,884.0,54.804388784218105,subjects,isotonic,9023,0.8262566528681253,"Mapped source is the grouped five-fold OOF isotonic prediction on the target algorithm scale. Positive/negative agreement are symmetric: 2a/(2a+b+c) and 2d/(2d+b+c). Cohen kappa uses the observed agreement minus agreement expected from the mapped/target marginals, divided by one minus expected agreement; every cell and marginal is WTMEC4YR-weighted in the weighted sensitivity. Attainment difference is mapped minus observed target percentage points. WTMEC4YR changes evaluation weights only; the D7 headline crosswalk fit remains unweighted.",51.49063504377701,0.8468355750182462,adept,scssl,False,8000.0,whole_cohort_subject_grouped_5fold_oof,600
WTMEC4YR_weighted_sensitivity,3.704407028484724,3.1044910698607597,0.6752288331120153,15.940216006160798,58.50498799279943,8646,0.8148521309335457,55.40049692293867,0.8600575203384402,False,68564520.206076,90829796.9892185,0.6796613143340204,0.5999159586239644,0.0044324812220051,-0.122782135795596,-0.7731892452621096,0.0058948232931566,-1.3731052038860767,-0.0015889130080549,189343618.90303895,15.817433870365202,daily_steps,11467621.6905565,18481680.017188,57.73179874753732,WTMEC4YR,isotonic,9023,0.8207469542267023,"Mapped source is the grouped five-fold OOF isotonic prediction on the target algorithm scale. Positive/negative agreement are symmetric: 2a/(2a+b+c) and 2d/(2d+b+c). Cohen kappa uses the observed agreement minus agreement expected from the mapped/target marginals, divided by one minus expected agreement; every cell and marginal is WTMEC4YR-weighted in the weighted sensitivity. Attainment difference is mapped minus observed target percentage points. WTMEC4YR changes evaluation weights only; the D7 headline crosswalk fit remains unweighted.",54.027391719052595,0.8584686073303852,adept,scssl,False,8000.0,whole_cohort_subject_grouped_5fold_oof,600
unweighted_primary,-1.4629280727030902,-1.2838306731436544,0.6302907071949511,16.689798750867453,33.76127689104788,8646,0.8727849775191748,35.04510756419153,0.7574382249117498,False,5291.0,2252.0,0.63006371284387,-0.1790973995594358,-0.000226994351081,-0.2872718751055103,-1.3330379461293376,0.0045156359777577,-1.153940546569899,-0.0047644281203059,9023.0,16.402526875761943,daily_steps,806.0,674.0,32.42823894491854,subjects,isotonic,9023,0.8773006134969326,"Mapped source is the grouped five-fold OOF isotonic prediction on the target algorithm scale. Positive/negative agreement are symmetric: 2a/(2a+b+c) and 2d/(2d+b+c). Cohen kappa uses the observed agreement minus agreement expected from the mapped/target marginals, divided by one minus expected agreement; every cell and marginal is WTMEC4YR-weighted in the weighted sensitivity. Attainment difference is mapped minus observed target percentage points. WTMEC4YR changes evaluation weights only; the D7 headline crosswalk fit remains unweighted.",33.89116701762163,0.7526737967914439,adept,scssl,False,10000.0,whole_cohort_subject_grouped_5fold_oof,600
WTMEC4YR_weighted_sensitivity,-0.4153624203376171,0.1839253321276601,0.6321227845511755,17.033030577554122,36.49175767982719,8646,0.8660929584956515,36.30783234769952,0.7660284821506047,False,107344172.410149,50133576.27858651,0.629597077316602,-0.5992877524652773,-0.0025257072345735,-0.2033795975431687,-1.8070502431040865,0.0046621603741214,-1.2077624906388067,-0.0071935561489145,189343618.90303895,16.829650980010953,daily_steps,16326166.226267,15539703.9880365,34.6847074367231,WTMEC4YR,isotonic,9023,0.870755118869773,"Mapped source is the grouped five-fold OOF isotonic prediction on the target algorithm scale. Positive/negative agreement are symmetric: 2a/(2a+b+c) and 2d/(2d+b+c). Cohen kappa uses the observed agreement minus agreement expected from the mapped/target marginals, divided by one minus expected agreement; every cell and marginal is WTMEC4YR-weighted in the weighted sensitivity. Attainment difference is mapped minus observed target percentage points. WTMEC4YR changes evaluation weights only; the D7 headline crosswalk fit remains unweighted.",35.10006985706072,0.7588349260016901,adept,scssl,False,10000.0,whole_cohort_subject_grouped_5fold_oof,600
unweighted_primary,6.826997672614432,5.968077723802912,0.6672148664879017,13.60166551006246,74.55470737913485,8646,0.7607811228641171,68.58662965533195,0.9049773755656108,False,2002.0,5735.0,0.6580076339810597,0.8589199488115202,-0.009207232506842,0.6508004103631198,-0.455183939037326,-0.0038813119000339,-1.314103887848859,-0.0057926781683076,9023.0,14.252465920425578,daily_steps,335.0,951.0,74.09952344009753,subjects,isotonic,9023,0.7568998109640832,"Mapped source is the grouped five-fold OOF isotonic prediction on the target algorithm scale. Positive/negative agreement are symmetric: 2a/(2a+b+c) and 2d/(2d+b+c). Cohen kappa uses the observed agreement minus agreement expected from the mapped/target marginals, divided by one minus expected agreement; every cell and marginal is WTMEC4YR-weighted in the weighted sensitivity. Attainment difference is mapped minus observed target percentage points. WTMEC4YR changes evaluation weights only; the D7 headline crosswalk fit remains unweighted.",67.27252576748309,0.8991846973973032,adept,vs,False,7000.0,whole_cohort_subject_grouped_5fold_oof,600
WTMEC4YR_weighted_sensitivity,7.755469808583193,6.821102626266418,0.653321211663298,13.376214497122882,77.54429554887878,8646,0.741435045353414,70.72319292261237,0.909783226012526,False,37073517.172075,125184685.612365,0.6376045337543625,0.934367182316775,-0.0157166779089354,0.9286859138432622,-0.3990301751788365,-0.0089917032707855,-1.3333973574956133,-0.007404234386344,189343618.90303895,14.304900410966145,daily_steps,6200464.4600475,20884951.6585515,77.14526537369994,WTMEC4YR,isotonic,9023,0.7324433420826284,"Mapped source is the grouped five-fold OOF isotonic prediction on the target algorithm scale. Positive/negative agreement are symmetric: 2a/(2a+b+c) and 2d/(2d+b+c). Cohen kappa uses the observed agreement minus agreement expected from the mapped/target marginals, divided by one minus expected agreement; every cell and marginal is WTMEC4YR-weighted in the weighted sensitivity. Attainment difference is mapped minus observed target percentage points. WTMEC4YR changes evaluation weights only; the D7 headline crosswalk fit remains unweighted.",69.38979556511676,0.902378991626182,adept,vs,False,7000.0,whole_cohort_subject_grouped_5fold_oof,600
unweighted_primary,7.292474786656323,7.379134860050895,0.6391466369974934,17.025213971778857,66.12306268794819,8646,0.7733990147783252,58.74392782789729,0.8636532048907003,False,2717.0,4694.0,0.6267572661089003,-0.0866600733945723,-0.0123893708885931,0.8402409766861787,-1.5214889319912004,-0.0021813026012034,-1.4348288585966102,-0.0101986594361548,9023.0,17.865454948465036,daily_steps,477.0,1135.0,64.60157375595699,subjects,isotonic,9023,0.7712177121771218,"Mapped source is the grouped five-fold OOF isotonic prediction on the target algorithm scale. Positive/negative agreement are symmetric: 2a/(2a+b+c) and 2d/(2d+b+c). Cohen kappa uses the observed agreement minus agreement expected from the mapped/target marginals, divided by one minus expected agreement; every cell and marginal is WTMEC4YR-weighted in the weighted sensitivity. Attainment difference is mapped minus observed target percentage points. WTMEC4YR changes evaluation weights only; the D7 headline crosswalk fit remains unweighted.",57.30909896930068,0.8534545454545455,adept,vs,False,8000.0,whole_cohort_subject_grouped_5fold_oof,600
WTMEC4YR_weighted_sensitivity,8.698418456360324,8.63870749494583,0.6265864496112484,17.21451253938143,68.93568083420291,8646,0.7567449741357201,60.29697333925708,0.8667944054118428,False,52635560.02466349,102727699.781041,0.6171745287398847,0.0597109614144937,-0.0094119208713637,0.7318852817859742,-1.3586321766862852,-0.0007665048624848,-1.4183431381007807,-0.0087128861249496,189343618.90303895,17.946397821167405,daily_steps,8755229.402366001,25225129.6949685,67.57704865751663,WTMEC4YR,isotonic,9023,0.7559784692732352,"Mapped source is the grouped five-fold OOF isotonic prediction on the target algorithm scale. Positive/negative agreement are symmetric: 2a/(2a+b+c) and 2d/(2d+b+c). Cohen kappa uses the observed agreement minus agreement expected from the mapped/target marginals, divided by one minus expected agreement; every cell and marginal is WTMEC4YR-weighted in the weighted sensitivity. Attainment difference is mapped minus observed target percentage points. WTMEC4YR changes evaluation weights only; the D7 headline crosswalk fit remains unweighted.",58.8786302011563,0.8580815192868931,adept,vs,False,8000.0,whole_cohort_subject_grouped_5fold_oof,600
unweighted_primary,3.75706527762385,2.960906777700667,0.5798524333944786,20.30996992829054,42.25075179273652,8646,0.8285491115016599,39.28984501503586,0.7509219858156029,False,4530.0,2644.0,0.5720661299181374,0.796158499923183,-0.0077863034763411,0.1821058779823197,-0.8232886430080484,0.0019578093893475,-1.6194471429312358,-0.009994425215911,9023.0,20.492075806272855,daily_steps,755.0,1094.0,41.427463149728474,subjects,isotonic,9023,0.8305069208910074,"Mapped source is the grouped five-fold OOF isotonic prediction on the target algorithm scale. Positive/negative agreement are symmetric: 2a/(2a+b+c) and 2d/(2d+b+c). Cohen kappa uses the observed agreement minus agreement expected from the mapped/target marginals, divided by one minus expected agreement; every cell and marginal is WTMEC4YR-weighted in the weighted sensitivity. Attainment difference is mapped minus observed target percentage points. WTMEC4YR changes evaluation weights only; the D7 headline crosswalk fit remains unweighted.",37.67039787210462,0.7409275605996918,adept,vs,False,10000.0,whole_cohort_subject_grouped_5fold_oof,600
WTMEC4YR_weighted_sensitivity,6.569697629754312,5.576378887728916,0.5713419919735595,21.006098655598013,45.201524815668165,8646,0.817613167985833,39.62514592793925,0.752364457175386,False,91106065.0234365,57647597.4590555,0.5593998138743438,0.9933187420253962,-0.0119421780992157,0.4310940291645622,-0.7520589300448179,0.0002074051330709,-1.7453776720702194,-0.0127481824499374,189343618.90303895,21.437192684762575,daily_steps,14075326.5886915,26514629.8318555,44.44946588562335,WTMEC4YR,isotonic,9023,0.8178205731189039,"Mapped source is the grouped five-fold OOF isotonic prediction on the target algorithm scale. Positive/negative agreement are symmetric: 2a/(2a+b+c) and 2d/(2d+b+c). Cohen kappa uses the observed agreement minus agreement expected from the mapped/target marginals, divided by one minus expected agreement; every cell and marginal is WTMEC4YR-weighted in the weighted sensitivity. Attainment difference is mapped minus observed target percentage points. WTMEC4YR changes evaluation weights only; the D7 headline crosswalk fit remains unweighted.",37.87976825586903,0.7396162747254486,adept,vs,False,10000.0,whole_cohort_subject_grouped_5fold_oof,600
unweighted_primary,6.893494403191836,7.113115891741851,0.642088803741639,16.689798750867453,67.01364792967847,8646,0.7716410824497547,59.900532037936614,0.8684953977945867,False,2640.0,4857.0,0.6418323237823154,-0.2196214885500147,-0.0002564799593236,0.222536392654657,-1.2816297539054489,0.0041449886639685,-1.0620082653554306,-0.0042605223497468,9023.0,16.91233514352211,daily_steps,452.0,1074.0,65.73201817577302,subjects,isotonic,9023,0.7757860711137232,"Mapped source is the grouped five-fold OOF isotonic prediction on the target algorithm scale. Positive/negative agreement are symmetric: 2a/(2a+b+c) and 2d/(2d+b+c). Cohen kappa uses the observed agreement minus agreement expected from the mapped/target marginals, divided by one minus expected agreement; every cell and marginal is WTMEC4YR-weighted in the weighted sensitivity. Attainment difference is mapped minus observed target percentage points. WTMEC4YR changes evaluation weights only; the D7 headline crosswalk fit remains unweighted.",58.83852377258118,0.8642348754448399,adept,vsrev,False,7000.0,whole_cohort_subject_grouped_5fold_oof,600
WTMEC4YR_weighted_sensitivity,7.3998836009580575,7.435401795154217,0.6368147354919846,16.371856739361455,69.83895865624,8646,0.7583756707563754,62.40355686108578,0.876198235678476,False,50306923.335695,106776343.10194547,0.6282065637266236,-0.0355181941961593,-0.0086081717653609,0.6661362240659088,-1.2271280650518577,-0.0011643586655141,-1.1916098708557,-0.0074376224906651,189343618.90303895,17.037992963427364,daily_steps,9124572.530366,23135779.9350325,68.61183059118814,WTMEC4YR,isotonic,9023,0.7572113120908612,"Mapped source is the grouped five-fold OOF isotonic prediction on the target algorithm scale. Positive/negative agreement are symmetric: 2a/(2a+b+c) and 2d/(2d+b+c). Cohen kappa uses the observed agreement minus agreement expected from the mapped/target marginals, divided by one minus expected agreement; every cell and marginal is WTMEC4YR-weighted in the weighted sensitivity. Attainment difference is mapped minus observed target percentage points. WTMEC4YR changes evaluation weights only; the D7 headline crosswalk fit remains unweighted.",61.21194699023008,0.8687606131878108,adept,vsrev,False,7000.0,whole_cohort_subject_grouped_5fold_oof,600
unweighted_primary,5.652222099080129,7.240342354846174,0.604880171555695,19.66227157066852,58.616701364792966,8646,0.7815471601130815,51.3763590099468,0.8212407991587802,False,3354.0,3891.0,0.6057591539407265,-1.5881202557660448,0.0008789823850315,0.0429262571049484,-2.814861621913657,0.0089312749564448,-1.226741366147614,-0.0072240627571066,9023.0,19.705197827773468,daily_steps,634.0,1144.0,55.80183974287931,subjects,isotonic,9023,0.7904784350695263,"Mapped source is the grouped five-fold OOF isotonic prediction on the target algorithm scale. Positive/negative agreement are symmetric: 2a/(2a+b+c) and 2d/(2d+b+c). Cohen kappa uses the observed agreement minus agreement expected from the mapped/target marginals, divided by one minus expected agreement; every cell and marginal is WTMEC4YR-weighted in the weighted sensitivity. Attainment difference is mapped minus observed target percentage points. WTMEC4YR changes evaluation weights only; the D7 headline crosswalk fit remains unweighted.",50.14961764379918,0.8140167364016736,adept,vsrev,False,8000.0,whole_cohort_subject_grouped_5fold_oof,600
WTMEC4YR_weighted_sensitivity,6.8437448550285,8.540388402876575,0.5906031088715537,20.145308353083543,61.87745708477572,8646,0.762396701377824,53.33706868189915,0.8251495788484123,False,65277247.15836749,85771333.111935,0.5926324408558357,-1.6966435478480753,0.002029331984282,0.0798457105170946,-3.0437080721671563,0.0108035085143979,-1.3470645243190873,-0.0076479466174724,189343618.90303895,20.22515406360064,daily_steps,12668422.2278675,25626616.404869,58.83374901260856,WTMEC4YR,isotonic,9023,0.7732002098922219,"Mapped source is the grouped five-fold OOF isotonic prediction on the target algorithm scale. Positive/negative agreement are symmetric: 2a/(2a+b+c) and 2d/(2d+b+c). Cohen kappa uses the observed agreement minus agreement expected from the mapped/target marginals, divided by one minus expected agreement; every cell and marginal is WTMEC4YR-weighted in the weighted sensitivity. Attainment difference is mapped minus observed target percentage points. WTMEC4YR changes evaluation weights only; the D7 headline crosswalk fit remains unweighted.",51.99000415758006,0.8175016322309399,adept,vsrev,False,8000.0,whole_cohort_subject_grouped_5fold_oof,600
unweighted_primary,2.914773356976613,3.4235484617164023,0.5484894236781503,20.911404117510987,38.02914642609299,8646,0.8358154740283328,34.605597964376585,0.7121019108280254,False,4922.0,2240.0,0.5479425694032193,-0.5087751047397893,-0.000546854274931,-0.2863348500833034,-1.433779031656556,0.0051926421613297,-0.9250039269167588,-0.0055887425580364,9023.0,20.625069267427683,daily_steps,799.0,1062.0,36.59536739443644,subjects,isotonic,9023,0.8410081161896625,"Mapped source is the grouped five-fold OOF isotonic prediction on the target algorithm scale. Positive/negative agreement are symmetric: 2a/(2a+b+c) and 2d/(2d+b+c). Cohen kappa uses the observed agreement minus agreement expected from the mapped/target marginals, divided by one minus expected agreement; every cell and marginal is WTMEC4YR-weighted in the weighted sensitivity. Attainment difference is mapped minus observed target percentage points. WTMEC4YR changes evaluation weights only; the D7 headline crosswalk fit remains unweighted.",33.68059403745983,0.706513168269989,adept,vsrev,False,10000.0,whole_cohort_subject_grouped_5fold_oof,600
WTMEC4YR_weighted_sensitivity,5.047895097161409,5.484511621576843,0.5298790629236664,22.224259975062463,40.74870775616251,8646,0.8207534439271047,35.26419613458567,0.7076251683923963,False,98968037.483391,49047727.7594665,0.5321321280471834,-0.4366165244154336,0.0022530651235169,-0.3973540039956056,-1.40722445251847,0.0065174117453532,-0.9706079281030356,-0.0040451422368585,189343618.90303895,21.82690597106686,daily_steps,15884993.202393498,25442860.457788,39.34148330364404,WTMEC4YR,isotonic,9023,0.827270855672458,"Mapped source is the grouped five-fold OOF isotonic prediction on the target algorithm scale. Positive/negative agreement are symmetric: 2a/(2a+b+c) and 2d/(2d+b+c). Cohen kappa uses the observed agreement minus agreement expected from the mapped/target marginals, divided by one minus expected agreement; every cell and marginal is WTMEC4YR-weighted in the weighted sensitivity. Attainment difference is mapped minus observed target percentage points. WTMEC4YR changes evaluation weights only; the D7 headline crosswalk fit remains unweighted.",34.29358820648263,0.7035800261555377,adept,vsrev,False,10000.0,whole_cohort_subject_grouped_5fold_oof,600
unweighted_primary,1.108278842956889,0.7286606523247752,0.7930281795538372,4.2216053666435345,88.83876937312051,8646,0.81685900652283,88.11010872079575,0.9761422315183998,False,881.0,7706.0,0.7741913190898472,0.3796181906321139,-0.01883686046399,0.6104903886484969,-0.4646144357382695,-0.0152211539295633,-0.844232626370399,-0.0036535894184502,9023.0,4.832095755292031,daily_steps,168.0,268.0,88.37415493738224,subjects,isotonic,9023,0.8016378525932666,"Mapped source is the grouped five-fold OOF isotonic prediction on the target algorithm scale. Positive/negative agreement are symmetric: 2a/(2a+b+c) and 2d/(2d+b+c). Cohen kappa uses the observed agreement minus agreement expected from the mapped/target marginals, divided by one minus expected agreement; every cell and marginal is WTMEC4YR-weighted in the weighted sensitivity. Attainment difference is mapped minus observed target percentage points. WTMEC4YR changes evaluation weights only; the D7 headline crosswalk fit remains unweighted.",87.26587609442535,0.9724886420999496,oak,acti,False,7000.0,whole_cohort_subject_grouped_5fold_oof,600
WTMEC4YR_weighted_sensitivity,1.805564562398965,1.4292605228762634,0.759465753639768,4.2632557905706,90.89304640491362,8646,0.7829649548968362,89.46378588203736,0.9763621054078636,False,15262615.562877,165067210.450621,0.7456718667583649,0.3763040395227013,-0.013793886881403,0.4972916954034989,-0.4313405762410269,-0.0109370182956233,-0.8076446157637349,-0.0029398449418286,189343618.90303895,4.760547485974099,daily_steps,2797535.802732,6216257.086809,90.4617058286726,WTMEC4YR,isotonic,9023,0.7720279366012128,"Mapped source is the grouped five-fold OOF isotonic prediction on the target algorithm scale. Positive/negative agreement are symmetric: 2a/(2a+b+c) and 2d/(2d+b+c). Cohen kappa uses the observed agreement minus agreement expected from the mapped/target marginals, divided by one minus expected agreement; every cell and marginal is WTMEC4YR-weighted in the weighted sensitivity. Attainment difference is mapped minus observed target percentage points. WTMEC4YR changes evaluation weights only; the D7 headline crosswalk fit remains unweighted.",88.65614126627362,0.9734222604660347,oak,acti,False,7000.0,whole_cohort_subject_grouped_5fold_oof,600
unweighted_primary,1.5626731685692177,1.1219060837381445,0.8158253830072065,5.146888734674994,83.77284293314827,8646,0.8467102996899759,82.65093684941013,0.969073597887275,False,1354.0,7144.0,0.802252375323808,0.4407670848310729,-0.0135730076833985,0.6715751908486673,-0.906833845261758,-0.0090981747286397,-1.347600930092824,-0.0045154395128741,9023.0,5.818463925523662,daily_steps,192.0,333.0,82.86600908788651,subjects,isotonic,9023,0.8376121249613362,"Mapped source is the grouped five-fold OOF isotonic prediction on the target algorithm scale. Positive/negative agreement are symmetric: 2a/(2a+b+c) and 2d/(2d+b+c). Cohen kappa uses the observed agreement minus agreement expected from the mapped/target marginals, divided by one minus expected agreement; every cell and marginal is WTMEC4YR-weighted in the weighted sensitivity. Attainment difference is mapped minus observed target percentage points. WTMEC4YR changes evaluation weights only; the D7 headline crosswalk fit remains unweighted.",81.3033359193173,0.9645581583744008,oak,acti,False,8000.0,whole_cohort_subject_grouped_5fold_oof,600
WTMEC4YR_weighted_sensitivity,2.360540839595082,1.6960348376398038,0.8014264845907569,4.986946267065877,86.13294954788422,8646,0.8305496681766652,84.43691471024441,0.9707630284590072,False,24449574.985647,153981355.30446452,0.7835539730152912,0.6645060019552784,-0.0178725115754657,0.7764846191451769,-0.7472009954569501,-0.0129999802091445,-1.4117069974122105,-0.0049854508834321,189343618.90303895,5.7634308862110535,daily_steps,3221577.5807769997,7691111.0321505,85.38574855242727,WTMEC4YR,isotonic,9023,0.8175496879675207,"Mapped source is the grouped five-fold OOF isotonic prediction on the target algorithm scale. Positive/negative agreement are symmetric: 2a/(2a+b+c) and 2d/(2d+b+c). Cohen kappa uses the observed agreement minus agreement expected from the mapped/target marginals, divided by one minus expected agreement; every cell and marginal is WTMEC4YR-weighted in the weighted sensitivity. Attainment difference is mapped minus observed target percentage points. WTMEC4YR changes evaluation weights only; the D7 headline crosswalk fit remains unweighted.",83.0252077128322,0.9657775775755753,oak,acti,False,8000.0,whole_cohort_subject_grouped_5fold_oof,600
unweighted_primary,0.210572980161805,0.1850566736062875,0.8207444154145742,8.026833217672912,66.25028915105251,8646,0.881408065618592,66.06523247744622,0.9393356643356644,False,2865.0,5445.0,0.827888471262595,0.0255163065555175,0.0071440558480208,-0.1248050673903016,-1.84820558682776,0.0079291996305156,-1.8737218933832624,-0.000785289432622,9023.0,7.902028150282611,daily_steps,347.0,366.0,64.40208356422475,subjects,isotonic,9023,0.8893372652491076,"Mapped source is the grouped five-fold OOF isotonic prediction on the target algorithm scale. Positive/negative agreement are symmetric: 2a/(2a+b+c) and 2d/(2d+b+c). Cohen kappa uses the observed agreement minus agreement expected from the mapped/target marginals, divided by one minus expected agreement; every cell and marginal is WTMEC4YR-weighted in the weighted sensitivity. Attainment difference is mapped minus observed target percentage points. WTMEC4YR changes evaluation weights only; the D7 headline crosswalk fit remains unweighted.",64.19151058406295,0.9385503749030424,oak,acti,False,10000.0,whole_cohort_subject_grouped_5fold_oof,600
WTMEC4YR_weighted_sensitivity,1.1920221704272538,1.3654850284050002,0.8103096831303043,8.206098709539896,69.05230804828072,8646,0.8702815998562865,67.68682301987572,0.9399871957249044,False,56010662.845278,118326194.9990125,0.8222596821658736,-0.1734628579777464,0.0119499990355693,-0.2804230803900607,-2.000624330749418,0.0115810539647932,-1.827161472771664,0.0003815093441075,189343618.90303895,7.925675629149835,daily_steps,6374871.5715675,8631889.487181,67.0516837175313,WTMEC4YR,isotonic,9023,0.8818626538210798,"Mapped source is the grouped five-fold OOF isotonic prediction on the target algorithm scale. Positive/negative agreement are symmetric: 2a/(2a+b+c) and 2d/(2d+b+c). Cohen kappa uses the observed agreement minus agreement expected from the mapped/target marginals, divided by one minus expected agreement; every cell and marginal is WTMEC4YR-weighted in the weighted sensitivity. Attainment difference is mapped minus observed target percentage points. WTMEC4YR changes evaluation weights only; the D7 headline crosswalk fit remains unweighted.",65.85966154710405,0.940368705069012,oak,acti,False,10000.0,whole_cohort_subject_grouped_5fold_oof,600
unweighted_primary,-1.1636927851047325,-1.2028683784408976,0.1075557390586304,1.4804533888503355,0.2313208420078649,8646,0.9925355726615348,1.4341892204487623,0.1111111111111111,True,8889.0,9.0,0.1226702095634897,0.039175593336165,0.0151144705048593,-0.0951048351542256,-0.0207478618460561,0.0004823572943384,-0.0599234551822214,0.0147630147630147,9023.0,1.38534855369611,daily_steps,115.0,10.0,0.2105729801618087,subjects,isotonic,9023,0.9930179299558732,"Mapped source is the grouped five-fold OOF isotonic prediction on the target algorithm scale. Positive/negative agreement are symmetric: 2a/(2a+b+c) and 2d/(2d+b+c). Cohen kappa uses the observed agreement minus agreement expected from the mapped/target marginals, divided by one minus expected agreement; every cell and marginal is WTMEC4YR-weighted in the weighted sensitivity. Attainment difference is mapped minus observed target percentage points. WTMEC4YR changes evaluation weights only; the D7 headline crosswalk fit remains unweighted.",1.374265765266541,0.1258741258741259,oak,adept,True,7000.0,whole_cohort_subject_grouped_5fold_oof,600
WTMEC4YR_weighted_sensitivity,-1.0025380608390455,-1.0948945485263362,0.0850696378773392,1.295191598598296,0.1624034623360762,8646,0.993477743722782,1.2572980108624123,0.0877014477696358,True,186991554.87384295,123926.873339,0.0976707782305115,0.0923564876872904,0.0126011403531723,-0.1184225219504016,-0.009837175547753,0.0005996870446501,-0.1021936632350433,0.0124014025373823,189343618.90303895,1.1767690766478944,daily_steps,2063189.500565,164947.655292,0.1525662867883231,WTMEC4YR,isotonic,9023,0.994077430767432,"Mapped source is the grouped five-fold OOF isotonic prediction on the target algorithm scale. Positive/negative agreement are symmetric: 2a/(2a+b+c) and 2d/(2d+b+c). Cohen kappa uses the observed agreement minus agreement expected from the mapped/target marginals, divided by one minus expected agreement; every cell and marginal is WTMEC4YR-weighted in the weighted sensitivity. Attainment difference is mapped minus observed target percentage points. WTMEC4YR changes evaluation weights only; the D7 headline crosswalk fit remains unweighted.",1.155104347627369,0.1001028503070182,oak,adept,True,7000.0,whole_cohort_subject_grouped_5fold_oof,600
unweighted_primary,-0.642801728914995,-0.7864908628267407,0.0,0.7864908628267407,0.0,8646,0.9960520204366,0.7864908628267407,0.0,True,8949.0,0.0,-0.0015840491055269,0.1436891339117457,-0.0015840491055269,0.0336354809613563,0.088662307436551,-0.000169536572812,-0.0550268264751946,0.0,9023.0,0.8201263437880971,daily_steps,66.0,8.0,0.088662307436551,subjects,isotonic,9023,0.995882483863788,"Mapped source is the grouped five-fold OOF isotonic prediction on the target algorithm scale. Positive/negative agreement are symmetric: 2a/(2a+b+c) and 2d/(2d+b+c). Cohen kappa uses the observed agreement minus agreement expected from the mapped/target marginals, divided by one minus expected agreement; every cell and marginal is WTMEC4YR-weighted in the weighted sensitivity. Attainment difference is mapped minus observed target percentage points. WTMEC4YR changes evaluation weights only; the D7 headline crosswalk fit remains unweighted.",0.7314640363515461,0.0,oak,adept,True,8000.0,whole_cohort_subject_grouped_5fold_oof,600
WTMEC4YR_weighted_sensitivity,-0.508877837005911,-0.636989421559268,-1.742922232377863e-14,0.636989421559268,0.0,8646,0.99680487659315,0.636989421559268,0.0,True,188184140.5706205,0.0,-0.0009483447232811,0.1281115845533569,-0.0009483447232637,-0.0246221608425191,0.0517447118554189,0.0001238834693286,-0.076366872697938,0.0,189343618.90303895,0.6123672607167489,daily_steps,1061503.0224005,97975.310018,0.0517447118554189,WTMEC4YR,isotonic,9023,0.9969287600624784,"Mapped source is the grouped five-fold OOF isotonic prediction on the target algorithm scale. Positive/negative agreement are symmetric: 2a/(2a+b+c) and 2d/(2d+b+c). Cohen kappa uses the observed agreement minus agreement expected from the mapped/target marginals, divided by one minus expected agreement; every cell and marginal is WTMEC4YR-weighted in the weighted sensitivity. Attainment difference is mapped minus observed target percentage points. WTMEC4YR changes evaluation weights only; the D7 headline crosswalk fit remains unweighted.",0.5606225488613299,0.0,oak,adept,True,8000.0,whole_cohort_subject_grouped_5fold_oof,600
unweighted_primary,-0.1662418264435332,-0.1966227157066851,0.0,0.1966227157066851,0.0,8646,0.999015918958032,0.1966227157066851,0.0,True,9008.0,0.0,0.0,0.0303808892631519,0.0,-0.0303808892631519,0.0,0.0001521804263616,-0.0303808892631519,0.0,9023.0,0.1662418264435332,daily_steps,15.0,0.0,0.0,subjects,isotonic,9023,0.9991680993843935,"Mapped source is the grouped five-fold OOF isotonic prediction on the target algorithm scale. Positive/negative agreement are symmetric: 2a/(2a+b+c) and 2d/(2d+b+c). Cohen kappa uses the observed agreement minus agreement expected from the mapped/target marginals, divided by one minus expected agreement; every cell and marginal is WTMEC4YR-weighted in the weighted sensitivity. Attainment difference is mapped minus observed target percentage points. WTMEC4YR changes evaluation weights only; the D7 headline crosswalk fit remains unweighted.",0.1662418264435332,0.0,oak,adept,True,10000.0,whole_cohort_subject_grouped_5fold_oof,600
WTMEC4YR_weighted_sensitivity,-0.1372597222727576,-0.1567044574581063,-7.084820959365515e-14,0.1567044574581063,0.0,8646,0.9992158633241476,0.1567044574581063,0.0,True,189083726.3775915,0.0,0.0,0.0194447351853486,7.084820959365515e-14,-0.0194447351853486,0.0,9.736673523208506e-05,-0.0194447351853486,0.0,189343618.90303895,0.1372597222727576,daily_steps,259892.5254475,0.0,0.0,WTMEC4YR,isotonic,9023,0.9993132300593796,"Mapped source is the grouped five-fold OOF isotonic prediction on the target algorithm scale. Positive/negative agreement are symmetric: 2a/(2a+b+c) and 2d/(2d+b+c). Cohen kappa uses the observed agreement minus agreement expected from the mapped/target marginals, divided by one minus expected agreement; every cell and marginal is WTMEC4YR-weighted in the weighted sensitivity. Attainment difference is mapped minus observed target percentage points. WTMEC4YR changes evaluation weights only; the D7 headline crosswalk fit remains unweighted.",0.1372597222727576,0.0,oak,adept,True,10000.0,whole_cohort_subject_grouped_5fold_oof,600
unweighted_primary,0.8201263437880968,1.2838306731436488,0.8275465660607328,6.3960212815174655,76.05829285218599,8646,0.8699129616560809,74.77446217904233,0.9575952764358562,False,2002.0,6425.0,0.8261247266197969,-0.463704329355552,-0.0014218394409359,0.2093206225055857,-1.138643068300368,0.0005218209526147,-0.6749387389448032,-0.001920726383796,9023.0,6.605341904023051,daily_steps,261.0,335.0,74.91964978388562,subjects,isotonic,9023,0.8704347826086957,"Mapped source is the grouped five-fold OOF isotonic prediction on the target algorithm scale. Positive/negative agreement are symmetric: 2a/(2a+b+c) and 2d/(2d+b+c). Cohen kappa uses the observed agreement minus agreement expected from the mapped/target marginals, divided by one minus expected agreement; every cell and marginal is WTMEC4YR-weighted in the weighted sensitivity. Attainment difference is mapped minus observed target percentage points. WTMEC4YR changes evaluation weights only; the D7 headline crosswalk fit remains unweighted.",74.09952344009753,0.95567455005206,oak,scrf,False,7000.0,whole_cohort_subject_grouped_5fold_oof,600
WTMEC4YR_weighted_sensitivity,1.1030727265176845,1.3377135375272298,0.8281101913994623,5.918814728340864,78.57510511380275,8646,0.8660522934091215,77.23739157627551,0.9620132219554008,False,37634785.861339,139850749.271722,0.8232590177007365,-0.2346408110095454,-0.0048511736987257,0.3439174612505953,-1.0313827971512095,-0.0021524065468785,-0.7967419861416545,-0.0026844414567057,189343618.90303895,6.26273218959146,daily_steps,4884742.975228501,6973340.7947495,77.54372231665154,WTMEC4YR,isotonic,9023,0.863899886862243,"Mapped source is the grouped five-fold OOF isotonic prediction on the target algorithm scale. Positive/negative agreement are symmetric: 2a/(2a+b+c) and 2d/(2d+b+c). Cohen kappa uses the observed agreement minus agreement expected from the mapped/target marginals, divided by one minus expected agreement; every cell and marginal is WTMEC4YR-weighted in the weighted sensitivity. Attainment difference is mapped minus observed target percentage points. WTMEC4YR changes evaluation weights only; the D7 headline crosswalk fit remains unweighted.",76.44064959013386,0.959328780498695,oak,scrf,False,7000.0,whole_cohort_subject_grouped_5fold_oof,600
unweighted_primary,2.260888839632047,2.0703215359703875,0.8293012830738404,7.251908396946565,70.44876243349526,8646,0.8814520703346569,68.37844089752487,0.9477630592351912,False,2507.0,5856.0,0.8304342017459369,0.1905673036616595,0.0011329186720964,0.0627319665688963,-0.7601887883661504,0.0022278732677399,-0.9507560920278024,-0.0011093249965878,9023.0,7.314640363515461,daily_steps,228.0,432.0,69.68857364512911,subjects,isotonic,9023,0.8836799436023969,"Mapped source is the grouped five-fold OOF isotonic prediction on the target algorithm scale. Positive/negative agreement are symmetric: 2a/(2a+b+c) and 2d/(2d+b+c). Cohen kappa uses the observed agreement minus agreement expected from the mapped/target marginals, divided by one minus expected agreement; every cell and marginal is WTMEC4YR-weighted in the weighted sensitivity. Attainment difference is mapped minus observed target percentage points. WTMEC4YR changes evaluation weights only; the D7 headline crosswalk fit remains unweighted.",67.42768480549707,0.9466537342386032,oak,scrf,False,8000.0,whole_cohort_subject_grouped_5fold_oof,600
WTMEC4YR_weighted_sensitivity,2.485540997294444,2.216605142159944,0.8319498221062019,6.779325540591195,73.11226524191295,8646,0.8789234801182324,70.89566009975302,0.952923941342069,False,48015217.1392835,127924803.8874355,0.8278676691030278,0.2689358551345,-0.0040821530031741,0.2996549679538818,-0.7677572748715846,-0.0014045549026218,-1.0366931300060855,-0.0027045849704459,189343618.90303895,7.078980508545077,daily_steps,4348692.301362,9054905.574958,72.34450796704137,WTMEC4YR,isotonic,9023,0.8775189252156106,"Mapped source is the grouped five-fold OOF isotonic prediction on the target algorithm scale. Positive/negative agreement are symmetric: 2a/(2a+b+c) and 2d/(2d+b+c). Cohen kappa uses the observed agreement minus agreement expected from the mapped/target marginals, divided by one minus expected agreement; every cell and marginal is WTMEC4YR-weighted in the weighted sensitivity. Attainment difference is mapped minus observed target percentage points. WTMEC4YR changes evaluation weights only; the D7 headline crosswalk fit remains unweighted.",69.85896696974693,0.9502193563716232,oak,scrf,False,8000.0,whole_cohort_subject_grouped_5fold_oof,600
unweighted_primary,2.682034799955668,2.8799444829979204,0.8109745554738276,9.356928059218134,56.63890816562572,8646,0.8955724796695494,53.7589636826278,0.9152435830277632,False,3746.0,4459.0,0.817678276776439,-0.1979096830422522,0.0067037213026114,-0.2912071238307909,-1.3468766905065834,0.0059919005951918,-1.1489670074643286,0.0007383397331242,9023.0,9.065720935387343,daily_steps,288.0,530.0,55.29203147511914,subjects,isotonic,9023,0.9015643802647412,"Mapped source is the grouped five-fold OOF isotonic prediction on the target algorithm scale. Positive/negative agreement are symmetric: 2a/(2a+b+c) and 2d/(2d+b+c). Cohen kappa uses the observed agreement minus agreement expected from the mapped/target marginals, divided by one minus expected agreement; every cell and marginal is WTMEC4YR-weighted in the weighted sensitivity. Attainment difference is mapped minus observed target percentage points. WTMEC4YR changes evaluation weights only; the D7 headline crosswalk fit remains unweighted.",52.60999667516347,0.9159819227608874,oak,scrf,False,10000.0,whole_cohort_subject_grouped_5fold_oof,600
WTMEC4YR_weighted_sensitivity,2.312596166665015,2.558701714972345,0.8046552029329828,9.54858389704303,58.869041808227216,8646,0.8874261457756356,56.31034009325487,0.9170981495176772,False,74214839.4341535,97899649.892654,0.8152195524327831,-0.2461055483073293,0.0105643494998003,-0.4491858417780303,-1.4582920048636012,0.008570150841458,-1.2121864565562743,0.002024712966601,189343618.90303895,9.099398055265,daily_steps,6425188.151827499,10803941.424404,57.410749803363615,WTMEC4YR,isotonic,9023,0.8959962966170937,"Mapped source is the grouped five-fold OOF isotonic prediction on the target algorithm scale. Positive/negative agreement are symmetric: 2a/(2a+b+c) and 2d/(2d+b+c). Cohen kappa uses the observed agreement minus agreement expected from the mapped/target marginals, divided by one minus expected agreement; every cell and marginal is WTMEC4YR-weighted in the weighted sensitivity. Attainment difference is mapped minus observed target percentage points. WTMEC4YR changes evaluation weights only; the D7 headline crosswalk fit remains unweighted.",55.0981536366986,0.919122862484278,oak,scrf,False,10000.0,whole_cohort_subject_grouped_5fold_oof,600
unweighted_primary,3.29158816358196,3.169095535507749,0.6746599607340874,15.058986814712004,65.30187369882027,8646,0.7924768887472107,62.13277816331251,0.8818297331639136,False,2687.0,4967.0,0.676231068278189,0.1224926280742111,0.0015711075441016,0.1133505453677905,-1.0217008073207694,0.0044977516205781,-1.1441934353949748,-0.0029480203443081,9023.0,15.172337360079796,daily_steps,536.0,833.0,64.2801728914995,subjects,isotonic,9023,0.7969746403677889,"Mapped source is the grouped five-fold OOF isotonic prediction on the target algorithm scale. Positive/negative agreement are symmetric: 2a/(2a+b+c) and 2d/(2d+b+c). Cohen kappa uses the observed agreement minus agreement expected from the mapped/target marginals, divided by one minus expected agreement; every cell and marginal is WTMEC4YR-weighted in the weighted sensitivity. Attainment difference is mapped minus observed target percentage points. WTMEC4YR changes evaluation weights only; the D7 headline crosswalk fit remains unweighted.",60.98858472791754,0.8788817128196054,oak,scssl,False,7000.0,whole_cohort_subject_grouped_5fold_oof,600
WTMEC4YR_weighted_sensitivity,3.3284064112903966,3.3476784875176357,0.6784086930138447,14.389227404773424,67.97138933594479,8646,0.7865254982333312,64.62371084842715,0.891479946206418,False,52025045.3086995,109874562.0342315,0.6806585838868132,-0.0192720762272391,0.0022498908729685,0.1050617184115552,-1.0308549128329505,0.0047654334081452,-1.0115828366057045,-0.0025024933751426,189343618.90303895,14.49428912318498,daily_steps,10570943.204585,16873068.355522998,66.94053442311184,WTMEC4YR,isotonic,9023,0.7912909316414765,"Mapped source is the grouped five-fold OOF isotonic prediction on the target algorithm scale. Positive/negative agreement are symmetric: 2a/(2a+b+c) and 2d/(2d+b+c). Cohen kappa uses the observed agreement minus agreement expected from the mapped/target marginals, divided by one minus expected agreement; every cell and marginal is WTMEC4YR-weighted in the weighted sensitivity. Attainment difference is mapped minus observed target percentage points. WTMEC4YR changes evaluation weights only; the D7 headline crosswalk fit remains unweighted.",63.61212801182145,0.8889774528312754,oak,scssl,False,7000.0,whole_cohort_subject_grouped_5fold_oof,600
unweighted_primary,4.045217776792642,3.319454082812856,0.6671486829495064,16.52787416146195,56.130002313208415,8646,0.8184935856725517,52.81054823039556,0.8482853806136532,False,3455.0,4089.0,0.6710854454841888,0.7257636939797858,0.0039367625346824,-0.1364300741295743,-0.5941494926387634,0.0052041136956685,-1.3199131866185496,-0.0014385337668063,9023.0,16.391444087332374,daily_steps,557.0,922.0,55.53585282056965,subjects,isotonic,9023,0.8236976993682202,"Mapped source is the grouped five-fold OOF isotonic prediction on the target algorithm scale. Positive/negative agreement are symmetric: 2a/(2a+b+c) and 2d/(2d+b+c). Cohen kappa uses the observed agreement minus agreement expected from the mapped/target marginals, divided by one minus expected agreement; every cell and marginal is WTMEC4YR-weighted in the weighted sensitivity. Attainment difference is mapped minus observed target percentage points. WTMEC4YR changes evaluation weights only; the D7 headline crosswalk fit remains unweighted.",51.49063504377701,0.8468468468468469,oak,scssl,False,8000.0,whole_cohort_subject_grouped_5fold_oof,600
WTMEC4YR_weighted_sensitivity,3.678021037489654,2.8844642930488384,0.6591938159470122,16.735336010913766,58.28496121598752,8646,0.8061122071660897,55.40049692293868,0.852792641337973,False,67892219.2485005,90107535.8414095,0.6647594633002767,0.7935567444408154,0.0055656473532644,-0.1813776601019086,-0.5795484594452702,0.0063440711549449,-1.3731052038860838,-0.0009492944221407,189343618.90303895,16.553958350811858,daily_steps,12189882.8383655,19153980.9747635,57.70541275654225,WTMEC4YR,isotonic,9023,0.8124562783210346,"Mapped source is the grouped five-fold OOF isotonic prediction on the target algorithm scale. Positive/negative agreement are symmetric: 2a/(2a+b+c) and 2d/(2d+b+c). Cohen kappa uses the observed agreement minus agreement expected from the mapped/target marginals, divided by one minus expected agreement; every cell and marginal is WTMEC4YR-weighted in the weighted sensitivity. Attainment difference is mapped minus observed target percentage points. WTMEC4YR changes evaluation weights only; the D7 headline crosswalk fit remains unweighted.",54.027391719052595,0.8518433469158322,oak,scssl,False,8000.0,whole_cohort_subject_grouped_5fold_oof,600
unweighted_primary,-1.1415272082455907,-1.42262317834837,0.6448242055244328,16.018968309044645,33.622484385843165,8646,0.8780273007485689,35.04510756419153,0.7667171972376621,False,5306.0,2296.0,0.6456387406305238,0.2810959701027793,0.000814535106091,-0.2703259506272673,-0.8728445764671235,0.0038807853479988,-1.153940546569899,-0.0030385010793384,9023.0,15.748642358417378,daily_steps,762.0,659.0,32.74963980937604,subjects,isotonic,9023,0.8819080860965678,"Mapped source is the grouped five-fold OOF isotonic prediction on the target algorithm scale. Positive/negative agreement are symmetric: 2a/(2a+b+c) and 2d/(2d+b+c). Cohen kappa uses the observed agreement minus agreement expected from the mapped/target marginals, divided by one minus expected agreement; every cell and marginal is WTMEC4YR-weighted in the weighted sensitivity. Attainment difference is mapped minus observed target percentage points. WTMEC4YR changes evaluation weights only; the D7 headline crosswalk fit remains unweighted.",33.89116701762163,0.7636786961583236,oak,scssl,False,10000.0,whole_cohort_subject_grouped_5fold_oof,600
WTMEC4YR_weighted_sensitivity,-2.007070487010748,-2.3798158168468255,0.6310126929891972,16.825376258823855,33.92801653085271,8646,0.8703387945482971,36.30783234769953,0.7604446087365254,False,109174091.452466,48949697.665093005,0.6332781622659884,0.3727453298360776,0.0022654692767912,-0.3369252794077617,-0.8350171608027424,0.0045657276742359,-1.2077624906388138,-0.0022353239264053,189343618.90303895,16.488450979416093,daily_steps,17510044.8397605,13709784.9457195,33.09299937004997,WTMEC4YR,isotonic,9023,0.874904522222533,"Mapped source is the grouped five-fold OOF isotonic prediction on the target algorithm scale. Positive/negative agreement are symmetric: 2a/(2a+b+c) and 2d/(2d+b+c). Cohen kappa uses the observed agreement minus agreement expected from the mapped/target marginals, divided by one minus expected agreement; every cell and marginal is WTMEC4YR-weighted in the weighted sensitivity. Attainment difference is mapped minus observed target percentage points. WTMEC4YR changes evaluation weights only; the D7 headline crosswalk fit remains unweighted.",35.10006985706072,0.7582092848101201,oak,scssl,False,10000.0,whole_cohort_subject_grouped_5fold_oof,600
unweighted_primary,2.5047101850825704,2.613925514688875,0.8517141089792868,6.2456627342123525,71.20055517002082,8646,0.8962735305416827,68.58662965533195,0.9553202051960946,False,2536.0,5879.0,0.8439041845466512,-0.1092153296063047,-0.0078099244326356,0.4926726309655267,-1.423319217455159,-0.0033157840628094,-1.314103887848859,-0.0044872761972267,9023.0,6.738335365177879,daily_steps,191.0,417.0,69.77723595256566,subjects,isotonic,9023,0.8929577464788733,"Mapped source is the grouped five-fold OOF isotonic prediction on the target algorithm scale. Positive/negative agreement are symmetric: 2a/(2a+b+c) and 2d/(2d+b+c). Cohen kappa uses the observed agreement minus agreement expected from the mapped/target marginals, divided by one minus expected agreement; every cell and marginal is WTMEC4YR-weighted in the weighted sensitivity. Attainment difference is mapped minus observed target percentage points. WTMEC4YR changes evaluation weights only; the D7 headline crosswalk fit remains unweighted.",67.27252576748309,0.9508329289988678,oak,vs,False,7000.0,whole_cohort_subject_grouped_5fold_oof,600
WTMEC4YR_weighted_sensitivity,2.9791837270175647,3.0610150684394988,0.8516650704263986,5.954506042324316,73.78420799105186,8646,0.8926972940470809,70.72319292261237,0.9587944561684988,False,48936460.168171495,128004035.692463,0.8414875790122589,-0.081831341421934,-0.0101774914141397,0.5960833645233574,-1.415228698917545,-0.0051707076950974,-1.3333973574956133,-0.0050038665802634,189343618.90303895,6.550589406847673,daily_steps,3381114.3799495,9022008.662455,72.36897929213431,WTMEC4YR,isotonic,9023,0.8875265863519834,"Mapped source is the grouped five-fold OOF isotonic prediction on the target algorithm scale. Positive/negative agreement are symmetric: 2a/(2a+b+c) and 2d/(2d+b+c). Cohen kappa uses the observed agreement minus agreement expected from the mapped/target marginals, divided by one minus expected agreement; every cell and marginal is WTMEC4YR-weighted in the weighted sensitivity. Attainment difference is mapped minus observed target percentage points. WTMEC4YR changes evaluation weights only; the D7 headline crosswalk fit remains unweighted.",69.38979556511676,0.9537905895882351,oak,vs,False,7000.0,whole_cohort_subject_grouped_5fold_oof,600
unweighted_primary,1.7178322065831808,1.411057136247984,0.8541776412751467,7.032153597039094,60.15498496414528,8646,0.9132915002852252,58.74392782789729,0.9408560311284048,False,3458.0,4932.0,0.8558885829789206,0.3067750703351968,0.0017109417037738,-0.0167485211219924,-1.1280537882614183,0.0028563338649932,-1.4348288585966102,-0.001158974826604,9023.0,7.015405075917101,daily_steps,239.0,394.0,59.02693117588386,subjects,isotonic,9023,0.9161478341502186,"Mapped source is the grouped five-fold OOF isotonic prediction on the target algorithm scale. Positive/negative agreement are symmetric: 2a/(2a+b+c) and 2d/(2d+b+c). Cohen kappa uses the observed agreement minus agreement expected from the mapped/target marginals, divided by one minus expected agreement; every cell and marginal is WTMEC4YR-weighted in the weighted sensitivity. Attainment difference is mapped minus observed target percentage points. WTMEC4YR changes evaluation weights only; the D7 headline crosswalk fit remains unweighted.",57.30909896930068,0.9396970563018006,oak,vs,False,8000.0,whole_cohort_subject_grouped_5fold_oof,600
WTMEC4YR_weighted_sensitivity,2.734703653336268,2.198554106459083,0.8446633109634619,7.367103092232359,62.49552744571616,8646,0.9045804725300762,60.29697333925708,0.9400036399198908,False,68374793.1866125,107175019.513888,0.8480308489428178,0.5361495468771849,0.0033675379793558,-0.0820378323346009,-0.8821935912235901,0.0037927481969871,-1.4183431381007807,-0.0004646450748334,189343618.90303895,7.285065259897758,daily_steps,4307909.669519001,9485896.533019498,61.613333854492566,WTMEC4YR,isotonic,9023,0.9083732207270634,"Mapped source is the grouped five-fold OOF isotonic prediction on the target algorithm scale. Positive/negative agreement are symmetric: 2a/(2a+b+c) and 2d/(2d+b+c). Cohen kappa uses the observed agreement minus agreement expected from the mapped/target marginals, divided by one minus expected agreement; every cell and marginal is WTMEC4YR-weighted in the weighted sensitivity. Attainment difference is mapped minus observed target percentage points. WTMEC4YR changes evaluation weights only; the D7 headline crosswalk fit remains unweighted.",58.8786302011563,0.9395389948450572,oak,vs,False,8000.0,whole_cohort_subject_grouped_5fold_oof,600
unweighted_primary,-0.1884074033026705,0.1619245894055043,0.829927307593437,8.119361554476058,39.45176960444136,8646,0.933040824112934,39.28984501503586,0.8968860164512339,False,5280.0,3038.0,0.8334504412157396,-0.3503319927081749,0.0035231336223026,-0.3059957116299978,-1.9697791356394063,0.0043759535168929,-1.6194471429312358,-0.0008529829753454,9023.0,7.81336584284606,daily_steps,361.0,344.0,37.48199046880195,subjects,isotonic,9023,0.9374167776298268,"Mapped source is the grouped five-fold OOF isotonic prediction on the target algorithm scale. Positive/negative agreement are symmetric: 2a/(2a+b+c) and 2d/(2d+b+c). Cohen kappa uses the observed agreement minus agreement expected from the mapped/target marginals, divided by one minus expected agreement; every cell and marginal is WTMEC4YR-weighted in the weighted sensitivity. Attainment difference is mapped minus observed target percentage points. WTMEC4YR changes evaluation weights only; the D7 headline crosswalk fit remains unweighted.",37.67039787210462,0.8960330334758885,oak,vs,False,10000.0,whole_cohort_subject_grouped_5fold_oof,600
WTMEC4YR_weighted_sensitivity,0.2827426558473844,0.6342517087198685,0.8221519065465689,8.532947610052538,40.25939763665913,8646,0.9289604530234492,39.62514592793926,0.8931839974380978,False,109521187.1533435,64158771.522562504,0.8244745136021541,-0.351509052872484,0.0023226070555851,-0.2603370420913293,-2.0968867249427134,0.0043021907843905,-1.7453776720702263,-0.0019736162990693,189343618.90303895,8.272610567961209,daily_steps,7564152.525184501,8099507.701948501,38.16251091171642,WTMEC4YR,isotonic,9023,0.9332626438078396,"Mapped source is the grouped five-fold OOF isotonic prediction on the target algorithm scale. Positive/negative agreement are symmetric: 2a/(2a+b+c) and 2d/(2d+b+c). Cohen kappa uses the observed agreement minus agreement expected from the mapped/target marginals, divided by one minus expected agreement; every cell and marginal is WTMEC4YR-weighted in the weighted sensitivity. Attainment difference is mapped minus observed target percentage points. WTMEC4YR changes evaluation weights only; the D7 headline crosswalk fit remains unweighted.",37.87976825586903,0.8912103811390285,oak,vs,False,10000.0,whole_cohort_subject_grouped_5fold_oof,600
unweighted_primary,1.063947689238609,1.1219060837381445,0.8657570674958109,6.419153365718251,61.02243812167476,8646,0.91882404563405,59.900532037936614,0.9469153515064562,False,3372.0,5063.0,0.8649379824903597,-0.0579583944995354,-0.0008190850054512,0.09752623086825,-1.119966659854967,0.0009795550206144,-1.0620082653554306,-0.0017968150121496,9023.0,6.516679596586501,daily_steps,246.0,342.0,59.90247146181979,subjects,isotonic,9023,0.9198036006546644,"Mapped source is the grouped five-fold OOF isotonic prediction on the target algorithm scale. Positive/negative agreement are symmetric: 2a/(2a+b+c) and 2d/(2d+b+c). Cohen kappa uses the observed agreement minus agreement expected from the mapped/target marginals, divided by one minus expected agreement; every cell and marginal is WTMEC4YR-weighted in the weighted sensitivity. Attainment difference is mapped minus observed target percentage points. WTMEC4YR changes evaluation weights only; the D7 headline crosswalk fit remains unweighted.",58.83852377258118,0.9451185364943064,oak,vsrev,False,7000.0,whole_cohort_subject_grouped_5fold_oof,600
WTMEC4YR_weighted_sensitivity,1.2296534223401934,1.1056309416246246,0.8575009486052924,6.647404108423658,63.50918780271041,8646,0.9102760106544896,62.40355686108578,0.9472062647337796,False,65883066.67796299,110669549.329371,0.8569068239455934,0.1240224807155687,-0.0005941246596989,0.1080402893382475,-1.067587390140119,0.0012399253457943,-1.191609870855693,-0.0018382954328755,189343618.90303895,6.755444397761906,daily_steps,5231366.302940501,7559636.5927645,62.44160041257029,WTMEC4YR,isotonic,9023,0.911515936000284,"Mapped source is the grouped five-fold OOF isotonic prediction on the target algorithm scale. Positive/negative agreement are symmetric: 2a/(2a+b+c) and 2d/(2d+b+c). Cohen kappa uses the observed agreement minus agreement expected from the mapped/target marginals, divided by one minus expected agreement; every cell and marginal is WTMEC4YR-weighted in the weighted sensitivity. Attainment difference is mapped minus observed target percentage points. WTMEC4YR changes evaluation weights only; the D7 headline crosswalk fit remains unweighted.",61.21194699023009,0.9453679693009042,oak,vsrev,False,7000.0,whole_cohort_subject_grouped_5fold_oof,600
unweighted_primary,1.3410173999778283,0.95998149433264,0.8436573347468703,7.807078417765441,52.336340504279434,8646,0.918918918918919,51.3763590099468,0.924723987955838,False,4091.0,4239.0,0.8463788478045682,0.3810359056451884,0.0027215130576978,-0.1267060360742071,-0.8457054605024226,0.0029965740388274,-1.226741366147614,-0.0002882666604504,9023.0,7.6803723816912335,daily_steps,286.0,407.0,51.49063504377701,subjects,isotonic,9023,0.9219154929577464,"Mapped source is the grouped five-fold OOF isotonic prediction on the target algorithm scale. Positive/negative agreement are symmetric: 2a/(2a+b+c) and 2d/(2d+b+c). Cohen kappa uses the observed agreement minus agreement expected from the mapped/target marginals, divided by one minus expected agreement; every cell and marginal is WTMEC4YR-weighted in the weighted sensitivity. Attainment difference is mapped minus observed target percentage points. WTMEC4YR changes evaluation weights only; the D7 headline crosswalk fit remains unweighted.",50.14961764379918,0.9244357212953876,oak,vsrev,False,8000.0,whole_cohort_subject_grouped_5fold_oof,600
WTMEC4YR_weighted_sensitivity,1.4598227532380936,1.1373518549327888,0.8320587665582364,8.346909554044233,54.474420536831936,8646,0.909458245031764,53.33706868189915,0.922578663790556,False,81620947.381541,91920920.388658,0.8326295505020566,0.3224708983053048,0.0005707839438201,-0.0013676105727071,-1.0245936260137825,0.0022853354021067,-1.3470645243190873,-0.0017284676067041,189343618.90303895,8.345541943471526,daily_steps,6518834.9511445,9282916.1816955,53.44982691081815,WTMEC4YR,isotonic,9023,0.9117435804338708,"Mapped source is the grouped five-fold OOF isotonic prediction on the target algorithm scale. Positive/negative agreement are symmetric: 2a/(2a+b+c) and 2d/(2d+b+c). Cohen kappa uses the observed agreement minus agreement expected from the mapped/target marginals, divided by one minus expected agreement; every cell and marginal is WTMEC4YR-weighted in the weighted sensitivity. Attainment difference is mapped minus observed target percentage points. WTMEC4YR changes evaluation weights only; the D7 headline crosswalk fit remains unweighted.",51.99000415758006,0.920850196183852,oak,vsrev,False,8000.0,whole_cohort_subject_grouped_5fold_oof,600
unweighted_primary,0.5208910561897373,1.0409437890353923,0.8462284459102595,7.009021512838307,35.64654175341198,8646,0.9459796755214832,34.605597964376585,0.9002304906157392,False,5636.0,2738.0,0.8396039274191055,-0.520052732845655,-0.0066245184911539,0.1837081779518969,-1.4450566597624146,-0.0004214169861255,-0.9250039269167588,-0.0061896742892085,9023.0,7.192729690790204,daily_steps,301.0,348.0,34.201485093649566,subjects,isotonic,9023,0.9455582585353578,"Mapped source is the grouped five-fold OOF isotonic prediction on the target algorithm scale. Positive/negative agreement are symmetric: 2a/(2a+b+c) and 2d/(2d+b+c). Cohen kappa uses the observed agreement minus agreement expected from the mapped/target marginals, divided by one minus expected agreement; every cell and marginal is WTMEC4YR-weighted in the weighted sensitivity. Attainment difference is mapped minus observed target percentage points. WTMEC4YR changes evaluation weights only; the D7 headline crosswalk fit remains unweighted.",33.68059403745983,0.8940408163265307,oak,vsrev,False,10000.0,whole_cohort_subject_grouped_5fold_oof,600
WTMEC4YR_weighted_sensitivity,0.370943132359891,0.9599061635435446,0.8313053331934793,7.749836614612526,36.22410229812921,8646,0.9396954789322828,35.26419613458567,0.891592935004507,False,116857401.937216,58081582.108779505,0.8316242914112346,-0.5889630311836536,0.0003189582177552,-0.1421681119734312,-1.5595709592866882,0.0022492758572331,-0.9706079281030356,-0.001915962268014,189343618.90303895,7.607668502639095,daily_steps,6851138.8530805,7553496.003962999,34.66453133884252,WTMEC4YR,isotonic,9023,0.941944754789516,"Mapped source is the grouped five-fold OOF isotonic prediction on the target algorithm scale. Positive/negative agreement are symmetric: 2a/(2a+b+c) and 2d/(2d+b+c). Cohen kappa uses the observed agreement minus agreement expected from the mapped/target marginals, divided by one minus expected agreement; every cell and marginal is WTMEC4YR-weighted in the weighted sensitivity. Attainment difference is mapped minus observed target percentage points. WTMEC4YR changes evaluation weights only; the D7 headline crosswalk fit remains unweighted.",34.29358820648263,0.8896769727364929,oak,vsrev,False,10000.0,whole_cohort_subject_grouped_5fold_oof,600
unweighted_primary,2.0724814363293875,1.7117742308581985,0.7186146278332662,5.528568123987972,89.82188295165395,8646,0.749475890985325,88.11010872079575,0.968928757150286,False,784.0,7696.0,0.7090025068188122,0.360707205471189,-0.009612121014454,0.4893859932679296,-0.4835254208992126,-0.0066999554097683,-0.844232626370399,-0.0030046906300476,9023.0,6.0179541172559015,daily_steps,178.0,365.0,89.33835753075473,subjects,isotonic,9023,0.7427759355755567,"Mapped source is the grouped five-fold OOF isotonic prediction on the target algorithm scale. Positive/negative agreement are symmetric: 2a/(2a+b+c) and 2d/(2d+b+c). Cohen kappa uses the observed agreement minus agreement expected from the mapped/target marginals, divided by one minus expected agreement; every cell and marginal is WTMEC4YR-weighted in the weighted sensitivity. Attainment difference is mapped minus observed target percentage points. WTMEC4YR changes evaluation weights only; the D7 headline crosswalk fit remains unweighted.",87.26587609442535,0.9659240665202384,scrf,acti,False,7000.0,whole_cohort_subject_grouped_5fold_oof,600
WTMEC4YR_weighted_sensitivity,2.7817717972345446,2.4124171954369,0.6848045914257886,5.341972685519112,91.87620307747426,8646,0.7137208186035828,89.46378588203736,0.9705416730409536,False,13463825.3786035,165116806.37277848,0.6835584368045096,0.3693546017976445,-0.001246154621279,0.3423948226188944,-0.4382900139661103,0.0007178922061966,-0.8076446157637491,-0.0021049999330732,189343618.90303895,5.684367508138006,daily_steps,2747939.8805745,8015047.2710825,91.43791306350816,WTMEC4YR,isotonic,9023,0.7144387108097795,"Mapped source is the grouped five-fold OOF isotonic prediction on the target algorithm scale. Positive/negative agreement are symmetric: 2a/(2a+b+c) and 2d/(2d+b+c). Cohen kappa uses the observed agreement minus agreement expected from the mapped/target marginals, divided by one minus expected agreement; every cell and marginal is WTMEC4YR-weighted in the weighted sensitivity. Attainment difference is mapped minus observed target percentage points. WTMEC4YR changes evaluation weights only; the D7 headline crosswalk fit remains unweighted.",88.65614126627361,0.9684366731078804,scrf,acti,False,7000.0,whole_cohort_subject_grouped_5fold_oof,600
unweighted_primary,-0.1329934611548289,0.358547305112189,0.7775775862774419,6.326625028915105,83.00948415452231,8646,0.8157628831256315,82.65093684941013,0.961809676743699,False,1382.0,7019.0,0.7738747011819599,-0.4915407662670179,-0.003702885095482,0.5668693742767372,-1.839141696359846,0.0005395386109308,-1.347600930092824,-0.0042380532784875,9023.0,6.893494403191842,daily_steps,317.0,305.0,81.17034245816247,subjects,isotonic,9023,0.8163024217365623,"Mapped source is the grouped five-fold OOF isotonic prediction on the target algorithm scale. Positive/negative agreement are symmetric: 2a/(2a+b+c) and 2d/(2d+b+c). Cohen kappa uses the observed agreement minus agreement expected from the mapped/target marginals, divided by one minus expected agreement; every cell and marginal is WTMEC4YR-weighted in the weighted sensitivity. Attainment difference is mapped minus observed target percentage points. WTMEC4YR changes evaluation weights only; the D7 headline crosswalk fit remains unweighted.",81.3033359193173,0.9575716234652114,scrf,acti,False,8000.0,whole_cohort_subject_grouped_5fold_oof,600
WTMEC4YR_weighted_sensitivity,0.4571022434612271,0.8080317383893143,0.7737533614041207,5.8202978792924185,85.24494644863377,8646,0.8080258847750212,84.43691471024445,0.9656987621449844,False,25384169.638224497,151311910.435525,0.7604545704438508,-0.3509294949280872,-0.0132987909602698,0.8593773601283416,-1.7626364923403486,-0.0074639310037784,-1.411706997412253,-0.005815120450765,189343618.90303895,6.67967523942076,daily_steps,5891022.4497165,6756516.379573,83.48230995629342,WTMEC4YR,isotonic,9023,0.8005619537712428,"Mapped source is the grouped five-fold OOF isotonic prediction on the target algorithm scale. Positive/negative agreement are symmetric: 2a/(2a+b+c) and 2d/(2d+b+c). Cohen kappa uses the observed agreement minus agreement expected from the mapped/target marginals, divided by one minus expected agreement; every cell and marginal is WTMEC4YR-weighted in the weighted sensitivity. Attainment difference is mapped minus observed target percentage points. WTMEC4YR changes evaluation weights only; the D7 headline crosswalk fit remains unweighted.",83.0252077128322,0.9598836416942192,scrf,acti,False,8000.0,whole_cohort_subject_grouped_5fold_oof,600
unweighted_primary,1.3742657652665469,1.075641915336567,0.7886569622986548,9.403192227619709,67.14087439278279,8646,0.8592207792207792,66.06523247744622,0.9294087001823392,False,2734.0,5419.0,0.7884683891335944,0.2986238499299798,-0.0001885731650603,0.2388337061052166,-1.5750980434532948,0.0035119440357685,-1.8737218933832624,-0.00371686553936,9023.0,9.642025933724923,daily_steps,373.0,497.0,65.5657763493295,subjects,isotonic,9023,0.8627327232565478,"Mapped source is the grouped five-fold OOF isotonic prediction on the target algorithm scale. Positive/negative agreement are symmetric: 2a/(2a+b+c) and 2d/(2d+b+c). Cohen kappa uses the observed agreement minus agreement expected from the mapped/target marginals, divided by one minus expected agreement; every cell and marginal is WTMEC4YR-weighted in the weighted sensitivity. Attainment difference is mapped minus observed target percentage points. WTMEC4YR changes evaluation weights only; the D7 headline crosswalk fit remains unweighted.",64.19151058406295,0.9256918346429792,scrf,acti,False,10000.0,whole_cohort_subject_grouped_5fold_oof,600
WTMEC4YR_weighted_sensitivity,2.2975462096365806,2.0054898471003946,0.792213268949771,8.941917237827719,69.69231286697611,8646,0.8572054639541418,67.68682301987572,0.9349106603407924,False,53773626.098088,118182397.47550447,0.792428708937546,0.292056362536186,0.000215439987775,0.241172971486657,-1.5351051102354916,0.0036212335300765,-1.827161472771678,-0.0034325580467773,189343618.90303895,9.183090209314376,daily_steps,6518669.0950755,10868926.234371,68.15720775674062,WTMEC4YR,isotonic,9023,0.8608266974842184,"Mapped source is the grouped five-fold OOF isotonic prediction on the target algorithm scale. Positive/negative agreement are symmetric: 2a/(2a+b+c) and 2d/(2d+b+c). Cohen kappa uses the observed agreement minus agreement expected from the mapped/target marginals, divided by one minus expected agreement; every cell and marginal is WTMEC4YR-weighted in the weighted sensitivity. Attainment difference is mapped minus observed target percentage points. WTMEC4YR changes evaluation weights only; the D7 headline crosswalk fit remains unweighted.",65.85966154710404,0.9314781022940152,scrf,acti,False,10000.0,whole_cohort_subject_grouped_5fold_oof,600
unweighted_primary,-1.2745206694004212,-1.4341892204487623,0.0,1.4341892204487623,0.0,8646,0.9927772600186392,1.4341892204487623,0.0,True,8892.0,2.0,0.02826785504083,0.1596685510483413,0.02826785504083,-0.004509513034377,0.0997450958661199,2.126619137576835e-05,-0.0599234551822214,0.0300751879699248,9023.0,1.4296797074143854,daily_steps,122.0,7.0,0.0997450958661199,subjects,isotonic,9023,0.9927985262100152,"Mapped source is the grouped five-fold OOF isotonic prediction on the target algorithm scale. Positive/negative agreement are symmetric: 2a/(2a+b+c) and 2d/(2d+b+c). Cohen kappa uses the observed agreement minus agreement expected from the mapped/target marginals, divided by one minus expected agreement; every cell and marginal is WTMEC4YR-weighted in the weighted sensitivity. Attainment difference is mapped minus observed target percentage points. WTMEC4YR changes evaluation weights only; the D7 headline crosswalk fit remains unweighted.",1.374265765266541,0.0300751879699248,scrf,adept,True,7000.0,whole_cohort_subject_grouped_5fold_oof,600
WTMEC4YR_weighted_sensitivity,-1.0801048741403747,-1.257298010862412,-8.830229707145021e-15,1.257298010862412,0.0,8646,0.9936737399749596,1.257298010862412,0.0,True,187038454.801776,23958.989899499997,0.0191918968836396,0.1771931367220374,0.0191918968836485,-0.0525016070651007,0.0749994734869941,0.0002649980987725,-0.1021936632350433,0.020573399482757,189343618.90303895,1.2047964037973111,daily_steps,2163157.3840045,118047.727359,0.0749994734869941,WTMEC4YR,isotonic,9023,0.993938738073732,"Mapped source is the grouped five-fold OOF isotonic prediction on the target algorithm scale. Positive/negative agreement are symmetric: 2a/(2a+b+c) and 2d/(2d+b+c). Cohen kappa uses the observed agreement minus agreement expected from the mapped/target marginals, divided by one minus expected agreement; every cell and marginal is WTMEC4YR-weighted in the weighted sensitivity. Attainment difference is mapped minus observed target percentage points. WTMEC4YR changes evaluation weights only; the D7 headline crosswalk fit remains unweighted.",1.1551043476273688,0.020573399482757,scrf,adept,True,7000.0,whole_cohort_subject_grouped_5fold_oof,600
unweighted_primary,-0.7314640363515461,-0.7864908628267407,0.0,0.7864908628267407,0.0,8646,0.9960520204366,0.7864908628267407,0.0,True,8957.0,0.0,0.0,0.0550268264751946,0.0,-0.0550268264751946,0.0,0.0002772342908748,-0.0550268264751946,0.0,9023.0,0.7314640363515461,daily_steps,66.0,0.0,0.0,subjects,isotonic,9023,0.996329254727475,"Mapped source is the grouped five-fold OOF isotonic prediction on the target algorithm scale. Positive/negative agreement are symmetric: 2a/(2a+b+c) and 2d/(2d+b+c). Cohen kappa uses the observed agreement minus agreement expected from the mapped/target marginals, divided by one minus expected agreement; every cell and marginal is WTMEC4YR-weighted in the weighted sensitivity. Attainment difference is mapped minus observed target percentage points. WTMEC4YR changes evaluation weights only; the D7 headline crosswalk fit remains unweighted.",0.7314640363515461,0.0,scrf,adept,True,8000.0,whole_cohort_subject_grouped_5fold_oof,600
WTMEC4YR_weighted_sensitivity,-0.5606225488613299,-0.636989421559268,-1.742922232377863e-14,0.636989421559268,0.0,8646,0.99680487659315,0.636989421559268,0.0,True,188282115.8806385,0.0,3.9606791659739784e-14,0.076366872697938,5.703601398351841e-14,-0.076366872697938,0.0,0.0003841311342801,-0.076366872697938,0.0,189343618.90303895,0.5606225488613299,daily_steps,1061503.0224005,0.0,0.0,WTMEC4YR,isotonic,9023,0.99718900772743,"Mapped source is the grouped five-fold OOF isotonic prediction on the target algorithm scale. Positive/negative agreement are symmetric: 2a/(2a+b+c) and 2d/(2d+b+c). Cohen kappa uses the observed agreement minus agreement expected from the mapped/target marginals, divided by one minus expected agreement; every cell and marginal is WTMEC4YR-weighted in the weighted sensitivity. Attainment difference is mapped minus observed target percentage points. WTMEC4YR changes evaluation weights only; the D7 headline crosswalk fit remains unweighted.",0.5606225488613299,0.0,scrf,adept,True,8000.0,whole_cohort_subject_grouped_5fold_oof,600
unweighted_primary,-0.1662418264435332,-0.1966227157066851,0.0,0.1966227157066851,0.0,8646,0.999015918958032,0.1966227157066851,0.0,True,9008.0,0.0,0.0,0.0303808892631519,0.0,-0.0303808892631519,0.0,0.0001521804263616,-0.0303808892631519,0.0,9023.0,0.1662418264435332,daily_steps,15.0,0.0,0.0,subjects,isotonic,9023,0.9991680993843935,"Mapped source is the grouped five-fold OOF isotonic prediction on the target algorithm scale. Positive/negative agreement are symmetric: 2a/(2a+b+c) and 2d/(2d+b+c). Cohen kappa uses the observed agreement minus agreement expected from the mapped/target marginals, divided by one minus expected agreement; every cell and marginal is WTMEC4YR-weighted in the weighted sensitivity. Attainment difference is mapped minus observed target percentage points. WTMEC4YR changes evaluation weights only; the D7 headline crosswalk fit remains unweighted.",0.1662418264435332,0.0,scrf,adept,True,10000.0,whole_cohort_subject_grouped_5fold_oof,600
WTMEC4YR_weighted_sensitivity,-0.1372597222727576,-0.1567044574581063,-7.084820959365515e-14,0.1567044574581063,0.0,8646,0.9992158633241476,0.1567044574581063,0.0,True,189083726.3775915,0.0,0.0,0.0194447351853486,7.084820959365515e-14,-0.0194447351853486,0.0,9.736673523208506e-05,-0.0194447351853486,0.0,189343618.90303895,0.1372597222727576,daily_steps,259892.5254475,0.0,0.0,WTMEC4YR,isotonic,9023,0.9993132300593796,"Mapped source is the grouped five-fold OOF isotonic prediction on the target algorithm scale. Positive/negative agreement are symmetric: 2a/(2a+b+c) and 2d/(2d+b+c). Cohen kappa uses the observed agreement minus agreement expected from the mapped/target marginals, divided by one minus expected agreement; every cell and marginal is WTMEC4YR-weighted in the weighted sensitivity. Attainment difference is mapped minus observed target percentage points. WTMEC4YR changes evaluation weights only; the D7 headline crosswalk fit remains unweighted.",0.1372597222727576,0.0,scrf,adept,True,10000.0,whole_cohort_subject_grouped_5fold_oof,600
unweighted_primary,0.5873877867671573,0.7980569049271358,0.8337933783395166,5.4476058292852185,79.74786028221142,8646,0.8681041725007,78.94980337728428,0.9656730558997156,False,1677.0,6837.0,0.8323576813715967,-0.2106691181599784,-0.0014356969679198,0.1935334813653417,-0.8605722405401366,0.0001329489075319,-0.6499031223801524,-0.0015610908711604,9023.0,5.64113931065056,daily_steps,228.0,281.0,78.88728804167128,subjects,isotonic,9023,0.868237121408232,"Mapped source is the grouped five-fold OOF isotonic prediction on the target algorithm scale. Positive/negative agreement are symmetric: 2a/(2a+b+c) and 2d/(2d+b+c). Cohen kappa uses the observed agreement minus agreement expected from the mapped/target marginals, divided by one minus expected agreement; every cell and marginal is WTMEC4YR-weighted in the weighted sensitivity. Attainment difference is mapped minus observed target percentage points. WTMEC4YR changes evaluation weights only; the D7 headline crosswalk fit remains unweighted.",78.29990025490413,0.9641119650285552,scrf,oak,False,7000.0,whole_cohort_subject_grouped_5fold_oof,600
WTMEC4YR_weighted_sensitivity,0.3778970130273729,0.661922896906264,0.8279269757176279,5.139288131010216,82.06051300366407,8646,0.8593551727386307,81.39859010675781,0.9685591806561028,False,30965063.530766003,148318193.9475815,0.8274559893083525,-0.2840258838788911,-0.0004709864092753,0.1739943989087438,-0.8821044095329285,0.0008991242353826,-0.5980785256540457,-0.001361489278551,189343618.90303895,5.313282529918959,daily_steps,4672418.7722495,5387942.652442001,81.17840859413114,WTMEC4YR,isotonic,9023,0.8602542969740133,"Mapped source is the grouped five-fold OOF isotonic prediction on the target algorithm scale. Positive/negative agreement are symmetric: 2a/(2a+b+c) and 2d/(2d+b+c). Cohen kappa uses the observed agreement minus agreement expected from the mapped/target marginals, divided by one minus expected agreement; every cell and marginal is WTMEC4YR-weighted in the weighted sensitivity. Attainment difference is mapped minus observed target percentage points. WTMEC4YR changes evaluation weights only; the D7 headline crosswalk fit remains unweighted.",80.80051158110376,0.9671976913775518,scrf,oak,False,7000.0,whole_cohort_subject_grouped_5fold_oof,600
unweighted_primary,0.7647124016402551,0.8674531575294853,0.8258898617823568,6.858662965533195,73.4674994216979,8646,0.8728286510829938,72.60004626416841,0.95304457993507,False,2200.0,6186.0,0.8245824798835192,-0.1027407558892301,-0.0013073818988376,0.2010732641021801,-0.9971458807469844,0.0007071837393211,-0.8944051248577694,-0.0020106803271063,9023.0,7.059736229635376,daily_steps,284.0,353.0,72.47035354095091,subjects,isotonic,9023,0.8735358348223149,"Mapped source is the grouped five-fold OOF isotonic prediction on the target algorithm scale. Positive/negative agreement are symmetric: 2a/(2a+b+c) and 2d/(2d+b+c). Cohen kappa uses the observed agreement minus agreement expected from the mapped/target marginals, divided by one minus expected agreement; every cell and marginal is WTMEC4YR-weighted in the weighted sensitivity. Attainment difference is mapped minus observed target percentage points. WTMEC4YR changes evaluation weights only; the D7 headline crosswalk fit remains unweighted.",71.70564113931064,0.9510338996079636,scrf,oak,False,8000.0,whole_cohort_subject_grouped_5fold_oof,600
WTMEC4YR_weighted_sensitivity,0.6559295193840131,0.8147959291309848,0.8269470722121466,6.3883736358280165,75.98824847582998,8646,0.8691933632091698,75.173452546699,0.9577381466825654,False,41835442.027212,134789875.183491,0.8230098974131516,-0.1588664097469716,-0.003937174798995,0.3286743249215451,-1.1137915515723336,-0.0011407553756557,-0.954925141825356,-0.0027908900492238,189343618.90303895,6.717047960749562,daily_steps,5738170.5014405,6980131.1908955,74.87445692425764,WTMEC4YR,isotonic,9023,0.8680526078335141,"Mapped source is the grouped five-fold OOF isotonic prediction on the target algorithm scale. Positive/negative agreement are symmetric: 2a/(2a+b+c) and 2d/(2d+b+c). Cohen kappa uses the observed agreement minus agreement expected from the mapped/target marginals, divided by one minus expected agreement; every cell and marginal is WTMEC4YR-weighted in the weighted sensitivity. Attainment difference is mapped minus observed target percentage points. WTMEC4YR changes evaluation weights only; the D7 headline crosswalk fit remains unweighted.",74.21852740487364,0.9549472566333416,scrf,oak,False,8000.0,whole_cohort_subject_grouped_5fold_oof,600
unweighted_primary,0.3657320181757795,0.7055285681239809,0.8153121463360643,8.986814712005552,58.54730511219061,8646,0.8925162539770369,57.841776544066626,0.9227864453940176,False,3517.0,4691.0,0.8162421485711007,-0.3397965499482014,0.0009300022350363,0.0456578580930848,-1.8588422949457808,0.0036488625983229,-1.5190457449975838,-0.0027119136690004,9023.0,9.032472570098635,daily_steps,391.0,424.0,56.688462817244826,subjects,isotonic,9023,0.8961651165753599,"Mapped source is the grouped five-fold OOF isotonic prediction on the target algorithm scale. Positive/negative agreement are symmetric: 2a/(2a+b+c) and 2d/(2d+b+c). Cohen kappa uses the observed agreement minus agreement expected from the mapped/target marginals, divided by one minus expected agreement; every cell and marginal is WTMEC4YR-weighted in the weighted sensitivity. Attainment difference is mapped minus observed target percentage points. WTMEC4YR changes evaluation weights only; the D7 headline crosswalk fit remains unweighted.",56.32273079906904,0.9200745317250172,scrf,oak,False,10000.0,whole_cohort_subject_grouped_5fold_oof,600
WTMEC4YR_weighted_sensitivity,0.6001293637866945,0.8235713887269736,0.8171314422272316,8.737021901094211,60.961158566451765,8646,0.8892663749961951,60.1375871777248,0.9278520859369482,False,69526495.3281015,103299706.137627,0.8198030908435978,-0.2234420249402791,0.0026716486163662,-0.0135077245911681,-1.7425966557660215,0.0045603646792456,-1.5191546308257529,-0.001882437921554,189343618.90303895,8.723514176503043,daily_steps,7690555.3909085,8826862.046402,59.21856191068574,WTMEC4YR,isotonic,9023,0.8938267396754408,"Mapped source is the grouped five-fold OOF isotonic prediction on the target algorithm scale. Positive/negative agreement are symmetric: 2a/(2a+b+c) and 2d/(2d+b+c). Cohen kappa uses the observed agreement minus agreement expected from the mapped/target marginals, divided by one minus expected agreement; every cell and marginal is WTMEC4YR-weighted in the weighted sensitivity. Attainment difference is mapped minus observed target percentage points. WTMEC4YR changes evaluation weights only; the D7 headline crosswalk fit remains unweighted.",58.61843254689904,0.9259696480153942,scrf,oak,False,10000.0,whole_cohort_subject_grouped_5fold_oof,600
unweighted_primary,3.4024160478776544,3.782095766828586,0.7550829650844698,11.3000231320842,65.9148739301411,8646,0.8429512940041793,62.13277816331251,0.911751422635715,False,2847.0,5137.0,0.7541483883272936,-0.3796797189509315,-0.0009345767571762,0.2149940462378659,-1.5238731543459068,0.0027341359676014,-1.1441934353949748,-0.0035926672215895,9023.0,11.515017178322069,daily_steps,366.0,673.0,64.39100077579519,subjects,isotonic,9023,0.8456854299717808,"Mapped source is the grouped five-fold OOF isotonic prediction on the target algorithm scale. Positive/negative agreement are symmetric: 2a/(2a+b+c) and 2d/(2d+b+c). Cohen kappa uses the observed agreement minus agreement expected from the mapped/target marginals, divided by one minus expected agreement; every cell and marginal is WTMEC4YR-weighted in the weighted sensitivity. Attainment difference is mapped minus observed target percentage points. WTMEC4YR changes evaluation weights only; the D7 headline crosswalk fit remains unweighted.",60.98858472791754,0.9081587554141254,scrf,scssl,False,7000.0,whole_cohort_subject_grouped_5fold_oof,600
WTMEC4YR_weighted_sensitivity,3.470190803801909,3.979996875453462,0.7518916140805684,11.055435554204852,68.60370772388063,8646,0.8344315088944592,64.62371084842717,0.9170183159541996,False,55037082.687860504,113155059.11321352,0.753669690509688,-0.5098060716515529,0.0017780764291196,0.1155123892779794,-1.521388908257265,0.0043844671403949,-1.0115828366057116,-0.0024920924967619,189343618.90303895,11.170947943482831,daily_steps,7290446.125603,13861030.976362,67.08231881562337,WTMEC4YR,isotonic,9023,0.8388159760348541,"Mapped source is the grouped five-fold OOF isotonic prediction on the target algorithm scale. Positive/negative agreement are symmetric: 2a/(2a+b+c) and 2d/(2d+b+c). Cohen kappa uses the observed agreement minus agreement expected from the mapped/target marginals, divided by one minus expected agreement; every cell and marginal is WTMEC4YR-weighted in the weighted sensitivity. Attainment difference is mapped minus observed target percentage points. WTMEC4YR changes evaluation weights only; the D7 headline crosswalk fit remains unweighted.",63.612128011821454,0.9145262234574376,scrf,scssl,False,7000.0,whole_cohort_subject_grouped_5fold_oof,600
unweighted_primary,2.172226532195498,2.116585704371965,0.7494797767919189,12.456627342123523,54.927133934767525,8646,0.8649868371568259,52.81054823039556,0.8843800322061192,False,3711.0,4176.0,0.7476479109447058,0.0556408278235331,-0.001831865847213,0.133420313866722,-1.2642723587950186,0.0022718681481519,-1.3199131866185496,-0.0041102177035896,9023.0,12.590047655990247,daily_steps,470.0,666.0,53.66286157597251,subjects,isotonic,9023,0.8672587053049778,"Mapped source is the grouped five-fold OOF isotonic prediction on the target algorithm scale. Positive/negative agreement are symmetric: 2a/(2a+b+c) and 2d/(2d+b+c). Cohen kappa uses the observed agreement minus agreement expected from the mapped/target marginals, divided by one minus expected agreement; every cell and marginal is WTMEC4YR-weighted in the weighted sensitivity. Attainment difference is mapped minus observed target percentage points. WTMEC4YR changes evaluation weights only; the D7 headline crosswalk fit remains unweighted.",51.49063504377701,0.8802698145025295,scrf,scssl,False,8000.0,whole_cohort_subject_grouped_5fold_oof,600
WTMEC4YR_weighted_sensitivity,2.173007647320291,2.214272845661247,0.7461056988983034,12.485894402566364,57.61476976859993,8646,0.8564587838846451,55.40049692293868,0.8895202854615644,False,72907020.11277099,92272689.887758,0.7421861137680986,-0.0412651983409562,-0.0039195851302047,0.2760402443488328,-1.4143704022270356,0.0013821359142738,-1.3731052038860838,-0.0052981171793824,189343618.90303895,12.761934646915195,daily_steps,10024728.792017002,14139180.110493,56.20039936637289,WTMEC4YR,isotonic,9023,0.857840919798919,"Mapped source is the grouped five-fold OOF isotonic prediction on the target algorithm scale. Positive/negative agreement are symmetric: 2a/(2a+b+c) and 2d/(2d+b+c). Cohen kappa uses the observed agreement minus agreement expected from the mapped/target marginals, divided by one minus expected agreement; every cell and marginal is WTMEC4YR-weighted in the weighted sensitivity. Attainment difference is mapped minus observed target percentage points. WTMEC4YR changes evaluation weights only; the D7 headline crosswalk fit remains unweighted.",54.027391719052595,0.8842221682821819,scrf,scssl,False,8000.0,whole_cohort_subject_grouped_5fold_oof,600
unweighted_primary,0.0,0.4395095998149412,0.7259116490036631,12.51445755262549,35.48461716400648,8646,0.9033410755762016,35.04510756419153,0.8225647753361758,False,5398.0,2491.0,0.7195302113867847,-0.4395095998149412,-0.0063814376168783,0.0534245265056192,-1.5934501463848465,0.0016044399309232,-1.153940546569899,-0.0079800794565159,9023.0,12.56788207913111,daily_steps,567.0,567.0,33.89116701762163,subjects,isotonic,9023,0.9049455155071248,"Mapped source is the grouped five-fold OOF isotonic prediction on the target algorithm scale. Positive/negative agreement are symmetric: 2a/(2a+b+c) and 2d/(2d+b+c). Cohen kappa uses the observed agreement minus agreement expected from the mapped/target marginals, divided by one minus expected agreement; every cell and marginal is WTMEC4YR-weighted in the weighted sensitivity. Attainment difference is mapped minus observed target percentage points. WTMEC4YR changes evaluation weights only; the D7 headline crosswalk fit remains unweighted.",33.89116701762163,0.8145846958796599,scrf,scssl,False,10000.0,whole_cohort_subject_grouped_5fold_oof,600
WTMEC4YR_weighted_sensitivity,-0.4962913947087921,0.2090543478135365,0.7174385367038306,13.084782505983746,36.516886695513065,8646,0.8971122186045746,36.30783234769953,0.8203249847319077,False,110920572.4574855,53556742.477107495,0.7108052279431658,-0.7053457425223286,-0.0066333087606648,0.0481152977599297,-1.9131082331611464,0.0020951053696736,-1.207762490638821,-0.0087349236432165,189343618.90303895,13.132897803743676,daily_steps,12903000.027746,11963303.9407,34.60377846235192,WTMEC4YR,isotonic,9023,0.8992073239742482,"Mapped source is the grouped five-fold OOF isotonic prediction on the target algorithm scale. Positive/negative agreement are symmetric: 2a/(2a+b+c) and 2d/(2d+b+c). Cohen kappa uses the observed agreement minus agreement expected from the mapped/target marginals, divided by one minus expected agreement; every cell and marginal is WTMEC4YR-weighted in the weighted sensitivity. Attainment difference is mapped minus observed target percentage points. WTMEC4YR changes evaluation weights only; the D7 headline crosswalk fit remains unweighted.",35.10006985706071,0.8115900610886911,scrf,scssl,False,10000.0,whole_cohort_subject_grouped_5fold_oof,600
unweighted_primary,1.2191067272525835,1.5961138098542715,0.7844503004700166,9.16030534351145,70.18274346518622,8646,0.8503966754816774,68.58662965533195,0.933988998166361,False,2473.0,5700.0,0.783996192251852,-0.377007082601688,-0.0004541082181646,0.2600648216220982,-1.6911109704505378,0.0029504604741541,-1.314103887848859,-0.0033767532684019,9023.0,9.420370165133548,daily_steps,370.0,480.0,68.49163249473568,subjects,isotonic,9023,0.8533471359558316,"Mapped source is the grouped five-fold OOF isotonic prediction on the target algorithm scale. Positive/negative agreement are symmetric: 2a/(2a+b+c) and 2d/(2d+b+c). Cohen kappa uses the observed agreement minus agreement expected from the mapped/target marginals, divided by one minus expected agreement; every cell and marginal is WTMEC4YR-weighted in the weighted sensitivity. Attainment difference is mapped minus observed target percentage points. WTMEC4YR changes evaluation weights only; the D7 headline crosswalk fit remains unweighted.",67.27252576748309,0.9306122448979592,scrf,vs,False,7000.0,whole_cohort_subject_grouped_5fold_oof,600
WTMEC4YR_weighted_sensitivity,1.5133973822690103,1.955949790644651,0.7836449798021218,8.78408197287652,72.67914271325702,8646,0.8447978009063652,70.72319292261237,0.9387451959277616,False,47840454.8433335,124132657.45709153,0.7810163079479351,-0.4425524083756404,-0.0026286718541866,0.3899829907329835,-1.7759497658712604,0.001550814858292,-1.3333973574956133,-0.0041373802477353,189343618.90303895,9.174064963609505,daily_steps,7252492.615321,10118013.987293,70.90319294738576,WTMEC4YR,isotonic,9023,0.8463486157646573,"Mapped source is the grouped five-fold OOF isotonic prediction on the target algorithm scale. Positive/negative agreement are symmetric: 2a/(2a+b+c) and 2d/(2d+b+c). Cohen kappa uses the observed agreement minus agreement expected from the mapped/target marginals, divided by one minus expected agreement; every cell and marginal is WTMEC4YR-weighted in the weighted sensitivity. Attainment difference is mapped minus observed target percentage points. WTMEC4YR changes evaluation weights only; the D7 headline crosswalk fit remains unweighted.",69.38979556511676,0.9346078156800264,scrf,vs,False,7000.0,whole_cohort_subject_grouped_5fold_oof,600
unweighted_primary,0.9974509586611946,1.5035854730511278,0.7749551253202749,10.848947490168865,60.24751330094842,8646,0.866076527698458,58.74392782789729,0.9088258164852256,False,3316.0,4725.0,0.7769163693631868,-0.5061345143899332,0.0019612440429118,0.0343507476677764,-1.940963372986552,0.0049505277257605,-1.4348288585966102,-0.0029592520680475,9023.0,10.88329823783664,daily_steps,446.0,536.0,58.30654992796187,subjects,isotonic,9023,0.8710270554242185,"Mapped source is the grouped five-fold OOF isotonic prediction on the target algorithm scale. Positive/negative agreement are symmetric: 2a/(2a+b+c) and 2d/(2d+b+c). Cohen kappa uses the observed agreement minus agreement expected from the mapped/target marginals, divided by one minus expected agreement; every cell and marginal is WTMEC4YR-weighted in the weighted sensitivity. Attainment difference is mapped minus observed target percentage points. WTMEC4YR changes evaluation weights only; the D7 headline crosswalk fit remains unweighted.",57.30909896930068,0.905866564417178,scrf,vs,False,8000.0,whole_cohort_subject_grouped_5fold_oof,600
WTMEC4YR_weighted_sensitivity,1.9827366026876625,2.5453044899210853,0.7724549005956884,10.775459198862814,62.84227782917816,8646,0.8598054356395027,60.29697333925708,0.9124937085728768,False,65884158.639457,103260583.340076,0.7780830307738819,-0.5625678872334228,0.0056281301781934,-0.1076178210925675,-1.9809110253341944,0.0072785292285914,-1.4183431381007807,-0.0015854209881089,189343618.90303895,10.667841377770246,daily_steps,8222345.843331,11976531.080175,60.86136680384397,WTMEC4YR,isotonic,9023,0.8670839648680941,"Mapped source is the grouped five-fold OOF isotonic prediction on the target algorithm scale. Positive/negative agreement are symmetric: 2a/(2a+b+c) and 2d/(2d+b+c). Cohen kappa uses the observed agreement minus agreement expected from the mapped/target marginals, divided by one minus expected agreement; every cell and marginal is WTMEC4YR-weighted in the weighted sensitivity. Attainment difference is mapped minus observed target percentage points. WTMEC4YR changes evaluation weights only; the D7 headline crosswalk fit remains unweighted.",58.8786302011563,0.9109082875847676,scrf,vs,False,8000.0,whole_cohort_subject_grouped_5fold_oof,600
unweighted_primary,-0.6982156710628407,0.1850566736062875,0.7611477608376574,11.40411751098774,39.47490168864214,8646,0.9059339820644916,39.28984501503586,0.8552129221732746,False,5148.0,2860.0,0.759571599928247,-0.8832723446691282,-0.0015761609094104,-0.1550872549753261,-2.502719487600359,0.0043303623789706,-1.6194471429312358,-0.0059181931458061,9023.0,11.249030256012412,daily_steps,539.0,476.0,36.97218220104178,subjects,isotonic,9023,0.9102643444434622,"Mapped source is the grouped five-fold OOF isotonic prediction on the target algorithm scale. Positive/negative agreement are symmetric: 2a/(2a+b+c) and 2d/(2d+b+c). Cohen kappa uses the observed agreement minus agreement expected from the mapped/target marginals, divided by one minus expected agreement; every cell and marginal is WTMEC4YR-weighted in the weighted sensitivity. Attainment difference is mapped minus observed target percentage points. WTMEC4YR changes evaluation weights only; the D7 headline crosswalk fit remains unweighted.",37.67039787210462,0.8492947290274685,scrf,vs,False,10000.0,whole_cohort_subject_grouped_5fold_oof,600
WTMEC4YR_weighted_sensitivity,0.2280973614223969,1.4310414654347792,0.7545862347433464,11.81524571291372,41.05618739337404,8646,0.9009773906983808,39.62514592793926,0.8535566378674047,False,106440016.88528848,60974133.876483,0.7541913804538701,-1.2029441040123825,-0.0003948542894762,-0.2334093308292697,-2.948321776082608,0.0056300167416274,-1.7453776720702263,-0.0059740220093691,189343618.90303895,11.58183638208445,daily_steps,10748790.171264,11180677.9700035,38.10786561729143,WTMEC4YR,isotonic,9023,0.9066074074400082,"Mapped source is the grouped five-fold OOF isotonic prediction on the target algorithm scale. Positive/negative agreement are symmetric: 2a/(2a+b+c) and 2d/(2d+b+c). Cohen kappa uses the observed agreement minus agreement expected from the mapped/target marginals, divided by one minus expected agreement; every cell and marginal is WTMEC4YR-weighted in the weighted sensitivity. Attainment difference is mapped minus observed target percentage points. WTMEC4YR changes evaluation weights only; the D7 headline crosswalk fit remains unweighted.",37.87976825586903,0.8475826158580355,scrf,vs,False,10000.0,whole_cohort_subject_grouped_5fold_oof,600
unweighted_primary,1.5183420148509263,2.105019662271568,0.7775330184871169,10.594494563960213,62.00555170020819,8646,0.8643364928909952,59.900532037936614,0.9130929791271348,False,3153.0,4885.0,0.773370869687603,-0.5866776474206414,-0.0041621487995138,0.3220520391651327,-1.6486859127760738,0.0005654410001033,-1.0620082653554306,-0.0046782882856656,9023.0,10.916546603125346,daily_steps,424.0,561.0,60.35686578743211,subjects,isotonic,9023,0.8649019338910986,"Mapped source is the grouped five-fold OOF isotonic prediction on the target algorithm scale. Positive/negative agreement are symmetric: 2a/(2a+b+c) and 2d/(2d+b+c). Cohen kappa uses the observed agreement minus agreement expected from the mapped/target marginals, divided by one minus expected agreement; every cell and marginal is WTMEC4YR-weighted in the weighted sensitivity. Attainment difference is mapped minus observed target percentage points. WTMEC4YR changes evaluation weights only; the D7 headline crosswalk fit remains unweighted.",58.83852377258118,0.9084146908414692,scrf,vsrev,False,7000.0,whole_cohort_subject_grouped_5fold_oof,600
WTMEC4YR_weighted_sensitivity,1.8474824222319497,2.240729036817213,0.7772859795737074,10.326620036563366,64.644285897903,8646,0.8584466803024422,62.40355686108578,0.9187186510820724,False,61470923.3912235,107427225.829659,0.7706029870110411,-0.3932466145852631,-0.0066829925626662,0.4714569203508389,-1.584856485440973,-0.0010357892017894,-1.1916098708557,-0.0056097540012501,189343618.90303895,10.798076956914205,daily_steps,8473689.8026525,11971779.879504,63.05942941246203,WTMEC4YR,isotonic,9023,0.8574108911006527,"Mapped source is the grouped five-fold OOF isotonic prediction on the target algorithm scale. Positive/negative agreement are symmetric: 2a/(2a+b+c) and 2d/(2d+b+c). Cohen kappa uses the observed agreement minus agreement expected from the mapped/target marginals, divided by one minus expected agreement; every cell and marginal is WTMEC4YR-weighted in the weighted sensitivity. Attainment difference is mapped minus observed target percentage points. WTMEC4YR changes evaluation weights only; the D7 headline crosswalk fit remains unweighted.",61.21194699023008,0.9131088970808222,scrf,vsrev,False,7000.0,whole_cohort_subject_grouped_5fold_oof,600
unweighted_primary,1.8397428793084256,1.7349063150589927,0.7692091226146552,11.519777931991673,53.11126532500579,8646,0.8793896827318963,51.3763590099468,0.8897498339605933,False,3900.0,4093.0,0.7716673736680706,0.1048365642494331,0.0024582510534153,-0.1045058495357267,-1.1219048018981823,0.0039625256486246,-1.226741366147614,-0.001511986738371,9023.0,11.415272082455946,daily_steps,432.0,598.0,51.98936052310761,subjects,isotonic,9023,0.883352208380521,"Mapped source is the grouped five-fold OOF isotonic prediction on the target algorithm scale. Positive/negative agreement are symmetric: 2a/(2a+b+c) and 2d/(2d+b+c). Cohen kappa uses the observed agreement minus agreement expected from the mapped/target marginals, divided by one minus expected agreement; every cell and marginal is WTMEC4YR-weighted in the weighted sensitivity. Attainment difference is mapped minus observed target percentage points. WTMEC4YR changes evaluation weights only; the D7 headline crosswalk fit remains unweighted.",50.14961764379918,0.8882378472222222,scrf,vsrev,False,8000.0,whole_cohort_subject_grouped_5fold_oof,600
WTMEC4YR_weighted_sensitivity,2.4882845316842483,2.3015052195661023,0.7529497615321976,12.259540453956925,55.63857390146525,8646,0.8653158253252731,53.33706868189915,0.8875020127128078,False,77103187.40264249,89350487.160104,0.7573529781991422,0.186779312118146,0.0044032166669445,-0.1704378621160973,-1.1602852122009395,0.0054327907344633,-1.3470645243190873,-0.0010485181426553,189343618.90303895,12.089102591840826,daily_steps,9089268.1796985,13800676.160594,54.47828868926431,WTMEC4YR,isotonic,9023,0.8707486160597364,"Mapped source is the grouped five-fold OOF isotonic prediction on the target algorithm scale. Positive/negative agreement are symmetric: 2a/(2a+b+c) and 2d/(2d+b+c). Cohen kappa uses the observed agreement minus agreement expected from the mapped/target marginals, divided by one minus expected agreement; every cell and marginal is WTMEC4YR-weighted in the weighted sensitivity. Attainment difference is mapped minus observed target percentage points. WTMEC4YR changes evaluation weights only; the D7 headline crosswalk fit remains unweighted.",51.99000415758006,0.8864534945701524,scrf,vsrev,False,8000.0,whole_cohort_subject_grouped_5fold_oof,600
unweighted_primary,-1.385348553696114,-0.3354152209114003,0.7661536035099542,10.559796437659031,34.27018274346519,8646,0.9194672311899093,34.605597964376585,0.8466834592779178,False,5571.0,2501.0,0.7616598088800576,-1.0499333327847138,-0.0044937946298966,-0.0200646411390277,-1.974937259701477,0.0018922329629065,-0.9250039269167588,-0.0064348451337887,9023.0,10.539731796520003,daily_steps,538.0,413.0,32.295245483763715,subjects,isotonic,9023,0.9213594641528156,"Mapped source is the grouped five-fold OOF isotonic prediction on the target algorithm scale. Positive/negative agreement are symmetric: 2a/(2a+b+c) and 2d/(2d+b+c). Cohen kappa uses the observed agreement minus agreement expected from the mapped/target marginals, divided by one minus expected agreement; every cell and marginal is WTMEC4YR-weighted in the weighted sensitivity. Attainment difference is mapped minus observed target percentage points. WTMEC4YR changes evaluation weights only; the D7 headline crosswalk fit remains unweighted.",33.68059403745983,0.840248614144129,scrf,vsrev,False,10000.0,whole_cohort_subject_grouped_5fold_oof,600
WTMEC4YR_weighted_sensitivity,-1.2442340089664827,-0.0750978705582938,0.7472793421070018,11.532904478141749,35.18909826402737,8646,0.9109749304345238,35.26419613458567,0.8363042555130141,False,114866866.5056635,53032811.826145,0.7464951835188128,-1.1691361384081889,-0.0007841585881889,-0.2074947836055223,-2.13974406651122,0.0036514761828531,-0.9706079281030356,-0.0044794092892431,189343618.90303895,11.325409694536225,daily_steps,11899909.135715,9544031.4355155,33.04935419751615,WTMEC4YR,isotonic,9023,0.9146264066173768,"Mapped source is the grouped five-fold OOF isotonic prediction on the target algorithm scale. Positive/negative agreement are symmetric: 2a/(2a+b+c) and 2d/(2d+b+c). Cohen kappa uses the observed agreement minus agreement expected from the mapped/target marginals, divided by one minus expected agreement; every cell and marginal is WTMEC4YR-weighted in the weighted sensitivity. Attainment difference is mapped minus observed target percentage points. WTMEC4YR changes evaluation weights only; the D7 headline crosswalk fit remains unweighted.",34.29358820648263,0.831824846223771,scrf,vsrev,False,10000.0,whole_cohort_subject_grouped_5fold_oof,600
unweighted_primary,3.3026709520115327,3.7242655563266225,0.5772978919441552,7.656719870460328,91.83437427712236,8646,0.6182237600922722,88.11010872079575,0.9574495436431418,False,631.0,7654.0,0.5861524155829048,-0.4215946043150897,0.0088545236387496,0.5223779905615054,-1.265827230685474,0.0127762399077278,-0.844232626370399,-0.0034423144271378,9023.0,8.179097861021834,daily_steps,220.0,518.0,90.56854704643688,subjects,isotonic,9023,0.631,"Mapped source is the grouped five-fold OOF isotonic prediction on the target algorithm scale. Positive/negative agreement are symmetric: 2a/(2a+b+c) and 2d/(2d+b+c). Cohen kappa uses the observed agreement minus agreement expected from the mapped/target marginals, divided by one minus expected agreement; every cell and marginal is WTMEC4YR-weighted in the weighted sensitivity. Attainment difference is mapped minus observed target percentage points. WTMEC4YR changes evaluation weights only; the D7 headline crosswalk fit remains unweighted.",87.26587609442535,0.954007229216004,scssl,acti,False,7000.0,whole_cohort_subject_grouped_5fold_oof,600
WTMEC4YR_weighted_sensitivity,3.8170840190804634,4.196901808674392,0.5300268193919878,7.303232548652791,93.66068769071175,8646,0.5672293495473174,89.46378588203736,0.9601187519823696,False,10572774.4168575,164186053.03882098,0.5511958626963142,-0.3798177895939285,0.0211690433043263,0.3995839137436672,-1.1874624053576923,0.0245799830079254,-0.8076446157637491,-0.0026453538749507,189343618.90303895,7.702816462396458,daily_steps,3678693.214531999,10906098.2328285,92.47322528535406,WTMEC4YR,isotonic,9023,0.5918093325552428,"Mapped source is the grouped five-fold OOF isotonic prediction on the target algorithm scale. Positive/negative agreement are symmetric: 2a/(2a+b+c) and 2d/(2d+b+c). Cohen kappa uses the observed agreement minus agreement expected from the mapped/target marginals, divided by one minus expected agreement; every cell and marginal is WTMEC4YR-weighted in the weighted sensitivity. Attainment difference is mapped minus observed target percentage points. WTMEC4YR changes evaluation weights only; the D7 headline crosswalk fit remains unweighted.",88.65614126627361,0.9574733981074188,scssl,acti,False,7000.0,whole_cohort_subject_grouped_5fold_oof,600
unweighted_primary,3.1475119139975583,3.088133240805002,0.6429767655813061,9.51885264862364,85.73907009021514,8646,0.698865715331138,82.65093684941013,0.9434713922659524,False,1074.0,7007.0,0.6328017360779301,0.059378673192556,-0.010175029503376,0.9211340520302436,-1.2882222569002837,-0.0037200842631768,-1.347600930092824,-0.0064561475481133,9023.0,10.439986700653884,daily_steps,329.0,613.0,84.45084783331485,subjects,isotonic,9023,0.6951456310679611,"Mapped source is the grouped five-fold OOF isotonic prediction on the target algorithm scale. Positive/negative agreement are symmetric: 2a/(2a+b+c) and 2d/(2d+b+c). Cohen kappa uses the observed agreement minus agreement expected from the mapped/target marginals, divided by one minus expected agreement; every cell and marginal is WTMEC4YR-weighted in the weighted sensitivity. Attainment difference is mapped minus observed target percentage points. WTMEC4YR changes evaluation weights only; the D7 headline crosswalk fit remains unweighted.",81.3033359193173,0.937015244717839,scssl,acti,False,8000.0,whole_cohort_subject_grouped_5fold_oof,600
WTMEC4YR_weighted_sensitivity,3.452885690724772,3.2110225091194766,0.62774847578052,8.96025199997721,87.64793721936393,8646,0.6790182886588034,84.43691471024445,0.9479311984785131,False,19379658.466856003,150979724.0577035,0.6129732687248441,0.2418631816052951,-0.0147752070556758,1.0660887283053435,-1.1698438158069564,-0.0077863552140584,-1.411706997412253,-0.0070824991449114,189343618.90303895,10.026340728282554,daily_steps,6223208.827538,12761027.5509415,86.47809340355697,WTMEC4YR,isotonic,9023,0.671231933444745,"Mapped source is the grouped five-fold OOF isotonic prediction on the target algorithm scale. Positive/negative agreement are symmetric: 2a/(2a+b+c) and 2d/(2d+b+c). Cohen kappa uses the observed agreement minus agreement expected from the mapped/target marginals, divided by one minus expected agreement; every cell and marginal is WTMEC4YR-weighted in the weighted sensitivity. Attainment difference is mapped minus observed target percentage points. WTMEC4YR changes evaluation weights only; the D7 headline crosswalk fit remains unweighted.",83.0252077128322,0.9408486993336016,scssl,acti,False,8000.0,whole_cohort_subject_grouped_5fold_oof,600
unweighted_primary,5.652222099080129,4.904001850566731,0.6583321335860473,14.781401804302568,70.96923432801296,8646,0.7652461425422483,66.06523247744622,0.8921336934503714,False,2295.0,5366.0,0.6597808514161838,0.7482202485133982,0.0014487178301365,0.3133560367702461,-1.1255016448698854,0.0059232122964613,-1.8737218933832624,-0.004751520472035,9023.0,15.094757841072814,daily_steps,426.0,936.0,69.84373268314307,subjects,isotonic,9023,0.7711693548387096,"Mapped source is the grouped five-fold OOF isotonic prediction on the target algorithm scale. Positive/negative agreement are symmetric: 2a/(2a+b+c) and 2d/(2d+b+c). Cohen kappa uses the observed agreement minus agreement expected from the mapped/target marginals, divided by one minus expected agreement; every cell and marginal is WTMEC4YR-weighted in the weighted sensitivity. Attainment difference is mapped minus observed target percentage points. WTMEC4YR changes evaluation weights only; the D7 headline crosswalk fit remains unweighted.",64.19151058406295,0.8873821729783363,scssl,acti,False,10000.0,whole_cohort_subject_grouped_5fold_oof,600
WTMEC4YR_weighted_sensitivity,6.339728424911195,5.636744440522912,0.6498272166154844,14.619574968797783,73.32356746039864,8646,0.7521669479112397,67.68682301987572,0.896322711262594,False,44520250.89891449,116582636.365387,0.6528028722188514,0.7029839843882835,0.0029756556033669,0.2954941538639648,-1.1241774883833957,0.0070380773836897,-1.827161472771678,-0.0043566935226867,189343618.90303895,14.915069122661748,daily_steps,8118430.205192999,20122301.4335445,72.19938997201524,WTMEC4YR,isotonic,9023,0.7592050252949295,"Mapped source is the grouped five-fold OOF isotonic prediction on the target algorithm scale. Positive/negative agreement are symmetric: 2a/(2a+b+c) and 2d/(2d+b+c). Cohen kappa uses the observed agreement minus agreement expected from the mapped/target marginals, divided by one minus expected agreement; every cell and marginal is WTMEC4YR-weighted in the weighted sensitivity. Attainment difference is mapped minus observed target percentage points. WTMEC4YR changes evaluation weights only; the D7 headline crosswalk fit remains unweighted.",65.85966154710404,0.8919660177399072,scssl,acti,False,10000.0,whole_cohort_subject_grouped_5fold_oof,600
unweighted_primary,-0.8422919206472349,-0.659264399722415,0.3388978266055812,1.4457552625491557,0.7749248207263475,8646,0.9926904859364948,1.4341892204487623,0.3455497382198952,True,8876.0,25.0,0.2852150446867978,-0.1830275209248199,-0.0536827819187833,-0.0936550741417523,-0.2429509761070412,0.0004839573890058,-0.0599234551822214,-0.0548520638012905,9023.0,1.352100188407403,daily_steps,99.0,23.0,0.5319738446193063,subjects,isotonic,9023,0.9931744433255008,"Mapped source is the grouped five-fold OOF isotonic prediction on the target algorithm scale. Positive/negative agreement are symmetric: 2a/(2a+b+c) and 2d/(2d+b+c). Cohen kappa uses the observed agreement minus agreement expected from the mapped/target marginals, divided by one minus expected agreement; every cell and marginal is WTMEC4YR-weighted in the weighted sensitivity. Attainment difference is mapped minus observed target percentage points. WTMEC4YR changes evaluation weights only; the D7 headline crosswalk fit remains unweighted.",1.374265765266541,0.2906976744186046,scssl,adept,True,7000.0,whole_cohort_subject_grouped_5fold_oof,600
WTMEC4YR_weighted_sensitivity,-0.7656890515219422,-0.666723136270942,0.3038040025953172,1.276142797569945,0.5905748745914701,8646,0.9935597824956364,1.257298010862412,0.3093990351741681,True,186804240.074917,385070.55999,0.2590297808440238,-0.0989659152510001,-0.0447742217512934,-0.1383657335141448,-0.2011595784860433,0.0007070572912353,-0.102193663235043,-0.0460533526977835,189343618.90303895,1.1377770640558005,daily_steps,1802045.813914,352262.45421799994,0.3894152961054267,WTMEC4YR,isotonic,9023,0.9942668397868718,"Mapped source is the grouped five-fold OOF isotonic prediction on the target algorithm scale. Positive/negative agreement are symmetric: 2a/(2a+b+c) and 2d/(2d+b+c). Cohen kappa uses the observed agreement minus agreement expected from the mapped/target marginals, divided by one minus expected agreement; every cell and marginal is WTMEC4YR-weighted in the weighted sensitivity. Attainment difference is mapped minus observed target percentage points. WTMEC4YR changes evaluation weights only; the D7 headline crosswalk fit remains unweighted.",1.155104347627369,0.2633456824763845,scssl,adept,True,7000.0,whole_cohort_subject_grouped_5fold_oof,600
unweighted_primary,-0.5208910561897373,-0.4395095998149433,0.1592167243023168,0.948415452232246,0.3469812630117973,8646,0.9952308944980808,0.7864908628267407,0.1632653061224489,True,8942.0,4.0,0.0911456255306068,-0.0813814563747939,-0.06807109877171,-0.0950407431554424,-0.1364082828499886,0.0004820390802278,-0.0550268264751946,-0.0691476590636254,9023.0,0.8533747090768037,daily_steps,62.0,15.0,0.2105729801618087,subjects,isotonic,9023,0.9957129335783086,"Mapped source is the grouped five-fold OOF isotonic prediction on the target algorithm scale. Positive/negative agreement are symmetric: 2a/(2a+b+c) and 2d/(2d+b+c). Cohen kappa uses the observed agreement minus agreement expected from the mapped/target marginals, divided by one minus expected agreement; every cell and marginal is WTMEC4YR-weighted in the weighted sensitivity. Attainment difference is mapped minus observed target percentage points. WTMEC4YR changes evaluation weights only; the D7 headline crosswalk fit remains unweighted.",0.7314640363515461,0.0941176470588235,scssl,adept,True,8000.0,whole_cohort_subject_grouped_5fold_oof,600
WTMEC4YR_weighted_sensitivity,-0.4057081189957496,-0.3887151799912864,0.1856739799962856,0.7183175537529188,0.2482742415679816,8646,0.996392444040216,0.6369894215592681,0.1885834879798218,True,188057675.8386875,68880.54575949999,0.0994959597431068,-0.0169929390044631,-0.0861780202531787,-0.075537762364625,-0.0933598117024013,0.000382117400032,-0.0763668726979381,-0.0869015490979675,189343618.90303895,0.6427797913882938,daily_steps,992622.476641,224440.04195099996,0.1549144298655803,WTMEC4YR,isotonic,9023,0.996774561440248,"Mapped source is the grouped five-fold OOF isotonic prediction on the target algorithm scale. Positive/negative agreement are symmetric: 2a/(2a+b+c) and 2d/(2d+b+c). Cohen kappa uses the observed agreement minus agreement expected from the mapped/target marginals, divided by one minus expected agreement; every cell and marginal is WTMEC4YR-weighted in the weighted sensitivity. Attainment difference is mapped minus observed target percentage points. WTMEC4YR changes evaluation weights only; the D7 headline crosswalk fit remains unweighted.",0.5606225488613299,0.1016819388818543,scssl,adept,True,8000.0,whole_cohort_subject_grouped_5fold_oof,600
unweighted_primary,-0.1662418264435332,-0.1966227157066851,0.0,0.1966227157066851,0.0,8646,0.999015918958032,0.1966227157066851,0.0,True,9008.0,0.0,0.0,0.0303808892631519,0.0,-0.0303808892631519,0.0,0.0001521804263616,-0.0303808892631519,0.0,9023.0,0.1662418264435332,daily_steps,15.0,0.0,0.0,subjects,isotonic,9023,0.9991680993843935,"Mapped source is the grouped five-fold OOF isotonic prediction on the target algorithm scale. Positive/negative agreement are symmetric: 2a/(2a+b+c) and 2d/(2d+b+c). Cohen kappa uses the observed agreement minus agreement expected from the mapped/target marginals, divided by one minus expected agreement; every cell and marginal is WTMEC4YR-weighted in the weighted sensitivity. Attainment difference is mapped minus observed target percentage points. WTMEC4YR changes evaluation weights only; the D7 headline crosswalk fit remains unweighted.",0.1662418264435332,0.0,scssl,adept,True,10000.0,whole_cohort_subject_grouped_5fold_oof,600
WTMEC4YR_weighted_sensitivity,-0.1372597222727576,-0.1567044574581063,-7.084820959365515e-14,0.1567044574581063,0.0,8646,0.9992158633241476,0.1567044574581063,0.0,True,189083726.3775915,0.0,0.0,0.0194447351853486,7.084820959365515e-14,-0.0194447351853486,0.0,9.736673523208506e-05,-0.0194447351853486,0.0,189343618.90303895,0.1372597222727576,daily_steps,259892.5254475,0.0,0.0,WTMEC4YR,isotonic,9023,0.9993132300593796,"Mapped source is the grouped five-fold OOF isotonic prediction on the target algorithm scale. Positive/negative agreement are symmetric: 2a/(2a+b+c) and 2d/(2d+b+c). Cohen kappa uses the observed agreement minus agreement expected from the mapped/target marginals, divided by one minus expected agreement; every cell and marginal is WTMEC4YR-weighted in the weighted sensitivity. Attainment difference is mapped minus observed target percentage points. WTMEC4YR changes evaluation weights only; the D7 headline crosswalk fit remains unweighted.",0.1372597222727576,0.0,scssl,adept,True,10000.0,whole_cohort_subject_grouped_5fold_oof,600
unweighted_primary,3.867893161919545,3.7473976405274168,0.6612287196353399,10.525098311357851,82.69720101781171,8646,0.7255729794933655,78.94980337728428,0.9348883800801374,False,1309.0,6765.0,0.6691870719420038,0.1204955213921277,0.0079583523066638,-0.0075320916969872,-0.5294076009880371,0.0083771186283053,-0.6499031223801524,-0.0004315805774093,9023.0,10.517566219660866,daily_steps,300.0,649.0,82.16779341682367,subjects,isotonic,9023,0.7339500981216709,"Mapped source is the grouped five-fold OOF isotonic prediction on the target algorithm scale. Positive/negative agreement are symmetric: 2a/(2a+b+c) and 2d/(2d+b+c). Cohen kappa uses the observed agreement minus agreement expected from the mapped/target marginals, divided by one minus expected agreement; every cell and marginal is WTMEC4YR-weighted in the weighted sensitivity. Attainment difference is mapped minus observed target percentage points. WTMEC4YR changes evaluation weights only; the D7 headline crosswalk fit remains unweighted.",78.29990025490413,0.934456799502728,scssl,oak,False,7000.0,whole_cohort_subject_grouped_5fold_oof,600
WTMEC4YR_weighted_sensitivity,3.472849615281637,3.3092245484332983,0.6393532625000194,10.171850478926746,84.70781465519111,8646,0.6998887132661807,81.39859010675782,0.938763044727238,False,23493748.165253498,146706973.842511,0.6500140146907707,0.1636250668483385,0.0106607521907512,-0.0617147340948101,-0.43445345880572,0.0106392911580923,-0.59807852565406,-9.173958481656364e-06,189343618.90303895,10.110135744831936,daily_steps,6283638.877319999,12859258.017954502,84.2733611963854,WTMEC4YR,isotonic,9023,0.7105280044242731,"Mapped source is the grouped five-fold OOF isotonic prediction on the target algorithm scale. Positive/negative agreement are symmetric: 2a/(2a+b+c) and 2d/(2d+b+c). Cohen kappa uses the observed agreement minus agreement expected from the mapped/target marginals, divided by one minus expected agreement; every cell and marginal is WTMEC4YR-weighted in the weighted sensitivity. Attainment difference is mapped minus observed target percentage points. WTMEC4YR changes evaluation weights only; the D7 headline crosswalk fit remains unweighted.",80.80051158110376,0.9387538707687564,scssl,oak,False,7000.0,whole_cohort_subject_grouped_5fold_oof,600
unweighted_primary,4.6769367172780685,5.170020818875775,0.658713167854738,12.780476520934537,77.77006708304418,8646,0.742484269401072,72.60004626416841,0.9150065379586184,False,1755.0,6094.0,0.6624588477412151,-0.4930841015977067,0.0037456798864771,0.2307170953793278,-1.3874892264554577,0.0068752523751876,-0.8944051248577694,-0.0028676365965469,9023.0,13.011193616313864,daily_steps,376.0,798.0,76.38257785658872,subjects,isotonic,9023,0.7493595217762596,"Mapped source is the grouped five-fold OOF isotonic prediction on the target algorithm scale. Positive/negative agreement are symmetric: 2a/(2a+b+c) and 2d/(2d+b+c). Cohen kappa uses the observed agreement minus agreement expected from the mapped/target marginals, divided by one minus expected agreement; every cell and marginal is WTMEC4YR-weighted in the weighted sensitivity. Attainment difference is mapped minus observed target percentage points. WTMEC4YR changes evaluation weights only; the D7 headline crosswalk fit remains unweighted.",71.70564113931064,0.9121389013620717,scssl,oak,False,8000.0,whole_cohort_subject_grouped_5fold_oof,600
WTMEC4YR_weighted_sensitivity,4.303786032148249,4.744889748189863,0.6470895813585812,12.329645623982149,79.91834229488887,8646,0.7254478200478119,75.17345254669901,0.9205009804898076,False,32818723.291210502,132680139.98114748,0.6519689037840899,-0.4411037160416136,0.0048793224255087,0.2637313109393666,-1.3960288578669946,0.008077338688283,-0.9549251418253704,-0.002950290481214,189343618.90303895,12.593376934921514,daily_steps,7847905.703784,15996849.926897,78.52231343702188,WTMEC4YR,isotonic,9023,0.733525158736095,"Mapped source is the grouped five-fold OOF isotonic prediction on the target algorithm scale. Positive/negative agreement are symmetric: 2a/(2a+b+c) and 2d/(2d+b+c). Cohen kappa uses the observed agreement minus agreement expected from the mapped/target marginals, divided by one minus expected agreement; every cell and marginal is WTMEC4YR-weighted in the weighted sensitivity. Attainment difference is mapped minus observed target percentage points. WTMEC4YR changes evaluation weights only; the D7 headline crosswalk fit remains unweighted.",74.21852740487364,0.9175506900085936,scssl,oak,False,8000.0,whole_cohort_subject_grouped_5fold_oof,600
unweighted_primary,0.8644574975063768,0.9252833680314598,0.6769834280682092,15.706685172334028,58.76705991209808,8646,0.8116504854368932,57.841776544066626,0.8653045030747868,False,3195.0,4414.0,0.6807761920324616,-0.060825870525083,0.0037927639642524,-0.0356223329236318,-1.5798716155226629,0.0071603807855568,-1.5190457449975838,-0.0033634759316506,9023.0,15.671062839410396,daily_steps,668.0,746.0,57.18718829657542,subjects,isotonic,9023,0.81881086622245,"Mapped source is the grouped five-fold OOF isotonic prediction on the target algorithm scale. Positive/negative agreement are symmetric: 2a/(2a+b+c) and 2d/(2d+b+c). Cohen kappa uses the observed agreement minus agreement expected from the mapped/target marginals, divided by one minus expected agreement; every cell and marginal is WTMEC4YR-weighted in the weighted sensitivity. Attainment difference is mapped minus observed target percentage points. WTMEC4YR changes evaluation weights only; the D7 headline crosswalk fit remains unweighted.",56.32273079906904,0.8619410271431361,scssl,oak,False,10000.0,whole_cohort_subject_grouped_5fold_oof,600
WTMEC4YR_weighted_sensitivity,1.2137890368927096,1.2196955278521826,0.6761326563742163,15.447594976225378,61.357282705576985,8646,0.8032282100129958,60.1375871777248,0.8728539320955436,False,62665477.946778,97600614.189111,0.6820838376085789,-0.005906490959473,0.0059511812343626,-0.0905806043598467,-1.525061121785228,0.0084561853900446,-1.51915463082576,-0.0025029786505891,189343618.90303895,15.357014371865532,daily_steps,13389647.339424498,15687879.4277255,59.83222158379176,WTMEC4YR,isotonic,9023,0.8116843954030405,"Mapped source is the grouped five-fold OOF isotonic prediction on the target algorithm scale. Positive/negative agreement are symmetric: 2a/(2a+b+c) and 2d/(2d+b+c). Cohen kappa uses the observed agreement minus agreement expected from the mapped/target marginals, divided by one minus expected agreement; every cell and marginal is WTMEC4YR-weighted in the weighted sensitivity. Attainment difference is mapped minus observed target percentage points. WTMEC4YR changes evaluation weights only; the D7 headline crosswalk fit remains unweighted.",58.61843254689904,0.8703509534449545,scssl,oak,False,10000.0,whole_cohort_subject_grouped_5fold_oof,600
unweighted_primary,3.3026709520115327,2.8915105250983064,0.7565165081481925,8.836456164700438,77.66597270414064,8646,0.8142023346303502,74.77446217904233,0.9420333839150228,False,1768.0,6415.0,0.7469710755315035,0.4111604269132263,-0.0095454326166889,0.47308611613742,-0.2637783120315902,-0.0061584589447926,-0.6749387389448032,-0.0034818111278976,9023.0,9.309542280837858,daily_steps,271.0,569.0,77.40219439210905,subjects,isotonic,9023,0.8080438756855576,"Mapped source is the grouped five-fold OOF isotonic prediction on the target algorithm scale. Positive/negative agreement are symmetric: 2a/(2a+b+c) and 2d/(2d+b+c). Cohen kappa uses the observed agreement minus agreement expected from the mapped/target marginals, divided by one minus expected agreement; every cell and marginal is WTMEC4YR-weighted in the weighted sensitivity. Attainment difference is mapped minus observed target percentage points. WTMEC4YR changes evaluation weights only; the D7 headline crosswalk fit remains unweighted.",74.09952344009753,0.9385515727871252,scssl,scrf,False,7000.0,whole_cohort_subject_grouped_5fold_oof,600
WTMEC4YR_weighted_sensitivity,3.144382892120756,2.5971981919825526,0.7480830665682098,8.501610020369235,79.83458976825807,8646,0.80195661745766,77.23739157627551,0.945874433189194,False,33038084.937548,139119138.8885195,0.7357934824320987,0.5471847001382035,-0.012289584136111,0.5752182226636009,-0.2495572860034514,-0.0083686477243871,-0.7967419861416403,-0.0040496523099897,189343618.90303895,9.076828243032836,daily_steps,5616353.358431,11570041.7185405,79.58503248225462,WTMEC4YR,isotonic,9023,0.7935879697332728,"Mapped source is the grouped five-fold OOF isotonic prediction on the target algorithm scale. Positive/negative agreement are symmetric: 2a/(2a+b+c) and 2d/(2d+b+c). Cohen kappa uses the observed agreement minus agreement expected from the mapped/target marginals, divided by one minus expected agreement; every cell and marginal is WTMEC4YR-weighted in the weighted sensitivity. Attainment difference is mapped minus observed target percentage points. WTMEC4YR changes evaluation weights only; the D7 headline crosswalk fit remains unweighted.",76.44064959013387,0.9418247808792042,scssl,scrf,False,7000.0,whole_cohort_subject_grouped_5fold_oof,600
unweighted_primary,3.491078355314192,3.2384917881100983,0.7535762981782982,10.363173721952348,71.61693268563496,8646,0.8272937548188126,68.37844089752487,0.9259748843357568,False,2296.0,5756.0,0.7480281384439142,0.2525865672040939,-0.0055481597343839,0.3982138431590325,-0.6981695248236974,-0.0018398630338045,-0.9507560920278024,-0.0037606730083515,9023.0,10.76138756511138,daily_steps,328.0,643.0,70.91876316081127,subjects,isotonic,9023,0.825453891785008,"Mapped source is the grouped five-fold OOF isotonic prediction on the target algorithm scale. Positive/negative agreement are symmetric: 2a/(2a+b+c) and 2d/(2d+b+c). Cohen kappa uses the observed agreement minus agreement expected from the mapped/target marginals, divided by one minus expected agreement; every cell and marginal is WTMEC4YR-weighted in the weighted sensitivity. Attainment difference is mapped minus observed target percentage points. WTMEC4YR changes evaluation weights only; the D7 headline crosswalk fit remains unweighted.",67.42768480549707,0.9222142113274052,scssl,scrf,False,8000.0,whole_cohort_subject_grouped_5fold_oof,600
WTMEC4YR_weighted_sensitivity,3.4120202400622524,3.120719820605533,0.7549547171449797,9.792802902454444,74.01637992035855,8646,0.8222333354506208,70.89566009975302,0.9324224343188092,False,43965006.6789535,125628822.7537475,0.7440783775005313,0.2913004194567192,-0.0108763396444484,0.6378572828521811,-0.7453927105493818,-0.0056455348752424,-1.0366931300060998,-0.0052978868758707,189343618.90303895,10.430660185306628,daily_steps,6644673.4350499995,13105116.035288,73.27098720980916,WTMEC4YR,isotonic,9023,0.8165878005753784,"Mapped source is the grouped five-fold OOF isotonic prediction on the target algorithm scale. Positive/negative agreement are symmetric: 2a/(2a+b+c) and 2d/(2d+b+c). Cohen kappa uses the observed agreement minus agreement expected from the mapped/target marginals, divided by one minus expected agreement; every cell and marginal is WTMEC4YR-weighted in the weighted sensitivity. Attainment difference is mapped minus observed target percentage points. WTMEC4YR changes evaluation weights only; the D7 headline crosswalk fit remains unweighted.",69.85896696974692,0.9271245474429384,scssl,scrf,False,8000.0,whole_cohort_subject_grouped_5fold_oof,600
unweighted_primary,2.526875761941705,2.590793430488092,0.7421600889988409,12.768910478834142,56.34975711311589,8646,0.8579516212043232,53.7589636826278,0.8840336134453781,False,3584.0,4283.0,0.7423843677273378,-0.0639176685463871,0.0002242787284969,0.0427929457474824,-1.2128846760107166,0.0031728381901986,-1.1489670074643286,-0.0029391884299492,9023.0,12.811703424581625,daily_steps,464.0,692.0,55.136872437105175,subjects,isotonic,9023,0.8611244593945219,"Mapped source is the grouped five-fold OOF isotonic prediction on the target algorithm scale. Positive/negative agreement are symmetric: 2a/(2a+b+c) and 2d/(2d+b+c). Cohen kappa uses the observed agreement minus agreement expected from the mapped/target marginals, divided by one minus expected agreement; every cell and marginal is WTMEC4YR-weighted in the weighted sensitivity. Attainment difference is mapped minus observed target percentage points. WTMEC4YR changes evaluation weights only; the D7 headline crosswalk fit remains unweighted.",52.60999667516347,0.8810944250154289,scssl,scrf,False,10000.0,whole_cohort_subject_grouped_5fold_oof,600
WTMEC4YR_weighted_sensitivity,2.497549958244516,2.6524569980566626,0.7413075617444264,12.641997833378534,58.962797091311536,8646,0.8507911491905764,56.31034009325487,0.8903300617806805,False,70524158.385975,94559167.0467505,0.7397114432444144,-0.1549070398121466,-0.0015961185000119,0.1708413902854868,-1.367093496368419,0.0024512594488799,-1.2121864565562743,-0.0040260478655944,189343618.90303895,12.81283922366402,daily_steps,9765670.997731,14494622.4725825,57.59570359494312,WTMEC4YR,isotonic,9023,0.8532424086394563,"Mapped source is the grouped five-fold OOF isotonic prediction on the target algorithm scale. Positive/negative agreement are symmetric: 2a/(2a+b+c) and 2d/(2d+b+c). Cohen kappa uses the observed agreement minus agreement expected from the mapped/target marginals, divided by one minus expected agreement; every cell and marginal is WTMEC4YR-weighted in the weighted sensitivity. Attainment difference is mapped minus observed target percentage points. WTMEC4YR changes evaluation weights only; the D7 headline crosswalk fit remains unweighted.",55.0981536366986,0.8863040139150861,scssl,scrf,False,10000.0,whole_cohort_subject_grouped_5fold_oof,600
unweighted_primary,3.790313642912557,3.099699282905388,0.679536802200469,13.43974092065695,71.68632893823734,8646,0.7749806351665376,68.58662965533195,0.904188654353562,False,2163.0,5622.0,0.6788562339179781,0.690614360007169,-0.0006805682824908,0.2807511551493231,-0.6234895278416843,0.0025175675653099,-1.314103887848859,-0.0033714776190643,9023.0,13.720492075806272,daily_steps,448.0,790.0,71.06283941039565,subjects,isotonic,9023,0.7774982027318476,"Mapped source is the grouped five-fold OOF isotonic prediction on the target algorithm scale. Positive/negative agreement are symmetric: 2a/(2a+b+c) and 2d/(2d+b+c). Cohen kappa uses the observed agreement minus agreement expected from the mapped/target marginals, divided by one minus expected agreement; every cell and marginal is WTMEC4YR-weighted in the weighted sensitivity. Attainment difference is mapped minus observed target percentage points. WTMEC4YR changes evaluation weights only; the D7 headline crosswalk fit remains unweighted.",67.27252576748309,0.9008171767344976,scssl,vs,False,7000.0,whole_cohort_subject_grouped_5fold_oof,600
WTMEC4YR_weighted_sensitivity,4.069075464784699,3.367425374690769,0.6825291158687264,12.703695650194613,74.09061829730314,8646,0.7698029900050082,70.72319292261237,0.9122756624994652,False,41640527.6871285,122771743.66983353,0.6780839597792395,0.7016500900939304,-0.0044451560894869,0.4635542896325653,-0.6317472674016926,-0.0001956887461262,-1.3333973574956133,-0.0044518812467977,189343618.90303895,13.167249939827178,daily_steps,8613406.402578998,16317941.143498,73.45887102990145,WTMEC4YR,isotonic,9023,0.7696073012588819,"Mapped source is the grouped five-fold OOF isotonic prediction on the target algorithm scale. Positive/negative agreement are symmetric: 2a/(2a+b+c) and 2d/(2d+b+c). Cohen kappa uses the observed agreement minus agreement expected from the mapped/target marginals, divided by one minus expected agreement; every cell and marginal is WTMEC4YR-weighted in the weighted sensitivity. Attainment difference is mapped minus observed target percentage points. WTMEC4YR changes evaluation weights only; the D7 headline crosswalk fit remains unweighted.",69.38979556511676,0.9078237812526674,scssl,vs,False,7000.0,whole_cohort_subject_grouped_5fold_oof,600
unweighted_primary,0.6649673057741334,1.8736988202637028,0.6694263706866184,15.914873930141106,60.61762664816099,8646,0.8026391279403328,58.74392782789729,0.8666666666666667,False,3123.0,4502.0,0.6827285933453199,-1.2087315144895694,0.0133022226587015,-0.4211357056038132,-2.6435603730861814,0.01447233202827,-1.4348288585966102,-0.0010638979683395,9023.0,15.493738224537292,daily_steps,669.0,729.0,57.97406627507481,subjects,isotonic,9023,0.8171114599686028,"Mapped source is the grouped five-fold OOF isotonic prediction on the target algorithm scale. Positive/negative agreement are symmetric: 2a/(2a+b+c) and 2d/(2d+b+c). Cohen kappa uses the observed agreement minus agreement expected from the mapped/target marginals, divided by one minus expected agreement; every cell and marginal is WTMEC4YR-weighted in the weighted sensitivity. Attainment difference is mapped minus observed target percentage points. WTMEC4YR changes evaluation weights only; the D7 headline crosswalk fit remains unweighted.",57.30909896930068,0.8656027686983272,scssl,vs,False,8000.0,whole_cohort_subject_grouped_5fold_oof,600
WTMEC4YR_weighted_sensitivity,1.7395793436924434,2.771689357607665,0.6595468886134874,16.10637592113087,63.06866269686474,8646,0.7898282821434696,60.29697333925708,0.8694419577554411,False,61422620.0009195,98338641.94773152,0.6752821589610511,-1.0321100139152215,0.0157352703475637,-0.4827403712384601,-2.450453152015996,0.0160969076180456,-1.4183431381007807,-0.0001871354781409,189343618.90303895,15.623635549892407,daily_steps,13144287.2356755,16438069.7187125,60.618209544848746,WTMEC4YR,isotonic,9023,0.8059251897615152,"Mapped source is the grouped five-fold OOF isotonic prediction on the target algorithm scale. Positive/negative agreement are symmetric: 2a/(2a+b+c) and 2d/(2d+b+c). Cohen kappa uses the observed agreement minus agreement expected from the mapped/target marginals, divided by one minus expected agreement; every cell and marginal is WTMEC4YR-weighted in the weighted sensitivity. Attainment difference is mapped minus observed target percentage points. WTMEC4YR changes evaluation weights only; the D7 headline crosswalk fit remains unweighted.",58.8786302011563,0.8692548222773001,scssl,vs,False,8000.0,whole_cohort_subject_grouped_5fold_oof,600
unweighted_primary,-2.4049650892164487,-3.0650011566042137,0.6565782203175429,16.157760814249365,36.22484385843164,8646,0.870203474867602,39.28984501503586,0.7860315515392863,False,5010.0,2568.0,0.6546083039218363,0.660036067387765,-0.0019699163957065,-0.1431315335223359,-0.9594110755434642,0.003760764120623,-1.6194471429312358,-0.0056030452332537,9023.0,16.01462928072703,daily_steps,831.0,614.0,35.265432782888176,subjects,isotonic,9023,0.8739642389882251,"Mapped source is the grouped five-fold OOF isotonic prediction on the target algorithm scale. Positive/negative agreement are symmetric: 2a/(2a+b+c) and 2d/(2d+b+c). Cohen kappa uses the observed agreement minus agreement expected from the mapped/target marginals, divided by one minus expected agreement; every cell and marginal is WTMEC4YR-weighted in the weighted sensitivity. Attainment difference is mapped minus observed target percentage points. WTMEC4YR changes evaluation weights only; the D7 headline crosswalk fit remains unweighted.",37.67039787210462,0.7804285063060326,scssl,vs,False,10000.0,whole_cohort_subject_grouped_5fold_oof,600
WTMEC4YR_weighted_sensitivity,-1.2584989226868293,-2.1469035758078014,0.6532991250448325,16.43423576911804,37.47824235213146,8646,0.8662759246237787,39.62514592793926,0.7868545580717901,False,103353227.344826,55072569.13321,0.6507694703164514,0.8884046531209722,-0.002529654728381,-0.1052870545401702,-0.8569730189492546,0.0036118545189012,-1.7453776720702263,-0.0060320251649139,189343618.90303895,16.32894871457787,daily_steps,16650354.914537,14267467.510466,36.621269333182205,WTMEC4YR,isotonic,9023,0.8698877791426799,"Mapped source is the grouped five-fold OOF isotonic prediction on the target algorithm scale. Positive/negative agreement are symmetric: 2a/(2a+b+c) and 2d/(2d+b+c). Cohen kappa uses the observed agreement minus agreement expected from the mapped/target marginals, divided by one minus expected agreement; every cell and marginal is WTMEC4YR-weighted in the weighted sensitivity. Attainment difference is mapped minus observed target percentage points. WTMEC4YR changes evaluation weights only; the D7 headline crosswalk fit remains unweighted.",37.87976825586903,0.7808225329068761,scssl,vs,False,10000.0,whole_cohort_subject_grouped_5fold_oof,600
unweighted_primary,4.200376814806606,2.822114272495957,0.6316855911869732,17.487855655794586,62.72264631043257,8646,0.7739910313901345,59.900532037936614,0.8573853989813243,False,2737.0,4711.0,0.6340213336611835,1.3782625423106487,0.0023357424742103,-0.0324638792235987,0.3162542769552203,0.0025730202483957,-1.0620082653554306,-0.0006062774027119,9023.0,17.455391776570988,daily_steps,598.0,977.0,63.03890058738779,subjects,isotonic,9023,0.7765640516385303,"Mapped source is the grouped five-fold OOF isotonic prediction on the target algorithm scale. Positive/negative agreement are symmetric: 2a/(2a+b+c) and 2d/(2d+b+c). Cohen kappa uses the observed agreement minus agreement expected from the mapped/target marginals, divided by one minus expected agreement; every cell and marginal is WTMEC4YR-weighted in the weighted sensitivity. Attainment difference is mapped minus observed target percentage points. WTMEC4YR changes evaluation weights only; the D7 headline crosswalk fit remains unweighted.",58.83852377258118,0.8567791215786124,scssl,vsrev,False,7000.0,whole_cohort_subject_grouped_5fold_oof,600
WTMEC4YR_weighted_sensitivity,4.1079154923597265,2.7125357000081673,0.627743200575364,17.21692675455438,65.11609256109395,8646,0.7624607687835474,62.40355686108578,0.8649860877710365,False,53332882.003621995,103569170.2199185,0.6320452386924682,1.3953797923515592,0.0043020381171041,-0.0832272576035393,0.2037699214958621,0.0043267432811182,-1.191609870855693,-0.0003963025489361,189343618.90303895,17.13369949695084,daily_steps,12331745.412393,20109821.2671055,65.31986248258981,WTMEC4YR,isotonic,9023,0.7667875120646657,"Mapped source is the grouped five-fold OOF isotonic prediction on the target algorithm scale. Positive/negative agreement are symmetric: 2a/(2a+b+c) and 2d/(2d+b+c). Cohen kappa uses the observed agreement minus agreement expected from the mapped/target marginals, divided by one minus expected agreement; every cell and marginal is WTMEC4YR-weighted in the weighted sensitivity. Attainment difference is mapped minus observed target percentage points. WTMEC4YR changes evaluation weights only; the D7 headline crosswalk fit remains unweighted.",61.21194699023009,0.8645897852221003,scssl,vsrev,False,7000.0,whole_cohort_subject_grouped_5fold_oof,600
unweighted_primary,3.779230854482985,3.735831598427019,0.626754271136453,18.609761739532733,55.112190608373815,8646,0.8009894867037725,51.3763590099468,0.8252416639513414,False,3490.0,3858.0,0.6286392695526992,0.0433992560559648,0.0018849984162462,-0.0460911200048599,-1.183342110091651,0.0054807617075505,-1.226741366147614,-0.0036039256913051,9023.0,18.563670619527873,daily_steps,667.0,1008.0,53.92884849828216,subjects,isotonic,9023,0.806470248411323,"Mapped source is the grouped five-fold OOF isotonic prediction on the target algorithm scale. Positive/negative agreement are symmetric: 2a/(2a+b+c) and 2d/(2d+b+c). Cohen kappa uses the observed agreement minus agreement expected from the mapped/target marginals, divided by one minus expected agreement; every cell and marginal is WTMEC4YR-weighted in the weighted sensitivity. Attainment difference is mapped minus observed target percentage points. WTMEC4YR changes evaluation weights only; the D7 headline crosswalk fit remains unweighted.",50.14961764379918,0.8216377382600362,scssl,vsrev,False,8000.0,whole_cohort_subject_grouped_5fold_oof,600
WTMEC4YR_weighted_sensitivity,4.3334742147300815,4.335920869753362,0.6163367276286745,18.986687407525512,57.672989551652506,8646,0.7866423212484444,53.33706868189915,0.8289642604494465,False,68853606.122768,84594654.801734,0.6189261460553135,-0.0024466550232808,0.0025894184266389,-0.0289014591547598,-1.3495111793423646,0.0065902447659528,-1.3470645243190873,-0.0039912792985464,189343618.90303895,18.957785948370752,daily_steps,13845100.5380685,22050257.440468498,56.32347837231014,WTMEC4YR,isotonic,9023,0.7932325660143972,"Mapped source is the grouped five-fold OOF isotonic prediction on the target algorithm scale. Positive/negative agreement are symmetric: 2a/(2a+b+c) and 2d/(2d+b+c). Cohen kappa uses the observed agreement minus agreement expected from the mapped/target marginals, divided by one minus expected agreement; every cell and marginal is WTMEC4YR-weighted in the weighted sensitivity. Attainment difference is mapped minus observed target percentage points. WTMEC4YR changes evaluation weights only; the D7 headline crosswalk fit remains unweighted.",51.99000415758006,0.8249729811509,scssl,vsrev,False,8000.0,whole_cohort_subject_grouped_5fold_oof,600
unweighted_primary,-0.0110827884295727,-0.3469812630117974,0.61372598350473,17.441591487393012,34.258616701364794,8646,0.8669959428470629,34.605597964376585,0.7467248908296943,False,5201.0,2255.0,0.6112209625397539,0.3358984745822246,-0.002505020964976,-0.0748620182585781,-0.5891054523345431,0.002082509822333,-0.9250039269167588,-0.004582386304435,9023.0,17.366729469134434,daily_steps,784.0,783.0,33.66951124903025,subjects,isotonic,9023,0.869078452669396,"Mapped source is the grouped five-fold OOF isotonic prediction on the target algorithm scale. Positive/negative agreement are symmetric: 2a/(2a+b+c) and 2d/(2d+b+c). Cohen kappa uses the observed agreement minus agreement expected from the mapped/target marginals, divided by one minus expected agreement; every cell and marginal is WTMEC4YR-weighted in the weighted sensitivity. Attainment difference is mapped minus observed target percentage points. WTMEC4YR changes evaluation weights only; the D7 headline crosswalk fit remains unweighted.",33.68059403745983,0.7421425045252592,scssl,vsrev,False,10000.0,whole_cohort_subject_grouped_5fold_oof,600
WTMEC4YR_weighted_sensitivity,0.6240241528395862,0.2898050537632812,0.5985323432170426,18.364147096180925,35.55400118834895,8646,0.8578426162538662,35.26419613458567,0.7406860412947328,False,106731127.919758,48434500.8542545,0.6011953404303104,0.334219099076305,0.0026629972132677,-0.3133723581483139,-0.6363888290267283,0.0041427004084017,-0.9706079281030356,-0.0014931735286295,189343618.90303895,18.05077473803261,daily_steps,16498220.107605498,17679770.021421,34.91761235932222,WTMEC4YR,isotonic,9023,0.8619853166622679,"Mapped source is the grouped five-fold OOF isotonic prediction on the target algorithm scale. Positive/negative agreement are symmetric: 2a/(2a+b+c) and 2d/(2d+b+c). Cohen kappa uses the observed agreement minus agreement expected from the mapped/target marginals, divided by one minus expected agreement; every cell and marginal is WTMEC4YR-weighted in the weighted sensitivity. Attainment difference is mapped minus observed target percentage points. WTMEC4YR changes evaluation weights only; the D7 headline crosswalk fit remains unweighted.",34.29358820648263,0.7391928677661033,scssl,vsrev,False,10000.0,whole_cohort_subject_grouped_5fold_oof,600
unweighted_primary,1.6624182644353391,0.9021512838306768,0.7671355244462389,4.718945176960444,89.01226000462643,8646,0.7937310414560161,88.11010872079575,0.97335771189761,False,828.0,7703.0,0.7401736258773566,0.7602669806046625,-0.0269618985688823,0.7337867303874441,-0.0839656457657298,-0.0227813207856251,-0.844232626370399,-0.0043050008647756,9023.0,5.452731907347888,daily_steps,171.0,321.0,88.9282943588607,subjects,isotonic,9023,0.770949720670391,"Mapped source is the grouped five-fold OOF isotonic prediction on the target algorithm scale. Positive/negative agreement are symmetric: 2a/(2a+b+c) and 2d/(2d+b+c). Cohen kappa uses the observed agreement minus agreement expected from the mapped/target marginals, divided by one minus expected agreement; every cell and marginal is WTMEC4YR-weighted in the weighted sensitivity. Attainment difference is mapped minus observed target percentage points. WTMEC4YR changes evaluation weights only; the D7 headline crosswalk fit remains unweighted.",87.26587609442535,0.9690527110328344,vs,acti,False,7000.0,whole_cohort_subject_grouped_5fold_oof,600
WTMEC4YR_weighted_sensitivity,2.4786140530248413,1.6941337349629104,0.7312628194234875,4.706946083867014,91.15791961700025,8646,0.7571021493334585,89.46378588203734,0.9739403076121874,False,14166153.6263395,165245124.776643,0.7117412666023071,0.7844803180619309,-0.0195215528211804,0.5387234335951803,-0.0231642977017827,-0.0166717803996806,-0.8076446157637207,-0.0031168099662178,189343618.90303895,5.245669517462194,daily_steps,2619621.47671,7312719.0233465005,91.13475531929846,WTMEC4YR,isotonic,9023,0.7404303689337779,"Mapped source is the grouped five-fold OOF isotonic prediction on the target algorithm scale. Positive/negative agreement are symmetric: 2a/(2a+b+c) and 2d/(2d+b+c). Cohen kappa uses the observed agreement minus agreement expected from the mapped/target marginals, divided by one minus expected agreement; every cell and marginal is WTMEC4YR-weighted in the weighted sensitivity. Attainment difference is mapped minus observed target percentage points. WTMEC4YR changes evaluation weights only; the D7 headline crosswalk fit remains unweighted.",88.65614126627362,0.9708234976459696,vs,acti,False,7000.0,whole_cohort_subject_grouped_5fold_oof,600
unweighted_primary,1.7399977834423153,0.7980569049271358,0.7966703068438465,5.7251908396946565,83.44899375433727,8646,0.8311156601842374,82.65093684941013,0.9655316482139128,False,1328.0,7134.0,0.7878922450167236,0.9419408785151796,-0.0087780618271229,0.4922534692934848,-0.4056600515776551,-0.0055017341662082,-1.347600930092824,-0.0033629247666134,9023.0,6.217444308988141,daily_steps,202.0,359.0,83.04333370275961,subjects,isotonic,9023,0.8256139260180292,"Mapped source is the grouped five-fold OOF isotonic prediction on the target algorithm scale. Positive/negative agreement are symmetric: 2a/(2a+b+c) and 2d/(2d+b+c). Cohen kappa uses the observed agreement minus agreement expected from the mapped/target marginals, divided by one minus expected agreement; every cell and marginal is WTMEC4YR-weighted in the weighted sensitivity. Attainment difference is mapped minus observed target percentage points. WTMEC4YR changes evaluation weights only; the D7 headline crosswalk fit remains unweighted.",81.3033359193173,0.9621687234472992,vs,acti,False,8000.0,whole_cohort_subject_grouped_5fold_oof,600
WTMEC4YR_weighted_sensitivity,1.9784543357367237,0.870267890357812,0.7912699198963943,5.360729335660333,85.30718260060223,8646,0.8228203801837931,84.43691471024442,0.9684187584688532,False,24643987.592078,153452311.49715,0.7790112610295329,1.1081864453789114,-0.0122586588668613,0.5794337809909038,-0.3035205520333193,-0.0086181005746613,-1.4117069974122245,-0.0037707972291342,189343618.90303895,5.940163116651237,daily_steps,3750621.388091501,7496698.4257195005,85.00366204856891,WTMEC4YR,isotonic,9023,0.8142022796091317,"Mapped source is the grouped five-fold OOF isotonic prediction on the target algorithm scale. Positive/negative agreement are symmetric: 2a/(2a+b+c) and 2d/(2d+b+c). Cohen kappa uses the observed agreement minus agreement expected from the mapped/target marginals, divided by one minus expected agreement; every cell and marginal is WTMEC4YR-weighted in the weighted sensitivity. Attainment difference is mapped minus observed target percentage points. WTMEC4YR changes evaluation weights only; the D7 headline crosswalk fit remains unweighted.",83.0252077128322,0.9646479612397192,vs,acti,False,8000.0,whole_cohort_subject_grouped_5fold_oof,600
unweighted_primary,0.5319738446193045,1.549849641452694,0.788713272682446,9.368494101318529,67.61508211889891,8646,0.8587373561213812,66.06523247744622,0.9299186710503548,False,2786.0,5395.0,0.7963444340508355,-1.0178757968333896,0.0076311613683895,-0.0367862436215311,-2.891597690216656,0.009987308674378,-1.8737218933832624,-0.0023051909953341,9023.0,9.331707857696998,daily_steps,397.0,445.0,64.72348442868226,subjects,isotonic,9023,0.8687246647957593,"Mapped source is the grouped five-fold OOF isotonic prediction on the target algorithm scale. Positive/negative agreement are symmetric: 2a/(2a+b+c) and 2d/(2d+b+c). Cohen kappa uses the observed agreement minus agreement expected from the mapped/target marginals, divided by one minus expected agreement; every cell and marginal is WTMEC4YR-weighted in the weighted sensitivity. Attainment difference is mapped minus observed target percentage points. WTMEC4YR changes evaluation weights only; the D7 headline crosswalk fit remains unweighted.",64.19151058406295,0.9276134800550206,vs,acti,False,10000.0,whole_cohort_subject_grouped_5fold_oof,600
WTMEC4YR_weighted_sensitivity,0.630700428700226,2.095656750063901,0.7848611305838876,9.251448052659496,69.78247976993963,8646,0.8520494978400357,67.68682301987573,0.9327017169294548,False,55324781.938389495,116577487.1926485,0.7942459243065038,-1.4649563213636752,0.0093847937226161,-0.0399679547046005,-3.2921177941353506,0.0117866691825178,-1.827161472771678,-0.0023011008416191,189343618.90303895,9.211480097954896,daily_steps,8123579.3779315,9317770.3940695,66.49036197580428,WTMEC4YR,isotonic,9023,0.8638361670225535,"Mapped source is the grouped five-fold OOF isotonic prediction on the target algorithm scale. Positive/negative agreement are symmetric: 2a/(2a+b+c) and 2d/(2d+b+c). Cohen kappa uses the observed agreement minus agreement expected from the mapped/target marginals, divided by one minus expected agreement; every cell and marginal is WTMEC4YR-weighted in the weighted sensitivity. Attainment difference is mapped minus observed target percentage points. WTMEC4YR changes evaluation weights only; the D7 headline crosswalk fit remains unweighted.",65.85966154710405,0.9304006160878356,vs,acti,False,10000.0,whole_cohort_subject_grouped_5fold_oof,600
unweighted_primary,-1.0750304776681814,-1.1103400416377516,0.1137381736288805,1.549849641452695,0.3238491788110109,8646,0.9921820303383896,1.4341892204487623,0.1184210526315789,True,8883.0,11.0,0.1414760687045075,0.0353095639695701,0.027737895075627,-0.1201699340383095,-0.0246138912126511,0.0006092521427503,-0.0599234551822214,0.0272743116068316,9023.0,1.4296797074143854,daily_steps,113.0,16.0,0.2992352875983597,subjects,isotonic,9023,0.99279128248114,"Mapped source is the grouped five-fold OOF isotonic prediction on the target algorithm scale. Positive/negative agreement are symmetric: 2a/(2a+b+c) and 2d/(2d+b+c). Cohen kappa uses the observed agreement minus agreement expected from the mapped/target marginals, divided by one minus expected agreement; every cell and marginal is WTMEC4YR-weighted in the weighted sensitivity. Attainment difference is mapped minus observed target percentage points. WTMEC4YR changes evaluation weights only; the D7 headline crosswalk fit remains unweighted.",1.374265765266541,0.1456953642384106,vs,adept,True,7000.0,whole_cohort_subject_grouped_5fold_oof,600
WTMEC4YR_weighted_sensitivity,-0.8467749248529159,-0.9567765136497274,0.0938676840112462,1.4047430459839203,0.3005214972126848,8646,0.992921146892754,1.257298010862412,0.0982632848656028,True,186776353.460487,203653.01857600003,0.1428209559419786,0.1100015887968114,0.0489532719307323,-0.1564240175056581,0.0078079255617681,0.0007912505150128,-0.1021936632350433,0.0487298666348537,189343618.90303895,1.2483190284782624,daily_steps,1983463.3553279997,380149.068648,0.3083294227744529,WTMEC4YR,isotonic,9023,0.993712397407767,"Mapped source is the grouped five-fold OOF isotonic prediction on the target algorithm scale. Positive/negative agreement are symmetric: 2a/(2a+b+c) and 2d/(2d+b+c). Cohen kappa uses the observed agreement minus agreement expected from the mapped/target marginals, divided by one minus expected agreement; every cell and marginal is WTMEC4YR-weighted in the weighted sensitivity. Attainment difference is mapped minus observed target percentage points. WTMEC4YR changes evaluation weights only; the D7 headline crosswalk fit remains unweighted.",1.1551043476273688,0.1469931515004565,vs,adept,True,7000.0,whole_cohort_subject_grouped_5fold_oof,600
unweighted_primary,-0.5652222099080129,-0.6476983576220218,0.0226940734557489,0.9021512838306732,0.1387925052047189,8646,0.9954682779456192,0.7864908628267407,0.025,True,8946.0,4.0,0.096317241587478,0.0824761477140089,0.0736231681317291,-0.0931077284721449,0.0274493212388142,0.0004682653329779,-0.0550268264751946,0.0737654320987654,9023.0,0.8090435553585282,daily_steps,62.0,11.0,0.1662418264435332,subjects,isotonic,9023,0.9959365432785972,"Mapped source is the grouped five-fold OOF isotonic prediction on the target algorithm scale. Positive/negative agreement are symmetric: 2a/(2a+b+c) and 2d/(2d+b+c). Cohen kappa uses the observed agreement minus agreement expected from the mapped/target marginals, divided by one minus expected agreement; every cell and marginal is WTMEC4YR-weighted in the weighted sensitivity. Attainment difference is mapped minus observed target percentage points. WTMEC4YR changes evaluation weights only; the D7 headline crosswalk fit remains unweighted.",0.7314640363515461,0.0987654320987654,vs,adept,True,8000.0,whole_cohort_subject_grouped_5fold_oof,600
WTMEC4YR_weighted_sensitivity,-0.4256000621331561,-0.5078372024477591,0.0112976131994093,0.7558592855874313,0.1291522191115088,8646,0.9962061705183454,0.636989421559268,0.0134209583939895,True,188069005.68894,42546.271005500006,0.0625629213670841,0.082237140314603,0.0512653081676747,-0.105155052600087,0.005870267616665,0.0005289523388368,-0.0763668726979379,0.0511821082606525,189343618.90303895,0.6507042329873443,daily_steps,1018956.751395,213110.1916985,0.1350224867281739,WTMEC4YR,isotonic,9023,0.9967351228571822,"Mapped source is the grouped five-fold OOF isotonic prediction on the target algorithm scale. Positive/negative agreement are symmetric: 2a/(2a+b+c) and 2d/(2d+b+c). Cohen kappa uses the observed agreement minus agreement expected from the mapped/target marginals, divided by one minus expected agreement; every cell and marginal is WTMEC4YR-weighted in the weighted sensitivity. Attainment difference is mapped minus observed target percentage points. WTMEC4YR changes evaluation weights only; the D7 headline crosswalk fit remains unweighted.",0.56062254886133,0.064603066654642,vs,adept,True,8000.0,whole_cohort_subject_grouped_5fold_oof,600
unweighted_primary,-0.1662418264435332,-0.1966227157066851,0.0,0.1966227157066851,0.0,8646,0.999015918958032,0.1966227157066851,0.0,True,9008.0,0.0,0.0,0.0303808892631519,0.0,-0.0303808892631519,0.0,0.0001521804263616,-0.0303808892631519,0.0,9023.0,0.1662418264435332,daily_steps,15.0,0.0,0.0,subjects,isotonic,9023,0.9991680993843935,"Mapped source is the grouped five-fold OOF isotonic prediction on the target algorithm scale. Positive/negative agreement are symmetric: 2a/(2a+b+c) and 2d/(2d+b+c). Cohen kappa uses the observed agreement minus agreement expected from the mapped/target marginals, divided by one minus expected agreement; every cell and marginal is WTMEC4YR-weighted in the weighted sensitivity. Attainment difference is mapped minus observed target percentage points. WTMEC4YR changes evaluation weights only; the D7 headline crosswalk fit remains unweighted.",0.1662418264435332,0.0,vs,adept,True,10000.0,whole_cohort_subject_grouped_5fold_oof,600
WTMEC4YR_weighted_sensitivity,-0.1372597222727576,-0.1567044574581063,-7.084820959365515e-14,0.1567044574581063,0.0,8646,0.9992158633241476,0.1567044574581063,0.0,True,189083726.3775915,0.0,0.0,0.0194447351853486,7.084820959365515e-14,-0.0194447351853486,0.0,9.736673523208506e-05,-0.0194447351853486,0.0,189343618.90303895,0.1372597222727576,daily_steps,259892.5254475,0.0,0.0,WTMEC4YR,isotonic,9023,0.9993132300593796,"Mapped source is the grouped five-fold OOF isotonic prediction on the target algorithm scale. Positive/negative agreement are symmetric: 2a/(2a+b+c) and 2d/(2d+b+c). Cohen kappa uses the observed agreement minus agreement expected from the mapped/target marginals, divided by one minus expected agreement; every cell and marginal is WTMEC4YR-weighted in the weighted sensitivity. Attainment difference is mapped minus observed target percentage points. WTMEC4YR changes evaluation weights only; the D7 headline crosswalk fit remains unweighted.",0.1372597222727576,0.0,vs,adept,True,10000.0,whole_cohort_subject_grouped_5fold_oof,600
unweighted_primary,0.8644574975063768,0.7402266944251723,0.8632221730051257,4.48762433495258,79.69003007170946,8646,0.8914988814317674,78.94980337728428,0.9717118693496646,False,1717.0,6902.0,0.8663170725571339,0.1242308030812044,0.0030948995520081,-0.0101778094067528,-0.5256723192989483,0.0032379606734957,-0.6499031223801524,-0.0001465540343492,9023.0,4.477446525545827,daily_steps,163.0,241.0,79.16435775241051,subjects,isotonic,9023,0.8947368421052632,"Mapped source is the grouped five-fold OOF isotonic prediction on the target algorithm scale. Positive/negative agreement are symmetric: 2a/(2a+b+c) and 2d/(2d+b+c). Cohen kappa uses the observed agreement minus agreement expected from the mapped/target marginals, divided by one minus expected agreement; every cell and marginal is WTMEC4YR-weighted in the weighted sensitivity. Attainment difference is mapped minus observed target percentage points. WTMEC4YR changes evaluation weights only; the D7 headline crosswalk fit remains unweighted.",78.29990025490413,0.9715653153153152,vs,oak,False,7000.0,whole_cohort_subject_grouped_5fold_oof,600
WTMEC4YR_weighted_sensitivity,0.4682005439245906,0.4745142352697962,0.8538792831084406,4.381369673503591,81.8731043420276,8646,0.8807086358123943,81.39859010675781,0.973165160756766,False,31831517.860625494,149355632.250839,0.8598562508320129,-0.0063136913452055,0.0059769677235722,-0.0736096133394568,-0.6043922169992442,0.0057223713784458,-0.5980785256540457,0.0002550854710122,189343618.90303895,4.307760060164134,daily_steps,3634980.468992,4521488.3225825,81.26871212502836,WTMEC4YR,isotonic,9023,0.8864310071908402,"Mapped source is the grouped five-fold OOF isotonic prediction on the target algorithm scale. Positive/negative agreement are symmetric: 2a/(2a+b+c) and 2d/(2d+b+c). Cohen kappa uses the observed agreement minus agreement expected from the mapped/target marginals, divided by one minus expected agreement; every cell and marginal is WTMEC4YR-weighted in the weighted sensitivity. Attainment difference is mapped minus observed target percentage points. WTMEC4YR changes evaluation weights only; the D7 headline crosswalk fit remains unweighted.",80.80051158110376,0.9734202462277782,vs,oak,False,7000.0,whole_cohort_subject_grouped_5fold_oof,600
unweighted_primary,1.1636927851047307,0.8443210733287021,0.8582244825029192,5.586398334489938,73.44436733749711,8646,0.8964630225080386,72.60004626416841,0.9617486338797814,False,2239.0,6261.0,0.8553533713200818,0.3193717117760286,-0.0028711111828373,0.2099000141745861,-0.5750334130817265,-0.0010421066912019,-0.8944051248577694,-0.0018406231477001,9023.0,5.796298348664524,daily_steps,209.0,314.0,72.86933392441539,subjects,isotonic,9023,0.8954209158168366,"Mapped source is the grouped five-fold OOF isotonic prediction on the target algorithm scale. Positive/negative agreement are symmetric: 2a/(2a+b+c) and 2d/(2d+b+c). Cohen kappa uses the observed agreement minus agreement expected from the mapped/target marginals, divided by one minus expected agreement; every cell and marginal is WTMEC4YR-weighted in the weighted sensitivity. Attainment difference is mapped minus observed target percentage points. WTMEC4YR changes evaluation weights only; the D7 headline crosswalk fit remains unweighted.",71.70564113931064,0.9599080107320812,vs,oak,False,8000.0,whole_cohort_subject_grouped_5fold_oof,600
WTMEC4YR_weighted_sensitivity,0.6116248575776195,0.3218855414442556,0.8642448056808135,5.045190610320351,75.49533808814326,8646,0.8977282196149903,75.17345254669901,0.9665146936597656,False,43216232.045756,136086777.15202796,0.8603520902512295,0.2897393161333639,-0.003892715429584,0.257660240120348,-0.6651858256920065,-0.0018050289266418,-0.9549251418253846,-0.0020926730305093,189343618.90303895,5.3028508504406995,daily_steps,4441268.5329035,5599341.1723515,74.83015226245125,WTMEC4YR,isotonic,9023,0.8959231906883485,"Mapped source is the grouped five-fold OOF isotonic prediction on the target algorithm scale. Positive/negative agreement are symmetric: 2a/(2a+b+c) and 2d/(2d+b+c). Cohen kappa uses the observed agreement minus agreement expected from the mapped/target marginals, divided by one minus expected agreement; every cell and marginal is WTMEC4YR-weighted in the weighted sensitivity. Attainment difference is mapped minus observed target percentage points. WTMEC4YR changes evaluation weights only; the D7 headline crosswalk fit remains unweighted.",74.21852740487363,0.9644220206292562,vs,oak,False,8000.0,whole_cohort_subject_grouped_5fold_oof,600
unweighted_primary,1.1636927851047307,0.7633587786259444,0.8549799308696041,7.05528568123988,58.60513532269257,8646,0.9155592469545958,57.841776544066626,0.9394119984108064,False,3565.0,4811.0,0.853820985249115,0.4003340064787863,-0.0011589456204891,0.1152784326911842,-1.1187117385187977,0.001246719356321,-1.5190457449975838,-0.0024171595754768,9023.0,7.170564113931064,daily_steps,271.0,376.0,57.48642358417377,subjects,isotonic,9023,0.9168059663109168,"Mapped source is the grouped five-fold OOF isotonic prediction on the target algorithm scale. Positive/negative agreement are symmetric: 2a/(2a+b+c) and 2d/(2d+b+c). Cohen kappa uses the observed agreement minus agreement expected from the mapped/target marginals, divided by one minus expected agreement; every cell and marginal is WTMEC4YR-weighted in the weighted sensitivity. Attainment difference is mapped minus observed target percentage points. WTMEC4YR changes evaluation weights only; the D7 headline crosswalk fit remains unweighted.",56.32273079906904,0.9369948388353296,vs,oak,False,10000.0,whole_cohort_subject_grouped_5fold_oof,600
WTMEC4YR_weighted_sensitivity,0.4675929200827045,-0.0179582822466994,0.8538307144544651,7.00855817107456,60.11962889547811,8646,0.9121104402686976,60.1375871777248,0.9417202692700928,False,71216740.101322,104739001.611973,0.8540137282266508,0.4855512023294039,0.0001830137721856,0.0621196089882589,-1.033603428496356,0.0019714454638802,-1.51915463082576,-0.0017917219522755,189343618.90303895,7.070677780062819,daily_steps,6251259.9165624995,7136617.2731815,59.08602546698175,WTMEC4YR,isotonic,9023,0.914081885732578,"Mapped source is the grouped five-fold OOF isotonic prediction on the target algorithm scale. Positive/negative agreement are symmetric: 2a/(2a+b+c) and 2d/(2d+b+c). Cohen kappa uses the observed agreement minus agreement expected from the mapped/target marginals, divided by one minus expected agreement; every cell and marginal is WTMEC4YR-weighted in the weighted sensitivity. Attainment difference is mapped minus observed target percentage points. WTMEC4YR changes evaluation weights only; the D7 headline crosswalk fit remains unweighted.",58.61843254689904,0.9399285473178172,vs,oak,False,10000.0,whole_cohort_subject_grouped_5fold_oof,600
unweighted_primary,1.7843289371605953,1.653944020356235,0.7909619780802458,7.714550080962295,76.42840619939857,8646,0.8419056648494904,74.77446217904233,0.948978811290446,False,1897.0,6407.0,0.7876432131730833,0.1303849168043602,-0.0033187649071625,0.2539747998977297,-0.5445538221404433,-0.0012231919932971,-0.6749387389448032,-0.0021081987137814,9023.0,7.968524880860024,daily_steps,279.0,440.0,75.88385237725812,subjects,isotonic,9023,0.8406824728561932,"Mapped source is the grouped five-fold OOF isotonic prediction on the target algorithm scale. Positive/negative agreement are symmetric: 2a/(2a+b+c) and 2d/(2d+b+c). Cohen kappa uses the observed agreement minus agreement expected from the mapped/target marginals, divided by one minus expected agreement; every cell and marginal is WTMEC4YR-weighted in the weighted sensitivity. Attainment difference is mapped minus observed target percentage points. WTMEC4YR changes evaluation weights only; the D7 headline crosswalk fit remains unweighted.",74.09952344009753,0.9468706125766644,vs,scrf,False,7000.0,whole_cohort_subject_grouped_5fold_oof,600
WTMEC4YR_weighted_sensitivity,1.5528318615417036,1.3758916338138527,0.7925667535549432,7.138395335348882,78.61328321008939,8646,0.8383124702176816,77.23739157627554,0.954197212523244,False,36085134.0703105,139152687.703295,0.7883368674130231,0.1769402277278509,-0.0042298861419201,0.3114449133773984,-0.6198017584138142,-0.001808534685627,-0.7967419861416687,-0.0024368095505968,189343618.90303895,7.44984024872628,daily_steps,5582804.5436555,8522992.585778,77.99348145167558,WTMEC4YR,isotonic,9023,0.8365039355320546,"Mapped source is the grouped five-fold OOF isotonic prediction on the target algorithm scale. Positive/negative agreement are symmetric: 2a/(2a+b+c) and 2d/(2d+b+c). Cohen kappa uses the observed agreement minus agreement expected from the mapped/target marginals, divided by one minus expected agreement; every cell and marginal is WTMEC4YR-weighted in the weighted sensitivity. Attainment difference is mapped minus observed target percentage points. WTMEC4YR changes evaluation weights only; the D7 headline crosswalk fit remains unweighted.",76.44064959013387,0.9517604029726472,vs,scrf,False,7000.0,whole_cohort_subject_grouped_5fold_oof,600
unweighted_primary,1.2523550925412796,1.665510062456621,0.7927294279012604,8.836456164700438,70.04395095998149,8646,0.8564988730277987,68.37844089752487,0.936163101604278,False,2469.0,5727.0,0.7892463522168202,-0.4131549699153414,-0.0034830756844402,0.3290098665530259,-1.363911061943142,4.926227142076911e-05,-0.9507560920278024,-0.0035028947807295,9023.0,9.165466031253464,daily_steps,357.0,470.0,68.68003989803834,subjects,isotonic,9023,0.8565481352992195,"Mapped source is the grouped five-fold OOF isotonic prediction on the target algorithm scale. Positive/negative agreement are symmetric: 2a/(2a+b+c) and 2d/(2d+b+c). Cohen kappa uses the observed agreement minus agreement expected from the mapped/target marginals, divided by one minus expected agreement; every cell and marginal is WTMEC4YR-weighted in the weighted sensitivity. Attainment difference is mapped minus observed target percentage points. WTMEC4YR changes evaluation weights only; the D7 headline crosswalk fit remains unweighted.",67.42768480549707,0.9326602068235486,vs,scrf,False,8000.0,whole_cohort_subject_grouped_5fold_oof,600
WTMEC4YR_weighted_sensitivity,0.7889857885657103,1.1091147027891823,0.7960242675169903,8.323008267351442,72.00477480254219,8646,0.854236923641893,70.89566009975302,0.9417565924621426,False,47962598.8388365,124659866.5580935,0.7887245440547563,-0.320128914223472,-0.0072997234622339,0.5081071422846968,-1.3568220442295456,-0.0026762945614935,-1.0366931300060855,-0.0046084109115691,189343618.90303895,8.831115409636139,daily_steps,7613629.630704001,9107523.875405,70.64795275831264,WTMEC4YR,isotonic,9023,0.8515606290803994,"Mapped source is the grouped five-fold OOF isotonic prediction on the target algorithm scale. Positive/negative agreement are symmetric: 2a/(2a+b+c) and 2d/(2d+b+c). Cohen kappa uses the observed agreement minus agreement expected from the mapped/target marginals, divided by one minus expected agreement; every cell and marginal is WTMEC4YR-weighted in the weighted sensitivity. Attainment difference is mapped minus observed target percentage points. WTMEC4YR changes evaluation weights only; the D7 headline crosswalk fit remains unweighted.",69.85896696974693,0.9371481815505734,vs,scrf,False,8000.0,whole_cohort_subject_grouped_5fold_oof,600
unweighted_primary,2.238723262772913,2.359472588480227,0.7768039625836637,11.057136247975944,56.11843627110803,8646,0.8773100616016427,53.7589636826278,0.8993684210526316,False,3686.0,4359.0,0.7821177257899654,-0.1207493257073144,0.0053137632063017,-0.2181691638575795,-1.269716333171644,0.0055641898953632,-1.1489670074643286,-0.0002347576862949,9023.0,10.838967084118364,daily_steps,388.0,590.0,54.84871993793639,subjects,isotonic,9023,0.8828742514970059,"Mapped source is the grouped five-fold OOF isotonic prediction on the target algorithm scale. Positive/negative agreement are symmetric: 2a/(2a+b+c) and 2d/(2d+b+c). Cohen kappa uses the observed agreement minus agreement expected from the mapped/target marginals, divided by one minus expected agreement; every cell and marginal is WTMEC4YR-weighted in the weighted sensitivity. Attainment difference is mapped minus observed target percentage points. WTMEC4YR changes evaluation weights only; the D7 headline crosswalk fit remains unweighted.",52.60999667516347,0.8991336633663366,vs,scrf,False,10000.0,whole_cohort_subject_grouped_5fold_oof,600
WTMEC4YR_weighted_sensitivity,1.1251354682250692,1.3564622554817385,0.7709211741268912,11.232284024998076,57.66680234873661,8646,0.8694267507049075,56.31034009325487,0.9014514332931732,False,73782694.13578549,95219123.5348085,0.7823715872499368,-0.2313267872566693,0.0114504131230456,-0.4889585565745324,-1.4435132438129443,0.009424171089847,-1.2121864565562743,0.0020413242220264,189343618.90303895,10.743325468423544,daily_steps,9105714.509673,11236086.722772,56.223289104923666,WTMEC4YR,isotonic,9023,0.8788509217947545,"Mapped source is the grouped five-fold OOF isotonic prediction on the target algorithm scale. Positive/negative agreement are symmetric: 2a/(2a+b+c) and 2d/(2d+b+c). Cohen kappa uses the observed agreement minus agreement expected from the mapped/target marginals, divided by one minus expected agreement; every cell and marginal is WTMEC4YR-weighted in the weighted sensitivity. Attainment difference is mapped minus observed target percentage points. WTMEC4YR changes evaluation weights only; the D7 headline crosswalk fit remains unweighted.",55.0981536366986,0.9034927575151998,vs,scrf,False,10000.0,whole_cohort_subject_grouped_5fold_oof,600
unweighted_primary,4.688019505707642,4.256303492944713,0.6868683545116189,14.411288457089984,66.38908165625723,8646,0.7983818770226537,62.13277816331251,0.8878689704823615,False,2643.0,5049.0,0.6831429882995789,0.4317160127629282,-0.00372536621204,0.3399029426661926,-0.7124774226320483,0.0004695662295753,-1.1441934353949748,-0.0043271033023807,9023.0,14.751191399756175,daily_steps,454.0,877.0,65.67660423362518,subjects,isotonic,9023,0.7988514432522291,"Mapped source is the grouped five-fold OOF isotonic prediction on the target algorithm scale. Positive/negative agreement are symmetric: 2a/(2a+b+c) and 2d/(2d+b+c). Cohen kappa uses the observed agreement minus agreement expected from the mapped/target marginals, divided by one minus expected agreement; every cell and marginal is WTMEC4YR-weighted in the weighted sensitivity. Attainment difference is mapped minus observed target percentage points. WTMEC4YR changes evaluation weights only; the D7 headline crosswalk fit remains unweighted.",60.98858472791754,0.8835418671799807,vs,scssl,False,7000.0,whole_cohort_subject_grouped_5fold_oof,600
WTMEC4YR_weighted_sensitivity,4.011798555283697,3.736397132330471,0.6957120351776432,13.580415016494175,68.36010798075763,8646,0.7973561790714464,64.62371084842717,0.89787919209977,False,51798767.9757035,110942244.1179715,0.6891751686129565,0.2754014229532258,-0.0065368665646867,0.4694943300610603,-0.7361814136524885,-0.0016770518852611,-1.011582836605719,-0.0049374954877728,189343618.90303895,14.049909346555236,daily_steps,9503261.120845,17099345.688519,67.62392656710514,WTMEC4YR,isotonic,9023,0.7956791271861853,"Mapped source is the grouped five-fold OOF isotonic prediction on the target algorithm scale. Positive/negative agreement are symmetric: 2a/(2a+b+c) and 2d/(2d+b+c). Cohen kappa uses the observed agreement minus agreement expected from the mapped/target marginals, divided by one minus expected agreement; every cell and marginal is WTMEC4YR-weighted in the weighted sensitivity. Attainment difference is mapped minus observed target percentage points. WTMEC4YR changes evaluation weights only; the D7 headline crosswalk fit remains unweighted.",63.61212801182145,0.8929416966119971,vs,scssl,False,7000.0,whole_cohort_subject_grouped_5fold_oof,600
unweighted_primary,3.081015183420155,2.4520009252833708,0.6667771212940374,16.56257228776313,55.26254915567893,8646,0.8198288877705083,52.81054823039556,0.8467465753424658,False,3498.0,4045.0,0.6710527968779028,0.6290142581367841,0.0042756755838653,-0.1600454120011853,-0.690898928481765,0.0055604468212802,-1.3199131866185496,-0.0013965230958618,9023.0,16.402526875761943,daily_steps,601.0,879.0,54.57165022719717,subjects,isotonic,9023,0.8253893345917885,"Mapped source is the grouped five-fold OOF isotonic prediction on the target algorithm scale. Positive/negative agreement are symmetric: 2a/(2a+b+c) and 2d/(2d+b+c). Cohen kappa uses the observed agreement minus agreement expected from the mapped/target marginals, divided by one minus expected agreement; every cell and marginal is WTMEC4YR-weighted in the weighted sensitivity. Attainment difference is mapped minus observed target percentage points. WTMEC4YR changes evaluation weights only; the D7 headline crosswalk fit remains unweighted.",51.49063504377701,0.845350052246604,vs,scssl,False,8000.0,whole_cohort_subject_grouped_5fold_oof,600
WTMEC4YR_weighted_sensitivity,1.8733480694154925,1.4008080426529013,0.6521714070599263,17.135911795383176,56.801304965591584,8646,0.8048261562996178,55.40049692293868,0.8472759660989465,False,69113886.75882801,87912170.2446205,0.6553597548237775,0.4725400267625912,0.0031883477638512,-0.0677042229167348,-0.9005651771234966,0.0056784123505643,-1.3731052038860838,-0.0025429331473104,189343618.90303895,17.06820757246644,daily_steps,14385248.4351545,17932313.464436002,55.90073978846809,WTMEC4YR,isotonic,9023,0.8105045686501822,"Mapped source is the grouped five-fold OOF isotonic prediction on the target algorithm scale. Positive/negative agreement are symmetric: 2a/(2a+b+c) and 2d/(2d+b+c). Cohen kappa uses the observed agreement minus agreement expected from the mapped/target marginals, divided by one minus expected agreement; every cell and marginal is WTMEC4YR-weighted in the weighted sensitivity. Attainment difference is mapped minus observed target percentage points. WTMEC4YR changes evaluation weights only; the D7 headline crosswalk fit remains unweighted.",54.027391719052595,0.844733032951636,vs,scssl,False,8000.0,whole_cohort_subject_grouped_5fold_oof,600
unweighted_primary,-2.6931175883852356,-1.1797362942401135,0.652308252126169,15.706685172334028,33.865371269951424,8646,0.880183518616552,35.04510756419153,0.7720711648204095,False,5378.0,2228.0,0.6426163977571377,-1.513381294145122,-0.0096918543690313,-0.0023739676349254,-2.6673218407150294,0.0034113224250975,-1.153940546569899,-0.013344789884261,9023.0,15.704311204699104,daily_steps,830.0,587.0,31.198049429236395,subjects,isotonic,9023,0.8835948410416495,"Mapped source is the grouped five-fold OOF isotonic prediction on the target algorithm scale. Positive/negative agreement are symmetric: 2a/(2a+b+c) and 2d/(2d+b+c). Cohen kappa uses the observed agreement minus agreement expected from the mapped/target marginals, divided by one minus expected agreement; every cell and marginal is WTMEC4YR-weighted in the weighted sensitivity. Attainment difference is mapped minus observed target percentage points. WTMEC4YR changes evaluation weights only; the D7 headline crosswalk fit remains unweighted.",33.89116701762163,0.7587263749361485,vs,scssl,False,10000.0,whole_cohort_subject_grouped_5fold_oof,600
WTMEC4YR_weighted_sensitivity,-4.094453181996871,-2.3811040632461533,0.6405154175409704,16.39193665991059,33.926728284453375,8646,0.8736802592449577,36.30783234769952,0.766611529817039,False,111294691.1220155,47117971.3996,0.6315742963201729,-1.7133491187507173,-0.0089411212207974,-0.0560513733496854,-2.92111160938953,0.0043139224087666,-1.2077624906388067,-0.0137292309337554,189343618.90303895,16.335885286560906,daily_steps,19341771.1052535,11589185.27617,31.005616675063845,WTMEC4YR,isotonic,9023,0.8779941816537243,"Mapped source is the grouped five-fold OOF isotonic prediction on the target algorithm scale. Positive/negative agreement are symmetric: 2a/(2a+b+c) and 2d/(2d+b+c). Cohen kappa uses the observed agreement minus agreement expected from the mapped/target marginals, divided by one minus expected agreement; every cell and marginal is WTMEC4YR-weighted in the weighted sensitivity. Attainment difference is mapped minus observed target percentage points. WTMEC4YR changes evaluation weights only; the D7 headline crosswalk fit remains unweighted.",35.10006985706072,0.7528822988832835,vs,scssl,False,10000.0,whole_cohort_subject_grouped_5fold_oof,600
unweighted_primary,1.4185969189848158,1.4920194309507306,0.8766945272415183,5.887115429100162,61.39255146888735,8646,0.9252020573108009,59.900532037936614,0.9514637169829312,False,3385.0,5108.0,0.8781020421251593,-0.0734225119659148,0.0014075148836409,-0.0132375614286557,-1.1354307773213463,0.0021952029631717,-1.0620082653554306,-0.0007843944443122,9023.0,5.873877867671506,daily_steps,201.0,329.0,60.257120691566,subjects,isotonic,9023,0.9273972602739726,"Mapped source is the grouped five-fold OOF isotonic prediction on the target algorithm scale. Positive/negative agreement are symmetric: 2a/(2a+b+c) and 2d/(2d+b+c). Cohen kappa uses the observed agreement minus agreement expected from the mapped/target marginals, divided by one minus expected agreement; every cell and marginal is WTMEC4YR-weighted in the weighted sensitivity. Attainment difference is mapped minus observed target percentage points. WTMEC4YR changes evaluation weights only; the D7 headline crosswalk fit remains unweighted.",58.83852377258118,0.950679322538619,vs,vsrev,False,7000.0,whole_cohort_subject_grouped_5fold_oof,600
WTMEC4YR_weighted_sensitivity,0.6936909573404315,0.556109209555411,0.8769358741088762,5.757565085684593,62.9596660706412,8646,0.9228588731743074,62.40355686108578,0.9540729334246602,False,67375628.0808675,111147300.005083,0.8792561200324677,0.1375817477850205,0.0023202459235914,-0.0427219450611584,-1.0540281230706867,0.0028088736570063,-1.1916098708557,-0.0004906985514743,189343618.90303895,5.714843140623435,daily_steps,4753615.6272285,6067075.189859999,61.90563794757051,WTMEC4YR,isotonic,9023,0.9256677468313136,"Mapped source is the grouped five-fold OOF isotonic prediction on the target algorithm scale. Positive/negative agreement are symmetric: 2a/(2a+b+c) and 2d/(2d+b+c). Cohen kappa uses the observed agreement minus agreement expected from the mapped/target marginals, divided by one minus expected agreement; every cell and marginal is WTMEC4YR-weighted in the weighted sensitivity. Attainment difference is mapped minus observed target percentage points. WTMEC4YR changes evaluation weights only; the D7 headline crosswalk fit remains unweighted.",61.21194699023008,0.9535822348731858,vs,vsrev,False,7000.0,whole_cohort_subject_grouped_5fold_oof,600
unweighted_primary,0.93095422808378,0.8674531575294964,0.8612674370218486,6.928059218135554,52.24381216747629,8646,0.9281171246849874,51.3763590099468,0.9331398593593035,False,4140.0,4251.0,0.8599044944074178,0.0635010705542837,-0.0013629426144308,0.0762630693519774,-1.163240295593333,0.0009672559254254,-1.226741366147614,-0.0023318891381518,9023.0,7.004322287487532,daily_steps,274.0,358.0,51.08057187188296,subjects,isotonic,9023,0.9290843806104128,"Mapped source is the grouped five-fold OOF isotonic prediction on the target algorithm scale. Positive/negative agreement are symmetric: 2a/(2a+b+c) and 2d/(2d+b+c). Cohen kappa uses the observed agreement minus agreement expected from the mapped/target marginals, divided by one minus expected agreement; every cell and marginal is WTMEC4YR-weighted in the weighted sensitivity. Attainment difference is mapped minus observed target percentage points. WTMEC4YR changes evaluation weights only; the D7 headline crosswalk fit remains unweighted.",50.14961764379918,0.9308079702211516,vs,vsrev,False,8000.0,whole_cohort_subject_grouped_5fold_oof,600
WTMEC4YR_weighted_sensitivity,0.2399177937227548,0.2166068889310257,0.8552807479818433,7.201638495511162,53.55367557083017,8646,0.922653892594107,53.33706868189915,0.9326261731466308,False,83667176.31507951,91657337.1246725,0.851655587783054,0.023310904791729,-0.0036251601987893,0.2024163886759025,-1.3237536195273591,4.344325672978045e-05,-1.3470645243190873,-0.0036687766162565,189343618.90303895,7.404054884187064,daily_steps,6782418.215129999,7236687.248157,52.22992195130281,WTMEC4YR,isotonic,9023,0.9226973358508368,"Mapped source is the grouped five-fold OOF isotonic prediction on the target algorithm scale. Positive/negative agreement are symmetric: 2a/(2a+b+c) and 2d/(2d+b+c). Cohen kappa uses the observed agreement minus agreement expected from the mapped/target marginals, divided by one minus expected agreement; every cell and marginal is WTMEC4YR-weighted in the weighted sensitivity. Attainment difference is mapped minus observed target percentage points. WTMEC4YR changes evaluation weights only; the D7 headline crosswalk fit remains unweighted.",51.99000415758006,0.9289573965303742,vs,vsrev,False,8000.0,whole_cohort_subject_grouped_5fold_oof,600
unweighted_primary,-0.3768148066053411,0.0346981263011803,0.8643374845847654,6.141568355308814,34.64029609067777,8646,0.953029632905794,34.605597964376585,0.9113078336395524,False,5712.0,2733.0,0.856211619420257,-0.4115129329065214,-0.0081258651645084,0.2642833569819984,-1.3365168598232842,-0.0011882731324227,-0.9250039269167588,-0.006939865406594,9023.0,6.405851712290812,daily_steps,306.0,272.0,33.30377923085449,subjects,isotonic,9023,0.9518413597733713,"Mapped source is the grouped five-fold OOF isotonic prediction on the target algorithm scale. Positive/negative agreement are symmetric: 2a/(2a+b+c) and 2d/(2d+b+c). Cohen kappa uses the observed agreement minus agreement expected from the mapped/target marginals, divided by one minus expected agreement; every cell and marginal is WTMEC4YR-weighted in the weighted sensitivity. Attainment difference is mapped minus observed target percentage points. WTMEC4YR changes evaluation weights only; the D7 headline crosswalk fit remains unweighted.",33.68059403745983,0.9043679682329584,vs,vsrev,False,10000.0,whole_cohort_subject_grouped_5fold_oof,600
WTMEC4YR_weighted_sensitivity,-1.1561201128412413,-0.5758438862131121,0.8551250613296424,6.589985913308187,34.68835224837255,8646,0.949326297198702,35.26419613458567,0.905793483359162,False,119005646.6594615,57338430.019623,0.8464178684520911,-0.5802762266281292,-0.0087071928775512,0.275596512583566,-1.5508841547311576,-0.0011150663800781,-0.9706079281030356,-0.0076098095833014,189343618.90303895,6.865582425891753,daily_steps,7594290.942237,5405251.2817175,33.137468093641395,WTMEC4YR,isotonic,9023,0.9482112308186236,"Mapped source is the grouped five-fold OOF isotonic prediction on the target algorithm scale. Positive/negative agreement are symmetric: 2a/(2a+b+c) and 2d/(2d+b+c). Cohen kappa uses the observed agreement minus agreement expected from the mapped/target marginals, divided by one minus expected agreement; every cell and marginal is WTMEC4YR-weighted in the weighted sensitivity. Attainment difference is mapped minus observed target percentage points. WTMEC4YR changes evaluation weights only; the D7 headline crosswalk fit remains unweighted.",34.29358820648263,0.8981836737758604,vs,vsrev,False,10000.0,whole_cohort_subject_grouped_5fold_oof,600
unweighted_primary,1.496176437991803,1.1450381679389277,0.7240919806654118,5.5401341660883645,89.25514688873467,8646,0.7552376085845682,88.11010872079575,0.9687642647538312,False,796.0,7656.0,0.7002234359989193,0.3511382700528753,-0.0238685446664924,0.7881380271954663,-0.4930943563175134,-0.0192228143173467,-0.844232626370399,-0.0047146519602783,9023.0,6.328272193283831,daily_steps,218.0,353.0,88.76205253241716,subjects,isotonic,9023,0.7360147942672215,"Mapped source is the grouped five-fold OOF isotonic prediction on the target algorithm scale. Positive/negative agreement are symmetric: 2a/(2a+b+c) and 2d/(2d+b+c). Cohen kappa uses the observed agreement minus agreement expected from the mapped/target marginals, divided by one minus expected agreement; every cell and marginal is WTMEC4YR-weighted in the weighted sensitivity. Attainment difference is mapped minus observed target percentage points. WTMEC4YR changes evaluation weights only; the D7 headline crosswalk fit remains unweighted.",87.26587609442535,0.9640496127935528,vsrev,acti,False,7000.0,whole_cohort_subject_grouped_5fold_oof,600
WTMEC4YR_weighted_sensitivity,2.490340606513197,2.028582211352526,0.680976990418832,5.503491905633353,91.49236809338989,8646,0.7110094306301329,89.46378588203736,0.9695865999319332,False,13221067.244172502,164322241.87522352,0.6573579175871411,0.4617583951606718,-0.0236190728316908,0.7287275121680059,-0.3458862206030488,-0.0195752142321643,-0.8076446157637207,-0.004248048741728,189343618.90303895,6.232219417801359,daily_steps,3542504.3781295,8257805.405513499,91.14648187278684,WTMEC4YR,isotonic,9023,0.6914342163979685,"Mapped source is the grouped five-fold OOF isotonic prediction on the target algorithm scale. Positive/negative agreement are symmetric: 2a/(2a+b+c) and 2d/(2d+b+c). Cohen kappa uses the observed agreement minus agreement expected from the mapped/target marginals, divided by one minus expected agreement; every cell and marginal is WTMEC4YR-weighted in the weighted sensitivity. Attainment difference is mapped minus observed target percentage points. WTMEC4YR changes evaluation weights only; the D7 headline crosswalk fit remains unweighted.",88.65614126627364,0.9653385511902052,vsrev,acti,False,7000.0,whole_cohort_subject_grouped_5fold_oof,600
unweighted_primary,1.8619084561675712,0.8558871154290992,0.7548540460802555,6.893361091834374,83.50682396483923,8646,0.7963089542036911,82.65093684941013,0.9585131560629264,False,1258.0,7075.0,0.7384377492371431,1.0060213407384722,-0.0164162968431124,0.7537629245681527,-0.3415795893543532,-0.0115304139666355,-1.347600930092824,-0.0050091129362416,9023.0,7.647124016402527,daily_steps,261.0,429.0,83.16524437548487,subjects,isotonic,9023,0.7847785402370555,"Mapped source is the grouped five-fold OOF isotonic prediction on the target algorithm scale. Positive/negative agreement are symmetric: 2a/(2a+b+c) and 2d/(2d+b+c). Cohen kappa uses the observed agreement minus agreement expected from the mapped/target marginals, divided by one minus expected agreement; every cell and marginal is WTMEC4YR-weighted in the weighted sensitivity. Attainment difference is mapped minus observed target percentage points. WTMEC4YR changes evaluation weights only; the D7 headline crosswalk fit remains unweighted.",81.3033359193173,0.9535040431266848,vsrev,acti,False,8000.0,whole_cohort_subject_grouped_5fold_oof,600
WTMEC4YR_weighted_sensitivity,2.476829363441102,1.3535748102984524,0.7419685660756444,6.541024420265621,85.7904895205429,8646,0.7803004994603265,84.43691471024445,0.9615747860937974,False,22814448.5523335,152566413.77057,0.7222567040375272,1.1232545531426497,-0.0197118620381172,0.8332703465866436,-0.288452444269609,-0.0146077508413431,-1.411706997412253,-0.0053320716061812,189343618.90303895,7.374294766852264,daily_steps,4636519.1146714995,9326237.465464,85.5020370762733,WTMEC4YR,isotonic,9023,0.7656927486189834,"Mapped source is the grouped five-fold OOF isotonic prediction on the target algorithm scale. Positive/negative agreement are symmetric: 2a/(2a+b+c) and 2d/(2d+b+c). Cohen kappa uses the observed agreement minus agreement expected from the mapped/target marginals, divided by one minus expected agreement; every cell and marginal is WTMEC4YR-weighted in the weighted sensitivity. Attainment difference is mapped minus observed target percentage points. WTMEC4YR changes evaluation weights only; the D7 headline crosswalk fit remains unweighted.",83.0252077128322,0.9562427144876162,vsrev,acti,False,8000.0,whole_cohort_subject_grouped_5fold_oof,600
unweighted_primary,1.0196165355203402,1.191302336340494,0.7541376079753774,10.929909784871615,67.25653481378671,8646,0.8360797918473547,66.06523247744622,0.9180185651080072,False,2679.0,5332.0,0.7544847195757658,-0.1716858008201538,0.0003471116003883,0.2858721058520892,-2.045407694203419,0.0050505064258007,-1.8737218933832624,-0.0046920834362018,9023.0,11.215781890723706,daily_steps,460.0,552.0,65.2111271195833,subjects,isotonic,9023,0.8411302982731554,"Mapped source is the grouped five-fold OOF isotonic prediction on the target algorithm scale. Positive/negative agreement are symmetric: 2a/(2a+b+c) and 2d/(2d+b+c). Cohen kappa uses the observed agreement minus agreement expected from the mapped/target marginals, divided by one minus expected agreement; every cell and marginal is WTMEC4YR-weighted in the weighted sensitivity. Attainment difference is mapped minus observed target percentage points. WTMEC4YR changes evaluation weights only; the D7 headline crosswalk fit remains unweighted.",64.19151058406295,0.9133264816718054,vsrev,acti,False,10000.0,whole_cohort_subject_grouped_5fold_oof,600
WTMEC4YR_weighted_sensitivity,1.8425259559027072,2.2051183300882737,0.7515145255748759,10.675804457027876,69.89194134996399,8646,0.8289715935730434,67.68682301987572,0.9224022362322636,False,52294798.148320496,115842017.7105755,0.7476586380637517,-0.3625923741855663,-0.0038558875111242,0.5243633474138445,-2.189753846957231,0.0024480404127155,-1.827161472771664,-0.0062597740254065,189343618.90303895,11.20016780444172,daily_steps,8859048.8600045,12347754.1841385,67.70218750300675,WTMEC4YR,isotonic,9023,0.8314196339857589,"Mapped source is the grouped five-fold OOF isotonic prediction on the target algorithm scale. Positive/negative agreement are symmetric: 2a/(2a+b+c) and 2d/(2d+b+c). Cohen kappa uses the observed agreement minus agreement expected from the mapped/target marginals, divided by one minus expected agreement; every cell and marginal is WTMEC4YR-weighted in the weighted sensitivity. Attainment difference is mapped minus observed target percentage points. WTMEC4YR changes evaluation weights only; the D7 headline crosswalk fit remains unweighted.",65.85966154710405,0.9161424622068572,vsrev,acti,False,10000.0,whole_cohort_subject_grouped_5fold_oof,600
unweighted_primary,-1.2745206694004212,-1.4226231783483692,-0.0002295229439581,1.4457552625491557,0.0115660421003932,8646,0.9927185879885828,1.4341892204487623,0.0,True,8893.0,3.0,0.043333469691365,0.1481025089479479,0.0435629926353232,-0.0382411319939079,0.0881790537657266,0.0001915889778661,-0.0599234551822214,0.0451127819548872,9023.0,1.4075141305552477,daily_steps,121.0,6.0,0.0997450958661199,subjects,isotonic,9023,0.9929101769664488,"Mapped source is the grouped five-fold OOF isotonic prediction on the target algorithm scale. Positive/negative agreement are symmetric: 2a/(2a+b+c) and 2d/(2d+b+c). Cohen kappa uses the observed agreement minus agreement expected from the mapped/target marginals, divided by one minus expected agreement; every cell and marginal is WTMEC4YR-weighted in the weighted sensitivity. Attainment difference is mapped minus observed target percentage points. WTMEC4YR changes evaluation weights only; the D7 headline crosswalk fit remains unweighted.",1.374265765266541,0.0451127819548872,vsrev,adept,True,7000.0,whole_cohort_subject_grouped_5fold_oof,600
WTMEC4YR_weighted_sensitivity,-1.0935341903469695,-1.2486185274401698,-0.0001724292724039,1.2659774942846544,0.0086794834222422,8646,0.993629789814936,1.257298010862412,0.0,True,187075893.6912705,35970.3260945,0.0300944634990094,0.1550843370932002,0.0302668927714133,-0.0872977486435513,0.0528906738581565,0.0004407402825685,-0.1021936632350437,0.0312283680749475,189343618.90303895,1.1786797456411031,daily_steps,2151146.0478094993,80608.8378645,0.0615701572803987,WTMEC4YR,isotonic,9023,0.9940705300975046,"Mapped source is the grouped five-fold OOF isotonic prediction on the target algorithm scale. Positive/negative agreement are symmetric: 2a/(2a+b+c) and 2d/(2d+b+c). Cohen kappa uses the observed agreement minus agreement expected from the mapped/target marginals, divided by one minus expected agreement; every cell and marginal is WTMEC4YR-weighted in the weighted sensitivity. Attainment difference is mapped minus observed target percentage points. WTMEC4YR changes evaluation weights only; the D7 headline crosswalk fit remains unweighted.",1.1551043476273684,0.0312283680749475,vsrev,adept,True,7000.0,whole_cohort_subject_grouped_5fold_oof,600
unweighted_primary,-0.7314640363515461,-0.7864908628267407,0.0,0.7864908628267407,0.0,8646,0.9960520204366,0.7864908628267407,0.0,True,8957.0,0.0,0.0,0.0550268264751946,0.0,-0.0550268264751946,0.0,0.0002772342908748,-0.0550268264751946,0.0,9023.0,0.7314640363515461,daily_steps,66.0,0.0,0.0,subjects,isotonic,9023,0.996329254727475,"Mapped source is the grouped five-fold OOF isotonic prediction on the target algorithm scale. Positive/negative agreement are symmetric: 2a/(2a+b+c) and 2d/(2d+b+c). Cohen kappa uses the observed agreement minus agreement expected from the mapped/target marginals, divided by one minus expected agreement; every cell and marginal is WTMEC4YR-weighted in the weighted sensitivity. Attainment difference is mapped minus observed target percentage points. WTMEC4YR changes evaluation weights only; the D7 headline crosswalk fit remains unweighted.",0.7314640363515461,0.0,vsrev,adept,True,8000.0,whole_cohort_subject_grouped_5fold_oof,600
WTMEC4YR_weighted_sensitivity,-0.5606225488613299,-0.636989421559268,-1.742922232377863e-14,0.636989421559268,0.0,8646,0.99680487659315,0.636989421559268,0.0,True,188282115.8806385,0.0,3.9606791659739784e-14,0.076366872697938,5.703601398351841e-14,-0.076366872697938,0.0,0.0003841311342801,-0.076366872697938,0.0,189343618.90303895,0.5606225488613299,daily_steps,1061503.0224005,0.0,0.0,WTMEC4YR,isotonic,9023,0.99718900772743,"Mapped source is the grouped five-fold OOF isotonic prediction on the target algorithm scale. Positive/negative agreement are symmetric: 2a/(2a+b+c) and 2d/(2d+b+c). Cohen kappa uses the observed agreement minus agreement expected from the mapped/target marginals, divided by one minus expected agreement; every cell and marginal is WTMEC4YR-weighted in the weighted sensitivity. Attainment difference is mapped minus observed target percentage points. WTMEC4YR changes evaluation weights only; the D7 headline crosswalk fit remains unweighted.",0.5606225488613299,0.0,vsrev,adept,True,8000.0,whole_cohort_subject_grouped_5fold_oof,600
unweighted_primary,-0.1662418264435332,-0.1966227157066851,0.0,0.1966227157066851,0.0,8646,0.999015918958032,0.1966227157066851,0.0,True,9008.0,0.0,0.0,0.0303808892631519,0.0,-0.0303808892631519,0.0,0.0001521804263616,-0.0303808892631519,0.0,9023.0,0.1662418264435332,daily_steps,15.0,0.0,0.0,subjects,isotonic,9023,0.9991680993843935,"Mapped source is the grouped five-fold OOF isotonic prediction on the target algorithm scale. Positive/negative agreement are symmetric: 2a/(2a+b+c) and 2d/(2d+b+c). Cohen kappa uses the observed agreement minus agreement expected from the mapped/target marginals, divided by one minus expected agreement; every cell and marginal is WTMEC4YR-weighted in the weighted sensitivity. Attainment difference is mapped minus observed target percentage points. WTMEC4YR changes evaluation weights only; the D7 headline crosswalk fit remains unweighted.",0.1662418264435332,0.0,vsrev,adept,True,10000.0,whole_cohort_subject_grouped_5fold_oof,600
WTMEC4YR_weighted_sensitivity,-0.1372597222727576,-0.1567044574581063,-7.084820959365515e-14,0.1567044574581063,0.0,8646,0.9992158633241476,0.1567044574581063,0.0,True,189083726.3775915,0.0,0.0,0.0194447351853486,7.084820959365515e-14,-0.0194447351853486,0.0,9.736673523208506e-05,-0.0194447351853486,0.0,189343618.90303895,0.1372597222727576,daily_steps,259892.5254475,0.0,0.0,WTMEC4YR,isotonic,9023,0.9993132300593796,"Mapped source is the grouped five-fold OOF isotonic prediction on the target algorithm scale. Positive/negative agreement are symmetric: 2a/(2a+b+c) and 2d/(2d+b+c). Cohen kappa uses the observed agreement minus agreement expected from the mapped/target marginals, divided by one minus expected agreement; every cell and marginal is WTMEC4YR-weighted in the weighted sensitivity. Attainment difference is mapped minus observed target percentage points. WTMEC4YR changes evaluation weights only; the D7 headline crosswalk fit remains unweighted.",0.1372597222727576,0.0,vsrev,adept,True,10000.0,whole_cohort_subject_grouped_5fold_oof,600
unweighted_primary,0.1773246148731089,-0.1040943789035298,0.8739138445137562,4.198473282442748,78.84570899838076,8646,0.9005206906001644,78.94980337728428,0.9733929487649344,False,1757.0,6880.0,0.8737393613619776,0.2814189937766387,-0.0001744831517785,0.0794830513708388,-0.3684841286035123,0.0005049504254766,-0.6499031223801524,-0.0006798143099647,9023.0,4.277956333813587,daily_steps,185.0,201.0,78.47722486977725,subjects,isotonic,9023,0.901025641025641,"Mapped source is the grouped five-fold OOF isotonic prediction on the target algorithm scale. Positive/negative agreement are symmetric: 2a/(2a+b+c) and 2d/(2d+b+c). Cohen kappa uses the observed agreement minus agreement expected from the mapped/target marginals, divided by one minus expected agreement; every cell and marginal is WTMEC4YR-weighted in the weighted sensitivity. Attainment difference is mapped minus observed target percentage points. WTMEC4YR changes evaluation weights only; the D7 headline crosswalk fit remains unweighted.",78.29990025490413,0.9727131344549697,vsrev,oak,False,7000.0,whole_cohort_subject_grouped_5fold_oof,600
WTMEC4YR_weighted_sensitivity,0.0777983068103393,-0.1286454612054677,0.8622830573882798,4.181548625748048,81.26994464555236,8646,0.8879886284129495,81.39859010675782,0.9742940536587784,False,32408531.885603,149193444.551786,0.8680163858827286,0.2064437680158071,0.0057333284944487,-0.092875075247031,-0.3916347576382293,0.0053164914388478,-0.5980785256540315,0.0004170834378977,189343618.90303895,4.088673550501017,daily_steps,3797168.168045,3944474.297605,80.87830988791413,WTMEC4YR,isotonic,9023,0.8933051198517973,"Mapped source is the grouped five-fold OOF isotonic prediction on the target algorithm scale. Positive/negative agreement are symmetric: 2a/(2a+b+c) and 2d/(2d+b+c). Cohen kappa uses the observed agreement minus agreement expected from the mapped/target marginals, divided by one minus expected agreement; every cell and marginal is WTMEC4YR-weighted in the weighted sensitivity. Attainment difference is mapped minus observed target percentage points. WTMEC4YR changes evaluation weights only; the D7 headline crosswalk fit remains unweighted.",80.80051158110379,0.974711137096676,vsrev,oak,False,7000.0,whole_cohort_subject_grouped_5fold_oof,600
unweighted_primary,0.9309542280837912,-0.3007170946102255,0.8725207537797188,5.089058524173027,72.29932916955818,8646,0.9076406381192276,72.60004626416841,0.9648786717752236,False,2271.0,6272.0,0.8675797981043202,1.2316713226940168,-0.0049409556753986,0.2306799220200348,0.3372661978362572,-0.0032200885373876,-0.8944051248577694,-0.0017337086302603,9023.0,5.319738446193062,daily_steps,198.0,282.0,72.63659536739443,subjects,isotonic,9023,0.90442054958184,"Mapped source is the grouped five-fold OOF isotonic prediction on the target algorithm scale. Positive/negative agreement are symmetric: 2a/(2a+b+c) and 2d/(2d+b+c). Cohen kappa uses the observed agreement minus agreement expected from the mapped/target marginals, divided by one minus expected agreement; every cell and marginal is WTMEC4YR-weighted in the weighted sensitivity. Attainment difference is mapped minus observed target percentage points. WTMEC4YR changes evaluation weights only; the D7 headline crosswalk fit remains unweighted.",71.70564113931064,0.9631449631449632,vsrev,oak,False,8000.0,whole_cohort_subject_grouped_5fold_oof,600
WTMEC4YR_weighted_sensitivity,1.1780073059125429,-0.2660127340667451,0.873580791521955,4.73564773661012,74.90743981263225,8646,0.905133565874242,75.173452546699,0.9684460315889396,False,42836153.889507495,136779108.0202885,0.8637103624384974,1.444020039979288,-0.0098704290834575,0.4022898657258729,0.4890948981539367,-0.0071072472575604,-0.954925141825356,-0.0027870767329377,189343618.90303895,5.137937602335993,daily_steps,3748937.664643,5979419.3286,75.39653471078618,WTMEC4YR,isotonic,9023,0.8980263186166816,"Mapped source is the grouped five-fold OOF isotonic prediction on the target algorithm scale. Positive/negative agreement are symmetric: 2a/(2a+b+c) and 2d/(2d+b+c). Cohen kappa uses the observed agreement minus agreement expected from the mapped/target marginals, divided by one minus expected agreement; every cell and marginal is WTMEC4YR-weighted in the weighted sensitivity. Attainment difference is mapped minus observed target percentage points. WTMEC4YR changes evaluation weights only; the D7 headline crosswalk fit remains unweighted.",74.21852740487364,0.9656589548560016,vsrev,oak,False,8000.0,whole_cohort_subject_grouped_5fold_oof,600
unweighted_primary,1.0528649008090474,1.3879250520471895,0.8604045729154526,6.777700670830441,59.22970159611381,8646,0.9182705718270572,57.841776544066626,0.9421063031021536,False,3573.0,4809.0,0.8552179513486169,-0.3350601512381423,-0.0051866215668356,0.3263667125232103,-1.8541058962357224,-0.0005872534759592,-1.5190457449975838,-0.004588026467004,9023.0,7.104067383353652,daily_steps,273.0,368.0,57.37559569987809,subjects,isotonic,9023,0.917683318351098,"Mapped source is the grouped five-fold OOF isotonic prediction on the target algorithm scale. Positive/negative agreement are symmetric: 2a/(2a+b+c) and 2d/(2d+b+c). Cohen kappa uses the observed agreement minus agreement expected from the mapped/target marginals, divided by one minus expected agreement; every cell and marginal is WTMEC4YR-weighted in the weighted sensitivity. Attainment difference is mapped minus observed target percentage points. WTMEC4YR changes evaluation weights only; the D7 headline crosswalk fit remains unweighted.",56.32273079906904,0.9375182766351496,vsrev,oak,False,10000.0,whole_cohort_subject_grouped_5fold_oof,600
WTMEC4YR_weighted_sensitivity,1.0453709234587882,1.5616199526306662,0.8578143944218997,6.772011096612007,61.69920713035547,8646,0.9133606274632098,60.1375871777248,0.944417356554145,False,70531453.3071315,105147700.5986005,0.8506907011440565,-0.516249029171878,-0.0071236932778431,0.4447438574086195,-2.0354036599976197,-0.0016737995605843,-1.5191546308257458,-0.0054303640607644,189343618.90303895,7.216754954020627,daily_steps,5842560.929935001,7821904.067372,59.66380347035785,WTMEC4YR,isotonic,9023,0.9116868279026256,"Mapped source is the grouped five-fold OOF isotonic prediction on the target algorithm scale. Positive/negative agreement are symmetric: 2a/(2a+b+c) and 2d/(2d+b+c). Cohen kappa uses the observed agreement minus agreement expected from the mapped/target marginals, divided by one minus expected agreement; every cell and marginal is WTMEC4YR-weighted in the weighted sensitivity. Attainment difference is mapped minus observed target percentage points. WTMEC4YR changes evaluation weights only; the D7 headline crosswalk fit remains unweighted.",58.61843254689906,0.9389869924933806,vsrev,oak,False,10000.0,whole_cohort_subject_grouped_5fold_oof,600
unweighted_primary,2.216557685913778,2.960906777700667,0.7779774558577514,8.0499653018737,77.735368956743,8646,0.8304919629810034,74.77446217904233,0.9472167450326104,False,1866.0,6415.0,0.7796266718419052,-0.7443490917868889,0.0016492159841537,0.1734637128664093,-1.4192878307317045,0.0036609203448795,-0.6749387389448032,-0.0018881272901994,9023.0,8.223429014740109,daily_steps,271.0,471.0,76.3160811260113,subjects,isotonic,9023,0.8341528833258829,"Mapped source is the grouped five-fold OOF isotonic prediction on the target algorithm scale. Positive/negative agreement are symmetric: 2a/(2a+b+c) and 2d/(2d+b+c). Cohen kappa uses the observed agreement minus agreement expected from the mapped/target marginals, divided by one minus expected agreement; every cell and marginal is WTMEC4YR-weighted in the weighted sensitivity. Attainment difference is mapped minus observed target percentage points. WTMEC4YR changes evaluation weights only; the D7 headline crosswalk fit remains unweighted.",74.09952344009753,0.9453286177424108,vsrev,scrf,False,7000.0,whole_cohort_subject_grouped_5fold_oof,600
WTMEC4YR_weighted_sensitivity,2.5334687343490536,3.1429188713662293,0.7728234263697303,7.599145387212045,80.38031044764176,8646,0.8207000150982747,77.23739157627554,0.9517874877654356,False,34850498.880424,139774825.8566795,0.7758434737299137,-0.6094501370171757,0.0030200473601833,0.1741792440619542,-1.4061921231588457,0.0049524651582452,-0.7967419861416687,-0.0018041286263903,189343618.90303895,7.773324631273999,daily_steps,4960666.390271,9757627.7756645,78.97411832448292,WTMEC4YR,isotonic,9023,0.8256524802565199,"Mapped source is the grouped five-fold OOF isotonic prediction on the target algorithm scale. Positive/negative agreement are symmetric: 2a/(2a+b+c) and 2d/(2d+b+c). Cohen kappa uses the observed agreement minus agreement expected from the mapped/target marginals, divided by one minus expected agreement; every cell and marginal is WTMEC4YR-weighted in the weighted sensitivity. Attainment difference is mapped minus observed target percentage points. WTMEC4YR changes evaluation weights only; the D7 headline crosswalk fit remains unweighted.",76.44064959013387,0.9499833591390452,vsrev,scrf,False,7000.0,whole_cohort_subject_grouped_5fold_oof,600
unweighted_primary,1.9284051867449747,1.538283599352297,0.7937695362564523,8.80175803839926,69.91672449687717,8646,0.857357075913777,68.37844089752487,0.9363552730618048,False,2431.0,5750.0,0.7842547458119694,0.3901215873926777,-0.0095147904444828,0.5299498192977374,-0.560634504635118,-0.0049727841886717,-0.9507560920278024,-0.0045776033162205,9023.0,9.331707857696998,daily_steps,334.0,508.0,69.35608999224205,subjects,isotonic,9023,0.8523842917251052,"Mapped source is the grouped five-fold OOF isotonic prediction on the target algorithm scale. Positive/negative agreement are symmetric: 2a/(2a+b+c) and 2d/(2d+b+c). Cohen kappa uses the observed agreement minus agreement expected from the mapped/target marginals, divided by one minus expected agreement; every cell and marginal is WTMEC4YR-weighted in the weighted sensitivity. Attainment difference is mapped minus observed target percentage points. WTMEC4YR changes evaluation weights only; the D7 headline crosswalk fit remains unweighted.",67.42768480549707,0.9317776697455842,vsrev,scrf,False,8000.0,whole_cohort_subject_grouped_5fold_oof,600
WTMEC4YR_weighted_sensitivity,2.090725726676423,1.7808477501164988,0.7933201579625174,8.375326093536732,72.67650784986951,8646,0.8515745548037458,70.89566009975302,0.9416646957892596,False,46485878.157525,125647907.384307,0.7798265801611552,0.3098779765599246,-0.0134935778013621,0.7138808524971818,-0.7268151534461538,-0.0077697359748842,-1.0366931300060855,-0.005759561134089,189343618.90303895,9.089206946033912,daily_steps,6625588.8044905,10584244.5567165,71.94969269642336,WTMEC4YR,isotonic,9023,0.8438048188288615,"Mapped source is the grouped five-fold OOF isotonic prediction on the target algorithm scale. Positive/negative agreement are symmetric: 2a/(2a+b+c) and 2d/(2d+b+c). Cohen kappa uses the observed agreement minus agreement expected from the mapped/target marginals, divided by one minus expected agreement; every cell and marginal is WTMEC4YR-weighted in the weighted sensitivity. Attainment difference is mapped minus observed target percentage points. WTMEC4YR changes evaluation weights only; the D7 headline crosswalk fit remains unweighted.",69.85896696974693,0.9359051346551708,vsrev,scrf,False,8000.0,whole_cohort_subject_grouped_5fold_oof,600
unweighted_primary,2.1500609553363637,2.0471894517696043,0.7664085728942216,11.577608142493638,55.806153134397405,8646,0.8719785138764548,53.7589636826278,0.8943312572574686,False,3661.0,4326.0,0.7692177527844115,0.1028715035667593,0.0028091798901899,-0.0958393294602792,-1.0460955038975683,0.0040683872960746,-1.1489670074643286,-0.0012676734424397,9023.0,11.48176881303336,daily_steps,421.0,615.0,54.76005763049984,subjects,isotonic,9023,0.8760469011725294,"Mapped source is the grouped five-fold OOF isotonic prediction on the target algorithm scale. Positive/negative agreement are symmetric: 2a/(2a+b+c) and 2d/(2d+b+c). Cohen kappa uses the observed agreement minus agreement expected from the mapped/target marginals, divided by one minus expected agreement; every cell and marginal is WTMEC4YR-weighted in the weighted sensitivity. Attainment difference is mapped minus observed target percentage points. WTMEC4YR changes evaluation weights only; the D7 headline crosswalk fit remains unweighted.",52.60999667516347,0.8930635838150289,vsrev,scrf,False,10000.0,whole_cohort_subject_grouped_5fold_oof,600
WTMEC4YR_weighted_sensitivity,1.6857276058759083,1.6604977690198974,0.761724016451027,11.674099743948071,57.97083786227477,8646,0.863809377386315,56.31034009325487,0.8978475725154773,False,72464740.6234915,94962615.4632285,0.7652552738662257,0.0252298368560111,0.0035312574151986,-0.0992376264440721,-1.1869566197002754,0.0048341835306247,-1.2121864565562817,-0.0013035217212091,189343618.90303895,11.574862117504,daily_steps,9362222.581253,12554040.235066,56.783881242574495,WTMEC4YR,isotonic,9023,0.8686435609169397,"Mapped source is the grouped five-fold OOF isotonic prediction on the target algorithm scale. Positive/negative agreement are symmetric: 2a/(2a+b+c) and 2d/(2d+b+c). Cohen kappa uses the observed agreement minus agreement expected from the mapped/target marginals, divided by one minus expected agreement; every cell and marginal is WTMEC4YR-weighted in the weighted sensitivity. Attainment difference is mapped minus observed target percentage points. WTMEC4YR changes evaluation weights only; the D7 headline crosswalk fit remains unweighted.",55.09815363669859,0.8965440507942681,vsrev,scrf,False,10000.0,whole_cohort_subject_grouped_5fold_oof,600
unweighted_primary,4.222542391665751,5.852417302798973,0.6330154878304878,16.747628961369422,67.98519546611149,8646,0.7603442568685865,62.13277816331251,0.8712888888888889,False,2572.0,4936.0,0.6401308369590717,-1.6298749111332222,0.0071153491285839,0.0427955094274317,-2.774068346528196,0.0121441047472716,-1.1441934353949748,-0.0043353453743547,9023.0,16.790424470796854,daily_steps,567.0,948.0,65.2111271195833,subjects,isotonic,9023,0.7724883616158582,"Mapped source is the grouped five-fold OOF isotonic prediction on the target algorithm scale. Positive/negative agreement are symmetric: 2a/(2a+b+c) and 2d/(2d+b+c). Cohen kappa uses the observed agreement minus agreement expected from the mapped/target marginals, divided by one minus expected agreement; every cell and marginal is WTMEC4YR-weighted in the weighted sensitivity. Attainment difference is mapped minus observed target percentage points. WTMEC4YR changes evaluation weights only; the D7 headline crosswalk fit remains unweighted.",60.98858472791754,0.8669535435145341,vsrev,scssl,False,7000.0,whole_cohort_subject_grouped_5fold_oof,600
WTMEC4YR_weighted_sensitivity,4.054805024392227,6.158019438827711,0.6252045170988522,16.461722114705047,70.78173028725487,8646,0.745153114997144,64.62371084842717,0.8784264356244762,False,49367122.5541195,108592028.70136,0.6332089054125526,-2.1032144144354845,0.0080043883137004,0.1136807583282291,-3.114797251041196,0.0136481597552385,-1.011582836605719,-0.0046872630611405,189343618.90303895,16.575402873033276,daily_steps,11853476.5374565,19530991.110103,67.66693303621368,WTMEC4YR,isotonic,9023,0.7588012747523826,"Mapped source is the grouped five-fold OOF isotonic prediction on the target algorithm scale. Positive/negative agreement are symmetric: 2a/(2a+b+c) and 2d/(2d+b+c). Cohen kappa uses the observed agreement minus agreement expected from the mapped/target marginals, divided by one minus expected agreement; every cell and marginal is WTMEC4YR-weighted in the weighted sensitivity. Attainment difference is mapped minus observed target percentage points. WTMEC4YR changes evaluation weights only; the D7 headline crosswalk fit remains unweighted.",63.61212801182145,0.8737391725633357,vsrev,scssl,False,7000.0,whole_cohort_subject_grouped_5fold_oof,600
unweighted_primary,3.901141527208252,2.960906777700667,0.6279351962441898,18.482535276428404,55.771455008096225,8646,0.7978238866396761,52.81054823039556,0.8297827013208351,False,3376.0,3997.0,0.63308840933039,0.9402347495075848,0.0051532130862002,-0.1959343676397544,-0.3796784371109609,0.0057942995064795,-1.3199131866185496,-0.0008735349998064,9023.0,18.28660090878865,daily_steps,649.0,1001.0,55.391776570985265,subjects,isotonic,9023,0.8036181861461557,"Mapped source is the grouped five-fold OOF isotonic prediction on the target algorithm scale. Positive/negative agreement are symmetric: 2a/(2a+b+c) and 2d/(2d+b+c). Cohen kappa uses the observed agreement minus agreement expected from the mapped/target marginals, divided by one minus expected agreement; every cell and marginal is WTMEC4YR-weighted in the weighted sensitivity. Attainment difference is mapped minus observed target percentage points. WTMEC4YR changes evaluation weights only; the D7 headline crosswalk fit remains unweighted.",51.49063504377701,0.8289091663210286,vsrev,scssl,False,8000.0,whole_cohort_subject_grouped_5fold_oof,600
WTMEC4YR_weighted_sensitivity,3.5615498815813385,2.485833481586719,0.6213758879642302,18.60869280256285,57.886330404525395,8646,0.7853994701262192,55.40049692293868,0.8357382474065319,False,66350912.6709075,88345698.5622415,0.6295008425002536,1.0757163999946195,0.0081249545360234,-0.310210989118481,-0.297388803891458,0.0075658762920215,-1.3731052038860838,0.0003208555113656,189343618.90303895,18.29848181344437,daily_steps,13951720.1175335,20695287.5523565,57.58894160063394,WTMEC4YR,isotonic,9023,0.7929653464182408,"Mapped source is the grouped five-fold OOF isotonic prediction on the target algorithm scale. Positive/negative agreement are symmetric: 2a/(2a+b+c) and 2d/(2d+b+c). Cohen kappa uses the observed agreement minus agreement expected from the mapped/target marginals, divided by one minus expected agreement; every cell and marginal is WTMEC4YR-weighted in the weighted sensitivity. Attainment difference is mapped minus observed target percentage points. WTMEC4YR changes evaluation weights only; the D7 headline crosswalk fit remains unweighted.",54.027391719052595,0.8360591029178975,vsrev,scssl,False,8000.0,whole_cohort_subject_grouped_5fold_oof,600
unweighted_primary,-2.571206915659979,0.2313208420078649,0.6058087093673755,17.973629424011104,35.2764284061994,8646,0.8613985016054228,35.04510756419153,0.7444078947368421,False,5296.0,2157.0,0.6043816611015408,-2.802527757667844,-0.0014270482658347,-0.5736515895879641,-3.956468304237749,0.0095108882975537,-1.153940546569899,-0.0112331836559447,9023.0,17.39997783442314,daily_steps,901.0,669.0,31.31996010196165,subjects,isotonic,9023,0.8709093899029765,"Mapped source is the grouped five-fold OOF isotonic prediction on the target algorithm scale. Positive/negative agreement are symmetric: 2a/(2a+b+c) and 2d/(2d+b+c). Cohen kappa uses the observed agreement minus agreement expected from the mapped/target marginals, divided by one minus expected agreement; every cell and marginal is WTMEC4YR-weighted in the weighted sensitivity. Attainment difference is mapped minus observed target percentage points. WTMEC4YR changes evaluation weights only; the D7 headline crosswalk fit remains unweighted.",33.89116701762163,0.7331747110808974,vsrev,scssl,False,10000.0,whole_cohort_subject_grouped_5fold_oof,600
WTMEC4YR_weighted_sensitivity,-3.3481216965668525,-0.399744906750471,0.5954883823119895,18.66458002297683,35.90808744094906,8646,0.8539365780768142,36.30783234769953,0.7415447995732561,False,109161251.4551695,46397662.77628,0.5995910783298072,-2.9483767898163817,0.0041026960178176,-0.8215151933718126,-4.156139280455196,0.0120541446969076,-1.2077624906388138,-0.0084487070202927,189343618.90303895,17.843064829605016,daily_steps,20062079.7285735,13722624.943016,31.751948160493864,WTMEC4YR,isotonic,9023,0.8659907227737219,"Mapped source is the grouped five-fold OOF isotonic prediction on the target algorithm scale. Positive/negative agreement are symmetric: 2a/(2a+b+c) and 2d/(2d+b+c). Cohen kappa uses the observed agreement minus agreement expected from the mapped/target marginals, divided by one minus expected agreement; every cell and marginal is WTMEC4YR-weighted in the weighted sensitivity. Attainment difference is mapped minus observed target percentage points. WTMEC4YR changes evaluation weights only; the D7 headline crosswalk fit remains unweighted.",35.10006985706072,0.7330960925529634,vsrev,scssl,False,10000.0,whole_cohort_subject_grouped_5fold_oof,600
unweighted_primary,0.1773246148731089,0.7864908628267386,0.8827137309894025,5.0196622715706685,69.37312051815869,8646,0.919090231170768,68.58662965533195,0.9636150234741784,False,2709.0,5842.0,0.8810360398963697,-0.6091662479536297,-0.0016776910930328,0.2114138671858425,-1.9232701358024824,0.0007739453996903,-1.314103887848859,-0.0024435855011609,9023.0,5.231076138756511,daily_steps,228.0,244.0,67.4498503823562,subjects,isotonic,9023,0.9198641765704584,"Mapped source is the grouped five-fold OOF isotonic prediction on the target algorithm scale. Positive/negative agreement are symmetric: 2a/(2a+b+c) and 2d/(2d+b+c). Cohen kappa uses the observed agreement minus agreement expected from the mapped/target marginals, divided by one minus expected agreement; every cell and marginal is WTMEC4YR-weighted in the weighted sensitivity. Attainment difference is mapped minus observed target percentage points. WTMEC4YR changes evaluation weights only; the D7 headline crosswalk fit remains unweighted.",67.27252576748309,0.9611714379730174,vsrev,vs,False,7000.0,whole_cohort_subject_grouped_5fold_oof,600
WTMEC4YR_weighted_sensitivity,0.6249063027724433,1.444972992686755,0.8713614372545183,5.250009426090509,72.16816591529911,8646,0.908069789102674,70.72319292261236,0.9632587339865258,False,52316725.8636715,126926627.31388,0.8737082827649214,-0.8200666899143116,0.002346845510403,0.0843481741303611,-2.1534640474099263,0.0038979746051485,-1.3333973574956133,-0.0015240532441374,189343618.90303895,5.33435760022087,daily_steps,4458522.7585325,5641742.966955001,70.01470186788919,WTMEC4YR,isotonic,9023,0.9119677637078224,"Mapped source is the grouped five-fold OOF isotonic prediction on the target algorithm scale. Positive/negative agreement are symmetric: 2a/(2a+b+c) and 2d/(2d+b+c). Cohen kappa uses the observed agreement minus agreement expected from the mapped/target marginals, divided by one minus expected agreement; every cell and marginal is WTMEC4YR-weighted in the weighted sensitivity. Attainment difference is mapped minus observed target percentage points. WTMEC4YR changes evaluation weights only; the D7 headline crosswalk fit remains unweighted.",69.38979556511674,0.9617346807423884,vsrev,vs,False,7000.0,whole_cohort_subject_grouped_5fold_oof,600
unweighted_primary,1.0196165355203402,1.040943789035398,0.8759297110443031,5.991209808003701,59.78487161693269,8646,0.9264622373651334,58.74392782789729,0.9494535519125684,False,3525.0,4936.0,0.8723204400358585,-0.0213272535150577,-0.0036092710084445,0.2373172894140092,-1.456156112111671,-0.0002930308491061,-1.4348288585966102,-0.0033159249238774,9023.0,6.22852709741771,daily_steps,235.0,327.0,58.32871550482102,subjects,isotonic,9023,0.9261692065160272,"Mapped source is the grouped five-fold OOF isotonic prediction on the target algorithm scale. Positive/negative agreement are symmetric: 2a/(2a+b+c) and 2d/(2d+b+c). Cohen kappa uses the observed agreement minus agreement expected from the mapped/target marginals, divided by one minus expected agreement; every cell and marginal is WTMEC4YR-weighted in the weighted sensitivity. Attainment difference is mapped minus observed target percentage points. WTMEC4YR changes evaluation weights only; the D7 headline crosswalk fit remains unweighted.",57.30909896930068,0.9461376269886907,vsrev,vs,False,8000.0,whole_cohort_subject_grouped_5fold_oof,600
WTMEC4YR_weighted_sensitivity,1.8615573973496224,2.0297124759114604,0.876217264412886,5.874907979274421,62.32668581516854,8646,0.9240735874160888,60.29697333925708,0.9520899309335088,False,70318372.43703651,107465352.04491048,0.8730528959909859,-0.1681550785618379,-0.0031643684219001,0.2303383913527872,-1.586498216662612,-2.726467615721262e-05,-1.4183431381007807,-0.003129110913136,189343618.90303895,6.105246370627208,daily_steps,4017577.138496501,7542317.2825955,60.740187598505926,WTMEC4YR,isotonic,9023,0.9240463227399316,"Mapped source is the grouped five-fold OOF isotonic prediction on the target algorithm scale. Positive/negative agreement are symmetric: 2a/(2a+b+c) and 2d/(2d+b+c). Cohen kappa uses the observed agreement minus agreement expected from the mapped/target marginals, divided by one minus expected agreement; every cell and marginal is WTMEC4YR-weighted in the weighted sensitivity. Attainment difference is mapped minus observed target percentage points. WTMEC4YR changes evaluation weights only; the D7 headline crosswalk fit remains unweighted.",58.8786302011563,0.9489608200203726,vsrev,vs,False,8000.0,whole_cohort_subject_grouped_5fold_oof,600
unweighted_primary,0.7425468247811151,0.1387925052047156,0.8638308056315547,6.500115660421003,39.42863752024057,8646,0.9464047301163456,39.28984501503586,0.9174258007640316,False,5296.0,3138.0,0.8615319230514599,0.6037543195763995,-0.0022988825800948,0.0276467245950664,-1.0156928233548328,0.0009166186002271,-1.6194471429312358,-0.0032233244348255,9023.0,6.52776238501607,daily_steps,261.0,328.0,38.41294469688574,subjects,isotonic,9023,0.9473213487165728,"Mapped source is the grouped five-fold OOF isotonic prediction on the target algorithm scale. Positive/negative agreement are symmetric: 2a/(2a+b+c) and 2d/(2d+b+c). Cohen kappa uses the observed agreement minus agreement expected from the mapped/target marginals, divided by one minus expected agreement; every cell and marginal is WTMEC4YR-weighted in the weighted sensitivity. Attainment difference is mapped minus observed target percentage points. WTMEC4YR changes evaluation weights only; the D7 headline crosswalk fit remains unweighted.",37.67039787210462,0.914202476329206,vsrev,vs,False,10000.0,whole_cohort_subject_grouped_5fold_oof,600
WTMEC4YR_weighted_sensitivity,1.5158468585470486,0.8856638345813628,0.8585548470074738,6.793755074195837,40.51080976252061,8646,0.9433211592906756,39.62514592793925,0.915222136983828,False,109617869.9544555,66590258.445911504,0.8537325966671381,0.6301830239656858,-0.0048222503403356,0.1436271194964433,-1.1151946481045272,0.0001507994393015,-1.7453776720702194,-0.004996938364625,189343618.90303895,6.93738219369228,daily_steps,5132665.6018354995,8002824.900836499,39.39561511441608,WTMEC4YR,isotonic,9023,0.943471958729977,"Mapped source is the grouped five-fold OOF isotonic prediction on the target algorithm scale. Positive/negative agreement are symmetric: 2a/(2a+b+c) and 2d/(2d+b+c). Cohen kappa uses the observed agreement minus agreement expected from the mapped/target marginals, divided by one minus expected agreement; every cell and marginal is WTMEC4YR-weighted in the weighted sensitivity. Attainment difference is mapped minus observed target percentage points. WTMEC4YR changes evaluation weights only; the D7 headline crosswalk fit remains unweighted.",37.87976825586903,0.910225198619203,vsrev,vs,False,10000.0,whole_cohort_subject_grouped_5fold_oof,600
unweighted_primary,-1.2869292748433303,-1.3763590099467962,0.0144081199611455,1.468887346749942,0.0578302105019662,8646,0.9926003612422072,1.4341892204487623,0.0155038759689922,True,8807.0,2.0,0.0289017736735017,0.0894297351034658,0.0144936537123561,-0.0476697997490469,0.0316953042697437,0.0002410794883042,-0.0577344308337222,0.0150304751760459,8936.0,1.4212175470008952,daily_steps,121.0,6.0,0.0895255147717099,subjects,isotonic,8936,0.9928414407305112,"Mapped source is the grouped five-fold OOF isotonic prediction on the target algorithm scale. Positive/negative agreement are symmetric: 2a/(2a+b+c) and 2d/(2d+b+c). Cohen kappa uses the observed agreement minus agreement expected from the mapped/target marginals, divided by one minus expected agreement; every cell and marginal is WTMEC4YR-weighted in the weighted sensitivity. Attainment difference is mapped minus observed target percentage points. WTMEC4YR changes evaluation weights only; the D7 headline crosswalk fit remains unweighted.",1.3764547896150403,0.0305343511450381,acti,adept,True,7000.0,whole_cohort_subject_grouped_5fold_oof,720
WTMEC4YR_weighted_sensitivity,-1.092951533736627,-1.2092065507620375,0.0035212888625819,1.2995877699303957,0.0480914601003744,8646,0.993459370807944,1.257298010862412,0.004444421501356,True,185246272.2674675,37534.852142,0.0300871080457115,0.1162550170254108,0.0265658191831296,-0.0747905419386605,0.037841298788924,0.0003776679598254,-0.078413718236487,0.0271963786250695,187581297.6535005,1.2247972279917352,daily_steps,2173831.601799,123658.932092,0.0859327588892985,WTMEC4YR,isotonic,8936,0.9938370387677696,"Mapped source is the grouped five-fold OOF isotonic prediction on the target algorithm scale. Positive/negative agreement are symmetric: 2a/(2a+b+c) and 2d/(2d+b+c). Cohen kappa uses the observed agreement minus agreement expected from the mapped/target marginals, divided by one minus expected agreement; every cell and marginal is WTMEC4YR-weighted in the weighted sensitivity. Attainment difference is mapped minus observed target percentage points. WTMEC4YR changes evaluation weights only; the D7 headline crosswalk fit remains unweighted.",1.178884292625925,0.0316408001264256,acti,adept,True,7000.0,whole_cohort_subject_grouped_5fold_oof,720
unweighted_primary,-0.7050134288272157,-0.7402266944251678,-0.0008746430684563,0.8327550312283136,0.0462641684015729,8646,0.9958188153310104,0.7864908628267407,0.0,True,8867.0,0.0,-0.0006426610060552,0.035213265597952,0.0002319820624011,-0.0605974663223153,-0.0126921003621817,0.0003054333911149,-0.0479053659601337,0.0,8936.0,0.7721575649059983,daily_steps,66.0,3.0,0.0335720680393912,subjects,isotonic,8936,0.9961242487221256,"Mapped source is the grouped five-fold OOF isotonic prediction on the target algorithm scale. Positive/negative agreement are symmetric: 2a/(2a+b+c) and 2d/(2d+b+c). Cohen kappa uses the observed agreement minus agreement expected from the mapped/target marginals, divided by one minus expected agreement; every cell and marginal is WTMEC4YR-weighted in the weighted sensitivity. Attainment difference is mapped minus observed target percentage points. WTMEC4YR changes evaluation weights only; the D7 headline crosswalk fit remains unweighted.",0.738585496866607,0.0,acti,adept,True,8000.0,whole_cohort_subject_grouped_5fold_oof,720
WTMEC4YR_weighted_sensitivity,-0.5661593535991735,-0.612287020685427,-0.0004758304329222,0.6616918224331089,0.0247024008738409,8646,0.9966805586518588,0.636989421559268,0.0,True,186452536.9017385,0.0,-0.0003454518960887,0.0461276670862534,0.0001303785368334,-0.0599469971856352,-0.0069096650496908,0.0003016374826051,-0.0530373321359444,0.0,187581297.6535005,0.6017448252474736,daily_steps,1095384.907015,33375.844746999996,0.01779273582415,WTMEC4YR,isotonic,8936,0.996982196134464,"Mapped source is the grouped five-fold OOF isotonic prediction on the target algorithm scale. Positive/negative agreement are symmetric: 2a/(2a+b+c) and 2d/(2d+b+c). Cohen kappa uses the observed agreement minus agreement expected from the mapped/target marginals, divided by one minus expected agreement; every cell and marginal is WTMEC4YR-weighted in the weighted sensitivity. Attainment difference is mapped minus observed target percentage points. WTMEC4YR changes evaluation weights only; the D7 headline crosswalk fit remains unweighted.",0.5839520894233236,0.0,acti,adept,True,8000.0,whole_cohort_subject_grouped_5fold_oof,720
unweighted_primary,-0.1566696508504924,-0.1850566736062919,-0.000218517423545,0.2081887578070784,0.0115660421003932,8646,0.998957971517888,0.1966227157066851,0.0,True,8918.0,0.0,-0.000398049557218,0.0283870227557995,-0.000179532133673,-0.006756349570731,0.0108153365925342,3.385104288256002e-05,-0.0175716861632653,0.0,8936.0,0.2014324082363473,daily_steps,16.0,2.0,0.0223813786929274,subjects,isotonic,8936,0.9989918225607708,"Mapped source is the grouped five-fold OOF isotonic prediction on the target algorithm scale. Positive/negative agreement are symmetric: 2a/(2a+b+c) and 2d/(2d+b+c). Cohen kappa uses the observed agreement minus agreement expected from the mapped/target marginals, divided by one minus expected agreement; every cell and marginal is WTMEC4YR-weighted in the weighted sensitivity. Attainment difference is mapped minus observed target percentage points. WTMEC4YR changes evaluation weights only; the D7 headline crosswalk fit remains unweighted.",0.1790510295434198,0.0,acti,adept,True,10000.0,whole_cohort_subject_grouped_5fold_oof,720
WTMEC4YR_weighted_sensitivity,-0.1303059957429816,-0.148024974035864,-0.0001645065997972,0.1653839408803485,0.0086794834222422,8646,0.9991723959334882,0.1567044574581063,0.0,True,187280612.2588305,0.0,-0.0002719199467782,0.0177189782928824,-0.000107413346981,-0.0050878994138773,0.0063155394395025,2.5480973396496687e-05,-0.0114034388533799,0.0,187581297.6535005,0.1602960414664712,daily_steps,272557.5362025,28127.8584675,0.0149950228617448,WTMEC4YR,isotonic,8936,0.9991978769068848,"Mapped source is the grouped five-fold OOF isotonic prediction on the target algorithm scale. Positive/negative agreement are symmetric: 2a/(2a+b+c) and 2d/(2d+b+c). Cohen kappa uses the observed agreement minus agreement expected from the mapped/target marginals, divided by one minus expected agreement; every cell and marginal is WTMEC4YR-weighted in the weighted sensitivity. Attainment difference is mapped minus observed target percentage points. WTMEC4YR changes evaluation weights only; the D7 headline crosswalk fit remains unweighted.",0.1453010186047264,0.0,acti,adept,True,10000.0,whole_cohort_subject_grouped_5fold_oof,720
unweighted_primary,1.0295434198746678,1.2375665047420823,0.8218236042798406,5.794587092297016,80.18736988202637,8646,0.858194169261251,78.94980337728428,0.9635874700196236,False,1603.0,6809.0,0.8224931576414659,-0.2080230848674147,0.0006695533616253,0.069334125249985,-0.5432338032439219,0.0013232570122073,-0.3352107183764872,-0.0006402206913813,8936.0,5.863921217547001,daily_steps,216.0,308.0,79.64413607878245,subjects,isotonic,8936,0.8595174262734584,"Mapped source is the grouped five-fold OOF isotonic prediction on the target algorithm scale. Positive/negative agreement are symmetric: 2a/(2a+b+c) and 2d/(2d+b+c). Cohen kappa uses the observed agreement minus agreement expected from the mapped/target marginals, divided by one minus expected agreement; every cell and marginal is WTMEC4YR-weighted in the weighted sensitivity. Attainment difference is mapped minus observed target percentage points. WTMEC4YR changes evaluation weights only; the D7 headline crosswalk fit remains unweighted.",78.6145926589078,0.9629472493282422,acti,oak,False,7000.0,whole_cohort_subject_grouped_5fold_oof,720
WTMEC4YR_weighted_sensitivity,0.4242566394828229,0.7635474858184721,0.8248627989052746,5.219628802526397,82.16213759257629,8646,0.8567581492995123,81.39859010675782,0.9680875178537884,False,29897418.825013,147481114.07037848,0.8208129366528624,-0.3392908463356492,-0.0040498622524122,0.2194874024139865,-0.6079467334857611,-0.0025169239875328,-0.2686558871501177,-0.0015211193333992,187581297.6535005,5.439116204940383,daily_steps,4703469.324192999,5499295.433916,81.55419085909053,WTMEC4YR,isotonic,8936,0.8542412253119794,"Mapped source is the grouped five-fold OOF isotonic prediction on the target algorithm scale. Positive/negative agreement are symmetric: 2a/(2a+b+c) and 2d/(2d+b+c). Cohen kappa uses the observed agreement minus agreement expected from the mapped/target marginals, divided by one minus expected agreement; every cell and marginal is WTMEC4YR-weighted in the weighted sensitivity. Attainment difference is mapped minus observed target percentage points. WTMEC4YR changes evaluation weights only; the D7 headline crosswalk fit remains unweighted.",81.1299342196077,0.9665663985203892,acti,oak,False,7000.0,whole_cohort_subject_grouped_5fold_oof,720
unweighted_primary,2.2717099373321337,1.191302336340505,0.812273488404181,7.367568817950497,73.79134860050891,8646,0.8625674217907228,72.60004626416841,0.9496721181954648,False,2049.0,6192.0,0.8019884182169685,1.0804076009916286,-0.0102850701872124,0.4099602778418028,0.5260193493568011,-0.0075705513546702,-0.5543882516348333,-0.0028107373559511,8936.0,7.7775290957923,daily_steps,246.0,449.0,74.31736794986571,subjects,isotonic,8936,0.8549968704360525,"Mapped source is the grouped five-fold OOF isotonic prediction on the target algorithm scale. Positive/negative agreement are symmetric: 2a/(2a+b+c) and 2d/(2d+b+c). Cohen kappa uses the observed agreement minus agreement expected from the mapped/target marginals, divided by one minus expected agreement; every cell and marginal is WTMEC4YR-weighted in the weighted sensitivity. Attainment difference is mapped minus observed target percentage points. WTMEC4YR changes evaluation weights only; the D7 headline crosswalk fit remains unweighted.",72.04565801253358,0.9468613808395138,acti,oak,False,8000.0,whole_cohort_subject_grouped_5fold_oof,720
WTMEC4YR_weighted_sensitivity,1.4751068557699365,0.4484029859689098,0.8051778382230038,7.227938967167407,75.62185553266791,8646,0.8531046799596665,75.17345254669901,0.9520678789066622,False,39163536.825507,134154030.0415755,0.7955303133277478,1.026703869801027,-0.0096475248952559,0.3760871083776687,0.4355177291577092,-0.0071559475027267,-0.5911861406433303,-0.0025461334504851,187581297.6535005,7.604026075545075,daily_steps,5748353.1022945,8515377.684123501,76.05737326182562,WTMEC4YR,isotonic,8936,0.8459487324569398,"Mapped source is the grouped five-fold OOF isotonic prediction on the target algorithm scale. Positive/negative agreement are symmetric: 2a/(2a+b+c) and 2d/(2d+b+c). Cohen kappa uses the observed agreement minus agreement expected from the mapped/target marginals, divided by one minus expected agreement; every cell and marginal is WTMEC4YR-weighted in the weighted sensitivity. Attainment difference is mapped minus observed target percentage points. WTMEC4YR changes evaluation weights only; the D7 headline crosswalk fit remains unweighted.",74.58226640605568,0.9495217454561772,acti,oak,False,8000.0,whole_cohort_subject_grouped_5fold_oof,720
unweighted_primary,1.063115487914057,0.8790191996298824,0.8263866596666568,8.443210733287069,58.720795743696506,8646,0.8988078735791516,57.841776544066626,0.9275649930541774,False,3429.0,4764.0,0.8299297674495807,0.1840962882841745,0.0035431077829238,-0.1285285488645087,-0.7194528609749327,0.0034418304071659,-0.9035491492591065,9.5410022446063e-05,8936.0,8.31468218442256,daily_steps,324.0,419.0,58.00134288272157,subjects,isotonic,8936,0.9022497039863177,"Mapped source is the grouped five-fold OOF isotonic prediction on the target algorithm scale. Positive/negative agreement are symmetric: 2a/(2a+b+c) and 2d/(2d+b+c). Cohen kappa uses the observed agreement minus agreement expected from the mapped/target marginals, divided by one minus expected agreement; every cell and marginal is WTMEC4YR-weighted in the weighted sensitivity. Attainment difference is mapped minus observed target percentage points. WTMEC4YR changes evaluation weights only; the D7 headline crosswalk fit remains unweighted.",56.93822739480752,0.9276604030766236,acti,oak,False,10000.0,whole_cohort_subject_grouped_5fold_oof,720
WTMEC4YR_weighted_sensitivity,0.134999588947704,0.0587657569885213,0.8303080364167069,8.133789174557515,60.196352934713325,8646,0.8979014503034632,60.1375871777248,0.9324065249840784,False,68748203.27683151,103736408.399846,0.8332369603058077,0.0762338319591826,0.0029289238891008,-0.0857128654205858,-0.8027088069049739,0.0031642812675325,-0.878942638864153,-0.0002356111279323,187581297.6535005,8.04807630913693,daily_steps,7421725.998024,7674959.978799,59.39364412780835,WTMEC4YR,isotonic,8936,0.9010657315709958,"Mapped source is the grouped five-fold OOF isotonic prediction on the target algorithm scale. Positive/negative agreement are symmetric: 2a/(2a+b+c) and 2d/(2d+b+c). Cohen kappa uses the observed agreement minus agreement expected from the mapped/target marginals, divided by one minus expected agreement; every cell and marginal is WTMEC4YR-weighted in the weighted sensitivity. Attainment difference is mapped minus observed target percentage points. WTMEC4YR changes evaluation weights only; the D7 headline crosswalk fit remains unweighted.",59.25864453886065,0.932170913856146,acti,oak,False,10000.0,whole_cohort_subject_grouped_5fold_oof,720
unweighted_primary,2.126230975828114,2.4288688410825765,0.7833804200553174,7.91117279666898,77.2033310201249,8646,0.8352601156069365,74.77446217904233,0.947945205479452,False,1844.0,6376.0,0.7843887021709418,-0.3026378652544625,0.0010082821156244,0.1013607753990601,-0.7821134731240136,0.0021604111868873,-0.4794756078695457,-0.0011082586425051,8936.0,8.01253357206804,daily_steps,263.0,453.0,76.4212175470009,subjects,isotonic,8936,0.8374205267938238,"Mapped source is the grouped five-fold OOF isotonic prediction on the target algorithm scale. Positive/negative agreement are symmetric: 2a/(2a+b+c) and 2d/(2d+b+c). Cohen kappa uses the observed agreement minus agreement expected from the mapped/target marginals, divided by one minus expected agreement; every cell and marginal is WTMEC4YR-weighted in the weighted sensitivity. Attainment difference is mapped minus observed target percentage points. WTMEC4YR changes evaluation weights only; the D7 headline crosswalk fit remains unweighted.",74.29498657117279,0.9468369468369467,acti,scrf,False,7000.0,whole_cohort_subject_grouped_5fold_oof,720
WTMEC4YR_weighted_sensitivity,1.5599617677825584,1.7780921659855342,0.7819485924872674,7.456023259087622,79.01548374226105,8646,0.8295654099926046,77.23739157627551,0.95228232924426,False,35183141.8687535,137998459.512324,0.7806141150701176,-0.2181303982029758,-0.0013344774171498,0.2204863143891895,-0.8299675172371508,0.0005587002844649,-0.6118371190341634,-0.0018686381538605,187581297.6535005,7.676509573476811,daily_steps,5736749.8727589995,8662946.399664,78.1855162250239,WTMEC4YR,isotonic,8936,0.8301241102770696,"Mapped source is the grouped five-fold OOF isotonic prediction on the target algorithm scale. Positive/negative agreement are symmetric: 2a/(2a+b+c) and 2d/(2d+b+c). Cohen kappa uses the observed agreement minus agreement expected from the mapped/target marginals, divided by one minus expected agreement; every cell and marginal is WTMEC4YR-weighted in the weighted sensitivity. Attainment difference is mapped minus observed target percentage points. WTMEC4YR changes evaluation weights only; the D7 headline crosswalk fit remains unweighted.",76.62555445724135,0.9504136910903996,acti,scrf,False,7000.0,whole_cohort_subject_grouped_5fold_oof,720
unweighted_primary,0.8504923903312478,1.0409437890353868,0.7787283437028218,9.48415452232246,69.41938468656026,8646,0.8475269616957977,68.37844089752487,0.931173409434279,False,2417.0,5673.0,0.7816847833243734,-0.1904513987041389,0.0029564396215515,-0.0168313352141353,-0.7756962353516741,0.0035293763323713,-0.5852448366475187,-0.0005631732138065,8936.0,9.467323187108326,daily_steps,385.0,461.0,68.64368845120859,subjects,isotonic,8936,0.851056338028169,"Mapped source is the grouped five-fold OOF isotonic prediction on the target algorithm scale. Positive/negative agreement are symmetric: 2a/(2a+b+c) and 2d/(2d+b+c). Cohen kappa uses the observed agreement minus agreement expected from the mapped/target marginals, divided by one minus expected agreement; every cell and marginal is WTMEC4YR-weighted in the weighted sensitivity. Attainment difference is mapped minus observed target percentage points. WTMEC4YR changes evaluation weights only; the D7 headline crosswalk fit remains unweighted.",67.79319606087735,0.9306102362204725,acti,scrf,False,8000.0,whole_cohort_subject_grouped_5fold_oof,720
WTMEC4YR_weighted_sensitivity,0.0803384115898753,0.1861109678868433,0.7787410797723838,9.113577383853215,71.08177106763985,8646,0.8429304739997717,70.89566009975302,0.9358096754609666,False,47210953.838277504,123320312.0213485,0.782387373144374,-0.105772556296968,0.0036462933719901,-0.0241681478806317,-0.7545692164955966,0.0041159497470993,-0.6487966601986415,-0.0004688941950641,187581297.6535005,9.089409235972584,daily_steps,8449665.979449999,8600365.814424502,70.32720185114425,WTMEC4YR,isotonic,8936,0.8470464237468711,"Mapped source is the grouped five-fold OOF isotonic prediction on the target algorithm scale. Positive/negative agreement are symmetric: 2a/(2a+b+c) and 2d/(2d+b+c). Cohen kappa uses the observed agreement minus agreement expected from the mapped/target marginals, divided by one minus expected agreement; every cell and marginal is WTMEC4YR-weighted in the weighted sensitivity. Attainment difference is mapped minus observed target percentage points. WTMEC4YR changes evaluation weights only; the D7 headline crosswalk fit remains unweighted.",70.24686343955437,0.9353407812659024,acti,scrf,False,8000.0,whole_cohort_subject_grouped_5fold_oof,720
unweighted_primary,0.5819158460161122,0.4973398103169102,0.7976874453819645,10.05089058524173,54.25630349294471,8646,0.8907330567081605,53.7589636826278,0.9069493521790342,False,3710.0,4312.0,0.7945085464526697,0.084576035699202,-0.0031788989292947,0.1773994774261318,-0.5969480766510671,-0.0004042830100563,-0.6815241123502744,-0.0027765696250395,8936.0,10.22829006266786,daily_steps,431.0,483.0,53.65935541629364,subjects,isotonic,8936,0.8903287736981041,"Mapped source is the grouped five-fold OOF isotonic prediction on the target algorithm scale. Positive/negative agreement are symmetric: 2a/(2a+b+c) and 2d/(2d+b+c). Cohen kappa uses the observed agreement minus agreement expected from the mapped/target marginals, divided by one minus expected agreement; every cell and marginal is WTMEC4YR-weighted in the weighted sensitivity. Attainment difference is mapped minus observed target percentage points. WTMEC4YR changes evaluation weights only; the D7 headline crosswalk fit remains unweighted.",53.07743957027753,0.9041727825539946,acti,scrf,False,10000.0,whole_cohort_subject_grouped_5fold_oof,720
WTMEC4YR_weighted_sensitivity,-0.7717024585113141,-0.69022116947558,0.7910165745067161,10.300939908702397,55.620118923779295,8646,0.8830362938908154,56.31034009325487,0.907970180778632,False,74269589.618892,93682125.06502,0.7884555052461469,-0.0814812890357341,-0.0025610692605692,0.1636337002552519,-0.8315376032647777,0.0002382054161199,-0.7500563142290417,-0.0028019092202253,187581297.6535005,10.464573608957648,daily_steps,10538576.227644,9091006.7419445,54.78858132051452,WTMEC4YR,isotonic,8936,0.8832744993069354,"Mapped source is the grouped five-fold OOF isotonic prediction on the target algorithm scale. Positive/negative agreement are symmetric: 2a/(2a+b+c) and 2d/(2d+b+c). Cohen kappa uses the observed agreement minus agreement expected from the mapped/target marginals, divided by one minus expected agreement; every cell and marginal is WTMEC4YR-weighted in the weighted sensitivity. Attainment difference is mapped minus observed target percentage points. WTMEC4YR changes evaluation weights only; the D7 headline crosswalk fit remains unweighted.",55.56028377902583,0.9051682715584064,acti,scrf,False,10000.0,whole_cohort_subject_grouped_5fold_oof,720
unweighted_primary,3.010295434198751,3.678001387925045,0.6747918466454771,15.012722646310433,65.81077955123756,8646,0.791653290529695,62.13277816331251,0.8826613632254565,False,2655.0,4966.0,0.6848953771905447,-0.6677059537262942,0.0101035305450676,-0.2969661557106118,-1.3747902942993306,0.0098561434325691,-0.7070843405730329,0.0004185692009682,8936.0,14.71575649059982,daily_steps,523.0,792.0,64.43598925693823,subjects,isotonic,8936,0.8015094339622642,"Mapped source is the grouped five-fold OOF isotonic prediction on the target algorithm scale. Positive/negative agreement are symmetric: 2a/(2a+b+c) and 2d/(2d+b+c). Cohen kappa uses the observed agreement minus agreement expected from the mapped/target marginals, divided by one minus expected agreement; every cell and marginal is WTMEC4YR-weighted in the weighted sensitivity. Attainment difference is mapped minus observed target percentage points. WTMEC4YR changes evaluation weights only; the D7 headline crosswalk fit remains unweighted.",61.42569382273948,0.8830799324264248,acti,scssl,False,7000.0,whole_cohort_subject_grouped_5fold_oof,720
WTMEC4YR_weighted_sensitivity,2.0757793613831232,2.8215488858586713,0.6781485050303933,14.450395508863314,67.44525973428583,8646,0.7872784258855056,64.62371084842717,0.890584476844898,False,52164651.3965085,108632556.990521,0.6861181255164092,-0.745769524475548,0.0079696204860159,-0.1717389468714714,-1.355788072772313,0.0084397014106086,-0.6100185482967788,-0.0003332033724202,187581297.6535005,14.278656561991845,daily_steps,11445157.7019825,15338931.5644885,66.08947166151351,WTMEC4YR,isotonic,8936,0.7957181272961142,"Mapped source is the grouped five-fold OOF isotonic prediction on the target algorithm scale. Positive/negative agreement are symmetric: 2a/(2a+b+c) and 2d/(2d+b+c). Cohen kappa uses the observed agreement minus agreement expected from the mapped/target marginals, divided by one minus expected agreement; every cell and marginal is WTMEC4YR-weighted in the weighted sensitivity. Attainment difference is mapped minus observed target percentage points. WTMEC4YR changes evaluation weights only; the D7 headline crosswalk fit remains unweighted.",64.01369230013039,0.8902512734724778,acti,scssl,False,7000.0,whole_cohort_subject_grouped_5fold_oof,720
unweighted_primary,4.879140555058193,3.4582465880175772,0.6684941543512523,16.45847790885959,56.268794818413134,8646,0.8189797735657041,52.81054823039556,0.8491146219913053,False,3341.0,4135.0,0.6714199343482595,1.4208939670406155,0.0029257799970072,-0.1200714630225228,0.6134791296620676,0.0017031053338292,-0.8074148373785519,0.0008339905472353,8936.0,16.338406445837066,daily_steps,512.0,948.0,56.8822739480752,subjects,isotonic,8936,0.8206828788995333,"Mapped source is the grouped five-fold OOF isotonic prediction on the target algorithm scale. Positive/negative agreement are symmetric: 2a/(2a+b+c) and 2d/(2d+b+c). Cohen kappa uses the observed agreement minus agreement expected from the mapped/target marginals, divided by one minus expected agreement; every cell and marginal is WTMEC4YR-weighted in the weighted sensitivity. Attainment difference is mapped minus observed target percentage points. WTMEC4YR changes evaluation weights only; the D7 headline crosswalk fit remains unweighted.",52.00313339301701,0.8499486125385406,acti,scssl,False,8000.0,whole_cohort_subject_grouped_5fold_oof,720
WTMEC4YR_weighted_sensitivity,3.5708523757149724,2.1821768147019416,0.6575607982198444,16.84150097061428,57.58267373764062,8646,0.8064569681696654,55.40049692293868,0.850937968264238,False,66471084.30640101,89954766.9704915,0.6629666809797181,1.3886755610130308,0.0054058827598737,-0.2324643735020117,0.4623537425241295,0.0036838045733229,-0.9263218184889084,0.0014513464874172,187581297.6535005,16.60903659711227,daily_steps,12228597.5764755,18926848.8001325,58.04502748016475,WTMEC4YR,isotonic,8936,0.8101407727429883,"Mapped source is the grouped five-fold OOF isotonic prediction on the target algorithm scale. Positive/negative agreement are symmetric: 2a/(2a+b+c) and 2d/(2d+b+c). Cohen kappa uses the observed agreement minus agreement expected from the mapped/target marginals, divided by one minus expected agreement; every cell and marginal is WTMEC4YR-weighted in the weighted sensitivity. Attainment difference is mapped minus observed target percentage points. WTMEC4YR changes evaluation weights only; the D7 headline crosswalk fit remains unweighted.",54.47417510444977,0.8523893147516552,acti,scssl,False,8000.0,whole_cohort_subject_grouped_5fold_oof,720
unweighted_primary,-2.495523724261417,-1.9777931991672493,0.6476299996123932,15.833911635438351,33.06731436502429,8646,0.8799438744190126,35.04510756419153,0.7675326880624894,False,5273.0,2246.0,0.6419996093814938,-0.5177305250941677,-0.0056303902308993,0.0232951685007698,-1.2521845530278704,0.0016075758860948,-0.7344540279337011,-0.0073363773500169,8936.0,15.857206803939125,daily_steps,820.0,597.0,31.815129811996417,subjects,isotonic,8936,0.8815514503051074,"Mapped source is the grouped five-fold OOF isotonic prediction on the target algorithm scale. Positive/negative agreement are symmetric: 2a/(2a+b+c) and 2d/(2d+b+c). Cohen kappa uses the observed agreement minus agreement expected from the mapped/target marginals, divided by one minus expected agreement; every cell and marginal is WTMEC4YR-weighted in the weighted sensitivity. Attainment difference is mapped minus observed target percentage points. WTMEC4YR changes evaluation weights only; the D7 headline crosswalk fit remains unweighted.",34.31065353625783,0.7601963107124725,acti,scssl,False,10000.0,whole_cohort_subject_grouped_5fold_oof,720
WTMEC4YR_weighted_sensitivity,-4.05062161585793,-3.571326587516943,0.6309458712517172,16.708005572544266,32.73650576018258,8646,0.8724147903867766,36.30783234769952,0.7580104896300414,False,109155450.567185,47086928.566709,0.6254714727793488,-0.4792950283409865,-0.0054743984723684,-0.0011595747648733,-1.3062489760610738,0.0020537008661177,-0.8269539477200851,-0.0076975701408078,187581297.6535005,16.706845997779393,daily_steps,19468563.554833,11870354.9647735,31.430256784121507,WTMEC4YR,isotonic,8936,0.8744684912528944,"Mapped source is the grouped five-fold OOF isotonic prediction on the target algorithm scale. Positive/negative agreement are symmetric: 2a/(2a+b+c) and 2d/(2d+b+c). Cohen kappa uses the observed agreement minus agreement expected from the mapped/target marginals, divided by one minus expected agreement; every cell and marginal is WTMEC4YR-weighted in the weighted sensitivity. Attainment difference is mapped minus observed target percentage points. WTMEC4YR changes evaluation weights only; the D7 headline crosswalk fit remains unweighted.",35.48087839997944,0.7503129194892335,acti,scssl,False,10000.0,whole_cohort_subject_grouped_5fold_oof,720
unweighted_primary,0.9512085944494264,0.9946796206338204,0.7812465907691776,9.345362017117742,69.58130927596576,8646,0.8488589599700711,68.58662965533195,0.932362297003181,False,2411.0,5682.0,0.7821555502988149,-0.043471026184394,0.0009089595296373,0.0883891019511935,-0.8033325525995991,0.0023325669496111,-0.7598615264152073,-0.0014210337935471,8936.0,9.433751119068935,daily_steps,379.0,464.0,68.77797672336617,subjects,isotonic,8936,0.8511915269196823,"Mapped source is the grouped five-fold OOF isotonic prediction on the target algorithm scale. Positive/negative agreement are symmetric: 2a/(2a+b+c) and 2d/(2d+b+c). Cohen kappa uses the observed agreement minus agreement expected from the mapped/target marginals, divided by one minus expected agreement; every cell and marginal is WTMEC4YR-weighted in the weighted sensitivity. Attainment difference is mapped minus observed target percentage points. WTMEC4YR changes evaluation weights only; the D7 headline crosswalk fit remains unweighted.",67.82676812891674,0.9309412632096338,acti,vs,False,7000.0,whole_cohort_subject_grouped_5fold_oof,720
WTMEC4YR_weighted_sensitivity,0.6566434463697202,0.5027186343411483,0.7781082081373757,9.142524689419744,71.22591155695352,8646,0.8425084642113481,70.72319292261237,0.9355929385892262,False,47014095.720711,123017194.64848553,0.7761405741656626,0.1539248120285719,-0.001967633971713,0.2134225738955528,-0.6388807091076245,0.0002026793208732,-0.7928055211362022,-0.0021750561649626,187581297.6535005,9.355947263315295,daily_steps,8159133.493323499,9390873.7909805,70.5870308478459,WTMEC4YR,isotonic,8936,0.8427111435322213,"Mapped source is the grouped five-fold OOF isotonic prediction on the target algorithm scale. Positive/negative agreement are symmetric: 2a/(2a+b+c) and 2d/(2d+b+c). Cohen kappa uses the observed agreement minus agreement expected from the mapped/target marginals, divided by one minus expected agreement; every cell and marginal is WTMEC4YR-weighted in the weighted sensitivity. Attainment difference is mapped minus observed target percentage points. WTMEC4YR changes evaluation weights only; the D7 headline crosswalk fit remains unweighted.",69.93038740147617,0.9334178824242636,acti,vs,False,7000.0,whole_cohort_subject_grouped_5fold_oof,720
unweighted_primary,1.25335720680394,1.4457552625491532,0.7891546319882825,10.166551006245662,60.18968309044645,8646,0.8745898130974461,58.74392782789729,0.9145191092093748,False,3259.0,4775.0,0.7921710002621754,-0.1923980557452131,0.0030163682738928,-0.0725492157353659,-1.0804619624249625,0.0038468445844945,-0.8880639066797471,-0.0008183820758117,8936.0,10.094001790510296,daily_steps,395.0,507.0,59.10922112802148,subjects,isotonic,8936,0.8784366576819407,"Mapped source is the grouped five-fold OOF isotonic prediction on the target algorithm scale. Positive/negative agreement are symmetric: 2a/(2a+b+c) and 2d/(2d+b+c). Cohen kappa uses the observed agreement minus agreement expected from the mapped/target marginals, divided by one minus expected agreement; every cell and marginal is WTMEC4YR-weighted in the weighted sensitivity. Attainment difference is mapped minus observed target percentage points. WTMEC4YR changes evaluation weights only; the D7 headline crosswalk fit remains unweighted.",57.85586392121754,0.913700727133563,acti,vs,False,8000.0,whole_cohort_subject_grouped_5fold_oof,720
WTMEC4YR_weighted_sensitivity,1.3112311470898308,1.4371680988810145,0.7923238410537717,9.8819537677735,61.73414143813809,8646,0.8732577265974745,60.29697333925708,0.9190210317606308,False,65700616.3055875,103299050.595065,0.7936261667456624,-0.1259369517911834,0.0013023256918907,0.0239542226765525,-1.056622092787208,0.0028505811379994,-0.930685140996026,-0.0015401403523107,187581297.6535005,9.905907990450052,daily_steps,8061003.17595,10520627.576898,60.67751934535088,WTMEC4YR,isotonic,8936,0.8761083077354739,"Mapped source is the grouped five-fold OOF isotonic prediction on the target algorithm scale. Positive/negative agreement are symmetric: 2a/(2a+b+c) and 2d/(2d+b+c). Cohen kappa uses the observed agreement minus agreement expected from the mapped/target marginals, divided by one minus expected agreement; every cell and marginal is WTMEC4YR-weighted in the weighted sensitivity. Attainment difference is mapped minus observed target percentage points. WTMEC4YR changes evaluation weights only; the D7 headline crosswalk fit remains unweighted.",59.36628819826105,0.91748089140832,acti,vs,False,8000.0,whole_cohort_subject_grouped_5fold_oof,720
unweighted_primary,-2.204565801253361,-1.6423779782558434,0.7879943801360965,10.039324543141335,37.647467036780014,8646,0.9184210526315788,39.28984501503586,0.8695129284425737,False,5159.0,2866.0,0.7818474430418608,-0.5621878229975177,-0.0061469370942356,0.1553934514871322,-1.5798752731273709,0.0004497283818684,-1.0176874501298556,-0.0066497642095464,8936.0,10.19471799462847,daily_steps,554.0,357.0,36.06759176365264,subjects,isotonic,8936,0.9188707810134472,"Mapped source is the grouped five-fold OOF isotonic prediction on the target algorithm scale. Positive/negative agreement are symmetric: 2a/(2a+b+c) and 2d/(2d+b+c). Cohen kappa uses the observed agreement minus agreement expected from the mapped/target marginals, divided by one minus expected agreement; every cell and marginal is WTMEC4YR-weighted in the weighted sensitivity. Attainment difference is mapped minus observed target percentage points. WTMEC4YR changes evaluation weights only; the D7 headline crosswalk fit remains unweighted.",38.272157564906,0.8628631642330272,acti,vs,False,10000.0,whole_cohort_subject_grouped_5fold_oof,720
WTMEC4YR_weighted_sensitivity,-2.543819899529015,-2.07161163471456,0.7736325923232826,10.73375271511803,37.5535342932247,8646,0.9126067629427346,39.62514592793926,0.8609233445770349,False,107710423.113133,59808090.28833901,0.7713251148591744,-0.472208264814455,-0.0023074774641081,-0.0382385551251687,-1.5938634361645896,0.0021950251421584,-1.1216551713501346,-0.0045583169340553,187581297.6535005,10.69551415999286,daily_steps,12417257.3147665,7645526.937262,35.95967085706011,WTMEC4YR,isotonic,8936,0.914801788084893,"Mapped source is the grouped five-fold OOF isotonic prediction on the target algorithm scale. Positive/negative agreement are symmetric: 2a/(2a+b+c) and 2d/(2d+b+c). Cohen kappa uses the observed agreement minus agreement expected from the mapped/target marginals, divided by one minus expected agreement; every cell and marginal is WTMEC4YR-weighted in the weighted sensitivity. Attainment difference is mapped minus observed target percentage points. WTMEC4YR changes evaluation weights only; the D7 headline crosswalk fit remains unweighted.",38.50349075658912,0.8563650276429795,acti,vs,False,10000.0,whole_cohort_subject_grouped_5fold_oof,720
unweighted_primary,1.600268576544317,1.4457552625491532,0.7551317910605054,11.69326856349757,61.34628730048577,8646,0.8515200469966221,59.900532037936614,0.9035581417533148,False,3048.0,4841.0,0.7559020818992525,0.1545133139951637,0.000770290838747,0.023383182249967,-0.5137000131088669,0.001902884544747,-0.6682133271040271,-0.0011441236714805,8936.0,11.716651745747535,daily_steps,452.0,595.0,60.8325872873769,subjects,isotonic,8936,0.8534229315413692,"Mapped source is the grouped five-fold OOF isotonic prediction on the target algorithm scale. Positive/negative agreement are symmetric: 2a/(2a+b+c) and 2d/(2d+b+c). Cohen kappa uses the observed agreement minus agreement expected from the mapped/target marginals, divided by one minus expected agreement; every cell and marginal is WTMEC4YR-weighted in the weighted sensitivity. Attainment difference is mapped minus observed target percentage points. WTMEC4YR changes evaluation weights only; the D7 headline crosswalk fit remains unweighted.",59.23231871083259,0.9024140180818344,acti,vsrev,False,7000.0,whole_cohort_subject_grouped_5fold_oof,720
WTMEC4YR_weighted_sensitivity,0.8464055224134182,0.563370566132193,0.7529521485858401,11.55770869910036,62.966927427217975,8646,0.8451322028706533,62.40355686108578,0.9078115653400358,False,60524790.575407,105685565.6012585,0.758140757779365,0.2830349562812251,0.0051886091935248,-0.1648130617584531,-0.5060707018958439,0.0048125868089339,-0.7891056581770641,0.0003660098151115,187581297.6535005,11.392895637341908,daily_steps,9891621.5072405,11479319.9695945,62.46085672532213,WTMEC4YR,isotonic,8936,0.8499447896795872,"Mapped source is the grouped five-fold OOF isotonic prediction on the target algorithm scale. Positive/negative agreement are symmetric: 2a/(2a+b+c) and 2d/(2d+b+c). Cohen kappa uses the observed agreement minus agreement expected from the mapped/target marginals, divided by one minus expected agreement; every cell and marginal is WTMEC4YR-weighted in the weighted sensitivity. Attainment difference is mapped minus observed target percentage points. WTMEC4YR changes evaluation weights only; the D7 headline crosswalk fit remains unweighted.",61.61445120290872,0.9081775751551474,acti,vsrev,False,7000.0,whole_cohort_subject_grouped_5fold_oof,720
unweighted_primary,1.1862130707251506,1.3532269257460094,0.7532725320594665,12.317834836918806,52.7295859356928,8646,0.8715474611024002,51.3763590099468,0.8816798133540718,False,3801.0,4021.0,0.750555347212474,-0.1670138550208588,-0.0027171848469925,0.1485930950418037,-0.9055035722192172,0.0006416164561128,-0.7384897171983553,-0.0033486643807209,8936.0,12.46642793196061,daily_steps,504.0,610.0,51.824082363473586,subjects,isotonic,8936,0.872189077558513,"Mapped source is the grouped five-fold OOF isotonic prediction on the target algorithm scale. Positive/negative agreement are symmetric: 2a/(2a+b+c) and 2d/(2d+b+c). Cohen kappa uses the observed agreement minus agreement expected from the mapped/target marginals, divided by one minus expected agreement; every cell and marginal is WTMEC4YR-weighted in the weighted sensitivity. Attainment difference is mapped minus observed target percentage points. WTMEC4YR changes evaluation weights only; the D7 headline crosswalk fit remains unweighted.",50.63786929274844,0.8783311489733509,acti,vsrev,False,8000.0,whole_cohort_subject_grouped_5fold_oof,720
WTMEC4YR_weighted_sensitivity,0.5961057796881275,0.799605502493772,0.7560391755028757,12.130686735280054,54.13667418439291,8646,0.8688946563811586,53.33706868189915,0.8871288334084371,False,77149931.8138395,87413393.83603951,0.7538532320948563,-0.2034997228056445,-0.0021859434080193,0.1402444777773475,-1.1028842699658696,0.0012934049513568,-0.8993845471602313,-0.0034724355404908,187581297.6535005,12.270931213057402,daily_steps,10949894.5233475,12068077.480274,53.03378991442705,WTMEC4YR,isotonic,8936,0.8701880613325155,"Mapped source is the grouped five-fold OOF isotonic prediction on the target algorithm scale. Positive/negative agreement are symmetric: 2a/(2a+b+c) and 2d/(2d+b+c). Cohen kappa uses the observed agreement minus agreement expected from the mapped/target marginals, divided by one minus expected agreement; every cell and marginal is WTMEC4YR-weighted in the weighted sensitivity. Attainment difference is mapped minus observed target percentage points. WTMEC4YR changes evaluation weights only; the D7 headline crosswalk fit remains unweighted.",52.43768413473891,0.8836563978679463,acti,vsrev,False,8000.0,whole_cohort_subject_grouped_5fold_oof,720
unweighted_primary,-1.1974037600716192,-0.127226463104324,0.7731350024763156,10.259079343048809,34.478371501272264,8646,0.9216361869423094,34.605597964376585,0.8514984095094592,False,5481.0,2526.0,0.7665860647994026,-1.0701772969672951,-0.006548937676913,0.1370710598160069,-1.6113168907082525,0.0002374990386846,-0.5411395937409509,-0.0068236059649013,8936.0,10.396150402864816,daily_steps,518.0,411.0,32.86705461056401,subjects,isotonic,8936,0.921873685980994,"Mapped source is the grouped five-fold OOF isotonic prediction on the target algorithm scale. Positive/negative agreement are symmetric: 2a/(2a+b+c) and 2d/(2d+b+c). Cohen kappa uses the observed agreement minus agreement expected from the mapped/target marginals, divided by one minus expected agreement; every cell and marginal is WTMEC4YR-weighted in the weighted sensitivity. Attainment difference is mapped minus observed target percentage points. WTMEC4YR changes evaluation weights only; the D7 headline crosswalk fit remains unweighted.",34.064458370635634,0.8446748035445578,acti,vsrev,False,10000.0,whole_cohort_subject_grouped_5fold_oof,720
WTMEC4YR_weighted_sensitivity,-2.104010934622269,-1.270955213266417,0.7562904404429057,11.035790499857749,33.99324092131925,8646,0.915591447411226,35.26419613458566,0.8406555170248415,False,114164660.31709348,52456891.995755,0.7495319351648959,-0.833055721355852,-0.0067585052780098,0.1378955780415331,-1.4935195089402882,0.0003304753626856,-0.6604637875844332,-0.00716983859711,187581297.6535005,11.17368607789928,daily_steps,12453238.177294,8506507.163358,32.49972141237896,WTMEC4YR,isotonic,8936,0.9159219227739116,"Mapped source is the grouped five-fold OOF isotonic prediction on the target algorithm scale. Positive/negative agreement are symmetric: 2a/(2a+b+c) and 2d/(2d+b+c). Cohen kappa uses the observed agreement minus agreement expected from the mapped/target marginals, divided by one minus expected agreement; every cell and marginal is WTMEC4YR-weighted in the weighted sensitivity. Attainment difference is mapped minus observed target percentage points. WTMEC4YR changes evaluation weights only; the D7 headline crosswalk fit remains unweighted.",34.60373234700123,0.8334856784277315,acti,vsrev,False,10000.0,whole_cohort_subject_grouped_5fold_oof,720
unweighted_primary,4.823187108325866,4.499190377052975,0.6204738677426487,6.650474207726116,92.60929909784872,8646,0.6550689862027594,88.11010872079575,0.9632,False,567.0,7728.0,0.6016420649938156,0.3239967312728913,-0.0188318027488331,0.5227576633571429,-0.1294423386723622,-0.0161957467661397,-0.4534390699452615,-0.0030210846741628,8936.0,7.173231871083259,daily_steps,105.0,536.0,92.47985675917636,subjects,isotonic,8936,0.6388732394366197,"Mapped source is the grouped five-fold OOF isotonic prediction on the target algorithm scale. Positive/negative agreement are symmetric: 2a/(2a+b+c) and 2d/(2d+b+c). Cohen kappa uses the observed agreement minus agreement expected from the mapped/target marginals, divided by one minus expected agreement; every cell and marginal is WTMEC4YR-weighted in the weighted sensitivity. Attainment difference is mapped minus observed target percentage points. WTMEC4YR changes evaluation weights only; the D7 headline crosswalk fit remains unweighted.",87.65666965085049,0.9601789153258372,adept,acti,False,7000.0,whole_cohort_subject_grouped_5fold_oof,720
WTMEC4YR_weighted_sensitivity,5.088989593833249,4.743025722059402,0.569047422586422,6.51110607642439,94.20681160409676,8646,0.6012648919092056,89.46378588203736,0.9645500904034684,False,9304310.0247525,165205762.17909002,0.5530838640599264,0.3459638717738471,-0.0159635585264956,0.4571927962079556,-0.1066142652566384,-0.0138687175813777,-0.4525781370304855,-0.0026050595597675,187581297.6535005,6.968298872632346,daily_steps,1762616.3660469998,11308609.083611,94.10019733884012,WTMEC4YR,isotonic,8936,0.5873961743278279,"Mapped source is the grouped five-fold OOF isotonic prediction on the target algorithm scale. Positive/negative agreement are symmetric: 2a/(2a+b+c) and 2d/(2d+b+c). Cohen kappa uses the observed agreement minus agreement expected from the mapped/target marginals, divided by one minus expected agreement; every cell and marginal is WTMEC4YR-weighted in the weighted sensitivity. Attainment difference is mapped minus observed target percentage points. WTMEC4YR changes evaluation weights only; the D7 headline crosswalk fit remains unweighted.",89.01120774500687,0.961945030843701,adept,acti,False,7000.0,whole_cohort_subject_grouped_5fold_oof,720
unweighted_primary,5.382721575649063,4.487624334952578,0.6397378714744761,9.275965764515384,87.1385611843627,8646,0.6929555895865237,82.65093684941013,0.9453678474114442,False,934.0,7095.0,0.6152000534782512,0.8950972406964848,-0.0245378179962248,0.8739894727272297,0.0257181352433804,-0.0198024364333705,-0.8693791054531061,-0.0054460086355284,8936.0,10.149955237242612,daily_steps,213.0,694.0,87.16427931960608,subjects,isotonic,8936,0.6731531531531532,"Mapped source is the grouped five-fold OOF isotonic prediction on the target algorithm scale. Positive/negative agreement are symmetric: 2a/(2a+b+c) and 2d/(2d+b+c). Cohen kappa uses the observed agreement minus agreement expected from the mapped/target marginals, divided by one minus expected agreement; every cell and marginal is WTMEC4YR-weighted in the weighted sensitivity. Attainment difference is mapped minus observed target percentage points. WTMEC4YR changes evaluation weights only; the D7 headline crosswalk fit remains unweighted.",81.78155774395702,0.9399218387759156,adept,acti,False,8000.0,whole_cohort_subject_grouped_5fold_oof,720
WTMEC4YR_weighted_sensitivity,6.001023894444424,5.094727143929346,0.6123917721657955,8.827019390893177,89.5316418541738,8646,0.6609093378653089,84.43691471024445,0.9492608344564576,False,16234089.6043395,153343787.8885085,0.591010622480523,0.9062967505150789,-0.0213811496852724,0.7706432683706232,0.0156100930663143,-0.0176133136777353,-0.890686657448768,-0.0047086922224566,187581297.6535005,9.5976626592638,daily_steps,3373310.8334785,14630109.327174,89.54725194724011,WTMEC4YR,isotonic,8936,0.6432960241875736,"Mapped source is the grouped five-fold OOF isotonic prediction on the target algorithm scale. Positive/negative agreement are symmetric: 2a/(2a+b+c) and 2d/(2d+b+c). Cohen kappa uses the observed agreement minus agreement expected from the mapped/target marginals, divided by one minus expected agreement; every cell and marginal is WTMEC4YR-weighted in the weighted sensitivity. Attainment difference is mapped minus observed target percentage points. WTMEC4YR changes evaluation weights only; the D7 headline crosswalk fit remains unweighted.",83.54622805279568,0.9445521422340007,adept,acti,False,8000.0,whole_cohort_subject_grouped_5fold_oof,720
unweighted_primary,8.482542524619518,7.575757575757569,0.6042281089919102,16.7823270876706,73.6409900532038,8646,0.7216573949741032,66.06523247744622,0.8798741617683583,False,1976.0,5382.0,0.5902407793911775,0.906784948861949,-0.0139873296007326,0.8765807010491855,-0.3419748338662742,-0.007010017035586,-1.2487597827282144,-0.0077302628864914,8936.0,17.658907788719784,daily_steps,410.0,1168.0,73.29901521933752,subjects,isotonic,8936,0.7146473779385172,"Mapped source is the grouped five-fold OOF isotonic prediction on the target algorithm scale. Positive/negative agreement are symmetric: 2a/(2a+b+c) and 2d/(2d+b+c). Cohen kappa uses the observed agreement minus agreement expected from the mapped/target marginals, divided by one minus expected agreement; every cell and marginal is WTMEC4YR-weighted in the weighted sensitivity. Attainment difference is mapped minus observed target percentage points. WTMEC4YR changes evaluation weights only; the D7 headline crosswalk fit remains unweighted.",64.816472694718,0.8721438988818668,adept,acti,False,10000.0,whole_cohort_subject_grouped_5fold_oof,720
WTMEC4YR_weighted_sensitivity,9.895072647549274,9.00023610989783,0.5866729235020961,16.7644694121238,76.68705912977356,8646,0.6986223367730828,67.68682301987573,0.8838815638776912,False,36840784.575194,117222673.34881,0.5674361101434109,0.8948365376514431,-0.0192368133586852,1.1039642477235354,-0.3136424599483405,-0.0112904762686353,-1.2084789975997836,-0.0089653120462592,187581297.6535005,17.868433659847334,daily_steps,7478267.026733501,26039572.702763,76.37341666982522,WTMEC4YR,isotonic,8936,0.6873318605044475,"Mapped source is the grouped five-fold OOF isotonic prediction on the target algorithm scale. Positive/negative agreement are symmetric: 2a/(2a+b+c) and 2d/(2d+b+c). Cohen kappa uses the observed agreement minus agreement expected from the mapped/target marginals, divided by one minus expected agreement; every cell and marginal is WTMEC4YR-weighted in the weighted sensitivity. Attainment difference is mapped minus observed target percentage points. WTMEC4YR changes evaluation weights only; the D7 headline crosswalk fit remains unweighted.",66.47834402227595,0.874916251831432,adept,acti,False,10000.0,whole_cohort_subject_grouped_5fold_oof,720
unweighted_primary,5.237242614145032,4.892435808466344,0.7188892900388235,8.547305112190609,83.84223918575063,8646,0.7702828722412185,78.94980337728428,0.9474955595026644,False,1275.0,6857.0,0.7062280899099687,0.3448068056786875,-0.0126612001288548,0.4500091223662394,0.0095960873021994,-0.009996646838714,-0.3352107183764872,-0.0028750883633889,8936.0,8.997314234556848,daily_steps,168.0,636.0,83.85183527305283,subjects,isotonic,8936,0.7602862254025045,"Mapped source is the grouped five-fold OOF isotonic prediction on the target algorithm scale. Positive/negative agreement are symmetric: 2a/(2a+b+c) and 2d/(2d+b+c). Cohen kappa uses the observed agreement minus agreement expected from the mapped/target marginals, divided by one minus expected agreement; every cell and marginal is WTMEC4YR-weighted in the weighted sensitivity. Attainment difference is mapped minus observed target percentage points. WTMEC4YR changes evaluation weights only; the D7 headline crosswalk fit remains unweighted.",78.6145926589078,0.9446204711392754,adept,oak,False,7000.0,whole_cohort_subject_grouped_5fold_oof,720
WTMEC4YR_weighted_sensitivity,5.392825585823113,5.038015506641136,0.6898495196151331,8.410920977218707,86.43660561339894,8646,0.7385054513610207,81.39859010675781,0.9498858332954024,False,22019508.855731502,148923310.205451,0.6746261491067718,0.354810079181977,-0.0152233705083613,0.4590883469797742,0.0861541920318984,-0.0127171378323559,-0.2686558871500892,-0.002792882453072,187581297.6535005,8.870009324198481,daily_steps,3261273.1891205,13377205.4031975,86.52275980543084,WTMEC4YR,isotonic,8936,0.7257883135286648,"Mapped source is the grouped five-fold OOF isotonic prediction on the target algorithm scale. Positive/negative agreement are symmetric: 2a/(2a+b+c) and 2d/(2d+b+c). Cohen kappa uses the observed agreement minus agreement expected from the mapped/target marginals, divided by one minus expected agreement; every cell and marginal is WTMEC4YR-weighted in the weighted sensitivity. Attainment difference is mapped minus observed target percentage points. WTMEC4YR changes evaluation weights only; the D7 headline crosswalk fit remains unweighted.",81.12993421960772,0.9470929508423304,adept,oak,False,7000.0,whole_cohort_subject_grouped_5fold_oof,720
unweighted_primary,4.565801253357204,4.37196391394864,0.7032671669685552,11.219060837381448,76.97201017811705,8646,0.7775229357798165,72.60004626416841,0.9249922672440458,False,1779.0,6127.0,0.6987871214483434,0.1938373394085637,-0.0044800455202117,0.3073491894762057,-0.3605509122262589,-0.0020216280204441,-0.5543882516348333,-0.0025291537240217,8936.0,11.526410026857654,daily_steps,311.0,719.0,76.61145926589079,subjects,isotonic,8936,0.7755013077593723,"Mapped source is the grouped five-fold OOF isotonic prediction on the target algorithm scale. Positive/negative agreement are symmetric: 2a/(2a+b+c) and 2d/(2d+b+c). Cohen kappa uses the observed agreement minus agreement expected from the mapped/target marginals, divided by one minus expected agreement; every cell and marginal is WTMEC4YR-weighted in the weighted sensitivity. Attainment difference is mapped minus observed target percentage points. WTMEC4YR changes evaluation weights only; the D7 headline crosswalk fit remains unweighted.",72.04565801253358,0.922463113520024,adept,oak,False,8000.0,whole_cohort_subject_grouped_5fold_oof,720
WTMEC4YR_weighted_sensitivity,4.895427125996665,4.564265700851178,0.68386330119662,11.073629715404326,79.73771824755018,8646,0.7544041415475042,75.17345254669901,0.9285162609085684,False,32098228.3405305,133504602.703396,0.6700192405898069,0.3311614251454875,-0.013844060606813,0.6431388987954456,-0.2600247154978348,-0.0094489477430265,-0.5911861406433303,-0.0045695626159479,187581297.6535005,11.716768614199772,daily_steps,6397780.440474,15580686.1691,79.47769353205234,WTMEC4YR,isotonic,8936,0.7449551938044777,"Mapped source is the grouped five-fold OOF isotonic prediction on the target algorithm scale. Positive/negative agreement are symmetric: 2a/(2a+b+c) and 2d/(2d+b+c). Cohen kappa uses the observed agreement minus agreement expected from the mapped/target marginals, divided by one minus expected agreement; every cell and marginal is WTMEC4YR-weighted in the weighted sensitivity. Attainment difference is mapped minus observed target percentage points. WTMEC4YR changes evaluation weights only; the D7 headline crosswalk fit remains unweighted.",74.58226640605568,0.9239466982926204,adept,oak,False,8000.0,whole_cohort_subject_grouped_5fold_oof,720
unweighted_primary,6.356311548791405,4.591718713856119,0.6608416647275791,16.296553319454084,62.43349525792274,8646,0.7955897287102858,57.841776544066626,0.8645062025194731,False,2810.0,4618.0,0.6495588580406674,1.7645928349352855,-0.0112828066869117,0.5790062150132407,0.8610436856761794,-0.0071497736036639,-0.9035491492591065,-0.0048636113057723,8936.0,16.875559534467325,daily_steps,470.0,1038.0,63.29453894359892,subjects,isotonic,8936,0.7884399551066218,"Mapped source is the grouped five-fold OOF isotonic prediction on the target algorithm scale. Positive/negative agreement are symmetric: 2a/(2a+b+c) and 2d/(2d+b+c). Cohen kappa uses the observed agreement minus agreement expected from the mapped/target marginals, divided by one minus expected agreement; every cell and marginal is WTMEC4YR-weighted in the weighted sensitivity. Attainment difference is mapped minus observed target percentage points. WTMEC4YR changes evaluation weights only; the D7 headline crosswalk fit remains unweighted.",56.93822739480752,0.8596425912137007,adept,oak,False,10000.0,whole_cohort_subject_grouped_5fold_oof,720
WTMEC4YR_weighted_sensitivity,7.13438359469375,5.477334029426539,0.6427185062116002,16.732938450879686,65.61492120715133,8646,0.7746329460176501,60.1375871777248,0.8669375373438507,False,53620847.8618955,101738588.33064,0.6342437148642516,1.6570495652672106,-0.0084747913473486,0.4446063598429184,0.7781069264030691,-0.0056743887529639,-0.8789426388641459,-0.0036451867159842,187581297.6535005,17.177544810722605,daily_steps,9419546.06723,22802315.393735,66.3930281335544,WTMEC4YR,isotonic,8936,0.7689585572646861,"Mapped source is the grouped five-fold OOF isotonic prediction on the target algorithm scale. Positive/negative agreement are symmetric: 2a/(2a+b+c) and 2d/(2d+b+c). Cohen kappa uses the observed agreement minus agreement expected from the mapped/target marginals, divided by one minus expected agreement; every cell and marginal is WTMEC4YR-weighted in the weighted sensitivity. Attainment difference is mapped minus observed target percentage points. WTMEC4YR changes evaluation weights only; the D7 headline crosswalk fit remains unweighted.",59.25864453886065,0.8632923506278665,adept,oak,False,10000.0,whole_cohort_subject_grouped_5fold_oof,720
unweighted_primary,4.397940913160248,5.944945639602128,0.6980359602765621,10.501966227157066,80.71940781864446,8646,0.764033264033264,74.77446217904233,0.932460577209164,False,1622.0,6357.0,0.7029936276532344,-1.5470047264418805,0.0049576673766722,0.2075234774087349,-2.0264803343114295,0.0081638318962765,-0.4794756078695457,-0.0024627716353214,8936.0,10.7094897045658,daily_steps,282.0,675.0,78.69292748433303,subjects,isotonic,8936,0.7721970959295406,"Mapped source is the grouped five-fold OOF isotonic prediction on the target algorithm scale. Positive/negative agreement are symmetric: 2a/(2a+b+c) and 2d/(2d+b+c). Cohen kappa uses the observed agreement minus agreement expected from the mapped/target marginals, divided by one minus expected agreement; every cell and marginal is WTMEC4YR-weighted in the weighted sensitivity. Attainment difference is mapped minus observed target percentage points. WTMEC4YR changes evaluation weights only; the D7 headline crosswalk fit remains unweighted.",74.29498657117279,0.9299978055738424,adept,scrf,False,7000.0,whole_cohort_subject_grouped_5fold_oof,720
WTMEC4YR_weighted_sensitivity,4.782388818334349,6.290811044731881,0.6830439579092414,10.05878520180527,83.5282026210074,8646,0.7436233582232896,77.23739157627551,0.9374319782038584,False,29751673.2120545,138611661.3329875,0.692106320011659,-1.5084222263975322,0.0090623621024175,0.1863529590138615,-2.120259345431706,0.0122500739824092,-0.6118371190341776,-0.0022608803530741,187581297.6535005,10.245138160819131,daily_steps,5123548.052095501,14094415.056363,81.40794327557569,WTMEC4YR,isotonic,8936,0.7558734322056989,"Mapped source is the grouped five-fold OOF isotonic prediction on the target algorithm scale. Positive/negative agreement are symmetric: 2a/(2a+b+c) and 2d/(2d+b+c). Cohen kappa uses the observed agreement minus agreement expected from the mapped/target marginals, divided by one minus expected agreement; every cell and marginal is WTMEC4YR-weighted in the weighted sensitivity. Attainment difference is mapped minus observed target percentage points. WTMEC4YR changes evaluation weights only; the D7 headline crosswalk fit remains unweighted.",76.62555445724134,0.9351710978507842,adept,scrf,False,7000.0,whole_cohort_subject_grouped_5fold_oof,720
unweighted_primary,6.826320501342886,6.118436271108019,0.6837344048849472,12.965533194540829,74.49687716863289,8646,0.7730309779307553,68.37844089752487,0.9092528130818424,False,1971.0,5761.0,0.6732788242519417,0.7078842302348676,-0.0104555806330054,0.5080567786015155,0.1226393935873488,-0.0069991085176188,-0.5852448366475187,-0.003862274027937,8936.0,13.473589973142344,daily_steps,297.0,907.0,74.61951656222024,subjects,isotonic,8936,0.7660318694131364,"Mapped source is the grouped five-fold OOF isotonic prediction on the target algorithm scale. Positive/negative agreement are symmetric: 2a/(2a+b+c) and 2d/(2d+b+c). Cohen kappa uses the observed agreement minus agreement expected from the mapped/target marginals, divided by one minus expected agreement; every cell and marginal is WTMEC4YR-weighted in the weighted sensitivity. Attainment difference is mapped minus observed target percentage points. WTMEC4YR changes evaluation weights only; the D7 headline crosswalk fit remains unweighted.",67.79319606087735,0.9053905390539054,adept,scrf,False,8000.0,whole_cohort_subject_grouped_5fold_oof,720
WTMEC4YR_weighted_sensitivity,7.362527355916426,6.608535296884432,0.6741943986358363,12.545351121868492,77.50419539663744,8646,0.7568737211386894,70.89566009975302,0.915462511200534,False,36533055.786612,126302438.48903053,0.6601734640014794,0.7539920590319937,-0.0140209346343569,0.6466907753830959,0.1051953988333593,-0.0098674733848647,-0.6487966601986415,-0.0046845868273257,187581297.6535005,13.192041897251588,daily_steps,5467539.511768,19278263.86609,77.6093907954708,WTMEC4YR,isotonic,8936,0.7470062477538247,"Mapped source is the grouped five-fold OOF isotonic prediction on the target algorithm scale. Positive/negative agreement are symmetric: 2a/(2a+b+c) and 2d/(2d+b+c). Cohen kappa uses the observed agreement minus agreement expected from the mapped/target marginals, divided by one minus expected agreement; every cell and marginal is WTMEC4YR-weighted in the weighted sensitivity. Attainment difference is mapped minus observed target percentage points. WTMEC4YR changes evaluation weights only; the D7 headline crosswalk fit remains unweighted.",70.24686343955437,0.910777924373208,adept,scrf,False,8000.0,whole_cohort_subject_grouped_5fold_oof,720
unweighted_primary,6.692032229185319,5.7945870922970215,0.63082933389519,18.193384223918574,59.55355077492482,8646,0.790126751167445,53.7589636826278,0.8394406450954374,False,3075.0,4223.0,0.6289305417764859,0.8974451368882974,-0.0018987921187041,0.1369649255890372,0.2159210245380265,-0.0004503258977993,-0.6815241123502744,-0.0018761865472421,8936.0,18.33034914950761,daily_steps,520.0,1118.0,59.76947179946285,subjects,isotonic,8936,0.7896764252696457,"Mapped source is the grouped five-fold OOF isotonic prediction on the target algorithm scale. Positive/negative agreement are symmetric: 2a/(2a+b+c) and 2d/(2d+b+c). Cohen kappa uses the observed agreement minus agreement expected from the mapped/target marginals, divided by one minus expected agreement; every cell and marginal is WTMEC4YR-weighted in the weighted sensitivity. Attainment difference is mapped minus observed target percentage points. WTMEC4YR changes evaluation weights only; the D7 headline crosswalk fit remains unweighted.",53.07743957027753,0.8375644585481952,adept,scrf,False,10000.0,whole_cohort_subject_grouped_5fold_oof,720
WTMEC4YR_weighted_sensitivity,7.389527854859857,6.311081609206903,0.6263222809544184,18.088651250344416,62.621421702461774,8646,0.7768712920001675,56.31034009325487,0.8479073127545659,False,59142614.628394,93864091.8008345,0.6204319332316842,1.0784462456529536,-0.0058903477227342,0.3431389423740825,0.3283899314239136,-0.0030562444321635,-0.7500563142290417,-0.003436595964563,187581297.6535005,18.4317901927185,daily_steps,10356609.4918295,24217981.732442506,62.94981163388569,WTMEC4YR,isotonic,8936,0.7738150475680039,"Mapped source is the grouped five-fold OOF isotonic prediction on the target algorithm scale. Positive/negative agreement are symmetric: 2a/(2a+b+c) and 2d/(2d+b+c). Cohen kappa uses the observed agreement minus agreement expected from the mapped/target marginals, divided by one minus expected agreement; every cell and marginal is WTMEC4YR-weighted in the weighted sensitivity. Attainment difference is mapped minus observed target percentage points. WTMEC4YR changes evaluation weights only; the D7 headline crosswalk fit remains unweighted.",55.56028377902583,0.8444707167900029,adept,scrf,False,10000.0,whole_cohort_subject_grouped_5fold_oof,720
unweighted_primary,4.453894359892574,4.024982650936848,0.6767076532397956,14.8970622253065,66.15776081424937,8646,0.792258064516129,62.13277816331251,0.8838802740714028,False,2566.0,5006.0,0.6708286736279807,0.4289117089557264,-0.0058789796118149,0.3670380432700444,-0.2781726316173234,-0.0022334339742571,-0.7070843405730329,-0.0037818211881397,8936.0,15.264100268576543,daily_steps,483.0,881.0,65.87958818263205,subjects,isotonic,8936,0.7900246305418719,"Mapped source is the grouped five-fold OOF isotonic prediction on the target algorithm scale. Positive/negative agreement are symmetric: 2a/(2a+b+c) and 2d/(2d+b+c). Cohen kappa uses the observed agreement minus agreement expected from the mapped/target marginals, divided by one minus expected agreement; every cell and marginal is WTMEC4YR-weighted in the weighted sensitivity. Attainment difference is mapped minus observed target percentage points. WTMEC4YR changes evaluation weights only; the D7 headline crosswalk fit remains unweighted.",61.42569382273948,0.880098452883263,adept,scssl,False,7000.0,whole_cohort_subject_grouped_5fold_oof,720
WTMEC4YR_weighted_sensitivity,4.679254974083335,4.339727124914273,0.6799854702627546,14.225824565207262,68.96343797334143,8646,0.7857971113598242,64.62371084842717,0.893509033685663,False,49214731.3222405,110566270.2546485,0.6688982286322659,0.3395278491690625,-0.0110872416304886,0.5945740696097879,-0.2704906991277056,-0.0060327860396506,-0.6100185482967788,-0.0051869322622031,187581297.6535005,14.82039863481705,daily_steps,9511444.437855,18288851.6387565,68.69294727421372,WTMEC4YR,isotonic,8936,0.7797643253201736,"Mapped source is the grouped five-fold OOF isotonic prediction on the target algorithm scale. Positive/negative agreement are symmetric: 2a/(2a+b+c) and 2d/(2d+b+c). Cohen kappa uses the observed agreement minus agreement expected from the mapped/target marginals, divided by one minus expected agreement; every cell and marginal is WTMEC4YR-weighted in the weighted sensitivity. Attainment difference is mapped minus observed target percentage points. WTMEC4YR changes evaluation weights only; the D7 headline crosswalk fit remains unweighted.",64.01369230013039,0.8883221014234599,adept,scssl,False,7000.0,whole_cohort_subject_grouped_5fold_oof,720
unweighted_primary,3.413160250671443,2.5676613462872977,0.6723190011011376,16.28498727735369,55.378209576682856,8646,0.8226253464348703,52.81054823039556,0.8494761599315801,False,3403.0,4066.0,0.6702340485605331,0.8454989043841454,-0.0020849525406044,0.1317539939086174,0.0380840670055988,5.082907582720786e-05,-0.8074148373785519,-0.0023045795586246,8936.0,16.416741271262307,daily_steps,581.0,886.0,55.416293643688455,subjects,isotonic,8936,0.8226761755106975,"Mapped source is the grouped five-fold OOF isotonic prediction on the target algorithm scale. Positive/negative agreement are symmetric: 2a/(2a+b+c) and 2d/(2d+b+c). Cohen kappa uses the observed agreement minus agreement expected from the mapped/target marginals, divided by one minus expected agreement; every cell and marginal is WTMEC4YR-weighted in the weighted sensitivity. Attainment difference is mapped minus observed target percentage points. WTMEC4YR changes evaluation weights only; the D7 headline crosswalk fit remains unweighted.",52.00313339301701,0.8471715803729555,adept,scssl,False,8000.0,whole_cohort_subject_grouped_5fold_oof,720
WTMEC4YR_weighted_sensitivity,4.084119352932214,3.1044910698607597,0.6752288331120153,15.940216006160798,58.50498799279943,8646,0.8148521309335457,55.40049692293867,0.8600575203384402,False,66378307.64914751,90824783.169529,0.6710681375448879,0.9796282830714548,-0.0041606955671273,0.2544724914838436,0.0533064645825618,-0.0010674737868037,-0.9263218184889012,-0.003332179030965,187581297.6535005,16.19468849764464,daily_steps,11358581.377438,19019625.457386,58.55829445738199,WTMEC4YR,isotonic,8936,0.813784657146742,"Mapped source is the grouped five-fold OOF isotonic prediction on the target algorithm scale. Positive/negative agreement are symmetric: 2a/(2a+b+c) and 2d/(2d+b+c). Cohen kappa uses the observed agreement minus agreement expected from the mapped/target marginals, divided by one minus expected agreement; every cell and marginal is WTMEC4YR-weighted in the weighted sensitivity. Attainment difference is mapped minus observed target percentage points. WTMEC4YR changes evaluation weights only; the D7 headline crosswalk fit remains unweighted.",54.47417510444977,0.8567253413074751,adept,scssl,False,8000.0,whole_cohort_subject_grouped_5fold_oof,720
unweighted_primary,-1.980752014324083,-1.2838306731436544,0.6302907071949511,16.689798750867453,33.76127689104788,8646,0.8727849775191748,35.04510756419153,0.7574382249117498,False,5221.0,2240.0,0.6287001389240547,-0.6969213411804287,-0.0015905682708963,-0.1835319648334348,-1.4313753691141289,0.003442260879751,-0.7344540279337011,-0.0051292408647305,8936.0,16.50626678603402,daily_steps,826.0,649.0,32.32990152193375,subjects,isotonic,8936,0.8762272383989259,"Mapped source is the grouped five-fold OOF isotonic prediction on the target algorithm scale. Positive/negative agreement are symmetric: 2a/(2a+b+c) and 2d/(2d+b+c). Cohen kappa uses the observed agreement minus agreement expected from the mapped/target marginals, divided by one minus expected agreement; every cell and marginal is WTMEC4YR-weighted in the weighted sensitivity. Attainment difference is mapped minus observed target percentage points. WTMEC4YR changes evaluation weights only; the D7 headline crosswalk fit remains unweighted.",34.31065353625783,0.7523089840470193,adept,scssl,False,10000.0,whole_cohort_subject_grouped_5fold_oof,720
WTMEC4YR_weighted_sensitivity,-0.7918443622435323,0.1839253321276601,0.6321227845511755,17.033030577554122,36.49175767982719,8646,0.8660929584956515,36.30783234769952,0.7660284821506047,False,105877349.252444,49921683.911935,0.6280632234384431,-0.9757696943711924,-0.0040595611127324,-0.0898358738744526,-1.80272364209128,0.003404204898378,-0.826953947720078,-0.0074880210764782,187581297.6535005,16.94319470367967,daily_steps,16633808.209606998,15148456.2795145,34.68903403773591,WTMEC4YR,isotonic,8936,0.8694971633940295,"Mapped source is the grouped five-fold OOF isotonic prediction on the target algorithm scale. Positive/negative agreement are symmetric: 2a/(2a+b+c) and 2d/(2d+b+c). Cohen kappa uses the observed agreement minus agreement expected from the mapped/target marginals, divided by one minus expected agreement; every cell and marginal is WTMEC4YR-weighted in the weighted sensitivity. Attainment difference is mapped minus observed target percentage points. WTMEC4YR changes evaluation weights only; the D7 headline crosswalk fit remains unweighted.",35.480878399979446,0.7585404610741264,adept,scssl,False,10000.0,whole_cohort_subject_grouped_5fold_oof,720
unweighted_primary,6.524171888988361,5.968077723802912,0.6672148664879017,13.60166551006246,74.55470737913485,8646,0.7607811228641171,68.58662965533195,0.9049773755656108,False,1957.0,5726.0,0.6606340097047548,0.5560941651854492,-0.0065808567831469,0.4202682410566112,-0.203767361229751,-0.0032816067038694,-0.7598615264152073,-0.0035999650972913,8936.0,14.02193375111907,daily_steps,335.0,918.0,74.3509400179051,subjects,isotonic,8936,0.7574995161602477,"Mapped source is the grouped five-fold OOF isotonic prediction on the target algorithm scale. Positive/negative agreement are symmetric: 2a/(2a+b+c) and 2d/(2d+b+c). Cohen kappa uses the observed agreement minus agreement expected from the mapped/target marginals, divided by one minus expected agreement; every cell and marginal is WTMEC4YR-weighted in the weighted sensitivity. Attainment difference is mapped minus observed target percentage points. WTMEC4YR changes evaluation weights only; the D7 headline crosswalk fit remains unweighted.",67.82676812891674,0.9013774104683197,adept,vs,False,7000.0,whole_cohort_subject_grouped_5fold_oof,720
WTMEC4YR_weighted_sensitivity,7.450753401208643,6.821102626266418,0.653321211663298,13.376214497122882,77.54429554887878,8646,0.741435045353414,70.72319292261237,0.909783226012526,False,36201028.909521,124948607.454588,0.6394899155175092,0.6296507749422249,-0.0138312961457888,0.7145619395643035,-0.1631547461939817,-0.0088707092930914,-0.7928055211362164,-0.0054361366059089,187581297.6535005,14.090776436687186,daily_steps,6227720.687221,20203940.6021705,77.3811408026848,WTMEC4YR,isotonic,8936,0.7325643360603226,"Mapped source is the grouped five-fold OOF isotonic prediction on the target algorithm scale. Positive/negative agreement are symmetric: 2a/(2a+b+c) and 2d/(2d+b+c). Cohen kappa uses the observed agreement minus agreement expected from the mapped/target marginals, divided by one minus expected agreement; every cell and marginal is WTMEC4YR-weighted in the weighted sensitivity. Attainment difference is mapped minus observed target percentage points. WTMEC4YR changes evaluation weights only; the D7 headline crosswalk fit remains unweighted.",69.93038740147615,0.9043470894066172,adept,vs,False,7000.0,whole_cohort_subject_grouped_5fold_oof,720
unweighted_primary,6.468218442256046,7.379134860050895,0.6391466369974934,17.025213971778857,66.12306268794819,8646,0.7733990147783252,58.74392782789729,0.8636532048907003,False,2690.0,4672.0,0.6311130488641066,-0.9109164177948488,-0.0080335881333868,0.5889310595550725,-1.7989803244745983,0.0002564353223363,-0.8880639066797471,-0.0078188029855894,8936.0,17.61414503133393,daily_steps,498.0,1076.0,64.3240823634736,subjects,isotonic,8936,0.7736554501006615,"Mapped source is the grouped five-fold OOF isotonic prediction on the target algorithm scale. Positive/negative agreement are symmetric: 2a/(2a+b+c) and 2d/(2d+b+c). Cohen kappa uses the observed agreement minus agreement expected from the mapped/target marginals, divided by one minus expected agreement; every cell and marginal is WTMEC4YR-weighted in the weighted sensitivity. Attainment difference is mapped minus observed target percentage points. WTMEC4YR changes evaluation weights only; the D7 headline crosswalk fit remains unweighted.",57.85586392121754,0.8558344019051108,adept,vs,False,8000.0,whole_cohort_subject_grouped_5fold_oof,720
WTMEC4YR_weighted_sensitivity,7.968499326845113,8.63870749494583,0.6265864496112484,17.21451253938143,68.93568083420291,8646,0.7567449741357201,60.29697333925708,0.8667944054118428,False,52003637.48278651,102089861.8121225,0.6181525274171115,-0.670208168100717,-0.0084339221941369,0.6379059999390755,-1.6008933090967616,-0.0003013252759472,-0.9306851409960402,-0.0076962757187578,187581297.6535005,17.852418539320507,daily_steps,9270191.9588925,24217606.399699003,67.33478752510615,WTMEC4YR,isotonic,8936,0.7564436488597728,"Mapped source is the grouped five-fold OOF isotonic prediction on the target algorithm scale. Positive/negative agreement are symmetric: 2a/(2a+b+c) and 2d/(2d+b+c). Cohen kappa uses the observed agreement minus agreement expected from the mapped/target marginals, divided by one minus expected agreement; every cell and marginal is WTMEC4YR-weighted in the weighted sensitivity. Attainment difference is mapped minus observed target percentage points. WTMEC4YR changes evaluation weights only; the D7 headline crosswalk fit remains unweighted.",59.36628819826104,0.859098129693085,adept,vs,False,8000.0,whole_cohort_subject_grouped_5fold_oof,720
unweighted_primary,2.8760071620411773,2.960906777700667,0.5798524333944786,20.30996992829054,42.25075179273652,8646,0.8285491115016599,39.28984501503586,0.7509219858156029,False,4478.0,2639.0,0.5752446841380626,-0.0848996156594896,-0.0046077492564159,0.0458939929270059,-1.1025870657893435,0.0026341831619132,-1.0176874501298556,-0.0072274670048377,8936.0,20.355863921217544,daily_steps,781.0,1038.0,41.14816472694718,subjects,isotonic,8936,0.8311832946635731,"Mapped source is the grouped five-fold OOF isotonic prediction on the target algorithm scale. Positive/negative agreement are symmetric: 2a/(2a+b+c) and 2d/(2d+b+c). Cohen kappa uses the observed agreement minus agreement expected from the mapped/target marginals, divided by one minus expected agreement; every cell and marginal is WTMEC4YR-weighted in the weighted sensitivity. Attainment difference is mapped minus observed target percentage points. WTMEC4YR changes evaluation weights only; the D7 headline crosswalk fit remains unweighted.",38.272157564906,0.7436945188107651,adept,vs,False,10000.0,whole_cohort_subject_grouped_5fold_oof,720
WTMEC4YR_weighted_sensitivity,5.649804786440144,5.576378887728916,0.5713419919735595,21.006098655598013,45.201524815668165,8646,0.817613167985833,39.62514592793925,0.752364457175386,False,90191530.9815815,57658905.667586,0.564683611203796,0.0734258987112275,-0.0066583807697635,0.174510233100321,-1.048229272638892,0.0018854785845613,-1.1216551713501277,-0.008612127051176,187581297.6535005,21.180608888698337,daily_steps,14566441.935519502,25164419.0688135,44.15329554302927,WTMEC4YR,isotonic,8936,0.8194986465703943,"Mapped source is the grouped five-fold OOF isotonic prediction on the target algorithm scale. Positive/negative agreement are symmetric: 2a/(2a+b+c) and 2d/(2d+b+c). Cohen kappa uses the observed agreement minus agreement expected from the mapped/target marginals, divided by one minus expected agreement; every cell and marginal is WTMEC4YR-weighted in the weighted sensitivity. Attainment difference is mapped minus observed target percentage points. WTMEC4YR changes evaluation weights only; the D7 headline crosswalk fit remains unweighted.",38.50349075658912,0.7437523301242099,adept,vs,False,10000.0,whole_cohort_subject_grouped_5fold_oof,720
unweighted_primary,6.815129811996423,7.113115891741851,0.642088803741639,16.689798750867453,67.01364792967847,8646,0.7716410824497547,59.900532037936614,0.8684953977945867,False,2583.0,4842.0,0.6405134533200101,-0.2979860797454279,-0.0015753504216289,0.2193328516392618,-0.966199406849455,0.0020596813663303,-0.6682133271040271,-0.0034663669772575,8936.0,16.909131602506715,daily_steps,451.0,1060.0,66.04744852282901,subjects,isotonic,8936,0.7737007638160851,"Mapped source is the grouped five-fold OOF isotonic prediction on the target algorithm scale. Positive/negative agreement are symmetric: 2a/(2a+b+c) and 2d/(2d+b+c). Cohen kappa uses the observed agreement minus agreement expected from the mapped/target marginals, divided by one minus expected agreement; every cell and marginal is WTMEC4YR-weighted in the weighted sensitivity. Attainment difference is mapped minus observed target percentage points. WTMEC4YR changes evaluation weights only; the D7 headline crosswalk fit remains unweighted.",59.23231871083259,0.8650290308173292,adept,vsrev,False,7000.0,whole_cohort_subject_grouped_5fold_oof,720
WTMEC4YR_weighted_sensitivity,7.320864172188024,7.435401795154217,0.6368147354919846,16.371856739361455,69.83895865624,8646,0.7583756707563754,62.40355686108578,0.876198235678476,False,49178789.6695205,106484438.2466585,0.6268635885826099,-0.1145376229661927,-0.0099511469093747,0.6437360391256846,-0.9036432811432604,-0.0033797829109989,-0.7891056581770641,-0.0065362150138895,187581297.6535005,17.01559277848714,daily_steps,9092748.8618405,22825320.875481,68.93531537509674,WTMEC4YR,isotonic,8936,0.7549958878453764,"Mapped source is the grouped five-fold OOF isotonic prediction on the target algorithm scale. Positive/negative agreement are symmetric: 2a/(2a+b+c) and 2d/(2d+b+c). Cohen kappa uses the observed agreement minus agreement expected from the mapped/target marginals, divided by one minus expected agreement; every cell and marginal is WTMEC4YR-weighted in the weighted sensitivity. Attainment difference is mapped minus observed target percentage points. WTMEC4YR changes evaluation weights only; the D7 headline crosswalk fit remains unweighted.",61.61445120290872,0.8696620206645864,adept,vsrev,False,7000.0,whole_cohort_subject_grouped_5fold_oof,720
unweighted_primary,8.370635631154876,7.240342354846174,0.604880171555695,19.66227157066852,58.616701364792966,8646,0.7815471601130815,51.3763590099468,0.8212407991587802,False,3138.0,4000.0,0.5966557244993872,1.130293276308702,-0.0082244470563077,0.458587874273288,0.3918035591103503,-0.0042372765361679,-0.7384897171983553,-0.0047476372890108,8936.0,20.120859444941807,daily_steps,525.0,1273.0,59.00850492390332,subjects,isotonic,8936,0.7773098835769136,"Mapped source is the grouped five-fold OOF isotonic prediction on the target algorithm scale. Positive/negative agreement are symmetric: 2a/(2a+b+c) and 2d/(2d+b+c). Cohen kappa uses the observed agreement minus agreement expected from the mapped/target marginals, divided by one minus expected agreement; every cell and marginal is WTMEC4YR-weighted in the weighted sensitivity. Attainment difference is mapped minus observed target percentage points. WTMEC4YR changes evaluation weights only; the D7 headline crosswalk fit remains unweighted.",50.63786929274844,0.8164931618697694,adept,vsrev,False,8000.0,whole_cohort_subject_grouped_5fold_oof,720
WTMEC4YR_weighted_sensitivity,9.701591704018895,8.540388402876575,0.5906031088715537,20.145308353083543,61.87745708477572,8646,0.762396701377824,53.33706868189915,0.8251495788484123,False,60393207.00872199,87736857.68543851,0.574330714123678,1.1612033011423222,-0.0162723947478756,0.8862302133113715,0.2618187539820908,-0.0086012213746502,-0.8993845471602313,-0.0087077616738233,187581297.6535005,21.03153856639492,daily_steps,10626430.6739485,28824802.2853915,62.13927583875781,WTMEC4YR,isotonic,8936,0.7537954800031738,"Mapped source is the grouped five-fold OOF isotonic prediction on the target algorithm scale. Positive/negative agreement are symmetric: 2a/(2a+b+c) and 2d/(2d+b+c). Cohen kappa uses the observed agreement minus agreement expected from the mapped/target marginals, divided by one minus expected agreement; every cell and marginal is WTMEC4YR-weighted in the weighted sensitivity. Attainment difference is mapped minus observed target percentage points. WTMEC4YR changes evaluation weights only; the D7 headline crosswalk fit remains unweighted.",52.43768413473891,0.816441817174589,adept,vsrev,False,8000.0,whole_cohort_subject_grouped_5fold_oof,720
unweighted_primary,2.976723366159356,3.4235484617164023,0.5484894236781503,20.911404117510987,38.02914642609299,8646,0.8358154740283328,34.605597964376585,0.7121019108280254,False,4830.0,2248.0,0.5467112867335822,-0.4468250955570463,-0.0017781369445681,-0.1191033117813553,-0.9879646892980034,0.0028717980675171,-0.5411395937409509,-0.0045161380864453,8936.0,20.79230080572963,daily_steps,796.0,1062.0,37.04118173679499,subjects,isotonic,8936,0.8386872720958499,"Mapped source is the grouped five-fold OOF isotonic prediction on the target algorithm scale. Positive/negative agreement are symmetric: 2a/(2a+b+c) and 2d/(2d+b+c). Cohen kappa uses the observed agreement minus agreement expected from the mapped/target marginals, divided by one minus expected agreement; every cell and marginal is WTMEC4YR-weighted in the weighted sensitivity. Attainment difference is mapped minus observed target percentage points. WTMEC4YR changes evaluation weights only; the D7 headline crosswalk fit remains unweighted.",34.064458370635634,0.7075857727415801,adept,vsrev,False,10000.0,whole_cohort_subject_grouped_5fold_oof,720
WTMEC4YR_weighted_sensitivity,5.127670705443599,5.484511621576843,0.5298790629236664,22.224259975062463,40.74870775616251,8646,0.8207534439271047,35.26419613458567,0.7076251683923963,False,97250372.9909475,49107886.9322145,0.5308067503780086,-0.356840916133244,0.0009276874543422,-0.2481684104942623,-1.0173047037176843,0.0043679881102212,-0.6604637875844404,-0.003260488708662,187581297.6535005,21.976091564568204,daily_steps,15802243.2408345,25420794.489504,39.731403052444826,WTMEC4YR,isotonic,8936,0.8251214320373259,"Mapped source is the grouped five-fold OOF isotonic prediction on the target algorithm scale. Positive/negative agreement are symmetric: 2a/(2a+b+c) and 2d/(2d+b+c). Cohen kappa uses the observed agreement minus agreement expected from the mapped/target marginals, divided by one minus expected agreement; every cell and marginal is WTMEC4YR-weighted in the weighted sensitivity. Attainment difference is mapped minus observed target percentage points. WTMEC4YR changes evaluation weights only; the D7 headline crosswalk fit remains unweighted.",34.60373234700123,0.7043646796837343,adept,vsrev,False,10000.0,whole_cohort_subject_grouped_5fold_oof,720
unweighted_primary,1.063115487914057,0.7286606523247752,0.7930281795538372,4.2216053666435345,88.83876937312051,8646,0.81685900652283,88.11010872079575,0.9761422315183998,False,853.0,7678.0,0.7825104529692106,0.3344548355892818,-0.0105177265846265,0.3106238186742809,-0.1189842343559632,-0.0087112092703429,-0.4534390699452615,-0.00183857058318,8936.0,4.532229185317815,daily_steps,155.0,250.0,88.71978513876455,subjects,isotonic,8936,0.808147797252487,"Mapped source is the grouped five-fold OOF isotonic prediction on the target algorithm scale. Positive/negative agreement are symmetric: 2a/(2a+b+c) and 2d/(2d+b+c). Cohen kappa uses the observed agreement minus agreement expected from the mapped/target marginals, divided by one minus expected agreement; every cell and marginal is WTMEC4YR-weighted in the weighted sensitivity. Attainment difference is mapped minus observed target percentage points. WTMEC4YR changes evaluation weights only; the D7 headline crosswalk fit remains unweighted.",87.65666965085049,0.9743036609352198,oak,acti,False,7000.0,whole_cohort_subject_grouped_5fold_oof,720
WTMEC4YR_weighted_sensitivity,1.7932399284370848,1.4292605228762634,0.759465753639768,4.2632557905706,90.89304640491362,8646,0.7829649548968362,89.46378588203736,0.9763621054078636,False,14695249.253594,164414491.4181705,0.7513566040704576,0.3639794055608214,-0.0081091495693104,0.2529497628127819,-0.0885987314696592,-0.0067128965323406,-0.4525781370304855,-0.0014778582207856,187581297.6535005,4.516205553383382,daily_steps,2553887.1269665,5917669.8547695,90.80444767344396,WTMEC4YR,isotonic,8936,0.7762520583644955,"Mapped source is the grouped five-fold OOF isotonic prediction on the target algorithm scale. Positive/negative agreement are symmetric: 2a/(2a+b+c) and 2d/(2d+b+c). Cohen kappa uses the observed agreement minus agreement expected from the mapped/target marginals, divided by one minus expected agreement; every cell and marginal is WTMEC4YR-weighted in the weighted sensitivity. Attainment difference is mapped minus observed target percentage points. WTMEC4YR changes evaluation weights only; the D7 headline crosswalk fit remains unweighted.",89.01120774500687,0.974884247187078,oak,acti,False,7000.0,whole_cohort_subject_grouped_5fold_oof,720
unweighted_primary,1.7009847806624956,1.1219060837381445,0.8158253830072065,5.146888734674994,83.77284293314827,8646,0.8467102996899759,82.65093684941013,0.969073597887275,False,1303.0,7135.0,0.8059381057173437,0.5790786969243511,-0.0098872772898628,0.4260745598639488,-0.2903004085287506,-0.0071484440198728,-0.8693791054531061,-0.0027951580172858,8936.0,5.572963294538943,daily_steps,173.0,325.0,83.48254252461952,subjects,isotonic,8936,0.8395618556701031,"Mapped source is the grouped five-fold OOF isotonic prediction on the target algorithm scale. Positive/negative agreement are symmetric: 2a/(2a+b+c) and 2d/(2d+b+c). Cohen kappa uses the observed agreement minus agreement expected from the mapped/target marginals, divided by one minus expected agreement; every cell and marginal is WTMEC4YR-weighted in the weighted sensitivity. Attainment difference is mapped minus observed target percentage points. WTMEC4YR changes evaluation weights only; the D7 headline crosswalk fit remains unweighted.",81.78155774395702,0.9662784398699892,oak,acti,False,8000.0,whole_cohort_subject_grouped_5fold_oof,720
WTMEC4YR_weighted_sensitivity,2.3768224344764888,1.6960348376398038,0.8014264845907569,4.986946267065877,86.13294954788422,8646,0.8305496681766652,84.43691471024441,0.9707630284590072,False,23546450.481493495,153857824.63747752,0.7905119665722187,0.680787596836685,-0.0109145180185382,0.4384467021886911,-0.2098990606120452,-0.0082524118335661,-0.8906866574487253,-0.0027770490295371,187581297.6535005,5.425392969254568,daily_steps,2859274.0845095,7317748.45002,85.92305048727218,WTMEC4YR,isotonic,8936,0.822297256343099,"Mapped source is the grouped five-fold OOF isotonic prediction on the target algorithm scale. Positive/negative agreement are symmetric: 2a/(2a+b+c) and 2d/(2d+b+c). Cohen kappa uses the observed agreement minus agreement expected from the mapped/target marginals, divided by one minus expected agreement; every cell and marginal is WTMEC4YR-weighted in the weighted sensitivity. Attainment difference is mapped minus observed target percentage points. WTMEC4YR changes evaluation weights only; the D7 headline crosswalk fit remains unweighted.",83.54622805279568,0.9679859794294702,oak,acti,False,8000.0,whole_cohort_subject_grouped_5fold_oof,720
unweighted_primary,0.0559534467323152,0.1850566736062875,0.8207444154145742,8.026833217672912,66.25028915105251,8646,0.881408065618592,66.06523247744622,0.9393356643356644,False,2791.0,5444.0,0.8279407592899536,-0.1291032268739722,0.0071963438753793,-0.1821599858018299,-1.3778630096021942,0.0070210287630728,-1.2487597827282144,0.0001759414974533,8936.0,7.844673231871083,daily_steps,348.0,353.0,64.87242614145032,subjects,isotonic,8936,0.8884290943816648,"Mapped source is the grouped five-fold OOF isotonic prediction on the target algorithm scale. Positive/negative agreement are symmetric: 2a/(2a+b+c) and 2d/(2d+b+c). Cohen kappa uses the observed agreement minus agreement expected from the mapped/target marginals, divided by one minus expected agreement; every cell and marginal is WTMEC4YR-weighted in the weighted sensitivity. Attainment difference is mapped minus observed target percentage points. WTMEC4YR changes evaluation weights only; the D7 headline crosswalk fit remains unweighted.",64.816472694718,0.9395116058331175,oak,acti,False,10000.0,whole_cohort_subject_grouped_5fold_oof,720
WTMEC4YR_weighted_sensitivity,1.07861029076064,1.3654850284050002,0.8103096831303043,8.206098709539896,69.05230804828072,8646,0.8702815998562865,67.68682301987572,0.9399871957249044,False,54510370.6476625,118354224.925282,0.8225553015967167,-0.2868747376443603,0.0122456184664124,-0.3605926464884312,-1.4953537352441373,0.0107834869998348,-1.2084789975997694,0.0014796703880459,187581297.6535005,7.845506063051465,daily_steps,6346715.4502615,8369986.630294499,67.55695431303658,WTMEC4YR,isotonic,8936,0.8810650868561214,"Mapped source is the grouped five-fold OOF isotonic prediction on the target algorithm scale. Positive/negative agreement are symmetric: 2a/(2a+b+c) and 2d/(2d+b+c). Cohen kappa uses the observed agreement minus agreement expected from the mapped/target marginals, divided by one minus expected agreement; every cell and marginal is WTMEC4YR-weighted in the weighted sensitivity. Attainment difference is mapped minus observed target percentage points. WTMEC4YR changes evaluation weights only; the D7 headline crosswalk fit remains unweighted.",66.47834402227595,0.9414668661129504,oak,acti,False,10000.0,whole_cohort_subject_grouped_5fold_oof,720
unweighted_primary,-1.2085944494180842,-1.2028683784408976,0.1075557390586304,1.4804533888503355,0.2313208420078649,8646,0.9925355726615348,1.4341892204487623,0.1111111111111111,True,8804.0,6.0,0.0842162283505691,-0.0057260709771866,-0.0233395107080612,-0.070426531195904,-0.0634605018109087,0.0003594312856851,-0.0577344308337222,-0.0241545893719806,8936.0,1.4100268576544317,daily_steps,117.0,9.0,0.1678603401969561,subjects,isotonic,8936,0.99289500394722,"Mapped source is the grouped five-fold OOF isotonic prediction on the target algorithm scale. Positive/negative agreement are symmetric: 2a/(2a+b+c) and 2d/(2d+b+c). Cohen kappa uses the observed agreement minus agreement expected from the mapped/target marginals, divided by one minus expected agreement; every cell and marginal is WTMEC4YR-weighted in the weighted sensitivity. Attainment difference is mapped minus observed target percentage points. WTMEC4YR changes evaluation weights only; the D7 headline crosswalk fit remains unweighted.",1.3764547896150403,0.0869565217391304,oak,adept,True,7000.0,whole_cohort_subject_grouped_5fold_oof,720
WTMEC4YR_weighted_sensitivity,-1.0598838574469678,-1.0948945485263362,0.0850696378773392,1.295191598598296,0.1624034623360762,8646,0.993477743722782,1.2572980108624123,0.0877014477696358,True,185220697.9616455,73989.322608,0.0587469846180125,0.0350106910793683,-0.0263226532593267,-0.0761946101720734,-0.0434030271571193,0.0003874600433865,-0.0784137182364876,-0.0269196713232158,187581297.6535005,1.2189969884262226,daily_steps,2137377.1313329996,149233.237914,0.1190004351789568,WTMEC4YR,isotonic,8936,0.9938652037661684,"Mapped source is the grouped five-fold OOF isotonic prediction on the target algorithm scale. Positive/negative agreement are symmetric: 2a/(2a+b+c) and 2d/(2d+b+c). Cohen kappa uses the observed agreement minus agreement expected from the mapped/target marginals, divided by one minus expected agreement; every cell and marginal is WTMEC4YR-weighted in the weighted sensitivity. Attainment difference is mapped minus observed target percentage points. WTMEC4YR changes evaluation weights only; the D7 headline crosswalk fit remains unweighted.",1.1788842926259246,0.0607817764464199,oak,adept,True,7000.0,whole_cohort_subject_grouped_5fold_oof,720
unweighted_primary,-0.6714413607878245,-0.7864908628267407,0.0,0.7864908628267407,0.0,8646,0.9960520204366,0.7864908628267407,0.0,True,8865.0,1.0,0.0265795206971688,0.1150495020389162,0.0265795206971688,-0.0031426085742787,0.0671441360787824,1.539529373695281e-05,-0.0479053659601337,0.0277777777777777,8936.0,0.783348254252462,daily_steps,65.0,5.0,0.0671441360787824,subjects,isotonic,8936,0.9960674157303372,"Mapped source is the grouped five-fold OOF isotonic prediction on the target algorithm scale. Positive/negative agreement are symmetric: 2a/(2a+b+c) and 2d/(2d+b+c). Cohen kappa uses the observed agreement minus agreement expected from the mapped/target marginals, divided by one minus expected agreement; every cell and marginal is WTMEC4YR-weighted in the weighted sensitivity. Attainment difference is mapped minus observed target percentage points. WTMEC4YR changes evaluation weights only; the D7 headline crosswalk fit remains unweighted.",0.738585496866607,0.0277777777777777,oak,adept,True,8000.0,whole_cohort_subject_grouped_5fold_oof,720
WTMEC4YR_weighted_sensitivity,-0.5370053280240765,-0.636989421559268,-1.742922232377863e-14,0.636989421559268,0.0,8646,0.99680487659315,0.636989421559268,0.0,True,186410050.4951015,12201.092855,0.0197676756654599,0.0999840935351914,0.0197676756654773,-0.0190994293037577,0.0469467613992468,9.58969535334031e-05,-0.0530373321359445,0.0206195629459446,187581297.6535005,0.6178899922555102,daily_steps,1083183.8141599998,75862.251384,0.0469467613992468,WTMEC4YR,isotonic,8936,0.9969007735466832,"Mapped source is the grouped five-fold OOF isotonic prediction on the target algorithm scale. Positive/negative agreement are symmetric: 2a/(2a+b+c) and 2d/(2d+b+c). Cohen kappa uses the observed agreement minus agreement expected from the mapped/target marginals, divided by one minus expected agreement; every cell and marginal is WTMEC4YR-weighted in the weighted sensitivity. Attainment difference is mapped minus observed target percentage points. WTMEC4YR changes evaluation weights only; the D7 headline crosswalk fit remains unweighted.",0.5839520894233234,0.0206195629459446,oak,adept,True,8000.0,whole_cohort_subject_grouped_5fold_oof,720
unweighted_primary,-0.1790510295434198,-0.1966227157066851,0.0,0.1966227157066851,0.0,8646,0.999015918958032,0.1966227157066851,0.0,True,8920.0,0.0,0.0,0.0175716861632653,0.0,-0.0175716861632653,0.0,8.802369429783408e-05,-0.0175716861632653,0.0,8936.0,0.1790510295434198,daily_steps,16.0,0.0,0.0,subjects,isotonic,8936,0.9991039426523296,"Mapped source is the grouped five-fold OOF isotonic prediction on the target algorithm scale. Positive/negative agreement are symmetric: 2a/(2a+b+c) and 2d/(2d+b+c). Cohen kappa uses the observed agreement minus agreement expected from the mapped/target marginals, divided by one minus expected agreement; every cell and marginal is WTMEC4YR-weighted in the weighted sensitivity. Attainment difference is mapped minus observed target percentage points. WTMEC4YR changes evaluation weights only; the D7 headline crosswalk fit remains unweighted.",0.1790510295434198,0.0,oak,adept,True,10000.0,whole_cohort_subject_grouped_5fold_oof,720
WTMEC4YR_weighted_sensitivity,-0.1453010186047264,-0.1567044574581063,-7.084820959365515e-14,0.1567044574581063,0.0,8646,0.9992158633241476,0.1567044574581063,0.0,True,187308740.117298,0.0,0.0,0.0114034388533799,7.084820959365515e-14,-0.0114034388533799,0.0,5.7103389443424746e-05,-0.0114034388533799,0.0,187581297.6535005,0.1453010186047264,daily_steps,272557.5362025,0.0,0.0,WTMEC4YR,isotonic,8936,0.999272966713591,"Mapped source is the grouped five-fold OOF isotonic prediction on the target algorithm scale. Positive/negative agreement are symmetric: 2a/(2a+b+c) and 2d/(2d+b+c). Cohen kappa uses the observed agreement minus agreement expected from the mapped/target marginals, divided by one minus expected agreement; every cell and marginal is WTMEC4YR-weighted in the weighted sensitivity. Attainment difference is mapped minus observed target percentage points. WTMEC4YR changes evaluation weights only; the D7 headline crosswalk fit remains unweighted.",0.1453010186047264,0.0,oak,adept,True,10000.0,whole_cohort_subject_grouped_5fold_oof,720
unweighted_primary,1.1078782452999092,1.2838306731436488,0.8275465660607328,6.3960212815174655,76.05829285218599,8646,0.8699129616560809,74.77446217904233,0.9575952764358562,False,1957.0,6398.0,0.8273406579139378,-0.1759524278437396,-0.0002059081467949,0.1057692287779685,-0.6554280357132996,0.0008323108689468,-0.4794756078695457,-0.0010280341543281,8936.0,6.501790510295434,daily_steps,241.0,340.0,75.40286481647269,subjects,isotonic,8936,0.8707452725250278,"Mapped source is the grouped five-fold OOF isotonic prediction on the target algorithm scale. Positive/negative agreement are symmetric: 2a/(2a+b+c) and 2d/(2d+b+c). Cohen kappa uses the observed agreement minus agreement expected from the mapped/target marginals, divided by one minus expected agreement; every cell and marginal is WTMEC4YR-weighted in the weighted sensitivity. Attainment difference is mapped minus observed target percentage points. WTMEC4YR changes evaluation weights only; the D7 headline crosswalk fit remains unweighted.",74.29498657117279,0.956567242281528,oak,scrf,False,7000.0,whole_cohort_subject_grouped_5fold_oof,720
WTMEC4YR_weighted_sensitivity,1.353626185927559,1.3377135375272298,0.8281101913994623,5.918814728340864,78.57510511380275,8646,0.8660522934091215,77.23739157627551,0.9620132219554008,False,36866524.913822,139294795.595428,0.8265561199396582,0.0159126484003291,-0.0015540714598041,0.1692000615692892,-0.5959244706338467,-0.0001635229255984,-0.6118371190341776,-0.0013911542416027,187581297.6535005,6.0880147899101535,daily_steps,4440413.789655,6979563.354595499,77.9791806431689,WTMEC4YR,isotonic,8936,0.8658887704835231,"Mapped source is the grouped five-fold OOF isotonic prediction on the target algorithm scale. Positive/negative agreement are symmetric: 2a/(2a+b+c) and 2d/(2d+b+c). Cohen kappa uses the observed agreement minus agreement expected from the mapped/target marginals, divided by one minus expected agreement; every cell and marginal is WTMEC4YR-weighted in the weighted sensitivity. Attainment difference is mapped minus observed target percentage points. WTMEC4YR changes evaluation weights only; the D7 headline crosswalk fit remains unweighted.",76.62555445724134,0.960622067713798,oak,scrf,False,7000.0,whole_cohort_subject_grouped_5fold_oof,720
unweighted_primary,2.0255147717099353,2.0703215359703875,0.8293012830738404,7.251908396946565,70.44876243349526,8646,0.8814520703346569,68.37844089752487,0.9477630592351912,False,2451.0,5812.0,0.8246375166835459,-0.0448067642604521,-0.0046637663902945,0.2794255332235345,-0.6300516009079757,-0.0021695591238946,-0.5852448366475187,-0.0024918548764045,8936.0,7.531333930170099,daily_steps,246.0,427.0,69.81871083258729,subjects,isotonic,8936,0.8792825112107623,"Mapped source is the grouped five-fold OOF isotonic prediction on the target algorithm scale. Positive/negative agreement are symmetric: 2a/(2a+b+c) and 2d/(2d+b+c). Cohen kappa uses the observed agreement minus agreement expected from the mapped/target marginals, divided by one minus expected agreement; every cell and marginal is WTMEC4YR-weighted in the weighted sensitivity. Attainment difference is mapped minus observed target percentage points. WTMEC4YR changes evaluation weights only; the D7 headline crosswalk fit remains unweighted.",67.79319606087735,0.9452712043587866,oak,scrf,False,8000.0,whole_cohort_subject_grouped_5fold_oof,720
WTMEC4YR_weighted_sensitivity,2.2991047276186283,2.216605142159944,0.8319498221062019,6.779325540591195,73.11226524191295,8646,0.8789234801182324,70.89566009975302,0.952923941342069,False,46922979.046996,127194327.8775725,0.8243789894190089,0.082499585458684,-0.007570832687193,0.3983573613592099,-0.5662970747399498,-0.0043917230595222,-0.6487966601986415,-0.003190350525121,187581297.6535005,7.177682901950405,daily_steps,4575650.123226001,8888340.605705999,72.545968167173,WTMEC4YR,isotonic,8936,0.8745317570587101,"Mapped source is the grouped five-fold OOF isotonic prediction on the target algorithm scale. Positive/negative agreement are symmetric: 2a/(2a+b+c) and 2d/(2d+b+c). Cohen kappa uses the observed agreement minus agreement expected from the mapped/target marginals, divided by one minus expected agreement; every cell and marginal is WTMEC4YR-weighted in the weighted sensitivity. Attainment difference is mapped minus observed target percentage points. WTMEC4YR changes evaluation weights only; the D7 headline crosswalk fit remains unweighted.",70.24686343955437,0.949733590816948,oak,scrf,False,8000.0,whole_cohort_subject_grouped_5fold_oof,720
unweighted_primary,2.887197851387646,2.8799444829979204,0.8109745554738276,9.356928059218134,56.63890816562572,8646,0.8955724796695494,53.7589636826278,0.9152435830277632,False,3655.0,4463.0,0.8155661491117807,0.0072533683897257,0.0045915936379531,-0.2029441738107937,-0.6742707439605482,0.003787756550923,-0.6815241123502744,0.0008073200921053,8936.0,9.15398388540734,daily_steps,280.0,538.0,55.964637421665174,subjects,isotonic,8936,0.8993602362204725,"Mapped source is the grouped five-fold OOF isotonic prediction on the target algorithm scale. Positive/negative agreement are symmetric: 2a/(2a+b+c) and 2d/(2d+b+c). Cohen kappa uses the observed agreement minus agreement expected from the mapped/target marginals, divided by one minus expected agreement; every cell and marginal is WTMEC4YR-weighted in the weighted sensitivity. Attainment difference is mapped minus observed target percentage points. WTMEC4YR changes evaluation weights only; the D7 headline crosswalk fit remains unweighted.",53.07743957027753,0.9160509031198686,oak,scrf,False,10000.0,whole_cohort_subject_grouped_5fold_oof,720
WTMEC4YR_weighted_sensitivity,2.5646692016791928,2.558701714972345,0.8046552029329828,9.54858389704303,58.869041808227216,8646,0.8874261457756356,56.31034009325487,0.9170981495176772,False,72303047.5851735,97973992.2860305,0.8121058456616809,0.0059674867068482,0.0074506427286981,-0.3236462306767045,-0.7440888275221909,0.0056983057079719,-0.7500563142290417,0.0017572979502923,187581297.6535005,9.224937666366326,daily_steps,6246709.0066335,11057548.775663,58.124952980705025,WTMEC4YR,isotonic,8936,0.8931244514836075,"Mapped source is the grouped five-fold OOF isotonic prediction on the target algorithm scale. Positive/negative agreement are symmetric: 2a/(2a+b+c) and 2d/(2d+b+c). Cohen kappa uses the observed agreement minus agreement expected from the mapped/target marginals, divided by one minus expected agreement; every cell and marginal is WTMEC4YR-weighted in the weighted sensitivity. Attainment difference is mapped minus observed target percentage points. WTMEC4YR changes evaluation weights only; the D7 headline crosswalk fit remains unweighted.",55.56028377902583,0.9188554474679694,oak,scrf,False,10000.0,whole_cohort_subject_grouped_5fold_oof,720
unweighted_primary,3.413160250671443,3.169095535507749,0.6746599607340874,15.058986814712004,65.30187369882027,8646,0.7924768887472107,62.13277816331251,0.8818297331639136,False,2624.0,4971.0,0.6780304858172671,0.2440647151636943,0.0033705250831796,-0.052272401104128,-0.4630196254093448,0.0040020913711684,-0.7070843405730329,-0.0006811024805846,8936.0,15.006714413607876,daily_steps,518.0,823.0,64.83885407341093,subjects,isotonic,8936,0.7964789801183791,"Mapped source is the grouped five-fold OOF isotonic prediction on the target algorithm scale. Positive/negative agreement are symmetric: 2a/(2a+b+c) and 2d/(2d+b+c). Cohen kappa uses the observed agreement minus agreement expected from the mapped/target marginals, divided by one minus expected agreement; every cell and marginal is WTMEC4YR-weighted in the weighted sensitivity. Attainment difference is mapped minus observed target percentage points. WTMEC4YR changes evaluation weights only; the D7 headline crosswalk fit remains unweighted.",61.42569382273948,0.8811486306833289,oak,scssl,False,7000.0,whole_cohort_subject_grouped_5fold_oof,720
WTMEC4YR_weighted_sensitivity,3.484689518439854,3.3476784875176357,0.6784086930138447,14.389227404773424,67.97138933594479,8646,0.7865254982333312,64.62371084842715,0.891479946206418,False,50804574.6294745,109915332.178866,0.6824557881531061,0.1370110309222183,0.0040470951392614,-0.0693612021319101,-0.4730075173745689,0.0043885056823349,-0.6100185482967788,-0.0003662693718229,187581297.6535005,14.319866202641515,daily_steps,10162382.513637502,16699008.331522498,67.49838181857022,WTMEC4YR,isotonic,8936,0.7909140039156661,"Mapped source is the grouped five-fold OOF isotonic prediction on the target algorithm scale. Positive/negative agreement are symmetric: 2a/(2a+b+c) and 2d/(2d+b+c). Cohen kappa uses the observed agreement minus agreement expected from the mapped/target marginals, divided by one minus expected agreement; every cell and marginal is WTMEC4YR-weighted in the weighted sensitivity. Attainment difference is mapped minus observed target percentage points. WTMEC4YR changes evaluation weights only; the D7 headline crosswalk fit remains unweighted.",64.01369230013037,0.8911136768345951,oak,scssl,False,7000.0,whole_cohort_subject_grouped_5fold_oof,720
unweighted_primary,3.592211280214863,3.319454082812856,0.6671486829495064,16.52787416146195,56.130002313208415,8646,0.8184935856725517,52.81054823039556,0.8482853806136532,False,3395.0,4074.0,0.6701865255502748,0.2727571974020071,0.0030378426007684,-0.1111328901996415,-0.5346576399765439,0.0038389806348239,-0.8074148373785519,-0.0008594835777717,8936.0,16.416741271262307,daily_steps,573.0,894.0,55.59534467323187,subjects,isotonic,8936,0.8223325663073756,"Mapped source is the grouped five-fold OOF isotonic prediction on the target algorithm scale. Positive/negative agreement are symmetric: 2a/(2a+b+c) and 2d/(2d+b+c). Cohen kappa uses the observed agreement minus agreement expected from the mapped/target marginals, divided by one minus expected agreement; every cell and marginal is WTMEC4YR-weighted in the weighted sensitivity. Attainment difference is mapped minus observed target percentage points. WTMEC4YR changes evaluation weights only; the D7 headline crosswalk fit remains unweighted.",52.00313339301701,0.8474258970358814,oak,scssl,False,8000.0,whole_cohort_subject_grouped_5fold_oof,720
WTMEC4YR_weighted_sensitivity,3.232360110211041,2.8844642930488384,0.6591938159470122,16.735336010913766,58.28496121598752,8646,0.8061122071660897,55.40049692293868,0.852792641337973,False,66964365.34750101,89813099.82750249,0.666975059148721,0.3478958171622026,0.0077812432017088,-0.3137455518277399,-0.5784260013267044,0.0068948153370816,-0.9263218184889084,0.0008222055249772,187581297.6535005,16.421590459086026,daily_steps,12370264.7194645,18433567.759032503,57.70653521466082,WTMEC4YR,isotonic,8936,0.8130070225031714,"Mapped source is the grouped five-fold OOF isotonic prediction on the target algorithm scale. Positive/negative agreement are symmetric: 2a/(2a+b+c) and 2d/(2d+b+c). Cohen kappa uses the observed agreement minus agreement expected from the mapped/target marginals, divided by one minus expected agreement; every cell and marginal is WTMEC4YR-weighted in the weighted sensitivity. Attainment difference is mapped minus observed target percentage points. WTMEC4YR changes evaluation weights only; the D7 headline crosswalk fit remains unweighted.",54.47417510444977,0.8536148468629502,oak,scssl,False,8000.0,whole_cohort_subject_grouped_5fold_oof,720
unweighted_primary,-1.96956132497762,-1.42262317834837,0.6448242055244328,16.018968309044645,33.622484385843165,8646,0.8780273007485689,35.04510756419153,0.7667171972376621,False,5249.0,2269.0,0.6430768689944513,-0.54693814662925,-0.0017473365299814,-0.1505708157590604,-1.2813921745629528,0.0029730349345461,-0.7344540279337011,-0.0047964450549891,8936.0,15.868397493285585,daily_steps,797.0,621.0,32.34109221128021,subjects,isotonic,8936,0.8810003356831151,"Mapped source is the grouped five-fold OOF isotonic prediction on the target algorithm scale. Positive/negative agreement are symmetric: 2a/(2a+b+c) and 2d/(2d+b+c). Cohen kappa uses the observed agreement minus agreement expected from the mapped/target marginals, divided by one minus expected agreement; every cell and marginal is WTMEC4YR-weighted in the weighted sensitivity. Attainment difference is mapped minus observed target percentage points. WTMEC4YR changes evaluation weights only; the D7 headline crosswalk fit remains unweighted.",34.31065353625783,0.761920752182673,oak,scssl,False,10000.0,whole_cohort_subject_grouped_5fold_oof,720
WTMEC4YR_weighted_sensitivity,-2.916005842936137,-2.3798158168468255,0.6310126929891972,16.825376258823855,33.92801653085271,8646,0.8703387945482971,36.30783234769953,0.7604446087365254,False,108185894.58535,48245699.575102,0.6304621723111803,-0.5361900260893115,-0.0005505206780168,-0.2194012054962471,-1.3631439738094002,0.0038147459874147,-0.8269539477200851,-0.0044859312257993,187581297.6535005,16.605975053327608,daily_steps,18309792.54644,12839910.9466085,32.56487255704331,WTMEC4YR,isotonic,8936,0.8741535405357118,"Mapped source is the grouped five-fold OOF isotonic prediction on the target algorithm scale. Positive/negative agreement are symmetric: 2a/(2a+b+c) and 2d/(2d+b+c). Cohen kappa uses the observed agreement minus agreement expected from the mapped/target marginals, divided by one minus expected agreement; every cell and marginal is WTMEC4YR-weighted in the weighted sensitivity. Attainment difference is mapped minus observed target percentage points. WTMEC4YR changes evaluation weights only; the D7 headline crosswalk fit remains unweighted.",35.480878399979446,0.7559586775107261,oak,scssl,False,10000.0,whole_cohort_subject_grouped_5fold_oof,720
unweighted_primary,2.585049239033133,2.613925514688875,0.8517141089792868,6.2456627342123525,71.20055517002082,8646,0.8962735305416827,68.58662965533195,0.9553202051960946,False,2463.0,5880.0,0.8446700410004061,-0.0288762756557425,-0.0070440679788806,0.3904160482406462,-0.7887378020709548,-0.0037205318100284,-0.7598615264152073,-0.0033247385078407,8936.0,6.636078782452999,daily_steps,181.0,412.0,70.41181736794987,subjects,isotonic,8936,0.8925529987316543,"Mapped source is the grouped five-fold OOF isotonic prediction on the target algorithm scale. Positive/negative agreement are symmetric: 2a/(2a+b+c) and 2d/(2d+b+c). Cohen kappa uses the observed agreement minus agreement expected from the mapped/target marginals, divided by one minus expected agreement; every cell and marginal is WTMEC4YR-weighted in the weighted sensitivity. Attainment difference is mapped minus observed target percentage points. WTMEC4YR changes evaluation weights only; the D7 headline crosswalk fit remains unweighted.",67.82676812891674,0.951995466688254,oak,vs,False,7000.0,whole_cohort_subject_grouped_5fold_oof,720
WTMEC4YR_weighted_sensitivity,3.120698513367104,3.0610150684394988,0.8516650704263986,5.954506042324316,73.78420799105186,8646,0.8926972940470809,70.72319292261237,0.9587944561684988,False,47304738.509436,127929943.906781,0.8387223696120278,0.0596834449276051,-0.0129427008143707,0.6275015414435083,-0.7331220762086019,-0.0081335910998364,-0.7928055211362164,-0.004828445265858,187581297.6535005,6.582007583767824,daily_steps,3246384.2350279996,9100231.0022555,73.05108591484326,WTMEC4YR,isotonic,8936,0.8845637029472444,"Mapped source is the grouped five-fold OOF isotonic prediction on the target algorithm scale. Positive/negative agreement are symmetric: 2a/(2a+b+c) and 2d/(2d+b+c). Cohen kappa uses the observed agreement minus agreement expected from the mapped/target marginals, divided by one minus expected agreement; every cell and marginal is WTMEC4YR-weighted in the weighted sensitivity. Attainment difference is mapped minus observed target percentage points. WTMEC4YR changes evaluation weights only; the D7 headline crosswalk fit remains unweighted.",69.93038740147615,0.9539660109026408,oak,vs,False,7000.0,whole_cohort_subject_grouped_5fold_oof,720
unweighted_primary,1.7121754700089586,1.411057136247984,0.8541776412751467,7.032153597039094,60.15498496414528,8646,0.9132915002852252,58.74392782789729,0.9408560311284048,False,3376.0,4933.0,0.855318756870773,0.3011183337609746,0.0011411155956262,-0.0155913768063271,-0.5869455729187791,0.0017376364541702,-0.8880639066797471,-0.0006101529238873,8936.0,7.016562220232767,daily_steps,237.0,390.0,59.5680393912265,subjects,isotonic,8936,0.9150291367393956,"Mapped source is the grouped five-fold OOF isotonic prediction on the target algorithm scale. Positive/negative agreement are symmetric: 2a/(2a+b+c) and 2d/(2d+b+c). Cohen kappa uses the observed agreement minus agreement expected from the mapped/target marginals, divided by one minus expected agreement; every cell and marginal is WTMEC4YR-weighted in the weighted sensitivity. Attainment difference is mapped minus observed target percentage points. WTMEC4YR changes evaluation weights only; the D7 headline crosswalk fit remains unweighted.",57.85586392121754,0.9402458782045172,oak,vs,False,8000.0,whole_cohort_subject_grouped_5fold_oof,720
WTMEC4YR_weighted_sensitivity,2.7596180014878513,2.198554106459083,0.8446633109634619,7.367103092232359,62.49552744571616,8646,0.9045804725300762,60.29697333925708,0.9400036399198908,False,66759030.081866995,107074367.227867,0.8464432170329993,0.5610638950287683,0.0017799060695373,-0.0380673537326856,-0.3696212459672523,0.0020652975013064,-0.930685140996026,-0.0003287972257969,187581297.6535005,7.329035738499673,daily_steps,4285686.543148,9462213.8006185,62.125906199748904,WTMEC4YR,isotonic,8936,0.9066457700313828,"Mapped source is the grouped five-fold OOF isotonic prediction on the target algorithm scale. Positive/negative agreement are symmetric: 2a/(2a+b+c) and 2d/(2d+b+c). Cohen kappa uses the observed agreement minus agreement expected from the mapped/target marginals, divided by one minus expected agreement; every cell and marginal is WTMEC4YR-weighted in the weighted sensitivity. Attainment difference is mapped minus observed target percentage points. WTMEC4YR changes evaluation weights only; the D7 headline crosswalk fit remains unweighted.",59.36628819826105,0.9396748426940938,oak,vs,False,8000.0,whole_cohort_subject_grouped_5fold_oof,720
unweighted_primary,0.0,0.1619245894055043,0.829927307593437,8.119361554476058,39.45176960444136,8646,0.933040824112934,39.28984501503586,0.8968860164512339,False,5162.0,3066.0,0.8323142882587178,-0.1619245894055043,0.0023869806652807,-0.1963534971797278,-1.1796120395353569,0.0027822360756084,-1.0176874501298556,-0.0003947883810584,8936.0,7.92300805729633,daily_steps,354.0,354.0,38.272157564906,subjects,isotonic,8936,0.9358230601885424,"Mapped source is the grouped five-fold OOF isotonic prediction on the target algorithm scale. Positive/negative agreement are symmetric: 2a/(2a+b+c) and 2d/(2d+b+c). Cohen kappa uses the observed agreement minus agreement expected from the mapped/target marginals, divided by one minus expected agreement; every cell and marginal is WTMEC4YR-weighted in the weighted sensitivity. Attainment difference is mapped minus observed target percentage points. WTMEC4YR changes evaluation weights only; the D7 headline crosswalk fit remains unweighted.",38.272157564906,0.8964912280701754,oak,vs,False,10000.0,whole_cohort_subject_grouped_5fold_oof,720
WTMEC4YR_weighted_sensitivity,0.3266865851615841,0.6342517087198685,0.8221519065465689,8.532947610052538,40.25939763665913,8646,0.9289604530234492,39.62514592793926,0.8931839974380978,False,107240963.967204,64723164.4556205,0.8244730116740584,-0.3075651235582843,0.0023211051274895,-0.207400540043471,-1.4292202949084185,0.0031680541150577,-1.1216551713501346,-0.0008414676543307,187581297.6535005,8.325547070009067,daily_steps,7502183.147484999,8114986.083191,38.83017734175071,WTMEC4YR,isotonic,8936,0.9321285071385068,"Mapped source is the grouped five-fold OOF isotonic prediction on the target algorithm scale. Positive/negative agreement are symmetric: 2a/(2a+b+c) and 2d/(2d+b+c). Cohen kappa uses the observed agreement minus agreement expected from the mapped/target marginals, divided by one minus expected agreement; every cell and marginal is WTMEC4YR-weighted in the weighted sensitivity. Attainment difference is mapped minus observed target percentage points. WTMEC4YR changes evaluation weights only; the D7 headline crosswalk fit remains unweighted.",38.50349075658912,0.892342529783767,oak,vs,False,10000.0,whole_cohort_subject_grouped_5fold_oof,720
unweighted_primary,1.0071620411817417,1.1219060837381445,0.8657570674958109,6.419153365718251,61.02243812167476,8646,0.91882404563405,59.900532037936614,0.9469153515064562,False,3303.0,5043.0,0.8627603315655247,-0.1147440425564028,-0.0029967359302862,0.1833533486953573,-0.78295736966043,-0.0008140400754064,-0.6682133271040271,-0.0021794953805663,8936.0,6.602506714413608,daily_steps,250.0,340.0,60.23948075201433,subjects,isotonic,8936,0.9180100055586436,"Mapped source is the grouped five-fold OOF isotonic prediction on the target algorithm scale. Positive/negative agreement are symmetric: 2a/(2a+b+c) and 2d/(2d+b+c). Cohen kappa uses the observed agreement minus agreement expected from the mapped/target marginals, divided by one minus expected agreement; every cell and marginal is WTMEC4YR-weighted in the weighted sensitivity. Attainment difference is mapped minus observed target percentage points. WTMEC4YR changes evaluation weights only; the D7 headline crosswalk fit remains unweighted.",59.23231871083259,0.9447358561258898,oak,vsrev,False,7000.0,whole_cohort_subject_grouped_5fold_oof,720
WTMEC4YR_weighted_sensitivity,1.112916426228816,1.1056309416246246,0.8575009486052924,6.647404108423658,63.50918780271041,8646,0.9102760106544896,62.40355686108578,0.9472062647337796,False,64605641.6377185,110266341.275335,0.8559768494181521,0.0072854846041914,-0.0015240991871402,0.1279593736669708,-0.7818201735728749,0.0001716980070496,-0.7891056581770641,-0.0016960859840414,187581297.6535005,6.775363482090629,daily_steps,5310845.833164001,7398468.907283,62.72736762913753,WTMEC4YR,isotonic,8936,0.9104477086615392,"Mapped source is the grouped five-fold OOF isotonic prediction on the target algorithm scale. Positive/negative agreement are symmetric: 2a/(2a+b+c) and 2d/(2d+b+c). Cohen kappa uses the observed agreement minus agreement expected from the mapped/target marginals, divided by one minus expected agreement; every cell and marginal is WTMEC4YR-weighted in the weighted sensitivity. Attainment difference is mapped minus observed target percentage points. WTMEC4YR changes evaluation weights only; the D7 headline crosswalk fit remains unweighted.",61.61445120290872,0.9455101787497382,oak,vsrev,False,7000.0,whole_cohort_subject_grouped_5fold_oof,720
unweighted_primary,1.5778871978513798,0.95998149433264,0.8436573347468703,7.807078417765441,52.336340504279434,8646,0.918918918918919,51.3763590099468,0.924723987955838,False,4002.0,4257.0,0.8483923555932821,0.6179057035187396,0.0047350208464117,-0.2309817302094865,-0.1205840136796183,0.0030946739851243,-0.7384897171983553,0.0016169977910882,8936.0,7.576096687555954,daily_steps,268.0,409.0,52.215756490599816,subjects,isotonic,8936,0.9220135929040432,"Mapped source is the grouped five-fold OOF isotonic prediction on the target algorithm scale. Positive/negative agreement are symmetric: 2a/(2a+b+c) and 2d/(2d+b+c). Cohen kappa uses the observed agreement minus agreement expected from the mapped/target marginals, divided by one minus expected agreement; every cell and marginal is WTMEC4YR-weighted in the weighted sensitivity. Attainment difference is mapped minus observed target percentage points. WTMEC4YR changes evaluation weights only; the D7 headline crosswalk fit remains unweighted.",50.63786929274844,0.9263409857469264,oak,vsrev,False,8000.0,whole_cohort_subject_grouped_5fold_oof,720
WTMEC4YR_weighted_sensitivity,1.7880486105752769,1.1373518549327888,0.8320587665582364,8.346909554044233,54.474420536831936,8646,0.909458245031764,53.33706868189915,0.922578663790556,False,79954551.1364255,92453874.9880915,0.8375568492610523,0.6506967556424881,0.0054980827028159,-0.2582185604406088,-0.248687791517753,0.0038802260883021,-0.8993845471602455,0.0015875477353727,187581297.6535005,8.088690993603624,daily_steps,5909413.371295501,9263458.157688,54.22573274531418,WTMEC4YR,isotonic,8936,0.9133384711200662,"Mapped source is the grouped five-fold OOF isotonic prediction on the target algorithm scale. Positive/negative agreement are symmetric: 2a/(2a+b+c) and 2d/(2d+b+c). Cohen kappa uses the observed agreement minus agreement expected from the mapped/target marginals, divided by one minus expected agreement; every cell and marginal is WTMEC4YR-weighted in the weighted sensitivity. Attainment difference is mapped minus observed target percentage points. WTMEC4YR changes evaluation weights only; the D7 headline crosswalk fit remains unweighted.",52.4376841347389,0.9241662115259288,oak,vsrev,False,8000.0,whole_cohort_subject_grouped_5fold_oof,720
unweighted_primary,0.7609668755595322,1.0409437890353923,0.8462284459102595,7.009021512838307,35.64654175341198,8646,0.9459796755214832,34.605597964376585,0.9002304906157392,False,5531.0,2751.0,0.8379514731522931,-0.27997691347586,-0.0082769727579663,0.3096893197489807,-0.8211165072168143,-0.0018007748727977,-0.5411395937409509,-0.0064683073798718,8936.0,7.318710832587287,daily_steps,293.0,361.0,34.82542524619517,subjects,isotonic,8936,0.9441789006486856,"Mapped source is the grouped five-fold OOF isotonic prediction on the target algorithm scale. Positive/negative agreement are symmetric: 2a/(2a+b+c) and 2d/(2d+b+c). Cohen kappa uses the observed agreement minus agreement expected from the mapped/target marginals, divided by one minus expected agreement; every cell and marginal is WTMEC4YR-weighted in the weighted sensitivity. Attainment difference is mapped minus observed target percentage points. WTMEC4YR changes evaluation weights only; the D7 headline crosswalk fit remains unweighted.",34.064458370635634,0.8937621832358674,oak,vsrev,False,10000.0,whole_cohort_subject_grouped_5fold_oof,720
WTMEC4YR_weighted_sensitivity,0.6920970812424099,0.9599061635435446,0.8313053331934793,7.749836614612526,36.22410229812921,8646,0.9396954789322828,35.26419613458567,0.891592935004507,False,114684077.35003,58221284.728644,0.8279438624412402,-0.2678090823011347,-0.0033614707522391,0.073936735082408,-0.928272869885582,0.0001681106416512,-0.6604637875844475,-0.0035217246992337,187581297.6535005,7.823773349694934,daily_steps,6688845.444405,7987090.130421501,35.29582942824363,WTMEC4YR,isotonic,8936,0.939863589573934,"Mapped source is the grouped five-fold OOF isotonic prediction on the target algorithm scale. Positive/negative agreement are symmetric: 2a/(2a+b+c) and 2d/(2d+b+c). Cohen kappa uses the observed agreement minus agreement expected from the mapped/target marginals, divided by one minus expected agreement; every cell and marginal is WTMEC4YR-weighted in the weighted sensitivity. Attainment difference is mapped minus observed target percentage points. WTMEC4YR changes evaluation weights only; the D7 headline crosswalk fit remains unweighted.",34.60373234700122,0.8880712103052733,oak,vsrev,False,10000.0,whole_cohort_subject_grouped_5fold_oof,720
unweighted_primary,1.801700984780663,1.7117742308581985,0.7186146278332662,5.528568123987972,89.82188295165395,8646,0.749475890985325,88.11010872079575,0.968928757150286,False,763.0,7654.0,0.7136475346979279,0.0899267539224646,-0.0049670931353383,0.2793996468267101,-0.363512316022792,-0.0032656220366696,-0.4534390699452615,-0.0017208213443847,8936.0,5.807967770814682,daily_steps,179.0,340.0,89.45837063563116,subjects,isotonic,8936,0.7462102689486553,"Mapped source is the grouped five-fold OOF isotonic prediction on the target algorithm scale. Positive/negative agreement are symmetric: 2a/(2a+b+c) and 2d/(2d+b+c). Cohen kappa uses the observed agreement minus agreement expected from the mapped/target marginals, divided by one minus expected agreement; every cell and marginal is WTMEC4YR-weighted in the weighted sensitivity. Attainment difference is mapped minus observed target percentage points. WTMEC4YR changes evaluation weights only; the D7 headline crosswalk fit remains unweighted.",87.65666965085049,0.9672079358059013,scrf,acti,False,7000.0,whole_cohort_subject_grouped_5fold_oof,720
WTMEC4YR_weighted_sensitivity,2.5617584981371566,2.4124171954369,0.6848045914257886,5.341972685519112,91.87620307747426,8646,0.7137208186035828,89.46378588203736,0.9705416730409536,False,13040977.513928,164201816.784256,0.6862017939235132,0.1493413027002565,0.0013972024977245,0.1695060624388773,-0.3032368343302352,0.0024139085723595,-0.4525781370304855,-0.0010619485791614,187581297.6535005,5.511478747957989,daily_steps,2766561.7608809997,7571941.5944355,91.57296624314402,WTMEC4YR,isotonic,8936,0.7161347271759424,"Mapped source is the grouped five-fold OOF isotonic prediction on the target algorithm scale. Positive/negative agreement are symmetric: 2a/(2a+b+c) and 2d/(2d+b+c). Cohen kappa uses the observed agreement minus agreement expected from the mapped/target marginals, divided by one minus expected agreement; every cell and marginal is WTMEC4YR-weighted in the weighted sensitivity. Attainment difference is mapped minus observed target percentage points. WTMEC4YR changes evaluation weights only; the D7 headline crosswalk fit remains unweighted.",89.01120774500687,0.9694797244617924,scrf,acti,False,7000.0,whole_cohort_subject_grouped_5fold_oof,720
unweighted_primary,0.9959713518352786,0.358547305112189,0.7775775862774419,6.326625028915105,83.00948415452231,8646,0.8157628831256315,82.65093684941013,0.961809676743699,False,1277.0,7046.0,0.7647949309658055,0.6374240467230896,-0.0127826553116363,0.5332675404671692,-0.2319550587300085,-0.0093214559074439,-0.8693791054531061,-0.0034961779337704,8936.0,6.859892569382274,daily_steps,262.0,351.0,82.7775290957923,subjects,isotonic,8936,0.8064414272181876,"Mapped source is the grouped five-fold OOF isotonic prediction on the target algorithm scale. Positive/negative agreement are symmetric: 2a/(2a+b+c) and 2d/(2d+b+c). Cohen kappa uses the observed agreement minus agreement expected from the mapped/target marginals, divided by one minus expected agreement; every cell and marginal is WTMEC4YR-weighted in the weighted sensitivity. Attainment difference is mapped minus observed target percentage points. WTMEC4YR changes evaluation weights only; the D7 headline crosswalk fit remains unweighted.",81.78155774395702,0.9583134988099286,scrf,acti,False,8000.0,whole_cohort_subject_grouped_5fold_oof,720
WTMEC4YR_weighted_sensitivity,1.5616405891242249,0.8080317383893143,0.7737533614041207,5.8202978792924185,85.24494644863377,8646,0.8080258847750212,84.43691471024445,0.9656987621449844,False,23345679.234745,152127924.70698148,0.7559246576978637,0.7536088507349104,-0.017828703706257,0.6343401167295983,-0.1370778067138758,-0.0139423623816458,-0.8906866574487822,-0.0039702190649174,187581297.6535005,6.454637996022017,daily_steps,4589174.0150055,7518519.6967685,85.1078686419199,WTMEC4YR,isotonic,8936,0.7940835223933754,"Mapped source is the grouped five-fold OOF isotonic prediction on the target algorithm scale. Positive/negative agreement are symmetric: 2a/(2a+b+c) and 2d/(2d+b+c). Cohen kappa uses the observed agreement minus agreement expected from the mapped/target marginals, divided by one minus expected agreement; every cell and marginal is WTMEC4YR-weighted in the weighted sensitivity. Attainment difference is mapped minus observed target percentage points. WTMEC4YR changes evaluation weights only; the D7 headline crosswalk fit remains unweighted.",83.54622805279567,0.9617285430800668,scrf,acti,False,8000.0,whole_cohort_subject_grouped_5fold_oof,720
unweighted_primary,1.3652641002685706,1.075641915336567,0.7886569622986548,9.403192227619709,67.14087439278279,8646,0.8592207792207792,66.06523247744622,0.9294087001823392,False,2658.0,5428.0,0.7895783144545923,0.2896221849320035,0.0009213521559374,0.1088937168744728,-0.9591375977962286,0.0029264799423736,-1.2487597827282144,-0.0020210357367556,8936.0,9.51208594449418,daily_steps,364.0,486.0,66.18173679498656,subjects,isotonic,8936,0.8621472591631528,"Mapped source is the grouped five-fold OOF isotonic prediction on the target algorithm scale. Positive/negative agreement are symmetric: 2a/(2a+b+c) and 2d/(2d+b+c). Cohen kappa uses the observed agreement minus agreement expected from the mapped/target marginals, divided by one minus expected agreement; every cell and marginal is WTMEC4YR-weighted in the weighted sensitivity. Attainment difference is mapped minus observed target percentage points. WTMEC4YR changes evaluation weights only; the D7 headline crosswalk fit remains unweighted.",64.816472694718,0.9273876644455836,scrf,acti,False,10000.0,whole_cohort_subject_grouped_5fold_oof,720
WTMEC4YR_weighted_sensitivity,2.2853290178353247,2.0054898471003946,0.792213268949771,8.941917237827719,69.69231286697611,8646,0.8572054639541418,67.68682301987572,0.9349106603407924,False,52141669.33112399,118249102.256018,0.7908461971235694,0.2798391707349301,-0.0013670718262015,0.222389802052545,-0.9286398268648384,0.0012782839305155,-1.2084789975997694,-0.0026729374713735,187581297.6535005,9.164307039880264,daily_steps,6451838.1195255,10738687.946833,68.76367304011127,WTMEC4YR,isotonic,8936,0.8584837478846573,"Mapped source is the grouped five-fold OOF isotonic prediction on the target algorithm scale. Positive/negative agreement are symmetric: 2a/(2a+b+c) and 2d/(2d+b+c). Cohen kappa uses the observed agreement minus agreement expected from the mapped/target marginals, divided by one minus expected agreement; every cell and marginal is WTMEC4YR-weighted in the weighted sensitivity. Attainment difference is mapped minus observed target percentage points. WTMEC4YR changes evaluation weights only; the D7 headline crosswalk fit remains unweighted.",66.47834402227595,0.932237722869419,scrf,acti,False,10000.0,whole_cohort_subject_grouped_5fold_oof,720
unweighted_primary,-1.3764547896150403,-1.4341892204487623,0.0,1.4341892204487623,0.0,8646,0.9927772600186392,1.4341892204487623,0.0,True,8813.0,0.0,0.0,0.0577344308337222,0.0,-0.0577344308337222,0.0,0.0002927720958459,-0.0577344308337222,0.0,8936.0,1.3764547896150403,daily_steps,123.0,0.0,0.0,subjects,isotonic,8936,0.9930700321144852,"Mapped source is the grouped five-fold OOF isotonic prediction on the target algorithm scale. Positive/negative agreement are symmetric: 2a/(2a+b+c) and 2d/(2d+b+c). Cohen kappa uses the observed agreement minus agreement expected from the mapped/target marginals, divided by one minus expected agreement; every cell and marginal is WTMEC4YR-weighted in the weighted sensitivity. Attainment difference is mapped minus observed target percentage points. WTMEC4YR changes evaluation weights only; the D7 headline crosswalk fit remains unweighted.",1.3764547896150403,0.0,scrf,adept,True,7000.0,whole_cohort_subject_grouped_5fold_oof,720
WTMEC4YR_weighted_sensitivity,-1.1788842926259246,-1.257298010862412,-8.830229707145021e-15,1.257298010862412,0.0,8646,0.9936737399749596,1.257298010862412,0.0,True,185369931.1995595,0.0,9.41757415523937e-15,0.0784137182364874,1.824780386238439e-14,-0.0784137182364874,0.0,0.0003968883462243,-0.0784137182364874,0.0,187581297.6535005,1.1788842926259246,daily_steps,2211366.4539409997,0.0,0.0,WTMEC4YR,isotonic,8936,0.994070628321184,"Mapped source is the grouped five-fold OOF isotonic prediction on the target algorithm scale. Positive/negative agreement are symmetric: 2a/(2a+b+c) and 2d/(2d+b+c). Cohen kappa uses the observed agreement minus agreement expected from the mapped/target marginals, divided by one minus expected agreement; every cell and marginal is WTMEC4YR-weighted in the weighted sensitivity. Attainment difference is mapped minus observed target percentage points. WTMEC4YR changes evaluation weights only; the D7 headline crosswalk fit remains unweighted.",1.1788842926259246,0.0,scrf,adept,True,7000.0,whole_cohort_subject_grouped_5fold_oof,720
unweighted_primary,-0.738585496866607,-0.7864908628267407,0.0,0.7864908628267407,0.0,8646,0.9960520204366,0.7864908628267407,0.0,True,8870.0,0.0,0.0,0.0479053659601337,0.0,-0.0479053659601337,0.0,0.000241363815899,-0.0479053659601337,0.0,8936.0,0.738585496866607,daily_steps,66.0,0.0,0.0,subjects,isotonic,8936,0.9962933842524992,"Mapped source is the grouped five-fold OOF isotonic prediction on the target algorithm scale. Positive/negative agreement are symmetric: 2a/(2a+b+c) and 2d/(2d+b+c). Cohen kappa uses the observed agreement minus agreement expected from the mapped/target marginals, divided by one minus expected agreement; every cell and marginal is WTMEC4YR-weighted in the weighted sensitivity. Attainment difference is mapped minus observed target percentage points. WTMEC4YR changes evaluation weights only; the D7 headline crosswalk fit remains unweighted.",0.738585496866607,0.0,scrf,adept,True,8000.0,whole_cohort_subject_grouped_5fold_oof,720
WTMEC4YR_weighted_sensitivity,-0.5839520894233236,-0.636989421559268,-1.742922232377863e-14,0.636989421559268,0.0,8646,0.99680487659315,0.636989421559268,0.0,True,186485912.7464855,0.0,0.0,0.0530373321359444,1.742922232377863e-14,-0.0530373321359444,0.0,0.0002668129948154,-0.0530373321359444,0.0,187581297.6535005,0.5839520894233236,daily_steps,1095384.907015,0.0,0.0,WTMEC4YR,isotonic,8936,0.9970716895879652,"Mapped source is the grouped five-fold OOF isotonic prediction on the target algorithm scale. Positive/negative agreement are symmetric: 2a/(2a+b+c) and 2d/(2d+b+c). Cohen kappa uses the observed agreement minus agreement expected from the mapped/target marginals, divided by one minus expected agreement; every cell and marginal is WTMEC4YR-weighted in the weighted sensitivity. Attainment difference is mapped minus observed target percentage points. WTMEC4YR changes evaluation weights only; the D7 headline crosswalk fit remains unweighted.",0.5839520894233236,0.0,scrf,adept,True,8000.0,whole_cohort_subject_grouped_5fold_oof,720
unweighted_primary,-0.1790510295434198,-0.1966227157066851,0.0,0.1966227157066851,0.0,8646,0.999015918958032,0.1966227157066851,0.0,True,8920.0,0.0,0.0,0.0175716861632653,0.0,-0.0175716861632653,0.0,8.802369429783408e-05,-0.0175716861632653,0.0,8936.0,0.1790510295434198,daily_steps,16.0,0.0,0.0,subjects,isotonic,8936,0.9991039426523296,"Mapped source is the grouped five-fold OOF isotonic prediction on the target algorithm scale. Positive/negative agreement are symmetric: 2a/(2a+b+c) and 2d/(2d+b+c). Cohen kappa uses the observed agreement minus agreement expected from the mapped/target marginals, divided by one minus expected agreement; every cell and marginal is WTMEC4YR-weighted in the weighted sensitivity. Attainment difference is mapped minus observed target percentage points. WTMEC4YR changes evaluation weights only; the D7 headline crosswalk fit remains unweighted.",0.1790510295434198,0.0,scrf,adept,True,10000.0,whole_cohort_subject_grouped_5fold_oof,720
WTMEC4YR_weighted_sensitivity,-0.1453010186047264,-0.1567044574581063,-7.084820959365515e-14,0.1567044574581063,0.0,8646,0.9992158633241476,0.1567044574581063,0.0,True,187308740.117298,0.0,0.0,0.0114034388533799,7.084820959365515e-14,-0.0114034388533799,0.0,5.7103389443424746e-05,-0.0114034388533799,0.0,187581297.6535005,0.1453010186047264,daily_steps,272557.5362025,0.0,0.0,WTMEC4YR,isotonic,8936,0.999272966713591,"Mapped source is the grouped five-fold OOF isotonic prediction on the target algorithm scale. Positive/negative agreement are symmetric: 2a/(2a+b+c) and 2d/(2d+b+c). Cohen kappa uses the observed agreement minus agreement expected from the mapped/target marginals, divided by one minus expected agreement; every cell and marginal is WTMEC4YR-weighted in the weighted sensitivity. Attainment difference is mapped minus observed target percentage points. WTMEC4YR changes evaluation weights only; the D7 headline crosswalk fit remains unweighted.",0.1453010186047264,0.0,scrf,adept,True,10000.0,whole_cohort_subject_grouped_5fold_oof,720
unweighted_primary,0.884064458370637,0.7980569049271358,0.8337933783395166,5.4476058292852185,79.74786028221142,8646,0.8681041725007,78.94980337728428,0.9656730558997156,False,1617.0,6810.0,0.8280079245108365,0.0860075534435012,-0.0057854538286801,0.2484550480648257,-0.2492031649329931,-0.0040913485626824,-0.3352107183764872,-0.0016982523042737,8936.0,5.696060877350044,daily_steps,215.0,294.0,79.49865711727843,subjects,isotonic,8936,0.8640128239380176,"Mapped source is the grouped five-fold OOF isotonic prediction on the target algorithm scale. Positive/negative agreement are symmetric: 2a/(2a+b+c) and 2d/(2d+b+c). Cohen kappa uses the observed agreement minus agreement expected from the mapped/target marginals, divided by one minus expected agreement; every cell and marginal is WTMEC4YR-weighted in the weighted sensitivity. Attainment difference is mapped minus observed target percentage points. WTMEC4YR changes evaluation weights only; the D7 headline crosswalk fit remains unweighted.",78.6145926589078,0.963974803595442,scrf,oak,False,7000.0,whole_cohort_subject_grouped_5fold_oof,720
WTMEC4YR_weighted_sensitivity,0.7321873651908728,0.661922896906264,0.8279269757176279,5.139288131010216,82.06051300366407,8646,0.8593551727386307,81.39859010675781,0.9685591806561028,False,29632774.3966145,147794090.093137,0.8205282280799597,0.0702644682846087,-0.0073987476376681,0.2740623952806471,-0.1983914188654978,-0.0056305372301117,-0.2686558871501034,-0.0017715387650589,187581297.6535005,5.413350526290863,daily_steps,4390493.3014345,5763939.8623145,81.86212158479857,WTMEC4YR,isotonic,8936,0.853724635508519,"Mapped source is the grouped five-fold OOF isotonic prediction on the target algorithm scale. Positive/negative agreement are symmetric: 2a/(2a+b+c) and 2d/(2d+b+c). Cohen kappa uses the observed agreement minus agreement expected from the mapped/target marginals, divided by one minus expected agreement; every cell and marginal is WTMEC4YR-weighted in the weighted sensitivity. Attainment difference is mapped minus observed target percentage points. WTMEC4YR changes evaluation weights only; the D7 headline crosswalk fit remains unweighted.",81.1299342196077,0.966787641891044,scrf,oak,False,7000.0,whole_cohort_subject_grouped_5fold_oof,720
unweighted_primary,0.7945389435989214,0.8674531575294853,0.8258898617823568,6.858662965533195,73.4674994216979,8646,0.8728286510829938,72.60004626416841,0.95304457993507,False,2149.0,6160.0,0.8242760402638171,-0.0729142139305638,-0.0016138215185397,0.1578992546995712,-0.6273024655653927,-0.0001382957530445,-0.5543882516348333,-0.001472787241782,8936.0,7.016562220232767,daily_steps,278.0,349.0,72.8401969561325,subjects,isotonic,8936,0.8726903553299492,"Mapped source is the grouped five-fold OOF isotonic prediction on the target algorithm scale. Positive/negative agreement are symmetric: 2a/(2a+b+c) and 2d/(2d+b+c). Cohen kappa uses the observed agreement minus agreement expected from the mapped/target marginals, divided by one minus expected agreement; every cell and marginal is WTMEC4YR-weighted in the weighted sensitivity. Attainment difference is mapped minus observed target percentage points. WTMEC4YR changes evaluation weights only; the D7 headline crosswalk fit remains unweighted.",72.04565801253358,0.951571792693288,scrf,oak,False,8000.0,whole_cohort_subject_grouped_5fold_oof,720
WTMEC4YR_weighted_sensitivity,0.6628969382443062,0.8147959291309848,0.8269470722121466,6.3883736358280165,75.98824847582998,8646,0.8691933632091698,75.173452546699,0.9577381466825654,False,40896696.8055465,134363636.11865002,0.8252560661643012,-0.1518989908866785,-0.0016910060478453,0.1799596060409261,-0.7430851315299805,-0.0001081879667375,-0.5911861406433161,-0.0015774707156424,187581297.6535005,6.568333241868943,daily_steps,5538747.02522,6782217.704084001,75.2451633443,WTMEC4YR,isotonic,8936,0.8690851752424323,"Mapped source is the grouped five-fold OOF isotonic prediction on the target algorithm scale. Positive/negative agreement are symmetric: 2a/(2a+b+c) and 2d/(2d+b+c). Cohen kappa uses the observed agreement minus agreement expected from the mapped/target marginals, divided by one minus expected agreement; every cell and marginal is WTMEC4YR-weighted in the weighted sensitivity. Attainment difference is mapped minus observed target percentage points. WTMEC4YR changes evaluation weights only; the D7 headline crosswalk fit remains unweighted.",74.58226640605568,0.956160675966923,scrf,oak,False,8000.0,whole_cohort_subject_grouped_5fold_oof,720
unweighted_primary,0.8169203222918586,0.7055285681239809,0.8153121463360643,8.986814712005552,58.54730511219061,8646,0.8925162539770369,57.841776544066626,0.9227864453940176,False,3408.0,4721.0,0.8154093682992852,0.1113917541678777,9.722196322092812e-05,0.0440715905906881,-0.7921573950912304,0.0016199128864026,-0.9035491492591065,-0.0015258346027209,8936.0,9.03088630259624,daily_steps,367.0,440.0,57.755147717099376,subjects,isotonic,8936,0.8941361668634396,"Mapped source is the grouped five-fold OOF isotonic prediction on the target algorithm scale. Positive/negative agreement are symmetric: 2a/(2a+b+c) and 2d/(2d+b+c). Cohen kappa uses the observed agreement minus agreement expected from the mapped/target marginals, divided by one minus expected agreement; every cell and marginal is WTMEC4YR-weighted in the weighted sensitivity. Attainment difference is mapped minus observed target percentage points. WTMEC4YR changes evaluation weights only; the D7 headline crosswalk fit remains unweighted.",56.93822739480752,0.9212606107912968,scrf,oak,False,10000.0,whole_cohort_subject_grouped_5fold_oof,720
WTMEC4YR_weighted_sensitivity,1.15360603359842,0.8235713887269736,0.8171314422272316,8.737021901094211,60.961158566451765,8646,0.8892663749961951,60.1375871777248,0.9278520859369482,False,66980390.883617006,103879311.1934895,0.8145629158597487,0.3300346448714464,-0.0025685263674828,0.1772972690834411,-0.5489079939926924,-0.0002388448442168,-0.8789426388641459,-0.0023423716650312,187581297.6535005,8.914319170177652,daily_steps,7278823.204380499,9442772.372013498,60.41225057245907,WTMEC4YR,isotonic,8936,0.8890275301519782,"Mapped source is the grouped five-fold OOF isotonic prediction on the target algorithm scale. Positive/negative agreement are symmetric: 2a/(2a+b+c) and 2d/(2d+b+c). Cohen kappa uses the observed agreement minus agreement expected from the mapped/target marginals, divided by one minus expected agreement; every cell and marginal is WTMEC4YR-weighted in the weighted sensitivity. Attainment difference is mapped minus observed target percentage points. WTMEC4YR changes evaluation weights only; the D7 headline crosswalk fit remains unweighted.",59.25864453886065,0.925509714271917,scrf,oak,False,10000.0,whole_cohort_subject_grouped_5fold_oof,720
unweighted_primary,3.5026857654431476,3.782095766828586,0.7550829650844698,11.3000231320842,65.9148739301411,8646,0.8429512940041793,62.13277816331251,0.911751422635715,False,2778.0,5133.0,0.7537929392006134,-0.2794100013854383,-0.0012900258838564,0.1704334480411358,-0.9864943419584762,0.0012973004343558,-0.7070843405730329,-0.002531690105381,8936.0,11.470456580125337,daily_steps,356.0,669.0,64.92837958818262,subjects,isotonic,8936,0.8442485944385352,"Mapped source is the grouped five-fold OOF isotonic prediction on the target algorithm scale. Positive/negative agreement are symmetric: 2a/(2a+b+c) and 2d/(2d+b+c). Cohen kappa uses the observed agreement minus agreement expected from the mapped/target marginals, divided by one minus expected agreement; every cell and marginal is WTMEC4YR-weighted in the weighted sensitivity. Attainment difference is mapped minus observed target percentage points. WTMEC4YR changes evaluation weights only; the D7 headline crosswalk fit remains unweighted.",61.42569382273948,0.909219732530334,scrf,scssl,False,7000.0,whole_cohort_subject_grouped_5fold_oof,720
WTMEC4YR_weighted_sensitivity,3.542057455605041,3.979996875453462,0.7518916140805684,11.055435554204852,68.60370772388063,8646,0.8344315088944592,64.62371084842717,0.9170183159541996,False,53764377.5378355,112982746.60819852,0.7536192031086884,-0.437939419848421,0.0017275890281199,0.051307904810617,-1.047957968145198,0.0032617119019741,-0.6100185482967788,-0.001435664583674,187581297.6535005,11.106743459015467,daily_steps,7094968.084305,13739205.4231615,67.55574975573543,WTMEC4YR,isotonic,8936,0.8376932207964333,"Mapped source is the grouped five-fold OOF isotonic prediction on the target algorithm scale. Positive/negative agreement are symmetric: 2a/(2a+b+c) and 2d/(2d+b+c). Cohen kappa uses the observed agreement minus agreement expected from the mapped/target marginals, divided by one minus expected agreement; every cell and marginal is WTMEC4YR-weighted in the weighted sensitivity. Attainment difference is mapped minus observed target percentage points. WTMEC4YR changes evaluation weights only; the D7 headline crosswalk fit remains unweighted.",64.01369230013039,0.9155826513705256,scrf,scssl,False,7000.0,whole_cohort_subject_grouped_5fold_oof,720
unweighted_primary,2.0926589077887248,2.116585704371965,0.7494797767919189,12.456627342123523,54.927133934767525,8646,0.8649868371568259,52.81054823039556,0.8843800322061192,False,3634.0,4179.0,0.7478295525420016,-0.0239267965832401,-0.0016502242499173,0.1105167939552558,-0.8313416339617916,0.0011792932209597,-0.8074148373785519,-0.0028274533642248,8936.0,12.56714413607878,daily_steps,468.0,655.0,54.09579230080573,subjects,isotonic,8936,0.8661661303777857,"Mapped source is the grouped five-fold OOF isotonic prediction on the target algorithm scale. Positive/negative agreement are symmetric: 2a/(2a+b+c) and 2d/(2d+b+c). Cohen kappa uses the observed agreement minus agreement expected from the mapped/target marginals, divided by one minus expected agreement; every cell and marginal is WTMEC4YR-weighted in the weighted sensitivity. Attainment difference is mapped minus observed target percentage points. WTMEC4YR changes evaluation weights only; the D7 headline crosswalk fit remains unweighted.",52.00313339301701,0.8815525788418943,scrf,scssl,False,8000.0,whole_cohort_subject_grouped_5fold_oof,720
WTMEC4YR_weighted_sensitivity,2.06048375973098,2.214272845661247,0.7461056988983034,12.485894402566364,57.61476976859993,8646,0.8564587838846451,55.40049692293868,0.8895202854615644,False,71435651.904649,92086165.5195255,0.740441260338449,-0.153789085930267,-0.0056644385598543,0.3402671232849954,-1.080110904419172,-0.0005872642478547,-0.9263218184889084,-0.0050620947690637,187581297.6535005,12.82616152585136,daily_steps,10097199.027441502,13962281.2018845,56.53465886418075,WTMEC4YR,isotonic,8936,0.8558715196367904,"Mapped source is the grouped five-fold OOF isotonic prediction on the target algorithm scale. Positive/negative agreement are symmetric: 2a/(2a+b+c) and 2d/(2d+b+c). Cohen kappa uses the observed agreement minus agreement expected from the mapped/target marginals, divided by one minus expected agreement; every cell and marginal is WTMEC4YR-weighted in the weighted sensitivity. Attainment difference is mapped minus observed target percentage points. WTMEC4YR changes evaluation weights only; the D7 headline crosswalk fit remains unweighted.",54.47417510444977,0.8844581906925006,scrf,scssl,False,8000.0,whole_cohort_subject_grouped_5fold_oof,720
unweighted_primary,-0.0223813786929261,0.4395095998149412,0.7259116490036631,12.51445755262549,35.48461716400648,8646,0.9033410755762016,35.04510756419153,0.8225647753361758,False,5309.0,2503.0,0.7209147447214213,-0.4618909785078673,-0.0049969042822418,0.0638772727997558,-1.1963450064415682,0.0009341756586817,-0.7344540279337011,-0.0059252973590142,8936.0,12.578334825425246,daily_steps,563.0,561.0,34.28827215756491,subjects,isotonic,8936,0.9042752512348832,"Mapped source is the grouped five-fold OOF isotonic prediction on the target algorithm scale. Positive/negative agreement are symmetric: 2a/(2a+b+c) and 2d/(2d+b+c). Cohen kappa uses the observed agreement minus agreement expected from the mapped/target marginals, divided by one minus expected agreement; every cell and marginal is WTMEC4YR-weighted in the weighted sensitivity. Attainment difference is mapped minus observed target percentage points. WTMEC4YR changes evaluation weights only; the D7 headline crosswalk fit remains unweighted.",34.31065353625783,0.8166394779771615,scrf,scssl,False,10000.0,whole_cohort_subject_grouped_5fold_oof,720
WTMEC4YR_weighted_sensitivity,-0.3273272017262574,0.2090543478135365,0.7174385367038306,13.084782505983746,36.516886695513065,8646,0.8971122186045746,36.30783234769953,0.8203249847319077,False,108776048.2532295,53691730.230242,0.7069728965015176,-0.5363815495397939,-0.0104656402023129,0.3032894842306515,-1.3633354972598823,-0.0006024436206696,-0.8269539477200851,-0.0098652990851983,187581297.6535005,13.388071990214398,daily_steps,12863761.8913,12249757.278729,35.15355119825318,WTMEC4YR,isotonic,8936,0.8965097749839049,"Mapped source is the grouped five-fold OOF isotonic prediction on the target algorithm scale. Positive/negative agreement are symmetric: 2a/(2a+b+c) and 2d/(2d+b+c). Cohen kappa uses the observed agreement minus agreement expected from the mapped/target marginals, divided by one minus expected agreement; every cell and marginal is WTMEC4YR-weighted in the weighted sensitivity. Attainment difference is mapped minus observed target percentage points. WTMEC4YR changes evaluation weights only; the D7 headline crosswalk fit remains unweighted.",35.480878399979446,0.8104596856467093,scrf,scssl,False,10000.0,whole_cohort_subject_grouped_5fold_oof,720
unweighted_primary,1.3652641002685817,1.5961138098542715,0.7844503004700166,9.16030534351145,70.18274346518622,8646,0.8503966754816774,68.58662965533195,0.933988998166361,False,2388.0,5696.0,0.779076687759042,-0.2308497095856898,-0.0053736127109745,0.3741619796756588,-0.9907112360009052,-0.0017826029870079,-0.7598615264152073,-0.0035741010739076,8936.0,9.534467323187108,daily_steps,365.0,487.0,69.19203222918532,subjects,isotonic,8936,0.8486140724946695,"Mapped source is the grouped five-fold OOF isotonic prediction on the target algorithm scale. Positive/negative agreement are symmetric: 2a/(2a+b+c) and 2d/(2d+b+c). Cohen kappa uses the observed agreement minus agreement expected from the mapped/target marginals, divided by one minus expected agreement; every cell and marginal is WTMEC4YR-weighted in the weighted sensitivity. Attainment difference is mapped minus observed target percentage points. WTMEC4YR changes evaluation weights only; the D7 headline crosswalk fit remains unweighted.",67.82676812891674,0.9304148970924534,scrf,vs,False,7000.0,whole_cohort_subject_grouped_5fold_oof,720
WTMEC4YR_weighted_sensitivity,1.552200070201759,1.955949790644651,0.7836449798021218,8.78408197287652,72.67914271325702,8646,0.8447978009063652,70.72319292261237,0.9387451959277616,False,46144437.398485005,123827433.0624655,0.7734475794628605,-0.4037497204428919,-0.0101974003392613,0.603542173469922,-1.1965552415791052,-0.0050316432293271,-0.7928055211362164,-0.0051296571468757,187581297.6535005,9.38762414634644,daily_steps,7348895.079343501,10260532.113206502,71.48258747167792,WTMEC4YR,isotonic,8936,0.8397661576770381,"Mapped source is the grouped five-fold OOF isotonic prediction on the target algorithm scale. Positive/negative agreement are symmetric: 2a/(2a+b+c) and 2d/(2d+b+c). Cohen kappa uses the observed agreement minus agreement expected from the mapped/target marginals, divided by one minus expected agreement; every cell and marginal is WTMEC4YR-weighted in the weighted sensitivity. Attainment difference is mapped minus observed target percentage points. WTMEC4YR changes evaluation weights only; the D7 headline crosswalk fit remains unweighted.",69.93038740147615,0.933615538780886,scrf,vs,False,7000.0,whole_cohort_subject_grouped_5fold_oof,720
unweighted_primary,1.5778871978513909,1.5035854730511278,0.7749551253202749,10.848947490168865,60.24751330094842,8646,0.866076527698458,58.74392782789729,0.9088258164852256,False,3209.0,4754.0,0.7755763467466561,0.074301724800263,0.0006212214263812,0.0395932439403576,-0.8137621818794827,0.0022768750887155,-0.8880639066797471,-0.0016604696671738,8936.0,10.888540734109222,daily_steps,416.0,557.0,59.43375111906894,subjects,isotonic,8936,0.8683534027871735,"Mapped source is the grouped five-fold OOF isotonic prediction on the target algorithm scale. Positive/negative agreement are symmetric: 2a/(2a+b+c) and 2d/(2d+b+c). Cohen kappa uses the observed agreement minus agreement expected from the mapped/target marginals, divided by one minus expected agreement; every cell and marginal is WTMEC4YR-weighted in the weighted sensitivity. Attainment difference is mapped minus observed target percentage points. WTMEC4YR changes evaluation weights only; the D7 headline crosswalk fit remains unweighted.",57.85586392121754,0.9071653468180516,scrf,vs,False,8000.0,whole_cohort_subject_grouped_5fold_oof,720
WTMEC4YR_weighted_sensitivity,2.680159983824848,2.5453044899210853,0.7724549005956884,10.775459198862814,62.84227782917816,8646,0.8598054356395027,60.29697333925708,0.9124937085728768,False,63534700.554475,103700989.319853,0.7728211585827711,0.1348554939037627,0.0003662579870826,0.0708288019563472,-0.7958296470922548,0.0021787141928023,-0.930685140996026,-0.0018277300617034,187581297.6535005,10.84628800081916,daily_steps,7659064.451162,12686543.3280105,62.0464481820859,WTMEC4YR,isotonic,8936,0.8619841498323051,"Mapped source is the grouped five-fold OOF isotonic prediction on the target algorithm scale. Positive/negative agreement are symmetric: 2a/(2a+b+c) and 2d/(2d+b+c). Cohen kappa uses the observed agreement minus agreement expected from the mapped/target marginals, divided by one minus expected agreement; every cell and marginal is WTMEC4YR-weighted in the weighted sensitivity. Attainment difference is mapped minus observed target percentage points. WTMEC4YR changes evaluation weights only; the D7 headline crosswalk fit remains unweighted.",59.36628819826105,0.9106659785111731,scrf,vs,False,8000.0,whole_cohort_subject_grouped_5fold_oof,720
unweighted_primary,-1.141450313339304,0.1850566736062875,0.7611477608376574,11.40411751098774,39.47490168864214,8646,0.9059339820644916,39.28984501503586,0.8552129221732746,False,5069.0,2871.0,0.7627588359929168,-1.3265069869455914,0.0016110751552593,-0.2581909219098524,-2.344194437075444,0.0046102967212099,-1.0176874501298556,-0.0030312658954473,8936.0,11.145926589077886,daily_steps,549.0,447.0,37.1307072515667,subjects,isotonic,8936,0.9105442787857014,"Mapped source is the grouped five-fold OOF isotonic prediction on the target algorithm scale. Positive/negative agreement are symmetric: 2a/(2a+b+c) and 2d/(2d+b+c). Cohen kappa uses the observed agreement minus agreement expected from the mapped/target marginals, divided by one minus expected agreement; every cell and marginal is WTMEC4YR-weighted in the weighted sensitivity. Attainment difference is mapped minus observed target percentage points. WTMEC4YR changes evaluation weights only; the D7 headline crosswalk fit remains unweighted.",38.272157564906,0.8521816562778273,scrf,vs,False,10000.0,whole_cohort_subject_grouped_5fold_oof,720
WTMEC4YR_weighted_sensitivity,-0.2758126118685255,1.4310414654347792,0.7545862347433464,11.81524571291372,41.05618739337404,8646,0.9009773906983808,39.62514592793926,0.8535566378674047,False,104889637.522019,61241662.198294505,0.7582095577678956,-1.7068540773033047,0.0036233230245491,-0.3802049058022554,-2.8285092486534396,0.0062575469156828,-1.1216551713501346,-0.0025839623672961,187581297.6535005,11.435040807111465,daily_steps,10983685.404811,10466312.528376,38.2276781447206,WTMEC4YR,isotonic,8936,0.9072349376140636,"Mapped source is the grouped five-fold OOF isotonic prediction on the target algorithm scale. Positive/negative agreement are symmetric: 2a/(2a+b+c) and 2d/(2d+b+c). Cohen kappa uses the observed agreement minus agreement expected from the mapped/target marginals, divided by one minus expected agreement; every cell and marginal is WTMEC4YR-weighted in the weighted sensitivity. Attainment difference is mapped minus observed target percentage points. WTMEC4YR changes evaluation weights only; the D7 headline crosswalk fit remains unweighted.",38.50349075658912,0.8509726755001085,scrf,vs,False,10000.0,whole_cohort_subject_grouped_5fold_oof,720
unweighted_primary,1.4771709937332125,2.105019662271568,0.7775330184871169,10.594494563960213,62.00555170020819,8646,0.8643364928909952,59.900532037936614,0.9130929791271348,False,3095.0,4877.0,0.77535910372958,-0.6278486685383555,-0.0021739147575369,0.1933299660308343,-1.2960619956423898,0.0009137167819149,-0.6682133271040271,-0.0030351325139605,8936.0,10.787824529991047,daily_steps,416.0,548.0,60.7094897045658,subjects,isotonic,8936,0.8652502096729102,"Mapped source is the grouped five-fold OOF isotonic prediction on the target algorithm scale. Positive/negative agreement are symmetric: 2a/(2a+b+c) and 2d/(2d+b+c). Cohen kappa uses the observed agreement minus agreement expected from the mapped/target marginals, divided by one minus expected agreement; every cell and marginal is WTMEC4YR-weighted in the weighted sensitivity. Attainment difference is mapped minus observed target percentage points. WTMEC4YR changes evaluation weights only; the D7 headline crosswalk fit remains unweighted.",59.23231871083259,0.910057846613174,scrf,vsrev,False,7000.0,whole_cohort_subject_grouped_5fold_oof,720
WTMEC4YR_weighted_sensitivity,1.813529128924596,2.240729036817213,0.7772859795737074,10.326620036563366,64.644285897903,8646,0.8584466803024422,62.40355686108578,0.9187186510820724,False,60365984.0842615,107340902.12112,0.7739994629115112,-0.4271999078926169,-0.0032865166621961,0.268472169713478,-1.2163055660696926,0.0002054555230741,-0.7891056581770641,-0.0034506262702954,187581297.6535005,10.595092206276844,daily_steps,8236284.987379,11638126.46074,63.42798033183331,WTMEC4YR,isotonic,8936,0.8586521358255164,"Mapped source is the grouped five-fold OOF isotonic prediction on the target algorithm scale. Positive/negative agreement are symmetric: 2a/(2a+b+c) and 2d/(2d+b+c). Cohen kappa uses the observed agreement minus agreement expected from the mapped/target marginals, divided by one minus expected agreement; every cell and marginal is WTMEC4YR-weighted in the weighted sensitivity. Attainment difference is mapped minus observed target percentage points. WTMEC4YR changes evaluation weights only; the D7 headline crosswalk fit remains unweighted.",61.61445120290872,0.9152680248117768,scrf,vsrev,False,7000.0,whole_cohort_subject_grouped_5fold_oof,720
unweighted_primary,1.6786034019695584,1.7349063150589927,0.7692091226146552,11.519777931991673,53.11126532500579,8646,0.8793896827318963,51.3763590099468,0.8897498339605933,False,3815.0,4079.0,0.7666481130857881,-0.0563029130894343,-0.0025610095288671,0.140920367023547,-0.7947926302877946,0.000453490699838,-0.7384897171983553,-0.0030107035258106,8936.0,11.66069829901522,daily_steps,446.0,596.0,52.316472694717994,subjects,isotonic,8936,0.8798431734317343,"Mapped source is the grouped five-fold OOF isotonic prediction on the target algorithm scale. Positive/negative agreement are symmetric: 2a/(2a+b+c) and 2d/(2d+b+c). Cohen kappa uses the observed agreement minus agreement expected from the mapped/target marginals, divided by one minus expected agreement; every cell and marginal is WTMEC4YR-weighted in the weighted sensitivity. Attainment difference is mapped minus observed target percentage points. WTMEC4YR changes evaluation weights only; the D7 headline crosswalk fit remains unweighted.",50.63786929274844,0.8867391304347826,scrf,vsrev,False,8000.0,whole_cohort_subject_grouped_5fold_oof,720
WTMEC4YR_weighted_sensitivity,2.283829520192604,2.3015052195661023,0.7529497615321976,12.259540453956925,55.63857390146525,8646,0.8653158253252731,53.33706868189915,0.8875020127128078,False,75575757.674344,89005073.7897885,0.7536337969633466,-0.0176756993734983,0.000684035431149,0.0020583712385278,-0.917060246533744,0.0026129459339737,-0.8993845471602455,-0.001926150613338,187581297.6535005,12.26159882519545,daily_steps,9358214.5695985,13642251.6197695,54.721513654931506,WTMEC4YR,isotonic,8936,0.8679287712592468,"Mapped source is the grouped five-fold OOF isotonic prediction on the target algorithm scale. Positive/negative agreement are symmetric: 2a/(2a+b+c) and 2d/(2d+b+c). Cohen kappa uses the observed agreement minus agreement expected from the mapped/target marginals, divided by one minus expected agreement; every cell and marginal is WTMEC4YR-weighted in the weighted sensitivity. Attainment difference is mapped minus observed target percentage points. WTMEC4YR changes evaluation weights only; the D7 headline crosswalk fit remains unweighted.",52.4376841347389,0.8855758620994698,scrf,vsrev,False,8000.0,whole_cohort_subject_grouped_5fold_oof,720
unweighted_primary,-1.320501342882724,-0.3354152209114003,0.7661536035099542,10.559796437659031,34.27018274346519,8646,0.9194672311899093,34.605597964376585,0.8466834592779178,False,5484.0,2518.0,0.7651229095205461,-0.9850861219713236,-0.0010306939894081,-0.1076925880618979,-1.526225715712286,0.0020585627942951,-0.5411395937409509,-0.0031323705006983,8936.0,10.452103849597137,daily_steps,526.0,408.0,32.743957027752906,subjects,isotonic,8936,0.9215257939842044,"Mapped source is the grouped five-fold OOF isotonic prediction on the target algorithm scale. Positive/negative agreement are symmetric: 2a/(2a+b+c) and 2d/(2d+b+c). Cohen kappa uses the observed agreement minus agreement expected from the mapped/target marginals, divided by one minus expected agreement; every cell and marginal is WTMEC4YR-weighted in the weighted sensitivity. Attainment difference is mapped minus observed target percentage points. WTMEC4YR changes evaluation weights only; the D7 headline crosswalk fit remains unweighted.",34.064458370635634,0.8435510887772194,scrf,vsrev,False,10000.0,whole_cohort_subject_grouped_5fold_oof,720
WTMEC4YR_weighted_sensitivity,-1.1591584558733492,-0.0750978705582938,0.7472793421070018,11.532904478141749,35.18909826402737,8646,0.9109749304345238,35.26419613458567,0.8363042555130141,False,113214386.6635285,53278984.8827385,0.7496330158590829,-1.0840605853150551,0.0023536737520811,-0.2908849532597717,-1.744524372899498,0.0038270762364167,-0.6604637875844404,-0.0015107117257743,187581297.6535005,11.242019524881975,daily_steps,11631145.2903105,9456780.816923,33.444573891127874,WTMEC4YR,isotonic,8936,0.9148020066709406,"Mapped source is the grouped five-fold OOF isotonic prediction on the target algorithm scale. Positive/negative agreement are symmetric: 2a/(2a+b+c) and 2d/(2d+b+c). Cohen kappa uses the observed agreement minus agreement expected from the mapped/target marginals, divided by one minus expected agreement; every cell and marginal is WTMEC4YR-weighted in the weighted sensitivity. Attainment difference is mapped minus observed target percentage points. WTMEC4YR changes evaluation weights only; the D7 headline crosswalk fit remains unweighted.",34.60373234700123,0.8347935437872398,scrf,vsrev,False,10000.0,whole_cohort_subject_grouped_5fold_oof,720
unweighted_primary,3.72649955237242,3.7242655563266225,0.5772978919441552,7.656719870460328,91.83437427712236,8646,0.6182237600922722,88.11010872079575,0.9574495436431418,False,578.0,7641.0,0.5739529479919155,0.0022339960457973,-0.0033449439522396,0.3670043909541736,-0.4512050738994446,-0.0010320889764152,-0.4534390699452615,-0.0022648445994516,8936.0,8.023724261414502,daily_steps,192.0,525.0,91.38316920322292,subjects,isotonic,8936,0.6171916711158569,"Mapped source is the grouped five-fold OOF isotonic prediction on the target algorithm scale. Positive/negative agreement are symmetric: 2a/(2a+b+c) and 2d/(2d+b+c). Cohen kappa uses the observed agreement minus agreement expected from the mapped/target marginals, divided by one minus expected agreement; every cell and marginal is WTMEC4YR-weighted in the weighted sensitivity. Attainment difference is mapped minus observed target percentage points. WTMEC4YR changes evaluation weights only; the D7 headline crosswalk fit remains unweighted.",87.65666965085049,0.9551846990436902,scssl,acti,False,7000.0,whole_cohort_subject_grouped_5fold_oof,720
WTMEC4YR_weighted_sensitivity,4.205006946569545,4.196901808674392,0.5300268193919878,7.303232548652791,93.66068769071175,8646,0.5672293495473174,89.46378588203736,0.9601187519823696,False,9603984.0542075,163847250.087776,0.5373466063016348,0.0081051378951535,0.0073197869096469,0.2295352103260404,-0.4444729991353426,0.00892848506614,-0.4525781370304855,-0.001455931964709,187581297.6535005,7.532767758978832,daily_steps,3121128.4573609997,11008935.054156002,93.2162146915764,WTMEC4YR,isotonic,8936,0.5761578346134575,"Mapped source is the grouped five-fold OOF isotonic prediction on the target algorithm scale. Positive/negative agreement are symmetric: 2a/(2a+b+c) and 2d/(2d+b+c). Cohen kappa uses the observed agreement minus agreement expected from the mapped/target marginals, divided by one minus expected agreement; every cell and marginal is WTMEC4YR-weighted in the weighted sensitivity. Attainment difference is mapped minus observed target percentage points. WTMEC4YR changes evaluation weights only; the D7 headline crosswalk fit remains unweighted.",89.01120774500687,0.9586628200176608,scssl,acti,False,7000.0,whole_cohort_subject_grouped_5fold_oof,720
unweighted_primary,3.40196956132498,3.088133240805002,0.6429767655813061,9.51885264862364,85.73907009021514,8646,0.698865715331138,82.65093684941013,0.9434713922659524,False,1024.0,7008.0,0.633945208220652,0.3138363205199779,-0.009031557360654,0.597530520579582,-0.555542784933138,-0.0050987776617612,-0.8693791054531061,-0.0040612045983919,8936.0,10.116383169203225,daily_steps,300.0,604.0,85.183527305282,subjects,isotonic,8936,0.6937669376693767,"Mapped source is the grouped five-fold OOF isotonic prediction on the target algorithm scale. Positive/negative agreement are symmetric: 2a/(2a+b+c) and 2d/(2d+b+c). Cohen kappa uses the observed agreement minus agreement expected from the mapped/target marginals, divided by one minus expected agreement; every cell and marginal is WTMEC4YR-weighted in the weighted sensitivity. Attainment difference is mapped minus observed target percentage points. WTMEC4YR changes evaluation weights only; the D7 headline crosswalk fit remains unweighted.",81.78155774395702,0.9394101876675603,scssl,acti,False,8000.0,whole_cohort_subject_grouped_5fold_oof,720
WTMEC4YR_weighted_sensitivity,3.595768459110893,3.2110225091194766,0.62774847578052,8.96025199997721,87.64793721936393,8646,0.6790182886588034,84.43691471024445,0.9479311984785131,False,18374825.3874095,150972714.3140985,0.6124300712003953,0.3847459499914163,-0.0153184045801246,0.7602042395748949,-0.5059407074573414,-0.0106411977182991,-0.890686657448768,-0.004879803248067,187581297.6535005,9.720456239552105,daily_steps,5744384.407888499,12489373.544104,87.14199651190658,WTMEC4YR,isotonic,8936,0.6683770909405042,"Mapped source is the grouped five-fold OOF isotonic prediction on the target algorithm scale. Positive/negative agreement are symmetric: 2a/(2a+b+c) and 2d/(2d+b+c). Cohen kappa uses the observed agreement minus agreement expected from the mapped/target marginals, divided by one minus expected agreement; every cell and marginal is WTMEC4YR-weighted in the weighted sensitivity. Attainment difference is mapped minus observed target percentage points. WTMEC4YR changes evaluation weights only; the D7 headline crosswalk fit remains unweighted.",83.54622805279568,0.943051395230446,scssl,acti,False,8000.0,whole_cohort_subject_grouped_5fold_oof,720
unweighted_primary,5.315577439570274,4.904001850566731,0.6583321335860473,14.781401804302568,70.96923432801296,8646,0.7652461425422483,66.06523247744622,0.8921336934503714,False,2234.0,5357.0,0.658187281058097,0.4115755890035428,-0.0001448525279502,0.270075366691163,-0.8371841937246813,0.0033759114746104,-1.2487597827282144,-0.0036686465973985,8936.0,15.051477170993731,daily_steps,435.0,910.0,70.13205013428828,subjects,isotonic,8936,0.7686220540168588,"Mapped source is the grouped five-fold OOF isotonic prediction on the target algorithm scale. Positive/negative agreement are symmetric: 2a/(2a+b+c) and 2d/(2d+b+c). Cohen kappa uses the observed agreement minus agreement expected from the mapped/target marginals, divided by one minus expected agreement; every cell and marginal is WTMEC4YR-weighted in the weighted sensitivity. Attainment difference is mapped minus observed target percentage points. WTMEC4YR changes evaluation weights only; the D7 headline crosswalk fit remains unweighted.",64.816472694718,0.8884650468529729,scssl,acti,False,10000.0,whole_cohort_subject_grouped_5fold_oof,720
WTMEC4YR_weighted_sensitivity,5.912016700269929,5.636744440522912,0.6498272166154844,14.619574968797783,73.32356746039864,8646,0.7521669479112397,67.68682301987572,0.896322711262594,False,43332635.9593115,116243056.700756,0.6497057373020055,0.2752722597470169,-0.0001214793134788,0.3102742985662008,-0.9332067378527568,0.0036070921276166,-1.2084789975997694,-0.0038332500466802,187581297.6535005,14.929849267363984,daily_steps,8457883.6747875,19547721.3186455,72.39036072254588,WTMEC4YR,isotonic,8936,0.7557740400388564,"Mapped source is the grouped five-fold OOF isotonic prediction on the target algorithm scale. Positive/negative agreement are symmetric: 2a/(2a+b+c) and 2d/(2d+b+c). Cohen kappa uses the observed agreement minus agreement expected from the mapped/target marginals, divided by one minus expected agreement; every cell and marginal is WTMEC4YR-weighted in the weighted sensitivity. Attainment difference is mapped minus observed target percentage points. WTMEC4YR changes evaluation weights only; the D7 headline crosswalk fit remains unweighted.",66.47834402227595,0.8924894612159138,scssl,acti,False,10000.0,whole_cohort_subject_grouped_5fold_oof,720
unweighted_primary,-0.7273948075201432,-0.659264399722415,0.3388978266055812,1.4457552625491557,0.7749248207263475,8646,0.9926904859364948,1.4341892204487623,0.3455497382198952,True,8788.0,33.0,0.3589861946620088,-0.0681304077977281,0.0200883680564275,-0.1588259877058253,-0.1258648386314503,0.0008090335932094,-0.0577344308337222,0.0190911457580053,8936.0,1.2869292748433303,daily_steps,90.0,25.0,0.6490599820948971,subjects,isotonic,8936,0.9934995195297044,"Mapped source is the grouped five-fold OOF isotonic prediction on the target algorithm scale. Positive/negative agreement are symmetric: 2a/(2a+b+c) and 2d/(2d+b+c). Cohen kappa uses the observed agreement minus agreement expected from the mapped/target marginals, divided by one minus expected agreement; every cell and marginal is WTMEC4YR-weighted in the weighted sensitivity. Attainment difference is mapped minus observed target percentage points. WTMEC4YR changes evaluation weights only; the D7 headline crosswalk fit remains unweighted.",1.3764547896150403,0.3646408839779005,scssl,adept,True,7000.0,whole_cohort_subject_grouped_5fold_oof,720
WTMEC4YR_weighted_sensitivity,-0.6811241911947382,-0.666723136270942,0.3038040025953172,1.276142797569945,0.5905748745914701,8646,0.9935597824956364,1.257298010862412,0.3093990351741681,True,184944693.1696355,508466.8275419999,0.3185722025413994,-0.0144010549237961,0.0147681999460821,-0.141627958966958,-0.0928147731602835,0.0007196868329423,-0.0784137182364874,0.0139429670868418,187581297.6535005,1.134514838602987,daily_steps,1702899.626399,425238.029924,0.4977601014311865,WTMEC4YR,isotonic,8936,0.9942794693285788,"Mapped source is the grouped five-fold OOF isotonic prediction on the target algorithm scale. Positive/negative agreement are symmetric: 2a/(2a+b+c) and 2d/(2d+b+c). Cohen kappa uses the observed agreement minus agreement expected from the mapped/target marginals, divided by one minus expected agreement; every cell and marginal is WTMEC4YR-weighted in the weighted sensitivity. Attainment difference is mapped minus observed target percentage points. WTMEC4YR changes evaluation weights only; the D7 headline crosswalk fit remains unweighted.",1.1788842926259246,0.32334200226101,scssl,adept,True,7000.0,whole_cohort_subject_grouped_5fold_oof,720
unweighted_primary,-0.4588182632050134,-0.4395095998149433,0.1592167243023168,0.948415452232246,0.3469812630117973,8646,0.9952308944980808,0.7864908628267407,0.1632653061224489,True,8853.0,8.0,0.1724659083612746,-0.01930866339007,0.0132491840589577,-0.1091137512474653,-0.0672140293502037,0.0005511200117893,-0.0479053659601337,0.0125588697017268,8936.0,0.8393017009847807,daily_steps,58.0,17.0,0.2797672336615935,subjects,isotonic,8936,0.99578201450987,"Mapped source is the grouped five-fold OOF isotonic prediction on the target algorithm scale. Positive/negative agreement are symmetric: 2a/(2a+b+c) and 2d/(2d+b+c). Cohen kappa uses the observed agreement minus agreement expected from the mapped/target marginals, divided by one minus expected agreement; every cell and marginal is WTMEC4YR-weighted in the weighted sensitivity. Attainment difference is mapped minus observed target percentage points. WTMEC4YR changes evaluation weights only; the D7 headline crosswalk fit remains unweighted.",0.738585496866607,0.1758241758241758,scssl,adept,True,8000.0,whole_cohort_subject_grouped_5fold_oof,720
WTMEC4YR_weighted_sensitivity,-0.3822631672393801,-0.3887151799912864,0.1856739799962856,0.7183175537529188,0.2482742415679816,8646,0.996392444040216,0.6369894215592681,0.1885834879798218,True,186255545.08127904,147963.0322495,0.1983993104781667,0.0064520127519063,0.012725330481881,-0.0904353742897996,-0.0465853193840381,0.0004557641780494,-0.0530373321359445,0.0122192066521757,187581297.6535005,0.6278821794631192,daily_steps,947421.8747655,230367.6652065,0.2016889221839435,WTMEC4YR,isotonic,8936,0.9968482082182656,"Mapped source is the grouped five-fold OOF isotonic prediction on the target algorithm scale. Positive/negative agreement are symmetric: 2a/(2a+b+c) and 2d/(2d+b+c). Cohen kappa uses the observed agreement minus agreement expected from the mapped/target marginals, divided by one minus expected agreement; every cell and marginal is WTMEC4YR-weighted in the weighted sensitivity. Attainment difference is mapped minus observed target percentage points. WTMEC4YR changes evaluation weights only; the D7 headline crosswalk fit remains unweighted.",0.5839520894233236,0.2008026946319976,scssl,adept,True,8000.0,whole_cohort_subject_grouped_5fold_oof,720
unweighted_primary,-0.1790510295434198,-0.1966227157066851,0.0,0.1966227157066851,0.0,8646,0.999015918958032,0.1966227157066851,0.0,True,8920.0,0.0,0.0,0.0175716861632653,0.0,-0.0175716861632653,0.0,8.802369429783408e-05,-0.0175716861632653,0.0,8936.0,0.1790510295434198,daily_steps,16.0,0.0,0.0,subjects,isotonic,8936,0.9991039426523296,"Mapped source is the grouped five-fold OOF isotonic prediction on the target algorithm scale. Positive/negative agreement are symmetric: 2a/(2a+b+c) and 2d/(2d+b+c). Cohen kappa uses the observed agreement minus agreement expected from the mapped/target marginals, divided by one minus expected agreement; every cell and marginal is WTMEC4YR-weighted in the weighted sensitivity. Attainment difference is mapped minus observed target percentage points. WTMEC4YR changes evaluation weights only; the D7 headline crosswalk fit remains unweighted.",0.1790510295434198,0.0,scssl,adept,True,10000.0,whole_cohort_subject_grouped_5fold_oof,720
WTMEC4YR_weighted_sensitivity,-0.1453010186047264,-0.1567044574581063,-7.084820959365515e-14,0.1567044574581063,0.0,8646,0.9992158633241476,0.1567044574581063,0.0,True,187308740.117298,0.0,0.0,0.0114034388533799,7.084820959365515e-14,-0.0114034388533799,0.0,5.7103389443424746e-05,-0.0114034388533799,0.0,187581297.6535005,0.1453010186047264,daily_steps,272557.5362025,0.0,0.0,WTMEC4YR,isotonic,8936,0.999272966713591,"Mapped source is the grouped five-fold OOF isotonic prediction on the target algorithm scale. Positive/negative agreement are symmetric: 2a/(2a+b+c) and 2d/(2d+b+c). Cohen kappa uses the observed agreement minus agreement expected from the mapped/target marginals, divided by one minus expected agreement; every cell and marginal is WTMEC4YR-weighted in the weighted sensitivity. Attainment difference is mapped minus observed target percentage points. WTMEC4YR changes evaluation weights only; the D7 headline crosswalk fit remains unweighted.",0.1453010186047264,0.0,scssl,adept,True,10000.0,whole_cohort_subject_grouped_5fold_oof,720
unweighted_primary,3.7041181736794937,3.7473976405274168,0.6612287196353399,10.525098311357851,82.69720101781171,8646,0.7255729794933655,78.94980337728428,0.9348883800801374,False,1272.0,6717.0,0.6636143461080292,-0.043279466847923,0.0023856264726892,0.0724844997433109,-0.3784901852244218,0.0031580431362534,-0.3352107183764872,-0.0007391554086959,8936.0,10.597582811101164,daily_steps,308.0,639.0,82.31871083258729,subjects,isotonic,8936,0.728731022629619,"Mapped source is the grouped five-fold OOF isotonic prediction on the target algorithm scale. Positive/negative agreement are symmetric: 2a/(2a+b+c) and 2d/(2d+b+c). Cohen kappa uses the observed agreement minus agreement expected from the mapped/target marginals, divided by one minus expected agreement; every cell and marginal is WTMEC4YR-weighted in the weighted sensitivity. Attainment difference is mapped minus observed target percentage points. WTMEC4YR changes evaluation weights only; the D7 headline crosswalk fit remains unweighted.",78.6145926589078,0.9341492246714416,scssl,oak,False,7000.0,whole_cohort_subject_grouped_5fold_oof,720
WTMEC4YR_weighted_sensitivity,3.2628881561003853,3.3092245484332983,0.6393532625000194,10.171850478926746,84.70781465519111,8646,0.6998887132661807,81.39859010675782,0.938763044727238,False,22776807.1734635,145685244.2533015,0.6434573205243648,-0.0463363923329129,0.0041040580243453,0.0206614963622318,-0.3149922794830075,0.0044811559936048,-0.2686558871501034,-0.000340752741179,187581297.6535005,10.192511975288978,daily_steps,6499339.14127,12619907.085465502,84.3928223757081,WTMEC4YR,isotonic,8936,0.7043698692597856,"Mapped source is the grouped five-fold OOF isotonic prediction on the target algorithm scale. Positive/negative agreement are symmetric: 2a/(2a+b+c) and 2d/(2d+b+c). Cohen kappa uses the observed agreement minus agreement expected from the mapped/target marginals, divided by one minus expected agreement; every cell and marginal is WTMEC4YR-weighted in the weighted sensitivity. Attainment difference is mapped minus observed target percentage points. WTMEC4YR changes evaluation weights only; the D7 headline crosswalk fit remains unweighted.",81.12993421960772,0.9384222919860592,scssl,oak,False,7000.0,whole_cohort_subject_grouped_5fold_oof,720
unweighted_primary,4.6553267681289086,5.170020818875775,0.658713167854738,12.780476520934537,77.77006708304418,8646,0.742484269401072,72.60004626416841,0.9150065379586184,False,1711.0,6067.0,0.6610051600631189,-0.5146940507468667,0.0022919922083809,0.1783417422704758,-1.0690823023817018,0.0046773026513297,-0.5543882516348333,-0.0021266101825125,8936.0,12.958818263205012,daily_steps,371.0,787.0,76.70098478066248,subjects,isotonic,8936,0.7471615720524017,"Mapped source is the grouped five-fold OOF isotonic prediction on the target algorithm scale. Positive/negative agreement are symmetric: 2a/(2a+b+c) and 2d/(2d+b+c). Cohen kappa uses the observed agreement minus agreement expected from the mapped/target marginals, divided by one minus expected agreement; every cell and marginal is WTMEC4YR-weighted in the weighted sensitivity. Attainment difference is mapped minus observed target percentage points. WTMEC4YR changes evaluation weights only; the D7 headline crosswalk fit remains unweighted.",72.04565801253358,0.912879927776106,scssl,oak,False,8000.0,whole_cohort_subject_grouped_5fold_oof,720
WTMEC4YR_weighted_sensitivity,4.295150426537553,4.744889748189863,0.6470895813585812,12.329645623982149,79.91834229488887,8646,0.7254478200478119,75.17345254669901,0.9205009804898076,False,31922848.3987155,132203215.939224,0.6507501517971399,-0.4497393216523093,0.0036605704385587,0.1743905507155165,-1.0409254622956468,0.0058811212910337,-0.5911861406433303,-0.0019819004996081,187581297.6535005,12.504036174697664,daily_steps,7699167.204646001,15756066.110915,78.87741683259323,WTMEC4YR,isotonic,8936,0.7313289413388457,"Mapped source is the grouped five-fold OOF isotonic prediction on the target algorithm scale. Positive/negative agreement are symmetric: 2a/(2a+b+c) and 2d/(2d+b+c). Cohen kappa uses the observed agreement minus agreement expected from the mapped/target marginals, divided by one minus expected agreement; every cell and marginal is WTMEC4YR-weighted in the weighted sensitivity. Attainment difference is mapped minus observed target percentage points. WTMEC4YR changes evaluation weights only; the D7 headline crosswalk fit remains unweighted.",74.58226640605568,0.9185190799901995,scssl,oak,False,8000.0,whole_cohort_subject_grouped_5fold_oof,720
unweighted_primary,0.7609668755595322,0.9252833680314598,0.6769834280682092,15.706685172334028,58.76705991209808,8646,0.8116504854368932,57.841776544066626,0.8653045030747868,False,3115.0,4423.0,0.6802766355262653,-0.1643164924719276,0.003293207458056,-0.062101465977717,-1.0678656417310322,0.0050773593454874,-0.9035491492591065,-0.0017746319307024,8936.0,15.644583706356311,daily_steps,665.0,733.0,57.69919427036705,subjects,isotonic,8936,0.8167278447823807,"Mapped source is the grouped five-fold OOF isotonic prediction on the target algorithm scale. Positive/negative agreement are symmetric: 2a/(2a+b+c) and 2d/(2d+b+c). Cohen kappa uses the observed agreement minus agreement expected from the mapped/target marginals, divided by one minus expected agreement; every cell and marginal is WTMEC4YR-weighted in the weighted sensitivity. Attainment difference is mapped minus observed target percentage points. WTMEC4YR changes evaluation weights only; the D7 headline crosswalk fit remains unweighted.",56.93822739480752,0.8635298711440843,scssl,oak,False,10000.0,whole_cohort_subject_grouped_5fold_oof,720
WTMEC4YR_weighted_sensitivity,1.0406240681012702,1.2196955278521826,0.6761326563742163,15.447594976225378,61.357282705576985,8646,0.8032282100129958,60.1375871777248,0.8728539320955436,False,61120178.0896705,97807165.362549,0.6823751520636395,-0.1790714597509124,0.0062424956894232,-0.1721093282848862,-1.0580140986150752,0.0068775910009517,-0.8789426388641672,-0.0006203445897904,187581297.6535005,15.275485647940492,daily_steps,13350969.035321,15302985.16596,60.29926860696191,WTMEC4YR,isotonic,8936,0.8101058010139476,"Mapped source is the grouped five-fold OOF isotonic prediction on the target algorithm scale. Positive/negative agreement are symmetric: 2a/(2a+b+c) and 2d/(2d+b+c). Cohen kappa uses the observed agreement minus agreement expected from the mapped/target marginals, divided by one minus expected agreement; every cell and marginal is WTMEC4YR-weighted in the weighted sensitivity. Attainment difference is mapped minus observed target percentage points. WTMEC4YR changes evaluation weights only; the D7 headline crosswalk fit remains unweighted.",59.25864453886064,0.8722335875057532,scssl,oak,False,10000.0,whole_cohort_subject_grouped_5fold_oof,720
unweighted_primary,3.010295434198751,2.8915105250983064,0.7565165081481925,8.836456164700438,77.66597270414064,8646,0.8142023346303502,74.77446217904233,0.9420333839150228,False,1752.0,6363.0,0.749878492687469,0.1187849091004444,-0.0066380154607235,0.3510997887462945,-0.3606906987691047,-0.0040289242257258,-0.4794756078695457,-0.0026372076398326,8936.0,9.187555953446733,daily_steps,276.0,545.0,77.30528200537154,subjects,isotonic,8936,0.8101734104046243,"Mapped source is the grouped five-fold OOF isotonic prediction on the target algorithm scale. Positive/negative agreement are symmetric: 2a/(2a+b+c) and 2d/(2d+b+c). Cohen kappa uses the observed agreement minus agreement expected from the mapped/target marginals, divided by one minus expected agreement; every cell and marginal is WTMEC4YR-weighted in the weighted sensitivity. Attainment difference is mapped minus observed target percentage points. WTMEC4YR changes evaluation weights only; the D7 headline crosswalk fit remains unweighted.",74.29498657117279,0.93939617627519,scssl,scrf,False,7000.0,whole_cohort_subject_grouped_5fold_oof,720
WTMEC4YR_weighted_sensitivity,2.818478474945041,2.5971981919825526,0.7480830665682098,8.501610020369235,79.83458976825807,8646,0.80195661745766,77.23739157627551,0.945874433189194,False,32704144.888789,137880204.502841,0.7359872194721405,0.2212802829624882,-0.0120958470960692,0.5595002686038146,-0.3905568360716813,-0.0082171497521462,-0.6118371190341776,-0.0039325753329519,187581297.6535005,9.06111028897305,daily_steps,5855004.882242,11141943.379628498,79.44403293218639,WTMEC4YR,isotonic,8936,0.7937394677055137,"Mapped source is the grouped five-fold OOF isotonic prediction on the target algorithm scale. Positive/negative agreement are symmetric: 2a/(2a+b+c) and 2d/(2d+b+c). Cohen kappa uses the observed agreement minus agreement expected from the mapped/target marginals, divided by one minus expected agreement; every cell and marginal is WTMEC4YR-weighted in the weighted sensitivity. Attainment difference is mapped minus observed target percentage points. WTMEC4YR changes evaluation weights only; the D7 headline crosswalk fit remains unweighted.",76.62555445724134,0.941941857856242,scssl,scrf,False,7000.0,whole_cohort_subject_grouped_5fold_oof,720
unweighted_primary,3.021486123545214,3.2384917881100983,0.7535762981782982,10.363173721952348,71.61693268563496,8646,0.8272937548188126,68.37844089752487,0.9259748843357568,False,2266.0,5716.0,0.7493492740989687,-0.2170056645648843,-0.0042270240793295,0.3127439145740602,-0.8022505012123986,-0.0011909476733514,-0.5852448366475187,-0.0029973290313809,8936.0,10.675917636526409,daily_steps,342.0,612.0,70.81468218442257,subjects,isotonic,8936,0.8261028071454611,"Mapped source is the grouped five-fold OOF isotonic prediction on the target algorithm scale. Positive/negative agreement are symmetric: 2a/(2a+b+c) and 2d/(2d+b+c). Cohen kappa uses the observed agreement minus agreement expected from the mapped/target marginals, divided by one minus expected agreement; every cell and marginal is WTMEC4YR-weighted in the weighted sensitivity. Attainment difference is mapped minus observed target percentage points. WTMEC4YR changes evaluation weights only; the D7 headline crosswalk fit remains unweighted.",67.79319606087735,0.922977555304376,scssl,scrf,False,8000.0,whole_cohort_subject_grouped_5fold_oof,720
WTMEC4YR_weighted_sensitivity,2.860624290697711,3.120719820605533,0.7549547171449797,9.792802902454444,74.01637992035855,8646,0.8222333354506208,70.89566009975302,0.9324224343188092,False,43485491.2460065,124810145.759585,0.7470351879618518,-0.2600955299078222,-0.0079195291831279,0.4884249646932712,-0.9088921901064708,-0.0037340875731309,-0.6487966601986557,-0.00414141447707,187581297.6535005,10.281227867147717,daily_steps,6959832.2412135,12325828.4066955,73.10748773025207,WTMEC4YR,isotonic,8936,0.8184992478774898,"Mapped source is the grouped five-fold OOF isotonic prediction on the target algorithm scale. Positive/negative agreement are symmetric: 2a/(2a+b+c) and 2d/(2d+b+c). Cohen kappa uses the observed agreement minus agreement expected from the mapped/target marginals, divided by one minus expected agreement; every cell and marginal is WTMEC4YR-weighted in the weighted sensitivity. Attainment difference is mapped minus observed target percentage points. WTMEC4YR changes evaluation weights only; the D7 headline crosswalk fit remains unweighted.",70.24686343955436,0.9282810198417392,scssl,scrf,False,8000.0,whole_cohort_subject_grouped_5fold_oof,720
unweighted_primary,1.8128916741271264,2.590793430488092,0.7421600889988409,12.768910478834142,56.34975711311589,8646,0.8579516212043232,53.7589636826278,0.8840336134453781,False,3546.0,4258.0,0.7451083763223718,-0.7779017563609658,0.0029482873235309,-0.101050138637186,-1.4594258687112358,0.0044024643987896,-0.6815241123502744,-0.001363630029126,8936.0,12.667860340196956,daily_steps,485.0,647.0,54.890331244404656,subjects,isotonic,8936,0.8623540856031129,"Mapped source is the grouped five-fold OOF isotonic prediction on the target algorithm scale. Positive/negative agreement are symmetric: 2a/(2a+b+c) and 2d/(2d+b+c). Cohen kappa uses the observed agreement minus agreement expected from the mapped/target marginals, divided by one minus expected agreement; every cell and marginal is WTMEC4YR-weighted in the weighted sensitivity. Attainment difference is mapped minus observed target percentage points. WTMEC4YR changes evaluation weights only; the D7 headline crosswalk fit remains unweighted.",53.07743957027753,0.882669983416252,scssl,scrf,False,10000.0,whole_cohort_subject_grouped_5fold_oof,720
WTMEC4YR_weighted_sensitivity,1.7688360030694517,2.6524569980566626,0.7413075617444264,12.641997833378534,58.962797091311536,8646,0.8507911491905764,56.31034009325487,0.8903300617806805,False,69831705.219725,94009815.6794725,0.742691122829363,-0.8836209949872109,0.0013835610849366,0.0137290707795916,-1.633677309216253,0.0039254131849548,-0.7500563142290417,-0.0024373677361592,187581297.6535005,12.655726904158126,daily_steps,10210885.6131915,13528891.1411115,57.32911978209528,WTMEC4YR,isotonic,8936,0.8547165623755313,"Mapped source is the grouped five-fold OOF isotonic prediction on the target algorithm scale. Positive/negative agreement are symmetric: 2a/(2a+b+c) and 2d/(2d+b+c). Cohen kappa uses the observed agreement minus agreement expected from the mapped/target marginals, divided by one minus expected agreement; every cell and marginal is WTMEC4YR-weighted in the weighted sensitivity. Attainment difference is mapped minus observed target percentage points. WTMEC4YR changes evaluation weights only; the D7 headline crosswalk fit remains unweighted.",55.56028377902583,0.8878926940445213,scssl,scrf,False,10000.0,whole_cohort_subject_grouped_5fold_oof,720
unweighted_primary,3.2900626678603495,3.099699282905388,0.679536802200469,13.43974092065695,71.68632893823734,8646,0.7749806351665376,68.58662965533195,0.904188654353562,False,2118.0,5598.0,0.6785428205512133,0.1903633849549613,-0.0009939816492556,0.2129000820288134,-0.569498141460258,0.0014123267102952,-0.7598615264152073,-0.0024489636319124,8936.0,13.652641002685764,daily_steps,463.0,757.0,71.11683079677708,subjects,isotonic,8936,0.7763929618768328,"Mapped source is the grouped five-fold OOF isotonic prediction on the target algorithm scale. Positive/negative agreement are symmetric: 2a/(2a+b+c) and 2d/(2d+b+c). Cohen kappa uses the observed agreement minus agreement expected from the mapped/target marginals, divided by one minus expected agreement; every cell and marginal is WTMEC4YR-weighted in the weighted sensitivity. Attainment difference is mapped minus observed target percentage points. WTMEC4YR changes evaluation weights only; the D7 headline crosswalk fit remains unweighted.",67.82676812891674,0.9017396907216496,scssl,vs,False,7000.0,whole_cohort_subject_grouped_5fold_oof,720
WTMEC4YR_weighted_sensitivity,3.5188494206553567,3.367425374690769,0.6825291158687264,12.703695650194613,74.09061829730314,8646,0.7698029900050082,70.72319292261237,0.9122756624994652,False,40906270.982204504,122278333.01806,0.6800741413788373,0.1514240459645877,-0.0024549744898891,0.3022350893940899,-0.6413814751716274,0.0004929403690272,-0.7928055211362164,-0.0029854185754423,187581297.6535005,13.005930739588702,daily_steps,8897995.123749,15498698.529487,73.44923682213151,WTMEC4YR,isotonic,8936,0.7702959303740354,"Mapped source is the grouped five-fold OOF isotonic prediction on the target algorithm scale. Positive/negative agreement are symmetric: 2a/(2a+b+c) and 2d/(2d+b+c). Cohen kappa uses the observed agreement minus agreement expected from the mapped/target marginals, divided by one minus expected agreement; every cell and marginal is WTMEC4YR-weighted in the weighted sensitivity. Attainment difference is mapped minus observed target percentage points. WTMEC4YR changes evaluation weights only; the D7 headline crosswalk fit remains unweighted.",69.93038740147615,0.9092902439240228,scssl,vs,False,7000.0,whole_cohort_subject_grouped_5fold_oof,720
unweighted_primary,1.4883616830796864,1.8736988202637028,0.6694263706866184,15.914873930141106,60.61762664816099,8646,0.8026391279403328,58.74392782789729,0.8666666666666667,False,2998.0,4535.0,0.6764901051532927,-0.3853371371840164,0.0070637344666742,-0.2143367770524751,-1.273401043863764,0.0077406531111606,-0.8880639066797471,-0.0006301919220853,8936.0,15.70053715308863,daily_steps,635.0,768.0,59.34422560429723,subjects,isotonic,8936,0.8103797810514934,"Mapped source is the grouped five-fold OOF isotonic prediction on the target algorithm scale. Positive/negative agreement are symmetric: 2a/(2a+b+c) and 2d/(2d+b+c). Cohen kappa uses the observed agreement minus agreement expected from the mapped/target marginals, divided by one minus expected agreement; every cell and marginal is WTMEC4YR-weighted in the weighted sensitivity. Attainment difference is mapped minus observed target percentage points. WTMEC4YR changes evaluation weights only; the D7 headline crosswalk fit remains unweighted.",57.85586392121754,0.8660364747445813,scssl,vs,False,8000.0,whole_cohort_subject_grouped_5fold_oof,720
WTMEC4YR_weighted_sensitivity,2.651170352886556,2.771689357607665,0.6595468886134874,16.10637592113087,63.06866269686474,8646,0.7898282821434696,60.29697333925708,0.8694419577554411,False,58929966.1434485,99041875.78292751,0.669418731812739,-0.1205190047211091,0.0098718431992516,-0.3215103201800886,-1.0512041457171222,0.0093879746954804,-0.9306851409960188,0.0005170274986725,187581297.6535005,15.78486560095078,daily_steps,12318177.9880875,17291277.739037,62.01745855114762,WTMEC4YR,isotonic,8936,0.79921625683895,"Mapped source is the grouped five-fold OOF isotonic prediction on the target algorithm scale. Positive/negative agreement are symmetric: 2a/(2a+b+c) and 2d/(2d+b+c). Cohen kappa uses the observed agreement minus agreement expected from the mapped/target marginals, divided by one minus expected agreement; every cell and marginal is WTMEC4YR-weighted in the weighted sensitivity. Attainment difference is mapped minus observed target percentage points. WTMEC4YR changes evaluation weights only; the D7 headline crosswalk fit remains unweighted.",59.36628819826106,0.8699589852541136,scssl,vs,False,8000.0,whole_cohort_subject_grouped_5fold_oof,720
unweighted_primary,-1.2981199641897978,-3.0650011566042137,0.6565782203175429,16.157760814249365,36.22484385843164,8646,0.870203474867602,39.28984501503586,0.7860315515392863,False,4859.0,2647.0,0.6591160334184988,1.766881192414416,0.0025378131009559,-0.1550750488062142,0.7491937422845609,0.0015223952436287,-1.0176874501298556,0.0012974193113978,8936.0,16.00268576544315,daily_steps,773.0,657.0,36.9740376007162,subjects,isotonic,8936,0.8717258701112307,"Mapped source is the grouped five-fold OOF isotonic prediction on the target algorithm scale. Positive/negative agreement are symmetric: 2a/(2a+b+c) and 2d/(2d+b+c). Cohen kappa uses the observed agreement minus agreement expected from the mapped/target marginals, divided by one minus expected agreement; every cell and marginal is WTMEC4YR-weighted in the weighted sensitivity. Attainment difference is mapped minus observed target percentage points. WTMEC4YR changes evaluation weights only; the D7 headline crosswalk fit remains unweighted.",38.272157564906,0.7873289708506841,scssl,vs,False,10000.0,whole_cohort_subject_grouped_5fold_oof,720
WTMEC4YR_weighted_sensitivity,-0.1338267478076138,-2.1469035758078014,0.6532991250448325,16.43423576911804,37.47824235213146,8646,0.8662759246237787,39.62514592793926,0.7868545580717901,False,99906320.9965075,56524684.59907299,0.6491073231902041,2.0130768280001874,-0.0041918018546283,0.1720530494296994,0.8914216566500457,-0.0011473150740329,-1.1216551713501346,-0.0028765083772358,187581297.6535005,16.60628881854774,daily_steps,15700663.0040325,15449629.0538875,38.369664008781506,WTMEC4YR,isotonic,8936,0.8651286095497457,"Mapped source is the grouped five-fold OOF isotonic prediction on the target algorithm scale. Positive/negative agreement are symmetric: 2a/(2a+b+c) and 2d/(2d+b+c). Cohen kappa uses the observed agreement minus agreement expected from the mapped/target marginals, divided by one minus expected agreement; every cell and marginal is WTMEC4YR-weighted in the weighted sensitivity. Attainment difference is mapped minus observed target percentage points. WTMEC4YR changes evaluation weights only; the D7 headline crosswalk fit remains unweighted.",38.50349075658912,0.7839780496945542,scssl,vs,False,10000.0,whole_cohort_subject_grouped_5fold_oof,720
unweighted_primary,4.241271262309754,2.822114272495957,0.6316855911869732,17.487855655794586,62.72264631043257,8646,0.7739910313901345,59.900532037936614,0.8573853989813243,False,2673.0,4702.0,0.6323326580818995,1.4191569898137968,0.0006470668949263,-0.0191895859646855,0.7509436627097656,6.362558034100907e-06,-0.6682133271040271,0.0002525399151646,8936.0,17.4686660698299,daily_steps,591.0,970.0,63.47358997314234,subjects,isotonic,8936,0.7739973939481686,"Mapped source is the grouped five-fold OOF isotonic prediction on the target algorithm scale. Positive/negative agreement are symmetric: 2a/(2a+b+c) and 2d/(2d+b+c). Cohen kappa uses the observed agreement minus agreement expected from the mapped/target marginals, divided by one minus expected agreement; every cell and marginal is WTMEC4YR-weighted in the weighted sensitivity. Attainment difference is mapped minus observed target percentage points. WTMEC4YR changes evaluation weights only; the D7 headline crosswalk fit remains unweighted.",59.23231871083259,0.8576379388964889,scssl,vsrev,False,7000.0,whole_cohort_subject_grouped_5fold_oof,720
WTMEC4YR_weighted_sensitivity,4.199477304577104,2.7125357000081673,0.627743200575364,17.21692675455438,65.11609256109395,8646,0.7624607687835474,62.40355686108578,0.8649860877710365,False,51997903.58722299,103448414.1733105,0.630207509214388,1.4869416045689363,0.0024643086390239,-0.0856986977325178,0.6978359463918764,0.0014796257059555,-0.7891056581770641,0.0005758216265727,187581297.6535005,17.13122805682186,daily_steps,12128772.935188498,20006206.957778502,65.81392850748583,WTMEC4YR,isotonic,8936,0.7639403944895029,"Mapped source is the grouped five-fold OOF isotonic prediction on the target algorithm scale. Positive/negative agreement are symmetric: 2a/(2a+b+c) and 2d/(2d+b+c). Cohen kappa uses the observed agreement minus agreement expected from the mapped/target marginals, divided by one minus expected agreement; every cell and marginal is WTMEC4YR-weighted in the weighted sensitivity. Attainment difference is mapped minus observed target percentage points. WTMEC4YR changes evaluation weights only; the D7 headline crosswalk fit remains unweighted.",61.61445120290872,0.8655619093976092,scssl,vsrev,False,7000.0,whole_cohort_subject_grouped_5fold_oof,720
unweighted_primary,4.0286481647269445,3.735831598427019,0.626754271136453,18.609761739532733,55.112190608373815,8646,0.8009894867037725,51.3763590099468,0.8252416639513414,False,3397.0,3871.0,0.6262335779345818,0.2928165662999249,-0.0005206932018712,0.0563080903687875,-0.445673150898429,0.0018939923791866,-0.7384897171983553,-0.0024998998705761,8936.0,18.66606982990152,daily_steps,654.0,1014.0,54.666517457475386,subjects,isotonic,8936,0.8028834790829591,"Mapped source is the grouped five-fold OOF isotonic prediction on the target algorithm scale. Positive/negative agreement are symmetric: 2a/(2a+b+c) and 2d/(2d+b+c). Cohen kappa uses the observed agreement minus agreement expected from the mapped/target marginals, divided by one minus expected agreement; every cell and marginal is WTMEC4YR-weighted in the weighted sensitivity. Attainment difference is mapped minus observed target percentage points. WTMEC4YR changes evaluation weights only; the D7 headline crosswalk fit remains unweighted.",50.63786929274844,0.8227417640807652,scssl,vsrev,False,8000.0,whole_cohort_subject_grouped_5fold_oof,720
WTMEC4YR_weighted_sensitivity,4.721357264844173,4.335920869753362,0.6163367276286745,18.986687407525512,57.672989551652506,8646,0.7866423212484444,53.33706868189915,0.8289642604494465,False,66863163.867312,84864826.156838,0.6150432395715913,0.3854363950908102,-0.0012934880570831,0.1267892971610109,-0.5139481520694318,0.0019330725339673,-0.8993845471602455,-0.0033625064873797,187581297.6535005,19.113476704686523,daily_steps,13498462.202549,22354845.426801503,57.159041399583074,WTMEC4YR,isotonic,8936,0.7885753937824117,"Mapped source is the grouped five-fold OOF isotonic prediction on the target algorithm scale. Positive/negative agreement are symmetric: 2a/(2a+b+c) and 2d/(2d+b+c). Cohen kappa uses the observed agreement minus agreement expected from the mapped/target marginals, divided by one minus expected agreement; every cell and marginal is WTMEC4YR-weighted in the weighted sensitivity. Attainment difference is mapped minus observed target percentage points. WTMEC4YR changes evaluation weights only; the D7 headline crosswalk fit remains unweighted.",52.4376841347389,0.8256017539620667,scssl,vsrev,False,8000.0,whole_cohort_subject_grouped_5fold_oof,720
unweighted_primary,-0.8616830796777053,-0.3469812630117974,0.61372598350473,17.441591487393012,34.258616701364794,8646,0.8669959428470629,34.605597964376585,0.7467248908296943,False,5154.0,2229.0,0.6107393860515213,-0.5147018166659079,-0.0029865974532086,-0.0624509323348192,-1.0558414104068703,0.0020707463022499,-0.5411395937409509,-0.0050845647608205,8936.0,17.379140555058193,daily_steps,815.0,738.0,33.20277529095792,subjects,isotonic,8936,0.8690666891493128,"Mapped source is the grouped five-fold OOF isotonic prediction on the target algorithm scale. Positive/negative agreement are symmetric: 2a/(2a+b+c) and 2d/(2d+b+c). Cohen kappa uses the observed agreement minus agreement expected from the mapped/target marginals, divided by one minus expected agreement; every cell and marginal is WTMEC4YR-weighted in the weighted sensitivity. Attainment difference is mapped minus observed target percentage points. WTMEC4YR changes evaluation weights only; the D7 headline crosswalk fit remains unweighted.",34.064458370635634,0.7416403260688738,scssl,vsrev,False,10000.0,whole_cohort_subject_grouped_5fold_oof,720
WTMEC4YR_weighted_sensitivity,-0.2935037806162277,0.2898050537632812,0.5985323432170426,18.364147096180925,35.55400118834895,8646,0.8578426162538662,35.26419613458567,0.7406860412947328,False,106032939.867534,47721344.359789506,0.6007579094972003,-0.583308834379509,0.0022255662801576,-0.3308922625022816,-1.2437726219639489,0.0045893028175205,-0.6604637875844404,-0.002363858019613,187581297.6535005,18.033254833678644,daily_steps,17188785.8132595,16638227.6129175,34.310228566385,WTMEC4YR,isotonic,8936,0.8624319190713867,"Mapped source is the grouped five-fold OOF isotonic prediction on the target algorithm scale. Positive/negative agreement are symmetric: 2a/(2a+b+c) and 2d/(2d+b+c). Cohen kappa uses the observed agreement minus agreement expected from the mapped/target marginals, divided by one minus expected agreement; every cell and marginal is WTMEC4YR-weighted in the weighted sensitivity. Attainment difference is mapped minus observed target percentage points. WTMEC4YR changes evaluation weights only; the D7 headline crosswalk fit remains unweighted.",34.60373234700123,0.7383221832751198,scssl,vsrev,False,10000.0,whole_cohort_subject_grouped_5fold_oof,720
unweighted_primary,1.5107430617726014,0.9021512838306768,0.7671355244462389,4.718945176960444,89.01226000462643,8646,0.7937310414560161,88.11010872079575,0.97335771189761,False,804.0,7669.0,0.7472753118798502,0.6085917779419248,-0.0198602125663887,0.4623439904522683,0.1551527079966632,-0.0172945373517187,-0.4534390699452615,-0.0026596548126154,8936.0,5.181289167412713,daily_steps,164.0,299.0,89.16741271262309,subjects,isotonic,8936,0.7764365041042974,"Mapped source is the grouped five-fold OOF isotonic prediction on the target algorithm scale. Positive/negative agreement are symmetric: 2a/(2a+b+c) and 2d/(2d+b+c). Cohen kappa uses the observed agreement minus agreement expected from the mapped/target marginals, divided by one minus expected agreement; every cell and marginal is WTMEC4YR-weighted in the weighted sensitivity. Attainment difference is mapped minus observed target percentage points. WTMEC4YR changes evaluation weights only; the D7 headline crosswalk fit remains unweighted.",87.65666965085049,0.9706980570849946,vs,acti,False,7000.0,whole_cohort_subject_grouped_5fold_oof,720
WTMEC4YR_weighted_sensitivity,2.1955019780916074,1.6941337349629104,0.7312628194234875,4.706946083867014,91.15791961700025,8646,0.7571021493334585,89.46378588203734,0.9739403076121874,False,13780201.9083125,164254012.44559848,0.7148624606664551,0.501368243128697,-0.0164003587570323,0.3826249016290122,0.0487901060982096,-0.0143840091826479,-0.4525781370304997,-0.0021815116888951,187581297.6535005,5.089570985496026,daily_steps,2714366.0995385,6832717.200050999,91.20670972309846,WTMEC4YR,isotonic,8936,0.7427181401508106,"Mapped source is the grouped five-fold OOF isotonic prediction on the target algorithm scale. Positive/negative agreement are symmetric: 2a/(2a+b+c) and 2d/(2d+b+c). Cohen kappa uses the observed agreement minus agreement expected from the mapped/target marginals, divided by one minus expected agreement; every cell and marginal is WTMEC4YR-weighted in the weighted sensitivity. Attainment difference is mapped minus observed target percentage points. WTMEC4YR changes evaluation weights only; the D7 headline crosswalk fit remains unweighted.",89.01120774500684,0.9717587959232924,vs,acti,False,7000.0,whole_cohort_subject_grouped_5fold_oof,720
unweighted_primary,1.275738585496866,0.7980569049271358,0.7966703068438465,5.7251908396946565,83.44899375433727,8646,0.8311156601842374,82.65093684941013,0.9655316482139128,False,1299.0,7093.0,0.7899894104408076,0.4776816805697303,-0.0066808964030389,0.3625441647816192,-0.3916974248833753,-0.0042537887647593,-0.8693791054531061,-0.0024630806646933,8936.0,6.087735004476276,daily_steps,215.0,329.0,83.05729632945389,subjects,isotonic,8936,0.8268618714194781,"Mapped source is the grouped five-fold OOF isotonic prediction on the target algorithm scale. Positive/negative agreement are symmetric: 2a/(2a+b+c) and 2d/(2d+b+c). Cohen kappa uses the observed agreement minus agreement expected from the mapped/target marginals, divided by one minus expected agreement; every cell and marginal is WTMEC4YR-weighted in the weighted sensitivity. Attainment difference is mapped minus observed target percentage points. WTMEC4YR changes evaluation weights only; the D7 headline crosswalk fit remains unweighted.",81.78155774395702,0.9630685675492192,vs,acti,False,8000.0,whole_cohort_subject_grouped_5fold_oof,720
WTMEC4YR_weighted_sensitivity,1.488581381720644,0.870267890357812,0.7912699198963943,5.360729335660333,85.30718260060223,8646,0.8228203801837931,84.43691471024442,0.9684187584688532,False,24133295.9933435,152778496.05627698,0.7853145844005972,0.6183134913628319,-0.005955335495797,0.3272074348745803,-0.272373166085913,-0.0038555358875481,-0.8906866574487537,-0.0021588330069697,187581297.6535005,5.687936770534914,daily_steps,3938602.665710001,6730902.93817,85.03480943451632,WTMEC4YR,isotonic,8936,0.8189648442962449,"Mapped source is the grouped five-fold OOF isotonic prediction on the target algorithm scale. Positive/negative agreement are symmetric: 2a/(2a+b+c) and 2d/(2d+b+c). Cohen kappa uses the observed agreement minus agreement expected from the mapped/target marginals, divided by one minus expected agreement; every cell and marginal is WTMEC4YR-weighted in the weighted sensitivity. Attainment difference is mapped minus observed target percentage points. WTMEC4YR changes evaluation weights only; the D7 headline crosswalk fit remains unweighted.",83.54622805279567,0.9662599254618836,vs,acti,False,8000.0,whole_cohort_subject_grouped_5fold_oof,720
unweighted_primary,0.7945389435989214,1.549849641452694,0.788713272682446,9.368494101318529,67.61508211889891,8646,0.8587373561213812,66.06523247744622,0.9299186710503548,False,2694.0,5413.0,0.7955418964537733,-0.7553106978537727,0.0068286237713273,-0.0914126331000861,-2.004070480581987,0.0079185872596707,-1.2487597827282144,-0.0010469421786258,8936.0,9.277081468218444,daily_steps,379.0,450.0,65.61101163831692,subjects,isotonic,8936,0.866655943381052,"Mapped source is the grouped five-fold OOF isotonic prediction on the target algorithm scale. Positive/negative agreement are symmetric: 2a/(2a+b+c) and 2d/(2d+b+c). Cohen kappa uses the observed agreement minus agreement expected from the mapped/target marginals, divided by one minus expected agreement; every cell and marginal is WTMEC4YR-weighted in the weighted sensitivity. Attainment difference is mapped minus observed target percentage points. WTMEC4YR changes evaluation weights only; the D7 headline crosswalk fit remains unweighted.",64.816472694718,0.9288717288717288,vs,acti,False,10000.0,whole_cohort_subject_grouped_5fold_oof,720
WTMEC4YR_weighted_sensitivity,1.0474032043480963,2.095656750063901,0.7848611305838876,9.251448052659496,69.78247976993963,8646,0.8520494978400357,67.68682301987573,0.9327017169294548,False,53259779.03540251,117045094.6553695,0.7917402363706468,-1.0482535457158049,0.0068791057867592,-0.0413486563745593,-2.2567325433155787,0.0083948907504702,-1.2084789975997836,-0.0014317035324611,187581297.6535005,9.210099396284935,daily_steps,7655845.720174,9620578.2425545,67.52574722662405,WTMEC4YR,isotonic,8936,0.860444388590506,"Mapped source is the grouped five-fold OOF isotonic prediction on the target algorithm scale. Positive/negative agreement are symmetric: 2a/(2a+b+c) and 2d/(2d+b+c). Cohen kappa uses the observed agreement minus agreement expected from the mapped/target marginals, divided by one minus expected agreement; every cell and marginal is WTMEC4YR-weighted in the weighted sensitivity. Attainment difference is mapped minus observed target percentage points. WTMEC4YR changes evaluation weights only; the D7 headline crosswalk fit remains unweighted.",66.47834402227595,0.9312700133969936,vs,acti,False,10000.0,whole_cohort_subject_grouped_5fold_oof,720
unweighted_primary,-1.0743061772605191,-1.1103400416377516,0.1137381736288805,1.549849641452695,0.3238491788110109,8646,0.9921820303383896,1.4341892204487623,0.1184210526315789,True,8797.0,11.0,0.1424171401408722,0.0360338643772324,0.0286789665119916,-0.117441405105336,-0.0217005664564898,0.0005953085624115,-0.0577344308337222,0.0282456140350877,8936.0,1.432408236347359,daily_steps,112.0,16.0,0.302148612354521,subjects,isotonic,8936,0.9927773389008012,"Mapped source is the grouped five-fold OOF isotonic prediction on the target algorithm scale. Positive/negative agreement are symmetric: 2a/(2a+b+c) and 2d/(2d+b+c). Cohen kappa uses the observed agreement minus agreement expected from the mapped/target marginals, divided by one minus expected agreement; every cell and marginal is WTMEC4YR-weighted in the weighted sensitivity. Attainment difference is mapped minus observed target percentage points. WTMEC4YR changes evaluation weights only; the D7 headline crosswalk fit remains unweighted.",1.3764547896150403,0.1466666666666666,vs,adept,True,7000.0,whole_cohort_subject_grouped_5fold_oof,720
WTMEC4YR_weighted_sensitivity,-0.8666471285777794,-0.9567765136497274,0.0938676840112462,1.4047430459839203,0.3005214972126848,8646,0.992921146892754,1.257298010862412,0.0982632848656028,True,184981407.099373,197174.4238915,0.1367245743237841,0.090129385071948,0.0428568903125378,-0.1238498224631574,0.0117156668354604,0.0006262791321165,-0.0784137182364874,0.0427233746800379,187581297.6535005,1.280893223520763,daily_steps,2014192.0300495,388524.1001865,0.3122371640481453,WTMEC4YR,isotonic,8936,0.9935474260248708,"Mapped source is the grouped five-fold OOF isotonic prediction on the target algorithm scale. Positive/negative agreement are symmetric: 2a/(2a+b+c) and 2d/(2d+b+c). Cohen kappa uses the observed agreement minus agreement expected from the mapped/target marginals, divided by one minus expected agreement; every cell and marginal is WTMEC4YR-weighted in the weighted sensitivity. Attainment difference is mapped minus observed target percentage points. WTMEC4YR changes evaluation weights only; the D7 headline crosswalk fit remains unweighted.",1.1788842926259246,0.1409866595456408,vs,adept,True,7000.0,whole_cohort_subject_grouped_5fold_oof,720
unweighted_primary,-0.5931065353625783,-0.6476983576220218,0.0226940734557489,0.9021512838306732,0.1387925052047189,8646,0.9954682779456192,0.7864908628267407,0.025,True,8859.0,2.0,0.0483195783183713,0.0545918222594434,0.0256255048626224,-0.0628495828458924,0.0066864562993096,0.0003165812686783,-0.0479053659601337,0.025632911392405,8936.0,0.8393017009847807,daily_steps,64.0,11.0,0.1454789615040286,subjects,isotonic,8936,0.9957848592142976,"Mapped source is the grouped five-fold OOF isotonic prediction on the target algorithm scale. Positive/negative agreement are symmetric: 2a/(2a+b+c) and 2d/(2d+b+c). Cohen kappa uses the observed agreement minus agreement expected from the mapped/target marginals, divided by one minus expected agreement; every cell and marginal is WTMEC4YR-weighted in the weighted sensitivity. Attainment difference is mapped minus observed target percentage points. WTMEC4YR changes evaluation weights only; the D7 headline crosswalk fit remains unweighted.",0.738585496866607,0.050632911392405,vs,adept,True,8000.0,whole_cohort_subject_grouped_5fold_oof,720
WTMEC4YR_weighted_sensitivity,-0.4481838536088789,-0.5078372024477591,0.0112976131994093,0.7558592855874313,0.1291522191115088,8646,0.9962061705183454,0.636989421559268,0.0134209583939895,True,186252739.0271925,21502.099249,0.0297158595598388,0.0596533488388801,0.0184182463604294,-0.0590645926146862,0.0066160167029358,0.000297273304044,-0.0530373321359444,0.0184325706243126,187581297.6535005,0.6967946929727451,daily_steps,1073882.807766,233173.719293,0.1357682358144447,WTMEC4YR,isotonic,8936,0.9965034438223894,"Mapped source is the grouped five-fold OOF isotonic prediction on the target algorithm scale. Positive/negative agreement are symmetric: 2a/(2a+b+c) and 2d/(2d+b+c). Cohen kappa uses the observed agreement minus agreement expected from the mapped/target marginals, divided by one minus expected agreement; every cell and marginal is WTMEC4YR-weighted in the weighted sensitivity. Attainment difference is mapped minus observed target percentage points. WTMEC4YR changes evaluation weights only; the D7 headline crosswalk fit remains unweighted.",0.5839520894233236,0.0318535290183021,vs,adept,True,8000.0,whole_cohort_subject_grouped_5fold_oof,720
unweighted_primary,-0.1790510295434198,-0.1966227157066851,0.0,0.1966227157066851,0.0,8646,0.999015918958032,0.1966227157066851,0.0,True,8920.0,0.0,0.0,0.0175716861632653,0.0,-0.0175716861632653,0.0,8.802369429783408e-05,-0.0175716861632653,0.0,8936.0,0.1790510295434198,daily_steps,16.0,0.0,0.0,subjects,isotonic,8936,0.9991039426523296,"Mapped source is the grouped five-fold OOF isotonic prediction on the target algorithm scale. Positive/negative agreement are symmetric: 2a/(2a+b+c) and 2d/(2d+b+c). Cohen kappa uses the observed agreement minus agreement expected from the mapped/target marginals, divided by one minus expected agreement; every cell and marginal is WTMEC4YR-weighted in the weighted sensitivity. Attainment difference is mapped minus observed target percentage points. WTMEC4YR changes evaluation weights only; the D7 headline crosswalk fit remains unweighted.",0.1790510295434198,0.0,vs,adept,True,10000.0,whole_cohort_subject_grouped_5fold_oof,720
WTMEC4YR_weighted_sensitivity,-0.1453010186047264,-0.1567044574581063,-7.084820959365515e-14,0.1567044574581063,0.0,8646,0.9992158633241476,0.1567044574581063,0.0,True,187308740.117298,0.0,0.0,0.0114034388533799,7.084820959365515e-14,-0.0114034388533799,0.0,5.7103389443424746e-05,-0.0114034388533799,0.0,187581297.6535005,0.1453010186047264,daily_steps,272557.5362025,0.0,0.0,WTMEC4YR,isotonic,8936,0.999272966713591,"Mapped source is the grouped five-fold OOF isotonic prediction on the target algorithm scale. Positive/negative agreement are symmetric: 2a/(2a+b+c) and 2d/(2d+b+c). Cohen kappa uses the observed agreement minus agreement expected from the mapped/target marginals, divided by one minus expected agreement; every cell and marginal is WTMEC4YR-weighted in the weighted sensitivity. Attainment difference is mapped minus observed target percentage points. WTMEC4YR changes evaluation weights only; the D7 headline crosswalk fit remains unweighted.",0.1453010186047264,0.0,vs,adept,True,10000.0,whole_cohort_subject_grouped_5fold_oof,720
unweighted_primary,0.8616830796777109,0.7402266944251723,0.8632221730051257,4.48762433495258,79.69003007170946,8646,0.8914988814317674,78.94980337728428,0.9717118693496646,False,1672.0,6863.0,0.8645537162929888,0.1214563852525385,0.0013315432878631,-0.0001579070206192,-0.2137543331239584,0.0014250170996078,-0.3352107183764872,-9.723071442713228e-05,8936.0,4.4874664279319605,daily_steps,162.0,239.0,79.4762757385855,subjects,isotonic,8936,0.8929238985313752,"Mapped source is the grouped five-fold OOF isotonic prediction on the target algorithm scale. Positive/negative agreement are symmetric: 2a/(2a+b+c) and 2d/(2d+b+c). Cohen kappa uses the observed agreement minus agreement expected from the mapped/target marginals, divided by one minus expected agreement; every cell and marginal is WTMEC4YR-weighted in the weighted sensitivity. Attainment difference is mapped minus observed target percentage points. WTMEC4YR changes evaluation weights only; the D7 headline crosswalk fit remains unweighted.",78.6145926589078,0.9716146386352374,vs,oak,False,7000.0,whole_cohort_subject_grouped_5fold_oof,720
WTMEC4YR_weighted_sensitivity,0.4655547420700845,0.4745142352697962,0.8538792831084406,4.381369673503591,81.8731043420276,8646,0.8807086358123943,81.39859010675781,0.973165160756766,False,31067519.837748,148728682.599853,0.8631575822868168,-0.0089594931997116,0.0092782991783761,-0.2311183887086114,-0.2776153803498005,0.0079486840284238,-0.2686558871500892,0.0013302118552236,187581297.6535005,4.1502512847949795,daily_steps,3455900.7947185,4329194.421181,81.5954889616778,WTMEC4YR,isotonic,8936,0.8886573198408182,"Mapped source is the grouped five-fold OOF isotonic prediction on the target algorithm scale. Positive/negative agreement are symmetric: 2a/(2a+b+c) and 2d/(2d+b+c). Cohen kappa uses the observed agreement minus agreement expected from the mapped/target marginals, divided by one minus expected agreement; every cell and marginal is WTMEC4YR-weighted in the weighted sensitivity. Attainment difference is mapped minus observed target percentage points. WTMEC4YR changes evaluation weights only; the D7 headline crosswalk fit remains unweighted.",81.12993421960772,0.9744953726119896,vs,oak,False,7000.0,whole_cohort_subject_grouped_5fold_oof,720
unweighted_primary,1.4100268576544228,0.8443210733287021,0.8582244825029192,5.586398334489938,73.44436733749711,8646,0.8964630225080386,72.60004626416841,0.9617486338797814,False,2178.0,6244.0,0.854959838079099,0.5657057843257207,-0.0032646444238201,0.1656159895924256,0.0113175326908816,-0.002007170351981,-0.5543882516348333,-0.0012810135136838,8936.0,5.752014324082364,daily_steps,194.0,320.0,73.455684870188,subjects,isotonic,8936,0.8944558521560575,"Mapped source is the grouped five-fold OOF isotonic prediction on the target algorithm scale. Positive/negative agreement are symmetric: 2a/(2a+b+c) and 2d/(2d+b+c). Cohen kappa uses the observed agreement minus agreement expected from the mapped/target marginals, divided by one minus expected agreement; every cell and marginal is WTMEC4YR-weighted in the weighted sensitivity. Attainment difference is mapped minus observed target percentage points. WTMEC4YR changes evaluation weights only; the D7 headline crosswalk fit remains unweighted.",72.04565801253358,0.9604676203660976,vs,oak,False,8000.0,whole_cohort_subject_grouped_5fold_oof,720
WTMEC4YR_weighted_sensitivity,0.9162241418170124,0.3218855414442556,0.8642448056808135,5.045190610320351,75.49533808814326,8646,0.8977282196149903,75.17345254669901,0.9665146936597656,False,41758923.074636504,135701056.843511,0.8559756725261248,0.5943386003727569,-0.0082691331546886,0.3505060086725837,0.003152459729435,-0.0058167299718704,-0.5911861406433303,-0.0024666486505662,187581297.6535005,5.395696618992935,daily_steps,4201326.300359,5919991.434994,75.49849054787269,WTMEC4YR,isotonic,8936,0.8919114896431198,"Mapped source is the grouped five-fold OOF isotonic prediction on the target algorithm scale. Positive/negative agreement are symmetric: 2a/(2a+b+c) and 2d/(2d+b+c). Cohen kappa uses the observed agreement minus agreement expected from the mapped/target marginals, divided by one minus expected agreement; every cell and marginal is WTMEC4YR-weighted in the weighted sensitivity. Attainment difference is mapped minus observed target percentage points. WTMEC4YR changes evaluation weights only; the D7 headline crosswalk fit remains unweighted.",74.58226640605568,0.9640480450091992,vs,oak,False,8000.0,whole_cohort_subject_grouped_5fold_oof,720
unweighted_primary,0.884064458370637,0.7633587786259444,0.8549799308696041,7.05528568123988,58.60513532269257,8646,0.9155592469545958,57.841776544066626,0.9394119984108064,False,3489.0,4808.0,0.8538093167494504,0.1207056797446926,-0.0011706141201537,0.0955648111504512,-0.7828434695144111,0.0005494572596618,-0.9035491492591065,-0.001723066182625,8936.0,7.150850492390331,daily_steps,280.0,359.0,57.82229185317816,subjects,isotonic,8936,0.9161087042142576,"Mapped source is the grouped five-fold OOF isotonic prediction on the target algorithm scale. Positive/negative agreement are symmetric: 2a/(2a+b+c) and 2d/(2d+b+c). Cohen kappa uses the observed agreement minus agreement expected from the mapped/target marginals, divided by one minus expected agreement; every cell and marginal is WTMEC4YR-weighted in the weighted sensitivity. Attainment difference is mapped minus observed target percentage points. WTMEC4YR changes evaluation weights only; the D7 headline crosswalk fit remains unweighted.",56.93822739480752,0.9376889322281814,vs,oak,False,10000.0,whole_cohort_subject_grouped_5fold_oof,720
WTMEC4YR_weighted_sensitivity,0.0672204970859735,-0.0179582822466994,0.8538307144544651,7.00855817107456,60.11962889547811,8646,0.9121104402686976,60.1375871777248,0.9417202692700928,False,69767099.999351,104628164.2223135,0.8543805374296749,0.085178779332673,0.0005498229752097,0.0209450879300758,-0.7937638595314951,0.0015484565543389,-0.8789426388641672,-0.0009986968169063,187581297.6535005,7.029503259004636,daily_steps,6529970.1755565,6656063.2562795,59.32586503594661,WTMEC4YR,isotonic,8936,0.9136588968230368,"Mapped source is the grouped five-fold OOF isotonic prediction on the target algorithm scale. Positive/negative agreement are symmetric: 2a/(2a+b+c) and 2d/(2d+b+c). Cohen kappa uses the observed agreement minus agreement expected from the mapped/target marginals, divided by one minus expected agreement; every cell and marginal is WTMEC4YR-weighted in the weighted sensitivity. Attainment difference is mapped minus observed target percentage points. WTMEC4YR changes evaluation weights only; the D7 headline crosswalk fit remains unweighted.",59.25864453886064,0.9407215724531864,vs,oak,False,10000.0,whole_cohort_subject_grouped_5fold_oof,720
unweighted_primary,1.7233661593554217,1.653944020356235,0.7909619780802458,7.714550080962295,76.42840619939857,8646,0.8419056648494904,74.77446217904233,0.948978811290446,False,1870.0,6366.0,0.7903113744681772,0.0694221389991867,-0.0006506036120685,0.1189324615623252,-0.410053468870359,0.0004366774928519,-0.4794756078695457,-0.001093165072459,8936.0,7.83348254252462,daily_steps,273.0,427.0,76.0183527305282,subjects,isotonic,8936,0.8423423423423423,"Mapped source is the grouped five-fold OOF isotonic prediction on the target algorithm scale. Positive/negative agreement are symmetric: 2a/(2a+b+c) and 2d/(2d+b+c). Cohen kappa uses the observed agreement minus agreement expected from the mapped/target marginals, divided by one minus expected agreement; every cell and marginal is WTMEC4YR-weighted in the weighted sensitivity. Attainment difference is mapped minus observed target percentage points. WTMEC4YR changes evaluation weights only; the D7 headline crosswalk fit remains unweighted.",74.29498657117279,0.9478856462179868,vs,scrf,False,7000.0,whole_cohort_subject_grouped_5fold_oof,720
WTMEC4YR_weighted_sensitivity,1.622297255870753,1.3758916338138527,0.7925667535549432,7.138395335348882,78.61328321008939,8646,0.8383124702176816,77.23739157627554,0.954197212523244,False,35483079.795810506,138415327.1568355,0.7913370226729156,0.2464056220568999,-0.0012297308820276,0.1559836203450304,-0.365431496977294,4.4951943842908015e-05,-0.611837119034206,-0.0012961892686154,187581297.6535005,7.294378955693912,daily_steps,5319882.2282475,8363008.472607001,78.2478517131121,WTMEC4YR,isotonic,8936,0.8383574221615245,"Mapped source is the grouped five-fold OOF isotonic prediction on the target algorithm scale. Positive/negative agreement are symmetric: 2a/(2a+b+c) and 2d/(2d+b+c). Cohen kappa uses the observed agreement minus agreement expected from the mapped/target marginals, divided by one minus expected agreement; every cell and marginal is WTMEC4YR-weighted in the weighted sensitivity. Attainment difference is mapped minus observed target percentage points. WTMEC4YR changes evaluation weights only; the D7 headline crosswalk fit remains unweighted.",76.62555445724134,0.9529010232546288,vs,scrf,False,7000.0,whole_cohort_subject_grouped_5fold_oof,720
unweighted_primary,1.443598925693823,1.665510062456621,0.7927294279012604,8.836456164700438,70.04395095998149,8646,0.8564988730277987,68.37844089752487,0.936163101604278,False,2406.0,5715.0,0.7886558728956681,-0.2219111367627979,-0.0040735550055923,0.2839556526675117,-0.8071559734103175,-0.0013362641776121,-0.5852448366475187,-0.0027208802894557,8936.0,9.12041181736795,daily_steps,343.0,472.0,69.23679498657117,subjects,isotonic,8936,0.8551626088501866,"Mapped source is the grouped five-fold OOF isotonic prediction on the target algorithm scale. Positive/negative agreement are symmetric: 2a/(2a+b+c) and 2d/(2d+b+c). Cohen kappa uses the observed agreement minus agreement expected from the mapped/target marginals, divided by one minus expected agreement; every cell and marginal is WTMEC4YR-weighted in the weighted sensitivity. Attainment difference is mapped minus observed target percentage points. WTMEC4YR changes evaluation weights only; the D7 headline crosswalk fit remains unweighted.",67.79319606087735,0.9334422213148224,vs,scrf,False,8000.0,whole_cohort_subject_grouped_5fold_oof,720
WTMEC4YR_weighted_sensitivity,1.001118053858896,1.1091147027891823,0.7960242675169903,8.323008267351442,72.00477480254219,8646,0.854236923641893,70.89566009975302,0.9417565924621426,False,46566389.5519675,124402958.136536,0.7860689882827686,-0.1079966489302863,-0.0099552792342216,0.5328585876068459,-0.7567933091289092,-0.0056059242848562,-0.6487966601986415,-0.0043445041217772,187581297.6535005,8.855866854958288,daily_steps,7367019.864262501,9244930.1007345,71.24798149341328,WTMEC4YR,isotonic,8936,0.8486309993570367,"Mapped source is the grouped five-fold OOF isotonic prediction on the target algorithm scale. Positive/negative agreement are symmetric: 2a/(2a+b+c) and 2d/(2d+b+c). Cohen kappa uses the observed agreement minus agreement expected from the mapped/target marginals, divided by one minus expected agreement; every cell and marginal is WTMEC4YR-weighted in the weighted sensitivity. Attainment difference is mapped minus observed target percentage points. WTMEC4YR changes evaluation weights only; the D7 headline crosswalk fit remains unweighted.",70.24686343955437,0.9374120883403654,vs,scrf,False,8000.0,whole_cohort_subject_grouped_5fold_oof,720
unweighted_primary,2.182184422560429,2.359472588480227,0.7768039625836637,11.057136247975944,56.11843627110803,8646,0.8773100616016427,53.7589636826278,0.8993684210526316,False,3603.0,4348.0,0.7781067788712325,-0.1772881659197978,0.0013028162875687,-0.0343072417091576,-0.8588122782700722,0.002436001150158,-0.6815241123502744,-0.0011141084816161,8936.0,11.022829006266786,daily_steps,395.0,590.0,55.25962399283796,subjects,isotonic,8936,0.8797460627518008,"Mapped source is the grouped five-fold OOF isotonic prediction on the target algorithm scale. Positive/negative agreement are symmetric: 2a/(2a+b+c) and 2d/(2d+b+c). Cohen kappa uses the observed agreement minus agreement expected from the mapped/target marginals, divided by one minus expected agreement; every cell and marginal is WTMEC4YR-weighted in the weighted sensitivity. Attainment difference is mapped minus observed target percentage points. WTMEC4YR changes evaluation weights only; the D7 headline crosswalk fit remains unweighted.",53.07743957027753,0.8982543125710154,vs,scrf,False,10000.0,whole_cohort_subject_grouped_5fold_oof,720
WTMEC4YR_weighted_sensitivity,1.0797617847765784,1.3564622554817385,0.7709211741268912,11.232284024998076,57.66680234873661,8646,0.8694267507049075,56.31034009325487,0.9014514332931732,False,72022049.38653049,94907585.4858085,0.7765105275746309,-0.2767004707051601,0.0055893534477396,-0.222837433307907,-1.0267567849342,0.0051804487380339,-0.7500563142290417,0.0004254448214104,187581297.6535005,11.00944659169017,daily_steps,9313115.8068555,11338546.974306002,56.64004556380241,WTMEC4YR,isotonic,8936,0.8746071994429414,"Mapped source is the grouped five-fold OOF isotonic prediction on the target algorithm scale. Positive/negative agreement are symmetric: 2a/(2a+b+c) and 2d/(2d+b+c). Cohen kappa uses the observed agreement minus agreement expected from the mapped/target marginals, divided by one minus expected agreement; every cell and marginal is WTMEC4YR-weighted in the weighted sensitivity. Attainment difference is mapped minus observed target percentage points. WTMEC4YR changes evaluation weights only; the D7 headline crosswalk fit remains unweighted.",55.56028377902583,0.9018768781145838,vs,scrf,False,10000.0,whole_cohort_subject_grouped_5fold_oof,720
unweighted_primary,4.767233661593551,4.256303492944713,0.6868683545116189,14.411288457089984,66.38908165625723,8646,0.7983818770226537,62.13277816331251,0.8878689704823615,False,2576.0,5044.0,0.6819212667651107,0.5109301686488372,-0.0049470877465082,0.3156587228563001,-0.1961541719242063,-0.0018450804858571,-0.7070843405730329,-0.0032670764101061,8936.0,14.726947179946285,daily_steps,445.0,871.0,66.19292748433303,subjects,isotonic,8936,0.7965367965367965,"Mapped source is the grouped five-fold OOF isotonic prediction on the target algorithm scale. Positive/negative agreement are symmetric: 2a/(2a+b+c) and 2d/(2d+b+c). Cohen kappa uses the observed agreement minus agreement expected from the mapped/target marginals, divided by one minus expected agreement; every cell and marginal is WTMEC4YR-weighted in the weighted sensitivity. Attainment difference is mapped minus observed target percentage points. WTMEC4YR changes evaluation weights only; the D7 headline crosswalk fit remains unweighted.",61.42569382273948,0.8846018940722553,vs,scssl,False,7000.0,whole_cohort_subject_grouped_5fold_oof,720
WTMEC4YR_weighted_sensitivity,4.1012080922702925,3.736397132330471,0.6957120351776432,13.580415016494175,68.36010798075763,8646,0.7973561790714464,64.62371084842717,0.89787919209977,False,50473525.0285965,110740756.119054,0.6871011349398627,0.3648109599398212,-0.0086109002377805,0.4758991447155711,-0.245207588356962,-0.004458325893484,-0.610018548296793,-0.0042627830755657,187581297.6535005,14.056314161209748,daily_steps,9336958.5734495,17030057.932400502,68.11490039240067,WTMEC4YR,isotonic,8936,0.7928978531779624,"Mapped source is the grouped five-fold OOF isotonic prediction on the target algorithm scale. Positive/negative agreement are symmetric: 2a/(2a+b+c) and 2d/(2d+b+c). Cohen kappa uses the observed agreement minus agreement expected from the mapped/target marginals, divided by one minus expected agreement; every cell and marginal is WTMEC4YR-weighted in the weighted sensitivity. Attainment difference is mapped minus observed target percentage points. WTMEC4YR changes evaluation weights only; the D7 headline crosswalk fit remains unweighted.",64.01369230013037,0.8936164090242043,vs,scssl,False,7000.0,whole_cohort_subject_grouped_5fold_oof,720
unweighted_primary,2.9207699194270353,2.4520009252833708,0.6667771212940374,16.56257228776313,55.26254915567893,8646,0.8198288877705083,52.81054823039556,0.8467465753424658,False,3425.0,4044.0,0.6703646662506592,0.4687689941436646,0.0035875449566217,-0.1458310165008214,-0.338645843234886,0.003785396226125,-0.8074148373785519,-0.0002787574460764,8936.0,16.416741271262307,daily_steps,603.0,864.0,54.92390331244405,subjects,isotonic,8936,0.8236142839966334,"Mapped source is the grouped five-fold OOF isotonic prediction on the target algorithm scale. Positive/negative agreement are symmetric: 2a/(2a+b+c) and 2d/(2d+b+c). Cohen kappa uses the observed agreement minus agreement expected from the mapped/target marginals, divided by one minus expected agreement; every cell and marginal is WTMEC4YR-weighted in the weighted sensitivity. Attainment difference is mapped minus observed target percentage points. WTMEC4YR changes evaluation weights only; the D7 headline crosswalk fit remains unweighted.",52.00313339301701,0.8464678178963894,vs,scssl,False,8000.0,whole_cohort_subject_grouped_5fold_oof,720
WTMEC4YR_weighted_sensitivity,1.9819993475984063,1.4008080426529013,0.6521714070599263,17.135911795383176,56.801304965591584,8646,0.8048261562996178,55.40049692293868,0.8472759660989465,False,67489903.243544,87993194.77968651,0.6537670702520645,0.5811913049455053,0.0015956631921382,-0.0242913770397237,-0.3451305135433955,0.0030587929155184,-0.9263218184888942,-0.0015315010968626,187581297.6535005,17.111620418343453,daily_steps,14190169.7672805,17908029.8629895,56.45617445204819,WTMEC4YR,isotonic,8936,0.8078849492151363,"Mapped source is the grouped five-fold OOF isotonic prediction on the target algorithm scale. Positive/negative agreement are symmetric: 2a/(2a+b+c) and 2d/(2d+b+c). Cohen kappa uses the observed agreement minus agreement expected from the mapped/target marginals, divided by one minus expected agreement; every cell and marginal is WTMEC4YR-weighted in the weighted sensitivity. Attainment difference is mapped minus observed target percentage points. WTMEC4YR changes evaluation weights only; the D7 headline crosswalk fit remains unweighted.",54.474175104449785,0.8457444650020839,vs,scssl,False,8000.0,whole_cohort_subject_grouped_5fold_oof,720
unweighted_primary,-0.62667860340197,-1.1797362942401135,0.652308252126169,15.706685172334028,33.865371269951424,8646,0.880183518616552,35.04510756419153,0.7720711648204095,False,5198.0,2338.0,0.650916227707626,0.5530576908381435,-0.001392024418543,-0.0397200872847882,-0.1813963370955633,0.0011321816208166,-0.7344540279337011,-0.0024859113641882,8936.0,15.66696508504924,daily_steps,728.0,672.0,33.68397493285586,subjects,isotonic,8936,0.8813157002373686,"Mapped source is the grouped five-fold OOF isotonic prediction on the target algorithm scale. Positive/negative agreement are symmetric: 2a/(2a+b+c) and 2d/(2d+b+c). Cohen kappa uses the observed agreement minus agreement expected from the mapped/target marginals, divided by one minus expected agreement; every cell and marginal is WTMEC4YR-weighted in the weighted sensitivity. Attainment difference is mapped minus observed target percentage points. WTMEC4YR changes evaluation weights only; the D7 headline crosswalk fit remains unweighted.",34.31065353625783,0.7695852534562212,vs,scssl,False,10000.0,whole_cohort_subject_grouped_5fold_oof,720
WTMEC4YR_weighted_sensitivity,-1.9947480972926144,-2.3811040632461533,0.6405154175409704,16.39193665991059,33.926728284453375,8646,0.8736802592449577,36.30783234769952,0.766611529817039,False,107618248.89206652,49406161.11583,0.6396401879854843,0.3863559659535387,-0.0008752295554861,-0.1019930312826602,-0.4405979817665511,0.0020003348760786,-0.8269539477200851,-0.0028106043463966,187581297.6535005,16.28994362862793,daily_steps,17149331.005712,13407556.639892,33.486130302686824,WTMEC4YR,isotonic,8936,0.8756805941210364,"Mapped source is the grouped five-fold OOF isotonic prediction on the target algorithm scale. Positive/negative agreement are symmetric: 2a/(2a+b+c) and 2d/(2d+b+c). Cohen kappa uses the observed agreement minus agreement expected from the mapped/target marginals, divided by one minus expected agreement; every cell and marginal is WTMEC4YR-weighted in the weighted sensitivity. Attainment difference is mapped minus observed target percentage points. WTMEC4YR changes evaluation weights only; the D7 headline crosswalk fit remains unweighted.",35.48087839997944,0.7638009254706423,vs,scssl,False,10000.0,whole_cohort_subject_grouped_5fold_oof,720
unweighted_primary,1.454789615040286,1.4920194309507306,0.8766945272415183,5.887115429100162,61.39255146888735,8646,0.9252020573108009,59.900532037936614,0.9514637169829312,False,3321.0,5101.0,0.8802328993636502,-0.0372298159104445,0.0035383721221319,-0.1351011050177986,-0.7054431430144774,0.0029701059088749,-0.6682133271040271,0.0005706241891478,8936.0,5.752014324082364,daily_steps,192.0,322.0,60.68710832587287,subjects,isotonic,8936,0.9281721632196758,"Mapped source is the grouped five-fold OOF isotonic prediction on the target algorithm scale. Positive/negative agreement are symmetric: 2a/(2a+b+c) and 2d/(2d+b+c). Cohen kappa uses the observed agreement minus agreement expected from the mapped/target marginals, divided by one minus expected agreement; every cell and marginal is WTMEC4YR-weighted in the weighted sensitivity. Attainment difference is mapped minus observed target percentage points. WTMEC4YR changes evaluation weights only; the D7 headline crosswalk fit remains unweighted.",59.23231871083259,0.9520343411720792,vs,vsrev,False,7000.0,whole_cohort_subject_grouped_5fold_oof,720
WTMEC4YR_weighted_sensitivity,0.6119094434572925,0.556109209555411,0.8769358741088762,5.757565085684593,62.9596660706412,8646,0.9228588731743074,62.40355686108578,0.9540729334246602,False,66226404.863065,110947309.101064,0.8823513266564973,0.0558002339018814,0.0054154525476211,-0.2092594605703288,-0.7333054242752013,0.0042896986548237,-0.7891056581770783,0.0011251507750216,187581297.6535005,5.548305625114264,daily_steps,4629878.007435,5777705.681936501,62.226360646366,WTMEC4YR,isotonic,8936,0.9271485718291312,"Mapped source is the grouped five-fold OOF isotonic prediction on the target algorithm scale. Positive/negative agreement are symmetric: 2a/(2a+b+c) and 2d/(2d+b+c). Cohen kappa uses the observed agreement minus agreement expected from the mapped/target marginals, divided by one minus expected agreement; every cell and marginal is WTMEC4YR-weighted in the weighted sensitivity. Attainment difference is mapped minus observed target percentage points. WTMEC4YR changes evaluation weights only; the D7 headline crosswalk fit remains unweighted.",61.614451202908704,0.9551980841996818,vs,vsrev,False,7000.0,whole_cohort_subject_grouped_5fold_oof,720
unweighted_primary,1.6562220232766325,0.8674531575294964,0.8612674370218486,6.928059218135554,52.24381216747629,8646,0.9281171246849874,51.3763590099468,0.9331398593593035,False,4035.0,4297.0,0.8647372990855402,0.7887688657471359,0.0034698620636915,-0.1688828528714543,0.0502791485487819,0.0022494881810489,-0.7384897171983553,0.0011936914126033,8936.0,6.7591763652641,daily_steps,228.0,376.0,52.294091316025074,subjects,isotonic,8936,0.9303666128660364,"Mapped source is the grouped five-fold OOF isotonic prediction on the target algorithm scale. Positive/negative agreement are symmetric: 2a/(2a+b+c) and 2d/(2d+b+c). Cohen kappa uses the observed agreement minus agreement expected from the mapped/target marginals, divided by one minus expected agreement; every cell and marginal is WTMEC4YR-weighted in the weighted sensitivity. Attainment difference is mapped minus observed target percentage points. WTMEC4YR changes evaluation weights only; the D7 headline crosswalk fit remains unweighted.",50.63786929274844,0.9343335507719068,vs,vsrev,False,8000.0,whole_cohort_subject_grouped_5fold_oof,720
WTMEC4YR_weighted_sensitivity,1.1075441775107775,0.2166068889310257,0.8552807479818433,7.201638495511162,53.55367557083017,8646,0.922653892594107,53.33706868189915,0.9326261731466308,False,81553747.89957851,92776572.70511252,0.8582274153390821,0.8909372885797517,0.0029466673572388,-0.1375136522729736,-0.0084472585804817,0.0022095016345741,-0.8993845471602313,0.000720394897802,187581297.6535005,7.064124843238188,daily_steps,5586715.654274501,7664261.394535,53.54522831224969,WTMEC4YR,isotonic,8936,0.9248633942286812,"Mapped source is the grouped five-fold OOF isotonic prediction on the target algorithm scale. Positive/negative agreement are symmetric: 2a/(2a+b+c) and 2d/(2d+b+c). Cohen kappa uses the observed agreement minus agreement expected from the mapped/target marginals, divided by one minus expected agreement; every cell and marginal is WTMEC4YR-weighted in the weighted sensitivity. Attainment difference is mapped minus observed target percentage points. WTMEC4YR changes evaluation weights only; the D7 headline crosswalk fit remains unweighted.",52.43768413473891,0.9333465680444328,vs,vsrev,False,8000.0,whole_cohort_subject_grouped_5fold_oof,720
unweighted_primary,-0.5707251566696492,0.0346981263011803,0.8643374845847654,6.141568355308814,34.64029609067777,8646,0.953029632905794,34.605597964376585,0.9113078336395524,False,5631.0,2732.0,0.8566748088074855,-0.6054232829708295,-0.0076626757772799,0.2706966402149104,-1.1465628767117906,-0.0014453490021183,-0.5411395937409509,-0.0062225263677285,8936.0,6.412264995523724,daily_steps,312.0,261.0,33.49373321396598,subjects,isotonic,8936,0.9515842839036756,"Mapped source is the grouped five-fold OOF isotonic prediction on the target algorithm scale. Positive/negative agreement are symmetric: 2a/(2a+b+c) and 2d/(2d+b+c). Cohen kappa uses the observed agreement minus agreement expected from the mapped/target marginals, divided by one minus expected agreement; every cell and marginal is WTMEC4YR-weighted in the weighted sensitivity. Attainment difference is mapped minus observed target percentage points. WTMEC4YR changes evaluation weights only; the D7 headline crosswalk fit remains unweighted.",34.064458370635634,0.9050853072718238,vs,vsrev,False,10000.0,whole_cohort_subject_grouped_5fold_oof,720
WTMEC4YR_weighted_sensitivity,-1.250102616278198,-0.5758438862131121,0.8551250613296424,6.589985913308187,34.68835224837255,8646,0.949326297198702,35.26419613458567,0.905793483359162,False,117460343.4069585,57354347.389941,0.848333518668092,-0.674258730065086,-0.0067915426615503,0.2159201211960795,-1.3347225176495243,-0.0008695421807539,-0.6604637875844404,-0.0059431334694797,187581297.6535005,6.805906034504266,daily_steps,7555782.783108,5210824.073492999,33.35362973072303,WTMEC4YR,isotonic,8936,0.948456755017948,"Mapped source is the grouped five-fold OOF isotonic prediction on the target algorithm scale. Positive/negative agreement are symmetric: 2a/(2a+b+c) and 2d/(2d+b+c). Cohen kappa uses the observed agreement minus agreement expected from the mapped/target marginals, divided by one minus expected agreement; every cell and marginal is WTMEC4YR-weighted in the weighted sensitivity. Attainment difference is mapped minus observed target percentage points. WTMEC4YR changes evaluation weights only; the D7 headline crosswalk fit remains unweighted.",34.60373234700123,0.8998503498896822,vs,vsrev,False,10000.0,whole_cohort_subject_grouped_5fold_oof,720
unweighted_primary,1.5219337511190645,1.1450381679389277,0.7240919806654118,5.5401341660883645,89.25514688873467,8646,0.7552376085845682,88.11010872079575,0.9687642647538312,False,767.0,7633.0,0.7073085477806043,0.3768955831801368,-0.0167834328848075,0.4580753236162014,-0.076543486765118,-0.014174806652201,-0.4534390699452615,-0.0026840217466168,8936.0,5.998209489704566,daily_steps,200.0,336.0,89.17860340196955,subjects,isotonic,8936,0.7410628019323672,"Mapped source is the grouped five-fold OOF isotonic prediction on the target algorithm scale. Positive/negative agreement are symmetric: 2a/(2a+b+c) and 2d/(2d+b+c). Cohen kappa uses the observed agreement minus agreement expected from the mapped/target marginals, divided by one minus expected agreement; every cell and marginal is WTMEC4YR-weighted in the weighted sensitivity. Attainment difference is mapped minus observed target percentage points. WTMEC4YR changes evaluation weights only; the D7 headline crosswalk fit remains unweighted.",87.65666965085049,0.9660802430072144,vsrev,acti,False,7000.0,whole_cohort_subject_grouped_5fold_oof,720
WTMEC4YR_weighted_sensitivity,2.472527694680837,2.028582211352526,0.680976990418832,5.503491905633353,91.49236809338989,8646,0.7110094306301329,89.46378588203736,0.9695865999319332,False,12713193.6167665,163706652.5880645,0.6625609145662883,0.4439454833283118,-0.0184160758525436,0.4467022705935823,-0.0086326537021932,-0.0160684844216537,-0.4525781370305139,-0.0025525881820211,187581297.6535005,5.950194176226935,daily_steps,3261725.9570725,7899725.491596999,91.48373543968768,WTMEC4YR,isotonic,8936,0.6949409462084791,"Mapped source is the grouped five-fold OOF isotonic prediction on the target algorithm scale. Positive/negative agreement are symmetric: 2a/(2a+b+c) and 2d/(2d+b+c). Cohen kappa uses the observed agreement minus agreement expected from the mapped/target marginals, divided by one minus expected agreement; every cell and marginal is WTMEC4YR-weighted in the weighted sensitivity. Attainment difference is mapped minus observed target percentage points. WTMEC4YR changes evaluation weights only; the D7 headline crosswalk fit remains unweighted.",89.01120774500684,0.967034011749912,vsrev,acti,False,7000.0,whole_cohort_subject_grouped_5fold_oof,720
unweighted_primary,1.6450313339301803,0.8558871154290992,0.7548540460802555,6.893361091834374,83.50682396483923,8646,0.7963089542036911,82.65093684941013,0.9585131560629264,False,1222.0,7049.0,0.7411816643008015,0.7891442185010811,-0.013672381779454,0.548447323564015,-0.0802348869520273,-0.0102040973365312,-0.8693791054531061,-0.0035582011079713,8936.0,7.441808415398389,daily_steps,259.0,406.0,83.4265890778872,subjects,isotonic,8936,0.7861048568671598,"Mapped source is the grouped five-fold OOF isotonic prediction on the target algorithm scale. Positive/negative agreement are symmetric: 2a/(2a+b+c) and 2d/(2d+b+c). Cohen kappa uses the observed agreement minus agreement expected from the mapped/target marginals, divided by one minus expected agreement; every cell and marginal is WTMEC4YR-weighted in the weighted sensitivity. Attainment difference is mapped minus observed target percentage points. WTMEC4YR changes evaluation weights only; the D7 headline crosswalk fit remains unweighted.",81.78155774395702,0.954954954954955,vsrev,acti,False,8000.0,whole_cohort_subject_grouped_5fold_oof,720
WTMEC4YR_weighted_sensitivity,2.212752661242201,1.3535748102984524,0.7419685660756444,6.541024420265621,85.7904895205429,8646,0.7803004994603265,84.43691471024445,0.9615747860937974,False,22144382.5714125,152147992.5177065,0.7276130862436823,0.8591778509437487,-0.0143554798319621,0.5433292603069226,-0.0315088065050161,-0.0111003647129604,-0.890686657448768,-0.003418470243699,187581297.6535005,7.084353680572543,daily_steps,4569106.204280499,8719816.360101,85.75898071403789,WTMEC4YR,isotonic,8936,0.769200134747366,"Mapped source is the grouped five-fold OOF isotonic prediction on the target algorithm scale. Positive/negative agreement are symmetric: 2a/(2a+b+c) and 2d/(2d+b+c). Cohen kappa uses the observed agreement minus agreement expected from the mapped/target marginals, divided by one minus expected agreement; every cell and marginal is WTMEC4YR-weighted in the weighted sensitivity. Attainment difference is mapped minus observed target percentage points. WTMEC4YR changes evaluation weights only; the D7 headline crosswalk fit remains unweighted.",83.54622805279568,0.9581563158500984,vsrev,acti,False,8000.0,whole_cohort_subject_grouped_5fold_oof,720
unweighted_primary,1.1190689346463722,1.191302336340494,0.7541376079753774,10.929909784871615,67.25653481378671,8646,0.8360797918473547,66.06523247744622,0.9180185651080072,False,2599.0,5347.0,0.7553155144961337,-0.0722334016941217,0.0011779065207562,0.1488726681274883,-1.320993184422349,0.0039331364008676,-1.2487597827282144,-0.0027498215270418,8936.0,11.078782452999103,daily_steps,445.0,545.0,65.93554162936437,subjects,isotonic,8936,0.8400129282482224,"Mapped source is the grouped five-fold OOF isotonic prediction on the target algorithm scale. Positive/negative agreement are symmetric: 2a/(2a+b+c) and 2d/(2d+b+c). Cohen kappa uses the observed agreement minus agreement expected from the mapped/target marginals, divided by one minus expected agreement; every cell and marginal is WTMEC4YR-weighted in the weighted sensitivity. Attainment difference is mapped minus observed target percentage points. WTMEC4YR changes evaluation weights only; the D7 headline crosswalk fit remains unweighted.",64.816472694718,0.9152687435809654,vsrev,acti,False,10000.0,whole_cohort_subject_grouped_5fold_oof,720
WTMEC4YR_weighted_sensitivity,2.0691080938028517,2.2051183300882737,0.7515145255748759,10.675804457027876,69.89194134996399,8646,0.8289715935730434,67.68682301987572,0.9224022362322636,False,50467350.490706,116169193.40050147,0.7455830002969143,-0.136010236285422,-0.0059315252779615,0.4898895776631935,-1.3444892338851986,-0.000819702069564,-1.2084789975997836,-0.0050952797396693,187581297.6535005,11.16569403469107,daily_steps,8531746.975042,12413006.787251,68.54745211607879,WTMEC4YR,isotonic,8936,0.8281518915034793,"Mapped source is the grouped five-fold OOF isotonic prediction on the target algorithm scale. Positive/negative agreement are symmetric: 2a/(2a+b+c) and 2d/(2d+b+c). Cohen kappa uses the observed agreement minus agreement expected from the mapped/target marginals, divided by one minus expected agreement; every cell and marginal is WTMEC4YR-weighted in the weighted sensitivity. Attainment difference is mapped minus observed target percentage points. WTMEC4YR changes evaluation weights only; the D7 headline crosswalk fit remains unweighted.",66.47834402227593,0.9173069564925944,vsrev,acti,False,10000.0,whole_cohort_subject_grouped_5fold_oof,720
unweighted_primary,-1.3652641002685766,-1.4226231783483692,-0.0002295229439581,1.4457552625491557,0.0115660421003932,8646,0.9927185879885828,1.4341892204487623,0.0,True,8812.0,0.0,-0.0002220581359,0.0573590780797925,7.46480805814036e-06,-0.0581097835876516,-0.0003753527539295,0.0002947092843494,-0.0577344308337222,0.0,8936.0,1.387645478961504,daily_steps,123.0,1.0,0.0111906893464637,subjects,isotonic,8936,0.9930132972729322,"Mapped source is the grouped five-fold OOF isotonic prediction on the target algorithm scale. Positive/negative agreement are symmetric: 2a/(2a+b+c) and 2d/(2d+b+c). Cohen kappa uses the observed agreement minus agreement expected from the mapped/target marginals, divided by one minus expected agreement; every cell and marginal is WTMEC4YR-weighted in the weighted sensitivity. Attainment difference is mapped minus observed target percentage points. WTMEC4YR changes evaluation weights only; the D7 headline crosswalk fit remains unweighted.",1.3764547896150403,0.0,vsrev,adept,True,7000.0,whole_cohort_subject_grouped_5fold_oof,720
WTMEC4YR_weighted_sensitivity,-1.1705134016952068,-1.2486185274401698,-0.0001724292724039,1.2659774942846544,0.0086794834222422,8646,0.993629789814936,1.257298010862412,0.0,True,185354228.9737265,0.0,-0.0001662650578381,0.0781051257449629,6.1642145657873286e-06,-0.0787223107280115,-0.0003085924915242,0.0003984844556457,-0.0784137182364874,0.0,187581297.6535005,1.187255183556643,daily_steps,2211366.4539409997,15702.225833,0.0083708909307179,WTMEC4YR,isotonic,8936,0.9940282742705816,"Mapped source is the grouped five-fold OOF isotonic prediction on the target algorithm scale. Positive/negative agreement are symmetric: 2a/(2a+b+c) and 2d/(2d+b+c). Cohen kappa uses the observed agreement minus agreement expected from the mapped/target marginals, divided by one minus expected agreement; every cell and marginal is WTMEC4YR-weighted in the weighted sensitivity. Attainment difference is mapped minus observed target percentage points. WTMEC4YR changes evaluation weights only; the D7 headline crosswalk fit remains unweighted.",1.1788842926259246,0.0,vsrev,adept,True,7000.0,whole_cohort_subject_grouped_5fold_oof,720
unweighted_primary,-0.738585496866607,-0.7864908628267407,0.0,0.7864908628267407,0.0,8646,0.9960520204366,0.7864908628267407,0.0,True,8870.0,0.0,0.0,0.0479053659601337,0.0,-0.0479053659601337,0.0,0.000241363815899,-0.0479053659601337,0.0,8936.0,0.738585496866607,daily_steps,66.0,0.0,0.0,subjects,isotonic,8936,0.9962933842524992,"Mapped source is the grouped five-fold OOF isotonic prediction on the target algorithm scale. Positive/negative agreement are symmetric: 2a/(2a+b+c) and 2d/(2d+b+c). Cohen kappa uses the observed agreement minus agreement expected from the mapped/target marginals, divided by one minus expected agreement; every cell and marginal is WTMEC4YR-weighted in the weighted sensitivity. Attainment difference is mapped minus observed target percentage points. WTMEC4YR changes evaluation weights only; the D7 headline crosswalk fit remains unweighted.",0.738585496866607,0.0,vsrev,adept,True,8000.0,whole_cohort_subject_grouped_5fold_oof,720
WTMEC4YR_weighted_sensitivity,-0.5839520894233236,-0.636989421559268,-1.742922232377863e-14,0.636989421559268,0.0,8646,0.99680487659315,0.636989421559268,0.0,True,186485912.7464855,0.0,0.0,0.0530373321359444,1.742922232377863e-14,-0.0530373321359444,0.0,0.0002668129948154,-0.0530373321359444,0.0,187581297.6535005,0.5839520894233236,daily_steps,1095384.907015,0.0,0.0,WTMEC4YR,isotonic,8936,0.9970716895879652,"Mapped source is the grouped five-fold OOF isotonic prediction on the target algorithm scale. Positive/negative agreement are symmetric: 2a/(2a+b+c) and 2d/(2d+b+c). Cohen kappa uses the observed agreement minus agreement expected from the mapped/target marginals, divided by one minus expected agreement; every cell and marginal is WTMEC4YR-weighted in the weighted sensitivity. Attainment difference is mapped minus observed target percentage points. WTMEC4YR changes evaluation weights only; the D7 headline crosswalk fit remains unweighted.",0.5839520894233236,0.0,vsrev,adept,True,8000.0,whole_cohort_subject_grouped_5fold_oof,720
unweighted_primary,-0.1790510295434198,-0.1966227157066851,0.0,0.1966227157066851,0.0,8646,0.999015918958032,0.1966227157066851,0.0,True,8920.0,0.0,0.0,0.0175716861632653,0.0,-0.0175716861632653,0.0,8.802369429783408e-05,-0.0175716861632653,0.0,8936.0,0.1790510295434198,daily_steps,16.0,0.0,0.0,subjects,isotonic,8936,0.9991039426523296,"Mapped source is the grouped five-fold OOF isotonic prediction on the target algorithm scale. Positive/negative agreement are symmetric: 2a/(2a+b+c) and 2d/(2d+b+c). Cohen kappa uses the observed agreement minus agreement expected from the mapped/target marginals, divided by one minus expected agreement; every cell and marginal is WTMEC4YR-weighted in the weighted sensitivity. Attainment difference is mapped minus observed target percentage points. WTMEC4YR changes evaluation weights only; the D7 headline crosswalk fit remains unweighted.",0.1790510295434198,0.0,vsrev,adept,True,10000.0,whole_cohort_subject_grouped_5fold_oof,720
WTMEC4YR_weighted_sensitivity,-0.1453010186047264,-0.1567044574581063,-7.084820959365515e-14,0.1567044574581063,0.0,8646,0.9992158633241476,0.1567044574581063,0.0,True,187308740.117298,0.0,0.0,0.0114034388533799,7.084820959365515e-14,-0.0114034388533799,0.0,5.7103389443424746e-05,-0.0114034388533799,0.0,187581297.6535005,0.1453010186047264,daily_steps,272557.5362025,0.0,0.0,WTMEC4YR,isotonic,8936,0.999272966713591,"Mapped source is the grouped five-fold OOF isotonic prediction on the target algorithm scale. Positive/negative agreement are symmetric: 2a/(2a+b+c) and 2d/(2d+b+c). Cohen kappa uses the observed agreement minus agreement expected from the mapped/target marginals, divided by one minus expected agreement; every cell and marginal is WTMEC4YR-weighted in the weighted sensitivity. Attainment difference is mapped minus observed target percentage points. WTMEC4YR changes evaluation weights only; the D7 headline crosswalk fit remains unweighted.",0.1453010186047264,0.0,vsrev,adept,True,10000.0,whole_cohort_subject_grouped_5fold_oof,720
unweighted_primary,0.0223813786929261,-0.1040943789035298,0.8739138445137562,4.198473282442748,78.84570899838076,8646,0.9005206906001644,78.94980337728428,0.9733929487649344,False,1712.0,6828.0,0.8681540465142898,0.1264757575964559,-0.0057597979994663,0.233039698756893,-0.208734960780049,-0.0041856120661329,-0.3352107183764872,-0.0015739906095116,8936.0,4.431512981199641,daily_steps,197.0,199.0,78.63697403760071,subjects,isotonic,8936,0.8963350785340314,"Mapped source is the grouped five-fold OOF isotonic prediction on the target algorithm scale. Positive/negative agreement are symmetric: 2a/(2a+b+c) and 2d/(2d+b+c). Cohen kappa uses the observed agreement minus agreement expected from the mapped/target marginals, divided by one minus expected agreement; every cell and marginal is WTMEC4YR-weighted in the weighted sensitivity. Attainment difference is mapped minus observed target percentage points. WTMEC4YR changes evaluation weights only; the D7 headline crosswalk fit remains unweighted.",78.6145926589078,0.9718189581554229,vsrev,oak,False,7000.0,whole_cohort_subject_grouped_5fold_oof,720
WTMEC4YR_weighted_sensitivity,-0.0637278680307495,-0.1286454612054677,0.8622830573882798,4.181548625748048,81.26994464555236,8646,0.8879886284129495,81.39859010675782,0.9742940536587784,False,31543066.6954,148211394.2692235,0.8639026125153908,0.0649175931747181,0.0016195551271109,-0.0090448704244732,-0.2037382939753769,0.0016389435237095,-0.2686558871501034,-1.9103223027006067e-05,187581297.6535005,4.172503755323575,daily_steps,3973189.125348001,3853647.563529,81.06620635157698,WTMEC4YR,isotonic,8936,0.889627571936659,"Mapped source is the grouped five-fold OOF isotonic prediction on the target algorithm scale. Positive/negative agreement are symmetric: 2a/(2a+b+c) and 2d/(2d+b+c). Cohen kappa uses the observed agreement minus agreement expected from the mapped/target marginals, divided by one minus expected agreement; every cell and marginal is WTMEC4YR-weighted in the weighted sensitivity. Attainment difference is mapped minus observed target percentage points. WTMEC4YR changes evaluation weights only; the D7 headline crosswalk fit remains unweighted.",81.12993421960772,0.9742749504357512,vsrev,oak,False,7000.0,whole_cohort_subject_grouped_5fold_oof,720
unweighted_primary,0.8281110116383106,-0.3007170946102255,0.8725207537797188,5.089058524173027,72.29932916955818,8646,0.9076406381192276,72.60004626416841,0.9648786717752236,False,2229.0,6243.0,0.8699104386802894,1.128828106248536,-0.0026103150994294,0.1034213325861497,0.5744398546137148,-0.0019112598177241,-0.5543882516348333,-0.0007087876053393,8936.0,5.192479856759177,daily_steps,195.0,269.0,72.87376902417189,subjects,isotonic,8936,0.9057293783015036,"Mapped source is the grouped five-fold OOF isotonic prediction on the target algorithm scale. Positive/negative agreement are symmetric: 2a/(2a+b+c) and 2d/(2d+b+c). Cohen kappa uses the observed agreement minus agreement expected from the mapped/target marginals, divided by one minus expected agreement; every cell and marginal is WTMEC4YR-weighted in the weighted sensitivity. Attainment difference is mapped minus observed target percentage points. WTMEC4YR changes evaluation weights only; the D7 headline crosswalk fit remains unweighted.",72.04565801253358,0.964169884169884,vsrev,oak,False,8000.0,whole_cohort_subject_grouped_5fold_oof,720
WTMEC4YR_weighted_sensitivity,1.0399850112714937,-0.2660127340667451,0.873580791521955,4.73564773661012,74.90743981263225,8646,0.905133565874242,75.173452546699,0.9684460315889396,False,42033554.3751425,136207840.38892698,0.8668788420620246,1.3059977453382388,-0.0067019494599304,0.243474919148257,0.7148116046949156,-0.0051250196791909,-0.5911861406433161,-0.0015949856144972,187581297.6535005,4.979122655758377,daily_steps,3694542.754943,5645360.134488,75.62225141732716,WTMEC4YR,isotonic,8936,0.900008546195051,"Mapped source is the grouped five-fold OOF isotonic prediction on the target algorithm scale. Positive/negative agreement are symmetric: 2a/(2a+b+c) and 2d/(2d+b+c). Cohen kappa uses the observed agreement minus agreement expected from the mapped/target marginals, divided by one minus expected agreement; every cell and marginal is WTMEC4YR-weighted in the weighted sensitivity. Attainment difference is mapped minus observed target percentage points. WTMEC4YR changes evaluation weights only; the D7 headline crosswalk fit remains unweighted.",74.58226640605568,0.9668510459744424,vsrev,oak,False,8000.0,whole_cohort_subject_grouped_5fold_oof,720
unweighted_primary,0.8281110116383217,1.3879250520471895,0.8604045729154526,6.777700670830441,59.22970159611381,8646,0.9182705718270572,57.841776544066626,0.9421063031021536,False,3494.0,4808.0,0.8549762388735551,-0.5598140404088681,-0.0054283340418974,0.3171963748275708,-1.463363189667973,-0.0014508394733442,-0.9035491492591065,-0.0039599616387391,8936.0,7.094897045658012,daily_steps,280.0,354.0,57.76633840644584,subjects,isotonic,8936,0.916819732353713,"Mapped source is the grouped five-fold OOF isotonic prediction on the target algorithm scale. Positive/negative agreement are symmetric: 2a/(2a+b+c) and 2d/(2d+b+c). Cohen kappa uses the observed agreement minus agreement expected from the mapped/target marginals, divided by one minus expected agreement; every cell and marginal is WTMEC4YR-weighted in the weighted sensitivity. Attainment difference is mapped minus observed target percentage points. WTMEC4YR changes evaluation weights only; the D7 headline crosswalk fit remains unweighted.",56.93822739480752,0.9381463414634146,vsrev,oak,False,10000.0,whole_cohort_subject_grouped_5fold_oof,720
WTMEC4YR_weighted_sensitivity,0.8505593748022178,1.5616199526306662,0.8578143944218997,6.772011096612007,61.69920713035547,8646,0.9133606274632098,60.1375871777248,0.944417356554145,False,68907216.430004,105237677.884811,0.8511683710413525,-0.7110605778284484,-0.0066460233805472,0.3909649072672145,-1.590003216692601,-0.0021958608832386,-0.878942638864153,-0.0044249389705121,187581297.6535005,7.162976003879222,daily_steps,5920456.513059,7515946.8256265,60.10920391366287,WTMEC4YR,isotonic,8936,0.9111647665799713,"Mapped source is the grouped five-fold OOF isotonic prediction on the target algorithm scale. Positive/negative agreement are symmetric: 2a/(2a+b+c) and 2d/(2d+b+c). Cohen kappa uses the observed agreement minus agreement expected from the mapped/target marginals, divided by one minus expected agreement; every cell and marginal is WTMEC4YR-weighted in the weighted sensitivity. Attainment difference is mapped minus observed target percentage points. WTMEC4YR changes evaluation weights only; the D7 headline crosswalk fit remains unweighted.",59.25864453886065,0.9399924175836328,vsrev,oak,False,10000.0,whole_cohort_subject_grouped_5fold_oof,720
unweighted_primary,2.338854073410923,2.960906777700667,0.7779774558577514,8.0499653018737,77.735368956743,8646,0.8304919629810034,74.77446217904233,0.9472167450326104,False,1829.0,6380.0,0.7804659137266691,-0.6220527042897439,0.0024884578689177,0.085665853005441,-1.101528312159303,0.0037155626746409,-0.4794756078695457,-0.0011205042081127,8936.0,8.13563115487914,daily_steps,259.0,468.0,76.6338406445837,subjects,isotonic,8936,0.8342075256556443,"Mapped source is the grouped five-fold OOF isotonic prediction on the target algorithm scale. Positive/negative agreement are symmetric: 2a/(2a+b+c) and 2d/(2d+b+c). Cohen kappa uses the observed agreement minus agreement expected from the mapped/target marginals, divided by one minus expected agreement; every cell and marginal is WTMEC4YR-weighted in the weighted sensitivity. Attainment difference is mapped minus observed target percentage points. WTMEC4YR changes evaluation weights only; the D7 headline crosswalk fit remains unweighted.",74.29498657117279,0.9460962408244976,vsrev,scrf,False,7000.0,whole_cohort_subject_grouped_5fold_oof,720
WTMEC4YR_weighted_sensitivity,2.6776943242258544,3.1429188713662293,0.7728234263697303,7.599145387212045,80.38031044764176,8646,0.8207000150982747,77.23739157627554,0.9517874877654356,False,34124445.6565455,139036420.533788,0.77649634548613,-0.4652245471403748,0.0036729191163996,0.0884181617961124,-1.077061666174572,0.0048648863804097,-0.611837119034206,-0.0010892420874989,187581297.6535005,7.687563549008157,daily_steps,4698788.851295,9721642.611872,79.30324878146719,WTMEC4YR,isotonic,8936,0.8255649014786844,"Mapped source is the grouped five-fold OOF isotonic prediction on the target algorithm scale. Positive/negative agreement are symmetric: 2a/(2a+b+c) and 2d/(2d+b+c). Cohen kappa uses the observed agreement minus agreement expected from the mapped/target marginals, divided by one minus expected agreement; every cell and marginal is WTMEC4YR-weighted in the weighted sensitivity. Attainment difference is mapped minus observed target percentage points. WTMEC4YR changes evaluation weights only; the D7 headline crosswalk fit remains unweighted.",76.62555445724134,0.9506982456779368,vsrev,scrf,False,7000.0,whole_cohort_subject_grouped_5fold_oof,720
unweighted_primary,1.7905102954342,1.538283599352297,0.7937695362564523,8.80175803839926,69.91672449687717,8646,0.857357075913777,68.37844089752487,0.9363552730618048,False,2389.0,5729.0,0.7872693522036929,0.252226696081903,-0.0065001840527594,0.3522258470080803,-0.3330181405656134,-0.0035329157994095,-0.5852448366475187,-0.0029893558249197,8936.0,9.15398388540734,daily_steps,329.0,489.0,69.58370635631155,subjects,isotonic,8936,0.8538241601143675,"Mapped source is the grouped five-fold OOF isotonic prediction on the target algorithm scale. Positive/negative agreement are symmetric: 2a/(2a+b+c) and 2d/(2d+b+c). Cohen kappa uses the observed agreement minus agreement expected from the mapped/target marginals, divided by one minus expected agreement; every cell and marginal is WTMEC4YR-weighted in the weighted sensitivity. Attainment difference is mapped minus observed target percentage points. WTMEC4YR changes evaluation weights only; the D7 headline crosswalk fit remains unweighted.",67.79319606087735,0.933365917236885,vsrev,scrf,False,8000.0,whole_cohort_subject_grouped_5fold_oof,720
WTMEC4YR_weighted_sensitivity,1.9373694214217307,1.7808477501164988,0.7933201579625174,8.375326093536732,72.67650784986951,8646,0.8515745548037458,70.89566009975302,0.9416646957892596,False,45568031.0940095,125160832.14315102,0.7809659796405664,0.1565216713052319,-0.012354178321951,0.6087435483471619,-0.4922749888933992,-0.0076322363740597,-0.6487966601986415,-0.0047412982674676,187581297.6535005,8.984069641883893,daily_steps,6609145.8576475,10243288.5586925,72.18423286097611,WTMEC4YR,isotonic,8936,0.843942318429686,"Mapped source is the grouped five-fold OOF isotonic prediction on the target algorithm scale. Positive/negative agreement are symmetric: 2a/(2a+b+c) and 2d/(2d+b+c). Cohen kappa uses the observed agreement minus agreement expected from the mapped/target marginals, divided by one minus expected agreement; every cell and marginal is WTMEC4YR-weighted in the weighted sensitivity. Attainment difference is mapped minus observed target percentage points. WTMEC4YR changes evaluation weights only; the D7 headline crosswalk fit remains unweighted.",70.24686343955437,0.936923397521792,vsrev,scrf,False,8000.0,whole_cohort_subject_grouped_5fold_oof,720
unweighted_primary,1.7569382273948109,2.0471894517696043,0.7664085728942216,11.577608142493638,55.806153134397405,8646,0.8719785138764548,53.7589636826278,0.8943312572574686,False,3594.0,4301.0,0.765615022285578,-0.2902512243747934,-0.0007935506086436,0.0718994671751165,-0.9717753367250666,0.0015176581979163,-0.6815241123502744,-0.0022852134951539,8936.0,11.649507609668754,daily_steps,442.0,599.0,54.83437779767234,subjects,isotonic,8936,0.8734961720743711,"Mapped source is the grouped five-fold OOF isotonic prediction on the target algorithm scale. Positive/negative agreement are symmetric: 2a/(2a+b+c) and 2d/(2d+b+c). Cohen kappa uses the observed agreement minus agreement expected from the mapped/target marginals, divided by one minus expected agreement; every cell and marginal is WTMEC4YR-weighted in the weighted sensitivity. Attainment difference is mapped minus observed target percentage points. WTMEC4YR changes evaluation weights only; the D7 headline crosswalk fit remains unweighted.",53.07743957027753,0.8920460437623147,vsrev,scrf,False,10000.0,whole_cohort_subject_grouped_5fold_oof,720
WTMEC4YR_weighted_sensitivity,1.3125981931850883,1.6604977690198974,0.761724016451027,11.674099743948071,57.97083786227477,8646,0.863809377386315,56.31034009325487,0.8978475725154773,False,71155261.174613,94477554.83019347,0.7623516189738881,-0.3478995758348091,0.000627602522861,0.0266838220325595,-1.0979558900638509,0.0025694443860857,-0.7500563142290417,-0.0019163629635656,187581297.6535005,11.70078356598063,daily_steps,9743146.462470498,12205335.1862235,56.87288197221092,WTMEC4YR,isotonic,8936,0.8663788217724008,"Mapped source is the grouped five-fold OOF isotonic prediction on the target algorithm scale. Positive/negative agreement are symmetric: 2a/(2a+b+c) and 2d/(2d+b+c). Cohen kappa uses the observed agreement minus agreement expected from the mapped/target marginals, divided by one minus expected agreement; every cell and marginal is WTMEC4YR-weighted in the weighted sensitivity. Attainment difference is mapped minus observed target percentage points. WTMEC4YR changes evaluation weights only; the D7 headline crosswalk fit remains unweighted.",55.56028377902583,0.8959312095519116,vsrev,scrf,False,10000.0,whole_cohort_subject_grouped_5fold_oof,720
unweighted_primary,4.8343777976723405,5.852417302798973,0.6330154878304878,16.747628961369422,67.98519546611149,8646,0.7603442568685865,62.13277816331251,0.8712888888888889,False,2484.0,4958.0,0.6387787533988319,-1.0180395051266329,0.0057632655683441,-0.0287390777525899,-1.7251238456996705,0.0084579715436697,-0.7070843405730329,-0.002226662771448,8936.0,16.718889883616832,daily_steps,531.0,963.0,66.26007162041182,subjects,isotonic,8936,0.7688022284122563,"Mapped source is the grouped five-fold OOF isotonic prediction on the target algorithm scale. Positive/negative agreement are symmetric: 2a/(2a+b+c) and 2d/(2d+b+c). Cohen kappa uses the observed agreement minus agreement expected from the mapped/target marginals, divided by one minus expected agreement; every cell and marginal is WTMEC4YR-weighted in the weighted sensitivity. Attainment difference is mapped minus observed target percentage points. WTMEC4YR changes evaluation weights only; the D7 headline crosswalk fit remains unweighted.",61.42569382273948,0.8690622261174409,vsrev,scssl,False,7000.0,whole_cohort_subject_grouped_5fold_oof,720
WTMEC4YR_weighted_sensitivity,4.783340344188658,6.158019438827711,0.6252045170988522,16.461722114705047,70.78173028725487,8646,0.745153114997144,64.62371084842717,0.8784264356244762,False,47551958.138455,109098741.758774,0.6313760613371108,-1.3746790946390537,0.0061715442382586,0.0274471911851321,-1.984697642935842,0.0094331743733351,-0.610018548296793,-0.0025818403388702,187581297.6535005,16.48916930589018,daily_steps,10978972.9337295,19951624.822542,68.79703264431903,WTMEC4YR,isotonic,8936,0.7545862893704791,"Mapped source is the grouped five-fold OOF isotonic prediction on the target algorithm scale. Positive/negative agreement are symmetric: 2a/(2a+b+c) and 2d/(2d+b+c). Cohen kappa uses the observed agreement minus agreement expected from the mapped/target marginals, divided by one minus expected agreement; every cell and marginal is WTMEC4YR-weighted in the weighted sensitivity. Attainment difference is mapped minus observed target percentage points. WTMEC4YR changes evaluation weights only; the D7 headline crosswalk fit remains unweighted.",64.01369230013037,0.875844595285606,vsrev,scssl,False,7000.0,whole_cohort_subject_grouped_5fold_oof,720
unweighted_primary,3.4914950760966845,2.960906777700667,0.6279351962441898,18.482535276428404,55.771455008096225,8646,0.7978238866396761,52.81054823039556,0.8297827013208351,False,3316.0,3986.0,0.6326710736807574,0.5305882983960175,0.0047358774365675,-0.19694888430665,-0.276826538982533,0.0044988813254823,-0.8074148373785519,0.0001152791080635,8936.0,18.28558639212175,daily_steps,661.0,973.0,55.49462846911369,subjects,isotonic,8936,0.8023227679651584,"Mapped source is the grouped five-fold OOF isotonic prediction on the target algorithm scale. Positive/negative agreement are symmetric: 2a/(2a+b+c) and 2d/(2d+b+c). Cohen kappa uses the observed agreement minus agreement expected from the mapped/target marginals, divided by one minus expected agreement; every cell and marginal is WTMEC4YR-weighted in the weighted sensitivity. Attainment difference is mapped minus observed target percentage points. WTMEC4YR changes evaluation weights only; the D7 headline crosswalk fit remains unweighted.",52.00313339301701,0.8298979804288986,vsrev,scssl,False,8000.0,whole_cohort_subject_grouped_5fold_oof,720
WTMEC4YR_weighted_sensitivity,3.162189434685525,2.485833481586719,0.6213758879642302,18.60869280256285,57.886330404525395,8646,0.7853994701262192,55.40049692293868,0.8357382474065319,False,65227665.5915415,87944773.00782001,0.6280479297296182,0.6763559530988061,0.006672041765388,-0.2652547921813877,-0.249965865390088,0.0058902028790082,-0.9263218184888942,0.0006425418689653,187581297.6535005,18.343438010381465,daily_steps,14238591.539147,20170267.514992,57.63636453913531,WTMEC4YR,isotonic,8936,0.7912896730052275,"Mapped source is the grouped five-fold OOF isotonic prediction on the target algorithm scale. Positive/negative agreement are symmetric: 2a/(2a+b+c) and 2d/(2d+b+c). Cohen kappa uses the observed agreement minus agreement expected from the mapped/target marginals, divided by one minus expected agreement; every cell and marginal is WTMEC4YR-weighted in the weighted sensitivity. Attainment difference is mapped minus observed target percentage points. WTMEC4YR changes evaluation weights only; the D7 headline crosswalk fit remains unweighted.",54.474175104449785,0.8363807892754973,vsrev,scssl,False,8000.0,whole_cohort_subject_grouped_5fold_oof,720
unweighted_primary,-0.973589973142347,0.2313208420078649,0.6058087093673755,17.973629424011104,35.2764284061994,8646,0.8613985016054228,35.04510756419153,0.7444078947368421,False,5122.0,2231.0,0.6043262920544752,-1.204910815150212,-0.0014824173129003,-0.2587681885589994,-1.939364843083915,0.0047552144679686,-0.7344540279337011,-0.0062772082190588,8936.0,17.714861235452105,daily_steps,835.0,748.0,33.337063563115485,subjects,isotonic,8936,0.8661537160733914,"Mapped source is the grouped five-fold OOF isotonic prediction on the target algorithm scale. Positive/negative agreement are symmetric: 2a/(2a+b+c) and 2d/(2d+b+c). Cohen kappa uses the observed agreement minus agreement expected from the mapped/target marginals, divided by one minus expected agreement; every cell and marginal is WTMEC4YR-weighted in the weighted sensitivity. Attainment difference is mapped minus observed target percentage points. WTMEC4YR changes evaluation weights only; the D7 headline crosswalk fit remains unweighted.",34.31065353625783,0.7381306865177832,vsrev,scssl,False,10000.0,whole_cohort_subject_grouped_5fold_oof,720
WTMEC4YR_weighted_sensitivity,-1.614162507839706,-0.399744906750471,0.5954883823119895,18.66458002297683,35.90808744094906,8646,0.8539365780768142,36.30783234769953,0.7415447995732561,False,105317966.791916,47819786.4030575,0.5947951702428472,-1.214417601089235,-0.0006932120691423,-0.3026511476627256,-2.041371548809323,0.0055231174731581,-0.8269539477200851,-0.0063258502030224,187581297.6535005,18.361928875314103,daily_steps,18735705.7184845,15707838.7400425,33.86671589213974,WTMEC4YR,isotonic,8936,0.8594596955499724,"Mapped source is the grouped five-fold OOF isotonic prediction on the target algorithm scale. Positive/negative agreement are symmetric: 2a/(2a+b+c) and 2d/(2d+b+c). Cohen kappa uses the observed agreement minus agreement expected from the mapped/target marginals, divided by one minus expected agreement; every cell and marginal is WTMEC4YR-weighted in the weighted sensitivity. Attainment difference is mapped minus observed target percentage points. WTMEC4YR changes evaluation weights only; the D7 headline crosswalk fit remains unweighted.",35.480878399979446,0.7352189493702337,vsrev,scssl,False,10000.0,whole_cohort_subject_grouped_5fold_oof,720
unweighted_primary,-0.2909579230080505,0.7864908628267386,0.8827137309894025,5.0196622715706685,69.37312051815869,8646,0.919090231170768,68.58662965533195,0.9636150234741784,False,2662.0,5822.0,0.8843785461933396,-1.0774487858347892,0.001664815203937,0.0385293130309429,-1.837310312249997,0.0026549211838026,-0.7598615264152073,-0.0009827483419032,8936.0,5.0581915846016114,daily_steps,239.0,213.0,67.53581020590869,subjects,isotonic,8936,0.9217451523545708,"Mapped source is the grouped five-fold OOF isotonic prediction on the target algorithm scale. Positive/negative agreement are symmetric: 2a/(2a+b+c) and 2d/(2d+b+c). Cohen kappa uses the observed agreement minus agreement expected from the mapped/target marginals, divided by one minus expected agreement; every cell and marginal is WTMEC4YR-weighted in the weighted sensitivity. Attainment difference is mapped minus observed target percentage points. WTMEC4YR changes evaluation weights only; the D7 headline crosswalk fit remains unweighted.",67.82676812891674,0.9626322751322752,vsrev,vs,False,7000.0,whole_cohort_subject_grouped_5fold_oof,720
WTMEC4YR_weighted_sensitivity,0.1776065230412293,1.444972992686755,0.8713614372545183,5.250009426090509,72.16816591529911,8646,0.908069789102674,70.72319292261236,0.9632587339865258,False,51286788.323939,126391303.57469448,0.874253993855254,-1.2673664696455256,0.0028925566007357,0.0294112191169713,-2.0601719907817397,0.0038835443470094,-0.7928055211362164,-0.0009585459610557,187581297.6535005,5.27942064520748,daily_steps,4785024.5671145,5118181.1877525,70.10799392451737,WTMEC4YR,isotonic,8936,0.9119533334496834,"Mapped source is the grouped five-fold OOF isotonic prediction on the target algorithm scale. Positive/negative agreement are symmetric: 2a/(2a+b+c) and 2d/(2d+b+c). Cohen kappa uses the observed agreement minus agreement expected from the mapped/target marginals, divided by one minus expected agreement; every cell and marginal is WTMEC4YR-weighted in the weighted sensitivity. Attainment difference is mapped minus observed target percentage points. WTMEC4YR changes evaluation weights only; the D7 headline crosswalk fit remains unweighted.",69.93038740147614,0.96230018802547,vsrev,vs,False,7000.0,whole_cohort_subject_grouped_5fold_oof,720
unweighted_primary,1.063115487914057,1.040943789035398,0.8759297110443031,5.991209808003701,59.78487161693269,8646,0.9264622373651334,58.74392782789729,0.9494535519125684,False,3448.0,4947.0,0.8754253478619612,0.0221716988786591,-0.0005043631823418,0.0629531284331834,-0.8658922078010889,0.0007933764576445,-0.8880639066797471,-0.0012983051468759,8936.0,6.054162936436884,daily_steps,223.0,318.0,58.9189794091316,subjects,isotonic,8936,0.927255613822778,"Mapped source is the grouped five-fold OOF isotonic prediction on the target algorithm scale. Positive/negative agreement are symmetric: 2a/(2a+b+c) and 2d/(2d+b+c). Cohen kappa uses the observed agreement minus agreement expected from the mapped/target marginals, divided by one minus expected agreement; every cell and marginal is WTMEC4YR-weighted in the weighted sensitivity. Attainment difference is mapped minus observed target percentage points. WTMEC4YR changes evaluation weights only; the D7 headline crosswalk fit remains unweighted.",57.85586392121754,0.9481552467656924,vsrev,vs,False,8000.0,whole_cohort_subject_grouped_5fold_oof,720
WTMEC4YR_weighted_sensitivity,1.9641265247504536,2.0297124759114604,0.876217264412886,5.874907979274421,62.32668581516854,8646,0.9240735874160888,60.29697333925708,0.9520899309335088,False,68891336.179586,107714480.090799,0.8777912273701517,-0.0655859511610068,0.0015739629572656,-0.0238548516916434,-0.9962710921570306,0.0021457080846492,-0.930685140996026,-0.000567254555176,187581297.6535005,5.8510531275827775,daily_steps,3645573.680216,7329907.7028995,61.33041472301151,WTMEC4YR,isotonic,8936,0.926219295500738,"Mapped source is the grouped five-fold OOF isotonic prediction on the target algorithm scale. Positive/negative agreement are symmetric: 2a/(2a+b+c) and 2d/(2d+b+c). Cohen kappa uses the observed agreement minus agreement expected from the mapped/target marginals, divided by one minus expected agreement; every cell and marginal is WTMEC4YR-weighted in the weighted sensitivity. Attainment difference is mapped minus observed target percentage points. WTMEC4YR changes evaluation weights only; the D7 headline crosswalk fit remains unweighted.",59.36628819826105,0.9515226763783328,vsrev,vs,False,8000.0,whole_cohort_subject_grouped_5fold_oof,720
unweighted_primary,-0.3021486123545247,0.1387925052047156,0.8638308056315547,6.500115660421003,39.42863752024057,8646,0.9464047301163456,39.28984501503586,0.9174258007640316,False,5232.0,3109.0,0.8588659928232661,-0.4409411175592403,-0.0049648128082885,0.1583445007249233,-1.4586285676890969,-0.0002070630578412,-1.0176874501298556,-0.0047588405409287,8936.0,6.658460161145927,daily_steps,311.0,284.0,37.970008952551474,subjects,isotonic,8936,0.9461976670585044,"Mapped source is the grouped five-fold OOF isotonic prediction on the target algorithm scale. Positive/negative agreement are symmetric: 2a/(2a+b+c) and 2d/(2d+b+c). Cohen kappa uses the observed agreement minus agreement expected from the mapped/target marginals, divided by one minus expected agreement; every cell and marginal is WTMEC4YR-weighted in the weighted sensitivity. Attainment difference is mapped minus observed target percentage points. WTMEC4YR changes evaluation weights only; the D7 headline crosswalk fit remains unweighted.",38.272157564906,0.9126669602231028,vsrev,vs,False,10000.0,whole_cohort_subject_grouped_5fold_oof,720
WTMEC4YR_weighted_sensitivity,0.2521910329220778,0.8856638345813628,0.8585548470074738,6.793755074195837,40.51080976252061,8646,0.9433211592906756,39.62514592793925,0.915222136983828,False,108501514.129142,65843974.8939735,0.8511842398488361,-0.633472801659285,-0.0073706071586376,0.2622834520084849,-1.755127973009408,-0.0008084573036736,-1.1216551713501277,-0.006551597210625,187581297.6535005,7.056038526204322,daily_steps,6381372.709132,6854435.921253,38.7556817895112,WTMEC4YR,isotonic,8936,0.942512701987002,"Mapped source is the grouped five-fold OOF isotonic prediction on the target algorithm scale. Positive/negative agreement are symmetric: 2a/(2a+b+c) and 2d/(2d+b+c). Cohen kappa uses the observed agreement minus agreement expected from the mapped/target marginals, divided by one minus expected agreement; every cell and marginal is WTMEC4YR-weighted in the weighted sensitivity. Attainment difference is mapped minus observed target percentage points. WTMEC4YR changes evaluation weights only; the D7 headline crosswalk fit remains unweighted.",38.50349075658912,0.908670539773203,vsrev,vs,False,10000.0,whole_cohort_subject_grouped_5fold_oof,720
unweighted_primary,-1.462930820728986,-1.3763590099467962,0.0144081199611455,1.468887346749942,0.0578302105019662,8646,0.9926003612422072,1.4341892204487623,0.0155038759689922,True,7939.0,1.0,0.0144508726573849,-0.0865718107821897,4.2752696239304125e-05,0.0932252245369411,0.0041583835967196,-0.0004733929842715,0.0907301943789093,0.0001211240310077,8066.0,1.5621125712868833,daily_steps,122.0,4.0,0.0619885940986858,subjects,isotonic,8066,0.9921269682579356,"Mapped source is the grouped five-fold OOF isotonic prediction on the target algorithm scale. Positive/negative agreement are symmetric: 2a/(2a+b+c) and 2d/(2d+b+c). Cohen kappa uses the observed agreement minus agreement expected from the mapped/target marginals, divided by one minus expected agreement; every cell and marginal is WTMEC4YR-weighted in the weighted sensitivity. Attainment difference is mapped minus observed target percentage points. WTMEC4YR changes evaluation weights only; the D7 headline crosswalk fit remains unweighted.",1.524919414827672,0.015625,acti,adept,True,7000.0,whole_cohort_subject_grouped_5fold_oof,1296
WTMEC4YR_weighted_sensitivity,-1.3146533378866905,-1.2092065507620375,0.0035212888625819,1.2995877699303957,0.0480914601003744,8646,0.993459370807944,1.257298010862412,0.004444421501356,True,166386168.2473715,5247.9862795,0.0033188122642853,-0.1054467871246527,-0.0002024765982965,0.1182070448898056,0.0065885617172012,-0.0005991808069455,0.1120353488418537,-7.749153964845337e-05,168784433.17543602,1.4177948148202013,daily_steps,2305973.5631794995,87043.37860550001,0.0546800218175757,WTMEC4YR,isotonic,8066,0.9928601900009986,"Mapped source is the grouped five-fold OOF isotonic prediction on the target algorithm scale. Positive/negative agreement are symmetric: 2a/(2a+b+c) and 2d/(2d+b+c). Cohen kappa uses the observed agreement minus agreement expected from the mapped/target marginals, divided by one minus expected agreement; every cell and marginal is WTMEC4YR-weighted in the weighted sensitivity. Attainment difference is mapped minus observed target percentage points. WTMEC4YR changes evaluation weights only; the D7 headline crosswalk fit remains unweighted.",1.3693333597042658,0.0043669299617076,acti,adept,True,7000.0,whole_cohort_subject_grouped_5fold_oof,1296
unweighted_primary,-0.805851723282916,-0.7402266944251678,-0.0008746430684563,0.8327550312283136,0.0462641684015729,8646,0.9958188153310104,0.7864908628267407,0.0,True,7993.0,0.0,-0.000938351018085,-0.0656250288577482,-6.370794962865184e-05,0.0722784426124997,0.0033267068773756,-0.0003645529236376,0.0689517357351239,0.0,8066.0,0.9050334738408132,daily_steps,69.0,4.0,0.0495908752789486,subjects,isotonic,8066,0.9954542624073728,"Mapped source is the grouped five-fold OOF isotonic prediction on the target algorithm scale. Positive/negative agreement are symmetric: 2a/(2a+b+c) and 2d/(2d+b+c). Cohen kappa uses the observed agreement minus agreement expected from the mapped/target marginals, divided by one minus expected agreement; every cell and marginal is WTMEC4YR-weighted in the weighted sensitivity. Attainment difference is mapped minus observed target percentage points. WTMEC4YR changes evaluation weights only; the D7 headline crosswalk fit remains unweighted.",0.8554425985618647,0.0,acti,adept,True,8000.0,whole_cohort_subject_grouped_5fold_oof,1296
WTMEC4YR_weighted_sensitivity,-0.64282453852498,-0.612287020685427,-0.0004758304329222,0.6616918224331089,0.0247024008738409,8646,0.9966805586518588,0.636989421559268,0.0,True,167548066.50917697,0.0,-0.0008426805667439,-0.030537517839553,-0.0003668501338216,0.0708204377312567,0.0201414599458519,-0.0003565836194678,0.0506789777854048,0.0,168784433.17543602,0.7325122601643657,daily_steps,1160677.2099604998,75689.4562985,0.0448438608196928,WTMEC4YR,isotonic,8066,0.996323975032391,"Mapped source is the grouped five-fold OOF isotonic prediction on the target algorithm scale. Positive/negative agreement are symmetric: 2a/(2a+b+c) and 2d/(2d+b+c). Cohen kappa uses the observed agreement minus agreement expected from the mapped/target marginals, divided by one minus expected agreement; every cell and marginal is WTMEC4YR-weighted in the weighted sensitivity. Attainment difference is mapped minus observed target percentage points. WTMEC4YR changes evaluation weights only; the D7 headline crosswalk fit remains unweighted.",0.6876683993446728,0.0,acti,adept,True,8000.0,whole_cohort_subject_grouped_5fold_oof,1296
unweighted_primary,-0.1983635011157947,-0.1850566736062919,-0.000218517423545,0.2081887578070784,0.0115660421003932,8646,0.998957971517888,0.1966227157066851,0.0,True,8046.0,0.0,-0.0004465171661296,-0.0133068275095027,-0.0002279997425846,0.0397656185876649,0.013229395539081,-0.0001992823421185,0.0265362230485838,0.0,8066.0,0.2479543763947433,daily_steps,18.0,2.0,0.0247954376394743,subjects,isotonic,8066,0.9987586891757696,"Mapped source is the grouped five-fold OOF isotonic prediction on the target algorithm scale. Positive/negative agreement are symmetric: 2a/(2a+b+c) and 2d/(2d+b+c). Cohen kappa uses the observed agreement minus agreement expected from the mapped/target marginals, divided by one minus expected agreement; every cell and marginal is WTMEC4YR-weighted in the weighted sensitivity. Attainment difference is mapped minus observed target percentage points. WTMEC4YR changes evaluation weights only; the D7 headline crosswalk fit remains unweighted.",0.223158938755269,0.0,acti,adept,True,10000.0,whole_cohort_subject_grouped_5fold_oof,1296
WTMEC4YR_weighted_sensitivity,-0.1293011456069288,-0.148024974035864,-0.0001645065997972,0.1653839408803485,0.0086794834222422,8646,0.9991723959334882,0.1567044574581063,0.0,True,168509937.252799,0.0,-0.0002992352307157,0.0187238284289352,-0.0001347286309185,-0.0027528750452152,0.00798547669186,1.3786977633212238e-05,-0.0107383517370752,0.0,168784433.17543602,0.1626310658351333,daily_steps,246368.0641695,28127.8584675,0.0166649601141022,WTMEC4YR,isotonic,8066,0.9991861829111214,"Mapped source is the grouped five-fold OOF isotonic prediction on the target algorithm scale. Positive/negative agreement are symmetric: 2a/(2a+b+c) and 2d/(2d+b+c). Cohen kappa uses the observed agreement minus agreement expected from the mapped/target marginals, divided by one minus expected agreement; every cell and marginal is WTMEC4YR-weighted in the weighted sensitivity. Attainment difference is mapped minus observed target percentage points. WTMEC4YR changes evaluation weights only; the D7 headline crosswalk fit remains unweighted.",0.145966105721031,0.0,acti,adept,True,10000.0,whole_cohort_subject_grouped_5fold_oof,1296
unweighted_primary,1.0166129432184534,1.2375665047420823,0.8218236042798406,5.794587092297016,80.18736988202637,8646,0.858194169261251,78.94980337728428,0.9635874700196236,False,1301.0,6289.0,0.8089221830696423,-0.2209535615236291,-0.0129014212101983,0.1067270658978767,1.240847326007355,-0.0128400432053705,1.461800887530984,-5.138912487867575e-05,8066.0,5.901314158194893,daily_steps,197.0,279.0,81.42821720803373,subjects,isotonic,8066,0.8453541260558805,"Mapped source is the grouped five-fold OOF isotonic prediction on the target algorithm scale. Positive/negative agreement are symmetric: 2a/(2a+b+c) and 2d/(2d+b+c). Cohen kappa uses the observed agreement minus agreement expected from the mapped/target marginals, divided by one minus expected agreement; every cell and marginal is WTMEC4YR-weighted in the weighted sensitivity. Attainment difference is mapped minus observed target percentage points. WTMEC4YR changes evaluation weights only; the D7 headline crosswalk fit remains unweighted.",80.41160426481527,0.9635360808947449,acti,oak,False,7000.0,whole_cohort_subject_grouped_5fold_oof,1296
WTMEC4YR_weighted_sensitivity,0.5470823429875926,0.7635474858184721,0.8248627989052746,5.219628802526397,82.16213759257629,8646,0.8567581492995123,81.39859010675782,0.9680875178537884,False,24218001.195245497,135515560.92133,0.8102525762949069,-0.2164651428308794,-0.0146102226103677,0.1427561571416227,1.0817307685111217,-0.0142005446810375,1.298195911341992,-0.0004025944679528,168784433.17543602,5.362384959668019,daily_steps,4063740.613623,4987130.445237501,83.24386836108741,WTMEC4YR,isotonic,8066,0.8425576046184747,"Mapped source is the grouped five-fold OOF isotonic prediction on the target algorithm scale. Positive/negative agreement are symmetric: 2a/(2a+b+c) and 2d/(2d+b+c). Cohen kappa uses the observed agreement minus agreement expected from the mapped/target marginals, divided by one minus expected agreement; every cell and marginal is WTMEC4YR-weighted in the weighted sensitivity. Attainment difference is mapped minus observed target percentage points. WTMEC4YR changes evaluation weights only; the D7 headline crosswalk fit remains unweighted.",82.69678601809981,0.9676849233858354,acti,oak,False,7000.0,whole_cohort_subject_grouped_5fold_oof,1296
unweighted_primary,0.4587155963302725,1.191302336340505,0.812273488404181,7.367568817950497,73.79134860050891,8646,0.8625674217907228,72.60004626416841,0.9496721181954648,False,1769.0,5718.0,0.8111790772392589,-0.7325867400102326,-0.0010944111649221,-0.1892896213226764,0.9173050072272702,-0.0032038075084783,1.64989174723749,0.0021381190080307,8066.0,7.1782791966278205,daily_steps,271.0,308.0,74.70865360773618,subjects,isotonic,8066,0.8593636142822444,"Mapped source is the grouped five-fold OOF isotonic prediction on the target algorithm scale. Positive/negative agreement are symmetric: 2a/(2a+b+c) and 2d/(2d+b+c). Cohen kappa uses the observed agreement minus agreement expected from the mapped/target marginals, divided by one minus expected agreement; every cell and marginal is WTMEC4YR-weighted in the weighted sensitivity. Attainment difference is mapped minus observed target percentage points. WTMEC4YR changes evaluation weights only; the D7 headline crosswalk fit remains unweighted.",74.2499380114059,0.9518102372034956,acti,oak,False,8000.0,whole_cohort_subject_grouped_5fold_oof,1296
WTMEC4YR_weighted_sensitivity,-0.2957163438563115,0.4484029859689098,0.8051778382230038,7.227938967167407,75.62185553266791,8646,0.8531046799596665,75.17345254669901,0.9520678789066622,False,33588252.996216,123504117.779843,0.8065595381361661,-0.7441193298252213,0.0013816999131622,-0.3007228848500478,0.8665889128875222,-0.0013521077726367,1.6107082427127324,0.0027367251404998,168784433.17543602,6.927216082317359,daily_steps,6095592.777081,5596469.622296,76.48844444555543,WTMEC4YR,isotonic,8066,0.8517525721870298,"Mapped source is the grouped five-fold OOF isotonic prediction on the target algorithm scale. Positive/negative agreement are symmetric: 2a/(2a+b+c) and 2d/(2d+b+c). Cohen kappa uses the observed agreement minus agreement expected from the mapped/target marginals, divided by one minus expected agreement; every cell and marginal is WTMEC4YR-weighted in the weighted sensitivity. Attainment difference is mapped minus observed target percentage points. WTMEC4YR changes evaluation weights only; the D7 headline crosswalk fit remains unweighted.",76.78416078941174,0.954804604047162,acti,oak,False,8000.0,whole_cohort_subject_grouped_5fold_oof,1296
unweighted_primary,0.1735680634763148,0.8790191996298824,0.8263866596666568,8.443210733287069,58.720795743696506,8646,0.8988078735791516,57.841776544066626,0.9275649930541774,False,2924.0,4474.0,0.8280161023837767,-0.7054511361535676,0.0016294427171198,-0.1615345617026395,0.9742203733379567,-0.0013247551015579,1.67967150949152,0.0029674528692834,8066.0,8.28167617158443,daily_steps,327.0,341.0,59.69501611703446,subjects,isotonic,8066,0.8974831184775937,"Mapped source is the grouped five-fold OOF isotonic prediction on the target algorithm scale. Positive/negative agreement are symmetric: 2a/(2a+b+c) and 2d/(2d+b+c). Cohen kappa uses the observed agreement minus agreement expected from the mapped/target marginals, divided by one minus expected agreement; every cell and marginal is WTMEC4YR-weighted in the weighted sensitivity. Attainment difference is mapped minus observed target percentage points. WTMEC4YR changes evaluation weights only; the D7 headline crosswalk fit remains unweighted.",59.521448053558146,0.9305324459234608,acti,oak,False,10000.0,whole_cohort_subject_grouped_5fold_oof,1296
WTMEC4YR_weighted_sensitivity,-0.8557913754295265,0.0587657569885213,0.8303080364167069,8.133789174557515,60.196352934713325,8646,0.8979014503034632,60.1375871777248,0.9324065249840784,False,58118141.125345,97155251.984818,0.8308669062136863,-0.914557132418048,0.0005588697969793,-0.1288803028788674,0.9399430879820444,-0.0020349293156209,1.8545002204000909,0.0025807732384607,168784433.17543602,8.004908871678648,daily_steps,7477741.343727999,6033298.721545,61.13629602269537,WTMEC4YR,isotonic,8066,0.8958665209878423,"Mapped source is the grouped five-fold OOF isotonic prediction on the target algorithm scale. Positive/negative agreement are symmetric: 2a/(2a+b+c) and 2d/(2d+b+c). Cohen kappa uses the observed agreement minus agreement expected from the mapped/target marginals, divided by one minus expected agreement; every cell and marginal is WTMEC4YR-weighted in the weighted sensitivity. Attainment difference is mapped minus observed target percentage points. WTMEC4YR changes evaluation weights only; the D7 headline crosswalk fit remains unweighted.",61.992087398124895,0.934987298222539,acti,oak,False,10000.0,whole_cohort_subject_grouped_5fold_oof,1296
unweighted_primary,2.157203074634262,2.4288688410825765,0.7833804200553174,7.91117279666898,77.2033310201249,8646,0.8352601156069365,74.77446217904233,0.947945205479452,False,1536.0,5894.0,0.7774339919495806,-0.2716657664483146,-0.0059464281057367,-0.0262236273161402,0.8898998253995103,-0.0067811512056419,1.1615655918478325,0.0008635517645917,8066.0,7.88494916935284,daily_steps,231.0,405.0,78.09323084552442,subjects,isotonic,8066,0.8284789644012945,"Mapped source is the grouped five-fold OOF isotonic prediction on the target algorithm scale. Positive/negative agreement are symmetric: 2a/(2a+b+c) and 2d/(2d+b+c). Cohen kappa uses the observed agreement minus agreement expected from the mapped/target marginals, divided by one minus expected agreement; every cell and marginal is WTMEC4YR-weighted in the weighted sensitivity. Attainment difference is mapped minus observed target percentage points. WTMEC4YR changes evaluation weights only; the D7 headline crosswalk fit remains unweighted.",75.93602777089016,0.9488087572440438,acti,scrf,False,7000.0,whole_cohort_subject_grouped_5fold_oof,1296
WTMEC4YR_weighted_sensitivity,1.4783706524990503,1.7780921659855342,0.7819485924872674,7.456023259087622,79.01548374226105,8646,0.8295654099926046,77.23739157627551,0.95228232924426,False,28870002.270926,126961399.7809895,0.7683114269254154,-0.2997215134864839,-0.013637165561852,0.2182811064441265,0.7818900865106286,-0.0127946489353774,1.0816115999971174,-0.0008181261736757,168784433.17543602,7.674304365531748,daily_steps,5228885.798734,7724145.3247865,79.79737382877168,WTMEC4YR,isotonic,8066,0.8167707610572272,"Mapped source is the grouped five-fold OOF isotonic prediction on the target algorithm scale. Positive/negative agreement are symmetric: 2a/(2a+b+c) and 2d/(2d+b+c). Cohen kappa uses the observed agreement minus agreement expected from the mapped/target marginals, divided by one minus expected agreement; every cell and marginal is WTMEC4YR-weighted in the weighted sensitivity. Attainment difference is mapped minus observed target percentage points. WTMEC4YR changes evaluation weights only; the D7 headline crosswalk fit remains unweighted.",78.31900317627263,0.9514642030705844,acti,scrf,False,7000.0,whole_cohort_subject_grouped_5fold_oof,1296
unweighted_primary,1.6488966030250407,1.0409437890353868,0.7787283437028218,9.48415452232246,69.41938468656026,8646,0.8475269616957977,68.37844089752487,0.931173409434279,False,1995.0,5328.0,0.7779087744118139,0.607952813989654,-0.0008195692910079,-0.2726494392577443,2.0658620280442506,-0.0045098478145384,1.4579092140545953,0.0036454343239454,8066.0,9.211505083064717,daily_steps,305.0,438.0,71.48524671460451,subjects,isotonic,8066,0.8430171138812592,"Mapped source is the grouped five-fold OOF isotonic prediction on the target algorithm scale. Positive/negative agreement are symmetric: 2a/(2a+b+c) and 2d/(2d+b+c). Cohen kappa uses the observed agreement minus agreement expected from the mapped/target marginals, divided by one minus expected agreement; every cell and marginal is WTMEC4YR-weighted in the weighted sensitivity. Attainment difference is mapped minus observed target percentage points. WTMEC4YR changes evaluation weights only; the D7 headline crosswalk fit remains unweighted.",69.83635011157946,0.9348188437582244,acti,scrf,False,8000.0,whole_cohort_subject_grouped_5fold_oof,1296
WTMEC4YR_weighted_sensitivity,1.1151761644165314,0.1861109678868433,0.7787410797723838,9.113577383853215,71.08177106763985,8646,0.8429304739997717,70.89566009975302,0.9358096754609666,False,38689881.545704,115327777.59547,0.7796125344497462,0.929065196529688,0.0008714546773623,-0.3646816732438829,2.178709280144787,-0.0031836370038571,1.2496440836150953,0.004021496051093,168784433.17543602,8.748895710609334,daily_steps,6442265.133122,8324508.901140001,73.26048034778464,WTMEC4YR,isotonic,8066,0.8397468369959146,"Mapped source is the grouped five-fold OOF isotonic prediction on the target algorithm scale. Positive/negative agreement are symmetric: 2a/(2a+b+c) and 2d/(2d+b+c). Cohen kappa uses the observed agreement minus agreement expected from the mapped/target marginals, divided by one minus expected agreement; every cell and marginal is WTMEC4YR-weighted in the weighted sensitivity. Attainment difference is mapped minus observed target percentage points. WTMEC4YR changes evaluation weights only; the D7 headline crosswalk fit remains unweighted.",72.14530418336811,0.9398311715120596,acti,scrf,False,8000.0,whole_cohort_subject_grouped_5fold_oof,1296
unweighted_primary,0.7562608480039756,0.4973398103169102,0.7976874453819645,10.05089058524173,54.25630349294471,8646,0.8907330567081605,53.7589636826278,0.9069493521790342,False,3156.0,4109.0,0.7985884627108467,0.2589210376870654,0.0009010173288822,-0.1203178106322564,2.0293399486620345,-0.0033437694875784,1.7704189109749675,0.004238140891151,8066.0,9.930572774609471,daily_steps,370.0,431.0,56.285643441606744,subjects,isotonic,8066,0.8873892872205821,"Mapped source is the grouped five-fold OOF isotonic prediction on the target algorithm scale. Positive/negative agreement are symmetric: 2a/(2a+b+c) and 2d/(2d+b+c). Cohen kappa uses the observed agreement minus agreement expected from the mapped/target marginals, divided by one minus expected agreement; every cell and marginal is WTMEC4YR-weighted in the weighted sensitivity. Attainment difference is mapped minus observed target percentage points. WTMEC4YR changes evaluation weights only; the D7 headline crosswalk fit remains unweighted.",55.52938259360277,0.9111874930701852,acti,scrf,False,10000.0,whole_cohort_subject_grouped_5fold_oof,1296
WTMEC4YR_weighted_sensitivity,-0.5090146860566858,-0.69022116947558,0.7910165745067161,10.300939908702397,55.620118923779295,8646,0.8830362938908154,56.31034009325487,0.907970180778632,False,62514283.1091895,89463730.84324,0.7956490525917103,0.1812064834188942,0.0046324780849941,-0.3436121464094341,2.108766285169885,-0.0015290562421176,1.927559801750988,0.0061662010020047,168784433.17543602,9.95732776229296,daily_steps,8832778.3878235,7973640.835183,57.72888520894918,WTMEC4YR,isotonic,8066,0.8815072376486978,"Mapped source is the grouped five-fold OOF isotonic prediction on the target algorithm scale. Positive/negative agreement are symmetric: 2a/(2a+b+c) and 2d/(2d+b+c). Cohen kappa uses the observed agreement minus agreement expected from the mapped/target marginals, divided by one minus expected agreement; every cell and marginal is WTMEC4YR-weighted in the weighted sensitivity. Attainment difference is mapped minus observed target percentage points. WTMEC4YR changes evaluation weights only; the D7 headline crosswalk fit remains unweighted.",58.23789989500586,0.9141363817806366,acti,scrf,False,10000.0,whole_cohort_subject_grouped_5fold_oof,1296
unweighted_primary,4.190428961071168,3.678001387925045,0.6747918466454771,15.012722646310433,65.81077955123756,8646,0.791653290529695,62.13277816331251,0.8826613632254565,False,2184.0,4668.0,0.6680880309422643,0.5124275731461232,-0.0067038157032127,0.0381080008504906,1.6824017034115857,-0.009138063012676,1.1699741302654658,0.0022675467271501,8066.0,15.050830647160923,daily_steps,438.0,776.0,67.49318125464914,subjects,isotonic,8066,0.782515227517019,"Mapped source is the grouped five-fold OOF isotonic prediction on the target algorithm scale. Positive/negative agreement are symmetric: 2a/(2a+b+c) and 2d/(2d+b+c). Cohen kappa uses the observed agreement minus agreement expected from the mapped/target marginals, divided by one minus expected agreement; every cell and marginal is WTMEC4YR-weighted in the weighted sensitivity. Attainment difference is mapped minus observed target percentage points. WTMEC4YR changes evaluation weights only; the D7 headline crosswalk fit remains unweighted.",63.30275229357798,0.8849289099526066,acti,scssl,False,7000.0,whole_cohort_subject_grouped_5fold_oof,1296
WTMEC4YR_weighted_sensitivity,3.6895461578167033,2.8215488858586713,0.6781485050303933,14.450395508863314,67.44525973428583,8646,0.7872784258855056,64.62371084842717,0.890584476844898,False,42908481.327878,101764008.6214,0.6752406366508736,0.867997271958032,-0.0029078683795196,-0.1647515234989569,1.8346304896814587,-0.006619672236662,0.9666332177234124,0.0034941235182134,168784433.17543602,14.285643985364358,daily_steps,8942281.8284705,15169661.3976875,69.27989022396729,WTMEC4YR,isotonic,8066,0.7806587536488435,"Mapped source is the grouped five-fold OOF isotonic prediction on the target algorithm scale. Positive/negative agreement are symmetric: 2a/(2a+b+c) and 2d/(2d+b+c). Cohen kappa uses the observed agreement minus agreement expected from the mapped/target marginals, divided by one minus expected agreement; every cell and marginal is WTMEC4YR-weighted in the weighted sensitivity. Attainment difference is mapped minus observed target percentage points. WTMEC4YR changes evaluation weights only; the D7 headline crosswalk fit remains unweighted.",65.59034406615058,0.8940786003631115,acti,scssl,False,7000.0,whole_cohort_subject_grouped_5fold_oof,1296
unweighted_primary,3.682122489461936,3.4582465880175772,0.6684941543512523,16.45847790885959,56.268794818413134,8646,0.8189797735657041,52.81054823039556,0.8491146219913053,False,2889.0,3866.0,0.670544908564403,0.2238759014443592,0.0020507542131507,-0.2050685361841608,1.6285520697594364,-0.003914178982547,1.4046761683150777,0.0059113649599277,8066.0,16.253409372675428,daily_steps,507.0,804.0,57.89734688817257,subjects,isotonic,8066,0.815065594583157,"Mapped source is the grouped five-fold OOF isotonic prediction on the target algorithm scale. Positive/negative agreement are symmetric: 2a/(2a+b+c) and 2d/(2d+b+c). Cohen kappa uses the observed agreement minus agreement expected from the mapped/target marginals, divided by one minus expected agreement; every cell and marginal is WTMEC4YR-weighted in the weighted sensitivity. Attainment difference is mapped minus observed target percentage points. WTMEC4YR changes evaluation weights only; the D7 headline crosswalk fit remains unweighted.",54.21522439871064,0.855025986951233,acti,scssl,False,8000.0,whole_cohort_subject_grouped_5fold_oof,1296
WTMEC4YR_weighted_sensitivity,2.77894749651304,2.1821768147019416,0.6575607982198444,16.84150097061428,57.58267373764062,8646,0.8064569681696654,55.40049692293868,0.850937968264238,False,56940446.142491,83877837.30104351,0.6602249311070394,0.5967706818110985,0.002664132887195,-0.2723487059423135,1.786620972704739,-0.003614056074063,1.189850290893638,0.0061747996804405,168784433.17543602,16.569152264671967,daily_steps,11637859.4758345,16328290.256067,59.36929471034536,WTMEC4YR,isotonic,8066,0.8028429120956023,"Mapped source is the grouped five-fold OOF isotonic prediction on the target algorithm scale. Positive/negative agreement are symmetric: 2a/(2a+b+c) and 2d/(2d+b+c). Cohen kappa uses the observed agreement minus agreement expected from the mapped/target marginals, divided by one minus expected agreement; every cell and marginal is WTMEC4YR-weighted in the weighted sensitivity. Attainment difference is mapped minus observed target percentage points. WTMEC4YR changes evaluation weights only; the D7 headline crosswalk fit remains unweighted.",56.59034721383232,0.8571127679446785,acti,scssl,False,8000.0,whole_cohort_subject_grouped_5fold_oof,1296
unweighted_primary,-1.32655591371188,-1.9777931991672493,0.6476299996123932,15.833911635438351,33.06731436502429,8646,0.8799438744190126,35.04510756419153,0.7675326880624894,False,4520.0,2223.0,0.643073446412341,0.6512372854553694,-0.0045565532000522,0.568270363073923,2.0306276136516317,-0.0076096082798636,1.3793903281962727,0.0031381387705838,8066.0,16.402181998512276,daily_steps,715.0,608.0,35.09794197867592,subjects,isotonic,8066,0.8723342661391489,"Mapped source is the grouped five-fold OOF isotonic prediction on the target algorithm scale. Positive/negative agreement are symmetric: 2a/(2a+b+c) and 2d/(2d+b+c). Cohen kappa uses the observed agreement minus agreement expected from the mapped/target marginals, divided by one minus expected agreement; every cell and marginal is WTMEC4YR-weighted in the weighted sensitivity. Attainment difference is mapped minus observed target percentage points. WTMEC4YR changes evaluation weights only; the D7 headline crosswalk fit remains unweighted.",36.424497892387805,0.7706708268330733,acti,scssl,False,10000.0,whole_cohort_subject_grouped_5fold_oof,1296
WTMEC4YR_weighted_sensitivity,-3.3011350233514203,-3.571326587516943,0.6309458712517172,16.708005572544266,32.73650576018258,8646,0.8724147903867766,36.30783234769952,0.7580104896300414,False,92723819.689318,46557014.0715665,0.6225727229192308,0.2701915641655228,-0.0083731483324863,0.7720421187527187,1.9366638319759983,-0.0096719635958968,1.6664722678104766,0.0013748450709438,168784433.17543602,17.480047691296985,daily_steps,17537700.7260355,11965898.688516002,34.67316959215858,WTMEC4YR,isotonic,8066,0.8627428267908798,"Mapped source is the grouped five-fold OOF isotonic prediction on the target algorithm scale. Positive/negative agreement are symmetric: 2a/(2a+b+c) and 2d/(2d+b+c). Cohen kappa uses the observed agreement minus agreement expected from the mapped/target marginals, divided by one minus expected agreement; every cell and marginal is WTMEC4YR-weighted in the weighted sensitivity. Attainment difference is mapped minus observed target percentage points. WTMEC4YR changes evaluation weights only; the D7 headline crosswalk fit remains unweighted.",37.97430461551,0.7593853347009852,acti,scssl,False,10000.0,whole_cohort_subject_grouped_5fold_oof,1296
unweighted_primary,0.5826927845276386,0.9946796206338204,0.7812465907691776,9.345362017117742,69.58130927596576,8646,0.8488589599700711,68.58662965533195,0.932362297003181,False,2031.0,5292.0,0.7797828650034528,-0.4119868361061818,-0.0014637257657247,-0.1338569340530249,0.924517651879512,-0.003489553102225,1.3365044879856924,0.0020422231698569,8066.0,9.211505083064717,daily_steps,348.0,395.0,70.50582692784528,subjects,isotonic,8066,0.845369406867846,"Mapped source is the grouped five-fold OOF isotonic prediction on the target algorithm scale. Positive/negative agreement are symmetric: 2a/(2a+b+c) and 2d/(2d+b+c). Cohen kappa uses the observed agreement minus agreement expected from the mapped/target marginals, divided by one minus expected agreement; every cell and marginal is WTMEC4YR-weighted in the weighted sensitivity. Attainment difference is mapped minus observed target percentage points. WTMEC4YR changes evaluation weights only; the D7 headline crosswalk fit remains unweighted.",69.92313414331764,0.934404520173038,acti,vs,False,7000.0,whole_cohort_subject_grouped_5fold_oof,1296
WTMEC4YR_weighted_sensitivity,0.5844424580916052,0.5027186343411483,0.7781082081373757,9.142524689419744,71.22591155695352,8646,0.8425084642113481,70.72319292261237,0.9355929385892262,False,39769264.6632625,113983768.772794,0.7792066531177383,0.0817238237504569,0.0010984449803626,-0.2368457375250923,1.0513063667792435,-0.0014532777250001,0.9695825430287924,0.0025491787906863,168784433.17543602,8.905678951894652,daily_steps,7022475.924626499,8008923.814753,72.27721792373276,WTMEC4YR,isotonic,8066,0.8410551864863479,"Mapped source is the grouped five-fold OOF isotonic prediction on the target algorithm scale. Positive/negative agreement are symmetric: 2a/(2a+b+c) and 2d/(2d+b+c). Cohen kappa uses the observed agreement minus agreement expected from the mapped/target marginals, divided by one minus expected agreement; every cell and marginal is WTMEC4YR-weighted in the weighted sensitivity. Attainment difference is mapped minus observed target percentage points. WTMEC4YR changes evaluation weights only; the D7 headline crosswalk fit remains unweighted.",71.69277546564116,0.9381421173799126,acti,vs,False,7000.0,whole_cohort_subject_grouped_5fold_oof,1296
unweighted_primary,1.3513513513513598,1.4457552625491532,0.7891546319882825,10.166551006245662,60.18968309044645,8646,0.8745898130974461,58.74392782789729,0.9145191092093748,False,2725.0,4518.0,0.7853670122637574,-0.0944039111977934,-0.0037876197245251,0.0367715823980283,1.6005475071236075,-0.0057870074223305,1.694951418321402,0.0020038647230727,8066.0,10.20332258864369,daily_steps,357.0,466.0,61.79023059757005,subjects,isotonic,8066,0.8688028056751156,"Mapped source is the grouped five-fold OOF isotonic prediction on the target algorithm scale. Positive/negative agreement are symmetric: 2a/(2a+b+c) and 2d/(2d+b+c). Cohen kappa uses the observed agreement minus agreement expected from the mapped/target marginals, divided by one minus expected agreement; every cell and marginal is WTMEC4YR-weighted in the weighted sensitivity. Attainment difference is mapped minus observed target percentage points. WTMEC4YR changes evaluation weights only; the D7 headline crosswalk fit remains unweighted.",60.43887924621869,0.9165229739324476,acti,vs,False,8000.0,whole_cohort_subject_grouped_5fold_oof,1296
WTMEC4YR_weighted_sensitivity,1.5461119153714065,1.4371680988810145,0.7923238410537717,9.8819537677735,61.73414143813809,8646,0.8732577265974745,60.29697333925708,0.9190210317606308,False,54663579.7757785,97375917.457368,0.7880603279904422,0.1089438164903922,-0.0042635130633295,0.038946890692241,1.6918401709297868,-0.0060780456117388,1.5828963544393844,0.0018054854744277,168784433.17543602,9.92090065846574,daily_steps,7067669.854836,9677266.0874535,63.425981609067875,WTMEC4YR,isotonic,8066,0.8671796809857356,"Mapped source is the grouped five-fold OOF isotonic prediction on the target algorithm scale. Positive/negative agreement are symmetric: 2a/(2a+b+c) and 2d/(2d+b+c). Cohen kappa uses the observed agreement minus agreement expected from the mapped/target marginals, divided by one minus expected agreement; every cell and marginal is WTMEC4YR-weighted in the weighted sensitivity. Attainment difference is mapped minus observed target percentage points. WTMEC4YR changes evaluation weights only; the D7 headline crosswalk fit remains unweighted.",61.87986969369646,0.9208265172350584,acti,vs,False,8000.0,whole_cohort_subject_grouped_5fold_oof,1296
unweighted_primary,-1.2273741631539823,-1.6423779782558434,0.7879943801360965,10.039324543141335,37.647467036780014,8646,0.9184210526315788,39.28984501503586,0.8695129284425737,False,4392.0,2859.0,0.7903768216577826,0.4150038151018609,0.002382441521686,0.064816294944455,2.235994406314454,-0.0033257302021592,1.820990591212592,0.0057358087378946,8066.0,10.104140838085792,daily_steps,457.0,358.0,39.88346144309447,subjects,isotonic,8066,0.9150953224294196,"Mapped source is the grouped five-fold OOF isotonic prediction on the target algorithm scale. Positive/negative agreement are symmetric: 2a/(2a+b+c) and 2d/(2d+b+c). Cohen kappa uses the observed agreement minus agreement expected from the mapped/target marginals, divided by one minus expected agreement; every cell and marginal is WTMEC4YR-weighted in the weighted sensitivity. Attainment difference is mapped minus observed target percentage points. WTMEC4YR changes evaluation weights only; the D7 headline crosswalk fit remains unweighted.",41.11083560624845,0.8752487371804684,acti,vs,False,10000.0,whole_cohort_subject_grouped_5fold_oof,1296
WTMEC4YR_weighted_sensitivity,-1.638440902792021,-2.07161163471456,0.7736325923232826,10.73375271511803,37.5535342932247,8646,0.9126067629427346,39.62514592793926,0.8609233445770349,False,91161849.800062,59381242.890952006,0.7759678485236277,0.4331707319225388,0.002335256200345,0.0737252858074413,2.212690159508284,-0.0035565140894576,1.7795194275857469,0.0059319033270485,168784433.17543602,10.807478000925473,daily_steps,10503386.837557,7737953.646864999,39.766224452732985,WTMEC4YR,isotonic,8066,0.9090502488532768,"Mapped source is the grouped five-fold OOF isotonic prediction on the target algorithm scale. Positive/negative agreement are symmetric: 2a/(2a+b+c) and 2d/(2d+b+c). Cohen kappa uses the observed agreement minus agreement expected from the mapped/target marginals, divided by one minus expected agreement; every cell and marginal is WTMEC4YR-weighted in the weighted sensitivity. Attainment difference is mapped minus observed target percentage points. WTMEC4YR changes evaluation weights only; the D7 headline crosswalk fit remains unweighted.",41.404665355525005,0.8668552479040834,acti,vs,False,10000.0,whole_cohort_subject_grouped_5fold_oof,1296
unweighted_primary,1.983635011157947,1.4457552625491532,0.7551317910605054,11.69326856349757,61.34628730048577,8646,0.8515200469966221,59.900532037936614,0.9035581417533148,False,2553.0,4571.0,0.750935266400794,0.5378797486087938,-0.0041965246597114,-0.0146174353051566,2.1548284942080045,-0.0072740152505903,1.6169487455992169,0.0030265468623138,8066.0,11.678651128192412,daily_steps,391.0,551.0,63.501115794693774,subjects,isotonic,8066,0.8442460317460317,"Mapped source is the grouped five-fold OOF isotonic prediction on the target algorithm scale. Positive/negative agreement are symmetric: 2a/(2a+b+c) and 2d/(2d+b+c). Cohen kappa uses the observed agreement minus agreement expected from the mapped/target marginals, divided by one minus expected agreement; every cell and marginal is WTMEC4YR-weighted in the weighted sensitivity. Attainment difference is mapped minus observed target percentage points. WTMEC4YR changes evaluation weights only; the D7 headline crosswalk fit remains unweighted.",61.51748078353583,0.9065846886156288,acti,vsrev,False,7000.0,whole_cohort_subject_grouped_5fold_oof,1296
WTMEC4YR_weighted_sensitivity,1.2154162397329693,0.563370566132193,0.7529521485858401,11.55770869910036,62.966927427217975,8646,0.8451322028706533,62.40355686108578,0.9078115653400358,False,50055815.607408,99444236.8019185,0.7501338694631093,0.6520456736007763,-0.0028182791227308,-0.1322588496671812,2.2714016170248,-0.0066483242733542,1.6193559434240186,0.0037980580395539,168784433.17543602,11.42544984943318,daily_steps,8616473.677577,10667907.0885325,65.23832904424278,WTMEC4YR,isotonic,8066,0.838483878597299,"Mapped source is the grouped five-fold OOF isotonic prediction on the target algorithm scale. Positive/negative agreement are symmetric: 2a/(2a+b+c) and 2d/(2d+b+c). Cohen kappa uses the observed agreement minus agreement expected from the mapped/target marginals, divided by one minus expected agreement; every cell and marginal is WTMEC4YR-weighted in the weighted sensitivity. Attainment difference is mapped minus observed target percentage points. WTMEC4YR changes evaluation weights only; the D7 headline crosswalk fit remains unweighted.",64.0229128045098,0.9116096233795896,acti,vsrev,False,7000.0,whole_cohort_subject_grouped_5fold_oof,1296
unweighted_primary,1.6984874783039894,1.3532269257460094,0.7532725320594665,12.317834836918806,52.7295859356928,8646,0.8715474611024002,51.3763590099468,0.8816798133540718,False,3250.0,3843.0,0.75749964358258,0.3452605525579799,0.0042271115231135,-0.2548544253145408,1.7955814335112592,-0.0017495218544408,1.450320880953278,0.0059515528544973,8066.0,12.062980411604263,daily_steps,418.0,555.0,54.52516736920406,subjects,isotonic,8066,0.8697979392479593,"Mapped source is the grouped five-fold OOF isotonic prediction on the target algorithm scale. Positive/negative agreement are symmetric: 2a/(2a+b+c) and 2d/(2d+b+c). Cohen kappa uses the observed agreement minus agreement expected from the mapped/target marginals, divided by one minus expected agreement; every cell and marginal is WTMEC4YR-weighted in the weighted sensitivity. Attainment difference is mapped minus observed target percentage points. WTMEC4YR changes evaluation weights only; the D7 headline crosswalk fit remains unweighted.",52.826679890900074,0.8876313662085691,acti,vsrev,False,8000.0,whole_cohort_subject_grouped_5fold_oof,1296
WTMEC4YR_weighted_sensitivity,1.0738320408032576,0.799605502493772,0.7560391755028757,12.130686735280054,54.13667418439291,8646,0.8688946563811586,53.33706868189915,0.8871288334084371,False,65382673.552406505,83230657.1620625,0.7583091727526992,0.2742265383094855,0.0022699972498234,-0.1798793761671557,1.6874544283881932,-0.0025343605016413,1.4132278900787083,0.0047918585676298,168784433.17543602,11.9508073591129,daily_steps,9179320.5688205,10991781.8921465,55.82412861278111,WTMEC4YR,isotonic,8066,0.8663602958795172,"Mapped source is the grouped five-fold OOF isotonic prediction on the target algorithm scale. Positive/negative agreement are symmetric: 2a/(2a+b+c) and 2d/(2d+b+c). Cohen kappa uses the observed agreement minus agreement expected from the mapped/target marginals, divided by one minus expected agreement; every cell and marginal is WTMEC4YR-weighted in the weighted sensitivity. Attainment difference is mapped minus observed target percentage points. WTMEC4YR changes evaluation weights only; the D7 headline crosswalk fit remains unweighted.",54.750296571977856,0.8919206919760669,acti,vsrev,False,8000.0,whole_cohort_subject_grouped_5fold_oof,1296
unweighted_primary,1.1281924125960852,-0.127226463104324,0.7731350024763156,10.259079343048809,34.478371501272264,8646,0.9216361869423094,34.605597964376585,0.8514984095094592,False,4685.0,2544.0,0.776762197734583,1.2554188757004092,0.0036271952582673,0.117811309071202,2.8139667084971407,-0.0036387342137897,1.5585478327967337,0.0072357677057306,8066.0,10.37689065212001,daily_steps,373.0,464.0,37.292338209769405,subjects,isotonic,8066,0.9179974527285196,"Mapped source is the grouped five-fold OOF isotonic prediction on the target algorithm scale. Positive/negative agreement are symmetric: 2a/(2a+b+c) and 2d/(2d+b+c). Cohen kappa uses the observed agreement minus agreement expected from the mapped/target marginals, divided by one minus expected agreement; every cell and marginal is WTMEC4YR-weighted in the weighted sensitivity. Attainment difference is mapped minus observed target percentage points. WTMEC4YR changes evaluation weights only; the D7 headline crosswalk fit remains unweighted.",36.16414579717332,0.8587341772151899,acti,vsrev,False,10000.0,whole_cohort_subject_grouped_5fold_oof,1296
WTMEC4YR_weighted_sensitivity,-0.0453858937401963,-1.270955213266417,0.7562904404429057,11.035790499857749,33.99324092131925,8646,0.915591447411226,35.26419613458566,0.8406555170248415,False,96945596.0014305,53204941.7849945,0.763302512024967,1.2255693195262207,0.0070120715820612,0.0042651726003697,3.0265162578327605,-0.0032700157049173,1.800946938306545,0.0103255110267757,168784433.17543602,11.040055672458116,daily_steps,9355249.856251,9278645.53276,37.01975717915201,WTMEC4YR,isotonic,8066,0.9123214317063084,"Mapped source is the grouped five-fold OOF isotonic prediction on the target algorithm scale. Positive/negative agreement are symmetric: 2a/(2a+b+c) and 2d/(2d+b+c). Cohen kappa uses the observed agreement minus agreement expected from the mapped/target marginals, divided by one minus expected agreement; every cell and marginal is WTMEC4YR-weighted in the weighted sensitivity. Attainment difference is mapped minus observed target percentage points. WTMEC4YR changes evaluation weights only; the D7 headline crosswalk fit remains unweighted.",37.065143072892205,0.8509810280516172,acti,vsrev,False,10000.0,whole_cohort_subject_grouped_5fold_oof,1296
unweighted_primary,4.14083808579222,4.499190377052975,0.6204738677426487,6.650474207726116,92.60929909784872,8646,0.6550689862027594,88.11010872079575,0.9632,False,426.0,7156.0,0.6072295745885156,-0.3583522912607551,-0.0132442931541331,-0.6499782989733269,1.179443773462964,-0.0173444353045558,1.5377960647237074,0.0040884563395512,8066.0,6.000495908752789,daily_steps,75.0,409.0,93.78874287131168,subjects,isotonic,8066,0.6377245508982036,"Mapped source is the grouped five-fold OOF isotonic prediction on the target algorithm scale. Positive/negative agreement are symmetric: 2a/(2a+b+c) and 2d/(2d+b+c). Cohen kappa uses the observed agreement minus agreement expected from the mapped/target marginals, divided by one minus expected agreement; every cell and marginal is WTMEC4YR-weighted in the weighted sensitivity. Attainment difference is mapped minus observed target percentage points. WTMEC4YR changes evaluation weights only; the D7 headline crosswalk fit remains unweighted.",89.64790478551946,0.9672884563395512,adept,acti,False,7000.0,whole_cohort_subject_grouped_5fold_oof,1296
WTMEC4YR_weighted_sensitivity,4.345608408076195,4.743025722059402,0.569047422586422,6.51110607642439,94.20681160409676,8646,0.6012648919092056,89.46378588203736,0.9645500904034684,False,6676027.8267795,152052808.39428002,0.5417587161037853,-0.3974173139832064,-0.0272887064826367,-0.5534494577452111,1.0318067370764368,-0.0308507680669678,1.4292240510596486,0.0034421488848463,168784433.17543602,5.957656618679179,daily_steps,1360443.2173904998,8695153.736986,95.2386183411732,WTMEC4YR,isotonic,8066,0.5704141238422378,"Mapped source is the grouped five-fold OOF isotonic prediction on the target algorithm scale. Positive/negative agreement are symmetric: 2a/(2a+b+c) and 2d/(2d+b+c). Cohen kappa uses the observed agreement minus agreement expected from the mapped/target marginals, divided by one minus expected agreement; every cell and marginal is WTMEC4YR-weighted in the weighted sensitivity. Attainment difference is mapped minus observed target percentage points. WTMEC4YR changes evaluation weights only; the D7 headline crosswalk fit remains unweighted.",90.893009933097,0.9679922392883148,adept,acti,False,7000.0,whole_cohort_subject_grouped_5fold_oof,1296
unweighted_primary,4.748326307959328,4.487624334952578,0.6397378714744761,9.275965764515384,87.1385611843627,8646,0.6929555895865237,82.65093684941013,0.9453678474114442,False,704.0,6645.0,0.6133052755115045,0.2607019730067499,-0.0264325959629716,-0.386801370763834,2.06302572364622,-0.030367354292406,1.8023237506394592,0.0034434612199544,8066.0,8.88916439375155,daily_steps,167.0,550.0,89.20158690800892,subjects,isotonic,8066,0.6625882352941177,"Mapped source is the grouped five-fold OOF isotonic prediction on the target algorithm scale. Positive/negative agreement are symmetric: 2a/(2a+b+c) and 2d/(2d+b+c). Cohen kappa uses the observed agreement minus agreement expected from the mapped/target marginals, divided by one minus expected agreement; every cell and marginal is WTMEC4YR-weighted in the weighted sensitivity. Attainment difference is mapped minus observed target percentage points. WTMEC4YR changes evaluation weights only; the D7 headline crosswalk fit remains unweighted.",84.45326060004959,0.9488113086313986,adept,acti,False,8000.0,whole_cohort_subject_grouped_5fold_oof,1296
WTMEC4YR_weighted_sensitivity,5.296179283403813,5.094727143929346,0.6123917721657955,8.827019390893177,89.5316418541738,8646,0.6609093378653089,84.43691471024445,0.9492608344564576,False,11876049.8617065,142526762.9884035,0.5777889275153758,0.2014521394744672,-0.0346028446504197,-0.3063163528484214,1.8198728216654272,-0.0380459064178849,1.6184206821909584,0.0027099996191962,168784433.17543602,8.520703038044756,daily_steps,2721247.070939,11660373.254387,91.35151467583924,WTMEC4YR,isotonic,8066,0.622863431447424,"Mapped source is the grouped five-fold OOF isotonic prediction on the target algorithm scale. Positive/negative agreement are symmetric: 2a/(2a+b+c) and 2d/(2d+b+c). Cohen kappa uses the observed agreement minus agreement expected from the mapped/target marginals, divided by one minus expected agreement; every cell and marginal is WTMEC4YR-weighted in the weighted sensitivity. Attainment difference is mapped minus observed target percentage points. WTMEC4YR changes evaluation weights only; the D7 headline crosswalk fit remains unweighted.",86.05533539243541,0.9519708340756536,adept,acti,False,8000.0,whole_cohort_subject_grouped_5fold_oof,1296
unweighted_primary,7.847756012893625,7.575757575757569,0.6042281089919102,16.7823270876706,73.6409900532038,8646,0.7216573949741032,66.06523247744622,0.8798741617683583,False,1573.0,5140.0,0.5861280336919672,0.2719984371360562,-0.0181000752999429,-0.0082135245662087,2.394219468244259,-0.0223908913066215,2.122221031108211,0.0038187807228305,8066.0,16.77411356310439,daily_steps,360.0,993.0,76.03520952144805,subjects,isotonic,8066,0.6992665036674817,"Mapped source is the grouped five-fold OOF isotonic prediction on the target algorithm scale. Positive/negative agreement are symmetric: 2a/(2a+b+c) and 2d/(2d+b+c). Cohen kappa uses the observed agreement minus agreement expected from the mapped/target marginals, divided by one minus expected agreement; every cell and marginal is WTMEC4YR-weighted in the weighted sensitivity. Attainment difference is mapped minus observed target percentage points. WTMEC4YR changes evaluation weights only; the D7 headline crosswalk fit remains unweighted.",68.18745350855443,0.8836929424911889,adept,acti,False,10000.0,whole_cohort_subject_grouped_5fold_oof,1296
WTMEC4YR_weighted_sensitivity,9.179275749651172,9.00023610989783,0.5866729235020961,16.7644694121238,76.68705912977356,8646,0.6986223367730828,67.68682301987573,0.8838815638776912,False,29054198.683367,111605205.65898,0.5667460578527768,0.1790396397533413,-0.0199268656493193,-0.1011857763304462,2.357146450892742,-0.0247723005692183,2.1781068111394006,0.0042160764065986,168784433.17543602,16.663283635793352,daily_steps,6315920.144715,21809108.688374,79.0442055806663,WTMEC4YR,isotonic,8066,0.6738500362038645,"Mapped source is the grouped five-fold OOF isotonic prediction on the target algorithm scale. Positive/negative agreement are symmetric: 2a/(2a+b+c) and 2d/(2d+b+c). Cohen kappa uses the observed agreement minus agreement expected from the mapped/target marginals, divided by one minus expected agreement; every cell and marginal is WTMEC4YR-weighted in the weighted sensitivity. Attainment difference is mapped minus observed target percentage points. WTMEC4YR changes evaluation weights only; the D7 headline crosswalk fit remains unweighted.",69.86492983101513,0.8880976402842898,adept,acti,False,10000.0,whole_cohort_subject_grouped_5fold_oof,1296
unweighted_primary,5.343416811306723,4.892435808466344,0.7188892900388235,8.547305112190609,83.84223918575063,8646,0.7702828722412185,78.94980337728428,0.9474955595026644,False,1024.0,6361.0,0.7011661977292761,0.4509810028403782,-0.0177230923095473,-0.1044585959495965,1.9127818903713631,-0.0198248290019367,1.461800887530984,0.0016949202406767,8066.0,8.442846516241012,daily_steps,125.0,556.0,85.75502107612199,subjects,isotonic,8066,0.7504580432392818,"Mapped source is the grouped five-fold OOF isotonic prediction on the target algorithm scale. Positive/negative agreement are symmetric: 2a/(2a+b+c) and 2d/(2d+b+c). Cohen kappa uses the observed agreement minus agreement expected from the mapped/target marginals, divided by one minus expected agreement; every cell and marginal is WTMEC4YR-weighted in the weighted sensitivity. Attainment difference is mapped minus observed target percentage points. WTMEC4YR changes evaluation weights only; the D7 headline crosswalk fit remains unweighted.",80.41160426481527,0.949190479743341,adept,oak,False,7000.0,whole_cohort_subject_grouped_5fold_oof,1296
WTMEC4YR_weighted_sensitivity,5.559959171658524,5.038015506641136,0.6898495196151331,8.410920977218707,86.43660561339894,8646,0.7385054513610207,81.39859010675781,0.9498858332954024,False,17400654.565239996,137159170.0323795,0.6626573839938023,0.5219436650173881,-0.0271921356213308,0.016757043912138,1.820139576359395,-0.0286501185644521,1.298195911342006,0.0008161032976251,168784433.17543602,8.427678021130845,daily_steps,2420131.5025734995,11804477.075243,88.25674518975833,WTMEC4YR,isotonic,8066,0.7098553327965686,"Mapped source is the grouped five-fold OOF isotonic prediction on the target algorithm scale. Positive/negative agreement are symmetric: 2a/(2a+b+c) and 2d/(2d+b+c). Cohen kappa uses the observed agreement minus agreement expected from the mapped/target marginals, divided by one minus expected agreement; every cell and marginal is WTMEC4YR-weighted in the weighted sensitivity. Attainment difference is mapped minus observed target percentage points. WTMEC4YR changes evaluation weights only; the D7 headline crosswalk fit remains unweighted.",82.69678601809981,0.9507019365930276,adept,oak,False,7000.0,whole_cohort_subject_grouped_5fold_oof,1296
unweighted_primary,4.500371931564596,4.37196391394864,0.7032671669685552,11.219060837381448,76.97201017811705,8646,0.7775229357798165,72.60004626416841,0.9249922672440458,False,1452.0,5727.0,0.6950095595366236,0.1284080176159552,-0.0082576074319316,-0.2222842442745793,1.7782997648534575,-0.0114981402113648,1.64989174723749,0.0031334924188664,8066.0,10.996776593106867,daily_steps,262.0,625.0,78.7503099429705,subjects,isotonic,8066,0.7660247955684516,"Mapped source is the grouped five-fold OOF isotonic prediction on the target algorithm scale. Positive/negative agreement are symmetric: 2a/(2a+b+c) and 2d/(2d+b+c). Cohen kappa uses the observed agreement minus agreement expected from the mapped/target marginals, divided by one minus expected agreement; every cell and marginal is WTMEC4YR-weighted in the weighted sensitivity. Attainment difference is mapped minus observed target percentage points. WTMEC4YR changes evaluation weights only; the D7 headline crosswalk fit remains unweighted.",74.2499380114059,0.9281257596629122,adept,oak,False,8000.0,whole_cohort_subject_grouped_5fold_oof,1296
WTMEC4YR_weighted_sensitivity,4.705536892381712,4.564265700851178,0.68386330119662,11.073629715404326,79.73771824755018,8646,0.7544041415475042,75.17345254669901,0.9285162609085684,False,26039444.785221003,124396646.4953005,0.6718870520568004,0.1412711915305342,-0.0119762491398195,-0.2027564069380929,1.7519794342432675,-0.0149332226024672,1.6107082427127324,0.0027997920804098,168784433.17543602,10.870873308466232,daily_steps,5203064.061623501,13145277.833291,81.48969768179344,WTMEC4YR,isotonic,8066,0.739470918945037,"Mapped source is the grouped five-fold OOF isotonic prediction on the target algorithm scale. Positive/negative agreement are symmetric: 2a/(2a+b+c) and 2d/(2d+b+c). Cohen kappa uses the observed agreement minus agreement expected from the mapped/target marginals, divided by one minus expected agreement; every cell and marginal is WTMEC4YR-weighted in the weighted sensitivity. Attainment difference is mapped minus observed target percentage points. WTMEC4YR changes evaluation weights only; the D7 headline crosswalk fit remains unweighted.",76.78416078941174,0.931316052988978,adept,oak,False,8000.0,whole_cohort_subject_grouped_5fold_oof,1296
unweighted_primary,6.273245722787002,4.591718713856119,0.6608416647275791,16.296553319454084,62.43349525792274,8646,0.7955897287102858,57.841776544066626,0.8645062025194731,False,2357.0,4399.0,0.6543894456453102,1.6815270089308827,-0.0064522190822688,-0.055541665598394,3.3611985184223983,-0.0130532081259564,1.67967150949152,0.0058934808996009,8066.0,16.24101165385569,daily_steps,402.0,908.0,65.79469377634514,subjects,isotonic,8066,0.7825365205843293,"Mapped source is the grouped five-fold OOF isotonic prediction on the target algorithm scale. Positive/negative agreement are symmetric: 2a/(2a+b+c) and 2d/(2d+b+c). Cohen kappa uses the observed agreement minus agreement expected from the mapped/target marginals, divided by one minus expected agreement; every cell and marginal is WTMEC4YR-weighted in the weighted sensitivity. Attainment difference is mapped minus observed target percentage points. WTMEC4YR changes evaluation weights only; the D7 headline crosswalk fit remains unweighted.",59.521448053558146,0.870399683419074,adept,oak,False,10000.0,whole_cohort_subject_grouped_5fold_oof,1296
WTMEC4YR_weighted_sensitivity,6.810979313533672,5.477334029426539,0.6427185062116002,16.732938450879686,65.61492120715133,8646,0.7746329460176501,60.1375871777248,0.8669375373438507,False,44765412.0413165,96742838.3510165,0.6447509067582038,1.3336452841071322,0.0020324005466035,-0.5725720770732252,3.188145504507247,-0.0081478995722399,1.854500220400098,0.009507683552925,168784433.17543602,16.16036637380646,daily_steps,7890154.9775295,19386027.8055735,68.80306671165857,WTMEC4YR,isotonic,8066,0.7664850464454102,"Mapped source is the grouped five-fold OOF isotonic prediction on the target algorithm scale. Positive/negative agreement are symmetric: 2a/(2a+b+c) and 2d/(2d+b+c). Cohen kappa uses the observed agreement minus agreement expected from the mapped/target marginals, divided by one minus expected agreement; every cell and marginal is WTMEC4YR-weighted in the weighted sensitivity. Attainment difference is mapped minus observed target percentage points. WTMEC4YR changes evaluation weights only; the D7 headline crosswalk fit remains unweighted.",61.992087398124895,0.8764452208967758,adept,oak,False,10000.0,whole_cohort_subject_grouped_5fold_oof,1296
unweighted_primary,6.273245722787002,5.944945639602128,0.6980359602765621,10.501966227157066,80.71940781864446,8646,0.764033264033264,74.77446217904233,0.932460577209164,False,1263.0,5953.0,0.6834693542693573,0.3283000831848737,-0.0145666060072048,0.0360947696195275,1.4898656750327035,-0.015810515218098,1.1615655918478325,0.0009041139165807,8066.0,10.538060996776592,daily_steps,172.0,678.0,82.20927349367716,subjects,isotonic,8066,0.7482227488151659,"Mapped source is the grouped five-fold OOF isotonic prediction on the target algorithm scale. Positive/negative agreement are symmetric: 2a/(2a+b+c) and 2d/(2d+b+c). Cohen kappa uses the observed agreement minus agreement expected from the mapped/target marginals, divided by one minus expected agreement; every cell and marginal is WTMEC4YR-weighted in the weighted sensitivity. Attainment difference is mapped minus observed target percentage points. WTMEC4YR changes evaluation weights only; the D7 headline crosswalk fit remains unweighted.",75.93602777089016,0.9333646911257448,adept,scrf,False,7000.0,whole_cohort_subject_grouped_5fold_oof,1296
WTMEC4YR_weighted_sensitivity,6.6135586649047955,6.290811044731881,0.6830439579092414,10.05878520180527,83.5282026210074,8646,0.7436233582232896,77.23739157627551,0.9374319782038584,False,22241881.065543,129000676.55483852,0.6560284133403469,0.3227476201729145,-0.0270155445688945,0.3342796235636207,1.4043592201700363,-0.0264398871531356,1.0816115999971316,-0.0010948583989607,168784433.17543602,10.39306482536889,daily_steps,3189609.0248850007,14352266.5301695,84.93256184117743,WTMEC4YR,isotonic,8066,0.717183471070154,"Mapped source is the grouped five-fold OOF isotonic prediction on the target algorithm scale. Positive/negative agreement are symmetric: 2a/(2a+b+c) and 2d/(2d+b+c). Cohen kappa uses the observed agreement minus agreement expected from the mapped/target marginals, divided by one minus expected agreement; every cell and marginal is WTMEC4YR-weighted in the weighted sensitivity. Attainment difference is mapped minus observed target percentage points. WTMEC4YR changes evaluation weights only; the D7 headline crosswalk fit remains unweighted.",78.31900317627264,0.9363371198048976,adept,scrf,False,7000.0,whole_cohort_subject_grouped_5fold_oof,1296
unweighted_primary,7.004711133151497,6.118436271108019,0.6837344048849472,12.965533194540829,74.49687716863289,8646,0.7730309779307553,68.37844089752487,0.9092528130818424,False,1618.0,5383.0,0.6644703431090903,0.8862748620434786,-0.0192640617758569,0.2380373484792564,2.344184076098074,-0.0206478112253378,1.4579092140545953,0.0007294369392885,8066.0,13.203570543020083,daily_steps,250.0,815.0,76.84106124473097,subjects,isotonic,8066,0.7523831667054174,"Mapped source is the grouped five-fold OOF isotonic prediction on the target algorithm scale. Positive/negative agreement are symmetric: 2a/(2a+b+c) and 2d/(2d+b+c). Cohen kappa uses the observed agreement minus agreement expected from the mapped/target marginals, divided by one minus expected agreement; every cell and marginal is WTMEC4YR-weighted in the weighted sensitivity. Attainment difference is mapped minus observed target percentage points. WTMEC4YR changes evaluation weights only; the D7 headline crosswalk fit remains unweighted.",69.83635011157946,0.909982250021131,adept,scrf,False,8000.0,whole_cohort_subject_grouped_5fold_oof,1296
WTMEC4YR_weighted_sensitivity,7.607241922212493,6.608535296884432,0.6741943986358363,12.545351121868492,77.50419539663744,8646,0.7568737211386894,70.89566009975302,0.915462511200534,False,29725221.946200497,117320714.386639,0.6502281637718512,0.9987066253280608,-0.023966234863985,0.3340930505696828,2.248350708943164,-0.0246256667337358,1.2496440836150953,-0.0002526787238935,168784433.17543602,12.879444172438175,daily_steps,4449328.341953,17289168.5006435,79.7525461055806,WTMEC4YR,isotonic,8066,0.7322480544049536,"Mapped source is the grouped five-fold OOF isotonic prediction on the target algorithm scale. Positive/negative agreement are symmetric: 2a/(2a+b+c) and 2d/(2d+b+c). Cohen kappa uses the observed agreement minus agreement expected from the mapped/target marginals, divided by one minus expected agreement; every cell and marginal is WTMEC4YR-weighted in the weighted sensitivity. Attainment difference is mapped minus observed target percentage points. WTMEC4YR changes evaluation weights only; the D7 headline crosswalk fit remains unweighted.",72.14530418336811,0.9152098324766405,adept,scrf,False,8000.0,whole_cohort_subject_grouped_5fold_oof,1296
unweighted_primary,6.496404661542277,5.7945870922970215,0.63082933389519,18.193384223918574,59.55355077492482,8646,0.790126751167445,53.7589636826278,0.8394406450954374,False,2608.0,4024.0,0.6347176173217205,0.7018175692452555,0.0038882834265304,-0.415055436415475,2.472236480220225,-0.0057658489118058,1.7704189109749675,0.0093254380093928,8066.0,17.7783287875031,daily_steps,455.0,979.0,62.02578725514505,subjects,isotonic,8066,0.7843609022556391,"Mapped source is the grouped five-fold OOF isotonic prediction on the target algorithm scale. Positive/negative agreement are symmetric: 2a/(2a+b+c) and 2d/(2d+b+c). Cohen kappa uses the observed agreement minus agreement expected from the mapped/target marginals, divided by one minus expected agreement; every cell and marginal is WTMEC4YR-weighted in the weighted sensitivity. Attainment difference is mapped minus observed target percentage points. WTMEC4YR changes evaluation weights only; the D7 headline crosswalk fit remains unweighted.",55.52938259360277,0.8487660831048303,adept,scrf,False,10000.0,whole_cohort_subject_grouped_5fold_oof,1296
WTMEC4YR_weighted_sensitivity,6.923094252536243,6.311081609206903,0.6263222809544184,18.088651250344416,62.621421702461774,8646,0.7768712920001675,56.31034009325487,0.8479073127545659,False,49902713.88713999,89396404.5661755,0.6322433596592703,0.61201264332934,0.0059210787048518,-0.6194367218498336,2.5395724450803385,-0.0049256302521222,1.927559801751002,0.010525660538767,168784433.17543602,17.469214528494582,daily_steps,8900104.664888002,20585210.0572325,65.16099414754211,WTMEC4YR,isotonic,8066,0.7719456617480452,"Mapped source is the grouped five-fold OOF isotonic prediction on the target algorithm scale. Positive/negative agreement are symmetric: 2a/(2a+b+c) and 2d/(2d+b+c). Cohen kappa uses the observed agreement minus agreement expected from the mapped/target marginals, divided by one minus expected agreement; every cell and marginal is WTMEC4YR-weighted in the weighted sensitivity. Attainment difference is mapped minus observed target percentage points. WTMEC4YR changes evaluation weights only; the D7 headline crosswalk fit remains unweighted.",58.237899895005874,0.8584329732933329,adept,scrf,False,10000.0,whole_cohort_subject_grouped_5fold_oof,1296
unweighted_primary,3.731713364740885,4.024982650936848,0.6767076532397956,14.8970622253065,66.15776081424937,8646,0.792258064516129,62.13277816331251,0.8838802740714028,False,2198.0,4645.0,0.666524911757569,-0.2932692861959629,-0.0101827414822266,0.2653478912320572,0.8767048440694936,-0.0099124514177129,1.1699741302654658,-0.0002124342540338,8066.0,15.162410116538558,daily_steps,461.0,762.0,67.03446565831887,subjects,isotonic,8066,0.7823456130984161,"Mapped source is the grouped five-fold OOF isotonic prediction on the target algorithm scale. Positive/negative agreement are symmetric: 2a/(2a+b+c) and 2d/(2d+b+c). Cohen kappa uses the observed agreement minus agreement expected from the mapped/target marginals, divided by one minus expected agreement; every cell and marginal is WTMEC4YR-weighted in the weighted sensitivity. Attainment difference is mapped minus observed target percentage points. WTMEC4YR changes evaluation weights only; the D7 headline crosswalk fit remains unweighted.",63.30275229357798,0.883667839817369,adept,scssl,False,7000.0,whole_cohort_subject_grouped_5fold_oof,1296
WTMEC4YR_weighted_sensitivity,4.2681887577005195,4.339727124914273,0.6799854702627546,14.225824565207262,68.96343797334143,8646,0.7857971113598242,64.62371084842717,0.893509033685663,False,42198280.955199,102030466.8810465,0.6679018065606873,-0.071538367213753,-0.0120836637020672,0.3227240640772315,0.895094850509679,-0.0111773670138282,0.9666332177234124,-0.0009189211895616,168784433.17543602,14.548548629284491,daily_steps,8675823.568824,15879861.7703665,69.8585328238511,WTMEC4YR,isotonic,8066,0.774619744345996,"Mapped source is the grouped five-fold OOF isotonic prediction on the target algorithm scale. Positive/negative agreement are symmetric: 2a/(2a+b+c) and 2d/(2d+b+c). Cohen kappa uses the observed agreement minus agreement expected from the mapped/target marginals, divided by one minus expected agreement; every cell and marginal is WTMEC4YR-weighted in the weighted sensitivity. Attainment difference is mapped minus observed target percentage points. WTMEC4YR changes evaluation weights only; the D7 headline crosswalk fit remains unweighted.",65.59034406615058,0.8925901124961014,adept,scssl,False,7000.0,whole_cohort_subject_grouped_5fold_oof,1296
unweighted_primary,3.694520208281671,2.5676613462872977,0.6723190011011376,16.28498727735369,55.378209576682856,8646,0.8226253464348703,52.81054823039556,0.8494761599315801,False,2885.0,3863.0,0.668778787162573,1.1268588619943731,-0.0035402139385646,0.0552061270599004,2.531535030309449,-0.0085734276989786,1.4046761683150777,0.004791863067093,8066.0,16.34019340441359,daily_steps,510.0,808.0,57.909744606992305,subjects,isotonic,8066,0.8140519187358917,"Mapped source is the grouped five-fold OOF isotonic prediction on the target algorithm scale. Positive/negative agreement are symmetric: 2a/(2a+b+c) and 2d/(2d+b+c). Cohen kappa uses the observed agreement minus agreement expected from the mapped/target marginals, divided by one minus expected agreement; every cell and marginal is WTMEC4YR-weighted in the weighted sensitivity. Attainment difference is mapped minus observed target percentage points. WTMEC4YR changes evaluation weights only; the D7 headline crosswalk fit remains unweighted.",54.21522439871064,0.8542680229986731,adept,scssl,False,8000.0,whole_cohort_subject_grouped_5fold_oof,1296
WTMEC4YR_weighted_sensitivity,4.344788026161261,3.1044910698607597,0.6752288331120153,15.940216006160798,58.50498799279943,8646,0.8148521309335457,55.40049692293867,0.8600575203384402,False,56151476.9322125,85731763.15316299,0.671774483733419,1.2402969563005013,-0.0034543493785963,-0.0020204131470968,2.430147247194128,-0.0081020712449947,1.1898502908936237,0.0043276728959242,168784433.17543602,15.9381955930137,daily_steps,9783933.623714998,17117259.4663455,60.93513523999355,WTMEC4YR,isotonic,8066,0.806750059688551,"Mapped source is the grouped five-fold OOF isotonic prediction on the target algorithm scale. Positive/negative agreement are symmetric: 2a/(2a+b+c) and 2d/(2d+b+c). Cohen kappa uses the observed agreement minus agreement expected from the mapped/target marginals, divided by one minus expected agreement; every cell and marginal is WTMEC4YR-weighted in the weighted sensitivity. Attainment difference is mapped minus observed target percentage points. WTMEC4YR changes evaluation weights only; the D7 headline crosswalk fit remains unweighted.",56.590347213832295,0.8643851932343645,adept,scssl,False,8000.0,whole_cohort_subject_grouped_5fold_oof,1296
unweighted_primary,1.1405901314158196,-1.2838306731436544,0.6302907071949511,16.689798750867453,33.76127689104788,8646,0.8727849775191748,35.04510756419153,0.7574382249117498,False,4399.0,2301.0,0.6367673769635318,2.4244208045594737,0.0064766697685807,0.245485156893519,3.8038111327557473,-0.0071808846423546,1.3793903281962727,0.0136743756244431,8066.0,16.935283907760972,daily_steps,637.0,729.0,37.565088023803625,subjects,isotonic,8066,0.8656040928768202,"Mapped source is the grouped five-fold OOF isotonic prediction on the target algorithm scale. Positive/negative agreement are symmetric: 2a/(2a+b+c) and 2d/(2d+b+c). Cohen kappa uses the observed agreement minus agreement expected from the mapped/target marginals, divided by one minus expected agreement; every cell and marginal is WTMEC4YR-weighted in the weighted sensitivity. Attainment difference is mapped minus observed target percentage points. WTMEC4YR changes evaluation weights only; the D7 headline crosswalk fit remains unweighted.",36.424497892387805,0.771112600536193,adept,scssl,False,10000.0,whole_cohort_subject_grouped_5fold_oof,1296
WTMEC4YR_weighted_sensitivity,2.3672016252301975,0.1839253321276601,0.6321227845511755,17.033030577554122,36.49175767982719,8646,0.8660929584956515,36.30783234769952,0.7660284821506047,False,88021709.24573949,51422173.510772005,0.6353913515360332,2.183276293102537,0.0032685669848576,0.3504151981754901,3.8497485609130138,-0.0089500206830318,1.6664722678104835,0.0120055369616128,168784433.17543602,17.383445775729612,daily_steps,12672541.28683,16668009.1320945,40.3415062407402,WTMEC4YR,isotonic,8066,0.8571429378126196,"Mapped source is the grouped five-fold OOF isotonic prediction on the target algorithm scale. Positive/negative agreement are symmetric: 2a/(2a+b+c) and 2d/(2d+b+c). Cohen kappa uses the observed agreement minus agreement expected from the mapped/target marginals, divided by one minus expected agreement; every cell and marginal is WTMEC4YR-weighted in the weighted sensitivity. Attainment difference is mapped minus observed target percentage points. WTMEC4YR changes evaluation weights only; the D7 headline crosswalk fit remains unweighted.",37.97430461551001,0.7780340191122176,adept,scssl,False,10000.0,whole_cohort_subject_grouped_5fold_oof,1296
unweighted_primary,6.149268534589636,5.968077723802912,0.6672148664879017,13.60166551006246,74.55470737913485,8646,0.7607811228641171,68.58662965533195,0.9049773755656108,False,1623.0,5333.0,0.6525857455410582,0.1811908107867239,-0.0146291209468435,0.1598023798457983,1.5176952987724093,-0.0156020595032355,1.3365044879856924,0.0007631135648239,8066.0,13.761467889908255,daily_steps,307.0,803.0,76.07240267790726,subjects,isotonic,8066,0.7451790633608816,"Mapped source is the grouped five-fold OOF isotonic prediction on the target algorithm scale. Positive/negative agreement are symmetric: 2a/(2a+b+c) and 2d/(2d+b+c). Cohen kappa uses the observed agreement minus agreement expected from the mapped/target marginals, divided by one minus expected agreement; every cell and marginal is WTMEC4YR-weighted in the weighted sensitivity. Attainment difference is mapped minus observed target percentage points. WTMEC4YR changes evaluation weights only; the D7 headline crosswalk fit remains unweighted.",69.92313414331764,0.9057404891304348,adept,vs,False,7000.0,whole_cohort_subject_grouped_5fold_oof,1296
WTMEC4YR_weighted_sensitivity,7.413570248492906,6.821102626266418,0.653321211663298,13.376214497122882,77.54429554887878,8646,0.741435045353414,70.72319292261237,0.909783226012526,False,29832261.766247503,115573270.507634,0.6293664228563501,0.5924676222264882,-0.0239547888069479,0.4751226562591881,1.562050165255286,-0.0229612596308765,0.9695825430287924,-0.0016361296966874,168784433.17543602,13.85133715338207,daily_steps,5432974.1897865,17945926.711768,79.10634571413406,WTMEC4YR,isotonic,8066,0.7184737857225374,"Mapped source is the grouped five-fold OOF isotonic prediction on the target algorithm scale. Positive/negative agreement are symmetric: 2a/(2a+b+c) and 2d/(2d+b+c). Cohen kappa uses the observed agreement minus agreement expected from the mapped/target marginals, divided by one minus expected agreement; every cell and marginal is WTMEC4YR-weighted in the weighted sensitivity. Attainment difference is mapped minus observed target percentage points. WTMEC4YR changes evaluation weights only; the D7 headline crosswalk fit remains unweighted.",71.69277546564116,0.9081470963158388,adept,vs,False,7000.0,whole_cohort_subject_grouped_5fold_oof,1296
unweighted_primary,7.004711133151509,7.379134860050895,0.6391466369974934,17.025213971778857,66.12306268794819,8646,0.7733990147783252,58.74392782789729,0.8636532048907003,False,2230.0,4479.0,0.6370929939169366,-0.3744237268993862,-0.0020536430805567,-0.2015095333955194,1.3205276914220008,-0.0066807751358978,1.694951418321402,0.0047908086817669,8066.0,16.823704438383338,daily_steps,396.0,961.0,67.44359037937019,subjects,isotonic,8066,0.7667182396424274,"Mapped source is the grouped five-fold OOF isotonic prediction on the target algorithm scale. Positive/negative agreement are symmetric: 2a/(2a+b+c) and 2d/(2d+b+c). Cohen kappa uses the observed agreement minus agreement expected from the mapped/target marginals, divided by one minus expected agreement; every cell and marginal is WTMEC4YR-weighted in the weighted sensitivity. Attainment difference is mapped minus observed target percentage points. WTMEC4YR changes evaluation weights only; the D7 headline crosswalk fit remains unweighted.",60.43887924621869,0.8684440135724673,adept,vs,False,8000.0,whole_cohort_subject_grouped_5fold_oof,1296
WTMEC4YR_weighted_sensitivity,8.305010968428006,8.63870749494583,0.6265864496112484,17.21451253938143,68.93568083420291,8646,0.7567449741357201,60.29697333925708,0.8667944054118428,False,43143408.4612945,97263715.5984855,0.6280703900620196,-0.3336965265178246,0.0014839404507711,-0.4017599757843051,1.249199827921558,-0.00422699049183,1.5828963544393844,0.0058987052153407,168784433.17543602,16.812752563597126,daily_steps,7179871.7137185,21197437.4019375,70.18488066212447,WTMEC4YR,isotonic,8066,0.75251798364389,"Mapped source is the grouped five-fold OOF isotonic prediction on the target algorithm scale. Positive/negative agreement are symmetric: 2a/(2a+b+c) and 2d/(2d+b+c). Cohen kappa uses the observed agreement minus agreement expected from the mapped/target marginals, divided by one minus expected agreement; every cell and marginal is WTMEC4YR-weighted in the weighted sensitivity. Attainment difference is mapped minus observed target percentage points. WTMEC4YR changes evaluation weights only; the D7 headline crosswalk fit remains unweighted.",61.87986969369646,0.8726931106271836,adept,vs,False,8000.0,whole_cohort_subject_grouped_5fold_oof,1296
unweighted_primary,4.215224398710637,2.960906777700667,0.5798524333944786,20.30996992829054,42.25075179273652,8646,0.8285491115016599,39.28984501503586,0.7509219858156029,False,3761.0,2667.0,0.586986879469427,1.25431762100997,0.0071344460749483,-0.0025065015610543,3.0753082122225663,-0.0073700722003497,1.820990591212592,0.0141382551482525,8066.0,20.307463426729484,daily_steps,649.0,989.0,45.32606000495909,subjects,isotonic,8066,0.8211790393013101,"Mapped source is the grouped five-fold OOF isotonic prediction on the target algorithm scale. Positive/negative agreement are symmetric: 2a/(2a+b+c) and 2d/(2d+b+c). Cohen kappa uses the observed agreement minus agreement expected from the mapped/target marginals, divided by one minus expected agreement; every cell and marginal is WTMEC4YR-weighted in the weighted sensitivity. Attainment difference is mapped minus observed target percentage points. WTMEC4YR changes evaluation weights only; the D7 headline crosswalk fit remains unweighted.",41.11083560624845,0.7650602409638554,adept,vs,False,10000.0,whole_cohort_subject_grouped_5fold_oof,1296
WTMEC4YR_weighted_sensitivity,7.1122587615894295,5.576378887728916,0.5713419919735595,21.006098655598013,45.201524815668165,8646,0.817613167985833,39.62514592793925,0.752364457175386,False,75145706.97858551,58134918.8968865,0.5771438296082025,1.5358798738605133,0.005801837634643,0.0289023998968538,3.3153993014462557,-0.0087042362045779,1.7795194275857469,0.0137095059422786,168784433.17543602,21.035001055494867,daily_steps,11749710.8316225,23754096.4683415,48.51692411711442,WTMEC4YR,isotonic,8066,0.808908931781255,"Mapped source is the grouped five-fold OOF isotonic prediction on the target algorithm scale. Positive/negative agreement are symmetric: 2a/(2a+b+c) and 2d/(2d+b+c). Cohen kappa uses the observed agreement minus agreement expected from the mapped/target marginals, divided by one minus expected agreement; every cell and marginal is WTMEC4YR-weighted in the weighted sensitivity. Attainment difference is mapped minus observed target percentage points. WTMEC4YR changes evaluation weights only; the D7 headline crosswalk fit remains unweighted.",41.404665355525,0.7660739631176646,adept,vs,False,10000.0,whole_cohort_subject_grouped_5fold_oof,1296
unweighted_primary,6.198859409868584,7.113115891741851,0.642088803741639,16.689798750867453,67.01364792967847,8646,0.7716410824497547,59.900532037936614,0.8684953977945867,False,2181.0,4539.0,0.6365924313682542,-0.9142564818732666,-0.0054963723733848,-0.0024692195012221,0.7026922637259361,-0.007450472779117,1.6169487455992169,0.0023795062729496,8066.0,16.68732953136623,daily_steps,423.0,923.0,67.7163401934044,subjects,isotonic,8066,0.7641906096706377,"Mapped source is the grouped five-fold OOF isotonic prediction on the target algorithm scale. Positive/negative agreement are symmetric: 2a/(2a+b+c) and 2d/(2d+b+c). Cohen kappa uses the observed agreement minus agreement expected from the mapped/target marginals, divided by one minus expected agreement; every cell and marginal is WTMEC4YR-weighted in the weighted sensitivity. Attainment difference is mapped minus observed target percentage points. WTMEC4YR changes evaluation weights only; the D7 headline crosswalk fit remains unweighted.",61.51748078353583,0.8708749040675364,adept,vsrev,False,7000.0,whole_cohort_subject_grouped_5fold_oof,1296
WTMEC4YR_weighted_sensitivity,6.439578536437751,7.435401795154217,0.6368147354919846,16.371856739361455,69.83895865624,8646,0.7583756707563754,62.40355686108578,0.876198235678476,False,41367862.6883275,99573856.60349602,0.6273022910635049,-0.9958232587164656,-0.0095124444284797,0.1241632784754642,0.6235326847075555,-0.0101671960290313,1.6193559434240186,0.0011414643235028,168784433.17543602,16.49602001783692,daily_steps,8486853.8759995,19355860.007613003,70.46249134094755,WTMEC4YR,isotonic,8066,0.748208474727344,"Mapped source is the grouped five-fold OOF isotonic prediction on the target algorithm scale. Positive/negative agreement are symmetric: 2a/(2a+b+c) and 2d/(2d+b+c). Cohen kappa uses the observed agreement minus agreement expected from the mapped/target marginals, divided by one minus expected agreement; every cell and marginal is WTMEC4YR-weighted in the weighted sensitivity. Attainment difference is mapped minus observed target percentage points. WTMEC4YR changes evaluation weights only; the D7 headline crosswalk fit remains unweighted.",64.0229128045098,0.8773397000019788,adept,vsrev,False,7000.0,whole_cohort_subject_grouped_5fold_oof,1296
unweighted_primary,6.607984130919908,7.240342354846174,0.604880171555695,19.66227157066852,58.616701364792966,8646,0.7815471601130815,51.3763590099468,0.8212407991587802,False,2763.0,3752.0,0.6112760455296468,-0.632358223926266,0.0063958739739518,-0.4334096812561689,0.8179626570270173,-0.0007078214102412,1.450320880953278,0.007472618842324,8066.0,19.22886188941235,daily_steps,509.0,1042.0,59.434664021819984,subjects,isotonic,8066,0.7808393387028402,"Mapped source is the grouped five-fold OOF isotonic prediction on the target algorithm scale. Positive/negative agreement are symmetric: 2a/(2a+b+c) and 2d/(2d+b+c). Cohen kappa uses the observed agreement minus agreement expected from the mapped/target marginals, divided by one minus expected agreement; every cell and marginal is WTMEC4YR-weighted in the weighted sensitivity. Attainment difference is mapped minus observed target percentage points. WTMEC4YR changes evaluation weights only; the D7 headline crosswalk fit remains unweighted.",52.826679890900074,0.8287134180011043,adept,vsrev,False,8000.0,whole_cohort_subject_grouped_5fold_oof,1296
WTMEC4YR_weighted_sensitivity,7.811615799501547,8.540388402876575,0.5906031088715537,20.145308353083543,61.87745708477572,8646,0.762396701377824,53.33706868189915,0.8251495788484123,False,53114554.086009,82334867.82137051,0.5953401072749606,-0.7287726033750275,0.0047369984034069,-0.3952575688339124,0.6844552867036882,-0.0012475707975229,1.4132278900787156,0.006495814566958,168784433.17543602,19.75005078424963,daily_steps,10075109.9095125,23259901.358544,62.56191237147941,WTMEC4YR,isotonic,8066,0.7611491305803011,"Mapped source is the grouped five-fold OOF isotonic prediction on the target algorithm scale. Positive/negative agreement are symmetric: 2a/(2a+b+c) and 2d/(2d+b+c). Cohen kappa uses the observed agreement minus agreement expected from the mapped/target marginals, divided by one minus expected agreement; every cell and marginal is WTMEC4YR-weighted in the weighted sensitivity. Attainment difference is mapped minus observed target percentage points. WTMEC4YR changes evaluation weights only; the D7 headline crosswalk fit remains unweighted.",54.75029657197786,0.8316453934153704,adept,vsrev,False,8000.0,whole_cohort_subject_grouped_5fold_oof,1296
unweighted_primary,1.9588395735184727,3.4235484617164023,0.5484894236781503,20.911404117510987,38.02914642609299,8646,0.8358154740283328,34.605597964376585,0.7121019108280254,False,4235.0,2161.0,0.5567828846099303,-1.4647088881979295,0.0082934609317799,-0.2072136885499134,0.0938389445988008,-0.0005097541072281,1.5585478327967337,0.0091931492520813,8066.0,20.704190428961073,daily_steps,756.0,914.0,38.122985370691794,subjects,isotonic,8066,0.8353057199211046,"Mapped source is the grouped five-fold OOF isotonic prediction on the target algorithm scale. Positive/negative agreement are symmetric: 2a/(2a+b+c) and 2d/(2d+b+c). Cohen kappa uses the observed agreement minus agreement expected from the mapped/target marginals, divided by one minus expected agreement; every cell and marginal is WTMEC4YR-weighted in the weighted sensitivity. Attainment difference is mapped minus observed target percentage points. WTMEC4YR changes evaluation weights only; the D7 headline crosswalk fit remains unweighted.",36.16414579717332,0.7212950600801068,adept,vsrev,False,10000.0,whole_cohort_subject_grouped_5fold_oof,1296
WTMEC4YR_weighted_sensitivity,3.7966818952686054,5.484511621576843,0.5298790629236664,22.224259975062463,40.74870775616251,8646,0.8207534439271047,35.26419613458567,0.7076251683923963,False,84565784.1301585,47309942.253617,0.5409485829350669,-1.6878297263082374,0.0110695200114004,-0.3568957298673716,0.1131172119983006,0.000113098876968,1.800946938306538,0.0117612674602721,168784433.17543602,21.867364245195095,daily_steps,15250249.3876285,21658457.404032,40.86182496816081,WTMEC4YR,isotonic,8066,0.8208665428040728,"Mapped source is the grouped five-fold OOF isotonic prediction on the target algorithm scale. Positive/negative agreement are symmetric: 2a/(2a+b+c) and 2d/(2d+b+c). Cohen kappa uses the observed agreement minus agreement expected from the mapped/target marginals, divided by one minus expected agreement; every cell and marginal is WTMEC4YR-weighted in the weighted sensitivity. Attainment difference is mapped minus observed target percentage points. WTMEC4YR changes evaluation weights only; the D7 headline crosswalk fit remains unweighted.",37.065143072892205,0.7193864358526685,adept,vsrev,False,10000.0,whole_cohort_subject_grouped_5fold_oof,1296
unweighted_primary,0.297545251673692,0.7286606523247752,0.7930281795538372,4.2216053666435345,88.83876937312051,8646,0.81685900652283,88.11010872079575,0.9761422315183998,False,665.0,7085.0,0.7862104401965196,-0.4311154006510831,-0.0068177393573175,-0.303926219606589,1.1066806640726412,-0.0088395654535711,1.5377960647237074,0.0020436030805232,8066.0,3.9176791470369454,daily_steps,146.0,170.0,89.94545003719315,subjects,isotonic,8066,0.8080194410692588,"Mapped source is the grouped five-fold OOF isotonic prediction on the target algorithm scale. Positive/negative agreement are symmetric: 2a/(2a+b+c) and 2d/(2d+b+c). Cohen kappa uses the observed agreement minus agreement expected from the mapped/target marginals, divided by one minus expected agreement; every cell and marginal is WTMEC4YR-weighted in the weighted sensitivity. Attainment difference is mapped minus observed target percentage points. WTMEC4YR changes evaluation weights only; the D7 headline crosswalk fit remains unweighted.",89.64790478551946,0.978185834598923,oak,acti,False,7000.0,whole_cohort_subject_grouped_5fold_oof,1296
WTMEC4YR_weighted_sensitivity,0.8552192639484257,1.4292605228762634,0.759465753639768,4.2632557905706,90.89304640491362,8646,0.7829649548968362,89.46378588203736,0.9763621054078636,False,11403660.911192,150889207.94615948,0.7574343906001435,-0.5740412589278376,-0.0020313630396244,-0.4171876455674939,0.8551827921317852,-0.0045284739658479,1.42922405105962,0.0025798456908006,168784433.17543602,3.8460681450031062,daily_steps,2524043.665511,3967520.6525735,91.7482291970454,WTMEC4YR,isotonic,8066,0.7784364809309882,"Mapped source is the grouped five-fold OOF isotonic prediction on the target algorithm scale. Positive/negative agreement are symmetric: 2a/(2a+b+c) and 2d/(2d+b+c). Cohen kappa uses the observed agreement minus agreement expected from the mapped/target marginals, divided by one minus expected agreement; every cell and marginal is WTMEC4YR-weighted in the weighted sensitivity. Attainment difference is mapped minus observed target percentage points. WTMEC4YR changes evaluation weights only; the D7 headline crosswalk fit remains unweighted.",90.89300993309698,0.978941951098664,oak,acti,False,7000.0,whole_cohort_subject_grouped_5fold_oof,1296
unweighted_primary,1.152987850235554,1.1219060837381445,0.8158253830072065,5.146888734674994,83.77284293314827,8646,0.8467102996899759,82.65093684941013,0.969073597887275,False,1006.0,6657.0,0.8037979183710471,0.0310817664974094,-0.0120274646361594,-0.1506080503209155,1.8334055171368815,-0.0135840056941166,1.8023237506394592,0.001546800158945,8066.0,4.996280684354079,daily_steps,155.0,248.0,85.60624845028515,subjects,isotonic,8066,0.8331262939958592,"Mapped source is the grouped five-fold OOF isotonic prediction on the target algorithm scale. Positive/negative agreement are symmetric: 2a/(2a+b+c) and 2d/(2d+b+c). Cohen kappa uses the observed agreement minus agreement expected from the mapped/target marginals, divided by one minus expected agreement; every cell and marginal is WTMEC4YR-weighted in the weighted sensitivity. Attainment difference is mapped minus observed target percentage points. WTMEC4YR changes evaluation weights only; the D7 headline crosswalk fit remains unweighted.",84.45326060004959,0.97062039804622,oak,acti,False,8000.0,whole_cohort_subject_grouped_5fold_oof,1296
WTMEC4YR_weighted_sensitivity,1.730489463284568,1.6960348376398038,0.8014264845907569,4.986946267065877,86.13294954788422,8646,0.8305496681766652,84.43691471024441,0.9707630284590072,False,18008063.776891,142640447.5519055,0.7881407703216174,0.0344546256447642,-0.0132857142691394,-0.1666428222671783,1.6528753078357568,-0.0148202050401664,1.618420682191001,0.0015087658737168,168784433.17543602,4.820303444798698,daily_steps,2607562.507437,5528359.3392025,87.78582485571998,WTMEC4YR,isotonic,8066,0.8157294631364987,"Mapped source is the grouped five-fold OOF isotonic prediction on the target algorithm scale. Positive/negative agreement are symmetric: 2a/(2a+b+c) and 2d/(2d+b+c). Cohen kappa uses the observed agreement minus agreement expected from the mapped/target marginals, divided by one minus expected agreement; every cell and marginal is WTMEC4YR-weighted in the weighted sensitivity. Attainment difference is mapped minus observed target percentage points. WTMEC4YR changes evaluation weights only; the D7 headline crosswalk fit remains unweighted.",86.05533539243541,0.972271794332724,oak,acti,False,8000.0,whole_cohort_subject_grouped_5fold_oof,1296
unweighted_primary,0.7934540044631788,0.1850566736062875,0.8207444154145742,8.026833217672912,66.25028915105251,8646,0.881408065618592,66.06523247744622,0.9393356643356644,False,2215.0,5213.0,0.8164609855460175,0.6083973308568913,-0.0042834298685566,-0.1170886106805983,2.730618361965099,-0.0072959898490576,2.122221031108211,0.0029998381950659,8066.0,7.909744606992314,daily_steps,287.0,351.0,68.98090751301761,subjects,isotonic,8066,0.8741120757695343,"Mapped source is the grouped five-fold OOF isotonic prediction on the target algorithm scale. Positive/negative agreement are symmetric: 2a/(2a+b+c) and 2d/(2d+b+c). Cohen kappa uses the observed agreement minus agreement expected from the mapped/target marginals, divided by one minus expected agreement; every cell and marginal is WTMEC4YR-weighted in the weighted sensitivity. Attainment difference is mapped minus observed target percentage points. WTMEC4YR changes evaluation weights only; the D7 headline crosswalk fit remains unweighted.",68.18745350855443,0.9423355025307304,oak,acti,False,10000.0,whole_cohort_subject_grouped_5fold_oof,1296
WTMEC4YR_weighted_sensitivity,1.964348621820955,1.3654850284050002,0.8103096831303043,8.206098709539896,69.05230804828072,8646,0.8702815998562865,67.68682301987572,0.9399871957249044,False,42619867.15702,112993200.275904,0.8111739861700226,0.5988635934159547,0.0008643030397182,-0.4024372611991209,2.776970404555371,-0.0041218448585581,2.178106811139415,0.0049388422348971,168784433.17543602,7.803661448340775,daily_steps,4927925.527790999,8243440.214721001,71.82927845283609,WTMEC4YR,isotonic,8066,0.8661597549977283,"Mapped source is the grouped five-fold OOF isotonic prediction on the target algorithm scale. Positive/negative agreement are symmetric: 2a/(2a+b+c) and 2d/(2d+b+c). Cohen kappa uses the observed agreement minus agreement expected from the mapped/target marginals, divided by one minus expected agreement; every cell and marginal is WTMEC4YR-weighted in the weighted sensitivity. Attainment difference is mapped minus observed target percentage points. WTMEC4YR changes evaluation weights only; the D7 headline crosswalk fit remains unweighted.",69.86492983101513,0.9449260379598016,oak,acti,False,10000.0,whole_cohort_subject_grouped_5fold_oof,1296
unweighted_primary,-1.1901810066947682,-1.2028683784408976,0.1075557390586304,1.4804533888503355,0.2313208420078649,8646,0.9925355726615348,1.4341892204487623,0.1111111111111111,True,7927.0,11.0,0.1419562554331663,0.0126873717461293,0.0344005163745359,0.1064546200760221,0.1034175661250386,-0.0005445827979383,0.0907301943789093,0.0355555555555555,8066.0,1.5869080089263576,daily_steps,112.0,16.0,0.3347384081329035,subjects,isotonic,8066,0.9919909898635966,"Mapped source is the grouped five-fold OOF isotonic prediction on the target algorithm scale. Positive/negative agreement are symmetric: 2a/(2a+b+c) and 2d/(2d+b+c). Cohen kappa uses the observed agreement minus agreement expected from the mapped/target marginals, divided by one minus expected agreement; every cell and marginal is WTMEC4YR-weighted in the weighted sensitivity. Attainment difference is mapped minus observed target percentage points. WTMEC4YR changes evaluation weights only; the D7 headline crosswalk fit remains unweighted.",1.524919414827672,0.1466666666666666,oak,adept,True,7000.0,whole_cohort_subject_grouped_5fold_oof,1296
WTMEC4YR_weighted_sensitivity,-1.0722375196019462,-1.0948945485263362,0.0850696378773392,1.295191598598296,0.1624034623360762,8646,0.993477743722782,1.2572980108624123,0.0877014477696358,True,166150965.35104948,179205.254777,0.1231456995352956,0.0226570289243899,0.0380760616579563,0.1588895174359756,0.1346923777662434,-0.0008092363700814,0.1120353488418535,0.0397255583083661,168784433.17543602,1.4540811160342717,daily_steps,2132016.294682,322246.27492749994,0.2970958401023196,WTMEC4YR,isotonic,8066,0.9926685073527004,"Mapped source is the grouped five-fold OOF isotonic prediction on the target algorithm scale. Positive/negative agreement are symmetric: 2a/(2a+b+c) and 2d/(2d+b+c). Cohen kappa uses the observed agreement minus agreement expected from the mapped/target marginals, divided by one minus expected agreement; every cell and marginal is WTMEC4YR-weighted in the weighted sensitivity. Attainment difference is mapped minus observed target percentage points. WTMEC4YR changes evaluation weights only; the D7 headline crosswalk fit remains unweighted.",1.3693333597042658,0.127427006078002,oak,adept,True,7000.0,whole_cohort_subject_grouped_5fold_oof,1296
unweighted_primary,-0.7438631291842301,-0.7864908628267407,0.0,0.7864908628267407,0.0,8646,0.9960520204366,0.7864908628267407,0.0,True,7990.0,2.0,0.0494054842603723,0.0426277336425106,0.0494054842603723,0.1309403298338097,0.1115794693776345,-0.0006614635660382,0.0689517357351239,0.0512820512820512,8066.0,0.9174311926605504,daily_steps,67.0,7.0,0.1115794693776345,subjects,isotonic,8066,0.995390556870562,"Mapped source is the grouped five-fold OOF isotonic prediction on the target algorithm scale. Positive/negative agreement are symmetric: 2a/(2a+b+c) and 2d/(2d+b+c). Cohen kappa uses the observed agreement minus agreement expected from the mapped/target marginals, divided by one minus expected agreement; every cell and marginal is WTMEC4YR-weighted in the weighted sensitivity. Attainment difference is mapped minus observed target percentage points. WTMEC4YR changes evaluation weights only; the D7 headline crosswalk fit remains unweighted.",0.8554425985618647,0.0512820512820512,oak,adept,True,8000.0,whole_cohort_subject_grouped_5fold_oof,1296
WTMEC4YR_weighted_sensitivity,-0.6016587644539906,-0.636989421559268,-1.742922232377863e-14,0.636989421559268,0.0,8646,0.99680487659315,0.636989421559268,0.0,True,167505877.764252,27292.673503,0.040333395863821,0.0353306571052773,0.0403333958638384,0.104348339358782,0.0860096348906822,-0.000525960000218,0.0506789777854048,0.0418006869605231,168784433.17543602,0.74133776091805,daily_steps,1133384.5364574995,117878.2012235,0.0860096348906822,WTMEC4YR,isotonic,8066,0.9962789165929318,"Mapped source is the grouped five-fold OOF isotonic prediction on the target algorithm scale. Positive/negative agreement are symmetric: 2a/(2a+b+c) and 2d/(2d+b+c). Cohen kappa uses the observed agreement minus agreement expected from the mapped/target marginals, divided by one minus expected agreement; every cell and marginal is WTMEC4YR-weighted in the weighted sensitivity. Attainment difference is mapped minus observed target percentage points. WTMEC4YR changes evaluation weights only; the D7 headline crosswalk fit remains unweighted.",0.6876683993446728,0.0418006869605231,oak,adept,True,8000.0,whole_cohort_subject_grouped_5fold_oof,1296
unweighted_primary,-0.223158938755269,-0.1966227157066851,0.0,0.1966227157066851,0.0,8646,0.999015918958032,0.1966227157066851,0.0,True,8048.0,0.0,0.0,-0.0265362230485838,0.0,0.0265362230485838,0.0,-0.0001329600403205,0.0265362230485838,0.0,8066.0,0.223158938755269,daily_steps,18.0,0.0,0.0,subjects,isotonic,8066,0.9988829589177112,"Mapped source is the grouped five-fold OOF isotonic prediction on the target algorithm scale. Positive/negative agreement are symmetric: 2a/(2a+b+c) and 2d/(2d+b+c). Cohen kappa uses the observed agreement minus agreement expected from the mapped/target marginals, divided by one minus expected agreement; every cell and marginal is WTMEC4YR-weighted in the weighted sensitivity. Attainment difference is mapped minus observed target percentage points. WTMEC4YR changes evaluation weights only; the D7 headline crosswalk fit remains unweighted.",0.223158938755269,0.0,oak,adept,True,10000.0,whole_cohort_subject_grouped_5fold_oof,1296
WTMEC4YR_weighted_sensitivity,-0.145966105721031,-0.1567044574581063,-7.084820959365515e-14,0.1567044574581063,0.0,8646,0.9992158633241476,0.1567044574581063,0.0,True,168538065.1112665,0.0,-1.5212066104538228e-13,0.0107383517370752,-8.127245145172712e-14,-0.0107383517370752,0.0,5.3773105616605754e-05,-0.0107383517370752,0.0,168784433.17543602,0.145966105721031,daily_steps,246368.0641695,0.0,0.0,WTMEC4YR,isotonic,8066,0.9992696364297642,"Mapped source is the grouped five-fold OOF isotonic prediction on the target algorithm scale. Positive/negative agreement are symmetric: 2a/(2a+b+c) and 2d/(2d+b+c). Cohen kappa uses the observed agreement minus agreement expected from the mapped/target marginals, divided by one minus expected agreement; every cell and marginal is WTMEC4YR-weighted in the weighted sensitivity. Attainment difference is mapped minus observed target percentage points. WTMEC4YR changes evaluation weights only; the D7 headline crosswalk fit remains unweighted.",0.145966105721031,0.0,oak,adept,True,10000.0,whole_cohort_subject_grouped_5fold_oof,1296
unweighted_primary,1.066203818497391,1.2838306731436488,0.8275465660607328,6.3960212815174655,76.05829285218599,8646,0.8699129616560809,74.77446217904233,0.9575952764358562,False,1631.0,5901.0,0.8160667188614156,-0.2176268546462578,-0.0114798471993172,0.2243605682221829,0.9439387372015632,-0.0105873557551324,1.1615655918478325,-0.0008832141790467,8066.0,6.6203818497396485,daily_steps,224.0,310.0,77.00223158938755,subjects,isotonic,8066,0.8593256059009484,"Mapped source is the grouped five-fold OOF isotonic prediction on the target algorithm scale. Positive/negative agreement are symmetric: 2a/(2a+b+c) and 2d/(2d+b+c). Cohen kappa uses the observed agreement minus agreement expected from the mapped/target marginals, divided by one minus expected agreement; every cell and marginal is WTMEC4YR-weighted in the weighted sensitivity. Attainment difference is mapped minus observed target percentage points. WTMEC4YR changes evaluation weights only; the D7 headline crosswalk fit remains unweighted.",75.93602777089016,0.9567120622568094,oak,scrf,False,7000.0,whole_cohort_subject_grouped_5fold_oof,1296
WTMEC4YR_weighted_sensitivity,1.1597828827889178,1.3377135375272298,0.8281101913994623,5.918814728340864,78.57510511380275,8646,0.8660522934091215,77.23739157627551,0.9620132219554008,False,30255932.099317,127809603.048109,0.8093117569810394,-0.1779306547383119,-0.0187984344184228,0.4318290048218278,0.903680945258813,-0.0165335980160314,1.0816115999971316,-0.0022586763685267,168784433.17543602,6.350643733162692,daily_steps,4380682.5316145,6338215.4963955,79.47878605906156,WTMEC4YR,isotonic,8066,0.84951869539309,"Mapped source is the grouped five-fold OOF isotonic prediction on the target algorithm scale. Positive/negative agreement are symmetric: 2a/(2a+b+c) and 2d/(2d+b+c). Cohen kappa uses the observed agreement minus agreement expected from the mapped/target marginals, divided by one minus expected agreement; every cell and marginal is WTMEC4YR-weighted in the weighted sensitivity. Attainment difference is mapped minus observed target percentage points. WTMEC4YR changes evaluation weights only; the D7 headline crosswalk fit remains unweighted.",78.31900317627264,0.959754545586874,oak,scrf,False,7000.0,whole_cohort_subject_grouped_5fold_oof,1296
unweighted_primary,1.9712372923382129,2.0703215359703875,0.8293012830738404,7.251908396946565,70.44876243349526,8646,0.8814520703346569,68.37844089752487,0.9477630592351912,False,2059.0,5418.0,0.8233966304625734,-0.0990842436321748,-0.005904652611267,0.0503479878786281,1.3588249704224182,-0.0065848512991778,1.4579092140545953,0.0006833302615265,8066.0,7.302256384825193,daily_steps,215.0,374.0,71.80758740391768,subjects,isotonic,8066,0.874867219035479,"Mapped source is the grouped five-fold OOF isotonic prediction on the target algorithm scale. Positive/negative agreement are symmetric: 2a/(2a+b+c) and 2d/(2d+b+c). Cohen kappa uses the observed agreement minus agreement expected from the mapped/target marginals, divided by one minus expected agreement; every cell and marginal is WTMEC4YR-weighted in the weighted sensitivity. Attainment difference is mapped minus observed target percentage points. WTMEC4YR changes evaluation weights only; the D7 headline crosswalk fit remains unweighted.",69.83635011157946,0.9484463894967178,oak,scrf,False,8000.0,whole_cohort_subject_grouped_5fold_oof,1296
WTMEC4YR_weighted_sensitivity,2.2939939453350044,2.216605142159944,0.8319498221062019,6.779325540591195,73.11226524191295,8646,0.8789234801182324,70.89566009975302,0.952923941342069,False,39175664.354226,117803221.31368648,0.8214593417609906,0.0773888031750602,-0.0104904803452113,0.2151272566360891,1.327032886790164,-0.0098679848861515,1.2496440836150953,-0.0006400908346086,168784433.17543602,6.994452797227284,daily_steps,3966821.4149055,7838726.092618,74.43929812870311,WTMEC4YR,isotonic,8066,0.8690554952320808,"Mapped source is the grouped five-fold OOF isotonic prediction on the target algorithm scale. Positive/negative agreement are symmetric: 2a/(2a+b+c) and 2d/(2d+b+c). Cohen kappa uses the observed agreement minus agreement expected from the mapped/target marginals, divided by one minus expected agreement; every cell and marginal is WTMEC4YR-weighted in the weighted sensitivity. Attainment difference is mapped minus observed target percentage points. WTMEC4YR changes evaluation weights only; the D7 headline crosswalk fit remains unweighted.",72.14530418336811,0.9522838505074604,oak,scrf,False,8000.0,whole_cohort_subject_grouped_5fold_oof,1296
unweighted_primary,2.6779072650632285,2.8799444829979204,0.8109745554738276,9.356928059218134,56.63890816562572,8646,0.8955724796695494,53.7589636826278,0.9152435830277632,False,3106.0,4214.0,0.8116062173959573,-0.2020372179346918,0.0006316619221297,-0.1082298196942055,1.56838169304028,-0.002787196542214,1.7704189109749675,0.0034396522022346,8066.0,9.248698239523929,daily_steps,265.0,481.0,58.207289858666,subjects,isotonic,8066,0.8927852831273354,"Mapped source is the grouped five-fold OOF isotonic prediction on the target algorithm scale. Positive/negative agreement are symmetric: 2a/(2a+b+c) and 2d/(2d+b+c). Cohen kappa uses the observed agreement minus agreement expected from the mapped/target marginals, divided by one minus expected agreement; every cell and marginal is WTMEC4YR-weighted in the weighted sensitivity. Attainment difference is mapped minus observed target percentage points. WTMEC4YR changes evaluation weights only; the D7 headline crosswalk fit remains unweighted.",55.52938259360277,0.9186832352299978,oak,scrf,False,10000.0,whole_cohort_subject_grouped_5fold_oof,1296
WTMEC4YR_weighted_sensitivity,2.274285623208272,2.558701714972345,0.8046552029329828,9.54858389704303,58.869041808227216,8646,0.8874261457756356,56.31034009325487,0.9170981495176772,False,60710732.802634,92357958.1872475,0.8070952587896888,-0.2844160917640725,0.002440055856706,-0.2374514129119731,1.6431437099869155,-0.0020248198971473,1.927559801750988,0.0044923701713766,168784433.17543602,9.311132484131058,daily_steps,5938551.043816,9777191.1417385,60.51218551821413,WTMEC4YR,isotonic,8066,0.8854013258784883,"Mapped source is the grouped five-fold OOF isotonic prediction on the target algorithm scale. Positive/negative agreement are symmetric: 2a/(2a+b+c) and 2d/(2d+b+c). Cohen kappa uses the observed agreement minus agreement expected from the mapped/target marginals, divided by one minus expected agreement; every cell and marginal is WTMEC4YR-weighted in the weighted sensitivity. Attainment difference is mapped minus observed target percentage points. WTMEC4YR changes evaluation weights only; the D7 headline crosswalk fit remains unweighted.",58.23789989500586,0.9215905196890536,oak,scrf,False,10000.0,whole_cohort_subject_grouped_5fold_oof,1296
unweighted_primary,3.657327051822467,3.169095535507749,0.6746599607340874,15.058986814712004,65.30187369882027,8646,0.7924768887472107,62.13277816331251,0.8818297331639136,False,2193.0,4634.0,0.6623091829718072,0.4882315163147188,-0.0123507777622802,0.3017868029423471,1.658205646580171,-0.0127435554138773,1.1699741302654658,0.0002488810932483,8066.0,15.360773617654353,daily_steps,472.0,767.0,66.96007934540044,subjects,isotonic,8066,0.7797333333333333,"Mapped source is the grouped five-fold OOF isotonic prediction on the target algorithm scale. Positive/negative agreement are symmetric: 2a/(2a+b+c) and 2d/(2d+b+c). Cohen kappa uses the observed agreement minus agreement expected from the mapped/target marginals, divided by one minus expected agreement; every cell and marginal is WTMEC4YR-weighted in the weighted sensitivity. Attainment difference is mapped minus observed target percentage points. WTMEC4YR changes evaluation weights only; the D7 headline crosswalk fit remains unweighted.",63.30275229357798,0.8820786142571619,oak,scssl,False,7000.0,whole_cohort_subject_grouped_5fold_oof,1296
WTMEC4YR_weighted_sensitivity,4.11528608136853,3.3476784875176357,0.6784086930138447,14.389227404773424,67.97138933594479,8646,0.7865254982333312,64.62371084842715,0.891479946206418,False,42266800.8467285,101840910.857019,0.666627687134136,0.7676075938508942,-0.0117810058797086,0.2310317076527202,1.7342408115743382,-0.0124814404602661,0.9666332177234408,0.0004587519152517,168784433.17543602,14.620259112426146,daily_steps,8865379.592851501,15811341.878837,69.70563014751913,WTMEC4YR,isotonic,8066,0.7740440577730651,"Mapped source is the grouped five-fold OOF isotonic prediction on the target algorithm scale. Positive/negative agreement are symmetric: 2a/(2a+b+c) and 2d/(2d+b+c). Cohen kappa uses the observed agreement minus agreement expected from the mapped/target marginals, divided by one minus expected agreement; every cell and marginal is WTMEC4YR-weighted in the weighted sensitivity. Attainment difference is mapped minus observed target percentage points. WTMEC4YR changes evaluation weights only; the D7 headline crosswalk fit remains unweighted.",65.59034406615059,0.8919386981216698,oak,scssl,False,7000.0,whole_cohort_subject_grouped_5fold_oof,1296
unweighted_primary,4.054054054054057,3.319454082812856,0.6671486829495064,16.52787416146195,56.130002313208415,8646,0.8184935856725517,52.81054823039556,0.8482853806136532,False,2879.0,3886.0,0.6728499868658224,0.734599971241201,0.005701303916316,-0.3984419769838929,2.13927613955628,-0.0027973114127415,1.4046761683150777,0.0083221361944587,8066.0,16.129432184478055,daily_steps,487.0,814.0,58.269278452764695,subjects,isotonic,8066,0.8156962742598102,"Mapped source is the grouped five-fold OOF isotonic prediction on the target algorithm scale. Positive/negative agreement are symmetric: 2a/(2a+b+c) and 2d/(2d+b+c). Cohen kappa uses the observed agreement minus agreement expected from the mapped/target marginals, divided by one minus expected agreement; every cell and marginal is WTMEC4YR-weighted in the weighted sensitivity. Attainment difference is mapped minus observed target percentage points. WTMEC4YR changes evaluation weights only; the D7 headline crosswalk fit remains unweighted.",54.21522439871064,0.856607516808112,oak,scssl,False,8000.0,whole_cohort_subject_grouped_5fold_oof,1296
WTMEC4YR_weighted_sensitivity,4.0000846830269605,2.8844642930488384,0.6591938159470122,16.735336010913766,58.28496121598752,8646,0.8061122071660897,55.40049692293868,0.852792641337973,False,56243260.68147899,85241741.31858349,0.6672268824754586,1.115620389978122,0.0080330665284463,-0.5611956226243855,2.3054706808717285,-0.0014067319709878,1.1898502908936166,0.0091801112666932,168784433.17543602,16.17414038828938,daily_steps,10273955.4582945,17025475.717079,60.59043189685925,WTMEC4YR,isotonic,8066,0.8047054751951018,"Mapped source is the grouped five-fold OOF isotonic prediction on the target algorithm scale. Positive/negative agreement are symmetric: 2a/(2a+b+c) and 2d/(2d+b+c). Cohen kappa uses the observed agreement minus agreement expected from the mapped/target marginals, divided by one minus expected agreement; every cell and marginal is WTMEC4YR-weighted in the weighted sensitivity. Attainment difference is mapped minus observed target percentage points. WTMEC4YR changes evaluation weights only; the D7 headline crosswalk fit remains unweighted.",56.590347213832295,0.8619727526046662,oak,scssl,False,8000.0,whole_cohort_subject_grouped_5fold_oof,1296
unweighted_primary,-1.239771881973717,-1.42262317834837,0.6448242055244328,16.018968309044645,33.622484385843165,8646,0.8780273007485689,35.04510756419153,0.7667171972376621,False,4505.0,2215.0,0.6370544732065467,0.1828512963746531,-0.007769732317886,0.668361222321586,1.5622416245709232,-0.0080002632823658,1.3793903281962727,0.000249561765108,8066.0,16.68732953136623,daily_steps,723.0,623.0,35.18472601041409,subjects,isotonic,8066,0.8700270374662031,"Mapped source is the grouped five-fold OOF isotonic prediction on the target algorithm scale. Positive/negative agreement are symmetric: 2a/(2a+b+c) and 2d/(2d+b+c). Cohen kappa uses the observed agreement minus agreement expected from the mapped/target marginals, divided by one minus expected agreement; every cell and marginal is WTMEC4YR-weighted in the weighted sensitivity. Attainment difference is mapped minus observed target percentage points. WTMEC4YR changes evaluation weights only; the D7 headline crosswalk fit remains unweighted.",36.424497892387805,0.7669667590027701,oak,scssl,False,10000.0,whole_cohort_subject_grouped_5fold_oof,1296
WTMEC4YR_weighted_sensitivity,-2.256094414603982,-2.3798158168468255,0.6310126929891972,16.825376258823855,33.92801653085271,8646,0.8703387945482971,36.30783234769953,0.7604446087365254,False,91932659.975571,47529720.22574701,0.6269198963800979,0.1237214022428436,-0.0040927966090992,0.5471103043418388,1.79019367005332,-0.0078800221162066,1.6664722678104766,0.0038124992418858,168784433.17543602,17.372486563165694,daily_steps,16564994.571855,12757058.402263,35.71821020090603,WTMEC4YR,isotonic,8066,0.8624587724320905,"Mapped source is the grouped five-fold OOF isotonic prediction on the target algorithm scale. Positive/negative agreement are symmetric: 2a/(2a+b+c) and 2d/(2d+b+c). Cohen kappa uses the observed agreement minus agreement expected from the mapped/target marginals, divided by one minus expected agreement; every cell and marginal is WTMEC4YR-weighted in the weighted sensitivity. Attainment difference is mapped minus observed target percentage points. WTMEC4YR changes evaluation weights only; the D7 headline crosswalk fit remains unweighted.",37.97430461551001,0.7642571079784113,oak,scssl,False,10000.0,whole_cohort_subject_grouped_5fold_oof,1296
unweighted_primary,2.541532358046117,2.613925514688875,0.8517141089792868,6.2456627342123525,71.20055517002082,8646,0.8962735305416827,68.58662965533195,0.9553202051960946,False,2064.0,5483.0,0.8432490926335662,-0.0723931566427582,-0.0084650163457206,0.1887533332312383,1.2641113313429315,-0.0079584885791261,1.3365044879856924,-0.0005095826449409,8066.0,6.434416067443591,daily_steps,157.0,362.0,72.46466650136375,subjects,isotonic,8066,0.8883150419625565,"Mapped source is the grouped five-fold OOF isotonic prediction on the target algorithm scale. Positive/negative agreement are symmetric: 2a/(2a+b+c) and 2d/(2d+b+c). Cohen kappa uses the observed agreement minus agreement expected from the mapped/target marginals, divided by one minus expected agreement; every cell and marginal is WTMEC4YR-weighted in the weighted sensitivity. Attainment difference is mapped minus observed target percentage points. WTMEC4YR changes evaluation weights only; the D7 headline crosswalk fit remains unweighted.",69.92313414331764,0.9548106225511536,oak,vs,False,7000.0,whole_cohort_subject_grouped_5fold_oof,1296
WTMEC4YR_weighted_sensitivity,3.3766820052093194,3.0610150684394988,0.8516650704263986,5.954506042324316,73.78420799105186,8646,0.8926972940470809,70.72319292261237,0.9587944561684988,False,39591110.987201005,118518480.7892355,0.8383440892969309,0.3156669367698206,-0.0133209811294676,0.3700353849671307,1.2852494797986225,-0.0114953161306665,0.9695825430287924,-0.0018882501286128,168784433.17543602,6.324541427291447,daily_steps,2487763.908185,8187077.4908145,75.06945747085048,WTMEC4YR,isotonic,8066,0.8812019779164143,"Mapped source is the grouped five-fold OOF isotonic prediction on the target algorithm scale. Positive/negative agreement are symmetric: 2a/(2a+b+c) and 2d/(2d+b+c). Cohen kappa uses the observed agreement minus agreement expected from the mapped/target marginals, divided by one minus expected agreement; every cell and marginal is WTMEC4YR-weighted in the weighted sensitivity. Attainment difference is mapped minus observed target percentage points. WTMEC4YR changes evaluation weights only; the D7 headline crosswalk fit remains unweighted.",71.69277546564116,0.956906206039886,oak,vs,False,7000.0,whole_cohort_subject_grouped_5fold_oof,1296
unweighted_primary,1.6612943218447862,1.411057136247984,0.8541776412751467,7.032153597039094,60.15498496414528,8646,0.9132915002852252,58.74392782789729,0.9408560311284048,False,2830.0,4648.0,0.8464444477108741,0.2502371855968022,-0.0077331935642726,0.257705068966362,1.9451886039181971,-0.0074016155221011,1.694951418321402,-0.0003461161142404,8066.0,7.289858666005456,daily_steps,227.0,361.0,62.100173568063475,subjects,isotonic,8066,0.9058898847631242,"Mapped source is the grouped five-fold OOF isotonic prediction on the target algorithm scale. Positive/negative agreement are symmetric: 2a/(2a+b+c) and 2d/(2d+b+c). Cohen kappa uses the observed agreement minus agreement expected from the mapped/target marginals, divided by one minus expected agreement; every cell and marginal is WTMEC4YR-weighted in the weighted sensitivity. Attainment difference is mapped minus observed target percentage points. WTMEC4YR changes evaluation weights only; the D7 headline crosswalk fit remains unweighted.",60.43887924621869,0.9405099150141644,oak,vs,False,8000.0,whole_cohort_subject_grouped_5fold_oof,1296
WTMEC4YR_weighted_sensitivity,2.8438504782202667,2.198554106459083,0.8446633109634619,7.367103092232359,62.49552744571616,8646,0.9045804725300762,60.29697333925708,0.9400036399198908,False,55583953.701036,100486672.060029,0.83801508483892,0.6452963717611837,-0.0066482261245419,0.1654679957400473,2.2281927262005823,-0.0072090762203722,1.5828963544393844,0.0004990654459834,168784433.17543602,7.532571087972406,daily_steps,3956915.252175001,8756892.162196,64.72372017191674,WTMEC4YR,isotonic,8066,0.897371396309704,"Mapped source is the grouped five-fold OOF isotonic prediction on the target algorithm scale. Positive/negative agreement are symmetric: 2a/(2a+b+c) and 2d/(2d+b+c). Cohen kappa uses the observed agreement minus agreement expected from the mapped/target marginals, divided by one minus expected agreement; every cell and marginal is WTMEC4YR-weighted in the weighted sensitivity. Attainment difference is mapped minus observed target percentage points. WTMEC4YR changes evaluation weights only; the D7 headline crosswalk fit remains unweighted.",61.87986969369646,0.9405027053658742,oak,vs,False,8000.0,whole_cohort_subject_grouped_5fold_oof,1296
unweighted_primary,0.7190676915447558,0.1619245894055043,0.829927307593437,8.119361554476058,39.45176960444136,8646,0.933040824112934,39.28984501503586,0.8968860164512339,False,4399.0,3023.0,0.8355397906334022,0.5571431021392514,0.0056124830399651,-0.1352306345653211,2.378133693351849,-0.0012467126958612,1.820990591212592,0.0068509043260456,8066.0,7.984130919910736,daily_steps,293.0,351.0,41.82990329779321,subjects,isotonic,8066,0.9317941114170728,"Mapped source is the grouped five-fold OOF isotonic prediction on the target algorithm scale. Positive/negative agreement are symmetric: 2a/(2a+b+c) and 2d/(2d+b+c). Cohen kappa uses the observed agreement minus agreement expected from the mapped/target marginals, divided by one minus expected agreement; every cell and marginal is WTMEC4YR-weighted in the weighted sensitivity. Attainment difference is mapped minus observed target percentage points. WTMEC4YR changes evaluation weights only; the D7 headline crosswalk fit remains unweighted.",41.11083560624845,0.9037369207772796,oak,vs,False,10000.0,whole_cohort_subject_grouped_5fold_oof,1296
WTMEC4YR_weighted_sensitivity,1.308872594779975,0.6342517087198685,0.8221519065465689,8.532947610052538,40.25939763665913,8646,0.9289604530234492,39.62514592793926,0.8931839974380978,False,90738730.5592885,63932730.030958496,0.8284721767121336,0.6746208860601066,0.0063202701655646,-0.1714107552172041,2.454140313645837,-0.0011161935570788,1.7795194275857398,0.0074137741948131,168784433.17543602,8.361536854835334,daily_steps,5951899.697550501,8161072.8876385,42.71353795030497,WTMEC4YR,isotonic,8066,0.9278442594663704,"Mapped source is the grouped five-fold OOF isotonic prediction on the target algorithm scale. Positive/negative agreement are symmetric: 2a/(2a+b+c) and 2d/(2d+b+c). Cohen kappa uses the observed agreement minus agreement expected from the mapped/target marginals, divided by one minus expected agreement; every cell and marginal is WTMEC4YR-weighted in the weighted sensitivity. Attainment difference is mapped minus observed target percentage points. WTMEC4YR changes evaluation weights only; the D7 headline crosswalk fit remains unweighted.",41.404665355525,0.900597771632911,oak,vs,False,10000.0,whole_cohort_subject_grouped_5fold_oof,1296
unweighted_primary,1.1157946937763508,1.1219060837381445,0.8657570674958109,6.419153365718251,61.02243812167476,8646,0.91882404563405,59.900532037936614,0.9469153515064562,False,2788.0,4736.0,0.8573035971422153,-0.0061113899617937,-0.0084534703535956,0.3004102345792949,1.6108373556374147,-0.0074150884585024,1.6169487455992169,-0.0010395775899393,8066.0,6.719563600297546,daily_steps,226.0,316.0,62.633275477312175,subjects,isotonic,8066,0.9114089571755476,"Mapped source is the grouped five-fold OOF isotonic prediction on the target algorithm scale. Positive/negative agreement are symmetric: 2a/(2a+b+c) and 2d/(2d+b+c). Cohen kappa uses the observed agreement minus agreement expected from the mapped/target marginals, divided by one minus expected agreement; every cell and marginal is WTMEC4YR-weighted in the weighted sensitivity. Attainment difference is mapped minus observed target percentage points. WTMEC4YR changes evaluation weights only; the D7 headline crosswalk fit remains unweighted.",61.51748078353583,0.9458757739165168,oak,vsrev,False,7000.0,whole_cohort_subject_grouped_5fold_oof,1296
WTMEC4YR_weighted_sensitivity,1.1780498005999671,1.1056309416246246,0.8575009486052924,6.647404108423658,63.50918780271041,8646,0.9102760106544896,62.40355686108578,0.9472062647337796,False,54010715.203297496,103336067.6653195,0.8518372651401515,0.0724188589753427,-0.0056636834651409,0.1290800090012025,1.691774802399344,-0.0060213507199993,1.6193559434240044,0.000353858378575,168784433.17543602,6.776484117424861,daily_steps,4724642.814176001,6713007.492643,65.20096260510975,WTMEC4YR,isotonic,8066,0.9042546599344904,"Mapped source is the grouped five-fold OOF isotonic prediction on the target algorithm scale. Positive/negative agreement are symmetric: 2a/(2a+b+c) and 2d/(2d+b+c). Cohen kappa uses the observed agreement minus agreement expected from the mapped/target marginals, divided by one minus expected agreement; every cell and marginal is WTMEC4YR-weighted in the weighted sensitivity. Attainment difference is mapped minus observed target percentage points. WTMEC4YR changes evaluation weights only; the D7 headline crosswalk fit remains unweighted.",64.02291280450979,0.9475601231123548,oak,vsrev,False,7000.0,whole_cohort_subject_grouped_5fold_oof,1296
unweighted_primary,0.3223406893131608,0.95998149433264,0.8436573347468703,7.807078417765441,52.336340504279434,8646,0.918918918918919,51.3763590099468,0.924723987955838,False,3478.0,3960.0,0.8437282445918867,-0.6376408050194793,7.090984501634257e-05,-0.0213109989704989,0.8126800759337982,-0.0017248260919147,1.450320880953278,0.0018085342715835,8066.0,7.785767418794942,daily_steps,301.0,327.0,53.14902058021323,subjects,isotonic,8066,0.9171940928270044,"Mapped source is the grouped five-fold OOF isotonic prediction on the target algorithm scale. Positive/negative agreement are symmetric: 2a/(2a+b+c) and 2d/(2d+b+c). Cohen kappa uses the observed agreement minus agreement expected from the mapped/target marginals, divided by one minus expected agreement; every cell and marginal is WTMEC4YR-weighted in the weighted sensitivity. Attainment difference is mapped minus observed target percentage points. WTMEC4YR changes evaluation weights only; the D7 headline crosswalk fit remains unweighted.",52.826679890900074,0.9265325222274216,oak,vsrev,False,8000.0,whole_cohort_subject_grouped_5fold_oof,1296
WTMEC4YR_weighted_sensitivity,0.6126010679363358,1.1373518549327888,0.8320587665582364,8.346909554044233,54.474420536831936,8646,0.909458245031764,53.33706868189915,0.922578663790556,False,68835876.728938,85905374.255411,0.8318831045834444,-0.524750786996453,-0.000175661974792,-0.0267215326226164,0.888477103082252,-0.0020211962732952,1.4132278900787083,0.0018610177483248,168784433.17543602,8.320188021421616,daily_steps,6504603.4754719995,7538578.715615001,55.36289763991419,WTMEC4YR,isotonic,8066,0.9074370487584688,"Mapped source is the grouped five-fold OOF isotonic prediction on the target algorithm scale. Positive/negative agreement are symmetric: 2a/(2a+b+c) and 2d/(2d+b+c). Cohen kappa uses the observed agreement minus agreement expected from the mapped/target marginals, divided by one minus expected agreement; every cell and marginal is WTMEC4YR-weighted in the weighted sensitivity. Attainment difference is mapped minus observed target percentage points. WTMEC4YR changes evaluation weights only; the D7 headline crosswalk fit remains unweighted.",54.750296571977856,0.9244396815388808,oak,vsrev,False,8000.0,whole_cohort_subject_grouped_5fold_oof,1296
unweighted_primary,1.462930820728986,1.0409437890353923,0.8462284459102595,7.009021512838307,35.64654175341198,8646,0.9459796755214832,34.605597964376585,0.9002304906157392,False,4793.0,2679.0,0.8418882419559325,0.4219870316935936,-0.0043402039543269,0.3552234660855715,1.9805348644903231,-0.0043293808260019,1.5585478327967337,-2.8877712513475373e-05,8066.0,7.364244978923878,daily_steps,238.0,356.0,37.627076617902304,subjects,isotonic,8066,0.9416502946954812,"Mapped source is the grouped five-fold OOF isotonic prediction on the target algorithm scale. Positive/negative agreement are symmetric: 2a/(2a+b+c) and 2d/(2d+b+c). Cohen kappa uses the observed agreement minus agreement expected from the mapped/target marginals, divided by one minus expected agreement; every cell and marginal is WTMEC4YR-weighted in the weighted sensitivity. Attainment difference is mapped minus observed target percentage points. WTMEC4YR changes evaluation weights only; the D7 headline crosswalk fit remains unweighted.",36.16414579717332,0.9002016129032258,oak,vsrev,False,10000.0,whole_cohort_subject_grouped_5fold_oof,1296
WTMEC4YR_weighted_sensitivity,1.2929912857604142,0.9599061635435446,0.8313053331934793,7.749836614612526,36.22410229812921,8646,0.9396954789322828,35.26419613458567,0.891592935004507,False,98226398.206028,56744716.3257615,0.8258289107514166,0.3330851222168696,-0.0054764224420627,0.4341637601665962,2.1340320605234098,-0.0053899377849948,1.800946938306538,-0.0001005556420089,168784433.17543602,8.184000374779123,daily_steps,5815475.315484,7997843.328162501,38.35813435865262,WTMEC4YR,isotonic,8066,0.934305541147288,"Mapped source is the grouped five-fold OOF isotonic prediction on the target algorithm scale. Positive/negative agreement are symmetric: 2a/(2a+b+c) and 2d/(2d+b+c). Cohen kappa uses the observed agreement minus agreement expected from the mapped/target marginals, divided by one minus expected agreement; every cell and marginal is WTMEC4YR-weighted in the weighted sensitivity. Attainment difference is mapped minus observed target percentage points. WTMEC4YR changes evaluation weights only; the D7 headline crosswalk fit remains unweighted.",37.065143072892205,0.891492379362498,oak,vsrev,False,10000.0,whole_cohort_subject_grouped_5fold_oof,1296
unweighted_primary,1.624101165385572,1.7117742308581985,0.7186146278332662,5.528568123987972,89.82188295165395,8646,0.749475890985325,88.11010872079575,0.968928757150286,False,572.0,7099.0,0.71648869441196,-0.0876730654726265,-0.0021259334213062,-0.6314691901917904,1.450122999251079,-0.0061360599261957,1.5377960647237074,0.0040034706301566,8066.0,4.897098933796181,daily_steps,132.0,263.0,91.27200595090504,subjects,isotonic,8066,0.7433398310591293,"Mapped source is the grouped five-fold OOF isotonic prediction on the target algorithm scale. Positive/negative agreement are symmetric: 2a/(2a+b+c) and 2d/(2d+b+c). Cohen kappa uses the observed agreement minus agreement expected from the mapped/target marginals, divided by one minus expected agreement; every cell and marginal is WTMEC4YR-weighted in the weighted sensitivity. Attainment difference is mapped minus observed target percentage points. WTMEC4YR changes evaluation weights only; the D7 headline crosswalk fit remains unweighted.",89.64790478551946,0.9729322277804426,scrf,acti,False,7000.0,whole_cohort_subject_grouped_5fold_oof,1296
WTMEC4YR_weighted_sensitivity,2.083688099325176,2.4124171954369,0.6848045914257886,5.341972685519112,91.87620307747426,8646,0.7137208186035828,89.46378588203736,0.9705416730409536,False,9655725.7914435,151214736.98693848,0.6842783892447107,-0.3287290961117239,-0.0005262021810779,-0.6531691932988606,1.1004949549478766,-0.0044039309860028,1.429224051059606,0.0039576420224086,168784433.17543602,4.688803492220251,daily_steps,2198514.624732,5715455.772322,92.97669803242214,WTMEC4YR,isotonic,8066,0.7093168876175799,"Mapped source is the grouped five-fold OOF isotonic prediction on the target algorithm scale. Positive/negative agreement are symmetric: 2a/(2a+b+c) and 2d/(2d+b+c). Cohen kappa uses the observed agreement minus agreement expected from the mapped/target marginals, divided by one minus expected agreement; every cell and marginal is WTMEC4YR-weighted in the weighted sensitivity. Attainment difference is mapped minus observed target percentage points. WTMEC4YR changes evaluation weights only; the D7 headline crosswalk fit remains unweighted.",90.89300993309696,0.9744993150633624,scrf,acti,False,7000.0,whole_cohort_subject_grouped_5fold_oof,1296
unweighted_primary,1.27696503843292,0.358547305112189,0.7775775862774419,6.326625028915105,83.00948415452231,8646,0.8157628831256315,82.65093684941013,0.961809676743699,False,939.0,6600.0,0.742564417610393,0.9184177333207312,-0.0350131686670488,0.2069727890863832,2.720741483960211,-0.0348897022524505,1.8023237506394592,-0.0002011679653789,8066.0,6.533597818001488,daily_steps,212.0,315.0,85.73022563848252,subjects,isotonic,8066,0.7808731808731809,"Mapped source is the grouped five-fold OOF isotonic prediction on the target algorithm scale. Positive/negative agreement are symmetric: 2a/(2a+b+c) and 2d/(2d+b+c). Cohen kappa uses the observed agreement minus agreement expected from the mapped/target marginals, divided by one minus expected agreement; every cell and marginal is WTMEC4YR-weighted in the weighted sensitivity. Attainment difference is mapped minus observed target percentage points. WTMEC4YR changes evaluation weights only; the D7 headline crosswalk fit remains unweighted.",84.45326060004959,0.96160850877832,scrf,acti,False,8000.0,whole_cohort_subject_grouped_5fold_oof,1296
WTMEC4YR_weighted_sensitivity,1.778236871398764,0.8080317383893143,0.7737533614041207,5.8202978792924185,85.24494644863377,8646,0.8080258847750212,84.43691471024445,0.9656987621449844,False,16931146.095186498,141644120.0623425,0.7337505979800231,0.9702051330094495,-0.0400027634240975,0.2283446559439328,2.588625815200416,-0.0396761909212025,1.6184206821909584,-0.0004832841525227,168784433.17543602,6.048642535236351,daily_steps,3603889.997,6605277.020907,87.83357226383418,WTMEC4YR,isotonic,8066,0.7683496938538187,"Mapped source is the grouped five-fold OOF isotonic prediction on the target algorithm scale. Positive/negative agreement are symmetric: 2a/(2a+b+c) and 2d/(2d+b+c). Cohen kappa uses the observed agreement minus agreement expected from the mapped/target marginals, divided by one minus expected agreement; every cell and marginal is WTMEC4YR-weighted in the weighted sensitivity. Attainment difference is mapped minus observed target percentage points. WTMEC4YR changes evaluation weights only; the D7 headline crosswalk fit remains unweighted.",86.05533539243541,0.9652154779924615,scrf,acti,False,8000.0,whole_cohort_subject_grouped_5fold_oof,1296
unweighted_primary,1.3141581948921344,1.075641915336567,0.7886569622986548,9.403192227619709,67.14087439278279,8646,0.8592207792207792,66.06523247744622,0.9294087001823392,False,2130.0,5170.0,0.7786653453219196,0.2385162795555673,-0.0099916169767352,0.093460388298963,2.3607373106637795,-0.0116282603190681,2.122221031108211,0.0016195728232434,8066.0,9.496652615918672,daily_steps,330.0,436.0,69.50161170344657,subjects,isotonic,8066,0.8475925189017111,"Mapped source is the grouped five-fold OOF isotonic prediction on the target algorithm scale. Positive/negative agreement are symmetric: 2a/(2a+b+c) and 2d/(2d+b+c). Cohen kappa uses the observed agreement minus agreement expected from the mapped/target marginals, divided by one minus expected agreement; every cell and marginal is WTMEC4YR-weighted in the weighted sensitivity. Attainment difference is mapped minus observed target percentage points. WTMEC4YR changes evaluation weights only; the D7 headline crosswalk fit remains unweighted.",68.18745350855443,0.9310282730055826,scrf,acti,False,10000.0,whole_cohort_subject_grouped_5fold_oof,1296
WTMEC4YR_weighted_sensitivity,1.9951326358627064,2.0054898471003946,0.792213268949771,8.941917237827719,69.69231286697611,8646,0.8572054639541418,67.68682301987572,0.9349106603407924,False,41636147.380214,112061439.122707,0.783649433302426,-0.0103572112376881,-0.0085638356473449,-0.0033875472172102,2.1677495999017253,-0.0105907665576681,2.178106811139415,0.0020198023413112,168784433.17543602,8.938529690610508,daily_steps,5859686.680988,9227159.991527,71.86006246687784,WTMEC4YR,isotonic,8066,0.8466146973964737,"Mapped source is the grouped five-fold OOF isotonic prediction on the target algorithm scale. Positive/negative agreement are symmetric: 2a/(2a+b+c) and 2d/(2d+b+c). Cohen kappa uses the observed agreement minus agreement expected from the mapped/target marginals, divided by one minus expected agreement; every cell and marginal is WTMEC4YR-weighted in the weighted sensitivity. Attainment difference is mapped minus observed target percentage points. WTMEC4YR changes evaluation weights only; the D7 headline crosswalk fit remains unweighted.",69.86492983101513,0.9369304626821038,scrf,acti,False,10000.0,whole_cohort_subject_grouped_5fold_oof,1296
unweighted_primary,-1.524919414827672,-1.4341892204487623,0.0,1.4341892204487623,0.0,8646,0.9927772600186392,1.4341892204487623,0.0,True,7943.0,0.0,0.0,-0.0907301943789093,0.0,0.0907301943789093,0.0,-0.0004604382308949,0.0907301943789093,0.0,8066.0,1.524919414827672,daily_steps,123.0,0.0,0.0,subjects,isotonic,8066,0.9923168217877444,"Mapped source is the grouped five-fold OOF isotonic prediction on the target algorithm scale. Positive/negative agreement are symmetric: 2a/(2a+b+c) and 2d/(2d+b+c). Cohen kappa uses the observed agreement minus agreement expected from the mapped/target marginals, divided by one minus expected agreement; every cell and marginal is WTMEC4YR-weighted in the weighted sensitivity. Attainment difference is mapped minus observed target percentage points. WTMEC4YR changes evaluation weights only; the D7 headline crosswalk fit remains unweighted.",1.524919414827672,0.0,scrf,adept,True,7000.0,whole_cohort_subject_grouped_5fold_oof,1296
WTMEC4YR_weighted_sensitivity,-1.3693333597042658,-1.257298010862412,-8.830229707145021e-15,1.257298010862412,0.0,8646,0.9936737399749596,1.257298010862412,0.0,True,166473211.625977,0.0,-8.107762925347371e-15,-0.1120353488418537,7.224667817976498e-16,0.1120353488418537,0.0,-0.0005676067824652,0.1120353488418537,0.0,168784433.17543602,1.3693333597042658,daily_steps,2311221.5494589997,0.0,0.0,WTMEC4YR,isotonic,8066,0.9931061331924944,"Mapped source is the grouped five-fold OOF isotonic prediction on the target algorithm scale. Positive/negative agreement are symmetric: 2a/(2a+b+c) and 2d/(2d+b+c). Cohen kappa uses the observed agreement minus agreement expected from the mapped/target marginals, divided by one minus expected agreement; every cell and marginal is WTMEC4YR-weighted in the weighted sensitivity. Attainment difference is mapped minus observed target percentage points. WTMEC4YR changes evaluation weights only; the D7 headline crosswalk fit remains unweighted.",1.3693333597042658,0.0,scrf,adept,True,7000.0,whole_cohort_subject_grouped_5fold_oof,1296
unweighted_primary,-0.8554425985618647,-0.7864908628267407,0.0,0.7864908628267407,0.0,8646,0.9960520204366,0.7864908628267407,0.0,True,7997.0,0.0,0.0,-0.0689517357351239,0.0,0.0689517357351239,0.0,-0.0003476065662147,0.0689517357351239,0.0,8066.0,0.8554425985618647,daily_steps,69.0,0.0,0.0,subjects,isotonic,8066,0.9957044138703852,"Mapped source is the grouped five-fold OOF isotonic prediction on the target algorithm scale. Positive/negative agreement are symmetric: 2a/(2a+b+c) and 2d/(2d+b+c). Cohen kappa uses the observed agreement minus agreement expected from the mapped/target marginals, divided by one minus expected agreement; every cell and marginal is WTMEC4YR-weighted in the weighted sensitivity. Attainment difference is mapped minus observed target percentage points. WTMEC4YR changes evaluation weights only; the D7 headline crosswalk fit remains unweighted.",0.8554425985618647,0.0,scrf,adept,True,8000.0,whole_cohort_subject_grouped_5fold_oof,1296
WTMEC4YR_weighted_sensitivity,-0.6876683993446728,-0.636989421559268,-1.742922232377863e-14,0.636989421559268,0.0,8646,0.99680487659315,0.636989421559268,0.0,True,167623755.9654755,0.0,-1.6144743973740246e-14,-0.0506789777854048,1.2844783500383878e-15,0.0506789777854048,0.0,-0.0002550815745582,0.0506789777854048,0.0,168784433.17543602,0.6876683993446728,daily_steps,1160677.2099604998,0.0,0.0,WTMEC4YR,isotonic,8066,0.9965497950185916,"Mapped source is the grouped five-fold OOF isotonic prediction on the target algorithm scale. Positive/negative agreement are symmetric: 2a/(2a+b+c) and 2d/(2d+b+c). Cohen kappa uses the observed agreement minus agreement expected from the mapped/target marginals, divided by one minus expected agreement; every cell and marginal is WTMEC4YR-weighted in the weighted sensitivity. Attainment difference is mapped minus observed target percentage points. WTMEC4YR changes evaluation weights only; the D7 headline crosswalk fit remains unweighted.",0.6876683993446728,0.0,scrf,adept,True,8000.0,whole_cohort_subject_grouped_5fold_oof,1296
unweighted_primary,-0.223158938755269,-0.1966227157066851,0.0,0.1966227157066851,0.0,8646,0.999015918958032,0.1966227157066851,0.0,True,8048.0,0.0,0.0,-0.0265362230485838,0.0,0.0265362230485838,0.0,-0.0001329600403205,0.0265362230485838,0.0,8066.0,0.223158938755269,daily_steps,18.0,0.0,0.0,subjects,isotonic,8066,0.9988829589177112,"Mapped source is the grouped five-fold OOF isotonic prediction on the target algorithm scale. Positive/negative agreement are symmetric: 2a/(2a+b+c) and 2d/(2d+b+c). Cohen kappa uses the observed agreement minus agreement expected from the mapped/target marginals, divided by one minus expected agreement; every cell and marginal is WTMEC4YR-weighted in the weighted sensitivity. Attainment difference is mapped minus observed target percentage points. WTMEC4YR changes evaluation weights only; the D7 headline crosswalk fit remains unweighted.",0.223158938755269,0.0,scrf,adept,True,10000.0,whole_cohort_subject_grouped_5fold_oof,1296
WTMEC4YR_weighted_sensitivity,-0.145966105721031,-0.1567044574581063,-7.084820959365515e-14,0.1567044574581063,0.0,8646,0.9992158633241476,0.1567044574581063,0.0,True,168538065.1112665,0.0,-1.5212066104538228e-13,0.0107383517370752,-8.127245145172712e-14,-0.0107383517370752,0.0,5.3773105616605754e-05,-0.0107383517370752,0.0,168784433.17543602,0.145966105721031,daily_steps,246368.0641695,0.0,0.0,WTMEC4YR,isotonic,8066,0.9992696364297642,"Mapped source is the grouped five-fold OOF isotonic prediction on the target algorithm scale. Positive/negative agreement are symmetric: 2a/(2a+b+c) and 2d/(2d+b+c). Cohen kappa uses the observed agreement minus agreement expected from the mapped/target marginals, divided by one minus expected agreement; every cell and marginal is WTMEC4YR-weighted in the weighted sensitivity. Attainment difference is mapped minus observed target percentage points. WTMEC4YR changes evaluation weights only; the D7 headline crosswalk fit remains unweighted.",0.145966105721031,0.0,scrf,adept,True,10000.0,whole_cohort_subject_grouped_5fold_oof,1296
unweighted_primary,1.004215224398708,0.7980569049271358,0.8337933783395166,5.4476058292852185,79.74786028221142,8646,0.8681041725007,78.94980337728428,0.9656730558997156,False,1317.0,6304.0,0.8214099309725255,0.2061583194715721,-0.0123834473669911,0.069379045497822,1.6679592070025675,-0.0126316164760167,1.461800887530984,0.0002351644327748,8066.0,5.516984874783041,daily_steps,182.0,263.0,81.41581948921399,subjects,isotonic,8066,0.8554725560246833,"Mapped source is the grouped five-fold OOF isotonic prediction on the target algorithm scale. Positive/negative agreement are symmetric: 2a/(2a+b+c) and 2d/(2d+b+c). Cohen kappa uses the observed agreement minus agreement expected from the mapped/target marginals, divided by one minus expected agreement; every cell and marginal is WTMEC4YR-weighted in the weighted sensitivity. Attainment difference is mapped minus observed target percentage points. WTMEC4YR changes evaluation weights only; the D7 headline crosswalk fit remains unweighted.",80.41160426481527,0.9659082203324906,scrf,oak,False,7000.0,whole_cohort_subject_grouped_5fold_oof,1296
WTMEC4YR_weighted_sensitivity,0.8924986110162902,0.661922896906264,0.8279269757176279,5.139288131010216,82.06051300366407,8646,0.8593551727386307,81.39859010675781,0.9685591806561028,False,24136068.923578,136016637.53975052,0.8175817261648581,0.2305757141100262,-0.0103452495527697,-0.0252343348668206,1.5287716254520518,-0.0110448124311657,1.2981959113420205,0.0006862662040065,168784433.17543602,5.114053796143395,daily_steps,3562663.995202499,5069062.716905,83.58928462911612,WTMEC4YR,isotonic,8066,0.848310360307465,"Mapped source is the grouped five-fold OOF isotonic prediction on the target algorithm scale. Positive/negative agreement are symmetric: 2a/(2a+b+c) and 2d/(2d+b+c). Cohen kappa uses the observed agreement minus agreement expected from the mapped/target marginals, divided by one minus expected agreement; every cell and marginal is WTMEC4YR-weighted in the weighted sensitivity. Attainment difference is mapped minus observed target percentage points. WTMEC4YR changes evaluation weights only; the D7 headline crosswalk fit remains unweighted.",82.69678601809983,0.9692454468601096,scrf,oak,False,7000.0,whole_cohort_subject_grouped_5fold_oof,1296
unweighted_primary,0.1983635011157947,0.8674531575294853,0.8258898617823568,6.858662965533195,73.4674994216979,8646,0.8728286510829938,72.60004626416841,0.95304457993507,False,1796.0,5724.0,0.8225303531463976,-0.6690896564136906,-0.0033595086359592,-0.0895084899567013,0.9808020908238008,-0.0047764519529792,1.64989174723749,0.0014326586842395,8066.0,6.769154475576494,daily_steps,265.0,281.0,74.4483015125217,subjects,isotonic,8066,0.8680521991300145,"Mapped source is the grouped five-fold OOF isotonic prediction on the target algorithm scale. Positive/negative agreement are symmetric: 2a/(2a+b+c) and 2d/(2d+b+c). Cohen kappa uses the observed agreement minus agreement expected from the mapped/target marginals, divided by one minus expected agreement; every cell and marginal is WTMEC4YR-weighted in the weighted sensitivity. Attainment difference is mapped minus observed target percentage points. WTMEC4YR changes evaluation weights only; the D7 headline crosswalk fit remains unweighted.",74.2499380114059,0.9544772386193096,scrf,oak,False,8000.0,whole_cohort_subject_grouped_5fold_oof,1296
WTMEC4YR_weighted_sensitivity,0.0234653190035682,0.8147959291309848,0.8269470722121466,6.3883736358280165,75.98824847582998,8646,0.8691933632091698,75.173452546699,0.9577381466825654,False,33756253.575008504,124210847.3190935,0.820172998339211,-0.7913306101274165,-0.0067740738729356,0.020589606706542,0.8193776325853293,-0.0072931264649648,1.6107082427127466,0.0005346010210734,168784433.17543602,6.408963242534559,daily_steps,5388863.237830499,5428469.0435035005,76.8076261084153,WTMEC4YR,isotonic,8066,0.861900236744205,"Mapped source is the grouped five-fold OOF isotonic prediction on the target algorithm scale. Positive/negative agreement are symmetric: 2a/(2a+b+c) and 2d/(2d+b+c). Cohen kappa uses the observed agreement minus agreement expected from the mapped/target marginals, divided by one minus expected agreement; every cell and marginal is WTMEC4YR-weighted in the weighted sensitivity. Attainment difference is mapped minus observed target percentage points. WTMEC4YR changes evaluation weights only; the D7 headline crosswalk fit remains unweighted.",76.78416078941174,0.9582727477036388,scrf,oak,False,8000.0,whole_cohort_subject_grouped_5fold_oof,1296
unweighted_primary,1.9712372923382129,0.7055285681239809,0.8153121463360643,8.986814712005552,58.54730511219061,8646,0.8925162539770369,57.841776544066626,0.9227864453940176,False,2819.0,4514.0,0.8099299222479198,1.2657087242142318,-0.0053822240881444,0.1007131828617922,2.9453802337057553,-0.0075688359892799,1.67967150949152,0.0021187897253348,8066.0,9.087527894867344,daily_steps,287.0,446.0,61.49268534589636,subjects,isotonic,8066,0.884947417987757,"Mapped source is the grouped five-fold OOF isotonic prediction on the target algorithm scale. Positive/negative agreement are symmetric: 2a/(2a+b+c) and 2d/(2d+b+c). Cohen kappa uses the observed agreement minus agreement expected from the mapped/target marginals, divided by one minus expected agreement; every cell and marginal is WTMEC4YR-weighted in the weighted sensitivity. Attainment difference is mapped minus observed target percentage points. WTMEC4YR changes evaluation weights only; the D7 headline crosswalk fit remains unweighted.",59.521448053558146,0.9249052351193524,scrf,oak,False,10000.0,whole_cohort_subject_grouped_5fold_oof,1296
WTMEC4YR_weighted_sensitivity,2.137809921802447,0.8235713887269736,0.8171314422272316,8.737021901094211,60.961158566451765,8646,0.8892663749961951,60.1375871777248,0.9278520859369482,False,54889162.3187835,98979006.159322,0.8103998372969127,1.3142385330754736,-0.0067316049303188,0.1004427967469716,3.168738753475573,-0.008888764202428,1.8545002204000909,0.0020771431534638,168784433.17543602,8.837464697841183,daily_steps,5653987.169224,9262277.5281065,64.12989731992734,WTMEC4YR,isotonic,8066,0.8803776107937671,"Mapped source is the grouped five-fold OOF isotonic prediction on the target algorithm scale. Positive/negative agreement are symmetric: 2a/(2a+b+c) and 2d/(2d+b+c). Cohen kappa uses the observed agreement minus agreement expected from the mapped/target marginals, divided by one minus expected agreement; every cell and marginal is WTMEC4YR-weighted in the weighted sensitivity. Attainment difference is mapped minus observed target percentage points. WTMEC4YR changes evaluation weights only; the D7 headline crosswalk fit remains unweighted.",61.99208739812489,0.929929229090412,scrf,oak,False,10000.0,whole_cohort_subject_grouped_5fold_oof,1296
unweighted_primary,2.81428217208034,3.782095766828586,0.7550829650844698,11.3000231320842,65.9148739301411,8646,0.8429512940041793,62.13277816331251,0.911751422635715,False,2380.0,4753.0,0.7469575538010984,-0.9678135947482458,-0.0081254112833714,0.2670485267305782,0.2021605355172226,-0.006836767392551,1.1699741302654658,-0.0011277996833248,8066.0,11.56707165881478,daily_steps,353.0,580.0,66.11703446565832,subjects,isotonic,8066,0.8361145266116283,"Mapped source is the grouped five-fold OOF isotonic prediction on the target algorithm scale. Positive/negative agreement are symmetric: 2a/(2a+b+c) and 2d/(2d+b+c). Cohen kappa uses the observed agreement minus agreement expected from the mapped/target marginals, divided by one minus expected agreement; every cell and marginal is WTMEC4YR-weighted in the weighted sensitivity. Attainment difference is mapped minus observed target percentage points. WTMEC4YR changes evaluation weights only; the D7 headline crosswalk fit remains unweighted.",63.30275229357798,0.91062362295239,scrf,scssl,False,7000.0,whole_cohort_subject_grouped_5fold_oof,1296
WTMEC4YR_weighted_sensitivity,3.088693339473625,3.979996875453462,0.7518916140805684,11.055435554204852,68.60370772388063,8646,0.8344315088944592,64.62371084842717,0.9170183159541996,False,46195652.4717705,104037033.7416335,0.7511896085219236,-0.8913035359798371,-0.0007020055586447,-0.0640504999035744,0.0753296817435824,-0.0016501552484639,0.9666332177234124,0.001120987781166,168784433.17543602,10.991385054301276,daily_steps,6669256.708237,11882490.253795002,68.67903740562421,WTMEC4YR,isotonic,8066,0.8327813536459953,"Mapped source is the grouped five-fold OOF isotonic prediction on the target algorithm scale. Positive/negative agreement are symmetric: 2a/(2a+b+c) and 2d/(2d+b+c). Cohen kappa uses the observed agreement minus agreement expected from the mapped/target marginals, divided by one minus expected agreement; every cell and marginal is WTMEC4YR-weighted in the weighted sensitivity. Attainment difference is mapped minus observed target percentage points. WTMEC4YR changes evaluation weights only; the D7 headline crosswalk fit remains unweighted.",65.59034406615058,0.9181393037353656,scrf,scssl,False,7000.0,whole_cohort_subject_grouped_5fold_oof,1296
unweighted_primary,2.6407141086040142,2.116585704371965,0.7494797767919189,12.456627342123523,54.927133934767525,8646,0.8649868371568259,52.81054823039556,0.8843800322061192,False,3079.0,3972.0,0.7453830048250709,0.5241284042320493,-0.0040967719668479,0.1270572599097015,1.9288045725471292,-0.0064896950963212,1.4046761683150777,0.0023260733860228,8066.0,12.583684602033228,daily_steps,401.0,614.0,56.855938507314654,subjects,isotonic,8066,0.8584971420605046,"Mapped source is the grouped five-fold OOF isotonic prediction on the target algorithm scale. Positive/negative agreement are symmetric: 2a/(2a+b+c) and 2d/(2d+b+c). Cohen kappa uses the observed agreement minus agreement expected from the mapped/target marginals, divided by one minus expected agreement; every cell and marginal is WTMEC4YR-weighted in the weighted sensitivity. Attainment difference is mapped minus observed target percentage points. WTMEC4YR changes evaluation weights only; the D7 headline crosswalk fit remains unweighted.",54.21522439871064,0.886706105592142,scrf,scssl,False,8000.0,whole_cohort_subject_grouped_5fold_oof,1296
WTMEC4YR_weighted_sensitivity,3.1226117777009788,2.214272845661247,0.7461056988983034,12.485894402566364,57.61476976859993,8646,0.8564587838846451,55.40049692293868,0.8895202854615644,False,59765137.4066225,87282580.37420449,0.7356639788300707,0.9083389320397316,-0.0104417200682326,0.3924943123547955,2.0981892229333425,-0.0103285262967016,1.1898502908936166,-0.0002513483617093,168784433.17543602,12.87838871492116,daily_steps,8233116.402673501,13503598.9919355,59.71295899153327,WTMEC4YR,isotonic,8066,0.8461302575879435,"Mapped source is the grouped five-fold OOF isotonic prediction on the target algorithm scale. Positive/negative agreement are symmetric: 2a/(2a+b+c) and 2d/(2d+b+c). Cohen kappa uses the observed agreement minus agreement expected from the mapped/target marginals, divided by one minus expected agreement; every cell and marginal is WTMEC4YR-weighted in the weighted sensitivity. Attainment difference is mapped minus observed target percentage points. WTMEC4YR changes evaluation weights only; the D7 headline crosswalk fit remains unweighted.",56.590347213832295,0.889268937099855,scrf,scssl,False,8000.0,whole_cohort_subject_grouped_5fold_oof,1296
unweighted_primary,2.008430448797421,0.4395095998149412,0.7259116490036631,12.51445755262549,35.48461716400648,8646,0.9033410755762016,35.04510756419153,0.8225647753361758,False,4527.0,2499.0,0.7248445135859628,1.56892084898248,-0.0010671354177003,0.3791700199011654,2.948311177178745,-0.006372579439883,1.3793903281962727,0.0051927602716413,8066.0,12.893627572526656,daily_steps,439.0,601.0,38.432928341185224,subjects,isotonic,8066,0.8969684961363186,"Mapped source is the grouped five-fold OOF isotonic prediction on the target algorithm scale. Positive/negative agreement are symmetric: 2a/(2a+b+c) and 2d/(2d+b+c). Cohen kappa uses the observed agreement minus agreement expected from the mapped/target marginals, divided by one minus expected agreement; every cell and marginal is WTMEC4YR-weighted in the weighted sensitivity. Attainment difference is mapped minus observed target percentage points. WTMEC4YR changes evaluation weights only; the D7 headline crosswalk fit remains unweighted.",36.424497892387805,0.8277575356078172,scrf,scssl,False,10000.0,whole_cohort_subject_grouped_5fold_oof,1296
WTMEC4YR_weighted_sensitivity,1.6009353763352607,0.2090543478135365,0.7174385367038306,13.084782505983746,36.516886695513065,8646,0.8971122186045746,36.30783234769953,0.8203249847319077,False,91961390.253638,54068516.3738585,0.7161371547094914,1.3918810285217242,-0.0013013819943392,0.3966305128864515,3.0583532963322,-0.007209097996662,1.6664722678104695,0.0058324338947448,168784433.17543602,13.481413018870198,daily_steps,10026198.4237435,12728328.124196,39.575239991845265,WTMEC4YR,isotonic,8066,0.8899031206079125,"Mapped source is the grouped five-fold OOF isotonic prediction on the target algorithm scale. Positive/negative agreement are symmetric: 2a/(2a+b+c) and 2d/(2d+b+c). Cohen kappa uses the observed agreement minus agreement expected from the mapped/target marginals, divided by one minus expected agreement; every cell and marginal is WTMEC4YR-weighted in the weighted sensitivity. Attainment difference is mapped minus observed target percentage points. WTMEC4YR changes evaluation weights only; the D7 headline crosswalk fit remains unweighted.",37.97430461551,0.8261574186266526,scrf,scssl,False,10000.0,whole_cohort_subject_grouped_5fold_oof,1296
unweighted_primary,1.2025787255145026,1.5961138098542715,0.7844503004700166,9.16030534351145,70.18274346518622,8646,0.8503966754816774,68.58662965533195,0.933988998166361,False,2015.0,5326.0,0.7838414532495992,-0.3935350843397689,-0.0006088472204174,-0.1719591992020017,0.9429694036459182,-0.0028677585521296,1.3365044879856924,0.0022859425034112,8066.0,8.988346144309448,daily_steps,314.0,411.0,71.12571286883214,subjects,isotonic,8066,0.8475289169295478,"Mapped source is the grouped five-fold OOF isotonic prediction on the target algorithm scale. Positive/negative agreement are symmetric: 2a/(2a+b+c) and 2d/(2d+b+c). Cohen kappa uses the observed agreement minus agreement expected from the mapped/target marginals, divided by one minus expected agreement; every cell and marginal is WTMEC4YR-weighted in the weighted sensitivity. Attainment difference is mapped minus observed target percentage points. WTMEC4YR changes evaluation weights only; the D7 headline crosswalk fit remains unweighted.",69.92313414331764,0.9362749406697723,scrf,vs,False,7000.0,whole_cohort_subject_grouped_5fold_oof,1296
WTMEC4YR_weighted_sensitivity,1.7290443214115214,1.955949790644651,0.7836449798021218,8.78408197287652,72.67914271325702,8646,0.8447978009063652,70.72319292261237,0.9387451959277616,False,39060134.1042825,115206547.980934,0.7840933587919353,-0.2269054692331296,0.0004483789898135,-0.1827253091789735,0.7426770737956616,-0.0015126270664058,0.9695825430287924,0.0019819469986981,168784433.17543602,8.601356663697546,daily_steps,5799696.7164865,8718054.373732999,73.42181978705268,WTMEC4YR,isotonic,8066,0.8432851738399594,"Mapped source is the grouped five-fold OOF isotonic prediction on the target algorithm scale. Positive/negative agreement are symmetric: 2a/(2a+b+c) and 2d/(2d+b+c). Cohen kappa uses the observed agreement minus agreement expected from the mapped/target marginals, divided by one minus expected agreement; every cell and marginal is WTMEC4YR-weighted in the weighted sensitivity. Attainment difference is mapped minus observed target percentage points. WTMEC4YR changes evaluation weights only; the D7 headline crosswalk fit remains unweighted.",71.69277546564116,0.94072714292646,scrf,vs,False,7000.0,whole_cohort_subject_grouped_5fold_oof,1296
unweighted_primary,2.4175551698487507,1.5035854730511278,0.7749551253202749,10.848947490168865,60.24751330094842,8646,0.866076527698458,58.74392782789729,0.9088258164852256,False,2652.0,4531.0,0.7686360421870284,0.913969696797623,-0.0063190831332464,0.0982382276590563,2.608921115119024,-0.008795131221975,1.694951418321402,0.002385847667615,8066.0,10.94718571782792,daily_steps,344.0,539.0,62.85643441606744,subjects,isotonic,8066,0.8572813964764829,"Mapped source is the grouped five-fold OOF isotonic prediction on the target algorithm scale. Positive/negative agreement are symmetric: 2a/(2a+b+c) and 2d/(2d+b+c). Cohen kappa uses the observed agreement minus agreement expected from the mapped/target marginals, divided by one minus expected agreement; every cell and marginal is WTMEC4YR-weighted in the weighted sensitivity. Attainment difference is mapped minus observed target percentage points. WTMEC4YR changes evaluation weights only; the D7 headline crosswalk fit remains unweighted.",60.43887924621869,0.9112116641528406,scrf,vs,False,8000.0,whole_cohort_subject_grouped_5fold_oof,1296
WTMEC4YR_weighted_sensitivity,3.729882378791382,2.5453044899210853,0.7724549005956884,10.775459198862814,62.84227782917816,8646,0.8598054356395027,60.29697333925708,0.9124937085728768,False,51963708.242483005,98361910.52260852,0.7637491845171067,1.1845778888702974,-0.0087057160785817,0.160865948586208,2.7674742433097066,-0.0106297095411495,1.5828963544393986,0.0017242097490851,168784433.17543602,10.936325147449022,daily_steps,6081676.7895955,12377137.620749,65.60975207248786,WTMEC4YR,isotonic,8066,0.8491757260983532,"Mapped source is the grouped five-fold OOF isotonic prediction on the target algorithm scale. Positive/negative agreement are symmetric: 2a/(2a+b+c) and 2d/(2d+b+c). Cohen kappa uses the observed agreement minus agreement expected from the mapped/target marginals, divided by one minus expected agreement; every cell and marginal is WTMEC4YR-weighted in the weighted sensitivity. Attainment difference is mapped minus observed target percentage points. WTMEC4YR changes evaluation weights only; the D7 headline crosswalk fit remains unweighted.",61.87986969369648,0.914217918321962,scrf,vs,False,8000.0,whole_cohort_subject_grouped_5fold_oof,1296
unweighted_primary,0.9546243491197592,0.1850566736062875,0.7611477608376574,11.40411751098774,39.47490168864214,8646,0.9059339820644916,39.28984501503586,0.8552129221732746,False,4240.0,2883.0,0.7593908191394912,0.7695676755134717,-0.0017569416981662,0.286931336024411,2.5905582667260703,-0.0060082683851961,1.820990591212592,0.0042296176985393,8066.0,11.69104884701215,daily_steps,433.0,510.0,42.06545995536821,subjects,isotonic,8066,0.8999257136792953,"Mapped source is the grouped five-fold OOF isotonic prediction on the target algorithm scale. Positive/negative agreement are symmetric: 2a/(2a+b+c) and 2d/(2d+b+c). Cohen kappa uses the observed agreement minus agreement expected from the mapped/target marginals, divided by one minus expected agreement; every cell and marginal is WTMEC4YR-weighted in the weighted sensitivity. Attainment difference is mapped minus observed target percentage points. WTMEC4YR changes evaluation weights only; the D7 headline crosswalk fit remains unweighted.",41.11083560624845,0.859442539871814,scrf,vs,False,10000.0,whole_cohort_subject_grouped_5fold_oof,1296
WTMEC4YR_weighted_sensitivity,2.493783500300939,1.4310414654347792,0.7545862347433464,11.81524571291372,41.05618739337404,8646,0.9009773906983808,39.62514592793926,0.8535566378674047,False,86411635.313095,61605579.9402825,0.7486473589806326,1.0627420348661598,-0.0059388757627137,0.4887431866270759,2.8422614624519085,-0.0082513486174585,1.7795194275857469,0.0022049130056869,168784433.17543602,12.303988899540796,daily_steps,8279049.7882265,12488168.133832,43.89844885582595,WTMEC4YR,isotonic,8066,0.8927260420809222,"Mapped source is the grouped five-fold OOF isotonic prediction on the target algorithm scale. Positive/negative agreement are symmetric: 2a/(2a+b+c) and 2d/(2d+b+c). Cohen kappa uses the observed agreement minus agreement expected from the mapped/target marginals, divided by one minus expected agreement; every cell and marginal is WTMEC4YR-weighted in the weighted sensitivity. Attainment difference is mapped minus observed target percentage points. WTMEC4YR changes evaluation weights only; the D7 headline crosswalk fit remains unweighted.",41.404665355525005,0.8557615508730916,scrf,vs,False,10000.0,whole_cohort_subject_grouped_5fold_oof,1296
unweighted_primary,2.0580213240763756,2.105019662271568,0.7775330184871169,10.594494563960213,62.00555170020819,8646,0.8643364928909952,59.900532037936614,0.9130929791271348,False,2594.0,4618.0,0.7741199176223982,-0.0469983381951921,-0.0034131008647186,-0.0068426919046711,1.569950407404015,-0.005680418743362,1.6169487455992169,0.0022687651741536,8066.0,10.587651872055542,daily_steps,344.0,510.0,63.5755021076122,subjects,isotonic,8066,0.8586560741476332,"Mapped source is the grouped five-fold OOF isotonic prediction on the target algorithm scale. Positive/negative agreement are symmetric: 2a/(2a+b+c) and 2d/(2d+b+c). Cohen kappa uses the observed agreement minus agreement expected from the mapped/target marginals, divided by one minus expected agreement; every cell and marginal is WTMEC4YR-weighted in the weighted sensitivity. Attainment difference is mapped minus observed target percentage points. WTMEC4YR changes evaluation weights only; the D7 headline crosswalk fit remains unweighted.",61.51748078353583,0.9153617443012884,scrf,vsrev,False,7000.0,whole_cohort_subject_grouped_5fold_oof,1296
WTMEC4YR_weighted_sensitivity,2.2093422251971084,2.240729036817213,0.7772859795737074,10.326620036563366,64.644285897903,8646,0.8584466803024422,62.40355686108578,0.9187186510820724,False,50283034.18582101,101349047.7210805,0.7763952695466461,-0.0313868116201043,-0.0008907100270613,-0.1643373272887505,1.5879691318039022,-0.0041532852752507,1.6193559434240044,0.0032630800212282,168784433.17543602,10.162282709274615,daily_steps,6711662.7584150005,10440688.510119502,66.2322550297069,WTMEC4YR,isotonic,8066,0.8542933950271915,"Mapped source is the grouped five-fold OOF isotonic prediction on the target algorithm scale. Positive/negative agreement are symmetric: 2a/(2a+b+c) and 2d/(2d+b+c). Cohen kappa uses the observed agreement minus agreement expected from the mapped/target marginals, divided by one minus expected agreement; every cell and marginal is WTMEC4YR-weighted in the weighted sensitivity. Attainment difference is mapped minus observed target percentage points. WTMEC4YR changes evaluation weights only; the D7 headline crosswalk fit remains unweighted.",64.02291280450979,0.9219817311033006,scrf,vsrev,False,7000.0,whole_cohort_subject_grouped_5fold_oof,1296
unweighted_primary,2.07041904289611,1.7349063150589927,0.7692091226146552,11.519777931991673,53.11126532500579,8646,0.8793896827318963,51.3763590099468,0.8897498339605933,False,3253.0,3876.0,0.7663731545705421,0.3355127278371173,-0.0028359680441131,0.0968846021020546,1.785833608790398,-0.005279780810628,1.450320880953278,0.0024126703552083,8066.0,11.616662534093727,daily_steps,385.0,552.0,54.89709893379619,subjects,isotonic,8066,0.8741099019212683,"Mapped source is the grouped five-fold OOF isotonic prediction on the target algorithm scale. Positive/negative agreement are symmetric: 2a/(2a+b+c) and 2d/(2d+b+c). Cohen kappa uses the observed agreement minus agreement expected from the mapped/target marginals, divided by one minus expected agreement; every cell and marginal is WTMEC4YR-weighted in the weighted sensitivity. Attainment difference is mapped minus observed target percentage points. WTMEC4YR changes evaluation weights only; the D7 headline crosswalk fit remains unweighted.",52.826679890900074,0.8921625043158016,scrf,vsrev,False,8000.0,whole_cohort_subject_grouped_5fold_oof,1296
WTMEC4YR_weighted_sensitivity,2.9504813057533608,2.3015052195661023,0.7529497615321976,12.259540453956925,55.63857390146525,8646,0.8653158253252731,53.33706868189915,0.8875020127128078,False,63302658.433132,84318133.86732501,0.745498874286085,0.6489760861872584,-0.0074508872461126,0.2793178262858529,2.0622039762659625,-0.008536980826948,1.4132278900787083,0.0009929764048776,168784433.17543602,12.538858280242776,daily_steps,8091843.863558,13071797.011421,57.70077787773121,WTMEC4YR,isotonic,8066,0.856778844498325,"Mapped source is the grouped five-fold OOF isotonic prediction on the target algorithm scale. Positive/negative agreement are symmetric: 2a/(2a+b+c) and 2d/(2d+b+c). Cohen kappa uses the observed agreement minus agreement expected from the mapped/target marginals, divided by one minus expected agreement; every cell and marginal is WTMEC4YR-weighted in the weighted sensitivity. Attainment difference is mapped minus observed target percentage points. WTMEC4YR changes evaluation weights only; the D7 headline crosswalk fit remains unweighted.",54.750296571977856,0.8884949891176854,scrf,vsrev,False,8000.0,whole_cohort_subject_grouped_5fold_oof,1296
unweighted_primary,-1.6241011653855664,-0.3354152209114003,0.7661536035099542,10.559796437659031,34.27018274346519,8646,0.9194672311899093,34.605597964376585,0.8466834592779178,False,4792.0,2429.0,0.7708744118793793,-1.288685944474166,0.0047208083694251,-0.0837240349811256,0.2698618883225592,-0.0004912986939843,1.5585478327967337,0.0051489096507162,8066.0,10.476072402677907,daily_steps,488.0,357.0,34.54004463178775,subjects,isotonic,8066,0.9189759324959248,"Mapped source is the grouped five-fold OOF isotonic prediction on the target algorithm scale. Positive/negative agreement are symmetric: 2a/(2a+b+c) and 2d/(2d+b+c). Cohen kappa uses the observed agreement minus agreement expected from the mapped/target marginals, divided by one minus expected agreement; every cell and marginal is WTMEC4YR-weighted in the weighted sensitivity. Attainment difference is mapped minus observed target percentage points. WTMEC4YR changes evaluation weights only; the D7 headline crosswalk fit remains unweighted.",36.16414579717332,0.851832368928634,scrf,vsrev,False,10000.0,whole_cohort_subject_grouped_5fold_oof,1296
WTMEC4YR_weighted_sensitivity,-1.6165557644077733,-0.0750978705582938,0.7472793421070018,11.532904478141749,35.18909826402737,8646,0.9109749304345238,35.26419613458567,0.8363042555130141,False,98103028.28102852,51710483.904163,0.7569029936111625,-1.5414578938494794,0.0096236515041607,-0.2931706748910887,0.2594890444570552,0.000860800292601,1.800946938306538,0.0086942882919077,168784433.17543602,11.239733803250658,daily_steps,10849707.7370825,8121213.253162,35.44858730848443,WTMEC4YR,isotonic,8066,0.9118357307271248,"Mapped source is the grouped five-fold OOF isotonic prediction on the target algorithm scale. Positive/negative agreement are symmetric: 2a/(2a+b+c) and 2d/(2d+b+c). Cohen kappa uses the observed agreement minus agreement expected from the mapped/target marginals, divided by one minus expected agreement; every cell and marginal is WTMEC4YR-weighted in the weighted sensitivity. Attainment difference is mapped minus observed target percentage points. WTMEC4YR changes evaluation weights only; the D7 headline crosswalk fit remains unweighted.",37.065143072892205,0.8449985438049219,scrf,vsrev,False,10000.0,whole_cohort_subject_grouped_5fold_oof,1296
unweighted_primary,3.1242251425737666,3.7242655563266225,0.5772978919441552,7.656719870460328,91.83437427712236,8646,0.6182237600922722,88.11010872079575,0.9574495436431418,False,426.0,7074.0,0.5637074160515251,-0.6000404137528559,-0.01359047589263,-0.6396110184890906,0.9377556509708568,-0.0173774977509464,1.5377960647237074,0.0040836900118805,8066.0,7.017108851971238,daily_steps,157.0,409.0,92.77212992809322,subjects,isotonic,8066,0.6008462623413258,"Mapped source is the grouped five-fold OOF isotonic prediction on the target algorithm scale. Positive/negative agreement are symmetric: 2a/(2a+b+c) and 2d/(2d+b+c). Cohen kappa uses the observed agreement minus agreement expected from the mapped/target marginals, divided by one minus expected agreement; every cell and marginal is WTMEC4YR-weighted in the weighted sensitivity. Attainment difference is mapped minus observed target percentage points. WTMEC4YR changes evaluation weights only; the D7 headline crosswalk fit remains unweighted.",89.64790478551946,0.9615332336550224,scssl,acti,False,7000.0,whole_cohort_subject_grouped_5fold_oof,1296
WTMEC4YR_weighted_sensitivity,3.6029966916762746,4.196901808674392,0.5300268193919878,7.303232548652791,93.66068769071175,8646,0.5672293495473174,89.46378588203736,0.9601187519823696,False,6764488.913598999,150887856.5048795,0.515343118904342,-0.5939051169981173,-0.0146837004876457,-0.7077855944975395,0.8353189340615046,-0.0186327051310177,1.42922405105962,0.0043049928725663,168784433.17543602,6.595446954155252,daily_steps,2525395.106791,8606692.6501665,94.49600662477326,WTMEC4YR,isotonic,8066,0.5485966444162996,"Mapped source is the grouped five-fold OOF isotonic prediction on the target algorithm scale. Positive/negative agreement are symmetric: 2a/(2a+b+c) and 2d/(2d+b+c). Cohen kappa uses the observed agreement minus agreement expected from the mapped/target marginals, divided by one minus expected agreement; every cell and marginal is WTMEC4YR-weighted in the weighted sensitivity. Attainment difference is mapped minus observed target percentage points. WTMEC4YR changes evaluation weights only; the D7 headline crosswalk fit remains unweighted.",90.89300993309698,0.964423744854936,scssl,acti,False,7000.0,whole_cohort_subject_grouped_5fold_oof,1296
unweighted_primary,3.4713612695264073,3.088133240805002,0.6429767655813061,9.51885264862364,85.73907009021514,8646,0.698865715331138,82.65093684941013,0.9434713922659524,False,747.0,6585.0,0.6187309122157698,0.3832280287214051,-0.0242458533655363,-0.4189270349365586,2.185551779360864,-0.0283091623688399,1.8023237506394592,0.0037380438675344,8066.0,9.099925613687082,daily_steps,227.0,507.0,87.924621869576,subjects,isotonic,8066,0.670556552962298,"Mapped source is the grouped five-fold OOF isotonic prediction on the target algorithm scale. Positive/negative agreement are symmetric: 2a/(2a+b+c) and 2d/(2d+b+c). Cohen kappa uses the observed agreement minus agreement expected from the mapped/target marginals, divided by one minus expected agreement; every cell and marginal is WTMEC4YR-weighted in the weighted sensitivity. Attainment difference is mapped minus observed target percentage points. WTMEC4YR changes evaluation weights only; the D7 headline crosswalk fit remains unweighted.",84.45326060004959,0.9472094361334868,scssl,acti,False,8000.0,whole_cohort_subject_grouped_5fold_oof,1296
WTMEC4YR_weighted_sensitivity,3.658655865828808,3.2110225091194766,0.62774847578052,8.96025199997721,87.64793721936393,8646,0.6790182886588034,84.43691471024445,0.9479311984785131,False,13158041.601508,141044870.109736,0.5955833201547652,0.4476333567093316,-0.0321651556257547,-0.3211131944240719,2.0660540389003046,-0.0355555866948317,1.6184206821909584,0.0029183668570735,168784433.17543602,8.639138805553138,daily_steps,4203139.9496065,10378381.5145855,89.71399125826423,WTMEC4YR,isotonic,8066,0.6434627019639717,"Mapped source is the grouped five-fold OOF isotonic prediction on the target algorithm scale. Positive/negative agreement are symmetric: 2a/(2a+b+c) and 2d/(2d+b+c). Cohen kappa uses the observed agreement minus agreement expected from the mapped/target marginals, divided by one minus expected agreement; every cell and marginal is WTMEC4YR-weighted in the weighted sensitivity. Attainment difference is mapped minus observed target percentage points. WTMEC4YR changes evaluation weights only; the D7 headline crosswalk fit remains unweighted.",86.05533539243541,0.9508495653355868,scssl,acti,False,8000.0,whole_cohort_subject_grouped_5fold_oof,1296
unweighted_primary,4.289610711629055,4.904001850566731,0.6583321335860473,14.781401804302568,70.96923432801296,8646,0.7652461425422483,66.06523247744622,0.8921336934503714,False,1799.0,5079.0,0.6478458802221291,-0.6143911389376759,-0.0104862533639181,-0.0529118464548119,1.5078298921705198,-0.0134701291699123,2.122221031108211,0.0031598020546523,8066.0,14.728489957847756,daily_steps,421.0,767.0,72.47706422018348,subjects,isotonic,8066,0.751776013372336,"Mapped source is the grouped five-fold OOF isotonic prediction on the target algorithm scale. Positive/negative agreement are symmetric: 2a/(2a+b+c) and 2d/(2d+b+c). Cohen kappa uses the observed agreement minus agreement expected from the mapped/target marginals, divided by one minus expected agreement; every cell and marginal is WTMEC4YR-weighted in the weighted sensitivity. Attainment difference is mapped minus observed target percentage points. WTMEC4YR changes evaluation weights only; the D7 headline crosswalk fit remains unweighted.",68.18745350855443,0.8952934955050238,scssl,acti,False,10000.0,whole_cohort_subject_grouped_5fold_oof,1296
WTMEC4YR_weighted_sensitivity,4.79456698790054,5.636744440522912,0.6498272166154844,14.619574968797783,73.32356746039864,8646,0.7521669479112397,67.68682301987572,0.896322711262594,False,34753441.747391,109903742.8930895,0.6444350623942282,-0.842177452622372,-0.0053921542212561,-0.3248630211163128,1.3359293585170349,-0.0098427335669755,2.178106811139415,0.0047686663056676,168784433.17543602,14.29471194768147,daily_steps,8017382.9106054995,16109865.62435,74.65949681891567,WTMEC4YR,isotonic,8066,0.7423242143442642,"Mapped source is the grouped five-fold OOF isotonic prediction on the target algorithm scale. Positive/negative agreement are symmetric: 2a/(2a+b+c) and 2d/(2d+b+c). Cohen kappa uses the observed agreement minus agreement expected from the mapped/target marginals, divided by one minus expected agreement; every cell and marginal is WTMEC4YR-weighted in the weighted sensitivity. Attainment difference is mapped minus observed target percentage points. WTMEC4YR changes evaluation weights only; the D7 headline crosswalk fit remains unweighted.",69.86492983101513,0.9010913775682616,scssl,acti,False,10000.0,whole_cohort_subject_grouped_5fold_oof,1296
unweighted_primary,-0.9794197867592364,-0.659264399722415,0.3388978266055812,1.4457552625491557,0.7749248207263475,8646,0.9926904859364948,1.4341892204487623,0.3455497382198952,True,7926.0,27.0,0.3178720518965005,-0.3201553870368213,-0.0210257747090807,-0.0448130359188556,-0.229425192657912,0.0002315309755001,0.0907301943789093,-0.0221964448067216,8066.0,1.4009422266303,daily_steps,96.0,17.0,0.5454996280684354,subjects,isotonic,8066,0.992922016911995,"Mapped source is the grouped five-fold OOF isotonic prediction on the target algorithm scale. Positive/negative agreement are symmetric: 2a/(2a+b+c) and 2d/(2d+b+c). Cohen kappa uses the observed agreement minus agreement expected from the mapped/target marginals, divided by one minus expected agreement; every cell and marginal is WTMEC4YR-weighted in the weighted sensitivity. Attainment difference is mapped minus observed target percentage points. WTMEC4YR changes evaluation weights only; the D7 headline crosswalk fit remains unweighted.",1.524919414827672,0.3233532934131736,scssl,adept,True,7000.0,whole_cohort_subject_grouped_5fold_oof,1296
WTMEC4YR_weighted_sensitivity,-0.946362304769386,-0.666723136270942,0.3038040025953172,1.276142797569945,0.5905748745914701,8646,0.9935597824956364,1.257298010862412,0.3093990351741681,True,166191735.114696,432432.78628699994,0.2812482738697741,-0.2796391684984438,-0.0225557287255431,0.0037532413068164,-0.1676038196565897,-1.7130355399852526e-05,0.1120353488418541,-0.0235054271591754,168784433.17543602,1.2798960388767615,daily_steps,1878788.763172,281476.511281,0.4229710549348803,WTMEC4YR,isotonic,8066,0.9935426521402366,"Mapped source is the grouped five-fold OOF isotonic prediction on the target algorithm scale. Positive/negative agreement are symmetric: 2a/(2a+b+c) and 2d/(2d+b+c). Cohen kappa uses the observed agreement minus agreement expected from the mapped/target marginals, divided by one minus expected agreement; every cell and marginal is WTMEC4YR-weighted in the weighted sensitivity. Attainment difference is mapped minus observed target percentage points. WTMEC4YR changes evaluation weights only; the D7 headline crosswalk fit remains unweighted.",1.3693333597042665,0.2858936080149926,scssl,adept,True,7000.0,whole_cohort_subject_grouped_5fold_oof,1296
unweighted_primary,-0.4959087527894867,-0.4395095998149433,0.1592167243023168,0.948415452232246,0.3469812630117973,8646,0.9952308944980808,0.7864908628267407,0.1632653061224489,True,7976.0,8.0,0.1590075095426867,-0.0563991529745434,-0.0002092147596301,0.0681974909862017,0.0125525827605805,-0.0003450269665852,0.0689517357351239,0.0,8066.0,1.016612943218448,daily_steps,61.0,21.0,0.3595338457723779,subjects,isotonic,8066,0.9948858675314955,"Mapped source is the grouped five-fold OOF isotonic prediction on the target algorithm scale. Positive/negative agreement are symmetric: 2a/(2a+b+c) and 2d/(2d+b+c). Cohen kappa uses the observed agreement minus agreement expected from the mapped/target marginals, divided by one minus expected agreement; every cell and marginal is WTMEC4YR-weighted in the weighted sensitivity. Attainment difference is mapped minus observed target percentage points. WTMEC4YR changes evaluation weights only; the D7 headline crosswalk fit remains unweighted.",0.8554425985618647,0.1632653061224489,scssl,adept,True,8000.0,whole_cohort_subject_grouped_5fold_oof,1296
WTMEC4YR_weighted_sensitivity,-0.3911007653827106,-0.3887151799912864,0.1856739799962856,0.7183175537529188,0.2482742415679816,8646,0.996392444040216,0.6369894215592681,0.1885834879798218,True,167272680.939401,149484.97389,0.1765557852324495,-0.0023855853914241,-0.0091181947638361,0.0887872464445304,0.0482933923939806,-0.0004479257975934,0.0506789777854048,-0.0086152414260996,168784433.17543602,0.8071048001974492,daily_steps,1011192.2360705,351075.02607449994,0.2965676339619623,WTMEC4YR,isotonic,8066,0.9959445182426224,"Mapped source is the grouped five-fold OOF isotonic prediction on the target algorithm scale. Positive/negative agreement are symmetric: 2a/(2a+b+c) and 2d/(2d+b+c). Cohen kappa uses the observed agreement minus agreement expected from the mapped/target marginals, divided by one minus expected agreement; every cell and marginal is WTMEC4YR-weighted in the weighted sensitivity. Attainment difference is mapped minus observed target percentage points. WTMEC4YR changes evaluation weights only; the D7 headline crosswalk fit remains unweighted.",0.6876683993446729,0.1799682465537222,scssl,adept,True,8000.0,whole_cohort_subject_grouped_5fold_oof,1296
unweighted_primary,-0.1611703446565832,-0.1966227157066851,0.0,0.1966227157066851,0.0,8646,0.999015918958032,0.1966227157066851,0.0,True,8043.0,0.0,-0.0009711985669781,0.0354523710501019,-0.0009711985669781,0.0885248171472697,0.0619885940986858,-0.0004436922524635,0.0265362230485838,0.0,8066.0,0.2851475328539549,daily_steps,18.0,5.0,0.0619885940986858,subjects,isotonic,8066,0.9985722267055684,"Mapped source is the grouped five-fold OOF isotonic prediction on the target algorithm scale. Positive/negative agreement are symmetric: 2a/(2a+b+c) and 2d/(2d+b+c). Cohen kappa uses the observed agreement minus agreement expected from the mapped/target marginals, divided by one minus expected agreement; every cell and marginal is WTMEC4YR-weighted in the weighted sensitivity. Attainment difference is mapped minus observed target percentage points. WTMEC4YR changes evaluation weights only; the D7 headline crosswalk fit remains unweighted.",0.223158938755269,0.0,scssl,adept,True,10000.0,whole_cohort_subject_grouped_5fold_oof,1296
WTMEC4YR_weighted_sensitivity,-0.0788098660477409,-0.1567044574581063,-7.084820959365515e-14,0.1567044574581063,0.0,8646,0.9992158633241476,0.1567044574581063,0.0,True,168424715.83279198,0.0,-0.0009207444101186,0.0778945914103653,-0.0009207444100477,0.0564178879362148,0.0671562396732901,-0.000282611790795,-0.0107383517370752,0.0,168784433.17543602,0.2131223453943211,daily_steps,246368.0641695,113349.2784745,0.0671562396732901,WTMEC4YR,isotonic,8066,0.9989332515333526,"Mapped source is the grouped five-fold OOF isotonic prediction on the target algorithm scale. Positive/negative agreement are symmetric: 2a/(2a+b+c) and 2d/(2d+b+c). Cohen kappa uses the observed agreement minus agreement expected from the mapped/target marginals, divided by one minus expected agreement; every cell and marginal is WTMEC4YR-weighted in the weighted sensitivity. Attainment difference is mapped minus observed target percentage points. WTMEC4YR changes evaluation weights only; the D7 headline crosswalk fit remains unweighted.",0.145966105721031,0.0,scssl,adept,True,10000.0,whole_cohort_subject_grouped_5fold_oof,1296
unweighted_primary,4.041656335234323,3.7473976405274168,0.6612287196353399,10.525098311357851,82.69720101781171,8646,0.7255729794933655,78.94980337728428,0.9348883800801374,False,993.0,6225.0,0.6380280607887087,0.2942586947069059,-0.0232006588466312,-0.0118327522207337,1.7560595822378815,-0.0247966915611143,1.461800887530984,0.0013426321021455,8066.0,10.51326555913712,daily_steps,261.0,587.0,84.45326060004959,subjects,isotonic,8066,0.7007762879322512,"Mapped source is the grouped five-fold OOF isotonic prediction on the target algorithm scale. Positive/negative agreement are symmetric: 2a/(2a+b+c) and 2d/(2d+b+c). Cohen kappa uses the observed agreement minus agreement expected from the mapped/target marginals, divided by one minus expected agreement; every cell and marginal is WTMEC4YR-weighted in the weighted sensitivity. Attainment difference is mapped minus observed target percentage points. WTMEC4YR changes evaluation weights only; the D7 headline crosswalk fit remains unweighted.",80.41160426481527,0.936231012182283,scssl,oak,False,7000.0,whole_cohort_subject_grouped_5fold_oof,1296
WTMEC4YR_weighted_sensitivity,3.718014602603059,3.3092245484332983,0.6393532625000194,10.171850478926746,84.70781465519111,8646,0.6998887132661807,81.39859010675782,0.938763044727238,False,17576348.3709185,134225948.137772,0.6157860048860749,0.4087900541697609,-0.0235672576139445,-0.1104151040814152,1.7069859655117483,-0.0256236500915448,1.298195911341992,0.0017411183829154,168784433.17543602,10.061435374845331,daily_steps,5353353.397181001,11628783.2695645,86.41480062070286,WTMEC4YR,isotonic,8066,0.6742650631746359,"Mapped source is the grouped five-fold OOF isotonic prediction on the target algorithm scale. Positive/negative agreement are symmetric: 2a/(2a+b+c) and 2d/(2d+b+c). Cohen kappa uses the observed agreement minus agreement expected from the mapped/target marginals, divided by one minus expected agreement; every cell and marginal is WTMEC4YR-weighted in the weighted sensitivity. Attainment difference is mapped minus observed target percentage points. WTMEC4YR changes evaluation weights only; the D7 headline crosswalk fit remains unweighted.",82.69678601809981,0.9405041631101536,scssl,oak,False,7000.0,whole_cohort_subject_grouped_5fold_oof,1296
unweighted_primary,4.475576493925115,5.170020818875775,0.658713167854738,12.780476520934537,77.77006708304418,8646,0.742484269401072,72.60004626416841,0.9150065379586184,False,1381.0,5654.0,0.6456140895149312,-0.69444432495066,-0.0130990783398068,0.0015715822144848,0.955447422286838,-0.0143007734875471,1.64989174723749,0.0014372581350681,8066.0,12.78204810314902,daily_steps,335.0,696.0,78.72551450533102,subjects,isotonic,8066,0.7281834959135249,"Mapped source is the grouped five-fold OOF isotonic prediction on the target algorithm scale. Positive/negative agreement are symmetric: 2a/(2a+b+c) and 2d/(2d+b+c). Cohen kappa uses the observed agreement minus agreement expected from the mapped/target marginals, divided by one minus expected agreement; every cell and marginal is WTMEC4YR-weighted in the weighted sensitivity. Attainment difference is mapped minus observed target percentage points. WTMEC4YR changes evaluation weights only; the D7 headline crosswalk fit remains unweighted.",74.2499380114059,0.9164437960936866,scssl,oak,False,8000.0,whole_cohort_subject_grouped_5fold_oof,1296
WTMEC4YR_weighted_sensitivity,3.9871782987478177,4.744889748189863,0.6470895813585812,12.329645623982149,79.91834229488887,8646,0.7254478200478119,75.17345254669901,0.9205009804898076,False,25367974.989844,122512699.2194915,0.6304818293399864,-0.7577114494420449,-0.0166077520185947,0.0552399799958855,0.8529967932706768,-0.0172379358049667,1.6107082427127324,0.0008925245696682,168784433.17543602,12.384885603978033,daily_steps,7087011.3374325,13816747.628668,80.77133908815955,WTMEC4YR,isotonic,8066,0.7082098842428451,"Mapped source is the grouped five-fold OOF isotonic prediction on the target algorithm scale. Positive/negative agreement are symmetric: 2a/(2a+b+c) and 2d/(2d+b+c). Cohen kappa uses the observed agreement minus agreement expected from the mapped/target marginals, divided by one minus expected agreement; every cell and marginal is WTMEC4YR-weighted in the weighted sensitivity. Attainment difference is mapped minus observed target percentage points. WTMEC4YR changes evaluation weights only; the D7 headline crosswalk fit remains unweighted.",76.78416078941174,0.921393505059476,scssl,oak,False,8000.0,whole_cohort_subject_grouped_5fold_oof,1296
unweighted_primary,-0.1983635011157947,0.9252833680314598,0.6769834280682092,15.706685172334028,58.76705991209808,8646,0.8116504854368932,57.841776544066626,0.8653045030747868,False,2648.0,4168.0,0.6786465040149985,-1.1236468691472543,0.0016630759467892,-0.209536647662567,0.556024640344269,-0.0026067946333491,1.67967150949152,0.0042969991159079,8066.0,15.49714852467146,daily_steps,633.0,617.0,59.32308455244235,subjects,isotonic,8066,0.8090436908035441,"Mapped source is the grouped five-fold OOF isotonic prediction on the target algorithm scale. Positive/negative agreement are symmetric: 2a/(2a+b+c) and 2d/(2d+b+c). Cohen kappa uses the observed agreement minus agreement expected from the mapped/target marginals, divided by one minus expected agreement; every cell and marginal is WTMEC4YR-weighted in the weighted sensitivity. Attainment difference is mapped minus observed target percentage points. WTMEC4YR changes evaluation weights only; the D7 headline crosswalk fit remains unweighted.",59.521448053558146,0.8696015021906948,scssl,oak,False,10000.0,whole_cohort_subject_grouped_5fold_oof,1296
WTMEC4YR_weighted_sensitivity,-0.2940293587040399,1.2196955278521826,0.6761326563742163,15.447594976225378,61.357282705576985,8646,0.8032282100129958,60.1375871777248,0.8728539320955436,False,51908722.1503595,91893999.8455575,0.6863826467678927,-1.5137248865562225,0.0102499903936764,-0.6466380932213713,0.3407753338438581,0.0028131332988241,1.854500220400084,0.0074844988227271,168784433.17543602,14.800956883004009,daily_steps,12738993.4829885,12242717.6965305,61.69805803942084,WTMEC4YR,isotonic,8066,0.80604134331182,"Mapped source is the grouped five-fold OOF isotonic prediction on the target algorithm scale. Positive/negative agreement are symmetric: 2a/(2a+b+c) and 2d/(2d+b+c). Cohen kappa uses the observed agreement minus agreement expected from the mapped/target marginals, divided by one minus expected agreement; every cell and marginal is WTMEC4YR-weighted in the weighted sensitivity. Attainment difference is mapped minus observed target percentage points. WTMEC4YR changes evaluation weights only; the D7 headline crosswalk fit remains unweighted.",61.99208739812489,0.8803384309182708,scssl,oak,False,10000.0,whole_cohort_subject_grouped_5fold_oof,1296
unweighted_primary,2.975452516736921,2.8915105250983064,0.7565165081481925,8.836456164700438,77.66597270414064,8646,0.8142023346303502,74.77446217904233,0.9420333839150228,False,1460.0,5884.0,0.7442748436861227,0.0839419916386141,-0.0122416644620697,0.1146968231497975,1.2455075834864289,-0.012445058408494,1.1615655918478325,0.0001603710889803,8066.0,8.951152987850236,daily_steps,241.0,481.0,78.91148028762707,subjects,isotonic,8066,0.8017572762218561,"Mapped source is the grouped five-fold OOF isotonic prediction on the target algorithm scale. Positive/negative agreement are symmetric: 2a/(2a+b+c) and 2d/(2d+b+c). Cohen kappa uses the observed agreement minus agreement expected from the mapped/target marginals, divided by one minus expected agreement; every cell and marginal is WTMEC4YR-weighted in the weighted sensitivity. Attainment difference is mapped minus observed target percentage points. WTMEC4YR changes evaluation weights only; the D7 headline crosswalk fit remains unweighted.",75.93602777089016,0.9421937550040032,scssl,scrf,False,7000.0,whole_cohort_subject_grouped_5fold_oof,1296
WTMEC4YR_weighted_sensitivity,2.549237249968561,2.5971981919825526,0.7480830665682098,8.501610020369235,79.83458976825807,8646,0.80195661745766,77.23739157627551,0.945874433189194,False,27087703.2733725,126986556.90004,0.7319739519080439,-0.0479609420139914,-0.0161091146601658,0.2137511804671099,1.0336506579831308,-0.0155016452905061,1.0816115999971316,-0.0006235512944007,168784433.17543602,8.715361200836345,daily_steps,5203728.6796835,9506444.32234,80.8682404262412,WTMEC4YR,isotonic,8066,0.7864549721671539,"Mapped source is the grouped five-fold OOF isotonic prediction on the target algorithm scale. Positive/negative agreement are symmetric: 2a/(2a+b+c) and 2d/(2d+b+c). Cohen kappa uses the observed agreement minus agreement expected from the mapped/target marginals, divided by one minus expected agreement; every cell and marginal is WTMEC4YR-weighted in the weighted sensitivity. Attainment difference is mapped minus observed target percentage points. WTMEC4YR changes evaluation weights only; the D7 headline crosswalk fit remains unweighted.",78.31900317627264,0.9452508818947932,scssl,scrf,False,7000.0,whole_cohort_subject_grouped_5fold_oof,1296
unweighted_primary,4.32680386808827,3.2384917881100983,0.7535762981782982,10.363173721952348,71.61693268563496,8646,0.8272937548188126,68.37844089752487,0.9259748843357568,False,1825.0,5374.0,0.7340310552717874,1.0883120799781714,-0.0195452429065108,0.3856484947597778,2.546221294032776,-0.0192353089476592,1.4579092140545953,-0.0006197401256836,8066.0,10.748822216712126,daily_steps,259.0,608.0,74.16315397966774,subjects,isotonic,8066,0.8080584458711534,"Mapped source is the grouped five-fold OOF isotonic prediction on the target algorithm scale. Positive/negative agreement are symmetric: 2a/(2a+b+c) and 2d/(2d+b+c). Cohen kappa uses the observed agreement minus agreement expected from the mapped/target marginals, divided by one minus expected agreement; every cell and marginal is WTMEC4YR-weighted in the weighted sensitivity. Attainment difference is mapped minus observed target percentage points. WTMEC4YR changes evaluation weights only; the D7 headline crosswalk fit remains unweighted.",69.83635011157946,0.9253551442100733,scssl,scrf,False,8000.0,whole_cohort_subject_grouped_5fold_oof,1296
WTMEC4YR_weighted_sensitivity,4.158347525538842,3.120719820605533,0.7549547171449797,9.792802902454444,74.01637992035855,8646,0.8222333354506208,70.89566009975302,0.9324224343188092,False,34802854.4819955,116577150.064189,0.7311174929042529,1.0376277049333087,-0.0238372242407268,0.5188285091705716,2.2872717885484093,-0.0222609312074995,1.2496440836151097,-0.0018849061135441,168784433.17543602,10.311631411625015,daily_steps,5192892.664403,12211535.9648485,76.30365170890695,WTMEC4YR,isotonic,8066,0.7999724042431213,"Mapped source is the grouped five-fold OOF isotonic prediction on the target algorithm scale. Positive/negative agreement are symmetric: 2a/(2a+b+c) and 2d/(2d+b+c). Cohen kappa uses the observed agreement minus agreement expected from the mapped/target marginals, divided by one minus expected agreement; every cell and marginal is WTMEC4YR-weighted in the weighted sensitivity. Attainment difference is mapped minus observed target percentage points. WTMEC4YR changes evaluation weights only; the D7 headline crosswalk fit remains unweighted.",72.14530418336813,0.930537528205265,scssl,scrf,False,8000.0,whole_cohort_subject_grouped_5fold_oof,1296
unweighted_primary,2.5663277956855968,2.590793430488092,0.7421600889988409,12.768910478834142,56.34975711311589,8646,0.8579516212043232,53.7589636826278,0.8840336134453781,False,2976.0,4075.0,0.7437377499013856,-0.0244656348024951,0.0015776609025447,-0.1852258768009154,1.7459532761724788,-0.0036384304479001,1.7704189109749675,0.0052189779348728,8066.0,12.583684602033228,daily_steps,404.0,611.0,58.09571038928837,subjects,isotonic,8066,0.8543131907564231,"Mapped source is the grouped five-fold OOF isotonic prediction on the target algorithm scale. Positive/negative agreement are symmetric: 2a/(2a+b+c) and 2d/(2d+b+c). Cohen kappa uses the observed agreement minus agreement expected from the mapped/target marginals, divided by one minus expected agreement; every cell and marginal is WTMEC4YR-weighted in the weighted sensitivity. Attainment difference is mapped minus observed target percentage points. WTMEC4YR changes evaluation weights only; the D7 headline crosswalk fit remains unweighted.",55.52938259360277,0.8892525913802509,scssl,scrf,False,10000.0,whole_cohort_subject_grouped_5fold_oof,1296
WTMEC4YR_weighted_sensitivity,2.225048671670138,2.6524569980566626,0.7413075617444264,12.641997833378534,58.962797091311536,8646,0.8507911491905764,56.31034009325487,0.8903300617806805,False,58243990.021796,89808111.096843,0.745561293807871,-0.4274083263865247,0.0042537320634445,-0.358677821723413,1.5001514753644614,-0.0018790729786336,1.927559801750988,0.0061886221980583,168784433.17543602,12.28332001165512,daily_steps,8488398.1342205,12243933.922576498,60.462948566676,WTMEC4YR,isotonic,8066,0.8489120762119428,"Mapped source is the grouped five-fold OOF isotonic prediction on the target algorithm scale. Positive/negative agreement are symmetric: 2a/(2a+b+c) and 2d/(2d+b+c). Cohen kappa uses the observed agreement minus agreement expected from the mapped/target marginals, divided by one minus expected agreement; every cell and marginal is WTMEC4YR-weighted in the weighted sensitivity. Attainment difference is mapped minus observed target percentage points. WTMEC4YR changes evaluation weights only; the D7 headline crosswalk fit remains unweighted.",58.23789989500586,0.8965186839787389,scssl,scrf,False,10000.0,whole_cohort_subject_grouped_5fold_oof,1296
unweighted_primary,4.165633523431689,3.099699282905388,0.679536802200469,13.43974092065695,71.68632893823734,8646,0.7749806351665376,68.58662965533195,0.904188654353562,False,1710.0,5260.0,0.6636785412542701,1.0659342405263006,-0.0158582609461989,0.1481589057749861,2.4024387285119815,-0.0176732835279193,1.3365044879856924,0.0014587285665481,8066.0,13.587899826431936,daily_steps,380.0,716.0,74.08876766674932,subjects,isotonic,8066,0.7573073516386183,"Mapped source is the grouped five-fold OOF isotonic prediction on the target algorithm scale. Positive/negative agreement are symmetric: 2a/(2a+b+c) and 2d/(2d+b+c). Cohen kappa uses the observed agreement minus agreement expected from the mapped/target marginals, divided by one minus expected agreement; every cell and marginal is WTMEC4YR-weighted in the weighted sensitivity. Attainment difference is mapped minus observed target percentage points. WTMEC4YR changes evaluation weights only; the D7 headline crosswalk fit remains unweighted.",69.92313414331764,0.9056473829201102,scssl,vs,False,7000.0,whole_cohort_subject_grouped_5fold_oof,1296
WTMEC4YR_weighted_sensitivity,4.571963076398832,3.367425374690769,0.6825291158687264,12.703695650194613,74.09061829730314,8646,0.7698029900050082,70.72319292261237,0.9122756624994652,False,32875478.031167004,113820296.214062,0.6610040224442663,1.2045377017080634,-0.0215250934244601,0.3832096494474779,2.1741202447368693,-0.021268788575308,0.9695825430287924,-0.0007260895522114,168784433.17543602,13.08690529964209,daily_steps,7185948.4833585,14902710.4468485,76.26473854204,WTMEC4YR,isotonic,8066,0.7485342014297002,"Mapped source is the grouped five-fold OOF isotonic prediction on the target algorithm scale. Positive/negative agreement are symmetric: 2a/(2a+b+c) and 2d/(2d+b+c). Cohen kappa uses the observed agreement minus agreement expected from the mapped/target marginals, divided by one minus expected agreement; every cell and marginal is WTMEC4YR-weighted in the weighted sensitivity. Attainment difference is mapped minus observed target percentage points. WTMEC4YR changes evaluation weights only; the D7 headline crosswalk fit remains unweighted.",71.69277546564116,0.9115495729472536,scssl,vs,False,7000.0,whole_cohort_subject_grouped_5fold_oof,1296
unweighted_primary,0.8306471609223931,1.8736988202637028,0.6694263706866184,15.914873930141106,60.61762664816099,8646,0.8026391279403328,58.74392782789729,0.8666666666666667,False,2531.0,4282.0,0.673971405015229,-1.0430516593413095,0.0045450343286106,-0.3805322490104323,0.6518997589800932,-0.00105559666559,1.694951418321402,0.0056975994023972,8066.0,15.534341681130671,daily_steps,593.0,660.0,61.269526407141086,subjects,isotonic,8066,0.8015835312747427,"Mapped source is the grouped five-fold OOF isotonic prediction on the target algorithm scale. Positive/negative agreement are symmetric: 2a/(2a+b+c) and 2d/(2d+b+c). Cohen kappa uses the observed agreement minus agreement expected from the mapped/target marginals, divided by one minus expected agreement; every cell and marginal is WTMEC4YR-weighted in the weighted sensitivity. Attainment difference is mapped minus observed target percentage points. WTMEC4YR changes evaluation weights only; the D7 headline crosswalk fit remains unweighted.",60.43887924621869,0.8723642660690639,scssl,vs,False,8000.0,whole_cohort_subject_grouped_5fold_oof,1296
WTMEC4YR_weighted_sensitivity,1.889406973589991,2.771689357607665,0.6595468886134874,16.10637592113087,63.06866269686474,8646,0.7898282821434696,60.29697333925708,0.8694419577554411,False,49494331.364737496,92786097.66446052,0.6639548186878947,-0.8822823840176741,0.0044079300744073,-0.4035035367507849,0.7006139704217134,-0.001027906839368,1.5828963544393844,0.0055840743413738,168784433.17543602,15.702872384380084,daily_steps,11657489.6477435,14846514.4984945,63.769276667286455,WTMEC4YR,isotonic,8066,0.7888003753041015,"Mapped source is the grouped five-fold OOF isotonic prediction on the target algorithm scale. Positive/negative agreement are symmetric: 2a/(2a+b+c) and 2d/(2d+b+c). Cohen kappa uses the observed agreement minus agreement expected from the mapped/target marginals, divided by one minus expected agreement; every cell and marginal is WTMEC4YR-weighted in the weighted sensitivity. Attainment difference is mapped minus observed target percentage points. WTMEC4YR changes evaluation weights only; the D7 headline crosswalk fit remains unweighted.",61.87986969369646,0.875026032096815,scssl,vs,False,8000.0,whole_cohort_subject_grouped_5fold_oof,1296
unweighted_primary,-2.132407636994793,-3.0650011566042137,0.6565782203175429,16.157760814249365,36.22484385843164,8646,0.870203474867602,39.28984501503586,0.7860315515392863,False,4162.0,2556.0,0.6521246025320719,0.9325935196094206,-0.0044536177854709,0.5543641547563389,2.7535841108220183,-0.0095748561744671,1.820990591212592,0.0052997178105589,8066.0,16.712124969005703,daily_steps,760.0,588.0,38.97842796925366,subjects,isotonic,8066,0.8606286186931348,"Mapped source is the grouped five-fold OOF isotonic prediction on the target algorithm scale. Positive/negative agreement are symmetric: 2a/(2a+b+c) and 2d/(2d+b+c). Cohen kappa uses the observed agreement minus agreement expected from the mapped/target marginals, divided by one minus expected agreement; every cell and marginal is WTMEC4YR-weighted in the weighted sensitivity. Attainment difference is mapped minus observed target percentage points. WTMEC4YR changes evaluation weights only; the D7 headline crosswalk fit remains unweighted.",41.11083560624845,0.7913312693498452,scssl,vs,False,10000.0,whole_cohort_subject_grouped_5fold_oof,1296
WTMEC4YR_weighted_sensitivity,-0.7255446990144687,-2.1469035758078014,0.6532991250448325,16.43423576911804,37.47824235213146,8646,0.8662759246237787,39.62514592793926,0.7868545580717901,False,85069342.2699885,54829562.0439045,0.6463909235777586,1.4213588767933327,-0.0069082014670738,0.6796226111267352,3.200878304379067,-0.0114116765398939,1.7795194275857398,0.0046528855817536,168784433.17543602,17.113858380244775,daily_steps,15055067.6846045,13830461.1769385,40.67912065651053,WTMEC4YR,isotonic,8066,0.8548642480838847,"Mapped source is the grouped five-fold OOF isotonic prediction on the target algorithm scale. Positive/negative agreement are symmetric: 2a/(2a+b+c) and 2d/(2d+b+c). Cohen kappa uses the observed agreement minus agreement expected from the mapped/target marginals, divided by one minus expected agreement; every cell and marginal is WTMEC4YR-weighted in the weighted sensitivity. Attainment difference is mapped minus observed target percentage points. WTMEC4YR changes evaluation weights only; the D7 headline crosswalk fit remains unweighted.",41.404665355525,0.7915074436535438,scssl,vs,False,10000.0,whole_cohort_subject_grouped_5fold_oof,1296
unweighted_primary,4.227622117530371,2.822114272495957,0.6316855911869732,17.487855655794586,62.72264631043257,8646,0.7739910313901345,59.900532037936614,0.8573853989813243,False,2216.0,4415.0,0.6163569349389361,1.4055078450344145,-0.0153286562480371,0.3028708505282509,3.022456590633631,-0.0185794070506083,1.6169487455992169,0.0028191796840434,8066.0,17.790726506322837,daily_steps,547.0,888.0,65.7451029010662,subjects,isotonic,8066,0.7554116243395261,"Mapped source is the grouped five-fold OOF isotonic prediction on the target algorithm scale. Positive/negative agreement are symmetric: 2a/(2a+b+c) and 2d/(2d+b+c). Cohen kappa uses the observed agreement minus agreement expected from the mapped/target marginals, divided by one minus expected agreement; every cell and marginal is WTMEC4YR-weighted in the weighted sensitivity. Attainment difference is mapped minus observed target percentage points. WTMEC4YR changes evaluation weights only; the D7 headline crosswalk fit remains unweighted.",61.51748078353583,0.8602045786653677,scssl,vsrev,False,7000.0,whole_cohort_subject_grouped_5fold_oof,1296
WTMEC4YR_weighted_sensitivity,3.784317486713329,2.7125357000081673,0.627743200575364,17.21692675455438,65.11609256109395,8646,0.7624607687835474,62.40355686108578,0.8649860877710365,False,42914621.3863635,96638947.98942652,0.6151950706140152,1.0717817867051616,-0.0125481299613487,0.1015328034210796,2.691137730129185,-0.0165094105798223,1.6193559434240186,0.0036444154561421,168784433.17543602,17.31845955797546,daily_steps,11421762.490068998,17809101.309577003,67.80723029122314,WTMEC4YR,isotonic,8066,0.745951358203725,"Mapped source is the grouped five-fold OOF isotonic prediction on the target algorithm scale. Positive/negative agreement are symmetric: 2a/(2a+b+c) and 2d/(2d+b+c). Cohen kappa uses the observed agreement minus agreement expected from the mapped/target marginals, divided by one minus expected agreement; every cell and marginal is WTMEC4YR-weighted in the weighted sensitivity. Attainment difference is mapped minus observed target percentage points. WTMEC4YR changes evaluation weights only; the D7 headline crosswalk fit remains unweighted.",64.0229128045098,0.8686305032271786,scssl,vsrev,False,7000.0,whole_cohort_subject_grouped_5fold_oof,1296
unweighted_primary,4.549962806843544,3.735831598427019,0.626754271136453,18.609761739532733,55.112190608373815,8646,0.8009894867037725,51.3763590099468,0.8252416639513414,False,2869.0,3692.0,0.6236900264727289,0.8141312084165242,-0.0030642446637241,0.0488050841717075,2.2644520893698044,-0.008776315365929,1.450320880953278,0.0054479524284538,8066.0,18.65856682370444,daily_steps,569.0,936.0,57.37664269774362,subjects,isotonic,8066,0.7922131713378434,"Mapped source is the grouped five-fold OOF isotonic prediction on the target algorithm scale. Positive/negative agreement are symmetric: 2a/(2a+b+c) and 2d/(2d+b+c). Cohen kappa uses the observed agreement minus agreement expected from the mapped/target marginals, divided by one minus expected agreement; every cell and marginal is WTMEC4YR-weighted in the weighted sensitivity. Attainment difference is mapped minus observed target percentage points. WTMEC4YR changes evaluation weights only; the D7 headline crosswalk fit remains unweighted.",52.826679890900074,0.8306896163797952,scssl,vsrev,False,8000.0,whole_cohort_subject_grouped_5fold_oof,1296
WTMEC4YR_weighted_sensitivity,5.025922811261108,4.335920869753362,0.6163367276286745,18.986687407525512,57.672989551652506,8646,0.7866423212484444,53.33706868189915,0.8289642604494465,False,55959668.593875,80478166.20902699,0.6094563887059093,0.6900019415077452,-0.0068803389227651,0.1777567085457008,2.1032298315864537,-0.0108574018695893,1.4132278900787083,0.0036994335760919,168784433.17543602,19.164444116071213,daily_steps,11931811.521856,20414786.850678,59.77621938323896,WTMEC4YR,isotonic,8066,0.775784919378855,"Mapped source is the grouped five-fold OOF isotonic prediction on the target algorithm scale. Positive/negative agreement are symmetric: 2a/(2a+b+c) and 2d/(2d+b+c). Cohen kappa uses the observed agreement minus agreement expected from the mapped/target marginals, divided by one minus expected agreement; every cell and marginal is WTMEC4YR-weighted in the weighted sensitivity. Attainment difference is mapped minus observed target percentage points. WTMEC4YR changes evaluation weights only; the D7 headline crosswalk fit remains unweighted.",54.750296571977856,0.8326636940255384,scssl,vsrev,False,8000.0,whole_cohort_subject_grouped_5fold_oof,1296
unweighted_primary,-0.7686585668237045,-0.3469812630117974,0.61372598350473,17.441591487393012,34.258616701364794,8646,0.8669959428470629,34.605597964376585,0.7467248908296943,False,4454.0,2160.0,0.608311487266496,-0.421677303811907,-0.0054144962382339,0.5598962388653561,1.1368705289848222,-0.007150383001503,1.5585478327967337,0.0017158576110541,8066.0,18.001487726258368,daily_steps,757.0,695.0,35.395487230349616,subjects,isotonic,8066,0.8598455598455599,"Mapped source is the grouped five-fold OOF isotonic prediction on the target algorithm scale. Positive/negative agreement are symmetric: 2a/(2a+b+c) and 2d/(2d+b+c). Cohen kappa uses the observed agreement minus agreement expected from the mapped/target marginals, divided by one minus expected agreement; every cell and marginal is WTMEC4YR-weighted in the weighted sensitivity. Attainment difference is mapped minus observed target percentage points. WTMEC4YR changes evaluation weights only; the D7 headline crosswalk fit remains unweighted.",36.16414579717332,0.7484407484407485,scssl,vsrev,False,10000.0,whole_cohort_subject_grouped_5fold_oof,1296
WTMEC4YR_weighted_sensitivity,-0.2420667834650502,0.2898050537632812,0.5985323432170426,18.364147096180925,35.55400118834895,8646,0.8578426162538662,35.26419613458567,0.7406860412947328,False,90459107.1859265,46386486.244604,0.5938530913152199,-0.5318718372283315,-0.0046792519018227,0.5587115727272369,1.269075101078208,-0.0078909192214816,1.800946938306538,0.0032127989775202,168784433.17543602,18.92285866890816,daily_steps,16173705.3966415,15765134.348264,36.82307628942715,WTMEC4YR,isotonic,8066,0.8499516970323845,"Mapped source is the grouped five-fold OOF isotonic prediction on the target algorithm scale. Positive/negative agreement are symmetric: 2a/(2a+b+c) and 2d/(2d+b+c). Cohen kappa uses the observed agreement minus agreement expected from the mapped/target marginals, divided by one minus expected agreement; every cell and marginal is WTMEC4YR-weighted in the weighted sensitivity. Attainment difference is mapped minus observed target percentage points. WTMEC4YR changes evaluation weights only; the D7 headline crosswalk fit remains unweighted.",37.065143072892205,0.7438988402722531,scssl,vsrev,False,10000.0,whole_cohort_subject_grouped_5fold_oof,1296
unweighted_primary,0.7190676915447614,0.9021512838306768,0.7671355244462389,4.718945176960444,89.01226000462643,8646,0.7937310414560161,88.11010872079575,0.97335771189761,False,629.0,7083.0,0.7560519178367993,-0.1830835922859153,-0.0110836066094396,-0.3301527147734866,1.3547124724377966,-0.0133340191235099,1.5377960647237074,0.0022621228131337,8066.0,4.388792462186958,daily_steps,148.0,206.0,90.36697247706422,subjects,isotonic,8066,0.7803970223325062,"Mapped source is the grouped five-fold OOF isotonic prediction on the target algorithm scale. Positive/negative agreement are symmetric: 2a/(2a+b+c) and 2d/(2d+b+c). Cohen kappa uses the observed agreement minus agreement expected from the mapped/target marginals, divided by one minus expected agreement; every cell and marginal is WTMEC4YR-weighted in the weighted sensitivity. Attainment difference is mapped minus observed target percentage points. WTMEC4YR changes evaluation weights only; the D7 headline crosswalk fit remains unweighted.",89.64790478551946,0.9756198347107438,vs,acti,False,7000.0,whole_cohort_subject_grouped_5fold_oof,1296
WTMEC4YR_weighted_sensitivity,1.366190067664419,1.6941337349629104,0.7312628194234875,4.706946083867014,91.15791961700025,8646,0.7571021493334585,89.46378588203734,0.9739403076121874,False,10626900.4807375,150974886.690449,0.724345968851357,-0.3279436672984914,-0.0069168505721304,-0.4514315976561951,1.10128038376115,-0.0096880653203259,1.4292240510596343,0.0028248404155234,168784433.17543602,4.255514486210819,daily_steps,2438364.9212215003,4744281.083028,92.2592000007614,WTMEC4YR,isotonic,8066,0.7474140840131326,"Mapped source is the grouped five-fold OOF isotonic prediction on the target algorithm scale. Positive/negative agreement are symmetric: 2a/(2a+b+c) and 2d/(2d+b+c). Cohen kappa uses the observed agreement minus agreement expected from the mapped/target marginals, divided by one minus expected agreement; every cell and marginal is WTMEC4YR-weighted in the weighted sensitivity. Attainment difference is mapped minus observed target percentage points. WTMEC4YR changes evaluation weights only; the D7 headline crosswalk fit remains unweighted.",90.89300993309698,0.9767651480277108,vs,acti,False,7000.0,whole_cohort_subject_grouped_5fold_oof,1296
unweighted_primary,1.3265559137118688,0.7980569049271358,0.7966703068438465,5.7251908396946565,83.44899375433727,8646,0.8311156601842374,82.65093684941013,0.9655316482139128,False,975.0,6640.0,0.7793928242870283,0.528499008784733,-0.0172774825568182,-0.1338196519931935,2.330822759424194,-0.0189540608506264,1.8023237506394592,0.0016229654340371,8066.0,5.591371187701463,daily_steps,172.0,279.0,85.77981651376146,subjects,isotonic,8066,0.812161599333611,"Mapped source is the grouped five-fold OOF isotonic prediction on the target algorithm scale. Positive/negative agreement are symmetric: 2a/(2a+b+c) and 2d/(2d+b+c). Cohen kappa uses the observed agreement minus agreement expected from the mapped/target marginals, divided by one minus expected agreement; every cell and marginal is WTMEC4YR-weighted in the weighted sensitivity. Attainment difference is mapped minus observed target percentage points. WTMEC4YR changes evaluation weights only; the D7 headline crosswalk fit remains unweighted.",84.45326060004959,0.96715461364795,vs,acti,False,8000.0,whole_cohort_subject_grouped_5fold_oof,1296
WTMEC4YR_weighted_sensitivity,1.5656186841202069,0.870267890357812,0.7912699198963943,5.360729335660333,85.30718260060223,8646,0.8228203801837931,84.43691471024442,0.9684187584688532,False,17940378.928985998,142294486.493916,0.7785267175238887,0.6953507937623948,-0.0127432023725055,-0.2953523979379397,2.313771475953388,-0.015246783435548,1.6184206821909868,0.0024156199416389,168784433.17543602,5.065376937722394,daily_steps,2953523.5654265005,5596044.1871075,87.62095407655562,WTMEC4YR,isotonic,8066,0.807573596748245,"Mapped source is the grouped five-fold OOF isotonic prediction on the target algorithm scale. Positive/negative agreement are symmetric: 2a/(2a+b+c) and 2d/(2d+b+c). Cohen kappa uses the observed agreement minus agreement expected from the mapped/target marginals, divided by one minus expected agreement; every cell and marginal is WTMEC4YR-weighted in the weighted sensitivity. Attainment difference is mapped minus observed target percentage points. WTMEC4YR changes evaluation weights only; the D7 headline crosswalk fit remains unweighted.",86.05533539243541,0.9708343784104922,vs,acti,False,8000.0,whole_cohort_subject_grouped_5fold_oof,1296
unweighted_primary,0.8678403173815963,1.549849641452694,0.788713272682446,9.368494101318529,67.61508211889891,8646,0.8587373561213812,66.06523247744622,0.9299186710503548,False,2163.0,5167.0,0.7881354516780856,-0.6820093240710978,-0.0005778210043603,-0.2437730499919723,1.4402117070371077,-0.0041344323758261,2.122221031108211,0.00359533075633,8066.0,9.124721051326556,daily_steps,333.0,403.0,69.05529382593602,subjects,isotonic,8066,0.8546029237455551,"Mapped source is the grouped five-fold OOF isotonic prediction on the target algorithm scale. Positive/negative agreement are symmetric: 2a/(2a+b+c) and 2d/(2d+b+c). Cohen kappa uses the observed agreement minus agreement expected from the mapped/target marginals, divided by one minus expected agreement; every cell and marginal is WTMEC4YR-weighted in the weighted sensitivity. Attainment difference is mapped minus observed target percentage points. WTMEC4YR changes evaluation weights only; the D7 headline crosswalk fit remains unweighted.",68.18745350855443,0.9335140018066848,vs,acti,False,10000.0,whole_cohort_subject_grouped_5fold_oof,1296
WTMEC4YR_weighted_sensitivity,1.0863373503278928,2.095656750063901,0.7848611305838876,9.251448052659496,69.78247976993963,8646,0.8520494978400357,67.68682301987573,0.9327017169294548,False,42657281.6540665,111548668.4251445,0.7927507484186912,-1.0093193997360084,0.0078896178348035,-0.614109394139966,1.1687874114034005,0.0020095821362359,2.1781068111394006,0.0059606042965509,168784433.17543602,8.63733865851953,daily_steps,6372457.3785505,8206025.717674499,70.95126718134303,WTMEC4YR,isotonic,8066,0.8540590799762716,"Mapped source is the grouped five-fold OOF isotonic prediction on the target algorithm scale. Positive/negative agreement are symmetric: 2a/(2a+b+c) and 2d/(2d+b+c). Cohen kappa uses the observed agreement minus agreement expected from the mapped/target marginals, divided by one minus expected agreement; every cell and marginal is WTMEC4YR-weighted in the weighted sensitivity. Attainment difference is mapped minus observed target percentage points. WTMEC4YR changes evaluation weights only; the D7 headline crosswalk fit remains unweighted.",69.86492983101513,0.9386623212260056,vs,acti,False,10000.0,whole_cohort_subject_grouped_5fold_oof,1296
unweighted_primary,-1.165385569055294,-1.1103400416377516,0.1137381736288805,1.549849641452695,0.3238491788110109,8646,0.9921820303383896,1.4341892204487623,0.1184210526315789,True,7926.0,12.0,0.1529660398162911,-0.0550455274175423,0.0392278661874106,0.0370583674736626,0.035684666961367,-0.0001920428540342,0.0907301943789093,0.0394736842105263,8066.0,1.5869080089263576,daily_steps,111.0,17.0,0.3595338457723779,subjects,isotonic,8066,0.9919899874843554,"Mapped source is the grouped five-fold OOF isotonic prediction on the target algorithm scale. Positive/negative agreement are symmetric: 2a/(2a+b+c) and 2d/(2d+b+c). Cohen kappa uses the observed agreement minus agreement expected from the mapped/target marginals, divided by one minus expected agreement; every cell and marginal is WTMEC4YR-weighted in the weighted sensitivity. Attainment difference is mapped minus observed target percentage points. WTMEC4YR changes evaluation weights only; the D7 headline crosswalk fit remains unweighted.",1.524919414827672,0.1578947368421052,vs,adept,True,7000.0,whole_cohort_subject_grouped_5fold_oof,1296
WTMEC4YR_weighted_sensitivity,-0.9786030663827142,-0.9567765136497274,0.0938676840112462,1.4047430459839203,0.3005214972126848,8646,0.992921146892754,1.257298010862412,0.0982632848656028,True,166007617.4769145,193897.76176500003,0.125221060985636,-0.0218265527329868,0.0313533769743897,0.1255627340946206,0.0902087961088672,-0.0006406095211121,0.1120353488418541,0.0322762399704951,168784433.17543602,1.5303057800785411,daily_steps,2117323.787694,465594.1490625,0.390730293321552,WTMEC4YR,isotonic,8066,0.992280537371642,"Mapped source is the grouped five-fold OOF isotonic prediction on the target algorithm scale. Positive/negative agreement are symmetric: 2a/(2a+b+c) and 2d/(2d+b+c). Cohen kappa uses the observed agreement minus agreement expected from the mapped/target marginals, divided by one minus expected agreement; every cell and marginal is WTMEC4YR-weighted in the weighted sensitivity. Attainment difference is mapped minus observed target percentage points. WTMEC4YR changes evaluation weights only; the D7 headline crosswalk fit remains unweighted.",1.3693333597042665,0.1305395248360979,vs,adept,True,7000.0,whole_cohort_subject_grouped_5fold_oof,1296
unweighted_primary,-0.7438631291842301,-0.6476983576220218,0.0226940734557489,0.9021512838306732,0.1387925052047189,8646,0.9954682779456192,0.7864908628267407,0.025,True,7991.0,3.0,0.0750972279290053,-0.0961647715622083,0.0524031544732564,-0.009515528809597,-0.0272130358270844,4.685846898144774e-05,0.0689517357351239,0.0519230769230769,8066.0,0.8926357550210762,daily_steps,66.0,6.0,0.1115794693776345,subjects,isotonic,8066,0.9955151364146008,"Mapped source is the grouped five-fold OOF isotonic prediction on the target algorithm scale. Positive/negative agreement are symmetric: 2a/(2a+b+c) and 2d/(2d+b+c). Cohen kappa uses the observed agreement minus agreement expected from the mapped/target marginals, divided by one minus expected agreement; every cell and marginal is WTMEC4YR-weighted in the weighted sensitivity. Attainment difference is mapped minus observed target percentage points. WTMEC4YR changes evaluation weights only; the D7 headline crosswalk fit remains unweighted.",0.8554425985618647,0.0769230769230769,vs,adept,True,8000.0,whole_cohort_subject_grouped_5fold_oof,1296
WTMEC4YR_weighted_sensitivity,-0.5879563143166247,-0.5078372024477591,0.0112976131994093,0.7558592855874313,0.1291522191115088,8646,0.9962061705183454,0.636989421559268,0.0134209583939895,True,167481947.34293652,26489.854982999997,0.038189890589565,-0.0801191118688655,0.0268922773901557,0.0001322199741143,-0.0294401340834605,-1.068187979291757e-06,0.0506789777854049,0.0264441124760128,168784433.17543602,0.7559915055615457,daily_steps,1134187.3549775,141808.622539,0.0997120850280482,WTMEC4YR,isotonic,8066,0.996205102330366,"Mapped source is the grouped five-fold OOF isotonic prediction on the target algorithm scale. Positive/negative agreement are symmetric: 2a/(2a+b+c) and 2d/(2d+b+c). Cohen kappa uses the observed agreement minus agreement expected from the mapped/target marginals, divided by one minus expected agreement; every cell and marginal is WTMEC4YR-weighted in the weighted sensitivity. Attainment difference is mapped minus observed target percentage points. WTMEC4YR changes evaluation weights only; the D7 headline crosswalk fit remains unweighted.",0.6876683993446729,0.0398650708700023,vs,adept,True,8000.0,whole_cohort_subject_grouped_5fold_oof,1296
unweighted_primary,-0.223158938755269,-0.1966227157066851,0.0,0.1966227157066851,0.0,8646,0.999015918958032,0.1966227157066851,0.0,True,8048.0,0.0,0.0,-0.0265362230485838,0.0,0.0265362230485838,0.0,-0.0001329600403205,0.0265362230485838,0.0,8066.0,0.223158938755269,daily_steps,18.0,0.0,0.0,subjects,isotonic,8066,0.9988829589177112,"Mapped source is the grouped five-fold OOF isotonic prediction on the target algorithm scale. Positive/negative agreement are symmetric: 2a/(2a+b+c) and 2d/(2d+b+c). Cohen kappa uses the observed agreement minus agreement expected from the mapped/target marginals, divided by one minus expected agreement; every cell and marginal is WTMEC4YR-weighted in the weighted sensitivity. Attainment difference is mapped minus observed target percentage points. WTMEC4YR changes evaluation weights only; the D7 headline crosswalk fit remains unweighted.",0.223158938755269,0.0,vs,adept,True,10000.0,whole_cohort_subject_grouped_5fold_oof,1296
WTMEC4YR_weighted_sensitivity,-0.145966105721031,-0.1567044574581063,-7.084820959365515e-14,0.1567044574581063,0.0,8646,0.9992158633241476,0.1567044574581063,0.0,True,168538065.1112665,0.0,-1.5212066104538228e-13,0.0107383517370752,-8.127245145172712e-14,-0.0107383517370752,0.0,5.3773105616605754e-05,-0.0107383517370752,0.0,168784433.17543602,0.145966105721031,daily_steps,246368.0641695,0.0,0.0,WTMEC4YR,isotonic,8066,0.9992696364297642,"Mapped source is the grouped five-fold OOF isotonic prediction on the target algorithm scale. Positive/negative agreement are symmetric: 2a/(2a+b+c) and 2d/(2d+b+c). Cohen kappa uses the observed agreement minus agreement expected from the mapped/target marginals, divided by one minus expected agreement; every cell and marginal is WTMEC4YR-weighted in the weighted sensitivity. Attainment difference is mapped minus observed target percentage points. WTMEC4YR changes evaluation weights only; the D7 headline crosswalk fit remains unweighted.",0.145966105721031,0.0,vs,adept,True,10000.0,whole_cohort_subject_grouped_5fold_oof,1296
unweighted_primary,1.0414083808579222,0.7402266944251723,0.8632221730051257,4.48762433495258,79.69003007170946,8646,0.8914988814317674,78.94980337728428,0.9717118693496646,False,1354.0,6344.0,0.8522038019372569,0.3011816864327499,-0.0110183710678688,0.0747361907106984,1.7629825739637397,-0.0111347721989975,1.461800887530984,0.0001018561405314,8066.0,4.562360525663278,daily_steps,142.0,226.0,81.4530126456732,subjects,isotonic,8066,0.8803641092327699,"Mapped source is the grouped five-fold OOF isotonic prediction on the target algorithm scale. Positive/negative agreement are symmetric: 2a/(2a+b+c) and 2d/(2d+b+c). Cohen kappa uses the observed agreement minus agreement expected from the mapped/target marginals, divided by one minus expected agreement; every cell and marginal is WTMEC4YR-weighted in the weighted sensitivity. Attainment difference is mapped minus observed target percentage points. WTMEC4YR changes evaluation weights only; the D7 headline crosswalk fit remains unweighted.",80.41160426481527,0.971813725490196,vs,oak,False,7000.0,whole_cohort_subject_grouped_5fold_oof,1296
WTMEC4YR_weighted_sensitivity,0.8539412466337382,0.4745142352697962,0.8538792831084406,4.381369673503591,81.8731043420276,8646,0.8807086358123943,81.39859010675781,0.973165160756766,False,24862980.025133494,136678469.8123855,0.8470682268377443,0.3794270113639419,-0.0068110562706963,-0.0901070246616919,1.6776229227059505,-0.0078477910634161,1.298195911342006,0.0010223469893424,168784433.17543602,4.291262648841899,daily_steps,2900831.7225675,4342151.6153494995,83.55072726473355,WTMEC4YR,isotonic,8066,0.8728608447489782,"Mapped source is the grouped five-fold OOF isotonic prediction on the target algorithm scale. Positive/negative agreement are symmetric: 2a/(2a+b+c) and 2d/(2d+b+c). Cohen kappa uses the observed agreement minus agreement expected from the mapped/target marginals, divided by one minus expected agreement; every cell and marginal is WTMEC4YR-weighted in the weighted sensitivity. Attainment difference is mapped minus observed target percentage points. WTMEC4YR changes evaluation weights only; the D7 headline crosswalk fit remains unweighted.",82.69678601809981,0.9741875077461084,vs,oak,False,7000.0,whole_cohort_subject_grouped_5fold_oof,1296
unweighted_primary,0.7438631291842301,0.8443210733287021,0.8582244825029192,5.586398334489938,73.44436733749711,8646,0.8964630225080386,72.60004626416841,0.9617486338797814,False,1828.0,5800.0,0.8566398575272286,-0.1004579441444719,-0.0015846249756905,-0.1561974914450576,1.5494338030930237,-0.003448855434272,1.64989174723749,0.0018665845950482,8066.0,5.43020084304488,daily_steps,189.0,249.0,74.99380114059014,subjects,isotonic,8066,0.8930141670737665,"Mapped source is the grouped five-fold OOF isotonic prediction on the target algorithm scale. Positive/negative agreement are symmetric: 2a/(2a+b+c) and 2d/(2d+b+c). Cohen kappa uses the observed agreement minus agreement expected from the mapped/target marginals, divided by one minus expected agreement; every cell and marginal is WTMEC4YR-weighted in the weighted sensitivity. Attainment difference is mapped minus observed target percentage points. WTMEC4YR changes evaluation weights only; the D7 headline crosswalk fit remains unweighted.",74.2499380114059,0.9636152184748296,vs,oak,False,8000.0,whole_cohort_subject_grouped_5fold_oof,1296
WTMEC4YR_weighted_sensitivity,0.0394173228113081,0.3218855414442556,0.8642448056808135,5.045190610320351,75.49533808814326,8646,0.8977282196149903,75.17345254669901,0.9665146936597656,False,34904000.9187525,125385519.1620445,0.8587469561138888,-0.2824682186329474,-0.0054978495669246,-0.0121950106554731,1.3282400240797898,-0.0062160466901451,1.6107082427127324,0.0007200587319232,168784433.17543602,5.032995599664878,daily_steps,4214191.394879501,4280721.6997595,76.82357811222305,WTMEC4YR,isotonic,8066,0.8915121729248451,"Mapped source is the grouped five-fold OOF isotonic prediction on the target algorithm scale. Positive/negative agreement are symmetric: 2a/(2a+b+c) and 2d/(2d+b+c). Cohen kappa uses the observed agreement minus agreement expected from the mapped/target marginals, divided by one minus expected agreement; every cell and marginal is WTMEC4YR-weighted in the weighted sensitivity. Attainment difference is mapped minus observed target percentage points. WTMEC4YR changes evaluation weights only; the D7 headline crosswalk fit remains unweighted.",76.78416078941174,0.9672347523916888,vs,oak,False,8000.0,whole_cohort_subject_grouped_5fold_oof,1296
unweighted_primary,0.5454996280684354,0.7633587786259444,0.8549799308696041,7.05528568123988,58.60513532269257,8646,0.9155592469545958,57.841776544066626,0.9394119984108064,False,2945.0,4525.0,0.8463272608660323,-0.2178591505575089,-0.0086526700035718,0.3337547353234722,1.4618123589340115,-0.0074494720548116,1.67967150949152,-0.0011992677452455,8066.0,7.389040416563352,daily_steps,276.0,320.0,60.06694768162658,subjects,isotonic,8066,0.9081097748997842,"Mapped source is the grouped five-fold OOF isotonic prediction on the target algorithm scale. Positive/negative agreement are symmetric: 2a/(2a+b+c) and 2d/(2d+b+c). Cohen kappa uses the observed agreement minus agreement expected from the mapped/target marginals, divided by one minus expected agreement; every cell and marginal is WTMEC4YR-weighted in the weighted sensitivity. Attainment difference is mapped minus observed target percentage points. WTMEC4YR changes evaluation weights only; the D7 headline crosswalk fit remains unweighted.",59.521448053558146,0.9382127306655608,vs,oak,False,10000.0,whole_cohort_subject_grouped_5fold_oof,1296
WTMEC4YR_weighted_sensitivity,-0.5783819934257917,-0.0179582822466994,0.8538307144544651,7.00855817107456,60.11962889547811,8646,0.9121104402686976,60.1375871777248,0.9417202692700928,False,58365002.5983645,97870337.310828,0.8426875440145557,-0.5604237111790922,-0.0111431704399094,0.4264244455983084,1.294076509220993,-0.0091802173281173,1.8545002204000909,-0.0019685157081862,168784433.17543602,7.434982616672868,daily_steps,6762656.017718,5786437.2485255,61.4137054046991,WTMEC4YR,isotonic,8066,0.9029302229405805,"Mapped source is the grouped five-fold OOF isotonic prediction on the target algorithm scale. Positive/negative agreement are symmetric: 2a/(2a+b+c) and 2d/(2d+b+c). Cohen kappa uses the observed agreement minus agreement expected from the mapped/target marginals, divided by one minus expected agreement; every cell and marginal is WTMEC4YR-weighted in the weighted sensitivity. Attainment difference is mapped minus observed target percentage points. WTMEC4YR changes evaluation weights only; the D7 headline crosswalk fit remains unweighted.",61.992087398124895,0.9397517535619064,vs,oak,False,10000.0,whole_cohort_subject_grouped_5fold_oof,1296
unweighted_primary,1.239771881973717,1.653944020356235,0.7909619780802458,7.714550080962295,76.42840619939857,8646,0.8419056648494904,74.77446217904233,0.948978811290446,False,1578.0,5862.0,0.783837132393076,-0.4141721383825181,-0.0071248456871698,0.0464219001931729,0.7473934534653068,-0.0074265532683164,1.1615655918478325,0.0003329296002423,8066.0,7.760971981155468,daily_steps,263.0,363.0,77.17579965286387,subjects,isotonic,8066,0.8344791115811739,"Mapped source is the grouped five-fold OOF isotonic prediction on the target algorithm scale. Positive/negative agreement are symmetric: 2a/(2a+b+c) and 2d/(2d+b+c). Cohen kappa uses the observed agreement minus agreement expected from the mapped/target marginals, divided by one minus expected agreement; every cell and marginal is WTMEC4YR-weighted in the weighted sensitivity. Attainment difference is mapped minus observed target percentage points. WTMEC4YR changes evaluation weights only; the D7 headline crosswalk fit remains unweighted.",75.93602777089016,0.9493117408906884,vs,scrf,False,7000.0,whole_cohort_subject_grouped_5fold_oof,1296
WTMEC4YR_weighted_sensitivity,0.9108333286817704,1.3758916338138527,0.7925667535549432,7.138395335348882,78.61328321008939,8646,0.8383124702176816,77.23739157627554,0.954197212523244,False,29840323.1412335,126973805.99623302,0.7879471346859463,-0.4650583051320822,-0.0046196188689968,-0.0463289564977822,0.6165532948650281,-0.005376605228258,1.0816115999971032,0.000787753451747,168784433.17543602,7.0920663788511,daily_steps,5216479.583490499,6753824.454479,79.22983650495442,WTMEC4YR,isotonic,8066,0.8329358649894236,"Mapped source is the grouped five-fold OOF isotonic prediction on the target algorithm scale. Positive/negative agreement are symmetric: 2a/(2a+b+c) and 2d/(2d+b+c). Cohen kappa uses the observed agreement minus agreement expected from the mapped/target marginals, divided by one minus expected agreement; every cell and marginal is WTMEC4YR-weighted in the weighted sensitivity. Attainment difference is mapped minus observed target percentage points. WTMEC4YR changes evaluation weights only; the D7 headline crosswalk fit remains unweighted.",78.31900317627264,0.9549849659749912,vs,scrf,False,7000.0,whole_cohort_subject_grouped_5fold_oof,1296
unweighted_primary,1.5497148524671434,1.665510062456621,0.7927294279012604,8.836456164700438,70.04395095998149,8646,0.8564988730277987,68.37844089752487,0.936163101604278,False,2015.0,5340.0,0.7876753718542691,-0.1157952099894776,-0.0050540560469913,-0.0216780838673109,1.3421140040651238,-0.0064672341330507,1.4579092140545953,0.001419200212946,8066.0,8.814778080833127,daily_steps,293.0,418.0,71.38606496404661,subjects,isotonic,8066,0.850031638894748,"Mapped source is the grouped five-fold OOF isotonic prediction on the target algorithm scale. Positive/negative agreement are symmetric: 2a/(2a+b+c) and 2d/(2d+b+c). Cohen kappa uses the observed agreement minus agreement expected from the mapped/target marginals, divided by one minus expected agreement; every cell and marginal is WTMEC4YR-weighted in the weighted sensitivity. Attainment difference is mapped minus observed target percentage points. WTMEC4YR changes evaluation weights only; the D7 headline crosswalk fit remains unweighted.",69.83635011157946,0.937582301817224,vs,scrf,False,8000.0,whole_cohort_subject_grouped_5fold_oof,1296
WTMEC4YR_weighted_sensitivity,1.0342998677478563,1.1091147027891823,0.7960242675169903,8.323008267351442,72.00477480254219,8646,0.854236923641893,70.89566009975302,0.9417565924621426,False,39065635.833203495,115567025.284064,0.7889815712967974,-0.0748148350413258,-0.0070426962201929,0.0615161771860606,1.174829248573772,-0.007588736575213,1.2496440836150953,0.0005483809495113,168784433.17543602,8.384524444537503,daily_steps,6203017.444528,7948754.6136405,73.17960405111596,WTMEC4YR,isotonic,8066,0.8466481870666799,"Mapped source is the grouped five-fold OOF isotonic prediction on the target algorithm scale. Positive/negative agreement are symmetric: 2a/(2a+b+c) and 2d/(2d+b+c). Cohen kappa uses the observed agreement minus agreement expected from the mapped/target marginals, divided by one minus expected agreement; every cell and marginal is WTMEC4YR-weighted in the weighted sensitivity. Attainment difference is mapped minus observed target percentage points. WTMEC4YR changes evaluation weights only; the D7 headline crosswalk fit remains unweighted.",72.14530418336811,0.942304973411654,vs,scrf,False,8000.0,whole_cohort_subject_grouped_5fold_oof,1296
unweighted_primary,2.3431688569303333,2.359472588480227,0.7768039625836637,11.057136247975944,56.11843627110803,8646,0.8773100616016427,53.7589636826278,0.8993684210526316,False,3049.0,4130.0,0.7761670577032901,-0.0163037315498937,-0.0006369048803736,-0.0603596548690745,1.754115179425071,-0.004296461028987,1.7704189109749675,0.0036598942420005,8066.0,10.996776593106867,daily_steps,349.0,538.0,57.8725514505331,subjects,isotonic,8066,0.8730136005726556,"Mapped source is the grouped five-fold OOF isotonic prediction on the target algorithm scale. Positive/negative agreement are symmetric: 2a/(2a+b+c) and 2d/(2d+b+c). Cohen kappa uses the observed agreement minus agreement expected from the mapped/target marginals, divided by one minus expected agreement; every cell and marginal is WTMEC4YR-weighted in the weighted sensitivity. Attainment difference is mapped minus observed target percentage points. WTMEC4YR changes evaluation weights only; the D7 headline crosswalk fit remains unweighted.",55.52938259360277,0.903028315294632,vs,scrf,False,10000.0,whole_cohort_subject_grouped_5fold_oof,1296
WTMEC4YR_weighted_sensitivity,1.1489589094071273,1.3564622554817385,0.7709211741268912,11.232284024998076,57.66680234873661,8646,0.8694267507049075,56.31034009325487,0.9014514332931732,False,60178376.9970765,89926226.06642899,0.7715895773292432,-0.2075033460746111,0.0006684032023519,-0.1650133291783255,1.720056455676378,-0.0037786569462027,1.927559801750988,0.0044589310026521,168784433.17543602,11.06727069581975,daily_steps,8370283.1646345,10309546.947296,59.38685880441299,WTMEC4YR,isotonic,8066,0.8656480937587048,"Mapped source is the grouped five-fold OOF isotonic prediction on the target algorithm scale. Positive/negative agreement are symmetric: 2a/(2a+b+c) and 2d/(2d+b+c). Cohen kappa uses the observed agreement minus agreement expected from the mapped/target marginals, divided by one minus expected agreement; every cell and marginal is WTMEC4YR-weighted in the weighted sensitivity. Attainment difference is mapped minus observed target percentage points. WTMEC4YR changes evaluation weights only; the D7 headline crosswalk fit remains unweighted.",58.23789989500586,0.9059103642958256,vs,scrf,False,10000.0,whole_cohort_subject_grouped_5fold_oof,1296
unweighted_primary,5.653359781800149,4.256303492944713,0.6868683545116189,14.411288457089984,66.38908165625723,8646,0.7983818770226537,62.13277816331251,0.8878689704823615,False,2121.0,4723.0,0.6630082781792055,1.3970562888554356,-0.0238600763324133,0.7387239406288355,2.567030419120897,-0.0220275578425659,1.1699741302654658,-0.0024171519596768,8066.0,15.15001239771882,daily_steps,383.0,839.0,68.95611207537813,subjects,isotonic,8066,0.7763543191800878,"Mapped source is the grouped five-fold OOF isotonic prediction on the target algorithm scale. Positive/negative agreement are symmetric: 2a/(2a+b+c) and 2d/(2d+b+c). Cohen kappa uses the observed agreement minus agreement expected from the mapped/target marginals, divided by one minus expected agreement; every cell and marginal is WTMEC4YR-weighted in the weighted sensitivity. Attainment difference is mapped minus observed target percentage points. WTMEC4YR changes evaluation weights only; the D7 headline crosswalk fit remains unweighted.",63.30275229357798,0.8854518185226846,vs,scssl,False,7000.0,whole_cohort_subject_grouped_5fold_oof,1296
WTMEC4YR_weighted_sensitivity,5.120982101594906,3.736397132330471,0.6957120351776432,13.580415016494175,68.36010798075763,8646,0.7973561790714464,64.62371084842717,0.89787919209977,False,41525003.566257,102796571.9037545,0.6671368122465435,1.3845849692644352,-0.0285752229310997,0.913135866837342,2.351218186987865,-0.0248904164141032,0.9666332177234124,-0.0042135521883904,168784433.17543602,14.49355088333152,daily_steps,7909718.546116,16553139.1593085,70.7113261677455,WTMEC4YR,isotonic,8066,0.7724657626573431,"Mapped source is the grouped five-fold OOF isotonic prediction on the target algorithm scale. Positive/negative agreement are symmetric: 2a/(2a+b+c) and 2d/(2d+b+c). Cohen kappa uses the observed agreement minus agreement expected from the mapped/target marginals, divided by one minus expected agreement; every cell and marginal is WTMEC4YR-weighted in the weighted sensitivity. Attainment difference is mapped minus observed target percentage points. WTMEC4YR changes evaluation weights only; the D7 headline crosswalk fit remains unweighted.",65.59034406615058,0.8936656399113795,vs,scssl,False,7000.0,whole_cohort_subject_grouped_5fold_oof,1296
unweighted_primary,2.6779072650632285,2.4520009252833708,0.6667771212940374,16.56257228776313,55.26254915567893,8646,0.8198288877705083,52.81054823039556,0.8467465753424658,False,2926.0,3822.0,0.6693532098589648,0.2259063397798577,0.0025760885649274,-0.2223788833495383,1.630582508094932,-0.0036503661526561,1.4046761683150777,0.0061880374671748,8066.0,16.34019340441359,daily_steps,551.0,767.0,56.893131663773865,subjects,isotonic,8066,0.8161785216178522,"Mapped source is the grouped five-fold OOF isotonic prediction on the target algorithm scale. Positive/negative agreement are symmetric: 2a/(2a+b+c) and 2d/(2d+b+c). Cohen kappa uses the observed agreement minus agreement expected from the mapped/target marginals, divided by one minus expected agreement; every cell and marginal is WTMEC4YR-weighted in the weighted sensitivity. Attainment difference is mapped minus observed target percentage points. WTMEC4YR changes evaluation weights only; the D7 headline crosswalk fit remains unweighted.",54.21522439871064,0.8529346128096407,vs,scssl,False,8000.0,whole_cohort_subject_grouped_5fold_oof,1296
WTMEC4YR_weighted_sensitivity,1.6755838032538883,1.4008080426529013,0.6521714070599263,17.135911795383176,56.801304965591584,8646,0.8048261562996178,55.40049692293868,0.8472759660989465,False,57528803.65096749,82603888.653989,0.6529303916516087,0.2747757606009871,0.0007589845916824,-0.1605661835644412,1.464626051494605,-0.0041989962355747,1.1898502908936237,0.0049276236979488,168784433.17543602,16.975345611818735,daily_steps,12911808.122889,15739932.7475905,58.26593101708619,WTMEC4YR,isotonic,8066,0.8006271600640431,"Mapped source is the grouped five-fold OOF isotonic prediction on the target algorithm scale. Positive/negative agreement are symmetric: 2a/(2a+b+c) and 2d/(2d+b+c). Cohen kappa uses the observed agreement minus agreement expected from the mapped/target marginals, divided by one minus expected agreement; every cell and marginal is WTMEC4YR-weighted in the weighted sensitivity. Attainment difference is mapped minus observed target percentage points. WTMEC4YR changes evaluation weights only; the D7 headline crosswalk fit remains unweighted.",56.5903472138323,0.8522035897968954,vs,scssl,False,8000.0,whole_cohort_subject_grouped_5fold_oof,1296
unweighted_primary,-1.0909992561368709,-1.1797362942401135,0.652308252126169,15.706685172334028,33.865371269951424,8646,0.880183518616552,35.04510756419153,0.7720711648204095,False,4514.0,2236.0,0.6454553810816833,0.0887370381032426,-0.0068528710444857,0.6087127944400859,1.4681273662995054,-0.0074070298307824,1.3793903281962727,0.0005618690427556,8066.0,16.315397966774114,daily_steps,702.0,614.0,35.33349863625093,subjects,isotonic,8066,0.8727764887857695,"Mapped source is the grouped five-fold OOF isotonic prediction on the target algorithm scale. Positive/negative agreement are symmetric: 2a/(2a+b+c) and 2d/(2d+b+c). Cohen kappa uses the observed agreement minus agreement expected from the mapped/target marginals, divided by one minus expected agreement; every cell and marginal is WTMEC4YR-weighted in the weighted sensitivity. Attainment difference is mapped minus observed target percentage points. WTMEC4YR changes evaluation weights only; the D7 headline crosswalk fit remains unweighted.",36.424497892387805,0.7726330338631652,vs,scssl,False,10000.0,whole_cohort_subject_grouped_5fold_oof,1296
WTMEC4YR_weighted_sensitivity,-2.653145408772639,-2.3811040632461533,0.6405154175409704,16.39193665991059,33.926728284453375,8646,0.8736802592449577,36.30783234769952,0.766611529817039,False,92610947.3248805,47537847.305131495,0.6349047699489048,-0.2720413455264858,-0.0056106475920656,0.5738687800139921,1.3944309222839877,-0.0075807962874786,1.6664722678104766,0.0019170454155397,168784433.17543602,16.965805439924583,daily_steps,16556867.4924705,12078771.0529535,35.32115920673736,WTMEC4YR,isotonic,8066,0.8660994629574791,"Mapped source is the grouped five-fold OOF isotonic prediction on the target algorithm scale. Positive/negative agreement are symmetric: 2a/(2a+b+c) and 2d/(2d+b+c). Cohen kappa uses the observed agreement minus agreement expected from the mapped/target marginals, divided by one minus expected agreement; every cell and marginal is WTMEC4YR-weighted in the weighted sensitivity. Attainment difference is mapped minus observed target percentage points. WTMEC4YR changes evaluation weights only; the D7 headline crosswalk fit remains unweighted.",37.97430461551,0.7685285752325787,vs,scssl,False,10000.0,whole_cohort_subject_grouped_5fold_oof,1296
unweighted_primary,1.0290106620381878,1.4920194309507306,0.8766945272415183,5.887115429100162,61.39255146888735,8646,0.9252020573108009,59.900532037936614,0.9514637169829312,False,2828.0,4769.0,0.8765752507627925,-0.4630087689125428,-0.0001192764787257,-0.0725853026434295,1.1539399766866651,-0.0017734858822294,1.6169487455992169,0.0016690900521442,8066.0,5.814530126456733,daily_steps,193.0,276.0,62.54649144557401,subjects,isotonic,8066,0.9234285714285714,"Mapped source is the grouped five-fold OOF isotonic prediction on the target algorithm scale. Positive/negative agreement are symmetric: 2a/(2a+b+c) and 2d/(2d+b+c). Cohen kappa uses the observed agreement minus agreement expected from the mapped/target marginals, divided by one minus expected agreement; every cell and marginal is WTMEC4YR-weighted in the weighted sensitivity. Attainment difference is mapped minus observed target percentage points. WTMEC4YR changes evaluation weights only; the D7 headline crosswalk fit remains unweighted.",61.51748078353583,0.9531328070350754,vs,vsrev,False,7000.0,whole_cohort_subject_grouped_5fold_oof,1296
WTMEC4YR_weighted_sensitivity,0.1791846656819085,0.556109209555411,0.8769358741088762,5.757565085684593,62.9596660706412,8646,0.9228588731743074,62.40355686108578,0.9540729334246602,False,55896179.682408,103535603.2882715,0.8795838046456862,-0.3769245438735025,0.00264793053681,-0.2163845225249128,1.2424313995505043,-6.098193624815007e-05,1.6193559434240044,0.0027125598945558,168784433.17543602,5.54118056315968,daily_steps,4525107.1912239995,4827543.013532501,64.2020974701917,WTMEC4YR,isotonic,8066,0.9227978912380592,"Mapped source is the grouped five-fold OOF isotonic prediction on the target algorithm scale. Positive/negative agreement are symmetric: 2a/(2a+b+c) and 2d/(2d+b+c). Cohen kappa uses the observed agreement minus agreement expected from the mapped/target marginals, divided by one minus expected agreement; every cell and marginal is WTMEC4YR-weighted in the weighted sensitivity. Attainment difference is mapped minus observed target percentage points. WTMEC4YR changes evaluation weights only; the D7 headline crosswalk fit remains unweighted.",64.02291280450979,0.956785493319216,vs,vsrev,False,7000.0,whole_cohort_subject_grouped_5fold_oof,1296
unweighted_primary,1.239771881973717,0.8674531575294964,0.8612674370218486,6.928059218135554,52.24381216747629,8646,0.9281171246849874,51.3763590099468,0.9331398593593035,False,3486.0,4042.0,0.8659843653346865,0.3723187244442205,0.0047169283128378,-0.2580864931169575,1.822639605397498,0.0002450590700059,1.450320880953278,0.0044616252150411,8066.0,6.669972725018597,daily_steps,219.0,319.0,54.06645177287379,subjects,isotonic,8066,0.9283621837549934,"Mapped source is the grouped five-fold OOF isotonic prediction on the target algorithm scale. Positive/negative agreement are symmetric: 2a/(2a+b+c) and 2d/(2d+b+c). Cohen kappa uses the observed agreement minus agreement expected from the mapped/target marginals, divided by one minus expected agreement; every cell and marginal is WTMEC4YR-weighted in the weighted sensitivity. Attainment difference is mapped minus observed target percentage points. WTMEC4YR changes evaluation weights only; the D7 headline crosswalk fit remains unweighted.",52.826679890900074,0.9376014845743448,vs,vsrev,False,8000.0,whole_cohort_subject_grouped_5fold_oof,1296
WTMEC4YR_weighted_sensitivity,0.8289545267520126,0.2166068889310257,0.8552807479818433,7.201638495511162,53.55367557083017,8646,0.922653892594107,53.33706868189915,0.9326261731466308,False,69942531.711725,87377200.1973155,0.8626941671486176,0.6123476378209869,0.0074134191667742,-0.4091274500885129,2.02557552789969,0.001596394217441,1.4132278900787083,0.0058081702470743,168784433.17543602,6.792511045422649,daily_steps,5032777.5335675,6431923.732828001,55.57925109872986,WTMEC4YR,isotonic,8066,0.924250286811548,"Mapped source is the grouped five-fold OOF isotonic prediction on the target algorithm scale. Positive/negative agreement are symmetric: 2a/(2a+b+c) and 2d/(2d+b+c). Cohen kappa uses the observed agreement minus agreement expected from the mapped/target marginals, divided by one minus expected agreement; every cell and marginal is WTMEC4YR-weighted in the weighted sensitivity. Attainment difference is mapped minus observed target percentage points. WTMEC4YR changes evaluation weights only; the D7 headline crosswalk fit remains unweighted.",54.750296571977856,0.9384343433937052,vs,vsrev,False,8000.0,whole_cohort_subject_grouped_5fold_oof,1296
unweighted_primary,0.235556657575009,0.0346981263011803,0.8643374845847654,6.141568355308814,34.64029609067777,8646,0.953029632905794,34.605597964376585,0.9113078336395524,False,4884.0,2671.0,0.8629821598359186,0.2008585312738287,-0.0013553247488468,0.1936659615768796,1.759406364070557,-0.002742640007652,1.5585478327967337,0.001386511140902,8066.0,6.3352343168856935,daily_steps,246.0,265.0,36.39970245474833,subjects,isotonic,8066,0.950286992898142,"Mapped source is the grouped five-fold OOF isotonic prediction on the target algorithm scale. Positive/negative agreement are symmetric: 2a/(2a+b+c) and 2d/(2d+b+c). Cohen kappa uses the observed agreement minus agreement expected from the mapped/target marginals, divided by one minus expected agreement; every cell and marginal is WTMEC4YR-weighted in the weighted sensitivity. Attainment difference is mapped minus observed target percentage points. WTMEC4YR changes evaluation weights only; the D7 headline crosswalk fit remains unweighted.",36.16414579717332,0.9126943447804544,vs,vsrev,False,10000.0,whole_cohort_subject_grouped_5fold_oof,1296
WTMEC4YR_weighted_sensitivity,-0.5907199228068927,-0.5758438862131121,0.8551250613296424,6.589985913308187,34.68835224837255,8646,0.949326297198702,35.26419613458567,0.905793483359162,False,101125150.374898,56464057.208589,0.8573609528293559,-0.0148760365937805,0.0022358914997134,0.0428684212574808,1.7860709017127618,-0.0017763334389763,1.800946938306538,0.0040121535893298,168784433.17543602,6.632854334565668,daily_steps,6096134.4326565005,5099091.1592925005,36.474423150085315,WTMEC4YR,isotonic,8066,0.9475499637597256,"Mapped source is the grouped five-fold OOF isotonic prediction on the target algorithm scale. Positive/negative agreement are symmetric: 2a/(2a+b+c) and 2d/(2d+b+c). Cohen kappa uses the observed agreement minus agreement expected from the mapped/target marginals, divided by one minus expected agreement; every cell and marginal is WTMEC4YR-weighted in the weighted sensitivity. Attainment difference is mapped minus observed target percentage points. WTMEC4YR changes evaluation weights only; the D7 headline crosswalk fit remains unweighted.",37.065143072892205,0.9098056369484916,vs,vsrev,False,10000.0,whole_cohort_subject_grouped_5fold_oof,1296
unweighted_primary,1.7604760724026836,1.1450381679389277,0.7240919806654118,5.5401341660883645,89.25514688873467,8646,0.7552376085845682,88.11010872079575,0.9687642647538312,False,542.0,7080.0,0.679311232251907,0.6154379044637559,-0.0447807484135047,-0.035547010125061,2.153233969187468,-0.0458135248149347,1.5377960647237074,0.0008331058295706,8066.0,5.5045871559633035,daily_steps,151.0,293.0,91.40838085792214,subjects,isotonic,8066,0.7094240837696335,"Mapped source is the grouped five-fold OOF isotonic prediction on the target algorithm scale. Positive/negative agreement are symmetric: 2a/(2a+b+c) and 2d/(2d+b+c). Cohen kappa uses the observed agreement minus agreement expected from the mapped/target marginals, divided by one minus expected agreement; every cell and marginal is WTMEC4YR-weighted in the weighted sensitivity. Attainment difference is mapped minus observed target percentage points. WTMEC4YR changes evaluation weights only; the D7 headline crosswalk fit remains unweighted.",89.64790478551946,0.9695973705834018,vsrev,acti,False,7000.0,whole_cohort_subject_grouped_5fold_oof,1296
WTMEC4YR_weighted_sensitivity,2.434195191368471,2.028582211352526,0.680976990418832,5.503491905633353,91.49236809338989,8646,0.7110094306301329,89.46378588203736,0.9695865999319332,False,8869701.6311235,151020314.2351635,0.6381801305199345,0.4056129800159458,-0.0427968598988974,-0.2338013649754557,1.834837031075594,-0.0449614179278682,1.4292240510596486,0.0018080130913373,168784433.17543602,5.269690540657897,daily_steps,2392937.376507,6501479.932642,93.32720512446548,WTMEC4YR,isotonic,8066,0.6660480127022647,"Mapped source is the grouped five-fold OOF isotonic prediction on the target algorithm scale. Positive/negative agreement are symmetric: 2a/(2a+b+c) and 2d/(2d+b+c). Cohen kappa uses the observed agreement minus agreement expected from the mapped/target marginals, divided by one minus expected agreement; every cell and marginal is WTMEC4YR-weighted in the weighted sensitivity. Attainment difference is mapped minus observed target percentage points. WTMEC4YR changes evaluation weights only; the D7 headline crosswalk fit remains unweighted.",90.893009933097,0.9713946130232708,vsrev,acti,False,7000.0,whole_cohort_subject_grouped_5fold_oof,1296
unweighted_primary,2.194396231093476,0.8558871154290992,0.7548540460802555,6.893361091834374,83.50682396483923,8646,0.7963089542036911,82.65093684941013,0.9585131560629264,False,895.0,6630.0,0.7289746489755434,1.338509115664377,-0.0258793971047121,-0.1861952103565656,3.140832866303839,-0.0283981862929231,1.8023237506394592,0.0022867859702596,8066.0,6.707165881477809,daily_steps,182.0,359.0,86.64765683114307,subjects,isotonic,8066,0.767910767910768,"Mapped source is the grouped five-fold OOF isotonic prediction on the target algorithm scale. Positive/negative agreement are symmetric: 2a/(2a+b+c) and 2d/(2d+b+c). Cohen kappa uses the observed agreement minus agreement expected from the mapped/target marginals, divided by one minus expected agreement; every cell and marginal is WTMEC4YR-weighted in the weighted sensitivity. Attainment difference is mapped minus observed target percentage points. WTMEC4YR changes evaluation weights only; the D7 headline crosswalk fit remains unweighted.",84.45326060004959,0.960799942033186,vsrev,acti,False,8000.0,whole_cohort_subject_grouped_5fold_oof,1296
WTMEC4YR_weighted_sensitivity,2.7354502681109394,1.3535748102984524,0.7419685660756444,6.541024420265621,85.7904895205429,8646,0.7803004994603265,84.43691471024445,0.9615747860937974,False,15886536.6616095,142215137.8346855,0.7126694585265039,1.381875457812487,-0.0292991075491405,-0.2117922285520368,3.0002961400034565,-0.0319210230799597,1.6184206821909584,0.0022263428440547,168784433.17543602,6.329232191713584,daily_steps,3032872.2246569996,7649886.454483999,88.79078566054636,WTMEC4YR,isotonic,8066,0.7483794763803668,"Mapped source is the grouped five-fold OOF isotonic prediction on the target algorithm scale. Positive/negative agreement are symmetric: 2a/(2a+b+c) and 2d/(2d+b+c). Cohen kappa uses the observed agreement minus agreement expected from the mapped/target marginals, divided by one minus expected agreement; every cell and marginal is WTMEC4YR-weighted in the weighted sensitivity. Attainment difference is mapped minus observed target percentage points. WTMEC4YR changes evaluation weights only; the D7 headline crosswalk fit remains unweighted.",86.05533539243541,0.9638011289378522,vsrev,acti,False,8000.0,whole_cohort_subject_grouped_5fold_oof,1296
unweighted_primary,0.9918175055789736,1.191302336340494,0.7541376079753774,10.929909784871615,67.25653481378671,8646,0.8360797918473547,66.06523247744622,0.9180185651080072,False,2083.0,5097.0,0.7446892032089995,-0.1994848307615204,-0.0094484047663779,0.0544690894155142,1.9227362003466908,-0.011455880525106,2.122221031108211,0.0020175359750251,8066.0,10.984378874287133,daily_steps,403.0,483.0,69.1792710141334,subjects,isotonic,8066,0.8246239113222487,"Mapped source is the grouped five-fold OOF isotonic prediction on the target algorithm scale. Positive/negative agreement are symmetric: 2a/(2a+b+c) and 2d/(2d+b+c). Cohen kappa uses the observed agreement minus agreement expected from the mapped/target marginals, divided by one minus expected agreement; every cell and marginal is WTMEC4YR-weighted in the weighted sensitivity. Attainment difference is mapped minus observed target percentage points. WTMEC4YR changes evaluation weights only; the D7 headline crosswalk fit remains unweighted.",68.18745350855443,0.9200361010830324,vsrev,acti,False,10000.0,whole_cohort_subject_grouped_5fold_oof,1296
WTMEC4YR_weighted_sensitivity,1.958232839882834,2.2051183300882737,0.7515145255748759,10.675804457027876,69.89194134996399,8646,0.8289715935730434,67.68682301987572,0.9224022362322636,False,40471790.8716595,110834801.502665,0.7494506607078523,-0.2468854902054396,-0.0020638648670235,-0.3206784111650567,1.931221320933986,-0.0065532658275919,2.178106811139415,0.0045138096893579,168784433.17543602,10.35512604586282,daily_steps,7086324.30103,10391516.5000815,71.82316267089797,WTMEC4YR,isotonic,8066,0.8224183277454514,"Mapped source is the grouped five-fold OOF isotonic prediction on the target algorithm scale. Positive/negative agreement are symmetric: 2a/(2a+b+c) and 2d/(2d+b+c). Cohen kappa uses the observed agreement minus agreement expected from the mapped/target marginals, divided by one minus expected agreement; every cell and marginal is WTMEC4YR-weighted in the weighted sensitivity. Attainment difference is mapped minus observed target percentage points. WTMEC4YR changes evaluation weights only; the D7 headline crosswalk fit remains unweighted.",69.86492983101513,0.9269160459216216,vsrev,acti,False,10000.0,whole_cohort_subject_grouped_5fold_oof,1296
unweighted_primary,-1.3265559137118772,-1.4226231783483692,-0.0002295229439581,1.4457552625491557,0.0115660421003932,8646,0.9927185879885828,1.4341892204487623,0.0,True,7931.0,4.0,0.0542337442872498,0.0960672646364919,0.054463267231208,0.1783459028364136,0.1867974590154014,-0.0009096715876573,0.0907301943789093,0.0575539568345323,8066.0,1.6241011653855693,daily_steps,119.0,12.0,0.1983635011157947,subjects,isotonic,8066,0.9918089164009254,"Mapped source is the grouped five-fold OOF isotonic prediction on the target algorithm scale. Positive/negative agreement are symmetric: 2a/(2a+b+c) and 2d/(2d+b+c). Cohen kappa uses the observed agreement minus agreement expected from the mapped/target marginals, divided by one minus expected agreement; every cell and marginal is WTMEC4YR-weighted in the weighted sensitivity. Attainment difference is mapped minus observed target percentage points. WTMEC4YR changes evaluation weights only; the D7 headline crosswalk fit remains unweighted.",1.524919414827672,0.0575539568345323,vsrev,adept,True,7000.0,whole_cohort_subject_grouped_5fold_oof,1296
WTMEC4YR_weighted_sensitivity,-1.2016160148995685,-1.2486185274401698,-0.0001724292724039,1.2659774942846544,0.0086794834222422,8646,0.993629789814936,1.257298010862412,0.0,True,166274692.1839425,84561.327731,0.0623881373145705,0.0470025125406015,0.0625605665869744,0.1708728230913245,0.159037861382455,-0.0008696818072526,0.1120353488418535,0.0651900336397783,168784433.17543602,1.436850317375979,daily_steps,2226660.2217279994,198519.4420345,0.1677173448046973,WTMEC4YR,isotonic,8066,0.9927601080076832,"Mapped source is the grouped five-fold OOF isotonic prediction on the target algorithm scale. Positive/negative agreement are symmetric: 2a/(2a+b+c) and 2d/(2d+b+c). Cohen kappa uses the observed agreement minus agreement expected from the mapped/target marginals, divided by one minus expected agreement; every cell and marginal is WTMEC4YR-weighted in the weighted sensitivity. Attainment difference is mapped minus observed target percentage points. WTMEC4YR changes evaluation weights only; the D7 headline crosswalk fit remains unweighted.",1.3693333597042656,0.0651900336397783,vsrev,adept,True,7000.0,whole_cohort_subject_grouped_5fold_oof,1296
unweighted_primary,-0.8554425985618647,-0.7864908628267407,0.0,0.7864908628267407,0.0,8646,0.9960520204366,0.7864908628267407,0.0,True,7997.0,0.0,0.0,-0.0689517357351239,0.0,0.0689517357351239,0.0,-0.0003476065662147,0.0689517357351239,0.0,8066.0,0.8554425985618647,daily_steps,69.0,0.0,0.0,subjects,isotonic,8066,0.9957044138703852,"Mapped source is the grouped five-fold OOF isotonic prediction on the target algorithm scale. Positive/negative agreement are symmetric: 2a/(2a+b+c) and 2d/(2d+b+c). Cohen kappa uses the observed agreement minus agreement expected from the mapped/target marginals, divided by one minus expected agreement; every cell and marginal is WTMEC4YR-weighted in the weighted sensitivity. Attainment difference is mapped minus observed target percentage points. WTMEC4YR changes evaluation weights only; the D7 headline crosswalk fit remains unweighted.",0.8554425985618647,0.0,vsrev,adept,True,8000.0,whole_cohort_subject_grouped_5fold_oof,1296
WTMEC4YR_weighted_sensitivity,-0.6876683993446728,-0.636989421559268,-1.742922232377863e-14,0.636989421559268,0.0,8646,0.99680487659315,0.636989421559268,0.0,True,167623755.9654755,0.0,-1.6144743973740246e-14,-0.0506789777854048,1.2844783500383878e-15,0.0506789777854048,0.0,-0.0002550815745582,0.0506789777854048,0.0,168784433.17543602,0.6876683993446728,daily_steps,1160677.2099604998,0.0,0.0,WTMEC4YR,isotonic,8066,0.9965497950185916,"Mapped source is the grouped five-fold OOF isotonic prediction on the target algorithm scale. Positive/negative agreement are symmetric: 2a/(2a+b+c) and 2d/(2d+b+c). Cohen kappa uses the observed agreement minus agreement expected from the mapped/target marginals, divided by one minus expected agreement; every cell and marginal is WTMEC4YR-weighted in the weighted sensitivity. Attainment difference is mapped minus observed target percentage points. WTMEC4YR changes evaluation weights only; the D7 headline crosswalk fit remains unweighted.",0.6876683993446728,0.0,vsrev,adept,True,8000.0,whole_cohort_subject_grouped_5fold_oof,1296
unweighted_primary,-0.223158938755269,-0.1966227157066851,0.0,0.1966227157066851,0.0,8646,0.999015918958032,0.1966227157066851,0.0,True,8048.0,0.0,0.0,-0.0265362230485838,0.0,0.0265362230485838,0.0,-0.0001329600403205,0.0265362230485838,0.0,8066.0,0.223158938755269,daily_steps,18.0,0.0,0.0,subjects,isotonic,8066,0.9988829589177112,"Mapped source is the grouped five-fold OOF isotonic prediction on the target algorithm scale. Positive/negative agreement are symmetric: 2a/(2a+b+c) and 2d/(2d+b+c). Cohen kappa uses the observed agreement minus agreement expected from the mapped/target marginals, divided by one minus expected agreement; every cell and marginal is WTMEC4YR-weighted in the weighted sensitivity. Attainment difference is mapped minus observed target percentage points. WTMEC4YR changes evaluation weights only; the D7 headline crosswalk fit remains unweighted.",0.223158938755269,0.0,vsrev,adept,True,10000.0,whole_cohort_subject_grouped_5fold_oof,1296
WTMEC4YR_weighted_sensitivity,-0.145966105721031,-0.1567044574581063,-7.084820959365515e-14,0.1567044574581063,0.0,8646,0.9992158633241476,0.1567044574581063,0.0,True,168538065.1112665,0.0,-1.5212066104538228e-13,0.0107383517370752,-8.127245145172712e-14,-0.0107383517370752,0.0,5.3773105616605754e-05,-0.0107383517370752,0.0,168784433.17543602,0.145966105721031,daily_steps,246368.0641695,0.0,0.0,WTMEC4YR,isotonic,8066,0.9992696364297642,"Mapped source is the grouped five-fold OOF isotonic prediction on the target algorithm scale. Positive/negative agreement are symmetric: 2a/(2a+b+c) and 2d/(2d+b+c). Cohen kappa uses the observed agreement minus agreement expected from the mapped/target marginals, divided by one minus expected agreement; every cell and marginal is WTMEC4YR-weighted in the weighted sensitivity. Attainment difference is mapped minus observed target percentage points. WTMEC4YR changes evaluation weights only; the D7 headline crosswalk fit remains unweighted.",0.145966105721031,0.0,vsrev,adept,True,10000.0,whole_cohort_subject_grouped_5fold_oof,1296
unweighted_primary,0.4835110339697523,-0.1040943789035298,0.8739138445137562,4.198473282442748,78.84570899838076,8646,0.9005206906001644,78.94980337728428,0.9733929487649344,False,1390.0,6335.0,0.8645366286148646,0.5876054128732822,-0.0093772158988916,0.0291488350876267,2.0494063004042715,-0.0097805432115068,1.461800887530984,0.0003984585058364,8066.0,4.227622117530375,daily_steps,151.0,190.0,80.89511529878503,subjects,isotonic,8066,0.8907401473886575,"Mapped source is the grouped five-fold OOF isotonic prediction on the target algorithm scale. Positive/negative agreement are symmetric: 2a/(2a+b+c) and 2d/(2d+b+c). Cohen kappa uses the observed agreement minus agreement expected from the mapped/target marginals, divided by one minus expected agreement; every cell and marginal is WTMEC4YR-weighted in the weighted sensitivity. Attainment difference is mapped minus observed target percentage points. WTMEC4YR changes evaluation weights only; the D7 headline crosswalk fit remains unweighted.",80.41160426481527,0.9737914072707708,vsrev,oak,False,7000.0,whole_cohort_subject_grouped_5fold_oof,1296
WTMEC4YR_weighted_sensitivity,0.6154351918721157,-0.1286454612054677,0.8622830573882798,4.181548625748048,81.26994464555236,8646,0.8879886284129495,81.39859010675782,0.9742940536587784,False,25114309.838690996,136527238.5333245,0.8500154236868143,0.7440806530775834,-0.0122676337014655,0.0504084742269963,2.0422765644195664,-0.0124909378444658,1.298195911341992,0.0002136120960021,168784433.17543602,4.231957099975045,daily_steps,3052063.0016284995,4090821.801792,83.31222120997192,WTMEC4YR,isotonic,8066,0.8754976905684836,"Mapped source is the grouped five-fold OOF isotonic prediction on the target algorithm scale. Positive/negative agreement are symmetric: 2a/(2a+b+c) and 2d/(2d+b+c). Cohen kappa uses the observed agreement minus agreement expected from the mapped/target marginals, divided by one minus expected agreement; every cell and marginal is WTMEC4YR-weighted in the weighted sensitivity. Attainment difference is mapped minus observed target percentage points. WTMEC4YR changes evaluation weights only; the D7 headline crosswalk fit remains unweighted.",82.69678601809981,0.9745076657547804,vsrev,oak,False,7000.0,whole_cohort_subject_grouped_5fold_oof,1296
unweighted_primary,1.0786015373171365,-0.3007170946102255,0.8725207537797188,5.089058524173027,72.29932916955818,8646,0.9076406381192276,72.60004626416841,0.9648786717752236,False,1836.0,5835.0,0.8701575134886914,1.379318631927362,-0.0023632402910274,-0.1919595903768458,3.0292103791648657,-0.0047638247432747,1.64989174723749,0.0023819995882244,8066.0,4.897098933796181,daily_steps,154.0,241.0,75.32853954872304,subjects,isotonic,8066,0.9028768133759528,"Mapped source is the grouped five-fold OOF isotonic prediction on the target algorithm scale. Positive/negative agreement are symmetric: 2a/(2a+b+c) and 2d/(2d+b+c). Cohen kappa uses the observed agreement minus agreement expected from the mapped/target marginals, divided by one minus expected agreement; every cell and marginal is WTMEC4YR-weighted in the weighted sensitivity. Attainment difference is mapped minus observed target percentage points. WTMEC4YR changes evaluation weights only; the D7 headline crosswalk fit remains unweighted.",74.2499380114059,0.967260671363448,vsrev,oak,False,8000.0,whole_cohort_subject_grouped_5fold_oof,1296
WTMEC4YR_weighted_sensitivity,1.190026620567397,-0.2660127340667451,0.873580791521955,4.73564773661012,74.90743981263225,8646,0.905133565874242,75.173452546699,0.9684460315889396,False,34401713.8615955,126825281.486169,0.8721231832232805,1.456039354634142,-0.0014576082986744,-0.2580797017569098,3.066747597346904,-0.0041036046912802,1.6107082427127466,0.0026213254425254,168784433.17543602,4.47756803485321,daily_steps,2774429.070755,4783008.7569165,77.97418740997915,WTMEC4YR,isotonic,8066,0.9010299611829616,"Mapped source is the grouped five-fold OOF isotonic prediction on the target algorithm scale. Positive/negative agreement are symmetric: 2a/(2a+b+c) and 2d/(2d+b+c). Cohen kappa uses the observed agreement minus agreement expected from the mapped/target marginals, divided by one minus expected agreement; every cell and marginal is WTMEC4YR-weighted in the weighted sensitivity. Attainment difference is mapped minus observed target percentage points. WTMEC4YR changes evaluation weights only; the D7 headline crosswalk fit remains unweighted.",76.78416078941174,0.971067357031465,vsrev,oak,False,8000.0,whole_cohort_subject_grouped_5fold_oof,1296
unweighted_primary,1.388544507810563,1.3879250520471895,0.8604045729154526,6.777700670830441,59.22970159611381,8646,0.9182705718270572,57.841776544066626,0.9421063031021536,False,2931.0,4579.0,0.8561606142797514,0.0006194557633731,-0.0042439586357011,0.1154309929434251,1.6802909652548976,-0.0049019211570665,1.67967150949152,0.0006567193396828,8066.0,6.893131663773866,daily_steps,222.0,334.0,60.90999256136871,subjects,isotonic,8066,0.9133686506699906,"Mapped source is the grouped five-fold OOF isotonic prediction on the target algorithm scale. Positive/negative agreement are symmetric: 2a/(2a+b+c) and 2d/(2d+b+c). Cohen kappa uses the observed agreement minus agreement expected from the mapped/target marginals, divided by one minus expected agreement; every cell and marginal is WTMEC4YR-weighted in the weighted sensitivity. Attainment difference is mapped minus observed target percentage points. WTMEC4YR changes evaluation weights only; the D7 headline crosswalk fit remains unweighted.",59.521448053558146,0.9427630224418364,vsrev,oak,False,10000.0,whole_cohort_subject_grouped_5fold_oof,1296
WTMEC4YR_weighted_sensitivity,1.4160184702248555,1.5616199526306662,0.8578143944218997,6.772011096612007,61.69920713035547,8646,0.9133606274632098,60.1375871777248,0.944417356554145,False,57272265.7350085,100143837.965293,0.8560322314658486,-0.1456014824058105,-0.001782162956051,-0.0365976101572709,1.708898737994275,-0.0036479054251219,1.854500220400084,0.0018712949143417,168784433.17543602,6.735413486454736,daily_steps,4489155.363253,6879174.1118815,63.40810586834974,WTMEC4YR,isotonic,8066,0.9097127220380878,"Mapped source is the grouped five-fold OOF isotonic prediction on the target algorithm scale. Positive/negative agreement are symmetric: 2a/(2a+b+c) and 2d/(2d+b+c). Cohen kappa uses the observed agreement minus agreement expected from the mapped/target marginals, divided by one minus expected agreement; every cell and marginal is WTMEC4YR-weighted in the weighted sensitivity. Attainment difference is mapped minus observed target percentage points. WTMEC4YR changes evaluation weights only; the D7 headline crosswalk fit remains unweighted.",61.99208739812489,0.9462886514684868,vsrev,oak,False,10000.0,whole_cohort_subject_grouped_5fold_oof,1296
unweighted_primary,2.7646912968013915,2.960906777700667,0.7779774558577514,8.0499653018737,77.735368956743,8646,0.8304919629810034,74.77446217904233,0.9472167450326104,False,1510.0,5917.0,0.7743773063275791,-0.1962154808992755,-0.0036001495301722,-0.1278229760616485,0.965350110948549,-0.005129842182971,1.1615655918478325,0.0015525967456306,8066.0,7.922142325812051,daily_steps,208.0,431.0,78.70071906769155,subjects,isotonic,8066,0.8253621207980323,"Mapped source is the grouped five-fold OOF isotonic prediction on the target algorithm scale. Positive/negative agreement are symmetric: 2a/(2a+b+c) and 2d/(2d+b+c). Cohen kappa uses the observed agreement minus agreement expected from the mapped/target marginals, divided by one minus expected agreement; every cell and marginal is WTMEC4YR-weighted in the weighted sensitivity. Attainment difference is mapped minus observed target percentage points. WTMEC4YR changes evaluation weights only; the D7 headline crosswalk fit remains unweighted.",75.93602777089016,0.948769341778241,vsrev,scrf,False,7000.0,whole_cohort_subject_grouped_5fold_oof,1296
WTMEC4YR_weighted_sensitivity,3.0074985229148976,3.1429188713662293,0.7728234263697303,7.599145387212045,80.38031044764176,8646,0.8207000150982747,77.23739157627554,0.9517874877654356,False,27620317.056851,128292644.37552352,0.7635888879560945,-0.1354203484513316,-0.0092345384136358,0.0268373535557486,0.9461912515457698,-0.0096748174649727,1.0816115999971032,0.0004442850820562,168784433.17543602,7.625982740767793,daily_steps,3897641.2042,8973830.5388615,81.32650169918753,WTMEC4YR,isotonic,8066,0.8110251976333019,"Mapped source is the grouped five-fold OOF isotonic prediction on the target algorithm scale. Positive/negative agreement are symmetric: 2a/(2a+b+c) and 2d/(2d+b+c). Cohen kappa uses the observed agreement minus agreement expected from the mapped/target marginals, divided by one minus expected agreement; every cell and marginal is WTMEC4YR-weighted in the weighted sensitivity. Attainment difference is mapped minus observed target percentage points. WTMEC4YR changes evaluation weights only; the D7 headline crosswalk fit remains unweighted.",78.31900317627264,0.952231772847492,vsrev,scrf,False,7000.0,whole_cohort_subject_grouped_5fold_oof,1296
unweighted_primary,1.7852715100421523,1.538283599352297,0.7937695362564523,8.80175803839926,69.91672449687717,8646,0.857357075913777,68.37844089752487,0.9363552730618048,False,2008.0,5352.0,0.7886928596274096,0.2469879106898553,-0.0050766766290426,-0.048968551664819,1.7048971247444626,-0.0068699941687536,1.4579092140545953,0.0017691791730769,8066.0,8.752789486734441,daily_steps,281.0,425.0,71.62162162162163,subjects,isotonic,8066,0.8504870817450233,"Mapped source is the grouped five-fold OOF isotonic prediction on the target algorithm scale. Positive/negative agreement are symmetric: 2a/(2a+b+c) and 2d/(2d+b+c). Cohen kappa uses the observed agreement minus agreement expected from the mapped/target marginals, divided by one minus expected agreement; every cell and marginal is WTMEC4YR-weighted in the weighted sensitivity. Attainment difference is mapped minus observed target percentage points. WTMEC4YR changes evaluation weights only; the D7 headline crosswalk fit remains unweighted.",69.83635011157946,0.9381244522348816,vsrev,scrf,False,8000.0,whole_cohort_subject_grouped_5fold_oof,1296
WTMEC4YR_weighted_sensitivity,2.08071559873989,1.7808477501164988,0.7933201579625174,8.375326093536732,72.67650784986951,8646,0.8515745548037458,70.89566009975302,0.9416646957892596,False,38183470.189993,116451046.501067,0.7865191398731894,0.2998678486233919,-0.0068010180893279,0.0080989760420813,1.549511932238488,-0.0078981057372411,1.2496440836150953,0.0010602530432304,168784433.17543602,8.383425069578813,daily_steps,5318996.227525,8830920.256851,74.226019782108,WTMEC4YR,isotonic,8066,0.8436764490665046,"Mapped source is the grouped five-fold OOF isotonic prediction on the target algorithm scale. Positive/negative agreement are symmetric: 2a/(2a+b+c) and 2d/(2d+b+c). Cohen kappa uses the observed agreement minus agreement expected from the mapped/target marginals, divided by one minus expected agreement; every cell and marginal is WTMEC4YR-weighted in the weighted sensitivity. Attainment difference is mapped minus observed target percentage points. WTMEC4YR changes evaluation weights only; the D7 headline crosswalk fit remains unweighted.",72.14530418336811,0.94272494883249,vsrev,scrf,False,8000.0,whole_cohort_subject_grouped_5fold_oof,1296
unweighted_primary,1.239771881973717,2.0471894517696043,0.7664085728942216,11.577608142493638,55.806153134397405,8646,0.8719785138764548,53.7589636826278,0.8943312572574686,False,3075.0,4067.0,0.7674078568939517,-0.8074175697958874,0.0009992839997301,-0.1221159530564932,0.96300134117908,-0.0025976826635624,1.7704189109749675,0.0036594691722068,8066.0,11.455492189437145,daily_steps,412.0,512.0,56.769154475576485,subjects,isotonic,8066,0.8693808312128923,"Mapped source is the grouped five-fold OOF isotonic prediction on the target algorithm scale. Positive/negative agreement are symmetric: 2a/(2a+b+c) and 2d/(2d+b+c). Cohen kappa uses the observed agreement minus agreement expected from the mapped/target marginals, divided by one minus expected agreement; every cell and marginal is WTMEC4YR-weighted in the weighted sensitivity. Attainment difference is mapped minus observed target percentage points. WTMEC4YR changes evaluation weights only; the D7 headline crosswalk fit remains unweighted.",55.52938259360277,0.8979907264296755,vsrev,scrf,False,10000.0,whole_cohort_subject_grouped_5fold_oof,1296
WTMEC4YR_weighted_sensitivity,0.8934502671093858,1.6604977690198974,0.761724016451027,11.674099743948071,57.97083786227477,8646,0.863809377386315,56.31034009325487,0.8978475725154773,False,59836290.9534775,89152881.2092135,0.7581605925834368,-0.7670475019105116,-0.0035634238675902,0.0540321935331729,1.1605122998404769,-0.0057436082336531,1.927559801750988,0.0022273454739158,168784433.17543602,11.728131937481244,daily_steps,9143628.02185,10651632.990895,59.13135016211525,WTMEC4YR,isotonic,8066,0.8580657691526619,"Mapped source is the grouped five-fold OOF isotonic prediction on the target algorithm scale. Positive/negative agreement are symmetric: 2a/(2a+b+c) and 2d/(2d+b+c). Cohen kappa uses the observed agreement minus agreement expected from the mapped/target marginals, divided by one minus expected agreement; every cell and marginal is WTMEC4YR-weighted in the weighted sensitivity. Attainment difference is mapped minus observed target percentage points. WTMEC4YR changes evaluation weights only; the D7 headline crosswalk fit remains unweighted.",58.23789989500586,0.9000749179893932,vsrev,scrf,False,10000.0,whole_cohort_subject_grouped_5fold_oof,1296
unweighted_primary,7.686585668237045,5.852417302798973,0.6330154878304878,16.747628961369422,67.98519546611149,8646,0.7603442568685865,62.13277816331251,0.8712888888888889,False,1959.0,4725.0,0.6142432778489118,1.834168365438072,-0.018772209981576,0.3860184475073467,3.004142495703533,-0.0210989738497185,1.1699741302654658,0.0011261775808304,8066.0,17.13364740887677,daily_steps,381.0,1001.0,70.98933796181502,subjects,isotonic,8066,0.7392452830188679,"Mapped source is the grouped five-fold OOF isotonic prediction on the target algorithm scale. Positive/negative agreement are symmetric: 2a/(2a+b+c) and 2d/(2d+b+c). Cohen kappa uses the observed agreement minus agreement expected from the mapped/target marginals, divided by one minus expected agreement; every cell and marginal is WTMEC4YR-weighted in the weighted sensitivity. Attainment difference is mapped minus observed target percentage points. WTMEC4YR changes evaluation weights only; the D7 headline crosswalk fit remains unweighted.",63.30275229357798,0.8724150664697193,vsrev,scssl,False,7000.0,whole_cohort_subject_grouped_5fold_oof,1296
WTMEC4YR_weighted_sensitivity,8.117364785804448,6.158019438827711,0.6252045170988522,16.461722114705047,70.78173028725487,8646,0.745153114997144,64.62371084842717,0.8784264356244762,False,37045415.268563,103374411.1353705,0.6055830777712526,1.959345346976736,-0.0196214393275995,0.3435046694617618,2.9259785647001593,-0.0220013479128773,0.9666332177234124,0.0009313412279632,168784433.17543602,16.80522678416681,daily_steps,7331879.3145,21032727.4570025,73.70770885195503,WTMEC4YR,isotonic,8066,0.7231517670842667,"Mapped source is the grouped five-fold OOF isotonic prediction on the target algorithm scale. Positive/negative agreement are symmetric: 2a/(2a+b+c) and 2d/(2d+b+c). Cohen kappa uses the observed agreement minus agreement expected from the mapped/target marginals, divided by one minus expected agreement; every cell and marginal is WTMEC4YR-weighted in the weighted sensitivity. Attainment difference is mapped minus observed target percentage points. WTMEC4YR changes evaluation weights only; the D7 headline crosswalk fit remains unweighted.",65.59034406615058,0.8793577768524394,vsrev,scssl,False,7000.0,whole_cohort_subject_grouped_5fold_oof,1296
unweighted_primary,3.0622365484750835,2.960906777700667,0.6279351962441898,18.482535276428404,55.771455008096225,8646,0.7978238866396761,52.81054823039556,0.8297827013208351,False,2826.0,3753.0,0.6267114225886026,0.1013297707744165,-0.0012237736555872,-0.0471273914792327,1.5060059390894978,-0.0061163645777626,1.4046761683150777,0.0048664702570587,8066.0,18.43540788494917,daily_steps,620.0,867.0,57.27746094718572,subjects,isotonic,8066,0.7917075220619134,"Mapped source is the grouped five-fold OOF isotonic prediction on the target algorithm scale. Positive/negative agreement are symmetric: 2a/(2a+b+c) and 2d/(2d+b+c). Cohen kappa uses the observed agreement minus agreement expected from the mapped/target marginals, divided by one minus expected agreement; every cell and marginal is WTMEC4YR-weighted in the weighted sensitivity. Attainment difference is mapped minus observed target percentage points. WTMEC4YR changes evaluation weights only; the D7 headline crosswalk fit remains unweighted.",54.21522439871064,0.8346491715778939,vsrev,scssl,False,8000.0,whole_cohort_subject_grouped_5fold_oof,1296
WTMEC4YR_weighted_sensitivity,3.034473212274813,2.485833481586719,0.6213758879642302,18.60869280256285,57.886330404525395,8646,0.7853994701262192,55.40049692293868,0.8357382474065319,False,54793873.80762,82162552.5971385,0.6130379939992595,0.5486397306880941,-0.0083378939649706,0.2485004657258152,1.7384900215817185,-0.0104663794595333,1.1898502908936237,0.0020007185887461,168784433.17543602,18.857193268288665,daily_steps,13353144.1797395,18474862.590938,59.624820426107114,WTMEC4YR,isotonic,8066,0.7749330906666859,"Mapped source is the grouped five-fold OOF isotonic prediction on the target algorithm scale. Positive/negative agreement are symmetric: 2a/(2a+b+c) and 2d/(2d+b+c). Cohen kappa uses the observed agreement minus agreement expected from the mapped/target marginals, divided by one minus expected agreement; every cell and marginal is WTMEC4YR-weighted in the weighted sensitivity. Attainment difference is mapped minus observed target percentage points. WTMEC4YR changes evaluation weights only; the D7 headline crosswalk fit remains unweighted.",56.5903472138323,0.8377389659952781,vsrev,scssl,False,8000.0,whole_cohort_subject_grouped_5fold_oof,1296
unweighted_primary,0.8926357550210762,0.2313208420078649,0.6058087093673755,17.973629424011104,35.2764284061994,8646,0.8613985016054228,35.04510756419153,0.7444078947368421,False,4364.0,2246.0,0.6122756539097244,0.6613149130132112,0.0064669445423488,0.0774491775262156,2.04070524120948,-0.0043678653131996,1.3793903281962727,0.0108039411743885,8066.0,18.05107860153732,daily_steps,692.0,764.0,37.31713364740888,subjects,isotonic,8066,0.8570306362922231,"Mapped source is the grouped five-fold OOF isotonic prediction on the target algorithm scale. Positive/negative agreement are symmetric: 2a/(2a+b+c) and 2d/(2d+b+c). Cohen kappa uses the observed agreement minus agreement expected from the mapped/target marginals, divided by one minus expected agreement; every cell and marginal is WTMEC4YR-weighted in the weighted sensitivity. Attainment difference is mapped minus observed target percentage points. WTMEC4YR changes evaluation weights only; the D7 headline crosswalk fit remains unweighted.",36.424497892387805,0.7552118359112306,vsrev,scssl,False,10000.0,whole_cohort_subject_grouped_5fold_oof,1296
WTMEC4YR_weighted_sensitivity,0.3880395301779638,-0.399744906750471,0.5954883823119895,18.66458002297683,35.90808744094906,8646,0.8539365780768142,36.30783234769953,0.7415447995732561,False,88524992.60868901,48584939.3499645,0.6024183224407262,0.7877844369284348,0.0069299401287367,0.1016655488880502,2.454256704738903,-0.00568926295777,1.6664722678104695,0.0126198660702298,168784433.17543602,18.76624557186488,daily_steps,15509775.447637498,16164725.769145,38.36234414568796,WTMEC4YR,isotonic,8066,0.8482473151190442,"Mapped source is the grouped five-fold OOF isotonic prediction on the target algorithm scale. Positive/negative agreement are symmetric: 2a/(2a+b+c) and 2d/(2d+b+c). Cohen kappa uses the observed agreement minus agreement expected from the mapped/target marginals, divided by one minus expected agreement; every cell and marginal is WTMEC4YR-weighted in the weighted sensitivity. Attainment difference is mapped minus observed target percentage points. WTMEC4YR changes evaluation weights only; the D7 headline crosswalk fit remains unweighted.",37.97430461551,0.7541646656434859,vsrev,scssl,False,10000.0,whole_cohort_subject_grouped_5fold_oof,1296
unweighted_primary,1.4877262583684605,0.7864908628267386,0.8827137309894025,5.0196622715706685,69.37312051815869,8646,0.919090231170768,68.58662965533195,0.9636150234741784,False,2175.0,5509.0,0.885794748624887,0.7012353955417217,0.0030810176354845,-0.2837336824310696,2.037739883527408,0.000182803486882,1.3365044879856924,0.002876204595997,8066.0,4.735928589139599,daily_steps,131.0,251.0,71.4108604016861,subjects,isotonic,8066,0.91927303465765,"Mapped source is the grouped five-fold OOF isotonic prediction on the target algorithm scale. Positive/negative agreement are symmetric: 2a/(2a+b+c) and 2d/(2d+b+c). Cohen kappa uses the observed agreement minus agreement expected from the mapped/target marginals, divided by one minus expected agreement; every cell and marginal is WTMEC4YR-weighted in the weighted sensitivity. Attainment difference is mapped minus observed target percentage points. WTMEC4YR changes evaluation weights only; the D7 headline crosswalk fit remains unweighted.",69.92313414331764,0.9664912280701754,vsrev,vs,False,7000.0,whole_cohort_subject_grouped_5fold_oof,1296
WTMEC4YR_weighted_sensitivity,2.3811272719994503,1.444972992686755,0.8713614372545183,5.250009426090509,72.16816591529911,8646,0.908069789102674,70.72319292261236,0.9632587339865258,False,41509030.31992,118756058.708555,0.8723949268298368,0.9361542793126952,0.0010334895753184,-0.2025391193318766,1.9057368223415097,-0.001139329000635,0.9695825430288068,0.0021142142827652,168784433.17543602,5.047470306758632,daily_steps,2250185.9888655,6269158.1580955,74.07390273764062,WTMEC4YR,isotonic,8066,0.9069304601020388,"Mapped source is the grouped five-fold OOF isotonic prediction on the target algorithm scale. Positive/negative agreement are symmetric: 2a/(2a+b+c) and 2d/(2d+b+c). Cohen kappa uses the observed agreement minus agreement expected from the mapped/target marginals, divided by one minus expected agreement; every cell and marginal is WTMEC4YR-weighted in the weighted sensitivity. Attainment difference is mapped minus observed target percentage points. WTMEC4YR changes evaluation weights only; the D7 headline crosswalk fit remains unweighted.",71.69277546564116,0.9653729482692912,vsrev,vs,False,7000.0,whole_cohort_subject_grouped_5fold_oof,1296
unweighted_primary,1.214976444334248,1.040943789035398,0.8759297110443031,5.991209808003701,59.78487161693269,8646,0.9264622373651334,58.74392782789729,0.9494535519125684,False,2906.0,4688.0,0.876979184364811,0.1740326552988502,0.0010494733205079,-0.139486525087757,1.868984073620247,-0.0015736313816834,1.694951418321402,0.0026179346836948,8066.0,5.851723282915944,daily_steps,187.0,285.0,61.65385569055294,subjects,isotonic,8066,0.92488860598345,"Mapped source is the grouped five-fold OOF isotonic prediction on the target algorithm scale. Positive/negative agreement are symmetric: 2a/(2a+b+c) and 2d/(2d+b+c). Cohen kappa uses the observed agreement minus agreement expected from the mapped/target marginals, divided by one minus expected agreement; every cell and marginal is WTMEC4YR-weighted in the weighted sensitivity. Attainment difference is mapped minus observed target percentage points. WTMEC4YR changes evaluation weights only; the D7 headline crosswalk fit remains unweighted.",60.43887924621869,0.9520714865962632,vsrev,vs,False,8000.0,whole_cohort_subject_grouped_5fold_oof,1296
WTMEC4YR_weighted_sensitivity,2.229665384496904,2.0297124759114604,0.876217264412886,5.874907979274421,62.32668581516854,8646,0.9240735874160888,60.29697333925708,0.9520899309335088,False,57581103.559461,101447173.089365,0.876086974525471,0.1999529085854434,-0.000130289887415,-0.0946613397816866,1.7828492630248365,-0.0021738461922448,1.5828963544393844,0.002031237827006,168784433.17543602,5.780246639492734,daily_steps,2996414.2228389997,6759742.303771,64.10953507819337,WTMEC4YR,isotonic,8066,0.921899741223844,"Mapped source is the grouped five-fold OOF isotonic prediction on the target algorithm scale. Positive/negative agreement are symmetric: 2a/(2a+b+c) and 2d/(2d+b+c). Cohen kappa uses the observed agreement minus agreement expected from the mapped/target marginals, divided by one minus expected agreement; every cell and marginal is WTMEC4YR-weighted in the weighted sensitivity. Attainment difference is mapped minus observed target percentage points. WTMEC4YR changes evaluation weights only; the D7 headline crosswalk fit remains unweighted.",61.87986969369646,0.9541211687605148,vsrev,vs,False,8000.0,whole_cohort_subject_grouped_5fold_oof,1296
unweighted_primary,-1.0290106620381878,0.1387925052047156,0.8638308056315547,6.500115660421003,39.42863752024057,8646,0.9464047301163456,39.28984501503586,0.9174258007640316,False,4534.0,3017.0,0.8676355698302436,-1.1678031672429037,0.0038047641986889,-0.1152904682563615,0.6531874239696975,-0.0001457298032913,1.820990591212592,0.003936239242076,8066.0,6.384825192164642,daily_steps,299.0,216.0,40.08182494421027,subjects,isotonic,8066,0.9462590003130544,"Mapped source is the grouped five-fold OOF isotonic prediction on the target algorithm scale. Positive/negative agreement are symmetric: 2a/(2a+b+c) and 2d/(2d+b+c). Cohen kappa uses the observed agreement minus agreement expected from the mapped/target marginals, divided by one minus expected agreement; every cell and marginal is WTMEC4YR-weighted in the weighted sensitivity. Attainment difference is mapped minus observed target percentage points. WTMEC4YR changes evaluation weights only; the D7 headline crosswalk fit remains unweighted.",41.11083560624845,0.9213620400061078,vsrev,vs,False,10000.0,whole_cohort_subject_grouped_5fold_oof,1296
WTMEC4YR_weighted_sensitivity,-0.2019997310878263,0.8856638345813628,0.8585548470074738,6.793755074195837,40.51080976252061,8646,0.9433211592906756,39.62514592793925,0.915222136983828,False,93374352.140103,64018234.3205525,0.8608028497734938,-1.087663565669189,0.0022480027660199,-0.0444082887966672,0.691855861916558,-0.0008149265057911,1.7795194275857469,0.0030738943086446,168784433.17543602,6.74934678539917,daily_steps,5866395.4079565,5525451.306824001,41.20266562443717,WTMEC4YR,isotonic,8066,0.9425062327848844,"Mapped source is the grouped five-fold OOF isotonic prediction on the target algorithm scale. Positive/negative agreement are symmetric: 2a/(2a+b+c) and 2d/(2d+b+c). Cohen kappa uses the observed agreement minus agreement expected from the mapped/target marginals, divided by one minus expected agreement; every cell and marginal is WTMEC4YR-weighted in the weighted sensitivity. Attainment difference is mapped minus observed target percentage points. WTMEC4YR changes evaluation weights only; the D7 headline crosswalk fit remains unweighted.",41.404665355525,0.9182960312924728,vsrev,vs,False,10000.0,whole_cohort_subject_grouped_5fold_oof,1296
